slide_id,fold,split,label,pred,correct,prob_0,prob_1,final_logit_0,final_logit_1,visual_logit_0,visual_logit_1,visual_residual_alpha,low_visual_logit_0,low_visual_logit_1,high_visual_logit_0,high_visual_logit_1,low_score_0,low_top_concepts_0,low_top_concept_ids_0,low_score_1,low_top_concepts_1,low_top_concept_ids_1,high_score_0,high_top_concepts_0,high_top_concept_ids_0,high_score_1,high_top_concepts_1,high_top_concept_ids_1,selection_reason,narrative_summary,label_name,pred_name,low_margin,high_margin,low_support_class,high_support_class,low_support_class_name,high_support_class_name,low_high_agree,predicted_scale_relation,conflict_type,step16_failure_case,step16_pattern_match,error_direction,step16_expected_conflict_type
2471884-B2,0,test,0,1,0,0.0003292016917839,0.9996708631515504,-2.5684800148010254,5.450030326843262,-5.70262336730957,6.929275989532471,0.0488458909094333,-2.0979042053222656,3.2693517208099365,-3.6047189235687256,3.659924268722534,-0.00010004016601751389,"adeno_mucinous (ev=-0.0320, pw=0.1056, edge=0.0358, rank=1) | adeno_solid (ev=-0.0363, pw=0.1008, edge=-0.0150, rank=2) | adeno_multifocal_glandular_low (ev=-0.0458, pw=0.0915, edge=-0.0085, rank=3) | adeno_desmoplastic_invasion_low (ev=-0.0558, pw=0.0820, edge=-0.0119, rank=4) | adeno_alveolar_replacement_low (ev=-0.0568, pw=0.0827, edge=0.0341, rank=5)","[""adeno_mucinous"", ""adeno_solid"", ""adeno_multifocal_glandular_low"", ""adeno_desmoplastic_invasion_low"", ""adeno_alveolar_replacement_low""]",0.0016856208701578263,"nonadeno_hamartoma_low (ev=0.0894, pw=0.1888, edge=0.0988, rank=1) | nonadeno_fibroinflammatory_low (ev=0.0301, pw=0.1045, edge=0.0128, rank=2) | nonadeno_sarcomatoid_low (ev=0.0188, pw=0.0934, edge=-0.0017, rank=3) | nonadeno_benign_reactive_low (ev=0.0050, pw=0.0809, edge=-0.0000, rank=4) | nonadeno_inflammatory_low (ev=0.0030, pw=0.0794, edge=0.0046, rank=5)","[""nonadeno_hamartoma_low"", ""nonadeno_fibroinflammatory_low"", ""nonadeno_sarcomatoid_low"", ""nonadeno_benign_reactive_low"", ""nonadeno_inflammatory_low""]",0.0016478472434066978,"adeno_papillary_high (ev=0.1192, pw=0.1395, edge=0.0860, rank=1) | adeno_hobnail_high (ev=0.0994, pw=0.1146, edge=0.0259, rank=2) | adeno_acinar_high (ev=0.0947, pw=0.1088, edge=0.0070, rank=3) | adeno_lepidic_high (ev=0.0741, pw=0.0889, edge=0.0005, rank=4) | adeno_fused_glands_high (ev=0.0695, pw=0.0849, edge=0.0387, rank=5)","[""adeno_papillary_high"", ""adeno_hobnail_high"", ""adeno_acinar_high"", ""adeno_lepidic_high"", ""adeno_fused_glands_high""]",0.010022544921048114,"nonadeno_intercellular_bridges_high (ev=0.2741, pw=0.2629, edge=0.1075, rank=1) | nonadeno_keratinization_high (ev=0.2710, pw=0.2547, edge=0.0537, rank=2) | nonadeno_dense_eosinophilic_cytoplasm_high (ev=0.2012, pw=0.1262, edge=0.0460, rank=3) | nonadeno_chondroid_matrix_high (ev=0.1398, pw=0.0673, edge=0.0054, rank=4) | nonadeno_hamartoma_high (ev=0.1293, pw=0.0607, edge=0.0143, rank=5)","[""nonadeno_intercellular_bridges_high"", ""nonadeno_keratinization_high"", ""nonadeno_dense_eosinophilic_cytoplasm_high"", ""nonadeno_chondroid_matrix_high"", ""nonadeno_hamartoma_high""]",,,Adenocarcinoma,NonAdenocarcinoma,-0.00178566103617534,-0.008374697677641416,1,1,NonAdenocarcinoma,NonAdenocarcinoma,1,both_scales_support_predicted,consistent_wrong_class_drift,0,,,
2485275-B2,0,test,0,1,0,0.0006617323379032,0.9993382096290588,-2.74047589302063,4.579511642456055,-5.305952548980713,6.18721866607666,0.0488458909094333,-2.0263006687164307,2.365577220916748,-3.2796518802642822,3.821641445159912,-5.828119931995271e-05,"adeno_mucinous (ev=-0.0172, pw=0.1096, edge=0.0358, rank=1) | adeno_solid (ev=-0.0310, pw=0.0951, edge=-0.0150, rank=2) | adeno_multifocal_glandular_low (ev=-0.0383, pw=0.0884, edge=-0.0085, rank=3) | adeno_alveolar_replacement_low (ev=-0.0431, pw=0.0849, edge=0.0341, rank=4) | adeno_desmoplastic_invasion_low (ev=-0.0441, pw=0.0826, edge=-0.0119, rank=5)","[""adeno_mucinous"", ""adeno_solid"", ""adeno_multifocal_glandular_low"", ""adeno_alveolar_replacement_low"", ""adeno_desmoplastic_invasion_low""]",0.0019492325209446034,"nonadeno_hamartoma_low (ev=0.0947, pw=0.2074, edge=0.0988, rank=1) | nonadeno_fibroinflammatory_low (ev=0.0200, pw=0.0985, edge=0.0128, rank=2) | nonadeno_benign_reactive_low (ev=-0.0032, pw=0.0776, edge=-0.0000, rank=3) | nonadeno_inflammatory_low (ev=-0.0040, pw=0.0772, edge=0.0046, rank=4) | nonadeno_solid_nests_low (ev=-0.0055, pw=0.0752, edge=0.0143, rank=5)","[""nonadeno_hamartoma_low"", ""nonadeno_fibroinflammatory_low"", ""nonadeno_benign_reactive_low"", ""nonadeno_inflammatory_low"", ""nonadeno_solid_nests_low""]",0.0009429344758853437,"adeno_papillary_high (ev=0.0720, pw=0.1384, edge=0.0860, rank=1) | adeno_acinar_high (ev=0.0418, pw=0.1019, edge=0.0070, rank=2) | adeno_hobnail_high (ev=0.0310, pw=0.0919, edge=0.0259, rank=3) | adeno_micropapillary_high (ev=0.0296, pw=0.0908, edge=0.0476, rank=4) | adeno_fused_glands_high (ev=0.0218, pw=0.0837, edge=0.0387, rank=5)","[""adeno_papillary_high"", ""adeno_acinar_high"", ""adeno_hobnail_high"", ""adeno_micropapillary_high"", ""adeno_fused_glands_high""]",0.007265808170797256,"nonadeno_intercellular_bridges_high (ev=0.2284, pw=0.2333, edge=0.1075, rank=1) | nonadeno_keratinization_high (ev=0.2121, pw=0.1981, edge=0.0537, rank=2) | nonadeno_dense_eosinophilic_cytoplasm_high (ev=0.1793, pw=0.1422, edge=0.0460, rank=3) | nonadeno_sarcomatoid_high (ev=0.0966, pw=0.0621, edge=0.0063, rank=4) | nonadeno_spindle_atypia_high (ev=0.0940, pw=0.0607, edge=0.0068, rank=5)","[""nonadeno_intercellular_bridges_high"", ""nonadeno_keratinization_high"", ""nonadeno_dense_eosinophilic_cytoplasm_high"", ""nonadeno_sarcomatoid_high"", ""nonadeno_spindle_atypia_high""]",,,Adenocarcinoma,NonAdenocarcinoma,-0.002007513720264556,-0.006322873694911912,1,1,NonAdenocarcinoma,NonAdenocarcinoma,1,both_scales_support_predicted,consistent_wrong_class_drift,0,,,
2487558-B2,0,test,0,1,0,0.418634682893753,0.5813652873039246,2.527399778366089,2.8557803630828857,0.9573817253112792,0.7101538181304932,0.0488458909094333,0.738727331161499,0.9932168126106262,0.2186544090509414,-0.283062994480133,0.0003334299476722013,"adeno_mucinous (ev=0.0621, pw=0.1021, edge=0.0358, rank=1) | adeno_alveolar_replacement_low (ev=0.0539, pw=0.0944, edge=0.0341, rank=2) | adeno_lepidic (ev=0.0458, pw=0.0870, edge=0.0139, rank=3) | adeno_multifocal_glandular_low (ev=0.0452, pw=0.0858, edge=-0.0085, rank=4) | adeno_glandular_infiltration_low (ev=0.0437, pw=0.0851, edge=0.0123, rank=5)","[""adeno_mucinous"", ""adeno_alveolar_replacement_low"", ""adeno_lepidic"", ""adeno_multifocal_glandular_low"", ""adeno_glandular_infiltration_low""]",0.002693383103043402,"nonadeno_hamartoma_low (ev=0.1274, pw=0.2103, edge=0.0988, rank=1) | nonadeno_fibroinflammatory_low (ev=0.0570, pw=0.1043, edge=0.0128, rank=2) | nonadeno_inflammatory_low (ev=0.0307, pw=0.0799, edge=0.0046, rank=3) | nonadeno_benign_reactive_low (ev=0.0293, pw=0.0786, edge=-0.0000, rank=4) | nonadeno_solid_nests_low (ev=0.0292, pw=0.0778, edge=0.0143, rank=5)","[""nonadeno_hamartoma_low"", ""nonadeno_fibroinflammatory_low"", ""nonadeno_inflammatory_low"", ""nonadeno_benign_reactive_low"", ""nonadeno_solid_nests_low""]",0.0037159880134263793,"adeno_papillary_high (ev=0.2245, pw=0.1531, edge=0.0860, rank=1) | adeno_acinar_high (ev=0.1818, pw=0.0994, edge=0.0070, rank=2) | adeno_atypical_glands_high (ev=0.1792, pw=0.0966, edge=0.0621, rank=3) | adeno_micropapillary_high (ev=0.1780, pw=0.0964, edge=0.0476, rank=4) | adeno_fused_glands_high (ev=0.1779, pw=0.0960, edge=0.0387, rank=5)","[""adeno_papillary_high"", ""adeno_acinar_high"", ""adeno_atypical_glands_high"", ""adeno_micropapillary_high"", ""adeno_fused_glands_high""]",0.009643719547175852,"nonadeno_intercellular_bridges_high (ev=0.2896, pw=0.2442, edge=0.1075, rank=1) | nonadeno_keratinization_high (ev=0.2733, pw=0.2075, edge=0.0537, rank=2) | nonadeno_dense_eosinophilic_cytoplasm_high (ev=0.2295, pw=0.1334, edge=0.0460, rank=3) | nonadeno_hamartoma_high (ev=0.1603, pw=0.0659, edge=0.0143, rank=4) | nonadeno_chondroid_matrix_high (ev=0.1509, pw=0.0599, edge=0.0054, rank=5)","[""nonadeno_intercellular_bridges_high"", ""nonadeno_keratinization_high"", ""nonadeno_dense_eosinophilic_cytoplasm_high"", ""nonadeno_hamartoma_high"", ""nonadeno_chondroid_matrix_high""]",,,Adenocarcinoma,NonAdenocarcinoma,-0.002359953155371201,-0.005927731533749472,1,1,NonAdenocarcinoma,NonAdenocarcinoma,1,both_scales_support_predicted,consistent_wrong_class_drift,0,,,
25001929B3,0,test,0,1,0,0.0001641251874389,0.9998358488082886,-3.3922836780548096,5.322432994842529,-5.694497108459473,6.781207084655762,0.0488458909094333,-0.3232026696205139,1.1633409261703491,-5.371294498443604,5.617866039276123,4.590907245210974e-05,"adeno_mucinous (ev=0.0127, pw=0.1091, edge=0.0358, rank=1) | adeno_solid (ev=-0.0021, pw=0.0937, edge=-0.0150, rank=2) | adeno_multifocal_glandular_low (ev=-0.0065, pw=0.0896, edge=-0.0085, rank=3) | adeno_alveolar_replacement_low (ev=-0.0137, pw=0.0841, edge=0.0341, rank=4) | adeno_desmoplastic_invasion_low (ev=-0.0147, pw=0.0818, edge=-0.0119, rank=5)","[""adeno_mucinous"", ""adeno_solid"", ""adeno_multifocal_glandular_low"", ""adeno_alveolar_replacement_low"", ""adeno_desmoplastic_invasion_low""]",0.003174718336774285,"nonadeno_hamartoma_low (ev=0.1376, pw=0.2299, edge=0.0988, rank=1) | nonadeno_fibroinflammatory_low (ev=0.0615, pw=0.1077, edge=0.0128, rank=2) | nonadeno_inflammatory_low (ev=0.0358, pw=0.0830, edge=0.0046, rank=3) | nonadeno_benign_reactive_low (ev=0.0338, pw=0.0812, edge=-0.0000, rank=4) | nonadeno_solid_nests_low (ev=0.0216, pw=0.0712, edge=0.0143, rank=5)","[""nonadeno_hamartoma_low"", ""nonadeno_fibroinflammatory_low"", ""nonadeno_inflammatory_low"", ""nonadeno_benign_reactive_low"", ""nonadeno_solid_nests_low""]",-0.0001749529673294198,"adeno_hobnail_high (ev=-0.0251, pw=0.1146, edge=0.0259, rank=1) | adeno_prominent_nucleoli_high (ev=-0.0283, pw=0.1100, edge=0.0072, rank=2) | adeno_acinar_high (ev=-0.0333, pw=0.1050, edge=0.0070, rank=3) | adeno_papillary_high (ev=-0.0360, pw=0.1026, edge=0.0860, rank=4) | adeno_solid_high (ev=-0.0518, pw=0.0871, edge=0.0019, rank=5)","[""adeno_hobnail_high"", ""adeno_prominent_nucleoli_high"", ""adeno_acinar_high"", ""adeno_papillary_high"", ""adeno_solid_high""]",0.009809962048462873,"nonadeno_intercellular_bridges_high (ev=0.2374, pw=0.3083, edge=0.1075, rank=1) | nonadeno_keratinization_high (ev=0.2132, pw=0.2420, edge=0.0537, rank=2) | nonadeno_dense_eosinophilic_cytoplasm_high (ev=0.1893, pw=0.1898, edge=0.0460, rank=3) | nonadeno_chondroid_matrix_high (ev=0.0460, pw=0.0446, edge=0.0054, rank=4) | nonadeno_sarcomatoid_high (ev=0.0338, pw=0.0401, edge=0.0063, rank=5)","[""nonadeno_intercellular_bridges_high"", ""nonadeno_keratinization_high"", ""nonadeno_dense_eosinophilic_cytoplasm_high"", ""nonadeno_chondroid_matrix_high"", ""nonadeno_sarcomatoid_high""]",incorrect_high_confidence,"Model evidence suggests a cross-scale drift toward NonAdenocarcinoma, with both low and high scale relying on nonadeno_intercellular_bridges_high, nonadeno_keratinization_high, nonadeno_dense_eosinophilic_cytoplasm_high more strongly than the true-class concepts adeno_mucinous, adeno_hobnail_high, adeno_solid.",Adenocarcinoma,NonAdenocarcinoma,-0.0031288092643221754,-0.009984915015792293,1,1,NonAdenocarcinoma,NonAdenocarcinoma,1,both_scales_support_predicted,consistent_wrong_class_drift,1,1.0,Adenocarcinoma -> NonAdenocarcinoma,consistent_wrong_class_drift
25015087B2,0,test,0,1,0,0.0013309662463143,0.9986690282821656,-0.6389279961585999,5.981590270996094,-4.032018184661865,5.396212577819824,0.0488458909094333,0.382818341255188,0.6959158182144165,-4.414836406707764,4.700296878814697,0.0009762966988249087,"adeno_mucinous (ev=0.1565, pw=0.1054, edge=0.0358, rank=1) | adeno_alveolar_replacement_low (ev=0.1477, pw=0.0970, edge=0.0341, rank=2) | adeno_lepidic (ev=0.1407, pw=0.0903, edge=0.0139, rank=3) | adeno_cribriform_low (ev=0.1358, pw=0.0876, edge=0.0181, rank=4) | adeno_glandular_infiltration_low (ev=0.1355, pw=0.0856, edge=0.0123, rank=5)","[""adeno_mucinous"", ""adeno_alveolar_replacement_low"", ""adeno_lepidic"", ""adeno_cribriform_low"", ""adeno_glandular_infiltration_low""]",0.0032487744131181116,"nonadeno_hamartoma_low (ev=0.1621, pw=0.1946, edge=0.0988, rank=1) | nonadeno_metastatic_low (ev=0.0910, pw=0.0955, edge=0.0144, rank=2) | nonadeno_solid_nests_low (ev=0.0901, pw=0.0935, edge=0.0143, rank=3) | nonadeno_fibroinflammatory_low (ev=0.0881, pw=0.0931, edge=0.0128, rank=4) | nonadeno_inflammatory_low (ev=0.0760, pw=0.0821, edge=0.0046, rank=5)","[""nonadeno_hamartoma_low"", ""nonadeno_metastatic_low"", ""nonadeno_solid_nests_low"", ""nonadeno_fibroinflammatory_low"", ""nonadeno_inflammatory_low""]",0.00014557860887616148,"adeno_prominent_nucleoli_high (ev=0.0326, pw=0.1232, edge=0.0072, rank=1) | adeno_hobnail_high (ev=0.0271, pw=0.1176, edge=0.0259, rank=2) | adeno_papillary_high (ev=0.0224, pw=0.1122, edge=0.0860, rank=3) | adeno_acinar_high (ev=0.0162, pw=0.1049, edge=0.0070, rank=4) | adeno_solid_high (ev=0.0126, pw=0.1011, edge=0.0019, rank=5)","[""adeno_prominent_nucleoli_high"", ""adeno_hobnail_high"", ""adeno_papillary_high"", ""adeno_acinar_high"", ""adeno_solid_high""]",0.01606844933433073,"nonadeno_intercellular_bridges_high (ev=0.3294, pw=0.3755, edge=0.1075, rank=1) | nonadeno_keratinization_high (ev=0.2826, pw=0.2351, edge=0.0537, rank=2) | nonadeno_dense_eosinophilic_cytoplasm_high (ev=0.2800, pw=0.2283, edge=0.0460, rank=3) | nonadeno_sarcomatoid_high (ev=0.0913, pw=0.0346, edge=0.0063, rank=4) | nonadeno_spindle_atypia_high (ev=0.0726, pw=0.0287, edge=0.0068, rank=5)","[""nonadeno_intercellular_bridges_high"", ""nonadeno_keratinization_high"", ""nonadeno_dense_eosinophilic_cytoplasm_high"", ""nonadeno_sarcomatoid_high"", ""nonadeno_spindle_atypia_high""]",,,Adenocarcinoma,NonAdenocarcinoma,-0.002272477714293203,-0.015922870725454567,1,1,NonAdenocarcinoma,NonAdenocarcinoma,1,both_scales_support_predicted,consistent_wrong_class_drift,0,,,
25015422B,0,test,0,1,0,0.246489018201828,0.7535110116004944,2.641652584075928,3.759078741073608,1.165576457977295,0.4953669905662536,0.0488458909094333,2.2669265270233154,-0.3535342216491699,-1.1013500690460205,0.8489012122154236,0.0007506319176216813,"adeno_mucinous (ev=0.1226, pw=0.1006, edge=0.0358, rank=1) | adeno_alveolar_replacement_low (ev=0.1182, pw=0.0967, edge=0.0341, rank=2) | adeno_cribriform_low (ev=0.1091, pw=0.0899, edge=0.0181, rank=3) | adeno_lepidic (ev=0.1087, pw=0.0878, edge=0.0139, rank=4) | adeno_glandular_infiltration_low (ev=0.1050, pw=0.0846, edge=0.0123, rank=5)","[""adeno_mucinous"", ""adeno_alveolar_replacement_low"", ""adeno_cribriform_low"", ""adeno_lepidic"", ""adeno_glandular_infiltration_low""]",0.0022899301489210933,"nonadeno_hamartoma_low (ev=0.1264, pw=0.1762, edge=0.0988, rank=1) | nonadeno_solid_nests_low (ev=0.0649, pw=0.0941, edge=0.0143, rank=2) | nonadeno_metastatic_low (ev=0.0647, pw=0.0949, edge=0.0144, rank=3) | nonadeno_fibroinflammatory_low (ev=0.0597, pw=0.0906, edge=0.0128, rank=4) | nonadeno_benign_reactive_low (ev=0.0485, pw=0.0805, edge=-0.0000, rank=5)","[""nonadeno_hamartoma_low"", ""nonadeno_solid_nests_low"", ""nonadeno_metastatic_low"", ""nonadeno_fibroinflammatory_low"", ""nonadeno_benign_reactive_low""]",0.002600733456641294,"adeno_papillary_high (ev=0.1657, pw=0.1588, edge=0.0860, rank=1) | adeno_hobnail_high (ev=0.1294, pw=0.1106, edge=0.0259, rank=2) | adeno_acinar_high (ev=0.1244, pw=0.1046, edge=0.0070, rank=3) | adeno_fused_glands_high (ev=0.1153, pw=0.0960, edge=0.0387, rank=4) | adeno_prominent_nucleoli_high (ev=0.1141, pw=0.0941, edge=0.0072, rank=5)","[""adeno_papillary_high"", ""adeno_hobnail_high"", ""adeno_acinar_high"", ""adeno_fused_glands_high"", ""adeno_prominent_nucleoli_high""]",0.019072500822833308,"nonadeno_intercellular_bridges_high (ev=0.3666, pw=0.4009, edge=0.1075, rank=1) | nonadeno_keratinization_high (ev=0.3257, pw=0.2662, edge=0.0537, rank=2) | nonadeno_dense_eosinophilic_cytoplasm_high (ev=0.2997, pw=0.2046, edge=0.0460, rank=3) | nonadeno_chondroid_matrix_high (ev=0.0952, pw=0.0261, edge=0.0054, rank=4) | nonadeno_hamartoma_high (ev=0.0621, pw=0.0187, edge=0.0143, rank=5)","[""nonadeno_intercellular_bridges_high"", ""nonadeno_keratinization_high"", ""nonadeno_dense_eosinophilic_cytoplasm_high"", ""nonadeno_chondroid_matrix_high"", ""nonadeno_hamartoma_high""]",,,Adenocarcinoma,NonAdenocarcinoma,-0.001539298231299412,-0.016471767366192012,1,1,NonAdenocarcinoma,NonAdenocarcinoma,1,both_scales_support_predicted,consistent_wrong_class_drift,0,,,
25023687B2,0,test,0,1,0,0.4791187644004822,0.5208812355995178,2.06534194946289,2.148915529251098,1.4839651584625244,-1.5663447380065918,0.0488458909094333,-1.5472733974456787,2.155051946640014,3.031238555908203,-3.7213966846466064,-0.00012763973548805656,"adeno_mucinous (ev=-0.0178, pw=0.1116, edge=0.0358, rank=1) | adeno_lepidic (ev=-0.0396, pw=0.0900, edge=0.0139, rank=2) | adeno_alveolar_replacement_low (ev=-0.0397, pw=0.0901, edge=0.0341, rank=3) | adeno_multifocal_glandular_low (ev=-0.0470, pw=0.0829, edge=-0.0085, rank=4) | adeno_micropapillary (ev=-0.0480, pw=0.0841, edge=-0.0008, rank=5)","[""adeno_mucinous"", ""adeno_lepidic"", ""adeno_alveolar_replacement_low"", ""adeno_multifocal_glandular_low"", ""adeno_micropapillary""]",0.00047430983599433817,"nonadeno_hamartoma_low (ev=0.0294, pw=0.1814, edge=0.0988, rank=1) | nonadeno_fibroinflammatory_low (ev=-0.0372, pw=0.0934, edge=0.0128, rank=2) | nonadeno_solid_nests_low (ev=-0.0434, pw=0.0866, edge=0.0143, rank=3) | nonadeno_benign_reactive_low (ev=-0.0451, pw=0.0859, edge=-0.0000, rank=4) | nonadeno_metastatic_low (ev=-0.0485, pw=0.0832, edge=0.0144, rank=5)","[""nonadeno_hamartoma_low"", ""nonadeno_fibroinflammatory_low"", ""nonadeno_solid_nests_low"", ""nonadeno_benign_reactive_low"", ""nonadeno_metastatic_low""]",0.0033380833051168232,"adeno_papillary_high (ev=0.2300, pw=0.1416, edge=0.0860, rank=1) | adeno_prominent_nucleoli_high (ev=0.2146, pw=0.1205, edge=0.0072, rank=2) | adeno_hobnail_high (ev=0.2135, pw=0.1203, edge=0.0259, rank=3) | adeno_micropapillary_high (ev=0.1848, pw=0.0904, edge=0.0476, rank=4) | adeno_acinar_high (ev=0.1847, pw=0.0897, edge=0.0070, rank=5)","[""adeno_papillary_high"", ""adeno_prominent_nucleoli_high"", ""adeno_hobnail_high"", ""adeno_micropapillary_high"", ""adeno_acinar_high""]",0.0212376378732812,"nonadeno_intercellular_bridges_high (ev=0.4031, pw=0.4120, edge=0.1075, rank=1) | nonadeno_dense_eosinophilic_cytoplasm_high (ev=0.3538, pw=0.2506, edge=0.0460, rank=2) | nonadeno_keratinization_high (ev=0.3403, pw=0.2199, edge=0.0537, rank=3) | nonadeno_sarcomatoid_high (ev=0.1196, pw=0.0241, edge=0.0063, rank=4) | nonadeno_spindle_atypia_high (ev=0.0993, pw=0.0197, edge=0.0068, rank=5)","[""nonadeno_intercellular_bridges_high"", ""nonadeno_dense_eosinophilic_cytoplasm_high"", ""nonadeno_keratinization_high"", ""nonadeno_sarcomatoid_high"", ""nonadeno_spindle_atypia_high""]",,,Adenocarcinoma,NonAdenocarcinoma,-0.0006019495714823947,-0.017899554568164378,1,1,NonAdenocarcinoma,NonAdenocarcinoma,1,both_scales_support_predicted,consistent_wrong_class_drift,0,,,
25023977B2,0,test,0,1,0,0.0110940849408507,0.988905906677246,-1.7649080753326416,2.7252790927886963,-1.6466326713562012,3.2327284812927246,0.0488458909094333,2.8427534103393555,-1.5978178977966309,-4.489386081695557,4.830546379089356,-0.0002789366065412393,"adeno_mucinous (ev=-0.0371, pw=0.1333, edge=0.0358, rank=1) | adeno_lepidic (ev=-0.0626, pw=0.1036, edge=0.0139, rank=2) | adeno_alveolar_replacement_low (ev=-0.0753, pw=0.0914, edge=0.0341, rank=3) | adeno_desmoplastic_invasion_low (ev=-0.0803, pw=0.0853, edge=-0.0119, rank=4) | adeno_micropapillary (ev=-0.0907, pw=0.0795, edge=-0.0008, rank=5)","[""adeno_mucinous"", ""adeno_lepidic"", ""adeno_alveolar_replacement_low"", ""adeno_desmoplastic_invasion_low"", ""adeno_micropapillary""]",0.0009375674407135032,"nonadeno_hamartoma_low (ev=0.0377, pw=0.2751, edge=0.0988, rank=1) | nonadeno_fibroinflammatory_low (ev=-0.0780, pw=0.0867, edge=0.0128, rank=2) | nonadeno_benign_reactive_low (ev=-0.0821, pw=0.0827, edge=-0.0000, rank=3) | nonadeno_solid_nests_low (ev=-0.0857, pw=0.0791, edge=0.0143, rank=4) | nonadeno_metastatic_low (ev=-0.0892, pw=0.0772, edge=0.0144, rank=5)","[""nonadeno_hamartoma_low"", ""nonadeno_fibroinflammatory_low"", ""nonadeno_benign_reactive_low"", ""nonadeno_solid_nests_low"", ""nonadeno_metastatic_low""]",1.4730253588347876e-05,"adeno_prominent_nucleoli_high (ev=0.0131, pw=0.1163, edge=0.0072, rank=1) | adeno_hobnail_high (ev=0.0093, pw=0.1129, edge=0.0259, rank=2) | adeno_solid_high (ev=0.0015, pw=0.1038, edge=0.0019, rank=3) | adeno_acinar_high (ev=-0.0011, pw=0.1013, edge=0.0070, rank=4) | adeno_papillary_high (ev=-0.0058, pw=0.0971, edge=0.0860, rank=5)","[""adeno_prominent_nucleoli_high"", ""adeno_hobnail_high"", ""adeno_solid_high"", ""adeno_acinar_high"", ""adeno_papillary_high""]",0.010485325367271096,"nonadeno_intercellular_bridges_high (ev=0.2583, pw=0.3034, edge=0.1075, rank=1) | nonadeno_keratinization_high (ev=0.2262, pw=0.2201, edge=0.0537, rank=2) | nonadeno_dense_eosinophilic_cytoplasm_high (ev=0.2215, pw=0.2092, edge=0.0460, rank=3) | nonadeno_sarcomatoid_high (ev=0.0816, pw=0.0516, edge=0.0063, rank=4) | nonadeno_spindle_atypia_high (ev=0.0708, pw=0.0464, edge=0.0068, rank=5)","[""nonadeno_intercellular_bridges_high"", ""nonadeno_keratinization_high"", ""nonadeno_dense_eosinophilic_cytoplasm_high"", ""nonadeno_sarcomatoid_high"", ""nonadeno_spindle_atypia_high""]",,,Adenocarcinoma,NonAdenocarcinoma,-0.0012165040472547424,-0.010470595113682748,1,1,NonAdenocarcinoma,NonAdenocarcinoma,1,both_scales_support_predicted,consistent_wrong_class_drift,0,,,
25019273B,0,test,1,0,0,0.9689502120018004,0.0310497991740703,1.7140483856201172,-1.7265723943710327,4.284211158752441,-4.513671398162842,0.0488458909094333,-0.9498277902603148,1.3632755279541016,5.234038829803467,-5.876946926116943,-0.0006592780726243577,"adeno_mucinous (ev=-0.2104, pw=0.1226, edge=0.0358, rank=1) | adeno_solid (ev=-0.2179, pw=0.1133, edge=-0.0150, rank=2) | adeno_desmoplastic_invasion_low (ev=-0.2314, pw=0.0979, edge=-0.0119, rank=3) | adeno_multifocal_glandular_low (ev=-0.2429, pw=0.0881, edge=-0.0085, rank=4) | adeno_lepidic (ev=-0.2542, pw=0.0793, edge=0.0139, rank=5)","[""adeno_mucinous"", ""adeno_solid"", ""adeno_desmoplastic_invasion_low"", ""adeno_multifocal_glandular_low"", ""adeno_lepidic""]",-0.00023463429388305933,"nonadeno_hamartoma_low (ev=-0.0099, pw=0.2165, edge=0.0988, rank=1) | nonadeno_sarcomatoid_low (ev=-0.0778, pw=0.1101, edge=-0.0017, rank=2) | nonadeno_fibroinflammatory_low (ev=-0.0868, pw=0.1005, edge=0.0128, rank=3) | nonadeno_small_cell_low (ev=-0.1078, pw=0.0804, edge=-0.0032, rank=4) | nonadeno_benign_reactive_low (ev=-0.1083, pw=0.0807, edge=-0.0000, rank=5)","[""nonadeno_hamartoma_low"", ""nonadeno_sarcomatoid_low"", ""nonadeno_fibroinflammatory_low"", ""nonadeno_small_cell_low"", ""nonadeno_benign_reactive_low""]",0.0028095092517355907,"adeno_micropapillary_high (ev=0.2472, pw=0.1240, edge=0.0476, rank=1) | adeno_papillary_high (ev=0.2404, pw=0.1155, edge=0.0860, rank=2) | adeno_solid_high (ev=0.2277, pw=0.1011, edge=0.0019, rank=3) | adeno_prominent_nucleoli_high (ev=0.2194, pw=0.0929, edge=0.0072, rank=4) | adeno_hobnail_high (ev=0.2192, pw=0.0935, edge=0.0259, rank=5)","[""adeno_micropapillary_high"", ""adeno_papillary_high"", ""adeno_solid_high"", ""adeno_prominent_nucleoli_high"", ""adeno_hobnail_high""]",0.0025660573271946156,"nonadeno_dense_eosinophilic_cytoplasm_high (ev=0.1820, pw=0.1511, edge=0.0460, rank=1) | nonadeno_intercellular_bridges_high (ev=0.1686, pw=0.1326, edge=0.1075, rank=2) | nonadeno_neuroendocrine_high (ev=0.1628, pw=0.1235, edge=0.0057, rank=3) | nonadeno_nuclear_molding_high (ev=0.1602, pw=0.1204, edge=0.0090, rank=4) | nonadeno_sarcomatoid_high (ev=0.1381, pw=0.0973, edge=0.0063, rank=5)","[""nonadeno_dense_eosinophilic_cytoplasm_high"", ""nonadeno_intercellular_bridges_high"", ""nonadeno_neuroendocrine_high"", ""nonadeno_nuclear_molding_high"", ""nonadeno_sarcomatoid_high""]",,,NonAdenocarcinoma,Adenocarcinoma,-0.0004246437787412984,0.00024345192454097503,1,0,NonAdenocarcinoma,Adenocarcinoma,0,high_only_supports_predicted,high_scale_dominant_wrong,0,,,
25023972B3,0,test,1,0,0,0.999215841293335,0.0007841127808205,5.676694869995117,-1.4734785556793213,7.150854587554932,-5.692587375640869,0.0488458909094333,1.726058840751648,0.0479859486222267,5.424795627593994,-5.740573406219482,0.0005000848279364064,"adeno_mucinous (ev=0.0816, pw=0.1054, edge=0.0358, rank=1) | adeno_alveolar_replacement_low (ev=0.0742, pw=0.0983, edge=0.0341, rank=2) | adeno_lepidic (ev=0.0729, pw=0.0969, edge=0.0139, rank=3) | adeno_cribriform_low (ev=0.0591, pw=0.0859, edge=0.0181, rank=4) | adeno_glandular_infiltration_low (ev=0.0587, pw=0.0840, edge=0.0123, rank=5)","[""adeno_mucinous"", ""adeno_alveolar_replacement_low"", ""adeno_lepidic"", ""adeno_cribriform_low"", ""adeno_glandular_infiltration_low""]",0.001977226606728729,"nonadeno_hamartoma_low (ev=0.0988, pw=0.1998, edge=0.0988, rank=1) | nonadeno_fibroinflammatory_low (ev=0.0241, pw=0.0949, edge=0.0128, rank=2) | nonadeno_solid_nests_low (ev=0.0202, pw=0.0899, edge=0.0143, rank=3) | nonadeno_metastatic_low (ev=0.0177, pw=0.0887, edge=0.0144, rank=4) | nonadeno_benign_reactive_low (ev=0.0038, pw=0.0770, edge=-0.0000, rank=5)","[""nonadeno_hamartoma_low"", ""nonadeno_fibroinflammatory_low"", ""nonadeno_solid_nests_low"", ""nonadeno_metastatic_low"", ""nonadeno_benign_reactive_low""]",0.0035103076356988957,"adeno_papillary_high (ev=0.2102, pw=0.1283, edge=0.0860, rank=1) | adeno_atypical_glands_high (ev=0.1987, pw=0.1136, edge=0.0621, rank=2) | adeno_micropapillary_high (ev=0.1866, pw=0.1017, edge=0.0476, rank=3) | adeno_fused_glands_high (ev=0.1823, pw=0.0971, edge=0.0387, rank=4) | adeno_acinar_high (ev=0.1625, pw=0.0793, edge=0.0070, rank=5)","[""adeno_papillary_high"", ""adeno_atypical_glands_high"", ""adeno_micropapillary_high"", ""adeno_fused_glands_high"", ""adeno_acinar_high""]",0.00260108568726598,"nonadeno_intercellular_bridges_high (ev=0.1451, pw=0.1259, edge=0.1075, rank=1) | nonadeno_dense_eosinophilic_cytoplasm_high (ev=0.1375, pw=0.1162, edge=0.0460, rank=2) | nonadeno_keratinization_high (ev=0.1262, pw=0.1042, edge=0.0537, rank=3) | nonadeno_sarcomatoid_high (ev=0.1128, pw=0.0907, edge=0.0063, rank=4) | nonadeno_nuclear_molding_high (ev=0.1119, pw=0.0892, edge=0.0090, rank=5)","[""nonadeno_intercellular_bridges_high"", ""nonadeno_dense_eosinophilic_cytoplasm_high"", ""nonadeno_keratinization_high"", ""nonadeno_sarcomatoid_high"", ""nonadeno_nuclear_molding_high""]",incorrect_high_confidence,"Model appears to rely mainly on high-scale Adenocarcinoma cues such as adeno_papillary_high, adeno_atypical_glands_high, adeno_micropapillary_high, while low-scale evidence is weaker or conflicted against the true class.",NonAdenocarcinoma,Adenocarcinoma,-0.0014771417787923223,0.0009092219484329155,1,0,NonAdenocarcinoma,Adenocarcinoma,0,high_only_supports_predicted,high_scale_dominant_wrong,1,1.0,NonAdenocarcinoma -> Adenocarcinoma,high_scale_dominant_wrong
25027723B4,0,test,1,0,0,0.9499915838241576,0.0500084534287452,1.8736361265182493,-1.070625066757202,4.414254188537598,-4.362627029418945,0.0488458909094333,1.1198222637176514,-1.0453271865844729,3.2944321632385254,-3.3172998428344727,-0.0009162720329744175,"adeno_mucinous (ev=-0.2621, pw=0.1293, edge=0.0358, rank=1) | adeno_solid (ev=-0.2781, pw=0.1098, edge=-0.0150, rank=2) | adeno_desmoplastic_invasion_low (ev=-0.2840, pw=0.1024, edge=-0.0119, rank=3) | adeno_lepidic (ev=-0.3036, pw=0.0856, edge=0.0139, rank=4) | adeno_multifocal_glandular_low (ev=-0.3049, pw=0.0838, edge=-0.0085, rank=5)","[""adeno_mucinous"", ""adeno_solid"", ""adeno_desmoplastic_invasion_low"", ""adeno_lepidic"", ""adeno_multifocal_glandular_low""]",-0.00012435938925756937,"nonadeno_hamartoma_low (ev=-0.0029, pw=0.3189, edge=0.0988, rank=1) | nonadeno_sarcomatoid_low (ev=-0.1086, pw=0.1110, edge=-0.0017, rank=2) | nonadeno_fibroinflammatory_low (ev=-0.1185, pw=0.1006, edge=0.0128, rank=3) | nonadeno_benign_reactive_low (ev=-0.1514, pw=0.0720, edge=-0.0000, rank=4) | nonadeno_small_cell_low (ev=-0.1560, pw=0.0682, edge=-0.0032, rank=5)","[""nonadeno_hamartoma_low"", ""nonadeno_sarcomatoid_low"", ""nonadeno_fibroinflammatory_low"", ""nonadeno_benign_reactive_low"", ""nonadeno_small_cell_low""]",0.005747338656855699,"adeno_papillary_high (ev=0.3277, pw=0.1419, edge=0.0860, rank=1) | adeno_atypical_glands_high (ev=0.2990, pw=0.1057, edge=0.0621, rank=2) | adeno_fused_glands_high (ev=0.2959, pw=0.1032, edge=0.0387, rank=3) | adeno_micropapillary_high (ev=0.2902, pw=0.0977, edge=0.0476, rank=4) | adeno_acinar_high (ev=0.2819, pw=0.0893, edge=0.0070, rank=5)","[""adeno_papillary_high"", ""adeno_atypical_glands_high"", ""adeno_fused_glands_high"", ""adeno_micropapillary_high"", ""adeno_acinar_high""]",0.004887478875072289,"nonadeno_intercellular_bridges_high (ev=0.2513, pw=0.1283, edge=0.1075, rank=1) | nonadeno_keratinization_high (ev=0.2485, pw=0.1247, edge=0.0537, rank=2) | nonadeno_fibrosis_inflammation_high (ev=0.2400, pw=0.1137, edge=0.0346, rank=3) | nonadeno_dense_eosinophilic_cytoplasm_high (ev=0.2186, pw=0.0921, edge=0.0460, rank=4) | nonadeno_inflammatory_high (ev=0.2141, pw=0.0880, edge=0.0112, rank=5)","[""nonadeno_intercellular_bridges_high"", ""nonadeno_keratinization_high"", ""nonadeno_fibrosis_inflammation_high"", ""nonadeno_dense_eosinophilic_cytoplasm_high"", ""nonadeno_inflammatory_high""]",,,NonAdenocarcinoma,Adenocarcinoma,-0.0007919126437168481,0.0008598597817834099,1,0,NonAdenocarcinoma,Adenocarcinoma,0,high_only_supports_predicted,high_scale_dominant_wrong,0,,,
25033447B4,0,test,1,0,0,0.9960907101631165,0.0039092618972063,5.026576995849609,-0.5139128565788269,5.5570149421691895,-4.112086772918701,0.0488458909094333,2.6931633949279785,-0.8100189566612244,2.863851547241211,-3.302067756652832,0.0004828600450215795,"adeno_mucinous (ev=0.0818, pw=0.1026, edge=0.0358, rank=1) | adeno_alveolar_replacement_low (ev=0.0760, pw=0.0972, edge=0.0341, rank=2) | adeno_lepidic (ev=0.0699, pw=0.0913, edge=0.0139, rank=3) | adeno_cribriform_low (ev=0.0674, pw=0.0907, edge=0.0181, rank=4) | adeno_micropapillary (ev=0.0613, pw=0.0852, edge=-0.0008, rank=5)","[""adeno_mucinous"", ""adeno_alveolar_replacement_low"", ""adeno_lepidic"", ""adeno_cribriform_low"", ""adeno_micropapillary""]",0.0007954585317338786,"nonadeno_hamartoma_low (ev=0.0540, pw=0.1458, edge=0.0988, rank=1) | nonadeno_solid_nests_low (ev=0.0149, pw=0.0974, edge=0.0143, rank=2) | nonadeno_metastatic_low (ev=0.0139, pw=0.0976, edge=0.0144, rank=3) | nonadeno_fibroinflammatory_low (ev=0.0020, pw=0.0869, edge=0.0128, rank=4) | nonadeno_benign_reactive_low (ev=-0.0023, pw=0.0827, edge=-0.0000, rank=5)","[""nonadeno_hamartoma_low"", ""nonadeno_solid_nests_low"", ""nonadeno_metastatic_low"", ""nonadeno_fibroinflammatory_low"", ""nonadeno_benign_reactive_low""]",0.0035275829985189563,"adeno_papillary_high (ev=0.2228, pw=0.1344, edge=0.0860, rank=1) | adeno_atypical_glands_high (ev=0.1944, pw=0.1005, edge=0.0621, rank=2) | adeno_fused_glands_high (ev=0.1936, pw=0.1003, edge=0.0387, rank=3) | adeno_lepidic_high (ev=0.1894, pw=0.0962, edge=0.0005, rank=4) | adeno_hobnail_high (ev=0.1871, pw=0.0941, edge=0.0259, rank=5)","[""adeno_papillary_high"", ""adeno_atypical_glands_high"", ""adeno_fused_glands_high"", ""adeno_lepidic_high"", ""adeno_hobnail_high""]",0.003293310414743178,"nonadeno_keratinization_high (ev=0.1892, pw=0.1538, edge=0.0537, rank=1) | nonadeno_intercellular_bridges_high (ev=0.1891, pw=0.1537, edge=0.1075, rank=2) | nonadeno_hamartoma_high (ev=0.1880, pw=0.1494, edge=0.0143, rank=3) | nonadeno_chondromyxoid_matrix_high (ev=0.1579, pw=0.1103, edge=0.0044, rank=4) | nonadeno_chondroid_matrix_high (ev=0.1456, pw=0.0976, edge=0.0054, rank=5)","[""nonadeno_keratinization_high"", ""nonadeno_intercellular_bridges_high"", ""nonadeno_hamartoma_high"", ""nonadeno_chondromyxoid_matrix_high"", ""nonadeno_chondroid_matrix_high""]",,,NonAdenocarcinoma,Adenocarcinoma,-0.0003125984867122991,0.00023427258377577836,1,0,NonAdenocarcinoma,Adenocarcinoma,0,high_only_supports_predicted,high_scale_dominant_wrong,0,,,
25057865B1,0,test,1,0,0,0.9617523550987244,0.0382476709783077,1.9123245477676392,-1.3123496770858765,2.9801723957061768,-3.4931070804595947,0.0488458909094333,-2.5602128505706787,2.7645151615142822,5.540385246276856,-6.257622241973877,-0.0002624742414545284,"adeno_mucinous (ev=-0.0802, pw=0.1117, edge=0.0358, rank=1) | adeno_solid (ev=-0.0869, pw=0.1041, edge=-0.0150, rank=2) | adeno_multifocal_glandular_low (ev=-0.1006, pw=0.0906, edge=-0.0085, rank=3) | adeno_desmoplastic_invasion_low (ev=-0.1028, pw=0.0878, edge=-0.0119, rank=4) | adeno_alveolar_replacement_low (ev=-0.1122, pw=0.0814, edge=0.0341, rank=5)","[""adeno_mucinous"", ""adeno_solid"", ""adeno_multifocal_glandular_low"", ""adeno_desmoplastic_invasion_low"", ""adeno_alveolar_replacement_low""]",0.0013482365123455682,"nonadeno_hamartoma_low (ev=0.0666, pw=0.2052, edge=0.0988, rank=1) | nonadeno_fibroinflammatory_low (ev=-0.0011, pw=0.1046, edge=0.0128, rank=2) | nonadeno_sarcomatoid_low (ev=-0.0124, pw=0.0934, edge=-0.0017, rank=3) | nonadeno_small_cell_low (ev=-0.0273, pw=0.0794, edge=-0.0032, rank=4) | nonadeno_inflammatory_low (ev=-0.0323, pw=0.0762, edge=0.0046, rank=5)","[""nonadeno_hamartoma_low"", ""nonadeno_fibroinflammatory_low"", ""nonadeno_sarcomatoid_low"", ""nonadeno_small_cell_low"", ""nonadeno_inflammatory_low""]",0.0026639166063027768,"adeno_atypical_glands_high (ev=0.1876, pw=0.1139, edge=0.0621, rank=1) | adeno_papillary_high (ev=0.1837, pw=0.1104, edge=0.0860, rank=2) | adeno_micropapillary_high (ev=0.1749, pw=0.1014, edge=0.0476, rank=3) | adeno_fused_glands_high (ev=0.1734, pw=0.0995, edge=0.0387, rank=4) | adeno_mucinous_high (ev=0.1533, pw=0.0815, edge=0.0065, rank=5)","[""adeno_atypical_glands_high"", ""adeno_papillary_high"", ""adeno_micropapillary_high"", ""adeno_fused_glands_high"", ""adeno_mucinous_high""]",0.0002808494489575787,"nonadeno_hamartoma_high (ev=0.0768, pw=0.1077, edge=0.0143, rank=1) | nonadeno_fibrosis_inflammation_high (ev=0.0714, pw=0.1030, edge=0.0346, rank=2) | nonadeno_nuclear_molding_high (ev=0.0589, pw=0.0905, edge=0.0090, rank=3) | nonadeno_inflammatory_high (ev=0.0587, pw=0.0910, edge=0.0112, rank=4) | nonadeno_chondromyxoid_matrix_high (ev=0.0542, pw=0.0857, edge=0.0044, rank=5)","[""nonadeno_hamartoma_high"", ""nonadeno_fibrosis_inflammation_high"", ""nonadeno_nuclear_molding_high"", ""nonadeno_inflammatory_high"", ""nonadeno_chondromyxoid_matrix_high""]",,,NonAdenocarcinoma,Adenocarcinoma,-0.0016107107538000966,0.002383067157345198,1,0,NonAdenocarcinoma,Adenocarcinoma,0,high_only_supports_predicted,high_scale_dominant_wrong,0,,,
25025076B,0,test,1,0,0,0.9572121500968932,0.042787916958332,3.4917097091674805,0.3839403986930847,3.631481170654297,-3.0899760723114014,0.0488458909094333,-1.4648030996322632,2.825904130935669,5.09628438949585,-5.91588020324707,0.00013550756185229534,"adeno_mucinous (ev=0.0316, pw=0.1040, edge=0.0358, rank=1) | adeno_alveolar_replacement_low (ev=0.0167, pw=0.0900, edge=0.0341, rank=2) | adeno_solid (ev=0.0162, pw=0.0888, edge=-0.0150, rank=3) | adeno_multifocal_glandular_low (ev=0.0161, pw=0.0886, edge=-0.0085, rank=4) | adeno_glandular_infiltration_low (ev=0.0109, pw=0.0847, edge=0.0123, rank=5)","[""adeno_mucinous"", ""adeno_alveolar_replacement_low"", ""adeno_solid"", ""adeno_multifocal_glandular_low"", ""adeno_glandular_infiltration_low""]",0.0033436640147624904,"nonadeno_hamartoma_low (ev=0.1527, pw=0.2171, edge=0.0988, rank=1) | nonadeno_fibroinflammatory_low (ev=0.0897, pw=0.1159, edge=0.0128, rank=2) | nonadeno_sarcomatoid_low (ev=0.0606, pw=0.0866, edge=-0.0017, rank=3) | nonadeno_inflammatory_low (ev=0.0601, pw=0.0858, edge=0.0046, rank=4) | nonadeno_benign_reactive_low (ev=0.0511, pw=0.0783, edge=-0.0000, rank=5)","[""nonadeno_hamartoma_low"", ""nonadeno_fibroinflammatory_low"", ""nonadeno_sarcomatoid_low"", ""nonadeno_inflammatory_low"", ""nonadeno_benign_reactive_low""]",0.0033560817731712574,"adeno_papillary_high (ev=0.2084, pw=0.1277, edge=0.0860, rank=1) | adeno_atypical_glands_high (ev=0.1822, pw=0.0976, edge=0.0621, rank=2) | adeno_fused_glands_high (ev=0.1811, pw=0.0972, edge=0.0387, rank=3) | adeno_micropapillary_high (ev=0.1795, pw=0.0959, edge=0.0476, rank=4) | adeno_hobnail_high (ev=0.1747, pw=0.0913, edge=0.0259, rank=5)","[""adeno_papillary_high"", ""adeno_atypical_glands_high"", ""adeno_fused_glands_high"", ""adeno_micropapillary_high"", ""adeno_hobnail_high""]",0.005214297659926724,"nonadeno_intercellular_bridges_high (ev=0.1903, pw=0.1998, edge=0.1075, rank=1) | nonadeno_dense_eosinophilic_cytoplasm_high (ev=0.1714, pw=0.1648, edge=0.0460, rank=2) | nonadeno_keratinization_high (ev=0.1623, pw=0.1510, edge=0.0537, rank=3) | nonadeno_hamartoma_high (ev=0.1074, pw=0.0857, edge=0.0143, rank=4) | nonadeno_chondromyxoid_matrix_high (ev=0.0829, pw=0.0670, edge=0.0044, rank=5)","[""nonadeno_intercellular_bridges_high"", ""nonadeno_dense_eosinophilic_cytoplasm_high"", ""nonadeno_keratinization_high"", ""nonadeno_hamartoma_high"", ""nonadeno_chondromyxoid_matrix_high""]",,,NonAdenocarcinoma,Adenocarcinoma,-0.0032081564529101952,-0.0018582158867554667,1,1,NonAdenocarcinoma,NonAdenocarcinoma,1,neither_scale_supports_predicted,weak_or_mixed_conflict,0,,,
2461700-B2,0,test,0,0,1,0.9992985725402832,0.000701404933352,6.011505126953125,-1.250218152999878,7.015896797180176,-6.002731323242188,0.0488458909094333,1.8556914329528809,0.1009809225797653,5.160205364227295,-6.10371208190918,0.0004081933837226843,"adeno_mucinous (ev=0.0720, pw=0.0981, edge=0.0358, rank=1) | adeno_alveolar_replacement_low (ev=0.0692, pw=0.0958, edge=0.0341, rank=2) | adeno_cribriform_low (ev=0.0603, pw=0.0892, edge=0.0181, rank=3) | adeno_lepidic (ev=0.0599, pw=0.0872, edge=0.0139, rank=4) | adeno_multifocal_glandular_low (ev=0.0577, pw=0.0847, edge=-0.0085, rank=5)","[""adeno_mucinous"", ""adeno_alveolar_replacement_low"", ""adeno_cribriform_low"", ""adeno_lepidic"", ""adeno_multifocal_glandular_low""]",0.0011977023034403787,"nonadeno_hamartoma_low (ev=0.0763, pw=0.1542, edge=0.0988, rank=1) | nonadeno_fibroinflammatory_low (ev=0.0270, pw=0.0944, edge=0.0128, rank=2) | nonadeno_metastatic_low (ev=0.0257, pw=0.0929, edge=0.0144, rank=3) | nonadeno_solid_nests_low (ev=0.0249, pw=0.0911, edge=0.0143, rank=4) | nonadeno_benign_reactive_low (ev=0.0133, pw=0.0819, edge=-0.0000, rank=5)","[""nonadeno_hamartoma_low"", ""nonadeno_fibroinflammatory_low"", ""nonadeno_metastatic_low"", ""nonadeno_solid_nests_low"", ""nonadeno_benign_reactive_low""]",0.004177541776231759,"adeno_papillary_high (ev=0.2564, pw=0.1335, edge=0.0860, rank=1) | adeno_micropapillary_high (ev=0.2291, pw=0.1019, edge=0.0476, rank=2) | adeno_hobnail_high (ev=0.2275, pw=0.1001, edge=0.0259, rank=3) | adeno_fused_glands_high (ev=0.2253, pw=0.0978, edge=0.0387, rank=4) | adeno_atypical_glands_high (ev=0.2242, pw=0.0960, edge=0.0621, rank=5)","[""adeno_papillary_high"", ""adeno_micropapillary_high"", ""adeno_hobnail_high"", ""adeno_fused_glands_high"", ""adeno_atypical_glands_high""]",0.00727866547752791,"nonadeno_intercellular_bridges_high (ev=0.2237, pw=0.2404, edge=0.1075, rank=1) | nonadeno_dense_eosinophilic_cytoplasm_high (ev=0.2036, pw=0.1958, edge=0.0460, rank=2) | nonadeno_keratinization_high (ev=0.1840, pw=0.1617, edge=0.0537, rank=3) | nonadeno_fibrosis_inflammation_high (ev=0.0862, pw=0.0603, edge=0.0346, rank=4) | nonadeno_sarcomatoid_high (ev=0.0761, pw=0.0547, edge=0.0063, rank=5)","[""nonadeno_intercellular_bridges_high"", ""nonadeno_dense_eosinophilic_cytoplasm_high"", ""nonadeno_keratinization_high"", ""nonadeno_fibrosis_inflammation_high"", ""nonadeno_sarcomatoid_high""]",,,Adenocarcinoma,Adenocarcinoma,-0.0007895089197176943,-0.0031011237012961504,1,1,NonAdenocarcinoma,NonAdenocarcinoma,1,neither_scale_supports_predicted,weak_or_mixed_conflict,0,,,
2462478-B2,0,test,0,0,1,0.993310570716858,0.0066894246265292,5.515071868896484,0.5145564675331116,3.944662570953369,-3.819472789764404,0.0488458909094333,-1.566278338432312,1.9564687013626096,5.510941028594971,-5.775941371917725,0.0010779632416586108,"adeno_alveolar_replacement_low (ev=0.1757, pw=0.0997, edge=0.0341, rank=1) | adeno_mucinous (ev=0.1750, pw=0.0987, edge=0.0358, rank=2) | adeno_lepidic (ev=0.1666, pw=0.0910, edge=0.0139, rank=3) | adeno_cribriform_low (ev=0.1639, pw=0.0901, edge=0.0181, rank=4) | adeno_glandular_infiltration_low (ev=0.1624, pw=0.0872, edge=0.0123, rank=5)","[""adeno_alveolar_replacement_low"", ""adeno_mucinous"", ""adeno_lepidic"", ""adeno_cribriform_low"", ""adeno_glandular_infiltration_low""]",0.002595360911442372,"nonadeno_hamartoma_low (ev=0.1488, pw=0.1662, edge=0.0988, rank=1) | nonadeno_metastatic_low (ev=0.1012, pw=0.1031, edge=0.0144, rank=2) | nonadeno_solid_nests_low (ev=0.0992, pw=0.1000, edge=0.0143, rank=3) | nonadeno_fibroinflammatory_low (ev=0.0862, pw=0.0891, edge=0.0128, rank=4) | nonadeno_inflammatory_low (ev=0.0773, pw=0.0811, edge=0.0046, rank=5)","[""nonadeno_hamartoma_low"", ""nonadeno_metastatic_low"", ""nonadeno_solid_nests_low"", ""nonadeno_fibroinflammatory_low"", ""nonadeno_inflammatory_low""]",0.004769738697230963,"adeno_papillary_high (ev=0.2634, pw=0.1484, edge=0.0860, rank=1) | adeno_atypical_glands_high (ev=0.2274, pw=0.1028, edge=0.0621, rank=2) | adeno_micropapillary_high (ev=0.2273, pw=0.1037, edge=0.0476, rank=3) | adeno_fused_glands_high (ev=0.2202, pw=0.0963, edge=0.0387, rank=4) | adeno_hobnail_high (ev=0.2159, pw=0.0923, edge=0.0259, rank=5)","[""adeno_papillary_high"", ""adeno_atypical_glands_high"", ""adeno_micropapillary_high"", ""adeno_fused_glands_high"", ""adeno_hobnail_high""]",0.0056246933391310705,"nonadeno_intercellular_bridges_high (ev=0.2188, pw=0.1829, edge=0.1075, rank=1) | nonadeno_keratinization_high (ev=0.2016, pw=0.1541, edge=0.0537, rank=2) | nonadeno_dense_eosinophilic_cytoplasm_high (ev=0.1846, pw=0.1294, edge=0.0460, rank=3) | nonadeno_fibrosis_inflammation_high (ev=0.1387, pw=0.0814, edge=0.0346, rank=4) | nonadeno_hamartoma_high (ev=0.1248, pw=0.0702, edge=0.0143, rank=5)","[""nonadeno_intercellular_bridges_high"", ""nonadeno_keratinization_high"", ""nonadeno_dense_eosinophilic_cytoplasm_high"", ""nonadeno_fibrosis_inflammation_high"", ""nonadeno_hamartoma_high""]",,,Adenocarcinoma,Adenocarcinoma,-0.0015173976697837614,-0.0008549546419001075,1,1,NonAdenocarcinoma,NonAdenocarcinoma,1,neither_scale_supports_predicted,weak_or_mixed_conflict,0,,,
2463127-B3,0,test,0,0,1,0.9998759031295776,0.0001241131103597,7.423669338226318,-1.5705238580703735,8.237038612365723,-7.327248573303223,0.0488458909094333,2.6218504905700684,-0.7673070430755615,5.615188121795654,-6.55994176864624,0.0007891021400830454,"adeno_mucinous (ev=0.1284, pw=0.1010, edge=0.0358, rank=1) | adeno_alveolar_replacement_low (ev=0.1239, pw=0.0970, edge=0.0341, rank=2) | adeno_cribriform_low (ev=0.1148, pw=0.0900, edge=0.0181, rank=3) | adeno_lepidic (ev=0.1146, pw=0.0882, edge=0.0139, rank=4) | adeno_glandular_infiltration_low (ev=0.1095, pw=0.0838, edge=0.0123, rank=5)","[""adeno_mucinous"", ""adeno_alveolar_replacement_low"", ""adeno_cribriform_low"", ""adeno_lepidic"", ""adeno_glandular_infiltration_low""]",0.0018870685291688372,"nonadeno_hamartoma_low (ev=0.1129, pw=0.1611, edge=0.0988, rank=1) | nonadeno_solid_nests_low (ev=0.0648, pw=0.0984, edge=0.0143, rank=2) | nonadeno_metastatic_low (ev=0.0642, pw=0.0989, edge=0.0144, rank=3) | nonadeno_fibroinflammatory_low (ev=0.0517, pw=0.0875, edge=0.0128, rank=4) | nonadeno_benign_reactive_low (ev=0.0430, pw=0.0798, edge=-0.0000, rank=5)","[""nonadeno_hamartoma_low"", ""nonadeno_solid_nests_low"", ""nonadeno_metastatic_low"", ""nonadeno_fibroinflammatory_low"", ""nonadeno_benign_reactive_low""]",0.004510890888102966,"adeno_papillary_high (ev=0.2815, pw=0.1254, edge=0.0860, rank=1) | adeno_micropapillary_high (ev=0.2646, pw=0.1063, edge=0.0476, rank=2) | adeno_hobnail_high (ev=0.2574, pw=0.0987, edge=0.0259, rank=3) | adeno_atypical_glands_high (ev=0.2572, pw=0.0977, edge=0.0621, rank=4) | adeno_fused_glands_high (ev=0.2570, pw=0.0982, edge=0.0387, rank=5)","[""adeno_papillary_high"", ""adeno_micropapillary_high"", ""adeno_hobnail_high"", ""adeno_atypical_glands_high"", ""adeno_fused_glands_high""]",0.005312964606286158,"nonadeno_intercellular_bridges_high (ev=0.2086, pw=0.1802, edge=0.1075, rank=1) | nonadeno_dense_eosinophilic_cytoplasm_high (ev=0.1959, pw=0.1582, edge=0.0460, rank=2) | nonadeno_keratinization_high (ev=0.1808, pw=0.1365, edge=0.0537, rank=3) | nonadeno_fibrosis_inflammation_high (ev=0.1357, pw=0.0862, edge=0.0346, rank=4) | nonadeno_inflammatory_high (ev=0.1138, pw=0.0695, edge=0.0112, rank=5)","[""nonadeno_intercellular_bridges_high"", ""nonadeno_dense_eosinophilic_cytoplasm_high"", ""nonadeno_keratinization_high"", ""nonadeno_fibrosis_inflammation_high"", ""nonadeno_inflammatory_high""]",,,Adenocarcinoma,Adenocarcinoma,-0.001097966389085792,-0.0008020737181831921,1,1,NonAdenocarcinoma,NonAdenocarcinoma,1,neither_scale_supports_predicted,weak_or_mixed_conflict,0,,,
2465396-B2,0,test,0,0,1,0.9999831914901732,1.681813046161551e-05,8.980545997619629,-2.0124902725219727,10.184062957763672,-9.194395065307615,0.0488458909094333,3.847565174102783,-2.047379732131958,6.336497783660889,-7.147015571594238,0.0012254523579875208,"adeno_alveolar_replacement_low (ev=0.1991, pw=0.0999, edge=0.0341, rank=1) | adeno_mucinous (ev=0.1971, pw=0.0976, edge=0.0358, rank=2) | adeno_lepidic (ev=0.1935, pw=0.0945, edge=0.0139, rank=3) | adeno_cribriform_low (ev=0.1899, pw=0.0927, edge=0.0181, rank=4) | adeno_glandular_infiltration_low (ev=0.1841, pw=0.0859, edge=0.0123, rank=5)","[""adeno_alveolar_replacement_low"", ""adeno_mucinous"", ""adeno_lepidic"", ""adeno_cribriform_low"", ""adeno_glandular_infiltration_low""]",0.002184456964018841,"nonadeno_hamartoma_low (ev=0.1382, pw=0.1478, edge=0.0988, rank=1) | nonadeno_metastatic_low (ev=0.1117, pw=0.1132, edge=0.0144, rank=2) | nonadeno_solid_nests_low (ev=0.1082, pw=0.1082, edge=0.0143, rank=3) | nonadeno_fibroinflammatory_low (ev=0.0811, pw=0.0837, edge=0.0128, rank=4) | nonadeno_benign_reactive_low (ev=0.0801, pw=0.0824, edge=-0.0000, rank=5)","[""nonadeno_hamartoma_low"", ""nonadeno_metastatic_low"", ""nonadeno_solid_nests_low"", ""nonadeno_fibroinflammatory_low"", ""nonadeno_benign_reactive_low""]",0.00401930113823899,"adeno_papillary_high (ev=0.2676, pw=0.1180, edge=0.0860, rank=1) | adeno_fused_glands_high (ev=0.2504, pw=0.0994, edge=0.0387, rank=2) | adeno_micropapillary_high (ev=0.2490, pw=0.0983, edge=0.0476, rank=3) | adeno_hobnail_high (ev=0.2448, pw=0.0941, edge=0.0259, rank=4) | adeno_atypical_glands_high (ev=0.2448, pw=0.0933, edge=0.0621, rank=5)","[""adeno_papillary_high"", ""adeno_fused_glands_high"", ""adeno_micropapillary_high"", ""adeno_hobnail_high"", ""adeno_atypical_glands_high""]",0.005103781380426696,"nonadeno_intercellular_bridges_high (ev=0.2149, pw=0.1651, edge=0.1075, rank=1) | nonadeno_dense_eosinophilic_cytoplasm_high (ev=0.2032, pw=0.1464, edge=0.0460, rank=2) | nonadeno_keratinization_high (ev=0.1948, pw=0.1351, edge=0.0537, rank=3) | nonadeno_fibrosis_inflammation_high (ev=0.1555, pw=0.0905, edge=0.0346, rank=4) | nonadeno_spindle_atypia_high (ev=0.1337, pw=0.0732, edge=0.0068, rank=5)","[""nonadeno_intercellular_bridges_high"", ""nonadeno_dense_eosinophilic_cytoplasm_high"", ""nonadeno_keratinization_high"", ""nonadeno_fibrosis_inflammation_high"", ""nonadeno_spindle_atypia_high""]",,,Adenocarcinoma,Adenocarcinoma,-0.00095900460603132,-0.0010844802421877062,1,1,NonAdenocarcinoma,NonAdenocarcinoma,1,neither_scale_supports_predicted,weak_or_mixed_conflict,0,,,
2468673-B2,0,test,0,0,1,0.5827003121376038,0.4172996878623962,1.8505319356918333,1.5166635513305664,-0.0456647872924804,-1.0915536880493164,0.0488458909094333,-4.294938087463379,3.9633288383483887,4.249273300170898,-5.054882526397705,0.00015463453629183186,"adeno_mucinous (ev=0.0403, pw=0.1066, edge=0.0358, rank=1) | adeno_multifocal_glandular_low (ev=0.0218, pw=0.0881, edge=-0.0085, rank=2) | adeno_solid (ev=0.0216, pw=0.0881, edge=-0.0150, rank=3) | adeno_alveolar_replacement_low (ev=0.0204, pw=0.0876, edge=0.0341, rank=4) | adeno_glandular_infiltration_low (ev=0.0154, pw=0.0833, edge=0.0123, rank=5)","[""adeno_mucinous"", ""adeno_multifocal_glandular_low"", ""adeno_solid"", ""adeno_alveolar_replacement_low"", ""adeno_glandular_infiltration_low""]",0.002698877260700454,"nonadeno_hamartoma_low (ev=0.1285, pw=0.2089, edge=0.0988, rank=1) | nonadeno_fibroinflammatory_low (ev=0.0555, pw=0.1009, edge=0.0128, rank=2) | nonadeno_inflammatory_low (ev=0.0347, pw=0.0816, edge=0.0046, rank=3) | nonadeno_benign_reactive_low (ev=0.0343, pw=0.0811, edge=-0.0000, rank=4) | nonadeno_solid_nests_low (ev=0.0318, pw=0.0785, edge=0.0143, rank=5)","[""nonadeno_hamartoma_low"", ""nonadeno_fibroinflammatory_low"", ""nonadeno_inflammatory_low"", ""nonadeno_benign_reactive_low"", ""nonadeno_solid_nests_low""]",0.0015480537999959943,"adeno_prominent_nucleoli_high (ev=0.2021, pw=0.1127, edge=0.0072, rank=1) | adeno_papillary_high (ev=0.2016, pw=0.1131, edge=0.0860, rank=2) | adeno_hobnail_high (ev=0.1950, pw=0.1059, edge=0.0259, rank=3) | adeno_micropapillary_high (ev=0.1876, pw=0.0985, edge=0.0476, rank=4) | adeno_solid_high (ev=0.1799, pw=0.0905, edge=0.0019, rank=5)","[""adeno_prominent_nucleoli_high"", ""adeno_papillary_high"", ""adeno_hobnail_high"", ""adeno_micropapillary_high"", ""adeno_solid_high""]",0.008189240424735162,"nonadeno_intercellular_bridges_high (ev=0.2356, pw=0.2559, edge=0.1075, rank=1) | nonadeno_dense_eosinophilic_cytoplasm_high (ev=0.2250, pw=0.2294, edge=0.0460, rank=2) | nonadeno_keratinization_high (ev=0.1846, pw=0.1537, edge=0.0537, rank=3) | nonadeno_sarcomatoid_high (ev=0.0925, pw=0.0609, edge=0.0063, rank=4) | nonadeno_neuroendocrine_high (ev=0.0827, pw=0.0547, edge=0.0057, rank=5)","[""nonadeno_intercellular_bridges_high"", ""nonadeno_dense_eosinophilic_cytoplasm_high"", ""nonadeno_keratinization_high"", ""nonadeno_sarcomatoid_high"", ""nonadeno_neuroendocrine_high""]",,,Adenocarcinoma,Adenocarcinoma,-0.002544242724408622,-0.006641186624739168,1,1,NonAdenocarcinoma,NonAdenocarcinoma,1,neither_scale_supports_predicted,weak_or_mixed_conflict,0,,,
2469029-B2,0,test,0,0,1,0.9983600974082948,0.0016398355364799,6.071397304534912,-0.3401205539703369,6.476887702941895,-5.395997524261475,0.0488458909094333,2.1314055919647217,-0.2964530885219574,4.345481872558594,-5.099544525146484,0.0007760290921774943,"adeno_mucinous (ev=0.1274, pw=0.1006, edge=0.0358, rank=1) | adeno_alveolar_replacement_low (ev=0.1222, pw=0.0959, edge=0.0341, rank=2) | adeno_cribriform_low (ev=0.1128, pw=0.0888, edge=0.0181, rank=3) | adeno_lepidic (ev=0.1122, pw=0.0866, edge=0.0139, rank=4) | adeno_glandular_infiltration_low (ev=0.1096, pw=0.0844, edge=0.0123, rank=5)","[""adeno_mucinous"", ""adeno_alveolar_replacement_low"", ""adeno_cribriform_low"", ""adeno_lepidic"", ""adeno_glandular_infiltration_low""]",0.0024424984825773643,"nonadeno_hamartoma_low (ev=0.1342, pw=0.1765, edge=0.0988, rank=1) | nonadeno_solid_nests_low (ev=0.0720, pw=0.0936, edge=0.0143, rank=2) | nonadeno_metastatic_low (ev=0.0710, pw=0.0937, edge=0.0144, rank=3) | nonadeno_fibroinflammatory_low (ev=0.0692, pw=0.0923, edge=0.0128, rank=4) | nonadeno_inflammatory_low (ev=0.0558, pw=0.0805, edge=0.0046, rank=5)","[""nonadeno_hamartoma_low"", ""nonadeno_solid_nests_low"", ""nonadeno_metastatic_low"", ""nonadeno_fibroinflammatory_low"", ""nonadeno_inflammatory_low""]",0.002703690496671397,"adeno_papillary_high (ev=0.2192, pw=0.1126, edge=0.0860, rank=1) | adeno_prominent_nucleoli_high (ev=0.2163, pw=0.1085, edge=0.0072, rank=2) | adeno_micropapillary_high (ev=0.2117, pw=0.1047, edge=0.0476, rank=3) | adeno_hobnail_high (ev=0.2087, pw=0.1015, edge=0.0259, rank=4) | adeno_solid_high (ev=0.2028, pw=0.0950, edge=0.0019, rank=5)","[""adeno_papillary_high"", ""adeno_prominent_nucleoli_high"", ""adeno_micropapillary_high"", ""adeno_hobnail_high"", ""adeno_solid_high""]",0.00761157485097958,"nonadeno_intercellular_bridges_high (ev=0.2349, pw=0.2379, edge=0.1075, rank=1) | nonadeno_dense_eosinophilic_cytoplasm_high (ev=0.2261, pw=0.2172, edge=0.0460, rank=2) | nonadeno_keratinization_high (ev=0.1817, pw=0.1398, edge=0.0537, rank=3) | nonadeno_sarcomatoid_high (ev=0.1127, pw=0.0698, edge=0.0063, rank=4) | nonadeno_neuroendocrine_high (ev=0.1106, pw=0.0677, edge=0.0057, rank=5)","[""nonadeno_intercellular_bridges_high"", ""nonadeno_dense_eosinophilic_cytoplasm_high"", ""nonadeno_keratinization_high"", ""nonadeno_sarcomatoid_high"", ""nonadeno_neuroendocrine_high""]",,,Adenocarcinoma,Adenocarcinoma,-0.00166646939039987,-0.004907884354308183,1,1,NonAdenocarcinoma,NonAdenocarcinoma,1,neither_scale_supports_predicted,weak_or_mixed_conflict,0,,,
2469927-B2,0,test,0,0,1,0.9948573112487792,0.0051426347345113,5.425022602081299,0.1599887460470199,5.359021186828613,-5.340666770935059,0.0488458909094333,0.1416095495223999,0.4491247832775116,5.217411518096924,-5.789791584014893,0.00018190524619836766,"adeno_mucinous (ev=0.0397, pw=0.1064, edge=0.0358, rank=1) | adeno_alveolar_replacement_low (ev=0.0224, pw=0.0899, edge=0.0341, rank=2) | adeno_multifocal_glandular_low (ev=0.0188, pw=0.0860, edge=-0.0085, rank=3) | adeno_lepidic (ev=0.0164, pw=0.0846, edge=0.0139, rank=4) | adeno_solid (ev=0.0158, pw=0.0835, edge=-0.0150, rank=5)","[""adeno_mucinous"", ""adeno_alveolar_replacement_low"", ""adeno_multifocal_glandular_low"", ""adeno_lepidic"", ""adeno_solid""]",0.001993416640309971,"nonadeno_hamartoma_low (ev=0.1021, pw=0.1947, edge=0.0988, rank=1) | nonadeno_fibroinflammatory_low (ev=0.0328, pw=0.0975, edge=0.0128, rank=2) | nonadeno_solid_nests_low (ev=0.0186, pw=0.0835, edge=0.0143, rank=3) | nonadeno_benign_reactive_low (ev=0.0164, pw=0.0823, edge=-0.0000, rank=4) | nonadeno_metastatic_low (ev=0.0138, pw=0.0804, edge=0.0144, rank=5)","[""nonadeno_hamartoma_low"", ""nonadeno_fibroinflammatory_low"", ""nonadeno_solid_nests_low"", ""nonadeno_benign_reactive_low"", ""nonadeno_metastatic_low""]",0.004661248081845488,"adeno_papillary_high (ev=0.3152, pw=0.1299, edge=0.0860, rank=1) | adeno_hobnail_high (ev=0.2989, pw=0.1104, edge=0.0259, rank=2) | adeno_micropapillary_high (ev=0.2896, pw=0.1008, edge=0.0476, rank=3) | adeno_prominent_nucleoli_high (ev=0.2826, pw=0.0930, edge=0.0072, rank=4) | adeno_fused_glands_high (ev=0.2818, pw=0.0930, edge=0.0387, rank=5)","[""adeno_papillary_high"", ""adeno_hobnail_high"", ""adeno_micropapillary_high"", ""adeno_prominent_nucleoli_high"", ""adeno_fused_glands_high""]",0.011054629453548903,"nonadeno_intercellular_bridges_high (ev=0.3272, pw=0.2465, edge=0.1075, rank=1) | nonadeno_dense_eosinophilic_cytoplasm_high (ev=0.3030, pw=0.1928, edge=0.0460, rank=2) | nonadeno_keratinization_high (ev=0.2928, pw=0.1748, edge=0.0537, rank=3) | nonadeno_fibrosis_inflammation_high (ev=0.1954, pw=0.0654, edge=0.0346, rank=4) | nonadeno_sarcomatoid_high (ev=0.1885, pw=0.0613, edge=0.0063, rank=5)","[""nonadeno_intercellular_bridges_high"", ""nonadeno_dense_eosinophilic_cytoplasm_high"", ""nonadeno_keratinization_high"", ""nonadeno_fibrosis_inflammation_high"", ""nonadeno_sarcomatoid_high""]",,,Adenocarcinoma,Adenocarcinoma,-0.0018115113941116032,-0.0063933813717034155,1,1,NonAdenocarcinoma,NonAdenocarcinoma,1,neither_scale_supports_predicted,weak_or_mixed_conflict,0,,,
2471957-B,0,test,0,0,1,0.987575113773346,0.0124249029904603,6.340417385101318,1.9648677110672,5.1619086265563965,-3.704517602920532,0.0488458909094333,1.829960942268372,0.1118575558066368,3.3319478034973145,-3.816375255584717,0.0006195349827767776,"adeno_mucinous (ev=0.1133, pw=0.0951, edge=0.0358, rank=1) | adeno_alveolar_replacement_low (ev=0.1105, pw=0.0929, edge=0.0341, rank=2) | adeno_cribriform_low (ev=0.1049, pw=0.0893, edge=0.0181, rank=3) | adeno_multifocal_glandular_low (ev=0.1048, pw=0.0869, edge=-0.0085, rank=4) | adeno_glandular_infiltration_low (ev=0.1018, pw=0.0850, edge=0.0123, rank=5)","[""adeno_mucinous"", ""adeno_alveolar_replacement_low"", ""adeno_cribriform_low"", ""adeno_multifocal_glandular_low"", ""adeno_glandular_infiltration_low""]",0.0018717312796209561,"nonadeno_hamartoma_low (ev=0.1198, pw=0.1494, edge=0.0988, rank=1) | nonadeno_solid_nests_low (ev=0.0773, pw=0.0965, edge=0.0143, rank=2) | nonadeno_metastatic_low (ev=0.0718, pw=0.0924, edge=0.0144, rank=3) | nonadeno_fibroinflammatory_low (ev=0.0680, pw=0.0892, edge=0.0128, rank=4) | nonadeno_benign_reactive_low (ev=0.0585, pw=0.0807, edge=-0.0000, rank=5)","[""nonadeno_hamartoma_low"", ""nonadeno_solid_nests_low"", ""nonadeno_metastatic_low"", ""nonadeno_fibroinflammatory_low"", ""nonadeno_benign_reactive_low""]",0.006210508885659398,"adeno_papillary_high (ev=0.3500, pw=0.1558, edge=0.0860, rank=1) | adeno_hobnail_high (ev=0.3072, pw=0.1016, edge=0.0259, rank=2) | adeno_fused_glands_high (ev=0.3062, pw=0.1006, edge=0.0387, rank=3) | adeno_micropapillary_high (ev=0.3049, pw=0.0995, edge=0.0476, rank=4) | adeno_atypical_glands_high (ev=0.3016, pw=0.0953, edge=0.0621, rank=5)","[""adeno_papillary_high"", ""adeno_hobnail_high"", ""adeno_fused_glands_high"", ""adeno_micropapillary_high"", ""adeno_atypical_glands_high""]",0.015505331721182007,"nonadeno_intercellular_bridges_high (ev=0.3940, pw=0.2860, edge=0.1075, rank=1) | nonadeno_keratinization_high (ev=0.3806, pw=0.2501, edge=0.0537, rank=2) | nonadeno_dense_eosinophilic_cytoplasm_high (ev=0.3234, pw=0.1407, edge=0.0460, rank=3) | nonadeno_fibrosis_inflammation_high (ev=0.2332, pw=0.0569, edge=0.0346, rank=4) | nonadeno_hamartoma_high (ev=0.2006, pw=0.0406, edge=0.0143, rank=5)","[""nonadeno_intercellular_bridges_high"", ""nonadeno_keratinization_high"", ""nonadeno_dense_eosinophilic_cytoplasm_high"", ""nonadeno_fibrosis_inflammation_high"", ""nonadeno_hamartoma_high""]",,,Adenocarcinoma,Adenocarcinoma,-0.0012521962968441785,-0.009294822835522609,1,1,NonAdenocarcinoma,NonAdenocarcinoma,1,neither_scale_supports_predicted,weak_or_mixed_conflict,0,,,
2473212-B4,0,test,0,0,1,0.9276586771011353,0.0723413228988647,2.3193840980529785,-0.2318842262029647,2.64150333404541,-3.0838723182678223,0.0488458909094333,-3.457559585571289,3.564211845397949,6.099062919616699,-6.648084163665772,-0.00035304852935982617,"adeno_mucinous (ev=-0.1190, pw=0.1168, edge=0.0358, rank=1) | adeno_solid (ev=-0.1330, pw=0.1012, edge=-0.0150, rank=2) | adeno_desmoplastic_invasion_low (ev=-0.1426, pw=0.0909, edge=-0.0119, rank=3) | adeno_multifocal_glandular_low (ev=-0.1461, pw=0.0886, edge=-0.0085, rank=4) | adeno_lepidic (ev=-0.1559, pw=0.0810, edge=0.0139, rank=5)","[""adeno_mucinous"", ""adeno_solid"", ""adeno_desmoplastic_invasion_low"", ""adeno_multifocal_glandular_low"", ""adeno_lepidic""]",0.0009139025132404459,"nonadeno_hamartoma_low (ev=0.0413, pw=0.2288, edge=0.0988, rank=1) | nonadeno_fibroinflammatory_low (ev=-0.0408, pw=0.1009, edge=0.0128, rank=2) | nonadeno_sarcomatoid_low (ev=-0.0539, pw=0.0885, edge=-0.0017, rank=3) | nonadeno_benign_reactive_low (ev=-0.0633, pw=0.0801, edge=-0.0000, rank=4) | nonadeno_small_cell_low (ev=-0.0710, pw=0.0736, edge=-0.0032, rank=5)","[""nonadeno_hamartoma_low"", ""nonadeno_fibroinflammatory_low"", ""nonadeno_sarcomatoid_low"", ""nonadeno_benign_reactive_low"", ""nonadeno_small_cell_low""]",0.004638159397081236,"adeno_papillary_high (ev=0.2955, pw=0.1241, edge=0.0860, rank=1) | adeno_micropapillary_high (ev=0.2770, pw=0.1034, edge=0.0476, rank=2) | adeno_hobnail_high (ev=0.2740, pw=0.1002, edge=0.0259, rank=3) | adeno_fused_glands_high (ev=0.2717, pw=0.0978, edge=0.0387, rank=4) | adeno_atypical_glands_high (ev=0.2669, pw=0.0925, edge=0.0621, rank=5)","[""adeno_papillary_high"", ""adeno_micropapillary_high"", ""adeno_hobnail_high"", ""adeno_fused_glands_high"", ""adeno_atypical_glands_high""]",0.005383894990765819,"nonadeno_intercellular_bridges_high (ev=0.2289, pw=0.1623, edge=0.1075, rank=1) | nonadeno_dense_eosinophilic_cytoplasm_high (ev=0.2219, pw=0.1509, edge=0.0460, rank=2) | nonadeno_keratinization_high (ev=0.2036, pw=0.1260, edge=0.0537, rank=3) | nonadeno_fibrosis_inflammation_high (ev=0.1766, pw=0.0954, edge=0.0346, rank=4) | nonadeno_sarcomatoid_high (ev=0.1577, pw=0.0793, edge=0.0063, rank=5)","[""nonadeno_intercellular_bridges_high"", ""nonadeno_dense_eosinophilic_cytoplasm_high"", ""nonadeno_keratinization_high"", ""nonadeno_fibrosis_inflammation_high"", ""nonadeno_sarcomatoid_high""]",,,Adenocarcinoma,Adenocarcinoma,-0.001266951042600272,-0.0007457355936845832,1,1,NonAdenocarcinoma,NonAdenocarcinoma,1,neither_scale_supports_predicted,weak_or_mixed_conflict,0,,,
2473534-B2,0,test,0,0,1,0.9996260404586792,0.0003739816893357,7.648659706115723,-0.2422701716423034,7.313902854919434,-6.568246841430664,0.0488458909094333,1.6874303817749023,-0.6904102563858032,5.626472473144531,-5.87783670425415,0.0011877216746269642,"adeno_alveolar_replacement_low (ev=0.1923, pw=0.1005, edge=0.0341, rank=1) | adeno_mucinous (ev=0.1901, pw=0.0979, edge=0.0358, rank=2) | adeno_lepidic (ev=0.1876, pw=0.0958, edge=0.0139, rank=3) | adeno_cribriform_low (ev=0.1808, pw=0.0911, edge=0.0181, rank=4) | adeno_glandular_infiltration_low (ev=0.1778, pw=0.0868, edge=0.0123, rank=5)","[""adeno_alveolar_replacement_low"", ""adeno_mucinous"", ""adeno_lepidic"", ""adeno_cribriform_low"", ""adeno_glandular_infiltration_low""]",0.0023706897652758063,"nonadeno_hamartoma_low (ev=0.1430, pw=0.1566, edge=0.0988, rank=1) | nonadeno_metastatic_low (ev=0.1074, pw=0.1095, edge=0.0144, rank=2) | nonadeno_solid_nests_low (ev=0.1026, pw=0.1033, edge=0.0143, rank=3) | nonadeno_fibroinflammatory_low (ev=0.0844, pw=0.0873, edge=0.0128, rank=4) | nonadeno_benign_reactive_low (ev=0.0784, pw=0.0818, edge=-0.0000, rank=5)","[""nonadeno_hamartoma_low"", ""nonadeno_metastatic_low"", ""nonadeno_solid_nests_low"", ""nonadeno_fibroinflammatory_low"", ""nonadeno_benign_reactive_low""]",0.0045459785022335065,"adeno_papillary_high (ev=0.2906, pw=0.1328, edge=0.0860, rank=1) | adeno_fused_glands_high (ev=0.2668, pw=0.1046, edge=0.0387, rank=2) | adeno_atypical_glands_high (ev=0.2577, pw=0.0948, edge=0.0621, rank=3) | adeno_hobnail_high (ev=0.2529, pw=0.0912, edge=0.0259, rank=4) | adeno_acinar_high (ev=0.2528, pw=0.0906, edge=0.0070, rank=5)","[""adeno_papillary_high"", ""adeno_fused_glands_high"", ""adeno_atypical_glands_high"", ""adeno_hobnail_high"", ""adeno_acinar_high""]",0.006648290524002166,"nonadeno_intercellular_bridges_high (ev=0.2682, pw=0.1700, edge=0.1075, rank=1) | nonadeno_keratinization_high (ev=0.2612, pw=0.1584, edge=0.0537, rank=2) | nonadeno_dense_eosinophilic_cytoplasm_high (ev=0.2328, pw=0.1188, edge=0.0460, rank=3) | nonadeno_fibrosis_inflammation_high (ev=0.2091, pw=0.0934, edge=0.0346, rank=4) | nonadeno_hamartoma_high (ev=0.1913, pw=0.0774, edge=0.0143, rank=5)","[""nonadeno_intercellular_bridges_high"", ""nonadeno_keratinization_high"", ""nonadeno_dense_eosinophilic_cytoplasm_high"", ""nonadeno_fibrosis_inflammation_high"", ""nonadeno_hamartoma_high""]",,,Adenocarcinoma,Adenocarcinoma,-0.0011829680906488421,-0.002102312021768659,1,1,NonAdenocarcinoma,NonAdenocarcinoma,1,neither_scale_supports_predicted,weak_or_mixed_conflict,0,,,
2473621-B3,0,test,0,0,1,0.986048936843872,0.0139510780572891,6.521434307098389,2.2632851600646973,5.203484535217285,-3.371187686920166,0.0488458909094333,1.8131227493286133,-0.0971696004271507,3.390361785888672,-3.2740180492401123,0.0010984871583580656,"adeno_mucinous (ev=0.1752, pw=0.1056, edge=0.0358, rank=1) | adeno_alveolar_replacement_low (ev=0.1670, pw=0.0977, edge=0.0341, rank=2) | adeno_lepidic (ev=0.1600, pw=0.0910, edge=0.0139, rank=3) | adeno_glandular_infiltration_low (ev=0.1564, pw=0.0877, edge=0.0123, rank=4) | adeno_cribriform_low (ev=0.1537, pw=0.0870, edge=0.0181, rank=5)","[""adeno_mucinous"", ""adeno_alveolar_replacement_low"", ""adeno_lepidic"", ""adeno_glandular_infiltration_low"", ""adeno_cribriform_low""]",0.0038462079816102587,"nonadeno_hamartoma_low (ev=0.1877, pw=0.1988, edge=0.0988, rank=1) | nonadeno_fibroinflammatory_low (ev=0.1146, pw=0.0959, edge=0.0128, rank=2) | nonadeno_metastatic_low (ev=0.1110, pw=0.0923, edge=0.0144, rank=3) | nonadeno_solid_nests_low (ev=0.1095, pw=0.0898, edge=0.0143, rank=4) | nonadeno_inflammatory_low (ev=0.1017, pw=0.0840, edge=0.0046, rank=5)","[""nonadeno_hamartoma_low"", ""nonadeno_fibroinflammatory_low"", ""nonadeno_metastatic_low"", ""nonadeno_solid_nests_low"", ""nonadeno_inflammatory_low""]",0.0050658364823411356,"adeno_papillary_high (ev=0.3108, pw=0.1479, edge=0.0860, rank=1) | adeno_fused_glands_high (ev=0.2729, pw=0.1013, edge=0.0387, rank=2) | adeno_acinar_high (ev=0.2680, pw=0.0961, edge=0.0070, rank=3) | adeno_atypical_glands_high (ev=0.2660, pw=0.0939, edge=0.0621, rank=4) | adeno_hobnail_high (ev=0.2645, pw=0.0932, edge=0.0259, rank=5)","[""adeno_papillary_high"", ""adeno_fused_glands_high"", ""adeno_acinar_high"", ""adeno_atypical_glands_high"", ""adeno_hobnail_high""]",0.012523943896894102,"nonadeno_intercellular_bridges_high (ev=0.3637, pw=0.2497, edge=0.1075, rank=1) | nonadeno_keratinization_high (ev=0.3453, pw=0.2079, edge=0.0537, rank=2) | nonadeno_dense_eosinophilic_cytoplasm_high (ev=0.3092, pw=0.1443, edge=0.0460, rank=3) | nonadeno_fibrosis_inflammation_high (ev=0.2322, pw=0.0665, edge=0.0346, rank=4) | nonadeno_spindle_atypia_high (ev=0.2230, pw=0.0611, edge=0.0068, rank=5)","[""nonadeno_intercellular_bridges_high"", ""nonadeno_keratinization_high"", ""nonadeno_dense_eosinophilic_cytoplasm_high"", ""nonadeno_fibrosis_inflammation_high"", ""nonadeno_spindle_atypia_high""]",,,Adenocarcinoma,Adenocarcinoma,-0.0027477208232521933,-0.007458107414552966,1,1,NonAdenocarcinoma,NonAdenocarcinoma,1,neither_scale_supports_predicted,weak_or_mixed_conflict,0,,,
2482883-B2,0,test,1,1,1,3.339367322041653e-05,0.9999666213989258,-6.557608127593994,3.749502658843994,-8.158369064331055,7.726131439208984,0.0488458909094333,-5.398805618286133,4.839852333068848,-2.759563684463501,2.8862788677215576,0.0005017582981120753,"adeno_solid (ev=-0.2854, pw=0.1441, edge=-0.0150, rank=1) | adeno_desmoplastic_invasion_low (ev=-0.3126, pw=0.1087, edge=-0.0119, rank=2) | adeno_mucinous (ev=-0.3205, pw=0.1018, edge=0.0358, rank=3) | adeno_multifocal_glandular_low (ev=-0.3282, pw=0.0938, edge=-0.0085, rank=4) | adeno_papillary (ev=-0.3522, pw=0.0745, edge=-0.0011, rank=5)","[""adeno_solid"", ""adeno_desmoplastic_invasion_low"", ""adeno_mucinous"", ""adeno_multifocal_glandular_low"", ""adeno_papillary""]",-0.00044104372897362307,"nonadeno_sarcomatoid_low (ev=-0.0294, pw=0.1918, edge=-0.0017, rank=1) | nonadeno_hamartoma_low (ev=-0.0602, pw=0.1406, edge=0.0988, rank=2) | nonadeno_fibroinflammatory_low (ev=-0.0928, pw=0.1017, edge=0.0128, rank=3) | nonadeno_small_cell_low (ev=-0.0958, pw=0.0974, edge=-0.0032, rank=4) | nonadeno_benign_reactive_low (ev=-0.1214, pw=0.0760, edge=-0.0000, rank=5)","[""nonadeno_sarcomatoid_low"", ""nonadeno_hamartoma_low"", ""nonadeno_fibroinflammatory_low"", ""nonadeno_small_cell_low"", ""nonadeno_benign_reactive_low""]",0.001241285541588531,"adeno_papillary_high (ev=0.0978, pw=0.1156, edge=0.0860, rank=1) | adeno_mucinous_high (ev=0.0868, pw=0.1036, edge=0.0065, rank=2) | adeno_atypical_glands_high (ev=0.0816, pw=0.0977, edge=0.0621, rank=3) | adeno_fused_glands_high (ev=0.0788, pw=0.0956, edge=0.0387, rank=4) | adeno_lepidic_high (ev=0.0725, pw=0.0898, edge=0.0005, rank=5)","[""adeno_papillary_high"", ""adeno_mucinous_high"", ""adeno_atypical_glands_high"", ""adeno_fused_glands_high"", ""adeno_lepidic_high""]",0.0009412997249519991,"nonadeno_hamartoma_high (ev=0.1824, pw=0.2177, edge=0.0143, rank=1) | nonadeno_chondromyxoid_matrix_high (ev=0.1457, pw=0.1506, edge=0.0044, rank=2) | nonadeno_chondroid_matrix_high (ev=0.1193, pw=0.1156, edge=0.0054, rank=3) | nonadeno_keratinization_high (ev=0.1047, pw=0.1019, edge=0.0537, rank=4) | nonadeno_intercellular_bridges_high (ev=0.0862, pw=0.0847, edge=0.1075, rank=5)","[""nonadeno_hamartoma_high"", ""nonadeno_chondromyxoid_matrix_high"", ""nonadeno_chondroid_matrix_high"", ""nonadeno_keratinization_high"", ""nonadeno_intercellular_bridges_high""]",,,NonAdenocarcinoma,NonAdenocarcinoma,0.0009428020270856984,0.00029998581663653184,0,0,Adenocarcinoma,Adenocarcinoma,1,neither_scale_supports_predicted,weak_or_mixed_conflict,0,,,
2484727-B2,0,test,0,0,1,0.9999608993530272,3.9154543628683314e-05,8.028437614440918,-2.1195173263549805,9.570199012756348,-8.38137435913086,0.0488458909094333,3.859575510025024,-2.1055874824523926,5.710623264312744,-6.275787353515625,0.0010095020216577993,"adeno_alveolar_replacement_low (ev=0.1647, pw=0.1009, edge=0.0341, rank=1) | adeno_mucinous (ev=0.1611, pw=0.0969, edge=0.0358, rank=2) | adeno_lepidic (ev=0.1589, pw=0.0951, edge=0.0139, rank=3) | adeno_cribriform_low (ev=0.1525, pw=0.0908, edge=0.0181, rank=4) | adeno_glandular_infiltration_low (ev=0.1470, pw=0.0844, edge=0.0123, rank=5)","[""adeno_alveolar_replacement_low"", ""adeno_mucinous"", ""adeno_lepidic"", ""adeno_cribriform_low"", ""adeno_glandular_infiltration_low""]",0.0015639017024463428,"nonadeno_hamartoma_low (ev=0.1043, pw=0.1406, edge=0.0988, rank=1) | nonadeno_solid_nests_low (ev=0.0795, pw=0.1084, edge=0.0143, rank=2) | nonadeno_metastatic_low (ev=0.0793, pw=0.1094, edge=0.0144, rank=3) | nonadeno_organoid_neuroendocrine_low (ev=0.0540, pw=0.0839, edge=0.0020, rank=4) | nonadeno_fibroinflammatory_low (ev=0.0516, pw=0.0832, edge=0.0128, rank=5)","[""nonadeno_hamartoma_low"", ""nonadeno_solid_nests_low"", ""nonadeno_metastatic_low"", ""nonadeno_organoid_neuroendocrine_low"", ""nonadeno_fibroinflammatory_low""]",0.003745929062728552,"adeno_papillary_high (ev=0.2380, pw=0.1204, edge=0.0860, rank=1) | adeno_atypical_glands_high (ev=0.2233, pw=0.1032, edge=0.0621, rank=2) | adeno_fused_glands_high (ev=0.2211, pw=0.1016, edge=0.0387, rank=3) | adeno_micropapillary_high (ev=0.2167, pw=0.0975, edge=0.0476, rank=4) | adeno_acinar_high (ev=0.2021, pw=0.0837, edge=0.0070, rank=5)","[""adeno_papillary_high"", ""adeno_atypical_glands_high"", ""adeno_fused_glands_high"", ""adeno_micropapillary_high"", ""adeno_acinar_high""]",0.003926130009988063,"nonadeno_intercellular_bridges_high (ev=0.1848, pw=0.1448, edge=0.1075, rank=1) | nonadeno_keratinization_high (ev=0.1773, pw=0.1342, edge=0.0537, rank=2) | nonadeno_dense_eosinophilic_cytoplasm_high (ev=0.1628, pw=0.1157, edge=0.0460, rank=3) | nonadeno_hamartoma_high (ev=0.1410, pw=0.0918, edge=0.0143, rank=4) | nonadeno_fibrosis_inflammation_high (ev=0.1303, pw=0.0832, edge=0.0346, rank=5)","[""nonadeno_intercellular_bridges_high"", ""nonadeno_keratinization_high"", ""nonadeno_dense_eosinophilic_cytoplasm_high"", ""nonadeno_hamartoma_high"", ""nonadeno_fibrosis_inflammation_high""]",,,Adenocarcinoma,Adenocarcinoma,-0.0005543996807885435,-0.00018020094725951143,1,1,NonAdenocarcinoma,NonAdenocarcinoma,1,neither_scale_supports_predicted,weak_or_mixed_conflict,0,,,
2486687-B3,0,test,0,0,1,0.9987433552742004,0.0012566491495817,5.83178186416626,-0.8462672233581543,6.588342666625977,-5.717994689941406,0.0488458909094333,1.0515468120574951,0.6828626394271851,5.536795616149902,-6.400857448577881,0.0004480537498632435,"adeno_mucinous (ev=0.0834, pw=0.1034, edge=0.0358, rank=1) | adeno_alveolar_replacement_low (ev=0.0717, pw=0.0923, edge=0.0341, rank=2) | adeno_glandular_infiltration_low (ev=0.0646, pw=0.0859, edge=0.0123, rank=3) | adeno_multifocal_glandular_low (ev=0.0646, pw=0.0853, edge=-0.0085, rank=4) | adeno_lepidic (ev=0.0633, pw=0.0848, edge=0.0139, rank=5)","[""adeno_mucinous"", ""adeno_alveolar_replacement_low"", ""adeno_glandular_infiltration_low"", ""adeno_multifocal_glandular_low"", ""adeno_lepidic""]",0.003080622840613199,"nonadeno_hamartoma_low (ev=0.1462, pw=0.2083, edge=0.0988, rank=1) | nonadeno_fibroinflammatory_low (ev=0.0729, pw=0.1003, edge=0.0128, rank=2) | nonadeno_solid_nests_low (ev=0.0554, pw=0.0830, edge=0.0143, rank=3) | nonadeno_inflammatory_low (ev=0.0542, pw=0.0829, edge=0.0046, rank=4) | nonadeno_benign_reactive_low (ev=0.0522, pw=0.0811, edge=-0.0000, rank=5)","[""nonadeno_hamartoma_low"", ""nonadeno_fibroinflammatory_low"", ""nonadeno_solid_nests_low"", ""nonadeno_inflammatory_low"", ""nonadeno_benign_reactive_low""]",0.0037363922721400573,"adeno_papillary_high (ev=0.2437, pw=0.1201, edge=0.0860, rank=1) | adeno_micropapillary_high (ev=0.2308, pw=0.1059, edge=0.0476, rank=2) | adeno_hobnail_high (ev=0.2223, pw=0.0971, edge=0.0259, rank=3) | adeno_fused_glands_high (ev=0.2210, pw=0.0958, edge=0.0387, rank=4) | adeno_atypical_glands_high (ev=0.2168, pw=0.0912, edge=0.0621, rank=5)","[""adeno_papillary_high"", ""adeno_micropapillary_high"", ""adeno_hobnail_high"", ""adeno_fused_glands_high"", ""adeno_atypical_glands_high""]",0.00507265145133367,"nonadeno_intercellular_bridges_high (ev=0.1935, pw=0.1862, edge=0.1075, rank=1) | nonadeno_dense_eosinophilic_cytoplasm_high (ev=0.1858, pw=0.1718, edge=0.0460, rank=2) | nonadeno_keratinization_high (ev=0.1616, pw=0.1353, edge=0.0537, rank=3) | nonadeno_fibrosis_inflammation_high (ev=0.1014, pw=0.0735, edge=0.0346, rank=4) | nonadeno_sarcomatoid_high (ev=0.0938, pw=0.0684, edge=0.0063, rank=5)","[""nonadeno_intercellular_bridges_high"", ""nonadeno_dense_eosinophilic_cytoplasm_high"", ""nonadeno_keratinization_high"", ""nonadeno_fibrosis_inflammation_high"", ""nonadeno_sarcomatoid_high""]",,,Adenocarcinoma,Adenocarcinoma,-0.0026325690907499557,-0.0013362591791936129,1,1,NonAdenocarcinoma,NonAdenocarcinoma,1,neither_scale_supports_predicted,weak_or_mixed_conflict,0,,,
2487274-B2,0,test,0,0,1,0.9954715967178344,0.0045284079387784,7.328758239746094,1.9359123706817627,6.738377571105957,-4.9197282791137695,0.0488458909094333,2.308812141418457,-0.4469349384307861,4.4295654296875,-4.472793102264404,0.0008928355175701209,"adeno_mucinous (ev=0.1450, pw=0.0998, edge=0.0358, rank=1) | adeno_alveolar_replacement_low (ev=0.1419, pw=0.0972, edge=0.0341, rank=2) | adeno_cribriform_low (ev=0.1331, pw=0.0905, edge=0.0181, rank=3) | adeno_lepidic (ev=0.1318, pw=0.0877, edge=0.0139, rank=4) | adeno_glandular_infiltration_low (ev=0.1283, pw=0.0846, edge=0.0123, rank=5)","[""adeno_mucinous"", ""adeno_alveolar_replacement_low"", ""adeno_cribriform_low"", ""adeno_lepidic"", ""adeno_glandular_infiltration_low""]",0.002276277120987927,"nonadeno_hamartoma_low (ev=0.1327, pw=0.1644, edge=0.0988, rank=1) | nonadeno_solid_nests_low (ev=0.0824, pw=0.0981, edge=0.0143, rank=2) | nonadeno_metastatic_low (ev=0.0822, pw=0.0990, edge=0.0144, rank=3) | nonadeno_fibroinflammatory_low (ev=0.0720, pw=0.0897, edge=0.0128, rank=4) | nonadeno_inflammatory_low (ev=0.0613, pw=0.0803, edge=0.0046, rank=5)","[""nonadeno_hamartoma_low"", ""nonadeno_solid_nests_low"", ""nonadeno_metastatic_low"", ""nonadeno_fibroinflammatory_low"", ""nonadeno_inflammatory_low""]",0.005092484444660554,"adeno_papillary_high (ev=0.3354, pw=0.1411, edge=0.0860, rank=1) | adeno_hobnail_high (ev=0.3106, pw=0.1102, edge=0.0259, rank=2) | adeno_micropapillary_high (ev=0.3062, pw=0.1056, edge=0.0476, rank=3) | adeno_prominent_nucleoli_high (ev=0.3049, pw=0.1032, edge=0.0072, rank=4) | adeno_solid_high (ev=0.2947, pw=0.0933, edge=0.0019, rank=5)","[""adeno_papillary_high"", ""adeno_hobnail_high"", ""adeno_micropapillary_high"", ""adeno_prominent_nucleoli_high"", ""adeno_solid_high""]",0.01981456191926629,"nonadeno_intercellular_bridges_high (ev=0.4460, pw=0.3426, edge=0.1075, rank=1) | nonadeno_dense_eosinophilic_cytoplasm_high (ev=0.4045, pw=0.2253, edge=0.0460, rank=2) | nonadeno_keratinization_high (ev=0.3833, pw=0.1831, edge=0.0537, rank=3) | nonadeno_sarcomatoid_high (ev=0.2631, pw=0.0548, edge=0.0063, rank=4) | nonadeno_spindle_atypia_high (ev=0.2447, pw=0.0457, edge=0.0068, rank=5)","[""nonadeno_intercellular_bridges_high"", ""nonadeno_dense_eosinophilic_cytoplasm_high"", ""nonadeno_keratinization_high"", ""nonadeno_sarcomatoid_high"", ""nonadeno_spindle_atypia_high""]",,,Adenocarcinoma,Adenocarcinoma,-0.001383441603417806,-0.014722077474605737,1,1,NonAdenocarcinoma,NonAdenocarcinoma,1,neither_scale_supports_predicted,weak_or_mixed_conflict,0,,,
2488050-B3,0,test,0,0,1,0.9918286204338074,0.0081713683903217,7.060465335845947,2.2615513801574707,5.021541595458984,-4.078556537628174,0.0488458909094333,1.9725217819213867,-0.6906286478042603,3.0490195751190186,-3.387927770614624,0.0012191101512555231,"adeno_alveolar_replacement_low (ev=0.2084, pw=0.1031, edge=0.0341, rank=1) | adeno_lepidic (ev=0.2018, pw=0.0964, edge=0.0139, rank=2) | adeno_mucinous (ev=0.2011, pw=0.0954, edge=0.0358, rank=3) | adeno_cribriform_low (ev=0.1964, pw=0.0930, edge=0.0181, rank=4) | adeno_glandular_infiltration_low (ev=0.1904, pw=0.0859, edge=0.0123, rank=5)","[""adeno_alveolar_replacement_low"", ""adeno_lepidic"", ""adeno_mucinous"", ""adeno_cribriform_low"", ""adeno_glandular_infiltration_low""]",0.001770794282153425,"nonadeno_hamartoma_low (ev=0.1198, pw=0.1374, edge=0.0988, rank=1) | nonadeno_metastatic_low (ev=0.1057, pw=0.1192, edge=0.0144, rank=2) | nonadeno_solid_nests_low (ev=0.0992, pw=0.1104, edge=0.0143, rank=3) | nonadeno_organoid_neuroendocrine_low (ev=0.0719, pw=0.0840, edge=0.0020, rank=4) | nonadeno_benign_reactive_low (ev=0.0677, pw=0.0814, edge=-0.0000, rank=5)","[""nonadeno_hamartoma_low"", ""nonadeno_metastatic_low"", ""nonadeno_solid_nests_low"", ""nonadeno_organoid_neuroendocrine_low"", ""nonadeno_benign_reactive_low""]",0.006529999320538989,"adeno_papillary_high (ev=0.3512, pw=0.1760, edge=0.0860, rank=1) | adeno_hobnail_high (ev=0.3052, pw=0.1113, edge=0.0259, rank=2) | adeno_micropapillary_high (ev=0.2947, pw=0.1004, edge=0.0476, rank=3) | adeno_fused_glands_high (ev=0.2900, pw=0.0955, edge=0.0387, rank=4) | adeno_acinar_high (ev=0.2899, pw=0.0950, edge=0.0070, rank=5)","[""adeno_papillary_high"", ""adeno_hobnail_high"", ""adeno_micropapillary_high"", ""adeno_fused_glands_high"", ""adeno_acinar_high""]",0.01945071314432819,"nonadeno_intercellular_bridges_high (ev=0.4297, pw=0.3389, edge=0.1075, rank=1) | nonadeno_keratinization_high (ev=0.3995, pw=0.2506, edge=0.0537, rank=2) | nonadeno_dense_eosinophilic_cytoplasm_high (ev=0.3719, pw=0.1896, edge=0.0460, rank=3) | nonadeno_hamartoma_high (ev=0.1997, pw=0.0334, edge=0.0143, rank=4) | nonadeno_chondroid_matrix_high (ev=0.1942, pw=0.0316, edge=0.0054, rank=5)","[""nonadeno_intercellular_bridges_high"", ""nonadeno_keratinization_high"", ""nonadeno_dense_eosinophilic_cytoplasm_high"", ""nonadeno_hamartoma_high"", ""nonadeno_chondroid_matrix_high""]",,,Adenocarcinoma,Adenocarcinoma,-0.0005516841308979019,-0.0129207138237892,1,1,NonAdenocarcinoma,NonAdenocarcinoma,1,neither_scale_supports_predicted,weak_or_mixed_conflict,0,,,
2488769-B2,0,test,0,0,1,0.947921335697174,0.0520786754786968,4.955092430114746,2.0535764694213867,2.8899950981140137,-2.3286092281341557,0.0488458909094333,-0.6301984786987305,1.7784717082977295,3.520193576812744,-4.107080936431885,0.0009528399916859864,"adeno_alveolar_replacement_low (ev=0.1574, pw=0.0976, edge=0.0341, rank=1) | adeno_mucinous (ev=0.1566, pw=0.0964, edge=0.0358, rank=2) | adeno_cribriform_low (ev=0.1494, pw=0.0916, edge=0.0181, rank=3) | adeno_lepidic (ev=0.1485, pw=0.0892, edge=0.0139, rank=4) | adeno_glandular_infiltration_low (ev=0.1437, pw=0.0850, edge=0.0123, rank=5)","[""adeno_alveolar_replacement_low"", ""adeno_mucinous"", ""adeno_cribriform_low"", ""adeno_lepidic"", ""adeno_glandular_infiltration_low""]",0.002004467536419387,"nonadeno_hamartoma_low (ev=0.1273, pw=0.1485, edge=0.0988, rank=1) | nonadeno_solid_nests_low (ev=0.0914, pw=0.1024, edge=0.0143, rank=2) | nonadeno_metastatic_low (ev=0.0912, pw=0.1034, edge=0.0144, rank=3) | nonadeno_fibroinflammatory_low (ev=0.0730, pw=0.0865, edge=0.0128, rank=4) | nonadeno_inflammatory_low (ev=0.0667, pw=0.0809, edge=0.0046, rank=5)","[""nonadeno_hamartoma_low"", ""nonadeno_solid_nests_low"", ""nonadeno_metastatic_low"", ""nonadeno_fibroinflammatory_low"", ""nonadeno_inflammatory_low""]",0.0036252320881130233,"adeno_papillary_high (ev=0.2546, pw=0.1230, edge=0.0860, rank=1) | adeno_micropapillary_high (ev=0.2447, pw=0.1118, edge=0.0476, rank=2) | adeno_hobnail_high (ev=0.2417, pw=0.1083, edge=0.0259, rank=3) | adeno_prominent_nucleoli_high (ev=0.2405, pw=0.1061, edge=0.0072, rank=4) | adeno_solid_high (ev=0.2345, pw=0.1001, edge=0.0019, rank=5)","[""adeno_papillary_high"", ""adeno_micropapillary_high"", ""adeno_hobnail_high"", ""adeno_prominent_nucleoli_high"", ""adeno_solid_high""]",0.011876282495731706,"nonadeno_intercellular_bridges_high (ev=0.3199, pw=0.2721, edge=0.1075, rank=1) | nonadeno_dense_eosinophilic_cytoplasm_high (ev=0.3109, pw=0.2480, edge=0.0460, rank=2) | nonadeno_keratinization_high (ev=0.2623, pw=0.1531, edge=0.0537, rank=3) | nonadeno_sarcomatoid_high (ev=0.1763, pw=0.0645, edge=0.0063, rank=4) | nonadeno_neuroendocrine_high (ev=0.1642, pw=0.0566, edge=0.0057, rank=5)","[""nonadeno_intercellular_bridges_high"", ""nonadeno_dense_eosinophilic_cytoplasm_high"", ""nonadeno_keratinization_high"", ""nonadeno_sarcomatoid_high"", ""nonadeno_neuroendocrine_high""]",,,Adenocarcinoma,Adenocarcinoma,-0.0010516275447334006,-0.008251050407618683,1,1,NonAdenocarcinoma,NonAdenocarcinoma,1,neither_scale_supports_predicted,weak_or_mixed_conflict,0,,,
2490978B2,0,test,0,0,1,0.9879758954048156,0.0120241409167647,5.210250854492188,0.8015086650848389,4.975582122802734,-4.152834892272949,0.0488458909094333,-0.4059818089008331,2.0613958835601807,5.381564140319824,-6.214230537414551,0.0002437217598697236,"adeno_mucinous (ev=0.0479, pw=0.1037, edge=0.0358, rank=1) | adeno_alveolar_replacement_low (ev=0.0354, pw=0.0919, edge=0.0341, rank=2) | adeno_multifocal_glandular_low (ev=0.0299, pw=0.0862, edge=-0.0085, rank=3) | adeno_lepidic (ev=0.0295, pw=0.0866, edge=0.0139, rank=4) | adeno_cribriform_low (ev=0.0278, pw=0.0866, edge=0.0181, rank=5)","[""adeno_mucinous"", ""adeno_alveolar_replacement_low"", ""adeno_multifocal_glandular_low"", ""adeno_lepidic"", ""adeno_cribriform_low""]",0.0015996950362354772,"nonadeno_hamartoma_low (ev=0.0895, pw=0.1780, edge=0.0988, rank=1) | nonadeno_fibroinflammatory_low (ev=0.0265, pw=0.0950, edge=0.0128, rank=2) | nonadeno_metastatic_low (ev=0.0136, pw=0.0832, edge=0.0144, rank=3) | nonadeno_solid_nests_low (ev=0.0133, pw=0.0820, edge=0.0143, rank=4) | nonadeno_benign_reactive_low (ev=0.0110, pw=0.0809, edge=-0.0000, rank=5)","[""nonadeno_hamartoma_low"", ""nonadeno_fibroinflammatory_low"", ""nonadeno_metastatic_low"", ""nonadeno_solid_nests_low"", ""nonadeno_benign_reactive_low""]",0.004821822423091494,"adeno_papillary_high (ev=0.3086, pw=0.1405, edge=0.0860, rank=1) | adeno_hobnail_high (ev=0.2841, pw=0.1101, edge=0.0259, rank=2) | adeno_fused_glands_high (ev=0.2731, pw=0.0986, edge=0.0387, rank=3) | adeno_micropapillary_high (ev=0.2693, pw=0.0952, edge=0.0476, rank=4) | adeno_prominent_nucleoli_high (ev=0.2666, pw=0.0916, edge=0.0072, rank=5)","[""adeno_papillary_high"", ""adeno_hobnail_high"", ""adeno_fused_glands_high"", ""adeno_micropapillary_high"", ""adeno_prominent_nucleoli_high""]",0.013139563243485353,"nonadeno_intercellular_bridges_high (ev=0.3415, pw=0.2821, edge=0.1075, rank=1) | nonadeno_keratinization_high (ev=0.3122, pw=0.2105, edge=0.0537, rank=2) | nonadeno_dense_eosinophilic_cytoplasm_high (ev=0.3062, pw=0.1976, edge=0.0460, rank=3) | nonadeno_fibrosis_inflammation_high (ev=0.1767, pw=0.0538, edge=0.0346, rank=4) | nonadeno_spindle_atypia_high (ev=0.1564, pw=0.0442, edge=0.0068, rank=5)","[""nonadeno_intercellular_bridges_high"", ""nonadeno_keratinization_high"", ""nonadeno_dense_eosinophilic_cytoplasm_high"", ""nonadeno_fibrosis_inflammation_high"", ""nonadeno_spindle_atypia_high""]",,,Adenocarcinoma,Adenocarcinoma,-0.0013559732763657535,-0.00831774082039386,1,1,NonAdenocarcinoma,NonAdenocarcinoma,1,neither_scale_supports_predicted,weak_or_mixed_conflict,0,,,
25009756B2,0,test,0,0,1,0.9993845224380492,0.0006154346046969,8.244826316833496,0.8522601127624512,8.47003173828125,-7.067068099975586,0.0488458909094333,2.875394344329834,-1.0309667587280271,5.594636917114258,-6.036101341247559,0.0011210038993187425,"adeno_mucinous (ev=0.1816, pw=0.0980, edge=0.0358, rank=1) | adeno_alveolar_replacement_low (ev=0.1804, pw=0.0972, edge=0.0341, rank=2) | adeno_cribriform_low (ev=0.1729, pw=0.0917, edge=0.0181, rank=3) | adeno_lepidic (ev=0.1722, pw=0.0894, edge=0.0139, rank=4) | adeno_glandular_infiltration_low (ev=0.1680, pw=0.0857, edge=0.0123, rank=5)","[""adeno_mucinous"", ""adeno_alveolar_replacement_low"", ""adeno_cribriform_low"", ""adeno_lepidic"", ""adeno_glandular_infiltration_low""]",0.0025807356588024616,"nonadeno_hamartoma_low (ev=0.1546, pw=0.1578, edge=0.0988, rank=1) | nonadeno_metastatic_low (ev=0.1129, pw=0.1039, edge=0.0144, rank=2) | nonadeno_solid_nests_low (ev=0.1123, pw=0.1021, edge=0.0143, rank=3) | nonadeno_fibroinflammatory_low (ev=0.0948, pw=0.0870, edge=0.0128, rank=4) | nonadeno_inflammatory_low (ev=0.0886, pw=0.0815, edge=0.0046, rank=5)","[""nonadeno_hamartoma_low"", ""nonadeno_metastatic_low"", ""nonadeno_solid_nests_low"", ""nonadeno_fibroinflammatory_low"", ""nonadeno_inflammatory_low""]",0.004618756428885547,"adeno_papillary_high (ev=0.3117, pw=0.1473, edge=0.0860, rank=1) | adeno_hobnail_high (ev=0.2773, pw=0.1045, edge=0.0259, rank=2) | adeno_prominent_nucleoli_high (ev=0.2669, pw=0.0933, edge=0.0072, rank=3) | adeno_acinar_high (ev=0.2661, pw=0.0929, edge=0.0070, rank=4) | adeno_fused_glands_high (ev=0.2659, pw=0.0931, edge=0.0387, rank=5)","[""adeno_papillary_high"", ""adeno_hobnail_high"", ""adeno_prominent_nucleoli_high"", ""adeno_acinar_high"", ""adeno_fused_glands_high""]",0.0163454504605246,"nonadeno_intercellular_bridges_high (ev=0.4079, pw=0.2893, edge=0.1075, rank=1) | nonadeno_keratinization_high (ev=0.3871, pw=0.2350, edge=0.0537, rank=2) | nonadeno_dense_eosinophilic_cytoplasm_high (ev=0.3707, pw=0.1987, edge=0.0460, rank=3) | nonadeno_spindle_atypia_high (ev=0.2289, pw=0.0482, edge=0.0068, rank=4) | nonadeno_fibrosis_inflammation_high (ev=0.2248, pw=0.0460, edge=0.0346, rank=5)","[""nonadeno_intercellular_bridges_high"", ""nonadeno_keratinization_high"", ""nonadeno_dense_eosinophilic_cytoplasm_high"", ""nonadeno_spindle_atypia_high"", ""nonadeno_fibrosis_inflammation_high""]",,,Adenocarcinoma,Adenocarcinoma,-0.001459731759483719,-0.011726694031639052,1,1,NonAdenocarcinoma,NonAdenocarcinoma,1,neither_scale_supports_predicted,weak_or_mixed_conflict,0,,,
25014124B2,0,test,0,0,1,0.9886524081230164,0.0113475657999515,5.15974235534668,0.6924030184745789,5.184703826904297,-4.061046600341797,0.0488458909094333,2.4083499908447266,-0.5446000099182129,2.7763540744781494,-3.516446352005005,0.0009028491625193135,"adeno_mucinous (ev=0.1477, pw=0.0972, edge=0.0358, rank=1) | adeno_alveolar_replacement_low (ev=0.1471, pw=0.0970, edge=0.0341, rank=2) | adeno_cribriform_low (ev=0.1387, pw=0.0907, edge=0.0181, rank=3) | adeno_lepidic (ev=0.1366, pw=0.0872, edge=0.0139, rank=4) | adeno_glandular_infiltration_low (ev=0.1346, pw=0.0854, edge=0.0123, rank=5)","[""adeno_mucinous"", ""adeno_alveolar_replacement_low"", ""adeno_cribriform_low"", ""adeno_lepidic"", ""adeno_glandular_infiltration_low""]",0.002124882054140838,"nonadeno_hamartoma_low (ev=0.1320, pw=0.1528, edge=0.0988, rank=1) | nonadeno_solid_nests_low (ev=0.0901, pw=0.0993, edge=0.0143, rank=2) | nonadeno_metastatic_low (ev=0.0888, pw=0.0991, edge=0.0144, rank=3) | nonadeno_fibroinflammatory_low (ev=0.0769, pw=0.0883, edge=0.0128, rank=4) | nonadeno_inflammatory_low (ev=0.0681, pw=0.0806, edge=0.0046, rank=5)","[""nonadeno_hamartoma_low"", ""nonadeno_solid_nests_low"", ""nonadeno_metastatic_low"", ""nonadeno_fibroinflammatory_low"", ""nonadeno_inflammatory_low""]",0.0009206340526866152,"adeno_prominent_nucleoli_high (ev=0.1686, pw=0.1155, edge=0.0072, rank=1) | adeno_solid_high (ev=0.1614, pw=0.1077, edge=0.0019, rank=2) | adeno_papillary_high (ev=0.1603, pw=0.1071, edge=0.0860, rank=3) | adeno_micropapillary_high (ev=0.1557, pw=0.1027, edge=0.0476, rank=4) | adeno_hobnail_high (ev=0.1552, pw=0.1020, edge=0.0259, rank=5)","[""adeno_prominent_nucleoli_high"", ""adeno_solid_high"", ""adeno_papillary_high"", ""adeno_micropapillary_high"", ""adeno_hobnail_high""]",0.010377584939442075,"nonadeno_intercellular_bridges_high (ev=0.2654, pw=0.2906, edge=0.1075, rank=1) | nonadeno_dense_eosinophilic_cytoplasm_high (ev=0.2537, pw=0.2574, edge=0.0460, rank=2) | nonadeno_keratinization_high (ev=0.2037, pw=0.1567, edge=0.0537, rank=3) | nonadeno_sarcomatoid_high (ev=0.1021, pw=0.0565, edge=0.0063, rank=4) | nonadeno_neuroendocrine_high (ev=0.0912, pw=0.0502, edge=0.0057, rank=5)","[""nonadeno_intercellular_bridges_high"", ""nonadeno_dense_eosinophilic_cytoplasm_high"", ""nonadeno_keratinization_high"", ""nonadeno_sarcomatoid_high"", ""nonadeno_neuroendocrine_high""]",,,Adenocarcinoma,Adenocarcinoma,-0.0012220328916215245,-0.00945695088675546,1,1,NonAdenocarcinoma,NonAdenocarcinoma,1,neither_scale_supports_predicted,weak_or_mixed_conflict,0,,,
25015622B2,0,test,0,0,1,0.9994096755981444,0.0005903054843656,6.528140544891357,-0.9061394333839417,7.420766353607178,-6.390273571014404,0.0488458909094333,1.0746992826461792,0.6978076696395874,6.346066951751709,-7.088081359863281,0.0005172709634254228,"adeno_mucinous (ev=0.0978, pw=0.1012, edge=0.0358, rank=1) | adeno_alveolar_replacement_low (ev=0.0870, pw=0.0912, edge=0.0341, rank=2) | adeno_multifocal_glandular_low (ev=0.0829, pw=0.0868, edge=-0.0085, rank=3) | adeno_cribriform_low (ev=0.0798, pw=0.0864, edge=0.0181, rank=4) | adeno_glandular_infiltration_low (ev=0.0797, pw=0.0846, edge=0.0123, rank=5)","[""adeno_mucinous"", ""adeno_alveolar_replacement_low"", ""adeno_multifocal_glandular_low"", ""adeno_cribriform_low"", ""adeno_glandular_infiltration_low""]",0.002780967353975636,"nonadeno_hamartoma_low (ev=0.1472, pw=0.1841, edge=0.0988, rank=1) | nonadeno_fibroinflammatory_low (ev=0.0814, pw=0.0956, edge=0.0128, rank=2) | nonadeno_solid_nests_low (ev=0.0728, pw=0.0865, edge=0.0143, rank=3) | nonadeno_metastatic_low (ev=0.0670, pw=0.0825, edge=0.0144, rank=4) | nonadeno_inflammatory_low (ev=0.0655, pw=0.0812, edge=0.0046, rank=5)","[""nonadeno_hamartoma_low"", ""nonadeno_fibroinflammatory_low"", ""nonadeno_solid_nests_low"", ""nonadeno_metastatic_low"", ""nonadeno_inflammatory_low""]",0.003859784527382209,"adeno_papillary_high (ev=0.2550, pw=0.1167, edge=0.0860, rank=1) | adeno_fused_glands_high (ev=0.2400, pw=0.1004, edge=0.0387, rank=2) | adeno_micropapillary_high (ev=0.2377, pw=0.0983, edge=0.0476, rank=3) | adeno_atypical_glands_high (ev=0.2366, pw=0.0964, edge=0.0621, rank=4) | adeno_hobnail_high (ev=0.2302, pw=0.0911, edge=0.0259, rank=5)","[""adeno_papillary_high"", ""adeno_fused_glands_high"", ""adeno_micropapillary_high"", ""adeno_atypical_glands_high"", ""adeno_hobnail_high""]",0.0046529915923187335,"nonadeno_intercellular_bridges_high (ev=0.1992, pw=0.1606, edge=0.1075, rank=1) | nonadeno_dense_eosinophilic_cytoplasm_high (ev=0.1954, pw=0.1541, edge=0.0460, rank=2) | nonadeno_keratinization_high (ev=0.1756, pw=0.1269, edge=0.0537, rank=3) | nonadeno_fibrosis_inflammation_high (ev=0.1406, pw=0.0887, edge=0.0346, rank=4) | nonadeno_sarcomatoid_high (ev=0.1308, pw=0.0807, edge=0.0063, rank=5)","[""nonadeno_intercellular_bridges_high"", ""nonadeno_dense_eosinophilic_cytoplasm_high"", ""nonadeno_keratinization_high"", ""nonadeno_fibrosis_inflammation_high"", ""nonadeno_sarcomatoid_high""]",,,Adenocarcinoma,Adenocarcinoma,-0.0022636963905502136,-0.0007932070649365247,1,1,NonAdenocarcinoma,NonAdenocarcinoma,1,neither_scale_supports_predicted,weak_or_mixed_conflict,0,,,
25017355B1,0,test,0,0,1,0.9999151229858398,8.48723720991984e-05,8.238224983215332,-1.136052131652832,8.991490364074707,-7.728114128112793,0.0488458909094333,2.7290589809417725,-0.9839965105056764,6.262431621551514,-6.744117736816406,0.0010426208131768496,"adeno_mucinous (ev=0.1666, pw=0.1004, edge=0.0358, rank=1) | adeno_alveolar_replacement_low (ev=0.1655, pw=0.0997, edge=0.0341, rank=2) | adeno_lepidic (ev=0.1584, pw=0.0927, edge=0.0139, rank=3) | adeno_cribriform_low (ev=0.1535, pw=0.0899, edge=0.0181, rank=4) | adeno_glandular_infiltration_low (ev=0.1510, pw=0.0860, edge=0.0123, rank=5)","[""adeno_mucinous"", ""adeno_alveolar_replacement_low"", ""adeno_lepidic"", ""adeno_cribriform_low"", ""adeno_glandular_infiltration_low""]",0.0030872559854344286,"nonadeno_hamartoma_low (ev=0.1567, pw=0.1907, edge=0.0988, rank=1) | nonadeno_metastatic_low (ev=0.0911, pw=0.0988, edge=0.0144, rank=2) | nonadeno_solid_nests_low (ev=0.0886, pw=0.0953, edge=0.0143, rank=3) | nonadeno_fibroinflammatory_low (ev=0.0852, pw=0.0934, edge=0.0128, rank=4) | nonadeno_inflammatory_low (ev=0.0718, pw=0.0814, edge=0.0046, rank=5)","[""nonadeno_hamartoma_low"", ""nonadeno_metastatic_low"", ""nonadeno_solid_nests_low"", ""nonadeno_fibroinflammatory_low"", ""nonadeno_inflammatory_low""]",0.004066855080776849,"adeno_papillary_high (ev=0.2832, pw=0.1183, edge=0.0860, rank=1) | adeno_micropapillary_high (ev=0.2714, pw=0.1054, edge=0.0476, rank=2) | adeno_hobnail_high (ev=0.2676, pw=0.1013, edge=0.0259, rank=3) | adeno_fused_glands_high (ev=0.2602, pw=0.0940, edge=0.0387, rank=4) | adeno_prominent_nucleoli_high (ev=0.2567, pw=0.0901, edge=0.0072, rank=5)","[""adeno_papillary_high"", ""adeno_micropapillary_high"", ""adeno_hobnail_high"", ""adeno_fused_glands_high"", ""adeno_prominent_nucleoli_high""]",0.0055370896659957015,"nonadeno_intercellular_bridges_high (ev=0.2339, pw=0.1640, edge=0.1075, rank=1) | nonadeno_dense_eosinophilic_cytoplasm_high (ev=0.2273, pw=0.1530, edge=0.0460, rank=2) | nonadeno_keratinization_high (ev=0.2058, pw=0.1238, edge=0.0537, rank=3) | nonadeno_fibrosis_inflammation_high (ev=0.1765, pw=0.0917, edge=0.0346, rank=4) | nonadeno_sarcomatoid_high (ev=0.1680, pw=0.0845, edge=0.0063, rank=5)","[""nonadeno_intercellular_bridges_high"", ""nonadeno_dense_eosinophilic_cytoplasm_high"", ""nonadeno_keratinization_high"", ""nonadeno_fibrosis_inflammation_high"", ""nonadeno_sarcomatoid_high""]",,,Adenocarcinoma,Adenocarcinoma,-0.0020446351722575792,-0.0014702345852188525,1,1,NonAdenocarcinoma,NonAdenocarcinoma,1,neither_scale_supports_predicted,weak_or_mixed_conflict,0,,,
25021260B2,0,test,0,0,1,0.9999709129333496,2.9077755243633877e-05,8.678884506225586,-1.7666237354278564,9.842432975769045,-8.655467987060547,0.0488458909094333,3.5262067317962646,-1.7283421754837036,6.316226482391357,-6.927125453948975,0.001005079222306176,"adeno_mucinous (ev=0.1624, pw=0.0988, edge=0.0358, rank=1) | adeno_alveolar_replacement_low (ev=0.1618, pw=0.0986, edge=0.0341, rank=2) | adeno_lepidic (ev=0.1549, pw=0.0919, edge=0.0139, rank=3) | adeno_cribriform_low (ev=0.1515, pw=0.0905, edge=0.0181, rank=4) | adeno_glandular_infiltration_low (ev=0.1468, pw=0.0847, edge=0.0123, rank=5)","[""adeno_mucinous"", ""adeno_alveolar_replacement_low"", ""adeno_lepidic"", ""adeno_cribriform_low"", ""adeno_glandular_infiltration_low""]",0.0019469252425211368,"nonadeno_hamartoma_low (ev=0.1228, pw=0.1501, edge=0.0988, rank=1) | nonadeno_solid_nests_low (ev=0.0905, pw=0.1073, edge=0.0143, rank=2) | nonadeno_metastatic_low (ev=0.0861, pw=0.1038, edge=0.0144, rank=3) | nonadeno_organoid_neuroendocrine_low (ev=0.0648, pw=0.0829, edge=0.0020, rank=4) | nonadeno_fibroinflammatory_low (ev=0.0621, pw=0.0820, edge=0.0128, rank=5)","[""nonadeno_hamartoma_low"", ""nonadeno_solid_nests_low"", ""nonadeno_metastatic_low"", ""nonadeno_organoid_neuroendocrine_low"", ""nonadeno_fibroinflammatory_low""]",0.0046611892435764,"adeno_papillary_high (ev=0.2928, pw=0.1227, edge=0.0860, rank=1) | adeno_micropapillary_high (ev=0.2781, pw=0.1062, edge=0.0476, rank=2) | adeno_fused_glands_high (ev=0.2688, pw=0.0966, edge=0.0387, rank=3) | adeno_atypical_glands_high (ev=0.2688, pw=0.0958, edge=0.0621, rank=4) | adeno_hobnail_high (ev=0.2680, pw=0.0958, edge=0.0259, rank=5)","[""adeno_papillary_high"", ""adeno_micropapillary_high"", ""adeno_fused_glands_high"", ""adeno_atypical_glands_high"", ""adeno_hobnail_high""]",0.005425884527782325,"nonadeno_intercellular_bridges_high (ev=0.2303, pw=0.1642, edge=0.1075, rank=1) | nonadeno_dense_eosinophilic_cytoplasm_high (ev=0.2211, pw=0.1492, edge=0.0460, rank=2) | nonadeno_keratinization_high (ev=0.2036, pw=0.1257, edge=0.0537, rank=3) | nonadeno_fibrosis_inflammation_high (ev=0.1691, pw=0.0883, edge=0.0346, rank=4) | nonadeno_sarcomatoid_high (ev=0.1567, pw=0.0783, edge=0.0063, rank=5)","[""nonadeno_intercellular_bridges_high"", ""nonadeno_dense_eosinophilic_cytoplasm_high"", ""nonadeno_keratinization_high"", ""nonadeno_fibrosis_inflammation_high"", ""nonadeno_sarcomatoid_high""]",,,Adenocarcinoma,Adenocarcinoma,-0.0009418460202149609,-0.0007646952842059254,1,1,NonAdenocarcinoma,NonAdenocarcinoma,1,neither_scale_supports_predicted,weak_or_mixed_conflict,0,,,
25021640B3,0,test,0,0,1,0.9541191458702089,0.0458808541297912,5.351299285888672,2.316558599472046,3.8170902729034415,-2.4382762908935547,0.0488458909094333,1.1612210273742676,-0.1404154598712921,2.655869245529175,-2.297860860824585,0.0009257321448541038,"adeno_mucinous (ev=0.1515, pw=0.1018, edge=0.0358, rank=1) | adeno_alveolar_replacement_low (ev=0.1447, pw=0.0956, edge=0.0341, rank=2) | adeno_lepidic (ev=0.1370, pw=0.0884, edge=0.0139, rank=3) | adeno_cribriform_low (ev=0.1347, pw=0.0880, edge=0.0181, rank=4) | adeno_glandular_infiltration_low (ev=0.1330, pw=0.0849, edge=0.0123, rank=5)","[""adeno_mucinous"", ""adeno_alveolar_replacement_low"", ""adeno_lepidic"", ""adeno_cribriform_low"", ""adeno_glandular_infiltration_low""]",0.0028131411738984784,"nonadeno_hamartoma_low (ev=0.1546, pw=0.1752, edge=0.0988, rank=1) | nonadeno_solid_nests_low (ev=0.0968, pw=0.0971, edge=0.0143, rank=2) | nonadeno_metastatic_low (ev=0.0935, pw=0.0950, edge=0.0144, rank=3) | nonadeno_fibroinflammatory_low (ev=0.0863, pw=0.0887, edge=0.0128, rank=4) | nonadeno_inflammatory_low (ev=0.0761, pw=0.0798, edge=0.0046, rank=5)","[""nonadeno_hamartoma_low"", ""nonadeno_solid_nests_low"", ""nonadeno_metastatic_low"", ""nonadeno_fibroinflammatory_low"", ""nonadeno_inflammatory_low""]",0.004899357286247479,"adeno_papillary_high (ev=0.2834, pw=0.1550, edge=0.0860, rank=1) | adeno_micropapillary_high (ev=0.2398, pw=0.1005, edge=0.0476, rank=2) | adeno_acinar_high (ev=0.2382, pw=0.0982, edge=0.0070, rank=3) | adeno_fused_glands_high (ev=0.2351, pw=0.0956, edge=0.0387, rank=4) | adeno_atypical_glands_high (ev=0.2349, pw=0.0947, edge=0.0621, rank=5)","[""adeno_papillary_high"", ""adeno_micropapillary_high"", ""adeno_acinar_high"", ""adeno_fused_glands_high"", ""adeno_atypical_glands_high""]",0.011872271359348234,"nonadeno_intercellular_bridges_high (ev=0.3492, pw=0.2530, edge=0.1075, rank=1) | nonadeno_keratinization_high (ev=0.3222, pw=0.1933, edge=0.0537, rank=2) | nonadeno_dense_eosinophilic_cytoplasm_high (ev=0.2950, pw=0.1466, edge=0.0460, rank=3) | nonadeno_spindle_atypia_high (ev=0.2150, pw=0.0660, edge=0.0068, rank=4) | nonadeno_sarcomatoid_high (ev=0.2134, pw=0.0648, edge=0.0063, rank=5)","[""nonadeno_intercellular_bridges_high"", ""nonadeno_keratinization_high"", ""nonadeno_dense_eosinophilic_cytoplasm_high"", ""nonadeno_spindle_atypia_high"", ""nonadeno_sarcomatoid_high""]",,,Adenocarcinoma,Adenocarcinoma,-0.0018874090290443746,-0.006972914073100755,1,1,NonAdenocarcinoma,NonAdenocarcinoma,1,neither_scale_supports_predicted,weak_or_mixed_conflict,0,,,
25023690B3,0,test,0,0,1,0.7405296564102173,0.2594703733921051,4.839340686798096,3.790617465972901,2.982997417449951,-1.2766214609146118,0.0488458909094333,2.0215866565704346,-0.1304005235433578,0.961410641670227,-1.1462209224700928,0.0007893051507051483,"adeno_mucinous (ev=0.1421, pw=0.0958, edge=0.0358, rank=1) | adeno_alveolar_replacement_low (ev=0.1404, pw=0.0946, edge=0.0341, rank=2) | adeno_cribriform_low (ev=0.1327, pw=0.0892, edge=0.0181, rank=3) | adeno_multifocal_glandular_low (ev=0.1307, pw=0.0851, edge=-0.0085, rank=4) | adeno_glandular_infiltration_low (ev=0.1307, pw=0.0857, edge=0.0123, rank=5)","[""adeno_mucinous"", ""adeno_alveolar_replacement_low"", ""adeno_cribriform_low"", ""adeno_multifocal_glandular_low"", ""adeno_glandular_infiltration_low""]",0.0024856118935409244,"nonadeno_hamartoma_low (ev=0.1458, pw=0.1631, edge=0.0988, rank=1) | nonadeno_solid_nests_low (ev=0.0945, pw=0.0965, edge=0.0143, rank=2) | nonadeno_metastatic_low (ev=0.0925, pw=0.0956, edge=0.0144, rank=3) | nonadeno_fibroinflammatory_low (ev=0.0860, pw=0.0899, edge=0.0128, rank=4) | nonadeno_inflammatory_low (ev=0.0763, pw=0.0813, edge=0.0046, rank=5)","[""nonadeno_hamartoma_low"", ""nonadeno_solid_nests_low"", ""nonadeno_metastatic_low"", ""nonadeno_fibroinflammatory_low"", ""nonadeno_inflammatory_low""]",0.0031300736486336855,"adeno_papillary_high (ev=0.2496, pw=0.1197, edge=0.0860, rank=1) | adeno_prominent_nucleoli_high (ev=0.2459, pw=0.1144, edge=0.0072, rank=2) | adeno_hobnail_high (ev=0.2422, pw=0.1112, edge=0.0259, rank=3) | adeno_solid_high (ev=0.2350, pw=0.1029, edge=0.0019, rank=4) | adeno_micropapillary_high (ev=0.2303, pw=0.0989, edge=0.0476, rank=5)","[""adeno_papillary_high"", ""adeno_prominent_nucleoli_high"", ""adeno_hobnail_high"", ""adeno_solid_high"", ""adeno_micropapillary_high""]",0.021346469469373065,"nonadeno_intercellular_bridges_high (ev=0.4367, pw=0.3784, edge=0.1075, rank=1) | nonadeno_dense_eosinophilic_cytoplasm_high (ev=0.3943, pw=0.2467, edge=0.0460, rank=2) | nonadeno_keratinization_high (ev=0.3724, pw=0.1989, edge=0.0537, rank=3) | nonadeno_sarcomatoid_high (ev=0.2121, pw=0.0398, edge=0.0063, rank=4) | nonadeno_spindle_atypia_high (ev=0.1909, pw=0.0323, edge=0.0068, rank=5)","[""nonadeno_intercellular_bridges_high"", ""nonadeno_dense_eosinophilic_cytoplasm_high"", ""nonadeno_keratinization_high"", ""nonadeno_sarcomatoid_high"", ""nonadeno_spindle_atypia_high""]",,,Adenocarcinoma,Adenocarcinoma,-0.0016963067428357763,-0.01821639582073938,1,1,NonAdenocarcinoma,NonAdenocarcinoma,1,neither_scale_supports_predicted,weak_or_mixed_conflict,0,,,
25024855B4,0,test,1,1,1,0.2227294147014618,0.7772705554962158,-0.7929441332817078,0.4568866789340973,-0.4090132713317871,-0.7416610717773438,0.0488458909094333,-5.965246200561523,5.447796821594238,5.556232929229736,-6.189457893371582,8.82691175149894e-05,"adeno_solid (ev=-0.2099, pw=0.1366, edge=-0.0150, rank=1) | adeno_mucinous (ev=-0.2395, pw=0.1020, edge=0.0358, rank=2) | adeno_desmoplastic_invasion_low (ev=-0.2403, pw=0.0998, edge=-0.0119, rank=3) | adeno_multifocal_glandular_low (ev=-0.2455, pw=0.0955, edge=-0.0085, rank=4) | adeno_glandular_infiltration_low (ev=-0.2702, pw=0.0752, edge=0.0123, rank=5)","[""adeno_solid"", ""adeno_mucinous"", ""adeno_desmoplastic_invasion_low"", ""adeno_multifocal_glandular_low"", ""adeno_glandular_infiltration_low""]",2.457867825864128e-05,"nonadeno_sarcomatoid_low (ev=0.0179, pw=0.1710, edge=-0.0017, rank=1) | nonadeno_hamartoma_low (ev=0.0060, pw=0.1516, edge=0.0988, rank=2) | nonadeno_fibroinflammatory_low (ev=-0.0325, pw=0.1034, edge=0.0128, rank=3) | nonadeno_small_cell_low (ev=-0.0455, pw=0.0895, edge=-0.0032, rank=4) | nonadeno_inflammatory_low (ev=-0.0602, pw=0.0781, edge=0.0046, rank=5)","[""nonadeno_sarcomatoid_low"", ""nonadeno_hamartoma_low"", ""nonadeno_fibroinflammatory_low"", ""nonadeno_small_cell_low"", ""nonadeno_inflammatory_low""]",0.0037683285966794208,"adeno_papillary_high (ev=0.2341, pw=0.1251, edge=0.0860, rank=1) | adeno_atypical_glands_high (ev=0.2176, pw=0.1053, edge=0.0621, rank=2) | adeno_fused_glands_high (ev=0.2157, pw=0.1041, edge=0.0387, rank=3) | adeno_micropapillary_high (ev=0.2037, pw=0.0925, edge=0.0476, rank=4) | adeno_acinar_high (ev=0.1966, pw=0.0857, edge=0.0070, rank=5)","[""adeno_papillary_high"", ""adeno_atypical_glands_high"", ""adeno_fused_glands_high"", ""adeno_micropapillary_high"", ""adeno_acinar_high""]",0.0015741354679246042,"nonadeno_hamartoma_high (ev=0.1580, pw=0.1210, edge=0.0143, rank=1) | nonadeno_keratinization_high (ev=0.1567, pw=0.1217, edge=0.0537, rank=2) | nonadeno_intercellular_bridges_high (ev=0.1513, pw=0.1152, edge=0.1075, rank=3) | nonadeno_dense_eosinophilic_cytoplasm_high (ev=0.1356, pw=0.0981, edge=0.0460, rank=4) | nonadeno_chondromyxoid_matrix_high (ev=0.1340, pw=0.0950, edge=0.0044, rank=5)","[""nonadeno_hamartoma_high"", ""nonadeno_keratinization_high"", ""nonadeno_intercellular_bridges_high"", ""nonadeno_dense_eosinophilic_cytoplasm_high"", ""nonadeno_chondromyxoid_matrix_high""]",,,NonAdenocarcinoma,NonAdenocarcinoma,6.369043925634813e-05,0.0021941931287548164,0,0,Adenocarcinoma,Adenocarcinoma,1,neither_scale_supports_predicted,weak_or_mixed_conflict,0,,,
