file_name,relative_path,file_size,sha256,mtime,dataset_keys,dataset_summary,feature_dataset,feature_shape,feature_dtype,feature_has_nan,feature_has_inf,feature_hash,coords_shape,coords_hash
2460239-B2.h5,features_biomedclip_20x/2460239-B2.h5,4950401,1ce9187e62b3f19afef09d0db87466e496dbf95ceddba39932f01312aabd554b,2026-01-07T11:34:36.226027,"[""coords"", ""features""]","{""coords"": {""dtype"": ""int64"", ""has_inf"": false, ""has_nan"": false, ""shape"": [2592, 2], ""summary_hash"": ""98b8d2ebbe7f3c744958c9db89260859d5334ce58d66abb1b59d1514a865f461""}, ""features"": {""dtype"": ""float32"", ""has_inf"": false, ""has_nan"": false, ""shape"": [2592, 512], ""summary_hash"": ""02e1581f4acb3121617143c4f5606b777b9c7da298f4cc7009e540ac28bf0d12""}}",features,"[2592, 512]",float32,False,False,02e1581f4acb3121617143c4f5606b777b9c7da298f4cc7009e540ac28bf0d12,"[2592, 2]",98b8d2ebbe7f3c744958c9db89260859d5334ce58d66abb1b59d1514a865f461
2460242-B2.h5,features_biomedclip_20x/2460242-B2.h5,11652143,d55d70519b61603e9b89d12d38cde82074bc15644db918363ebb4258eed07b33,2026-01-07T11:34:27.656058,"[""coords"", ""features""]","{""coords"": {""dtype"": ""int64"", ""has_inf"": false, ""has_nan"": false, ""shape"": [6128, 2], ""summary_hash"": ""a3f391e6d44daee977974bd980d2bb23d48eff64ffe1c219b9dd739f66aff9b8""}, ""features"": {""dtype"": ""float32"", ""has_inf"": false, ""has_nan"": false, ""shape"": [6128, 512], ""summary_hash"": ""bb8948d2b445f19ef8d3913bdad041f9952a04d980fb94d723a95cdc2eb07b19""}}",features,"[6128, 512]",float32,False,False,bb8948d2b445f19ef8d3913bdad041f9952a04d980fb94d723a95cdc2eb07b19,"[6128, 2]",a3f391e6d44daee977974bd980d2bb23d48eff64ffe1c219b9dd739f66aff9b8
2460399-B2.h5,features_biomedclip_20x/2460399-B2.h5,7807982,438bdb677b6361550f1bd19bb41deba66fe5cf82270b3be39b9837f926532d20,2026-01-07T11:34:52.163970,"[""coords"", ""features""]","{""coords"": {""dtype"": ""int64"", ""has_inf"": false, ""has_nan"": false, ""shape"": [4103, 2], ""summary_hash"": ""01988cc36a2cf92fe431f3191489b8571c284ae7ad9ef0aaead4e7c217391c28""}, ""features"": {""dtype"": ""float32"", ""has_inf"": false, ""has_nan"": false, ""shape"": [4103, 512], ""summary_hash"": ""80ddad03b462ad06468d7b41de6918b3954d32f1dc7602262900966217237812""}}",features,"[4103, 512]",float32,False,False,80ddad03b462ad06468d7b41de6918b3954d32f1dc7602262900966217237812,"[4103, 2]",01988cc36a2cf92fe431f3191489b8571c284ae7ad9ef0aaead4e7c217391c28
2460404-B3.h5,features_biomedclip_20x/2460404-B3.h5,8090848,8b5df6b4b63e8967c08bbc33181c0e23e16a1efa9ca6d0ad07d4d8a7a70e6abb,2026-01-07T11:34:37.719022,"[""coords"", ""features""]","{""coords"": {""dtype"": ""int64"", ""has_inf"": false, ""has_nan"": false, ""shape"": [4243, 2], ""summary_hash"": ""7386ecdf03eebd6372fcf82e6f2c94bf369cdf10de3f505370be523b7910c4a7""}, ""features"": {""dtype"": ""float32"", ""has_inf"": false, ""has_nan"": false, ""shape"": [4243, 512], ""summary_hash"": ""709cf4818e356de288f4b8da3898d5ad1e340262673bad7c2d2d116f3a163cdf""}}",features,"[4243, 512]",float32,False,False,709cf4818e356de288f4b8da3898d5ad1e340262673bad7c2d2d116f3a163cdf,"[4243, 2]",7386ecdf03eebd6372fcf82e6f2c94bf369cdf10de3f505370be523b7910c4a7
2460405-B2.h5,features_biomedclip_20x/2460405-B2.h5,3324505,e85bad99a9f0b2b68d12a587f153672f09bb488c580f00d7dcb2b2e220ac19ca,2026-01-07T11:34:30.685047,"[""coords"", ""features""]","{""coords"": {""dtype"": ""int64"", ""has_inf"": false, ""has_nan"": false, ""shape"": [1742, 2], ""summary_hash"": ""7afbcac2b2f0a7b40cc93520609bec478ad11d78792fe6d34e5803d8f20b7f2b""}, ""features"": {""dtype"": ""float32"", ""has_inf"": false, ""has_nan"": false, ""shape"": [1742, 512], ""summary_hash"": ""374c13717cd6c7379f37e0036783f64bf49249d5bb66bc264b2a1942c4095d22""}}",features,"[1742, 512]",float32,False,False,374c13717cd6c7379f37e0036783f64bf49249d5bb66bc264b2a1942c4095d22,"[1742, 2]",7afbcac2b2f0a7b40cc93520609bec478ad11d78792fe6d34e5803d8f20b7f2b
2460591-B2.h5,features_biomedclip_20x/2460591-B2.h5,6193197,a022a0c2026a23228e89e1d310f06a7b50208734358278d6cbf94abae1fb598c,2026-01-07T11:35:05.936921,"[""coords"", ""features""]","{""coords"": {""dtype"": ""int64"", ""has_inf"": false, ""has_nan"": false, ""shape"": [3248, 2], ""summary_hash"": ""db4f7c07dcc03624ebf02f7040dde110e765b02262b7630e9caa6e568cbee8dd""}, ""features"": {""dtype"": ""float32"", ""has_inf"": false, ""has_nan"": false, ""shape"": [3248, 512], ""summary_hash"": ""c77c2f51c060a7da2a9190ca540a2236ba970051d2db195bae9c007476ef1123""}}",features,"[3248, 512]",float32,False,False,c77c2f51c060a7da2a9190ca540a2236ba970051d2db195bae9c007476ef1123,"[3248, 2]",db4f7c07dcc03624ebf02f7040dde110e765b02262b7630e9caa6e568cbee8dd
2460602-B.h5,features_biomedclip_20x/2460602-B.h5,7058840,4a34fa80eadb6a84d6762244e21d1af2178553acc4d4a93fa2d48e283549cae3,2026-01-07T11:34:31.468044,"[""coords"", ""features""]","{""coords"": {""dtype"": ""int64"", ""has_inf"": false, ""has_nan"": false, ""shape"": [3707, 2], ""summary_hash"": ""d23157733eb2111b9bb0b169b8e143ae918beb455ffca0461e6106f52c9f26a0""}, ""features"": {""dtype"": ""float32"", ""has_inf"": false, ""has_nan"": false, ""shape"": [3707, 512], ""summary_hash"": ""5514e1d2697d8b7ab27eddd8ff3a280a24df4be573c5c5eaa202d9c23164d48a""}}",features,"[3707, 512]",float32,False,False,5514e1d2697d8b7ab27eddd8ff3a280a24df4be573c5c5eaa202d9c23164d48a,"[3707, 2]",d23157733eb2111b9bb0b169b8e143ae918beb455ffca0461e6106f52c9f26a0
2460615-B4.h5,features_biomedclip_20x/2460615-B4.h5,3951300,4ec11393943d59483d5358bb46dfd9ee4eb422bd0c9939f3300cd40bfcdc33dd,2026-01-07T11:34:17.698093,"[""coords"", ""features""]","{""coords"": {""dtype"": ""int64"", ""has_inf"": false, ""has_nan"": false, ""shape"": [2071, 2], ""summary_hash"": ""e948cc84f4c36ffb6d2ae2950fcaaf3d8fd984fa0ec531df168954174c3ae9a4""}, ""features"": {""dtype"": ""float32"", ""has_inf"": false, ""has_nan"": false, ""shape"": [2071, 512], ""summary_hash"": ""cf1d32dfddada70c19abbb39d80b09f117ec446c589eb002e26cb17017851b16""}}",features,"[2071, 512]",float32,False,False,cf1d32dfddada70c19abbb39d80b09f117ec446c589eb002e26cb17017851b16,"[2071, 2]",e948cc84f4c36ffb6d2ae2950fcaaf3d8fd984fa0ec531df168954174c3ae9a4
2460628-B2.h5,features_biomedclip_20x/2460628-B2.h5,5092784,305e24459c3f4f3244605a9a462a1cab741ed5e32e8862ab754e63e8129cf031,2026-01-07T11:34:44.692997,"[""coords"", ""features""]","{""coords"": {""dtype"": ""int64"", ""has_inf"": false, ""has_nan"": false, ""shape"": [2668, 2], ""summary_hash"": ""b10aa84fc1730b83afbe281406ad8c92fbff06504395ecaa78b84222a275d8cd""}, ""features"": {""dtype"": ""float32"", ""has_inf"": false, ""has_nan"": false, ""shape"": [2668, 512], ""summary_hash"": ""e6c4b4de9394f6ab95ffda684c916ed15fe24c5da1e6a6ab519e6ca813c8327a""}}",features,"[2668, 512]",float32,False,False,e6c4b4de9394f6ab95ffda684c916ed15fe24c5da1e6a6ab519e6ca813c8327a,"[2668, 2]",b10aa84fc1730b83afbe281406ad8c92fbff06504395ecaa78b84222a275d8cd
2460641-B2.h5,features_biomedclip_20x/2460641-B2.h5,6685670,0d8eed86382525e8e03009fb2c5506a78da448a44430e364575e16c658d79ec2,2026-01-07T11:34:32.995039,"[""coords"", ""features""]","{""coords"": {""dtype"": ""int64"", ""has_inf"": false, ""has_nan"": false, ""shape"": [3511, 2], ""summary_hash"": ""14eb2f1cef466b4af8851390970adc13e53daa86d2533fd50b60de16e5d047c8""}, ""features"": {""dtype"": ""float32"", ""has_inf"": false, ""has_nan"": false, ""shape"": [3511, 512], ""summary_hash"": ""137450765b8a018efca7b5dc41433be40fc120fcf833d5d44bc20f7572a6e31e""}}",features,"[3511, 512]",float32,False,False,137450765b8a018efca7b5dc41433be40fc120fcf833d5d44bc20f7572a6e31e,"[3511, 2]",14eb2f1cef466b4af8851390970adc13e53daa86d2533fd50b60de16e5d047c8
2460643-B.h5,features_biomedclip_20x/2460643-B.h5,5069714,0c65038fe4cd4c5432a2a14951ff70390602632b2c77ca493be9d7dedb714a98,2026-01-07T11:34:52.216970,"[""coords"", ""features""]","{""coords"": {""dtype"": ""int64"", ""has_inf"": false, ""has_nan"": false, ""shape"": [2656, 2], ""summary_hash"": ""5fcb1b720cb9c75a7c4cd9827d091ed4a0f94109e8febe3c98f7963797d90a90""}, ""features"": {""dtype"": ""float32"", ""has_inf"": false, ""has_nan"": false, ""shape"": [2656, 512], ""summary_hash"": ""d9dbf9a8a2b707e81c9267e3d96910c5cfc708126f5a93b92ea25802348da886""}}",features,"[2656, 512]",float32,False,False,d9dbf9a8a2b707e81c9267e3d96910c5cfc708126f5a93b92ea25802348da886,"[2656, 2]",5fcb1b720cb9c75a7c4cd9827d091ed4a0f94109e8febe3c98f7963797d90a90
2460753-B2.h5,features_biomedclip_20x/2460753-B2.h5,5452666,76743c621b89365a5040cc4ef6b0e8c193085cb9f49807f580772283a0799a57,2026-01-07T11:34:49.250981,"[""coords"", ""features""]","{""coords"": {""dtype"": ""int64"", ""has_inf"": false, ""has_nan"": false, ""shape"": [2859, 2], ""summary_hash"": ""5e015749159b3cc95ae70d68c4ffdb14aa347a175bbe1c8aac7214adb823a75c""}, ""features"": {""dtype"": ""float32"", ""has_inf"": false, ""has_nan"": false, ""shape"": [2859, 512], ""summary_hash"": ""1e82d4bc0ff458a43dc0490ce7951844d1b2a0051bc3842488b45d61c70c1d40""}}",features,"[2859, 512]",float32,False,False,1e82d4bc0ff458a43dc0490ce7951844d1b2a0051bc3842488b45d61c70c1d40,"[2859, 2]",5e015749159b3cc95ae70d68c4ffdb14aa347a175bbe1c8aac7214adb823a75c
2460770-B2.h5,features_biomedclip_20x/2460770-B2.h5,4815864,13bca023f07c1b3db4c4220a59bbb64c32f5e7bce040a2a33299118dc7e3f44e,2026-01-07T11:35:01.637937,"[""coords"", ""features""]","{""coords"": {""dtype"": ""int64"", ""has_inf"": false, ""has_nan"": false, ""shape"": [2521, 2], ""summary_hash"": ""041f95b369949b9009280e00100a23122fe99252233127187d90cd2eb0d6cf4d""}, ""features"": {""dtype"": ""float32"", ""has_inf"": false, ""has_nan"": false, ""shape"": [2521, 512], ""summary_hash"": ""a6ed2d536638edfbc32b383890458315f83fd5427390024c2528068e88fcb732""}}",features,"[2521, 512]",float32,False,False,a6ed2d536638edfbc32b383890458315f83fd5427390024c2528068e88fcb732,"[2521, 2]",041f95b369949b9009280e00100a23122fe99252233127187d90cd2eb0d6cf4d
2460943-B3.h5,features_biomedclip_20x/2460943-B3.h5,2580884,9d01e2d6ea9a18cd3301502ef69e9c5cad335945946938e4f269659e66a37a5b,2026-01-07T11:34:50.154978,"[""coords"", ""features""]","{""coords"": {""dtype"": ""int64"", ""has_inf"": false, ""has_nan"": false, ""shape"": [1349, 2], ""summary_hash"": ""2a3fee2b563e97bee658cbb79d900f1f6dcdfbae1086afe6a8e853918f83c70b""}, ""features"": {""dtype"": ""float32"", ""has_inf"": false, ""has_nan"": false, ""shape"": [1349, 512], ""summary_hash"": ""8af397ba6d99e17f8bcd37ec02aa9b2f008582fcd00ccfcb4295bb6875c29f96""}}",features,"[1349, 512]",float32,False,False,8af397ba6d99e17f8bcd37ec02aa9b2f008582fcd00ccfcb4295bb6875c29f96,"[1349, 2]",2a3fee2b563e97bee658cbb79d900f1f6dcdfbae1086afe6a8e853918f83c70b
2460949-B3.h5,features_biomedclip_20x/2460949-B3.h5,5368087,1a1444fa6ecce43c2a2aa8526ec772b9459b8bbd75e0721c3c75bcaef9454d17,2026-01-07T11:34:37.124024,"[""coords"", ""features""]","{""coords"": {""dtype"": ""int64"", ""has_inf"": false, ""has_nan"": false, ""shape"": [2813, 2], ""summary_hash"": ""dd7eef637612dee573c8580bb8f69bd7e4082cbc9575c039b2c62c387ba87019""}, ""features"": {""dtype"": ""float32"", ""has_inf"": false, ""has_nan"": false, ""shape"": [2813, 512], ""summary_hash"": ""cf53d53b8ac8c86cc751fa20b2e9f695b00c402805fa63178596626bf5d5036c""}}",features,"[2813, 512]",float32,False,False,cf53d53b8ac8c86cc751fa20b2e9f695b00c402805fa63178596626bf5d5036c,"[2813, 2]",dd7eef637612dee573c8580bb8f69bd7e4082cbc9575c039b2c62c387ba87019
2460960-B.h5,features_biomedclip_20x/2460960-B.h5,9332728,26886317575cbd54fabaf9d96c91c3db71b334066cda11e4b1a76e781fc4e5a6,2026-01-07T11:34:38.876018,"[""coords"", ""features""]","{""coords"": {""dtype"": ""int64"", ""has_inf"": false, ""has_nan"": false, ""shape"": [4901, 2], ""summary_hash"": ""e5ca89d27c3ed2fabc0085b33c4b13e4808732cdeeb101182e1fca4d3b249e1d""}, ""features"": {""dtype"": ""float32"", ""has_inf"": false, ""has_nan"": false, ""shape"": [4901, 512], ""summary_hash"": ""e8ca9057cf572140df81e49bb72affc3709141a616d513a8b2ac00a65160625b""}}",features,"[4901, 512]",float32,False,False,e8ca9057cf572140df81e49bb72affc3709141a616d513a8b2ac00a65160625b,"[4901, 2]",e5ca89d27c3ed2fabc0085b33c4b13e4808732cdeeb101182e1fca4d3b249e1d
2460974-B2.h5,features_biomedclip_20x/2460974-B2.h5,6388307,1df0ec94936e7e5bdb118c313d0987eddedf3b1cfe40a24217952e30d46231e5,2026-01-07T11:34:47.704986,"[""coords"", ""features""]","{""coords"": {""dtype"": ""int64"", ""has_inf"": false, ""has_nan"": false, ""shape"": [3353, 2], ""summary_hash"": ""28ffa57f5e4c18131d767ba1f438ad0992e3019a11d4271d1416bb737614709b""}, ""features"": {""dtype"": ""float32"", ""has_inf"": false, ""has_nan"": false, ""shape"": [3353, 512], ""summary_hash"": ""fc87078460d5653138325331a2fcbea4de59cdf4aff3ef92b7bd80405dad49c4""}}",features,"[3353, 512]",float32,False,False,fc87078460d5653138325331a2fcbea4de59cdf4aff3ef92b7bd80405dad49c4,"[3353, 2]",28ffa57f5e4c18131d767ba1f438ad0992e3019a11d4271d1416bb737614709b
2461002-B2.h5,features_biomedclip_20x/2461002-B2.h5,3307996,3ff521ea0068ac14f923af804b9cac564848af75eaf486e9195f183499780106,2026-01-07T11:35:03.251931,"[""coords"", ""features""]","{""coords"": {""dtype"": ""int64"", ""has_inf"": false, ""has_nan"": false, ""shape"": [1733, 2], ""summary_hash"": ""a16ba9f1cdd646332cdf59f6130aef09868a18edd6d018d1b2b2e61ed4cfceca""}, ""features"": {""dtype"": ""float32"", ""has_inf"": false, ""has_nan"": false, ""shape"": [1733, 512], ""summary_hash"": ""7a9ad6162fbb449b57dba04a3abc5bf150821555dbab162a5be7aabca451fe11""}}",features,"[1733, 512]",float32,False,False,7a9ad6162fbb449b57dba04a3abc5bf150821555dbab162a5be7aabca451fe11,"[1733, 2]",a16ba9f1cdd646332cdf59f6130aef09868a18edd6d018d1b2b2e61ed4cfceca
2461487-B2.h5,features_biomedclip_20x/2461487-B2.h5,6087634,10d6c34c43aaad089d8bd3af09818ac4f9c63f2e177808d3a27625a3d49821d4,2026-01-07T11:34:58.718947,"[""coords"", ""features""]","{""coords"": {""dtype"": ""int64"", ""has_inf"": false, ""has_nan"": false, ""shape"": [3195, 2], ""summary_hash"": ""c53019428a80b2e957e40689d8c301d3458446301cb75c1404a007760e3a1f52""}, ""features"": {""dtype"": ""float32"", ""has_inf"": false, ""has_nan"": false, ""shape"": [3195, 512], ""summary_hash"": ""0deb5aba892230842959d76228637d1152d7892cae7cf4346fac5ba332bcf3f4""}}",features,"[3195, 512]",float32,False,False,0deb5aba892230842959d76228637d1152d7892cae7cf4346fac5ba332bcf3f4,"[3195, 2]",c53019428a80b2e957e40689d8c301d3458446301cb75c1404a007760e3a1f52
2461671-B2.h5,features_biomedclip_20x/2461671-B2.h5,9301873,4b12d3dff28cc18393056ac156af756d271c47bc43f788ea4d64a196b766c54e,2026-01-07T11:35:05.154924,"[""coords"", ""features""]","{""coords"": {""dtype"": ""int64"", ""has_inf"": false, ""has_nan"": false, ""shape"": [4887, 2], ""summary_hash"": ""9f370b4de0470b41ded47927332f314f68c3cf6ea08efd9578251031c4cc7cb6""}, ""features"": {""dtype"": ""float32"", ""has_inf"": false, ""has_nan"": false, ""shape"": [4887, 512], ""summary_hash"": ""8198288623447840decc2c498f5b2f3f398d73050ab0823a6e9dd9a4fe0db664""}}",features,"[4887, 512]",float32,False,False,8198288623447840decc2c498f5b2f3f398d73050ab0823a6e9dd9a4fe0db664,"[4887, 2]",9f370b4de0470b41ded47927332f314f68c3cf6ea08efd9578251031c4cc7cb6
2461672-B2.h5,features_biomedclip_20x/2461672-B2.h5,5494107,13943b4ec4a20ee35e65aae86a0edc274adc6fa4a7238bbbb1382d2ae6a90a1d,2026-01-07T11:34:44.903996,"[""coords"", ""features""]","{""coords"": {""dtype"": ""int64"", ""has_inf"": false, ""has_nan"": false, ""shape"": [2880, 2], ""summary_hash"": ""2021f8fbd1867bb8034975306a15c52629f9349ce0cec42fda8af6ec4ef99168""}, ""features"": {""dtype"": ""float32"", ""has_inf"": false, ""has_nan"": false, ""shape"": [2880, 512], ""summary_hash"": ""3faf2e6197bcac388c977d9396f1caf3308087beadb3cf18281e93822278e5ab""}}",features,"[2880, 512]",float32,False,False,3faf2e6197bcac388c977d9396f1caf3308087beadb3cf18281e93822278e5ab,"[2880, 2]",2021f8fbd1867bb8034975306a15c52629f9349ce0cec42fda8af6ec4ef99168
2461677-B2.h5,features_biomedclip_20x/2461677-B2.h5,1550396,53404149e12ab427d614a8eda377209d1aaed64f06da57a46c624a57e7d55ab5,2026-01-07T11:34:26.212063,"[""coords"", ""features""]","{""coords"": {""dtype"": ""int64"", ""has_inf"": false, ""has_nan"": false, ""shape"": [812, 2], ""summary_hash"": ""d700e4908b7afea308a27b52f53c3c8c05e84a0dabde0e39549a4bc301358333""}, ""features"": {""dtype"": ""float32"", ""has_inf"": false, ""has_nan"": false, ""shape"": [812, 512], ""summary_hash"": ""7ba33fe1cb2f95745b4d5790a746246c4718c499ce04b58acf1a71b108ff4fec""}}",features,"[812, 512]",float32,False,False,7ba33fe1cb2f95745b4d5790a746246c4718c499ce04b58acf1a71b108ff4fec,"[812, 2]",d700e4908b7afea308a27b52f53c3c8c05e84a0dabde0e39549a4bc301358333
2461698-B.h5,features_biomedclip_20x/2461698-B.h5,6567676,4e3e89dd1c04b69907afd8c1371dc5aeba854025ec03bf8e105a080dfc2223d7,2026-01-07T11:34:40.074014,"[""coords"", ""features""]","{""coords"": {""dtype"": ""int64"", ""has_inf"": false, ""has_nan"": false, ""shape"": [3447, 2], ""summary_hash"": ""ee593dc4f964ba5c002c300e52e5ab237caef95c89a7f3e5772ce2d77ac36d53""}, ""features"": {""dtype"": ""float32"", ""has_inf"": false, ""has_nan"": false, ""shape"": [3447, 512], ""summary_hash"": ""cc937c28124d6968e6f5d2e34735aac71f89a16254145bf2ef8099835fee6726""}}",features,"[3447, 512]",float32,False,False,cc937c28124d6968e6f5d2e34735aac71f89a16254145bf2ef8099835fee6726,"[3447, 2]",ee593dc4f964ba5c002c300e52e5ab237caef95c89a7f3e5772ce2d77ac36d53
2461700-B2.h5,features_biomedclip_20x/2461700-B2.h5,1906311,7d50e5c708e71a6d69b152b530d361c15c6f500d483c36a71da75d2ef738981e,2026-01-07T11:34:16.516097,"[""coords"", ""features""]","{""coords"": {""dtype"": ""int64"", ""has_inf"": false, ""has_nan"": false, ""shape"": [996, 2], ""summary_hash"": ""03b9a5fe58dff2945f1ae6bc4a70ee0116855256bc2d77d7cf8d9ec86530d3fb""}, ""features"": {""dtype"": ""float32"", ""has_inf"": false, ""has_nan"": false, ""shape"": [996, 512], ""summary_hash"": ""994bd8a4970db2cf6d4c3392fa54025fe3bdf3168b48eb87a4998eab02b9b604""}}",features,"[996, 512]",float32,False,False,994bd8a4970db2cf6d4c3392fa54025fe3bdf3168b48eb87a4998eab02b9b604,"[996, 2]",03b9a5fe58dff2945f1ae6bc4a70ee0116855256bc2d77d7cf8d9ec86530d3fb
2461703-B3.h5,features_biomedclip_20x/2461703-B3.h5,7035840,74a3310d16c424367201488c88b3ab70e6f96e64a7b0b4504e4702f39a782582,2026-01-07T11:34:41.002010,"[""coords"", ""features""]","{""coords"": {""dtype"": ""int64"", ""has_inf"": false, ""has_nan"": false, ""shape"": [3694, 2], ""summary_hash"": ""18774df2b892f0098240d0048a705a515e9a0b6c0b0cff110e82978a6525d5bd""}, ""features"": {""dtype"": ""float32"", ""has_inf"": false, ""has_nan"": false, ""shape"": [3694, 512], ""summary_hash"": ""e1a85c5a6bba83050721aef31920b47780ff0ae805279bd14c8270db6a2b7adb""}}",features,"[3694, 512]",float32,False,False,e1a85c5a6bba83050721aef31920b47780ff0ae805279bd14c8270db6a2b7adb,"[3694, 2]",18774df2b892f0098240d0048a705a515e9a0b6c0b0cff110e82978a6525d5bd
2461718-B3.h5,features_biomedclip_20x/2461718-B3.h5,2048000,e508576e1e101d5f082c33e2735d83f923794e7d31033a336f56430158e7b0bc,2026-01-07T11:34:27.861057,"[""coords"", ""features""]","{""coords"": {""dtype"": ""int64"", ""has_inf"": false, ""has_nan"": false, ""shape"": [1067, 2], ""summary_hash"": ""6a7814a53fa947a5eb572121a9891f2489f8e58f20a99acf93942c72bab0f29d""}, ""features"": {""dtype"": ""float32"", ""has_inf"": false, ""has_nan"": false, ""shape"": [1067, 512], ""summary_hash"": ""a08770ebcfc5007884276aca5411fc76b827872af469eec96d7c50500cdcc2dc""}}",features,"[1067, 512]",float32,False,False,a08770ebcfc5007884276aca5411fc76b827872af469eec96d7c50500cdcc2dc,"[1067, 2]",6a7814a53fa947a5eb572121a9891f2489f8e58f20a99acf93942c72bab0f29d
2461755-B3.h5,features_biomedclip_20x/2461755-B3.h5,6335971,f8b3ddbbbd8227b52cf379124850649f564d0a1396df35c85426e3fa9bbc010f,2026-01-07T11:34:22.921075,"[""coords"", ""features""]","{""coords"": {""dtype"": ""int64"", ""has_inf"": false, ""has_nan"": false, ""shape"": [3325, 2], ""summary_hash"": ""9e4c670c999ddd35829377862dc1ed05f5af8ffd5713f0e1d8996d98d5c62c13""}, ""features"": {""dtype"": ""float32"", ""has_inf"": false, ""has_nan"": false, ""shape"": [3325, 512], ""summary_hash"": ""4ff31cc886ce0c08fae200d23a6d7fa23a3c9b355960b257eca907f053d7d1db""}}",features,"[3325, 512]",float32,False,False,4ff31cc886ce0c08fae200d23a6d7fa23a3c9b355960b257eca907f053d7d1db,"[3325, 2]",9e4c670c999ddd35829377862dc1ed05f5af8ffd5713f0e1d8996d98d5c62c13
2461836-B2.h5,features_biomedclip_20x/2461836-B2.h5,3810135,119a47492cf062fa6b3b0ec19a90eac50a8fc873667641c982c3c1c13834394f,2026-01-07T11:34:46.895989,"[""coords"", ""features""]","{""coords"": {""dtype"": ""int64"", ""has_inf"": false, ""has_nan"": false, ""shape"": [1998, 2], ""summary_hash"": ""71748808d1d0360ef758966d4da2540c3c8a412b1537e73e69f73a2a3c00b6f8""}, ""features"": {""dtype"": ""float32"", ""has_inf"": false, ""has_nan"": false, ""shape"": [1998, 512], ""summary_hash"": ""c36e1464eb18ea4a2ff06964666acde9235d2be1eaecb0d80d71888323c10abb""}}",features,"[1998, 512]",float32,False,False,c36e1464eb18ea4a2ff06964666acde9235d2be1eaecb0d80d71888323c10abb,"[1998, 2]",71748808d1d0360ef758966d4da2540c3c8a412b1537e73e69f73a2a3c00b6f8
2461857-B2.h5,features_biomedclip_20x/2461857-B2.h5,3991904,95cd8b20ade4ca4e3aa9b10ddb29924c0dfe115704b033c18c15ce7d6a85fe4b,2026-01-07T11:34:57.993950,"[""coords"", ""features""]","{""coords"": {""dtype"": ""int64"", ""has_inf"": false, ""has_nan"": false, ""shape"": [2091, 2], ""summary_hash"": ""bd37bbaa94eba90e3ca6a5d66290e3dda07469c45271dd26da88edeb4875997d""}, ""features"": {""dtype"": ""float32"", ""has_inf"": false, ""has_nan"": false, ""shape"": [2091, 512], ""summary_hash"": ""32076cc54653e39e5ff7f4ca6e9482e9881d82d8a821246e4871ea094ab0eab8""}}",features,"[2091, 512]",float32,False,False,32076cc54653e39e5ff7f4ca6e9482e9881d82d8a821246e4871ea094ab0eab8,"[2091, 2]",bd37bbaa94eba90e3ca6a5d66290e3dda07469c45271dd26da88edeb4875997d
2461861-B2.h5,features_biomedclip_20x/2461861-B2.h5,1697444,767fda3b7782bdae07e14e8c9c14608eb22d4b370aef87db88894ecbb923eb4a,2026-01-07T11:35:01.068939,"[""coords"", ""features""]","{""coords"": {""dtype"": ""int64"", ""has_inf"": false, ""has_nan"": false, ""shape"": [890, 2], ""summary_hash"": ""3438c2b5aa9f71317cece49e29f927684fad84c51b21b4eef55af154d30c881b""}, ""features"": {""dtype"": ""float32"", ""has_inf"": false, ""has_nan"": false, ""shape"": [890, 512], ""summary_hash"": ""e071ccb131b849223c43bf3595847fee1111642ff694568f7f55c4261e7649e4""}}",features,"[890, 512]",float32,False,False,e071ccb131b849223c43bf3595847fee1111642ff694568f7f55c4261e7649e4,"[890, 2]",3438c2b5aa9f71317cece49e29f927684fad84c51b21b4eef55af154d30c881b
2462123-B2.h5,features_biomedclip_20x/2462123-B2.h5,3273595,af7a75fcc7b811197a08113d5beee712d000c01b1983060f5276a52bad753666,2026-01-07T11:34:39.418016,"[""coords"", ""features""]","{""coords"": {""dtype"": ""int64"", ""has_inf"": false, ""has_nan"": false, ""shape"": [1715, 2], ""summary_hash"": ""edc941ac7456e2549d672d8d9245e56d9d89cb6d3c379fe21023917300aae0d3""}, ""features"": {""dtype"": ""float32"", ""has_inf"": false, ""has_nan"": false, ""shape"": [1715, 512], ""summary_hash"": ""4274cef50db65afcbe680c99822e99773cecdfd362ca74c45e4b620095864acc""}}",features,"[1715, 512]",float32,False,False,4274cef50db65afcbe680c99822e99773cecdfd362ca74c45e4b620095864acc,"[1715, 2]",edc941ac7456e2549d672d8d9245e56d9d89cb6d3c379fe21023917300aae0d3
2462170-B4.h5,features_biomedclip_20x/2462170-B4.h5,2983120,2df5fd2633ebc67d054e3d2c69e9f26477a83ff404ca325ad1e53a9ede23d638,2026-01-07T11:34:54.335963,"[""coords"", ""features""]","{""coords"": {""dtype"": ""int64"", ""has_inf"": false, ""has_nan"": false, ""shape"": [1562, 2], ""summary_hash"": ""d71276105e87756a25fed6411ade8b3b3c417f6cc15c8340807b4cfefa61bd29""}, ""features"": {""dtype"": ""float32"", ""has_inf"": false, ""has_nan"": false, ""shape"": [1562, 512], ""summary_hash"": ""49f40c3c47ab137dcad1aa8490d44dd0ea5503d99f23d17524f539e6eb5e088d""}}",features,"[1562, 512]",float32,False,False,49f40c3c47ab137dcad1aa8490d44dd0ea5503d99f23d17524f539e6eb5e088d,"[1562, 2]",d71276105e87756a25fed6411ade8b3b3c417f6cc15c8340807b4cfefa61bd29
2462290-B2.h5,features_biomedclip_20x/2462290-B2.h5,8075475,7c96854c8fc66902eb2bb80121df1e1ea34cefd0a5bd8349d99a21f5bf7a3704,2026-01-07T11:34:57.253952,"[""coords"", ""features""]","{""coords"": {""dtype"": ""int64"", ""has_inf"": false, ""has_nan"": false, ""shape"": [4236, 2], ""summary_hash"": ""1952b242bc7fc0d1a5a6aa0302e0eb2f0924696b3237e10fad2bb45f94dcacf9""}, ""features"": {""dtype"": ""float32"", ""has_inf"": false, ""has_nan"": false, ""shape"": [4236, 512], ""summary_hash"": ""65179ffd3c236910e66485fdce6a80c985041083a3e5cbd11ea6e49cd8c7def8""}}",features,"[4236, 512]",float32,False,False,65179ffd3c236910e66485fdce6a80c985041083a3e5cbd11ea6e49cd8c7def8,"[4236, 2]",1952b242bc7fc0d1a5a6aa0302e0eb2f0924696b3237e10fad2bb45f94dcacf9
2462293-B3.h5,features_biomedclip_20x/2462293-B3.h5,3398514,e52136cd3c3cd5cb09dd220d1c6ced972724333c3ceecf2eb06bbab8ea0a5170,2026-01-07T11:34:49.508980,"[""coords"", ""features""]","{""coords"": {""dtype"": ""int64"", ""has_inf"": false, ""has_nan"": false, ""shape"": [1781, 2], ""summary_hash"": ""3a8dde3d3f491676d0c8bdd216b59806b72a2791918514b48d639d42a6ec18ef""}, ""features"": {""dtype"": ""float32"", ""has_inf"": false, ""has_nan"": false, ""shape"": [1781, 512], ""summary_hash"": ""96b00c5d8cf0b62fd9f562a2836e2b5ea1fb6aaec81d8d0f338da71958fc403e""}}",features,"[1781, 512]",float32,False,False,96b00c5d8cf0b62fd9f562a2836e2b5ea1fb6aaec81d8d0f338da71958fc403e,"[1781, 2]",3a8dde3d3f491676d0c8bdd216b59806b72a2791918514b48d639d42a6ec18ef
2462468-B2.h5,features_biomedclip_20x/2462468-B2.h5,5128690,dd29494c1fcf8d0ebce61cbdf11946cf8f83fca32df301bd01da04139f8ebb72,2026-01-07T11:34:51.053974,"[""coords"", ""features""]","{""coords"": {""dtype"": ""int64"", ""has_inf"": false, ""has_nan"": false, ""shape"": [2686, 2], ""summary_hash"": ""c366fcea3164b527a7b7d5c440625c32acb42c742e19efdfcf4da65bef74dd9b""}, ""features"": {""dtype"": ""float32"", ""has_inf"": false, ""has_nan"": false, ""shape"": [2686, 512], ""summary_hash"": ""c2b0354cc6f0d7d6ea2e9c5fdce7bc92f82f83e30476136609d9d1d52fa9057d""}}",features,"[2686, 512]",float32,False,False,c2b0354cc6f0d7d6ea2e9c5fdce7bc92f82f83e30476136609d9d1d52fa9057d,"[2686, 2]",c366fcea3164b527a7b7d5c440625c32acb42c742e19efdfcf4da65bef74dd9b
2462478-B2.h5,features_biomedclip_20x/2462478-B2.h5,3867820,9ddb3ed533a4e7115b436aa78640de5f9934c23ab0431cdf400aef2924e8775c,2026-01-07T11:34:36.037028,"[""coords"", ""features""]","{""coords"": {""dtype"": ""int64"", ""has_inf"": false, ""has_nan"": false, ""shape"": [2029, 2], ""summary_hash"": ""a5049bc4d7067a386240cfdb2846873c8ec6cf1bb0766669dee1c5caefd35a96""}, ""features"": {""dtype"": ""float32"", ""has_inf"": false, ""has_nan"": false, ""shape"": [2029, 512], ""summary_hash"": ""0f1208e5164dfda0dd22617890ab06dda7a84c61596ce3fa31bf43bdbd7e5e5d""}}",features,"[2029, 512]",float32,False,False,0f1208e5164dfda0dd22617890ab06dda7a84c61596ce3fa31bf43bdbd7e5e5d,"[2029, 2]",a5049bc4d7067a386240cfdb2846873c8ec6cf1bb0766669dee1c5caefd35a96
2462483-B.h5,features_biomedclip_20x/2462483-B.h5,2125928,b2b1fe0b14d6ef1751a8b1c88edc8bc15423074ce4055a8ffc773992873c9c58,2026-01-07T11:34:31.601044,"[""coords"", ""features""]","{""coords"": {""dtype"": ""int64"", ""has_inf"": false, ""has_nan"": false, ""shape"": [1108, 2], ""summary_hash"": ""6c13a0bd3c4406a443af22f808f021210b49e682872494bafa578eead15fc71a""}, ""features"": {""dtype"": ""float32"", ""has_inf"": false, ""has_nan"": false, ""shape"": [1108, 512], ""summary_hash"": ""cf2d821b473b620ae488af1ea8c08860d70e5204cf3cecb837551a25b83a06fc""}}",features,"[1108, 512]",float32,False,False,cf2d821b473b620ae488af1ea8c08860d70e5204cf3cecb837551a25b83a06fc,"[1108, 2]",6c13a0bd3c4406a443af22f808f021210b49e682872494bafa578eead15fc71a
2462598-B.h5,features_biomedclip_20x/2462598-B.h5,5236696,df329f97e6359351605e2ee4ba366bea17adc90a960cf046557f2f8b3ef373b0,2026-01-07T11:34:23.620072,"[""coords"", ""features""]","{""coords"": {""dtype"": ""int64"", ""has_inf"": false, ""has_nan"": false, ""shape"": [2744, 2], ""summary_hash"": ""addb283724d56672de20025c6b41c9aeb6e004008335e2676415bcab8d1823d9""}, ""features"": {""dtype"": ""float32"", ""has_inf"": false, ""has_nan"": false, ""shape"": [2744, 512], ""summary_hash"": ""52e172b139f6bc896d37c5dd634a18a96ec13bb57914781a56fb8621c53afbae""}}",features,"[2744, 512]",float32,False,False,52e172b139f6bc896d37c5dd634a18a96ec13bb57914781a56fb8621c53afbae,"[2744, 2]",addb283724d56672de20025c6b41c9aeb6e004008335e2676415bcab8d1823d9
2462609-B2.h5,features_biomedclip_20x/2462609-B2.h5,1566940,fcdf3cba0637917129104adf95d696a3a889bb3afff7110bc90ea81c74cfd84e,2026-01-07T11:34:23.719072,"[""coords"", ""features""]","{""coords"": {""dtype"": ""int64"", ""has_inf"": false, ""has_nan"": false, ""shape"": [821, 2], ""summary_hash"": ""b37039d8e0217d528efafff8c694d56a6caf383da52c10f7f77233f86255aec0""}, ""features"": {""dtype"": ""float32"", ""has_inf"": false, ""has_nan"": false, ""shape"": [821, 512], ""summary_hash"": ""6534776a3c8aac56aeb5e86b0641e0e7206a129ef12681a7c9afc2c8493ae403""}}",features,"[821, 512]",float32,False,False,6534776a3c8aac56aeb5e86b0641e0e7206a129ef12681a7c9afc2c8493ae403,"[821, 2]",b37039d8e0217d528efafff8c694d56a6caf383da52c10f7f77233f86255aec0
2462614-B3.h5,features_biomedclip_20x/2462614-B3.h5,6256544,743deffcf6a5a29a00d520865062e3a49a41ac79ab93da0c80bdb095caecf92a,2026-01-07T11:34:59.364945,"[""coords"", ""features""]","{""coords"": {""dtype"": ""int64"", ""has_inf"": false, ""has_nan"": false, ""shape"": [3283, 2], ""summary_hash"": ""05c8c3936ecbbb25469a13fb75a1dcc641fcf42c0941c1191ec8e42accdfc42d""}, ""features"": {""dtype"": ""float32"", ""has_inf"": false, ""has_nan"": false, ""shape"": [3283, 512], ""summary_hash"": ""dfe5c47f121bab87ae1130c151cd0d816da32808907b7fb8e5906176ce4059d6""}}",features,"[3283, 512]",float32,False,False,dfe5c47f121bab87ae1130c151cd0d816da32808907b7fb8e5906176ce4059d6,"[3283, 2]",05c8c3936ecbbb25469a13fb75a1dcc641fcf42c0941c1191ec8e42accdfc42d
2462637-B2.h5,features_biomedclip_20x/2462637-B2.h5,7354343,dfea0a817d6549a6f6f5d0cce3c8f3ebfe3a1a3606ea2c7818f107d52033ec64,2026-01-07T11:34:42.571005,"[""coords"", ""features""]","{""coords"": {""dtype"": ""int64"", ""has_inf"": false, ""has_nan"": false, ""shape"": [3864, 2], ""summary_hash"": ""8236106935da7c62fcd20b19799706c549faa980aecbd56761c1b70ff0b8dd3b""}, ""features"": {""dtype"": ""float32"", ""has_inf"": false, ""has_nan"": false, ""shape"": [3864, 512], ""summary_hash"": ""854e37809ee3061929e91930b71590fe4ced9275ffd502a24c2cf6052df9fdb4""}}",features,"[3864, 512]",float32,False,False,854e37809ee3061929e91930b71590fe4ced9275ffd502a24c2cf6052df9fdb4,"[3864, 2]",8236106935da7c62fcd20b19799706c549faa980aecbd56761c1b70ff0b8dd3b
2462830-B2.h5,features_biomedclip_20x/2462830-B2.h5,2709264,d148c25c3f7d29cdfaf6c9100311cbadd908e48b21316ace3938ea71523eb0dd,2026-01-07T11:34:48.824982,"[""coords"", ""features""]","{""coords"": {""dtype"": ""int64"", ""has_inf"": false, ""has_nan"": false, ""shape"": [1417, 2], ""summary_hash"": ""cfadcf1133cf993052b78e4600c296f6f1f5524fe4d89030d4e7f627fadaf0ff""}, ""features"": {""dtype"": ""float32"", ""has_inf"": false, ""has_nan"": false, ""shape"": [1417, 512], ""summary_hash"": ""4637d98ea76e398f029a319c19b07656ad63b445b7d7291faf4e61d030fca294""}}",features,"[1417, 512]",float32,False,False,4637d98ea76e398f029a319c19b07656ad63b445b7d7291faf4e61d030fca294,"[1417, 2]",cfadcf1133cf993052b78e4600c296f6f1f5524fe4d89030d4e7f627fadaf0ff
2462830-B4.h5,features_biomedclip_20x/2462830-B4.h5,5871965,fecbd224237f8c5b1e3b494b494c19409221e59832b69b4529b9cc375cc225fe,2026-01-07T11:35:03.174931,"[""coords"", ""features""]","{""coords"": {""dtype"": ""int64"", ""has_inf"": false, ""has_nan"": false, ""shape"": [3080, 2], ""summary_hash"": ""2b78c0ee79aed770d44ecfd90855f5b8e5271f1f6cd179181d04d04d73e33b28""}, ""features"": {""dtype"": ""float32"", ""has_inf"": false, ""has_nan"": false, ""shape"": [3080, 512], ""summary_hash"": ""f3b8e61818c77b68449406840a4efc45ee165383bb31b658aafb2dbb13a4f31e""}}",features,"[3080, 512]",float32,False,False,f3b8e61818c77b68449406840a4efc45ee165383bb31b658aafb2dbb13a4f31e,"[3080, 2]",2b78c0ee79aed770d44ecfd90855f5b8e5271f1f6cd179181d04d04d73e33b28
2462840-B5.h5,features_biomedclip_20x/2462840-B5.h5,8042422,7755ff471e2622c7c2dabedbd4711241d85c9f1fb18b18bb4b35d67058c1bd69,2026-01-07T11:34:28.553055,"[""coords"", ""features""]","{""coords"": {""dtype"": ""int64"", ""has_inf"": false, ""has_nan"": false, ""shape"": [4219, 2], ""summary_hash"": ""835995be773a08de85972968e8a51f3c23170aa28bf777409b415ef038452592""}, ""features"": {""dtype"": ""float32"", ""has_inf"": false, ""has_nan"": false, ""shape"": [4219, 512], ""summary_hash"": ""48a8b162056c0ead9487c9aadd49535c6c9f29949eebfd899f7c2ef34190aa63""}}",features,"[4219, 512]",float32,False,False,48a8b162056c0ead9487c9aadd49535c6c9f29949eebfd899f7c2ef34190aa63,"[4219, 2]",835995be773a08de85972968e8a51f3c23170aa28bf777409b415ef038452592
2462885-B2.h5,features_biomedclip_20x/2462885-B2.h5,6973855,05e1e1c4a2f5d3c336248c903d47103d87b10fd5a5b926094a485cc7b817310e,2026-01-07T11:34:37.380023,"[""coords"", ""features""]","{""coords"": {""dtype"": ""int64"", ""has_inf"": false, ""has_nan"": false, ""shape"": [3661, 2], ""summary_hash"": ""3b18d56b6ab4dc1d2a57513ff7a0485948be523d9c677d501ea6828139a87a07""}, ""features"": {""dtype"": ""float32"", ""has_inf"": false, ""has_nan"": false, ""shape"": [3661, 512], ""summary_hash"": ""2c25bc559f02c73495863abd4e298073d5d8fd871ab87433a3e2b6b813e147c9""}}",features,"[3661, 512]",float32,False,False,2c25bc559f02c73495863abd4e298073d5d8fd871ab87433a3e2b6b813e147c9,"[3661, 2]",3b18d56b6ab4dc1d2a57513ff7a0485948be523d9c677d501ea6828139a87a07
2462920-B3.h5,features_biomedclip_20x/2462920-B3.h5,7286617,e989db4352d10ebd5389f7713551cc8b7ffbff2ad5f08b5ec51bffb205b59b0f,2026-01-07T11:34:16.488098,"[""coords"", ""features""]","{""coords"": {""dtype"": ""int64"", ""has_inf"": false, ""has_nan"": false, ""shape"": [3827, 2], ""summary_hash"": ""7a89bf9504cb2b17381d22ea03a2d5b91b2e5f09c20ae40a5317f12cc9c4872b""}, ""features"": {""dtype"": ""float32"", ""has_inf"": false, ""has_nan"": false, ""shape"": [3827, 512], ""summary_hash"": ""71b8dd3fdd1f10c37d51d2a875f8f0f520b2c425c3d27fd131864dfc85a100d3""}}",features,"[3827, 512]",float32,False,False,71b8dd3fdd1f10c37d51d2a875f8f0f520b2c425c3d27fd131864dfc85a100d3,"[3827, 2]",7a89bf9504cb2b17381d22ea03a2d5b91b2e5f09c20ae40a5317f12cc9c4872b
2462921-B.h5,features_biomedclip_20x/2462921-B.h5,8509165,3963eaf29c553be42689c7b3cfc50735b4b177103b47b13afd082369a1b6fb83,2026-01-07T11:34:31.270045,"[""coords"", ""features""]","{""coords"": {""dtype"": ""int64"", ""has_inf"": false, ""has_nan"": false, ""shape"": [4466, 2], ""summary_hash"": ""9b0d4f230bf96dbe2ddff7e24ac713d6c5f3485735429ebba6859a580fd58c3b""}, ""features"": {""dtype"": ""float32"", ""has_inf"": false, ""has_nan"": false, ""shape"": [4466, 512], ""summary_hash"": ""3326d51c5ee7c3a11463eae38e47c48fcf7cab61028518d5261bd71ba37f6fba""}}",features,"[4466, 512]",float32,False,False,3326d51c5ee7c3a11463eae38e47c48fcf7cab61028518d5261bd71ba37f6fba,"[4466, 2]",9b0d4f230bf96dbe2ddff7e24ac713d6c5f3485735429ebba6859a580fd58c3b
2462939-B.h5,features_biomedclip_20x/2462939-B.h5,2773005,4f7d754085edb26eb22d5bf459e1db9ba2c0cf224e48110e1c822aeef2882946,2026-01-07T11:34:32.172042,"[""coords"", ""features""]","{""coords"": {""dtype"": ""int64"", ""has_inf"": false, ""has_nan"": false, ""shape"": [1451, 2], ""summary_hash"": ""f8aca2c4392bc8723b7b1d5a3ff2af1aaef7c563eb57af859786ddf0e734c92f""}, ""features"": {""dtype"": ""float32"", ""has_inf"": false, ""has_nan"": false, ""shape"": [1451, 512], ""summary_hash"": ""76e303bb7b02d2a55fcb7829918f5a962007518fa3f46141096355ae37108058""}}",features,"[1451, 512]",float32,False,False,76e303bb7b02d2a55fcb7829918f5a962007518fa3f46141096355ae37108058,"[1451, 2]",f8aca2c4392bc8723b7b1d5a3ff2af1aaef7c563eb57af859786ddf0e734c92f
2462987-B2.h5,features_biomedclip_20x/2462987-B2.h5,3831796,f8ee274447998e0d2d84d05681ef066a40ac826e8605fee6839f260cbac7d7ff,2026-01-07T11:34:29.803050,"[""coords"", ""features""]","{""coords"": {""dtype"": ""int64"", ""has_inf"": false, ""has_nan"": false, ""shape"": [2010, 2], ""summary_hash"": ""edd4c5a7130b8d8f5df44be25bbe6cafd704a8f410f462c1816a565049238dcd""}, ""features"": {""dtype"": ""float32"", ""has_inf"": false, ""has_nan"": false, ""shape"": [2010, 512], ""summary_hash"": ""ffd6414d20962ec17a9d2da8325f459a0b0406c8015c7fcdcdea51a549fe736a""}}",features,"[2010, 512]",float32,False,False,ffd6414d20962ec17a9d2da8325f459a0b0406c8015c7fcdcdea51a549fe736a,"[2010, 2]",edd4c5a7130b8d8f5df44be25bbe6cafd704a8f410f462c1816a565049238dcd
2463126-B2.h5,features_biomedclip_20x/2463126-B2.h5,4010766,f4f924c90a248a6d52386f6aad12121b4d7a89c0cfd0c7b6f0dd0b5f085396c3,2026-01-07T11:34:41.655008,"[""coords"", ""features""]","{""coords"": {""dtype"": ""int64"", ""has_inf"": false, ""has_nan"": false, ""shape"": [2101, 2], ""summary_hash"": ""44f58e8dfa4db4c300268e7184744c2804117e3d7099167ab3d21fc72b1822e0""}, ""features"": {""dtype"": ""float32"", ""has_inf"": false, ""has_nan"": false, ""shape"": [2101, 512], ""summary_hash"": ""9dbc6d24919e0f5420da1d095cbcca6fb97e284f5e8f6557fa5599884291828f""}}",features,"[2101, 512]",float32,False,False,9dbc6d24919e0f5420da1d095cbcca6fb97e284f5e8f6557fa5599884291828f,"[2101, 2]",44f58e8dfa4db4c300268e7184744c2804117e3d7099167ab3d21fc72b1822e0
2463127-B3.h5,features_biomedclip_20x/2463127-B3.h5,7217277,995ea8e1e1144681ba0264014efd27720a8abc53ab7f4f288e620bc37c320961,2026-01-07T11:34:53.188967,"[""coords"", ""features""]","{""coords"": {""dtype"": ""int64"", ""has_inf"": false, ""has_nan"": false, ""shape"": [3791, 2], ""summary_hash"": ""a7414e9b412c32693b55c5cdc3a1d497d9e467f3f82b0b68430404e7c604cd77""}, ""features"": {""dtype"": ""float32"", ""has_inf"": false, ""has_nan"": false, ""shape"": [3791, 512], ""summary_hash"": ""1725e092e50257700c281939f62af46d4a26253e9a56194e46685480c64e80ba""}}",features,"[3791, 512]",float32,False,False,1725e092e50257700c281939f62af46d4a26253e9a56194e46685480c64e80ba,"[3791, 2]",a7414e9b412c32693b55c5cdc3a1d497d9e467f3f82b0b68430404e7c604cd77
2463135-B.h5,features_biomedclip_20x/2463135-B.h5,8661540,5eaa45434ed698880e1816844d906e791e1fc6125bec39be27207280070e930b,2026-01-07T11:34:47.868986,"[""coords"", ""features""]","{""coords"": {""dtype"": ""int64"", ""has_inf"": false, ""has_nan"": false, ""shape"": [4547, 2], ""summary_hash"": ""554744a202c35f572aa7631cb7a1592a77dd4aa0422a8d9d793b46ca09d1bb3d""}, ""features"": {""dtype"": ""float32"", ""has_inf"": false, ""has_nan"": false, ""shape"": [4547, 512], ""summary_hash"": ""7bb6aa07a1ea366a419227eb0e92aa6f6d510598ea8adb0a8e40b07df3fd98c7""}}",features,"[4547, 512]",float32,False,False,7bb6aa07a1ea366a419227eb0e92aa6f6d510598ea8adb0a8e40b07df3fd98c7,"[4547, 2]",554744a202c35f572aa7631cb7a1592a77dd4aa0422a8d9d793b46ca09d1bb3d
2463187-B2.h5,features_biomedclip_20x/2463187-B2.h5,2887628,35b5cfaf86ee4a831763549e206380f13490f65a9c39fe8d94d66dee369ea446,2026-01-07T11:34:19.194088,"[""coords"", ""features""]","{""coords"": {""dtype"": ""int64"", ""has_inf"": false, ""has_nan"": false, ""shape"": [1511, 2], ""summary_hash"": ""87e2da31703762d19846a366ac426637fcee0060867bc4eeb95118b03195a636""}, ""features"": {""dtype"": ""float32"", ""has_inf"": false, ""has_nan"": false, ""shape"": [1511, 512], ""summary_hash"": ""d5cd1b79bceff52c9bacd19ac30780dd7ee03139ebf99796a515e75abb5a8e61""}}",features,"[1511, 512]",float32,False,False,d5cd1b79bceff52c9bacd19ac30780dd7ee03139ebf99796a515e75abb5a8e61,"[1511, 2]",87e2da31703762d19846a366ac426637fcee0060867bc4eeb95118b03195a636
2463351-B4.h5,features_biomedclip_20x/2463351-B4.h5,4643870,e6fe5aedd9da209986e72a38b76a3c333e3d6b881d25ff4493759ff4765ff784,2026-01-07T11:34:32.070042,"[""coords"", ""features""]","{""coords"": {""dtype"": ""int64"", ""has_inf"": false, ""has_nan"": false, ""shape"": [2436, 2], ""summary_hash"": ""12ce3de54bbbf0d021cd0f41cae5d3427fb302ac79ad70e6eea0f9990a4b71ec""}, ""features"": {""dtype"": ""float32"", ""has_inf"": false, ""has_nan"": false, ""shape"": [2436, 512], ""summary_hash"": ""8da781b24303d0e6116da8decf2da2c5313d6dd9ff8142d97b8590c260580960""}}",features,"[2436, 512]",float32,False,False,8da781b24303d0e6116da8decf2da2c5313d6dd9ff8142d97b8590c260580960,"[2436, 2]",12ce3de54bbbf0d021cd0f41cae5d3427fb302ac79ad70e6eea0f9990a4b71ec
2463367-B2.h5,features_biomedclip_20x/2463367-B2.h5,8346737,3a27f3561593ae6ce3fbc4233e29eff0b631a3ccd8924c8ccf7938803059176d,2026-01-07T11:34:23.270073,"[""coords"", ""features""]","{""coords"": {""dtype"": ""int64"", ""has_inf"": false, ""has_nan"": false, ""shape"": [4380, 2], ""summary_hash"": ""0d946c1bfa5866db1892c54052350991337d9ce0c5e26176cedc0c1721bffb7a""}, ""features"": {""dtype"": ""float32"", ""has_inf"": false, ""has_nan"": false, ""shape"": [4380, 512], ""summary_hash"": ""b89e8fb0f5c3d2ff7996a67414d449de0834e44a923bc9d4967908904cbe9fc4""}}",features,"[4380, 512]",float32,False,False,b89e8fb0f5c3d2ff7996a67414d449de0834e44a923bc9d4967908904cbe9fc4,"[4380, 2]",0d946c1bfa5866db1892c54052350991337d9ce0c5e26176cedc0c1721bffb7a
2463370-B2.h5,features_biomedclip_20x/2463370-B2.h5,5201785,4b609b87470edb61d23f8fe7c9b5e920b550937525d28ca7a88b18318335689c,2026-01-07T11:34:18.078092,"[""coords"", ""features""]","{""coords"": {""dtype"": ""int64"", ""has_inf"": false, ""has_nan"": false, ""shape"": [2726, 2], ""summary_hash"": ""c477830847a247a5e5fa17c865dfaa170d457970536c919def4860a0da8d5c24""}, ""features"": {""dtype"": ""float32"", ""has_inf"": false, ""has_nan"": false, ""shape"": [2726, 512], ""summary_hash"": ""f92dde2359af8b31bfafb8fbd669b063f66936826652dde2d44deac78359e7ea""}}",features,"[2726, 512]",float32,False,False,f92dde2359af8b31bfafb8fbd669b063f66936826652dde2d44deac78359e7ea,"[2726, 2]",c477830847a247a5e5fa17c865dfaa170d457970536c919def4860a0da8d5c24
2463379-B4.h5,features_biomedclip_20x/2463379-B4.h5,3965265,1927cf7601a9e985fd4957acd5725b7c50470052f562f00f653f570581bf3aac,2026-01-07T11:35:05.586922,"[""coords"", ""features""]","{""coords"": {""dtype"": ""int64"", ""has_inf"": false, ""has_nan"": false, ""shape"": [2079, 2], ""summary_hash"": ""2406c024c702fa1d9c85131d9f603fbf40f46fad28373ba19f8c597d3c3630cd""}, ""features"": {""dtype"": ""float32"", ""has_inf"": false, ""has_nan"": false, ""shape"": [2079, 512], ""summary_hash"": ""c7281a177e6cf3b36d32f497be4d1ed93ea25d73c36c81bb9f1f4b405d24ed27""}}",features,"[2079, 512]",float32,False,False,c7281a177e6cf3b36d32f497be4d1ed93ea25d73c36c81bb9f1f4b405d24ed27,"[2079, 2]",2406c024c702fa1d9c85131d9f603fbf40f46fad28373ba19f8c597d3c3630cd
2463404-B2.h5,features_biomedclip_20x/2463404-B2.h5,5598699,f839f5559bcde2678212ff2a122d60e008cbbe72222ba5b4db21a5f554db0178,2026-01-07T11:34:42.650004,"[""coords"", ""features""]","{""coords"": {""dtype"": ""int64"", ""has_inf"": false, ""has_nan"": false, ""shape"": [2935, 2], ""summary_hash"": ""267c714951b52d4cba010e93dd71941507302f915c724457ff8eea3a2e39d18b""}, ""features"": {""dtype"": ""float32"", ""has_inf"": false, ""has_nan"": false, ""shape"": [2935, 512], ""summary_hash"": ""4db7d33c8cccf15f181f240a8e1ed408240195a3604aefa170fd87887fb03f66""}}",features,"[2935, 512]",float32,False,False,4db7d33c8cccf15f181f240a8e1ed408240195a3604aefa170fd87887fb03f66,"[2935, 2]",267c714951b52d4cba010e93dd71941507302f915c724457ff8eea3a2e39d18b
2463643-B.h5,features_biomedclip_20x/2463643-B.h5,6555121,5a117b02c391dc051dd9627c707d58c1973c4c55cd1620b4d3f60115d693f2c1,2026-01-07T11:34:19.045088,"[""coords"", ""features""]","{""coords"": {""dtype"": ""int64"", ""has_inf"": false, ""has_nan"": false, ""shape"": [3440, 2], ""summary_hash"": ""12ae4340bc060ef1a0a5c16881f825c809f478a77e960be905b31e3879762ea7""}, ""features"": {""dtype"": ""float32"", ""has_inf"": false, ""has_nan"": false, ""shape"": [3440, 512], ""summary_hash"": ""1fffa10b4308a3acf62d49dc6b2cd93c9e71bd0b2d91897807f3cbeb8412102a""}}",features,"[3440, 512]",float32,False,False,1fffa10b4308a3acf62d49dc6b2cd93c9e71bd0b2d91897807f3cbeb8412102a,"[3440, 2]",12ae4340bc060ef1a0a5c16881f825c809f478a77e960be905b31e3879762ea7
2463647-B2.h5,features_biomedclip_20x/2463647-B2.h5,5595085,29235a9b16b1bd484b65d42f735541e805365ea9ebee1dd6048abf119990e506,2026-01-07T11:34:35.866029,"[""coords"", ""features""]","{""coords"": {""dtype"": ""int64"", ""has_inf"": false, ""has_nan"": false, ""shape"": [2934, 2], ""summary_hash"": ""d03c863a136d956e3b7ea18fc633d36cba6223b2d82ebb0ab7300504d95cff5d""}, ""features"": {""dtype"": ""float32"", ""has_inf"": false, ""has_nan"": false, ""shape"": [2934, 512], ""summary_hash"": ""61ff396240dea2ff7b4a3d5116f1979583b93b2de5371483312c7fb8e91d09d3""}}",features,"[2934, 512]",float32,False,False,61ff396240dea2ff7b4a3d5116f1979583b93b2de5371483312c7fb8e91d09d3,"[2934, 2]",d03c863a136d956e3b7ea18fc633d36cba6223b2d82ebb0ab7300504d95cff5d
2463656-B2.h5,features_biomedclip_20x/2463656-B2.h5,3960411,f71ff8dba0dbb14aef6f9074bdb91ce2cf920ab5f9d47cc4d18809a4483153b8,2026-01-07T11:34:47.332988,"[""coords"", ""features""]","{""coords"": {""dtype"": ""int64"", ""has_inf"": false, ""has_nan"": false, ""shape"": [2076, 2], ""summary_hash"": ""c18cb5bfcffd2c1172344e9837f3409481227e551b25759dfaa9aef4d5c61126""}, ""features"": {""dtype"": ""float32"", ""has_inf"": false, ""has_nan"": false, ""shape"": [2076, 512], ""summary_hash"": ""df60abd03923e8fa2d1655c662b294383abeb57e77c09b184e089338bf00002e""}}",features,"[2076, 512]",float32,False,False,df60abd03923e8fa2d1655c662b294383abeb57e77c09b184e089338bf00002e,"[2076, 2]",c18cb5bfcffd2c1172344e9837f3409481227e551b25759dfaa9aef4d5c61126
2463720-B7.h5,features_biomedclip_20x/2463720-B7.h5,5765215,ddfc332b68a1bf2d5f061bbb4b94b7446d1a16c53673729c26bf58f568baad9f,2026-01-07T11:35:03.658929,"[""coords"", ""features""]","{""coords"": {""dtype"": ""int64"", ""has_inf"": false, ""has_nan"": false, ""shape"": [3024, 2], ""summary_hash"": ""b680d61f5c5046457ea947e01cdf795c2b41ff3582aba8be4797e8b1f99de032""}, ""features"": {""dtype"": ""float32"", ""has_inf"": false, ""has_nan"": false, ""shape"": [3024, 512], ""summary_hash"": ""705fff79cf470d0ba6bf7773458a66fe7cde9b62b89864cf46c5044ab86b4845""}}",features,"[3024, 512]",float32,False,False,705fff79cf470d0ba6bf7773458a66fe7cde9b62b89864cf46c5044ab86b4845,"[3024, 2]",b680d61f5c5046457ea947e01cdf795c2b41ff3582aba8be4797e8b1f99de032
2464404-B5.h5,features_biomedclip_20x/2464404-B5.h5,5597516,5cbd76f4f78b35eeb2d8445d88b1d5f98df366530a2016ebe2fca2f0b95f40af,2026-01-07T11:35:07.553915,"[""coords"", ""features""]","{""coords"": {""dtype"": ""int64"", ""has_inf"": false, ""has_nan"": false, ""shape"": [2935, 2], ""summary_hash"": ""9acd3ea3dc9ffa378648b4134d3ff93fd07313c237f6900e4682ca0d8f4acd84""}, ""features"": {""dtype"": ""float32"", ""has_inf"": false, ""has_nan"": false, ""shape"": [2935, 512], ""summary_hash"": ""4fa5a981725c0692dc9d6b902102cf1d1cea9fef539459330f49f2db3a7cd9ed""}}",features,"[2935, 512]",float32,False,False,4fa5a981725c0692dc9d6b902102cf1d1cea9fef539459330f49f2db3a7cd9ed,"[2935, 2]",9acd3ea3dc9ffa378648b4134d3ff93fd07313c237f6900e4682ca0d8f4acd84
2464438-B5.h5,features_biomedclip_20x/2464438-B5.h5,2382625,ea2f23ebdf42e020f9156a35a09f21c03d612f5586f10f46dd3befedc23112b6,2026-01-07T11:34:17.097095,"[""coords"", ""features""]","{""coords"": {""dtype"": ""int64"", ""has_inf"": false, ""has_nan"": false, ""shape"": [1244, 2], ""summary_hash"": ""2e41402c3b0e6750fc105ee16c7923bb435ed99e9b2d4b661be39d716a3587d8""}, ""features"": {""dtype"": ""float32"", ""has_inf"": false, ""has_nan"": false, ""shape"": [1244, 512], ""summary_hash"": ""c294b29f58668d0380ae9fe1bf34d433d4144f308eab19894509440f4b07c31d""}}",features,"[1244, 512]",float32,False,False,c294b29f58668d0380ae9fe1bf34d433d4144f308eab19894509440f4b07c31d,"[1244, 2]",2e41402c3b0e6750fc105ee16c7923bb435ed99e9b2d4b661be39d716a3587d8
2464443-B.h5,features_biomedclip_20x/2464443-B.h5,7024144,ee29ef9f5783514b09c4088a3b32c515a2e6d5ca4c61e493ab6a249d889a2019,2026-01-07T11:34:47.751986,"[""coords"", ""features""]","{""coords"": {""dtype"": ""int64"", ""has_inf"": false, ""has_nan"": false, ""shape"": [3687, 2], ""summary_hash"": ""257ebc53089afd2dca841e44f4bbf73e74c59738bef7d8e908c7d55c5aa70119""}, ""features"": {""dtype"": ""float32"", ""has_inf"": false, ""has_nan"": false, ""shape"": [3687, 512], ""summary_hash"": ""0789333cda066de1aecc4428f4f868525a0df4490c77ed141278cdeaeaf3285f""}}",features,"[3687, 512]",float32,False,False,0789333cda066de1aecc4428f4f868525a0df4490c77ed141278cdeaeaf3285f,"[3687, 2]",257ebc53089afd2dca841e44f4bbf73e74c59738bef7d8e908c7d55c5aa70119
2464548-B.h5,features_biomedclip_20x/2464548-B.h5,9516834,ac45f310c727d79f36172e228e14a07c4d1337b46360f079e64005adbd3782f2,2026-01-07T11:34:56.458955,"[""coords"", ""features""]","{""coords"": {""dtype"": ""int64"", ""has_inf"": false, ""has_nan"": false, ""shape"": [4999, 2], ""summary_hash"": ""d3842f3808fa719bcc4d3c622d188bc790c5aec27bfbf64287e4273618f19bc6""}, ""features"": {""dtype"": ""float32"", ""has_inf"": false, ""has_nan"": false, ""shape"": [4999, 512], ""summary_hash"": ""c17bda0d942a83a2fed5488488e456306a667dc56e08123c0663015703f1a781""}}",features,"[4999, 512]",float32,False,False,c17bda0d942a83a2fed5488488e456306a667dc56e08123c0663015703f1a781,"[4999, 2]",d3842f3808fa719bcc4d3c622d188bc790c5aec27bfbf64287e4273618f19bc6
2464690-B2.h5,features_biomedclip_20x/2464690-B2.h5,6573440,6d76fe80f3e1a4846f159eba0bb0eb4bac26427c38b48749213870f5e39e690c,2026-01-07T11:34:49.716979,"[""coords"", ""features""]","{""coords"": {""dtype"": ""int64"", ""has_inf"": false, ""has_nan"": false, ""shape"": [3451, 2], ""summary_hash"": ""3743f2ac797da3e585d42ba79010a7e43e059397be9a73fb1d950452ddc20b64""}, ""features"": {""dtype"": ""float32"", ""has_inf"": false, ""has_nan"": false, ""shape"": [3451, 512], ""summary_hash"": ""19e16adea725721bddefac92c6b20a5bd5d753c1893608bedd93366be817626b""}}",features,"[3451, 512]",float32,False,False,19e16adea725721bddefac92c6b20a5bd5d753c1893608bedd93366be817626b,"[3451, 2]",3743f2ac797da3e585d42ba79010a7e43e059397be9a73fb1d950452ddc20b64
2464812-B3.h5,features_biomedclip_20x/2464812-B3.h5,7012311,20d6572185448ad280f2e7c880b9705a239ae47cd1469afd822b67e6fee35a98,2026-01-07T11:34:48.311984,"[""coords"", ""features""]","{""coords"": {""dtype"": ""int64"", ""has_inf"": false, ""has_nan"": false, ""shape"": [3682, 2], ""summary_hash"": ""71b2cc473f8c315e12fbf58524fe5f4ee6af3c93b31a6403a8a0f2fd454a3d27""}, ""features"": {""dtype"": ""float32"", ""has_inf"": false, ""has_nan"": false, ""shape"": [3682, 512], ""summary_hash"": ""2d9a465e4e70da7629897bb2e61bda98a104c1a9e6edf49744e18f0d50b1bfb1""}}",features,"[3682, 512]",float32,False,False,2d9a465e4e70da7629897bb2e61bda98a104c1a9e6edf49744e18f0d50b1bfb1,"[3682, 2]",71b2cc473f8c315e12fbf58524fe5f4ee6af3c93b31a6403a8a0f2fd454a3d27
2464817-B.h5,features_biomedclip_20x/2464817-B.h5,7460427,1d26ab06507a92cf18de976a25ca6e632329b6ce76cfce9d394a46e6ce9892e8,2026-01-07T11:35:04.553926,"[""coords"", ""features""]","{""coords"": {""dtype"": ""int64"", ""has_inf"": false, ""has_nan"": false, ""shape"": [3919, 2], ""summary_hash"": ""d2ca417b058f625cf472ebca1907960526ab2c28493a3c4b4f4e5add74c9bdd9""}, ""features"": {""dtype"": ""float32"", ""has_inf"": false, ""has_nan"": false, ""shape"": [3919, 512], ""summary_hash"": ""a2232b0141c97e123414402f2c0c3d6baf236e0c2aa5095fe35f2211be60b815""}}",features,"[3919, 512]",float32,False,False,a2232b0141c97e123414402f2c0c3d6baf236e0c2aa5095fe35f2211be60b815,"[3919, 2]",d2ca417b058f625cf472ebca1907960526ab2c28493a3c4b4f4e5add74c9bdd9
2464879-B2.h5,features_biomedclip_20x/2464879-B2.h5,7529072,e567702cd0ea632ce2f33bc8764d9152b1e2d436c4ac5d92ee893f452b397133,2026-01-07T11:34:25.160067,"[""coords"", ""features""]","{""coords"": {""dtype"": ""int64"", ""has_inf"": false, ""has_nan"": false, ""shape"": [3955, 2], ""summary_hash"": ""e14e42ffc297fd6604de512ec2fdae9970d0b45e54c333c9cdb2e066cba2017f""}, ""features"": {""dtype"": ""float32"", ""has_inf"": false, ""has_nan"": false, ""shape"": [3955, 512], ""summary_hash"": ""a20dcd86c81667d1b1599681e73aad8c8a9b1abbe7b83bbd9727e4f09ea1c26b""}}",features,"[3955, 512]",float32,False,False,a20dcd86c81667d1b1599681e73aad8c8a9b1abbe7b83bbd9727e4f09ea1c26b,"[3955, 2]",e14e42ffc297fd6604de512ec2fdae9970d0b45e54c333c9cdb2e066cba2017f
2464929-B.h5,features_biomedclip_20x/2464929-B.h5,8184769,9caa6de29997f4c5118ffca2c6990a10ef132168db0aef72001e09456ab15fa4,2026-01-07T11:34:51.354973,"[""coords"", ""features""]","{""coords"": {""dtype"": ""int64"", ""has_inf"": false, ""has_nan"": false, ""shape"": [4295, 2], ""summary_hash"": ""3fc702462f585b6b5deddb31ac845704adb1e58c6630b5ba4d0d99d36f7ae87d""}, ""features"": {""dtype"": ""float32"", ""has_inf"": false, ""has_nan"": false, ""shape"": [4295, 512], ""summary_hash"": ""d516f08fc2cd5d4d27e0defbe3e48e02d4b2780f919feb84d7751973f9a9d15c""}}",features,"[4295, 512]",float32,False,False,d516f08fc2cd5d4d27e0defbe3e48e02d4b2780f919feb84d7751973f9a9d15c,"[4295, 2]",3fc702462f585b6b5deddb31ac845704adb1e58c6630b5ba4d0d99d36f7ae87d
2464943-B2.h5,features_biomedclip_20x/2464943-B2.h5,8577631,1efd6afaee334b51086cb2489ec7626f84b3fadad0cde93154a87f01e1de8b26,2026-01-07T11:34:37.247024,"[""coords"", ""features""]","{""coords"": {""dtype"": ""int64"", ""has_inf"": false, ""has_nan"": false, ""shape"": [4501, 2], ""summary_hash"": ""c555d9563e66c76484a566fb8a72b152951ae8b54e0856a4dcaf31737b2ac60e""}, ""features"": {""dtype"": ""float32"", ""has_inf"": false, ""has_nan"": false, ""shape"": [4501, 512], ""summary_hash"": ""4d975bbefe8b47f0e9b9c6e09f0bab5c59942344c0267fb7712551c265de2fb5""}}",features,"[4501, 512]",float32,False,False,4d975bbefe8b47f0e9b9c6e09f0bab5c59942344c0267fb7712551c265de2fb5,"[4501, 2]",c555d9563e66c76484a566fb8a72b152951ae8b54e0856a4dcaf31737b2ac60e
2465202-B3.h5,features_biomedclip_20x/2465202-B3.h5,7379057,778f938390ab391575ee04d2084bfc9d9f7dcee07aefbf8474a321ac40d3201b,2026-01-07T11:35:02.047935,"[""coords"", ""features""]","{""coords"": {""dtype"": ""int64"", ""has_inf"": false, ""has_nan"": false, ""shape"": [3876, 2], ""summary_hash"": ""1ae4833aedaf0521ad7371febfa5d18b22c0746205757d0a46e1192ec25b9726""}, ""features"": {""dtype"": ""float32"", ""has_inf"": false, ""has_nan"": false, ""shape"": [3876, 512], ""summary_hash"": ""3002263470b0a59a42f192e2c4c50ed41ace5ff24a5ec96d99e8f098be51dda1""}}",features,"[3876, 512]",float32,False,False,3002263470b0a59a42f192e2c4c50ed41ace5ff24a5ec96d99e8f098be51dda1,"[3876, 2]",1ae4833aedaf0521ad7371febfa5d18b22c0746205757d0a46e1192ec25b9726
2465243-B2.h5,features_biomedclip_20x/2465243-B2.h5,9905376,e3feeb89cd5c05799524c2a54077534c0cbc98b4997ee6717fe85ec7fac049bf,2026-01-07T11:34:45.500994,"[""coords"", ""features""]","{""coords"": {""dtype"": ""int64"", ""has_inf"": false, ""has_nan"": false, ""shape"": [5204, 2], ""summary_hash"": ""170f7d934b42e578ff2721ca04e4da7ac758d0833e5408965e46b484c8d88f34""}, ""features"": {""dtype"": ""float32"", ""has_inf"": false, ""has_nan"": false, ""shape"": [5204, 512], ""summary_hash"": ""1ad20ec1428426bb44dba3e1e29053bea284cd4fa3c7def1838f4c3a175c2281""}}",features,"[5204, 512]",float32,False,False,1ad20ec1428426bb44dba3e1e29053bea284cd4fa3c7def1838f4c3a175c2281,"[5204, 2]",170f7d934b42e578ff2721ca04e4da7ac758d0833e5408965e46b484c8d88f34
2465263-B2.h5,features_biomedclip_20x/2465263-B2.h5,4427022,6857bbb4ab5477003cb8695dcc87c43d3c0cfcc1d9b4ff0bd42649fc1e8837bf,2026-01-07T11:34:50.815975,"[""coords"", ""features""]","{""coords"": {""dtype"": ""int64"", ""has_inf"": false, ""has_nan"": false, ""shape"": [2322, 2], ""summary_hash"": ""3ef80f1362056a6988f0099fc54383f1251e7471b70de9bc7226461b5d67ddd3""}, ""features"": {""dtype"": ""float32"", ""has_inf"": false, ""has_nan"": false, ""shape"": [2322, 512], ""summary_hash"": ""f7e4a65f2e57b8f516c73e27ef485d06afd7db10337bdb635445ebb65f01c953""}}",features,"[2322, 512]",float32,False,False,f7e4a65f2e57b8f516c73e27ef485d06afd7db10337bdb635445ebb65f01c953,"[2322, 2]",3ef80f1362056a6988f0099fc54383f1251e7471b70de9bc7226461b5d67ddd3
2465339-B2.h5,features_biomedclip_20x/2465339-B2.h5,11908366,54d550fea136866499dd2db082568e910eb4bf99e2f2a65ebf0f28899a4d57c4,2026-01-07T11:34:42.629004,"[""coords"", ""features""]","{""coords"": {""dtype"": ""int64"", ""has_inf"": false, ""has_nan"": false, ""shape"": [6254, 2], ""summary_hash"": ""a1e6f9c5ef41aae9077f15fae936e64a11e8b15ca53fa7fde1f69ba92f93e6b1""}, ""features"": {""dtype"": ""float32"", ""has_inf"": false, ""has_nan"": false, ""shape"": [6254, 512], ""summary_hash"": ""4f4d8815407aef68e01f1c1e60b960de0a92daa599ce29ab92f6f8eb5b8968a0""}}",features,"[6254, 512]",float32,False,False,4f4d8815407aef68e01f1c1e60b960de0a92daa599ce29ab92f6f8eb5b8968a0,"[6254, 2]",a1e6f9c5ef41aae9077f15fae936e64a11e8b15ca53fa7fde1f69ba92f93e6b1
2465367-B3.h5,features_biomedclip_20x/2465367-B3.h5,3056237,50b4e113f4c5fcbca645648ef93012f8485ef9f463e2347734e61fc52f418419,2026-01-07T11:34:27.040060,"[""coords"", ""features""]","{""coords"": {""dtype"": ""int64"", ""has_inf"": false, ""has_nan"": false, ""shape"": [1600, 2], ""summary_hash"": ""c08ac46e15734b35769f5c7a83c5abbd1c5eb4534f7164db7f84c775726e8b2e""}, ""features"": {""dtype"": ""float32"", ""has_inf"": false, ""has_nan"": false, ""shape"": [1600, 512], ""summary_hash"": ""c1e832f656d83f2d1d92f13ad6bfcec6a08b00226fe55fe8fd53d8522892f2ee""}}",features,"[1600, 512]",float32,False,False,c1e832f656d83f2d1d92f13ad6bfcec6a08b00226fe55fe8fd53d8522892f2ee,"[1600, 2]",c08ac46e15734b35769f5c7a83c5abbd1c5eb4534f7164db7f84c775726e8b2e
2465396-B2.h5,features_biomedclip_20x/2465396-B2.h5,4693915,6f10cb685a971bb6bf0776b271d42d31b60e953b7ded92045fdc9845ffcbe939,2026-01-07T11:34:31.300045,"[""coords"", ""features""]","{""coords"": {""dtype"": ""int64"", ""has_inf"": false, ""has_nan"": false, ""shape"": [2463, 2], ""summary_hash"": ""b52112db4c8549c1bc9512c5a8e6dd4eceff34f93bb9fac98bb127f4706de53d""}, ""features"": {""dtype"": ""float32"", ""has_inf"": false, ""has_nan"": false, ""shape"": [2463, 512], ""summary_hash"": ""f5d45189a050aa9650f43f94aaae12de80da5e837d8756f95bcfeb9bdbc0fe43""}}",features,"[2463, 512]",float32,False,False,f5d45189a050aa9650f43f94aaae12de80da5e837d8756f95bcfeb9bdbc0fe43,"[2463, 2]",b52112db4c8549c1bc9512c5a8e6dd4eceff34f93bb9fac98bb127f4706de53d
2465397-B.h5,features_biomedclip_20x/2465397-B.h5,4364650,9bfe8a676c1d551f1cd0ab776c7724e4d67806faaba7e05e0040311c85772168,2026-01-07T11:34:38.384020,"[""coords"", ""features""]","{""coords"": {""dtype"": ""int64"", ""has_inf"": false, ""has_nan"": false, ""shape"": [2289, 2], ""summary_hash"": ""e45710f340f757a704e0507c4e4df419527c4340e7f8151222f7c86106b77f21""}, ""features"": {""dtype"": ""float32"", ""has_inf"": false, ""has_nan"": false, ""shape"": [2289, 512], ""summary_hash"": ""35525f7773a966a95e4431b6d783e2296c9e487c83855e756be39b4dabe7a689""}}",features,"[2289, 512]",float32,False,False,35525f7773a966a95e4431b6d783e2296c9e487c83855e756be39b4dabe7a689,"[2289, 2]",e45710f340f757a704e0507c4e4df419527c4340e7f8151222f7c86106b77f21
2465568-B2.h5,features_biomedclip_20x/2465568-B2.h5,5054632,ee5c21dc2d24518ccd7df76901705e4bb91e73a0fdc8ff81a2e03ae7303ccad0,2026-01-07T11:35:07.556915,"[""coords"", ""features""]","{""coords"": {""dtype"": ""int64"", ""has_inf"": false, ""has_nan"": false, ""shape"": [2648, 2], ""summary_hash"": ""4aa59979c21a3faf6f7c7f46fb936964eb930c37b8158f9dd4b2c5527739df8d""}, ""features"": {""dtype"": ""float32"", ""has_inf"": false, ""has_nan"": false, ""shape"": [2648, 512], ""summary_hash"": ""23875e924c8f431680832b27151e8d87cbf492e36e559bac66e37370cc07ba5c""}}",features,"[2648, 512]",float32,False,False,23875e924c8f431680832b27151e8d87cbf492e36e559bac66e37370cc07ba5c,"[2648, 2]",4aa59979c21a3faf6f7c7f46fb936964eb930c37b8158f9dd4b2c5527739df8d
2465608-B2.h5,features_biomedclip_20x/2465608-B2.h5,7124464,9f8932d7b3eac19f96695a92cb8345ba84d3a5c574b0df88806af965bad105e9,2026-01-07T11:34:26.917060,"[""coords"", ""features""]","{""coords"": {""dtype"": ""int64"", ""has_inf"": false, ""has_nan"": false, ""shape"": [3741, 2], ""summary_hash"": ""94e43d2ccbb163430dc0d658f7c5733c73a420eb6aa58b19eec01e6af791905c""}, ""features"": {""dtype"": ""float32"", ""has_inf"": false, ""has_nan"": false, ""shape"": [3741, 512], ""summary_hash"": ""446f6467695146851ca3813272e78fd5f4c57f2b0ded7c4a460b4530a19b297a""}}",features,"[3741, 512]",float32,False,False,446f6467695146851ca3813272e78fd5f4c57f2b0ded7c4a460b4530a19b297a,"[3741, 2]",94e43d2ccbb163430dc0d658f7c5733c73a420eb6aa58b19eec01e6af791905c
2465625-B.h5,features_biomedclip_20x/2465625-B.h5,4567265,d5d3d230c26bae76610a2e832795816c8818c4e73995e24f04abffed381883d6,2026-01-07T11:34:54.614962,"[""coords"", ""features""]","{""coords"": {""dtype"": ""int64"", ""has_inf"": false, ""has_nan"": false, ""shape"": [2395, 2], ""summary_hash"": ""277d9fa37049a3bc256f7ff4ea6c3c799612bd5ba3dfb9fc22b45487824b945d""}, ""features"": {""dtype"": ""float32"", ""has_inf"": false, ""has_nan"": false, ""shape"": [2395, 512], ""summary_hash"": ""b6c09ef3e1fc0eaa61c5ed0dd86e94dc15e39365396a88b374d4e8a094ff7baa""}}",features,"[2395, 512]",float32,False,False,b6c09ef3e1fc0eaa61c5ed0dd86e94dc15e39365396a88b374d4e8a094ff7baa,"[2395, 2]",277d9fa37049a3bc256f7ff4ea6c3c799612bd5ba3dfb9fc22b45487824b945d
2465636-B.h5,features_biomedclip_20x/2465636-B.h5,6354544,f10b892b51bd63f4c9f3ee26f32cbab76ee305456a3239b5f02c9ffbafc1c1c7,2026-01-07T11:34:29.135053,"[""coords"", ""features""]","{""coords"": {""dtype"": ""int64"", ""has_inf"": false, ""has_nan"": false, ""shape"": [3335, 2], ""summary_hash"": ""4162b681f5804d910ef733d340b2dcb49455334373ecd4fa67232ec6c16e2d2c""}, ""features"": {""dtype"": ""float32"", ""has_inf"": false, ""has_nan"": false, ""shape"": [3335, 512], ""summary_hash"": ""58b3916535a06660768f23d6f5d8c1409f7d7680a82b98a72ce5b18d01ae7b78""}}",features,"[3335, 512]",float32,False,False,58b3916535a06660768f23d6f5d8c1409f7d7680a82b98a72ce5b18d01ae7b78,"[3335, 2]",4162b681f5804d910ef733d340b2dcb49455334373ecd4fa67232ec6c16e2d2c
2465639-B2.h5,features_biomedclip_20x/2465639-B2.h5,3400358,1bf69a1ace7ecce5276a37673a07bc65c11895291853bcebfc799c031c083585,2026-01-07T11:35:01.315938,"[""coords"", ""features""]","{""coords"": {""dtype"": ""int64"", ""has_inf"": false, ""has_nan"": false, ""shape"": [1782, 2], ""summary_hash"": ""91013ceaa29132cdf21defca15658da7723c1ccb1ad24a86ffd0356244e34654""}, ""features"": {""dtype"": ""float32"", ""has_inf"": false, ""has_nan"": false, ""shape"": [1782, 512], ""summary_hash"": ""ef7cbbd70d7ff9f669eed61ec1d46eb63128edc2f650be00987070ca4b3a6cf0""}}",features,"[1782, 512]",float32,False,False,ef7cbbd70d7ff9f669eed61ec1d46eb63128edc2f650be00987070ca4b3a6cf0,"[1782, 2]",91013ceaa29132cdf21defca15658da7723c1ccb1ad24a86ffd0356244e34654
2465643-B3.h5,features_biomedclip_20x/2465643-B3.h5,7112285,ab2edb2b12831275b4d9282247e689517567054423df09e5924c89562a62caa7,2026-01-07T11:34:43.878000,"[""coords"", ""features""]","{""coords"": {""dtype"": ""int64"", ""has_inf"": false, ""has_nan"": false, ""shape"": [3735, 2], ""summary_hash"": ""fd75849f9fd659d3aa64b789c6b71c98dee3bd5f731bf4b1add3b08e511254c1""}, ""features"": {""dtype"": ""float32"", ""has_inf"": false, ""has_nan"": false, ""shape"": [3735, 512], ""summary_hash"": ""7b6869ff9965948f2040913dffe13ae6af92d7d6c4c9f32351834063dd8bc6cd""}}",features,"[3735, 512]",float32,False,False,7b6869ff9965948f2040913dffe13ae6af92d7d6c4c9f32351834063dd8bc6cd,"[3735, 2]",fd75849f9fd659d3aa64b789c6b71c98dee3bd5f731bf4b1add3b08e511254c1
2465661-B2.h5,features_biomedclip_20x/2465661-B2.h5,4998338,5eb4382dd8783f3f2dbadb928a4b791b1129fd8c0c03357617a26600bd894c1f,2026-01-07T11:35:04.803925,"[""coords"", ""features""]","{""coords"": {""dtype"": ""int64"", ""has_inf"": false, ""has_nan"": false, ""shape"": [2618, 2], ""summary_hash"": ""e1d75158dd501ec22eba2c95b13a378f060560b2f59b6f3e660c7bf84e4f9a89""}, ""features"": {""dtype"": ""float32"", ""has_inf"": false, ""has_nan"": false, ""shape"": [2618, 512], ""summary_hash"": ""b0f2cf3c5b6cd1a09828bd25700fa234283db8c3180c23d0c6f4cebdc61ca90e""}}",features,"[2618, 512]",float32,False,False,b0f2cf3c5b6cd1a09828bd25700fa234283db8c3180c23d0c6f4cebdc61ca90e,"[2618, 2]",e1d75158dd501ec22eba2c95b13a378f060560b2f59b6f3e660c7bf84e4f9a89
2465795-B4.h5,features_biomedclip_20x/2465795-B4.h5,7916295,7d0bad8aef8d4812c64ce59f2cb29b0cd9f4568dfba2923e070827147f8e36c5,2026-01-07T11:34:40.848011,"[""coords"", ""features""]","{""coords"": {""dtype"": ""int64"", ""has_inf"": false, ""has_nan"": false, ""shape"": [4156, 2], ""summary_hash"": ""98af05464ea23fc56b86cccd749211ae6b8a7a77387427ae1509cdb005d31e50""}, ""features"": {""dtype"": ""float32"", ""has_inf"": false, ""has_nan"": false, ""shape"": [4156, 512], ""summary_hash"": ""b46c3002647d47ad7a287a352dcc9d8a87cb61de4e1235162f97c87190bb07a2""}}",features,"[4156, 512]",float32,False,False,b46c3002647d47ad7a287a352dcc9d8a87cb61de4e1235162f97c87190bb07a2,"[4156, 2]",98af05464ea23fc56b86cccd749211ae6b8a7a77387427ae1509cdb005d31e50
2465827-B5.h5,features_biomedclip_20x/2465827-B5.h5,5822297,9c59c1b6efa1b907bc62c1eed32b208a6440f30229449806fff9820a0c5606b5,2026-01-07T11:35:02.505933,"[""coords"", ""features""]","{""coords"": {""dtype"": ""int64"", ""has_inf"": false, ""has_nan"": false, ""shape"": [3054, 2], ""summary_hash"": ""cff9b7670ea20f761cb1fb28eb21a252b282cd88a00aa8b21b7b4e17574738d3""}, ""features"": {""dtype"": ""float32"", ""has_inf"": false, ""has_nan"": false, ""shape"": [3054, 512], ""summary_hash"": ""f031fae5f9f7283928dacaafb6c36a988f2709ef562cd8797dcd033cda960112""}}",features,"[3054, 512]",float32,False,False,f031fae5f9f7283928dacaafb6c36a988f2709ef562cd8797dcd033cda960112,"[3054, 2]",cff9b7670ea20f761cb1fb28eb21a252b282cd88a00aa8b21b7b4e17574738d3
2465843-B2.h5,features_biomedclip_20x/2465843-B2.h5,6963713,39570508ef1cc676a6fa4416fb5b8c0fbe87a7cc740b0e39f66d061ddb451f74,2026-01-07T11:34:32.891039,"[""coords"", ""features""]","{""coords"": {""dtype"": ""int64"", ""has_inf"": false, ""has_nan"": false, ""shape"": [3656, 2], ""summary_hash"": ""d6d84bbd397b702476a59b1eee4bfb509a9b76f781a88719ae7349227fdca9a6""}, ""features"": {""dtype"": ""float32"", ""has_inf"": false, ""has_nan"": false, ""shape"": [3656, 512], ""summary_hash"": ""76c993ccda72a3314f6393c373eca920bc7a3fd33c6fa9327c2b296b15baf0de""}}",features,"[3656, 512]",float32,False,False,76c993ccda72a3314f6393c373eca920bc7a3fd33c6fa9327c2b296b15baf0de,"[3656, 2]",d6d84bbd397b702476a59b1eee4bfb509a9b76f781a88719ae7349227fdca9a6
2465989-B2.h5,features_biomedclip_20x/2465989-B2.h5,5571637,87e565a26fb38a3f253440bffe567f62612bb9b3b2cc0dfc1e12e2aaf050eb5b,2026-01-07T11:34:23.915071,"[""coords"", ""features""]","{""coords"": {""dtype"": ""int64"", ""has_inf"": false, ""has_nan"": false, ""shape"": [2922, 2], ""summary_hash"": ""f3565ba98895c3840521122fd8f91f8b60592cc4723099e79327350d376d2ce9""}, ""features"": {""dtype"": ""float32"", ""has_inf"": false, ""has_nan"": false, ""shape"": [2922, 512], ""summary_hash"": ""08515790ccabbb6c6b8f753b9963f833c5875692c8b944545183936885caca74""}}",features,"[2922, 512]",float32,False,False,08515790ccabbb6c6b8f753b9963f833c5875692c8b944545183936885caca74,"[2922, 2]",f3565ba98895c3840521122fd8f91f8b60592cc4723099e79327350d376d2ce9
2466152-B2.h5,features_biomedclip_20x/2466152-B2.h5,4291448,a1c995cf39981f9296b395c7d1fc6f5ba100f54a61849a4c193b60c6c8286411,2026-01-07T11:34:24.657069,"[""coords"", ""features""]","{""coords"": {""dtype"": ""int64"", ""has_inf"": false, ""has_nan"": false, ""shape"": [2250, 2], ""summary_hash"": ""c4510b99f061ff5a20f0dbf89f24d62f95e1af5d1df593131f395b39f343d916""}, ""features"": {""dtype"": ""float32"", ""has_inf"": false, ""has_nan"": false, ""shape"": [2250, 512], ""summary_hash"": ""9b262e82d664bfd73f3ef30fea25c0f8bbc6365e5c601f35869ffbd667935804""}}",features,"[2250, 512]",float32,False,False,9b262e82d664bfd73f3ef30fea25c0f8bbc6365e5c601f35869ffbd667935804,"[2250, 2]",c4510b99f061ff5a20f0dbf89f24d62f95e1af5d1df593131f395b39f343d916
2466159-B2.h5,features_biomedclip_20x/2466159-B2.h5,6448806,e1ff0cc5b01d9e200ad7fe2419bc96eebdf29dbaf58dbdc400270c51189b49f1,2026-01-07T11:34:58.515948,"[""coords"", ""features""]","{""coords"": {""dtype"": ""int64"", ""has_inf"": false, ""has_nan"": false, ""shape"": [3385, 2], ""summary_hash"": ""fe612cc16fea8e63019d8b4b3d0908559c4f908104ec8b34d124b5bea7d0eb66""}, ""features"": {""dtype"": ""float32"", ""has_inf"": false, ""has_nan"": false, ""shape"": [3385, 512], ""summary_hash"": ""b518bcd7cf28a82ef1ebab009779cab25ee881d06ebc017388ad346b06259091""}}",features,"[3385, 512]",float32,False,False,b518bcd7cf28a82ef1ebab009779cab25ee881d06ebc017388ad346b06259091,"[3385, 2]",fe612cc16fea8e63019d8b4b3d0908559c4f908104ec8b34d124b5bea7d0eb66
2466264-B2.h5,features_biomedclip_20x/2466264-B2.h5,5064406,96cda51e7071465457c8d4c0a66035012a001fceb25e683791f1995f49a676f6,2026-01-07T11:34:49.947978,"[""coords"", ""features""]","{""coords"": {""dtype"": ""int64"", ""has_inf"": false, ""has_nan"": false, ""shape"": [2653, 2], ""summary_hash"": ""cdca638f9f953cc0fefc9109423a3a71051f118779d6b0919577b347525638c5""}, ""features"": {""dtype"": ""float32"", ""has_inf"": false, ""has_nan"": false, ""shape"": [2653, 512], ""summary_hash"": ""693bbff9f2c29d6d1ef5745cf3bd60074520af89cd1584079375f310f8a4d1de""}}",features,"[2653, 512]",float32,False,False,693bbff9f2c29d6d1ef5745cf3bd60074520af89cd1584079375f310f8a4d1de,"[2653, 2]",cdca638f9f953cc0fefc9109423a3a71051f118779d6b0919577b347525638c5
2466285-B.h5,features_biomedclip_20x/2466285-B.h5,4316070,cae65b8314b42b2749d76d125d2d35c2c1bc1687ad7e5a1009a0e00e2ad52860,2026-01-07T11:35:01.255938,"[""coords"", ""features""]","{""coords"": {""dtype"": ""int64"", ""has_inf"": false, ""has_nan"": false, ""shape"": [2263, 2], ""summary_hash"": ""79c9f6be05a50bf8190751c6ce320cfe33eee9d0ec1198a9be3736e13a377059""}, ""features"": {""dtype"": ""float32"", ""has_inf"": false, ""has_nan"": false, ""shape"": [2263, 512], ""summary_hash"": ""5b3234a8c90eaeb68da92826a009f8becee7bbe4339c127e5816d26a510c2176""}}",features,"[2263, 512]",float32,False,False,5b3234a8c90eaeb68da92826a009f8becee7bbe4339c127e5816d26a510c2176,"[2263, 2]",79c9f6be05a50bf8190751c6ce320cfe33eee9d0ec1198a9be3736e13a377059
2466580-B5.h5,features_biomedclip_20x/2466580-B5.h5,2691974,144a88214d5a6422fbb74a2e9d130aabb1970d871d22c19103d2fe84791b4dd2,2026-01-07T11:34:22.506076,"[""coords"", ""features""]","{""coords"": {""dtype"": ""int64"", ""has_inf"": false, ""has_nan"": false, ""shape"": [1408, 2], ""summary_hash"": ""9af2ac55d5e49036ba908f60ec2127c2d3a036c295a1df20b679223c0cfb93b6""}, ""features"": {""dtype"": ""float32"", ""has_inf"": false, ""has_nan"": false, ""shape"": [1408, 512], ""summary_hash"": ""3cc83539fbb32e8057b3896a9f3a512e801c306c911ad6aebe7682516b90e634""}}",features,"[1408, 512]",float32,False,False,3cc83539fbb32e8057b3896a9f3a512e801c306c911ad6aebe7682516b90e634,"[1408, 2]",9af2ac55d5e49036ba908f60ec2127c2d3a036c295a1df20b679223c0cfb93b6
2466581-B1.h5,features_biomedclip_20x/2466581-B1.h5,8465085,4bda6bb4e776e54349b9978d3698009d431726f19827a645a9f58cdc6d6c7ac4,2026-01-07T11:34:40.835011,"[""coords"", ""features""]","{""coords"": {""dtype"": ""int64"", ""has_inf"": false, ""has_nan"": false, ""shape"": [4444, 2], ""summary_hash"": ""3a6c2f427f1ae00fcfc7dca9434acbd81b7177d693ec73ff66517ca64c77e9f5""}, ""features"": {""dtype"": ""float32"", ""has_inf"": false, ""has_nan"": false, ""shape"": [4444, 512], ""summary_hash"": ""5bfa29e466d840010d58e057fc698bf7078f079c461204ea998c4d388296524e""}}",features,"[4444, 512]",float32,False,False,5bfa29e466d840010d58e057fc698bf7078f079c461204ea998c4d388296524e,"[4444, 2]",3a6c2f427f1ae00fcfc7dca9434acbd81b7177d693ec73ff66517ca64c77e9f5
2466581-B2.h5,features_biomedclip_20x/2466581-B2.h5,4450959,e1f306b16c50b5a1288fdba990fe4dad4bbdbaa51fe0885785cf319cb01a52a2,2026-01-07T11:34:32.334041,"[""coords"", ""features""]","{""coords"": {""dtype"": ""int64"", ""has_inf"": false, ""has_nan"": false, ""shape"": [2334, 2], ""summary_hash"": ""1c20c64b7595a45c5f9a88bb2231e80bf5adf038f21e998f3ed7d605e89499a8""}, ""features"": {""dtype"": ""float32"", ""has_inf"": false, ""has_nan"": false, ""shape"": [2334, 512], ""summary_hash"": ""19cd1e0a1c13a57fb0e8b9bc1a0957a8de0b19d121a627b7b0ef7e9914b8f3e6""}}",features,"[2334, 512]",float32,False,False,19cd1e0a1c13a57fb0e8b9bc1a0957a8de0b19d121a627b7b0ef7e9914b8f3e6,"[2334, 2]",1c20c64b7595a45c5f9a88bb2231e80bf5adf038f21e998f3ed7d605e89499a8
2466584-B.h5,features_biomedclip_20x/2466584-B.h5,5561624,7a62ceaa4e3699f6e2dd4b9b321b92eec28107ad0736ba578092af5340e9a76b,2026-01-07T11:34:25.341066,"[""coords"", ""features""]","{""coords"": {""dtype"": ""int64"", ""has_inf"": false, ""has_nan"": false, ""shape"": [2916, 2], ""summary_hash"": ""65dcd01b553c7beca7c290288908d8ca78700ce7603c103e05f667d4de51b4a7""}, ""features"": {""dtype"": ""float32"", ""has_inf"": false, ""has_nan"": false, ""shape"": [2916, 512], ""summary_hash"": ""406c0b8ecf792897a5974c9c1f7adb63e78105fdcf5bb86bfb913dc4ba251c3a""}}",features,"[2916, 512]",float32,False,False,406c0b8ecf792897a5974c9c1f7adb63e78105fdcf5bb86bfb913dc4ba251c3a,"[2916, 2]",65dcd01b553c7beca7c290288908d8ca78700ce7603c103e05f667d4de51b4a7
2466703-B4.h5,features_biomedclip_20x/2466703-B4.h5,1898576,dc418158d137f911cbbd42ae2fac3c23d3ded04226f99a1d88c8ced439f2c1fc,2026-01-07T11:34:15.766100,"[""coords"", ""features""]","{""coords"": {""dtype"": ""int64"", ""has_inf"": false, ""has_nan"": false, ""shape"": [992, 2], ""summary_hash"": ""330fb81a3c9b25214733a5df224eb162a518d1bbbf25dbe144c7dfd6f4b6da80""}, ""features"": {""dtype"": ""float32"", ""has_inf"": false, ""has_nan"": false, ""shape"": [992, 512], ""summary_hash"": ""6c2ebcbde9b373491d0f1628556c41dd48096119d4cbc224a58fdb436fd4e4fe""}}",features,"[992, 512]",float32,False,False,6c2ebcbde9b373491d0f1628556c41dd48096119d4cbc224a58fdb436fd4e4fe,"[992, 2]",330fb81a3c9b25214733a5df224eb162a518d1bbbf25dbe144c7dfd6f4b6da80
2466718-B.h5,features_biomedclip_20x/2466718-B.h5,8920528,71b8e837727d2b673fce10c828de20dd8a617f6dc2eb1ec6c079e1c0d791e589,2026-01-07T11:34:43.619001,"[""coords"", ""features""]","{""coords"": {""dtype"": ""int64"", ""has_inf"": false, ""has_nan"": false, ""shape"": [4685, 2], ""summary_hash"": ""6761db9c09a8d7158a10568ff158e65e9aa5fe8c5e13dc966310a4addce35303""}, ""features"": {""dtype"": ""float32"", ""has_inf"": false, ""has_nan"": false, ""shape"": [4685, 512], ""summary_hash"": ""5911a0211dbb483b1ba5162a252bc2d5fc6584da873f7e73926077f4b9965963""}}",features,"[4685, 512]",float32,False,False,5911a0211dbb483b1ba5162a252bc2d5fc6584da873f7e73926077f4b9965963,"[4685, 2]",6761db9c09a8d7158a10568ff158e65e9aa5fe8c5e13dc966310a4addce35303
2466866-B.h5,features_biomedclip_20x/2466866-B.h5,5112991,47c10c2a0199800a0034dd7969434f944278345a1628d8dd88bb37f0c3319fad,2026-01-07T11:34:51.713972,"[""coords"", ""features""]","{""coords"": {""dtype"": ""int64"", ""has_inf"": false, ""has_nan"": false, ""shape"": [2678, 2], ""summary_hash"": ""10316d154a974f3ccc1ef8b95ad1d65af1c061d388bcae9a5f343a8718a122d1""}, ""features"": {""dtype"": ""float32"", ""has_inf"": false, ""has_nan"": false, ""shape"": [2678, 512], ""summary_hash"": ""75d6a5b49c409a0c103d615c8a01366ee1629ff5e8f89c2d02c907f6de3fb18d""}}",features,"[2678, 512]",float32,False,False,75d6a5b49c409a0c103d615c8a01366ee1629ff5e8f89c2d02c907f6de3fb18d,"[2678, 2]",10316d154a974f3ccc1ef8b95ad1d65af1c061d388bcae9a5f343a8718a122d1
2466881-B2.h5,features_biomedclip_20x/2466881-B2.h5,5521556,4ff03d2f4a3a23816efd3dff1193d3653cded819edf09df13fcaab6bbe0f3975,2026-01-07T11:34:26.768061,"[""coords"", ""features""]","{""coords"": {""dtype"": ""int64"", ""has_inf"": false, ""has_nan"": false, ""shape"": [2895, 2], ""summary_hash"": ""78d33673035ce49f25d627fe239e4d8c1346cde4b201f8ab5e49999ef403d966""}, ""features"": {""dtype"": ""float32"", ""has_inf"": false, ""has_nan"": false, ""shape"": [2895, 512], ""summary_hash"": ""a81920ae2bdf83701e5100541de224ba46e2d5764c4bf47afb072f3e0ccb8ff9""}}",features,"[2895, 512]",float32,False,False,a81920ae2bdf83701e5100541de224ba46e2d5764c4bf47afb072f3e0ccb8ff9,"[2895, 2]",78d33673035ce49f25d627fe239e4d8c1346cde4b201f8ab5e49999ef403d966
2466884-B2.h5,features_biomedclip_20x/2466884-B2.h5,3473154,87f102262808be441f6b448b0a7ed4a5c0d9e7bda7ada38f08c300f992cb9f65,2026-01-07T11:34:44.484998,"[""coords"", ""features""]","{""coords"": {""dtype"": ""int64"", ""has_inf"": false, ""has_nan"": false, ""shape"": [1821, 2], ""summary_hash"": ""319e6b3274614e943eecbd062f7130bbba31f9822edf10cb5374ece87b2f572a""}, ""features"": {""dtype"": ""float32"", ""has_inf"": false, ""has_nan"": false, ""shape"": [1821, 512], ""summary_hash"": ""dc2aefba3d2d5e9edf074eaa7be382208d1c8fe0fadc561faf9b80577a57a2d9""}}",features,"[1821, 512]",float32,False,False,dc2aefba3d2d5e9edf074eaa7be382208d1c8fe0fadc561faf9b80577a57a2d9,"[1821, 2]",319e6b3274614e943eecbd062f7130bbba31f9822edf10cb5374ece87b2f572a
2466891-B2.h5,features_biomedclip_20x/2466891-B2.h5,12385244,e39894c4381955fc324a1c604e54970dbf1762f75749ae2d01076734439462cf,2026-01-07T11:35:01.522937,"[""coords"", ""features""]","{""coords"": {""dtype"": ""int64"", ""has_inf"": false, ""has_nan"": false, ""shape"": [6508, 2], ""summary_hash"": ""b89d327fad8e12e7cb4d9a0920617db0962f9bdf7e540afd02538a08402b8ecd""}, ""features"": {""dtype"": ""float32"", ""has_inf"": false, ""has_nan"": false, ""shape"": [6508, 512], ""summary_hash"": ""629e11d78f36cd921f54ed9e1498e828d684e255c723ef0f69fc3420747121ff""}}",features,"[6508, 512]",float32,False,False,629e11d78f36cd921f54ed9e1498e828d684e255c723ef0f69fc3420747121ff,"[6508, 2]",b89d327fad8e12e7cb4d9a0920617db0962f9bdf7e540afd02538a08402b8ecd
2466893-B2.h5,features_biomedclip_20x/2466893-B2.h5,5383394,35f14e2585317ee61fd6897c42fd7632c9d4ebe168188823f8341b73a6f9f110,2026-01-07T11:34:48.906982,"[""coords"", ""features""]","{""coords"": {""dtype"": ""int64"", ""has_inf"": false, ""has_nan"": false, ""shape"": [2822, 2], ""summary_hash"": ""585faf31324e5205d5a4a16f22344e0f0ee761eda3a3916b343a39d868c7fd48""}, ""features"": {""dtype"": ""float32"", ""has_inf"": false, ""has_nan"": false, ""shape"": [2822, 512], ""summary_hash"": ""f09354f132f50a6e4320b203f022fbc444282652155edb384894e284f82b9e82""}}",features,"[2822, 512]",float32,False,False,f09354f132f50a6e4320b203f022fbc444282652155edb384894e284f82b9e82,"[2822, 2]",585faf31324e5205d5a4a16f22344e0f0ee761eda3a3916b343a39d868c7fd48
2466898-B2.h5,features_biomedclip_20x/2466898-B2.h5,7766248,923e1a531b153f316046363edebd3392d3cfe5ce1cb0ce6e56fd9a0deb262c74,2026-01-07T11:34:29.034053,"[""coords"", ""features""]","{""coords"": {""dtype"": ""int64"", ""has_inf"": false, ""has_nan"": false, ""shape"": [4081, 2], ""summary_hash"": ""6e8e4569cb73fd31125d22b7f7e6b9fb78d30e119aaa6adc3ac23c242c9b32ae""}, ""features"": {""dtype"": ""float32"", ""has_inf"": false, ""has_nan"": false, ""shape"": [4081, 512], ""summary_hash"": ""a86fc4f6c97ea94b09f5160e53eeb70ce5b097abde064f09dafc7f5e951179b0""}}",features,"[4081, 512]",float32,False,False,a86fc4f6c97ea94b09f5160e53eeb70ce5b097abde064f09dafc7f5e951179b0,"[4081, 2]",6e8e4569cb73fd31125d22b7f7e6b9fb78d30e119aaa6adc3ac23c242c9b32ae
2466899-B2.h5,features_biomedclip_20x/2466899-B2.h5,5470017,0ee8e0232ac81563ace08b0049e1afe530795a64ef9301d06bb37c7d8c9365e4,2026-01-07T11:34:35.015032,"[""coords"", ""features""]","{""coords"": {""dtype"": ""int64"", ""has_inf"": false, ""has_nan"": false, ""shape"": [2867, 2], ""summary_hash"": ""1dbb4334155f9ba5e6ff3fdd74e4f163d122540d4c5c0a39919c442ff9546a41""}, ""features"": {""dtype"": ""float32"", ""has_inf"": false, ""has_nan"": false, ""shape"": [2867, 512], ""summary_hash"": ""27e92f180ed383c52ff0f73d99d0b15d4f146b58dbc6e26952e5a8e8066f1d19""}}",features,"[2867, 512]",float32,False,False,27e92f180ed383c52ff0f73d99d0b15d4f146b58dbc6e26952e5a8e8066f1d19,"[2867, 2]",1dbb4334155f9ba5e6ff3fdd74e4f163d122540d4c5c0a39919c442ff9546a41
2466923-B2.h5,features_biomedclip_20x/2466923-B2.h5,2979280,902a93651228d6a5accbe30351e668ee08a9e3223e430cae80c6d10f3684fe48,2026-01-07T11:34:48.331984,"[""coords"", ""features""]","{""coords"": {""dtype"": ""int64"", ""has_inf"": false, ""has_nan"": false, ""shape"": [1560, 2], ""summary_hash"": ""3dd7c5a54b5f6ed4629721336b196f3528ec78aebea553f7db51312b79d13980""}, ""features"": {""dtype"": ""float32"", ""has_inf"": false, ""has_nan"": false, ""shape"": [1560, 512], ""summary_hash"": ""31442ccd4524ccd48775e4e216a9c99f6c5600d2d0863b0b18bc747bbadbfb3e""}}",features,"[1560, 512]",float32,False,False,31442ccd4524ccd48775e4e216a9c99f6c5600d2d0863b0b18bc747bbadbfb3e,"[1560, 2]",3dd7c5a54b5f6ed4629721336b196f3528ec78aebea553f7db51312b79d13980
2468105-B2.h5,features_biomedclip_20x/2468105-B2.h5,7889354,2c1200a45b80b066e141e7801b6cf868c4c13c9245babaa87c8e445e82efcf63,2026-01-07T11:34:20.875082,"[""coords"", ""features""]","{""coords"": {""dtype"": ""int64"", ""has_inf"": false, ""has_nan"": false, ""shape"": [4143, 2], ""summary_hash"": ""8fc43237abf47da4e77fa752988aecabbfb25d5e7cac5b35eb97d6039d4496ca""}, ""features"": {""dtype"": ""float32"", ""has_inf"": false, ""has_nan"": false, ""shape"": [4143, 512], ""summary_hash"": ""3cc33958b3fdb84555fe25fafab4b490799664d911c822b81ac4a8170a8e89bd""}}",features,"[4143, 512]",float32,False,False,3cc33958b3fdb84555fe25fafab4b490799664d911c822b81ac4a8170a8e89bd,"[4143, 2]",8fc43237abf47da4e77fa752988aecabbfb25d5e7cac5b35eb97d6039d4496ca
2468321-B2.h5,features_biomedclip_20x/2468321-B2.h5,3595070,6edac3f6052136b28c09fc14f8ee95cd10d4ead11dc0f8562431ce1bf65186ac,2026-01-07T11:34:39.586015,"[""coords"", ""features""]","{""coords"": {""dtype"": ""int64"", ""has_inf"": false, ""has_nan"": false, ""shape"": [1885, 2], ""summary_hash"": ""5cae1a59264755029a33aec341836ef8878ab8a06f83d5b0a2aba29250abb5a6""}, ""features"": {""dtype"": ""float32"", ""has_inf"": false, ""has_nan"": false, ""shape"": [1885, 512], ""summary_hash"": ""bd894a46b8276be1dc9dce9d077530bbd2d4ed8d36da80032d176fdaf9201b79""}}",features,"[1885, 512]",float32,False,False,bd894a46b8276be1dc9dce9d077530bbd2d4ed8d36da80032d176fdaf9201b79,"[1885, 2]",5cae1a59264755029a33aec341836ef8878ab8a06f83d5b0a2aba29250abb5a6
2468325-B.h5,features_biomedclip_20x/2468325-B.h5,4391224,3c23176fd51f594255930c28ca65e2eeec28baa198de06d242dcf9450f3640fe,2026-01-07T11:34:24.750068,"[""coords"", ""features""]","{""coords"": {""dtype"": ""int64"", ""has_inf"": false, ""has_nan"": false, ""shape"": [2302, 2], ""summary_hash"": ""8cd6627bac2fe11dbf668f96b7071deb8324b4732d645fab84c0e5c7e3444cb9""}, ""features"": {""dtype"": ""float32"", ""has_inf"": false, ""has_nan"": false, ""shape"": [2302, 512], ""summary_hash"": ""5d4754151ca40d4d2d495c6c4e83d3207b99d0d157a8fe3be478c39b7046fefd""}}",features,"[2302, 512]",float32,False,False,5d4754151ca40d4d2d495c6c4e83d3207b99d0d157a8fe3be478c39b7046fefd,"[2302, 2]",8cd6627bac2fe11dbf668f96b7071deb8324b4732d645fab84c0e5c7e3444cb9
2468417-B2.h5,features_biomedclip_20x/2468417-B2.h5,4828551,29dbd1aa6bdde043d2ec42d97cfaf3bda21c4cbde636cb08140d42c65330c815,2026-01-07T11:35:01.872936,"[""coords"", ""features""]","{""coords"": {""dtype"": ""int64"", ""has_inf"": false, ""has_nan"": false, ""shape"": [2528, 2], ""summary_hash"": ""cf7efabe5c8a71ba178c14c0cced2bd3f36933ec6b3babf9bf243d82d7f9ea85""}, ""features"": {""dtype"": ""float32"", ""has_inf"": false, ""has_nan"": false, ""shape"": [2528, 512], ""summary_hash"": ""418a78f2e1d5b19c9b3c425c7fcf80b8af603f301422fbd6c9180ab3563022ef""}}",features,"[2528, 512]",float32,False,False,418a78f2e1d5b19c9b3c425c7fcf80b8af603f301422fbd6c9180ab3563022ef,"[2528, 2]",cf7efabe5c8a71ba178c14c0cced2bd3f36933ec6b3babf9bf243d82d7f9ea85
2468419-B2.h5,features_biomedclip_20x/2468419-B2.h5,8796519,79ecb7ecb66f9798f0d62649db44242c13024560ecfec7c273ce1fe6fff2cadf,2026-01-07T11:34:50.840975,"[""coords"", ""features""]","{""coords"": {""dtype"": ""int64"", ""has_inf"": false, ""has_nan"": false, ""shape"": [4617, 2], ""summary_hash"": ""922ea5a11f5eca8a74f676fd6a8a3fd1e2c17efcf9803c32c49b7f1976aa0eaf""}, ""features"": {""dtype"": ""float32"", ""has_inf"": false, ""has_nan"": false, ""shape"": [4617, 512], ""summary_hash"": ""5337c9c40d0a1bcc2e056cba506f2fe6dd94b63eec9a051b13ba308d4b0aeddf""}}",features,"[4617, 512]",float32,False,False,5337c9c40d0a1bcc2e056cba506f2fe6dd94b63eec9a051b13ba308d4b0aeddf,"[4617, 2]",922ea5a11f5eca8a74f676fd6a8a3fd1e2c17efcf9803c32c49b7f1976aa0eaf
2468419-B3.h5,features_biomedclip_20x/2468419-B3.h5,6920163,3cf4eed264f72f28004451f3bc80c0288f76831f76151d8172d2fd45a5d3f878,2026-01-07T11:34:51.031974,"[""coords"", ""features""]","{""coords"": {""dtype"": ""int64"", ""has_inf"": false, ""has_nan"": false, ""shape"": [3633, 2], ""summary_hash"": ""69193fbc47affa105ee65c63ac9129b3aba043b28efd9969b6ba0965ca93146e""}, ""features"": {""dtype"": ""float32"", ""has_inf"": false, ""has_nan"": false, ""shape"": [3633, 512], ""summary_hash"": ""f6e9cfac796541622e1fe70ad456634dd5eaf5c344ddc971902cf56806ae0ad7""}}",features,"[3633, 512]",float32,False,False,f6e9cfac796541622e1fe70ad456634dd5eaf5c344ddc971902cf56806ae0ad7,"[3633, 2]",69193fbc47affa105ee65c63ac9129b3aba043b28efd9969b6ba0965ca93146e
2468442-B2.h5,features_biomedclip_20x/2468442-B2.h5,11063207,cc65f166c87d873d5dc5bd3b72bc63bdff1dd2f34a26086e282de71a4a28f48c,2026-01-07T11:34:59.776943,"[""coords"", ""features""]","{""coords"": {""dtype"": ""int64"", ""has_inf"": false, ""has_nan"": false, ""shape"": [5816, 2], ""summary_hash"": ""c83f1d3899b3629466fe01dde1f9a509fa25fa2460724b8f0bc2f62e61478573""}, ""features"": {""dtype"": ""float32"", ""has_inf"": false, ""has_nan"": false, ""shape"": [5816, 512], ""summary_hash"": ""7a9476f1defbfcac744e1c68e11a74bfc4da4c3c284595518d1a6be8997705f9""}}",features,"[5816, 512]",float32,False,False,7a9476f1defbfcac744e1c68e11a74bfc4da4c3c284595518d1a6be8997705f9,"[5816, 2]",c83f1d3899b3629466fe01dde1f9a509fa25fa2460724b8f0bc2f62e61478573
2468450-B2.h5,features_biomedclip_20x/2468450-B2.h5,4932244,ca3851c5f3c6b9f7feccb94f9169a0dfbe3d099770e4c5484dab3c211900f26c,2026-01-07T11:34:28.357055,"[""coords"", ""features""]","{""coords"": {""dtype"": ""int64"", ""has_inf"": false, ""has_nan"": false, ""shape"": [2583, 2], ""summary_hash"": ""94b063208ecfba2345fa08486cbbc2cadfcc62be683649639e385a94a58b1b3c""}, ""features"": {""dtype"": ""float32"", ""has_inf"": false, ""has_nan"": false, ""shape"": [2583, 512], ""summary_hash"": ""12de0649e4aa2cf90382ae01def88420528968e7a58de4f6d7d3da12e1be4839""}}",features,"[2583, 512]",float32,False,False,12de0649e4aa2cf90382ae01def88420528968e7a58de4f6d7d3da12e1be4839,"[2583, 2]",94b063208ecfba2345fa08486cbbc2cadfcc62be683649639e385a94a58b1b3c
2468673-B2.h5,features_biomedclip_20x/2468673-B2.h5,4266611,22e842faa40079cc103357fa0438647b758c8344766aee0279e69a5d022dc900,2026-01-07T11:34:56.006957,"[""coords"", ""features""]","{""coords"": {""dtype"": ""int64"", ""has_inf"": false, ""has_nan"": false, ""shape"": [2236, 2], ""summary_hash"": ""b1c436e8c317e2a9367ac100b5a87c929bb88dc26355566d1b63a74bab37e02b""}, ""features"": {""dtype"": ""float32"", ""has_inf"": false, ""has_nan"": false, ""shape"": [2236, 512], ""summary_hash"": ""7da9ebb676b949483cccb491568195771fbe61109fcfefb05a8e131dfe68ac41""}}",features,"[2236, 512]",float32,False,False,7da9ebb676b949483cccb491568195771fbe61109fcfefb05a8e131dfe68ac41,"[2236, 2]",b1c436e8c317e2a9367ac100b5a87c929bb88dc26355566d1b63a74bab37e02b
2468698-B2.h5,features_biomedclip_20x/2468698-B2.h5,7486000,e0c745a43fafe9637222d642fea7dc520aefbb4f3a9ad6d4aa8286fd0e94bed4,2026-01-07T11:34:58.962946,"[""coords"", ""features""]","{""coords"": {""dtype"": ""int64"", ""has_inf"": false, ""has_nan"": false, ""shape"": [3932, 2], ""summary_hash"": ""84090632a33dc6ad90890b3410ded3cdf8346b6e7545ef343b5d6e31064b6010""}, ""features"": {""dtype"": ""float32"", ""has_inf"": false, ""has_nan"": false, ""shape"": [3932, 512], ""summary_hash"": ""0a82363f4e40fa9f39daae5b8f48ec011ec5a95601e7c2aa78827579895fed32""}}",features,"[3932, 512]",float32,False,False,0a82363f4e40fa9f39daae5b8f48ec011ec5a95601e7c2aa78827579895fed32,"[3932, 2]",84090632a33dc6ad90890b3410ded3cdf8346b6e7545ef343b5d6e31064b6010
2468720-B2.h5,features_biomedclip_20x/2468720-B2.h5,6658964,e0131e1028b96959ae4546e6dbe76947c0ac50ebeca71b516d9b725c9e2e3d5f,2026-01-07T11:34:32.871039,"[""coords"", ""features""]","{""coords"": {""dtype"": ""int64"", ""has_inf"": false, ""has_nan"": false, ""shape"": [3495, 2], ""summary_hash"": ""0d6f460f4854563c52d3bbe54198d795ae027a28853c3c6faecbd8d82854feb0""}, ""features"": {""dtype"": ""float32"", ""has_inf"": false, ""has_nan"": false, ""shape"": [3495, 512], ""summary_hash"": ""8c82ab5b4805f3bcab530b4d7c62685e4dc22ea4e4c4a3b9b4f0224e3b720ded""}}",features,"[3495, 512]",float32,False,False,8c82ab5b4805f3bcab530b4d7c62685e4dc22ea4e4c4a3b9b4f0224e3b720ded,"[3495, 2]",0d6f460f4854563c52d3bbe54198d795ae027a28853c3c6faecbd8d82854feb0
2468796-B3.h5,features_biomedclip_20x/2468796-B3.h5,8276624,f637091bc3369585e4269b00f21e965a2007750a5954c4cc021aa886a9168d0c,2026-01-07T11:35:03.367930,"[""coords"", ""features""]","{""coords"": {""dtype"": ""int64"", ""has_inf"": false, ""has_nan"": false, ""shape"": [4342, 2], ""summary_hash"": ""4ff6ebf063a5e669590ce44c39b3c44a153a0ef30ae2dc93373850e7d8a36a94""}, ""features"": {""dtype"": ""float32"", ""has_inf"": false, ""has_nan"": false, ""shape"": [4342, 512], ""summary_hash"": ""fee3b60651f31db998a1cf953911170dfa813be63f61ba250abfd89fbc110a77""}}",features,"[4342, 512]",float32,False,False,fee3b60651f31db998a1cf953911170dfa813be63f61ba250abfd89fbc110a77,"[4342, 2]",4ff6ebf063a5e669590ce44c39b3c44a153a0ef30ae2dc93373850e7d8a36a94
2468954-B2.h5,features_biomedclip_20x/2468954-B2.h5,2680578,e727c0ace5511ef0cdf62764d3b3e1f97f07755b661cc00a32993ef7e494c62d,2026-01-07T11:34:50.405977,"[""coords"", ""features""]","{""coords"": {""dtype"": ""int64"", ""has_inf"": false, ""has_nan"": false, ""shape"": [1402, 2], ""summary_hash"": ""103e9cf1b5a55652f4cee80761dc7a3c2f3a0bf0e0d88aea6b5e5e6011b1d52c""}, ""features"": {""dtype"": ""float32"", ""has_inf"": false, ""has_nan"": false, ""shape"": [1402, 512], ""summary_hash"": ""e9dd25f0a189ddbe466a9d2dad78e94fe0dbf7356813500db28db6ea156b0c20""}}",features,"[1402, 512]",float32,False,False,e9dd25f0a189ddbe466a9d2dad78e94fe0dbf7356813500db28db6ea156b0c20,"[1402, 2]",103e9cf1b5a55652f4cee80761dc7a3c2f3a0bf0e0d88aea6b5e5e6011b1d52c
2469004-B2.h5,features_biomedclip_20x/2469004-B2.h5,4175556,0f6c21ae3e7348443046586201447c74a7ac2255edb35d95547a95d98f5882be,2026-01-07T11:34:17.213095,"[""coords"", ""features""]","{""coords"": {""dtype"": ""int64"", ""has_inf"": false, ""has_nan"": false, ""shape"": [2188, 2], ""summary_hash"": ""4e1b9b02f73a0c203276605e70e47eb1ef12262d23a600afab7695c0055e3de2""}, ""features"": {""dtype"": ""float32"", ""has_inf"": false, ""has_nan"": false, ""shape"": [2188, 512], ""summary_hash"": ""22c2d229d124b0f45cb1b14646eb76a6e2569afabe48d27208ab288c41910672""}}",features,"[2188, 512]",float32,False,False,22c2d229d124b0f45cb1b14646eb76a6e2569afabe48d27208ab288c41910672,"[2188, 2]",4e1b9b02f73a0c203276605e70e47eb1ef12262d23a600afab7695c0055e3de2
2469005-B2.h5,features_biomedclip_20x/2469005-B2.h5,6405740,98aaaebf45b9c098d9e67263aee38aab68f8befe4dc03443b1b5fe21f26d801d,2026-01-07T11:34:23.040074,"[""coords"", ""features""]","{""coords"": {""dtype"": ""int64"", ""has_inf"": false, ""has_nan"": false, ""shape"": [3361, 2], ""summary_hash"": ""56a11d9012921ab9dd9e14d3486463bb6f12ee6154224dfc1ec9fa484227c33d""}, ""features"": {""dtype"": ""float32"", ""has_inf"": false, ""has_nan"": false, ""shape"": [3361, 512], ""summary_hash"": ""2a80366350aa82f1c5c53ef92d1f6f78b4bab5be9b3f89d707ef6a07b174adb7""}}",features,"[3361, 512]",float32,False,False,2a80366350aa82f1c5c53ef92d1f6f78b4bab5be9b3f89d707ef6a07b174adb7,"[3361, 2]",56a11d9012921ab9dd9e14d3486463bb6f12ee6154224dfc1ec9fa484227c33d
2469007-B2.h5,features_biomedclip_20x/2469007-B2.h5,4102301,9ada87c461aba82bbf778960cb3d96c1b0a0700cc8c50c1d361f67a27e76d28b,2026-01-07T11:34:36.797025,"[""coords"", ""features""]","{""coords"": {""dtype"": ""int64"", ""has_inf"": false, ""has_nan"": false, ""shape"": [2149, 2], ""summary_hash"": ""31314b2bfdbbf83b40c34309b812e982438aae21273f03d3e308113dc71ab100""}, ""features"": {""dtype"": ""float32"", ""has_inf"": false, ""has_nan"": false, ""shape"": [2149, 512], ""summary_hash"": ""5a7c3b92b1af6aee136094af7851229406c4e542aeb14697a1ed831a378f940a""}}",features,"[2149, 512]",float32,False,False,5a7c3b92b1af6aee136094af7851229406c4e542aeb14697a1ed831a378f940a,"[2149, 2]",31314b2bfdbbf83b40c34309b812e982438aae21273f03d3e308113dc71ab100
2469019-B2.h5,features_biomedclip_20x/2469019-B2.h5,6843975,7960c9a931aecdc4cdd6bda06b46c1c46fad71ecd9019f91f6741da952173c31,2026-01-07T11:35:07.530916,"[""coords"", ""features""]","{""coords"": {""dtype"": ""int64"", ""has_inf"": false, ""has_nan"": false, ""shape"": [3594, 2], ""summary_hash"": ""0e901f3f79011cdf1cfee6080e475d8d3dd8562f846828521a0a9cc595a29ba5""}, ""features"": {""dtype"": ""float32"", ""has_inf"": false, ""has_nan"": false, ""shape"": [3594, 512], ""summary_hash"": ""6139ccfac917d399e8ec5c91cd0b5fb66e2cd20256acbe254a8ee666027f5f0a""}}",features,"[3594, 512]",float32,False,False,6139ccfac917d399e8ec5c91cd0b5fb66e2cd20256acbe254a8ee666027f5f0a,"[3594, 2]",0e901f3f79011cdf1cfee6080e475d8d3dd8562f846828521a0a9cc595a29ba5
2469023-B2.h5,features_biomedclip_20x/2469023-B2.h5,4783627,d87eb3108b4683d59c5fcf526c89d8210a3ea45537ada1bbb86b5018fdd5d1ca,2026-01-07T11:34:53.245967,"[""coords"", ""features""]","{""coords"": {""dtype"": ""int64"", ""has_inf"": false, ""has_nan"": false, ""shape"": [2504, 2], ""summary_hash"": ""fff50d8dfad618f30134d7fed7ae224bc6a431feea76046bdec5cf9f417977b4""}, ""features"": {""dtype"": ""float32"", ""has_inf"": false, ""has_nan"": false, ""shape"": [2504, 512], ""summary_hash"": ""655d2135f34a5275708ffda28fe44744b8cfa9e0ec5ac9775bd1dd1c25f1a7af""}}",features,"[2504, 512]",float32,False,False,655d2135f34a5275708ffda28fe44744b8cfa9e0ec5ac9775bd1dd1c25f1a7af,"[2504, 2]",fff50d8dfad618f30134d7fed7ae224bc6a431feea76046bdec5cf9f417977b4
2469023-B4.h5,features_biomedclip_20x/2469023-B4.h5,4479603,070f3f839db49e79160cf7a979b86ea43aa7efa3cb84d7030eca33ad2cda31cd,2026-01-07T11:34:43.955000,"[""coords"", ""features""]","{""coords"": {""dtype"": ""int64"", ""has_inf"": false, ""has_nan"": false, ""shape"": [2349, 2], ""summary_hash"": ""2da1af4a4cb4f381b7f10e34969182616050a2389695a6e6e0b91a9c7f2d6b3e""}, ""features"": {""dtype"": ""float32"", ""has_inf"": false, ""has_nan"": false, ""shape"": [2349, 512], ""summary_hash"": ""fd7a69ed1cabb8104876bfcfc795db196636967d215d1cde114bdbe64a1fcc5d""}}",features,"[2349, 512]",float32,False,False,fd7a69ed1cabb8104876bfcfc795db196636967d215d1cde114bdbe64a1fcc5d,"[2349, 2]",2da1af4a4cb4f381b7f10e34969182616050a2389695a6e6e0b91a9c7f2d6b3e
2469024-B.h5,features_biomedclip_20x/2469024-B.h5,2972006,763b2abd8c50e50595c65be178a7cc324ad1f7455eddb26a834247fee19bc5a9,2026-01-07T11:34:55.452959,"[""coords"", ""features""]","{""coords"": {""dtype"": ""int64"", ""has_inf"": false, ""has_nan"": false, ""shape"": [1556, 2], ""summary_hash"": ""1eebcc5e568aea8b0fb260be67081217a125def9f0ffcc53d177905c4d088528""}, ""features"": {""dtype"": ""float32"", ""has_inf"": false, ""has_nan"": false, ""shape"": [1556, 512], ""summary_hash"": ""6d6ef88332d1663c377829eff062cd3a58edfbcc6bab6d7c4f1d6371113070e4""}}",features,"[1556, 512]",float32,False,False,6d6ef88332d1663c377829eff062cd3a58edfbcc6bab6d7c4f1d6371113070e4,"[1556, 2]",1eebcc5e568aea8b0fb260be67081217a125def9f0ffcc53d177905c4d088528
2469029-B2.h5,features_biomedclip_20x/2469029-B2.h5,4137994,3199d46574786dfd5de07a1267624c142fd6d1836eef7a16d7ce11e3e015611d,2026-01-07T11:34:15.914100,"[""coords"", ""features""]","{""coords"": {""dtype"": ""int64"", ""has_inf"": false, ""has_nan"": false, ""shape"": [2168, 2], ""summary_hash"": ""1427df237606462a9cc3e2b94984123acb93cc5b0f9fbe47d92a10cf6abdfb77""}, ""features"": {""dtype"": ""float32"", ""has_inf"": false, ""has_nan"": false, ""shape"": [2168, 512], ""summary_hash"": ""10cacecb2e89c4397dee4e68bc4b0245b5154d02a975a9c4ecb4a07e11789596""}}",features,"[2168, 512]",float32,False,False,10cacecb2e89c4397dee4e68bc4b0245b5154d02a975a9c4ecb4a07e11789596,"[2168, 2]",1427df237606462a9cc3e2b94984123acb93cc5b0f9fbe47d92a10cf6abdfb77
2469033-B2.h5,features_biomedclip_20x/2469033-B2.h5,2030638,4666995f2dbacd18d975ac80ba21528e72c30425e46dab4dd0bbe6edd13f187a,2026-01-07T11:34:19.133088,"[""coords"", ""features""]","{""coords"": {""dtype"": ""int64"", ""has_inf"": false, ""has_nan"": false, ""shape"": [1058, 2], ""summary_hash"": ""0c70678eb515c67f608f88d22af04b91215dd6e12542a3302eea4c9d1e3f2f2a""}, ""features"": {""dtype"": ""float32"", ""has_inf"": false, ""has_nan"": false, ""shape"": [1058, 512], ""summary_hash"": ""beaee9a3e268f7f15fa92f88fb4f8fdb5264868f96c2a2972fa1f2c58147c829""}}",features,"[1058, 512]",float32,False,False,beaee9a3e268f7f15fa92f88fb4f8fdb5264868f96c2a2972fa1f2c58147c829,"[1058, 2]",0c70678eb515c67f608f88d22af04b91215dd6e12542a3302eea4c9d1e3f2f2a
2469047-B2.h5,features_biomedclip_20x/2469047-B2.h5,5738485,20023fb4f8a39429d516e9c2f0ab5253be5929a713d165f04600b7957a623b07,2026-01-07T11:34:21.053081,"[""coords"", ""features""]","{""coords"": {""dtype"": ""int64"", ""has_inf"": false, ""has_nan"": false, ""shape"": [3009, 2], ""summary_hash"": ""cc7e6ec4a5d983e9fcd537d87d23ecd45708bea6cb43e6c865b3559460209bf9""}, ""features"": {""dtype"": ""float32"", ""has_inf"": false, ""has_nan"": false, ""shape"": [3009, 512], ""summary_hash"": ""5f0ea830ae55674dfb264ca92c56edf20ec2d55e754cb78b400a0ea0a855d99b""}}",features,"[3009, 512]",float32,False,False,5f0ea830ae55674dfb264ca92c56edf20ec2d55e754cb78b400a0ea0a855d99b,"[3009, 2]",cc7e6ec4a5d983e9fcd537d87d23ecd45708bea6cb43e6c865b3559460209bf9
2469072-B2.h5,features_biomedclip_20x/2469072-B2.h5,5194334,51392e25a480698327d8f10985d1f8b883ec6a2d0a45fe996c82a50858e53245,2026-01-07T11:34:39.202017,"[""coords"", ""features""]","{""coords"": {""dtype"": ""int64"", ""has_inf"": false, ""has_nan"": false, ""shape"": [2721, 2], ""summary_hash"": ""19ae25ac176660a5fe2820322eb2bc5ccc9b2713329a6ab7f6759c551bc0d0b6""}, ""features"": {""dtype"": ""float32"", ""has_inf"": false, ""has_nan"": false, ""shape"": [2721, 512], ""summary_hash"": ""9943e4065115264556d487435c5e481fa8d7e6aaf30c2003dc60ace9306b5567""}}",features,"[2721, 512]",float32,False,False,9943e4065115264556d487435c5e481fa8d7e6aaf30c2003dc60ace9306b5567,"[2721, 2]",19ae25ac176660a5fe2820322eb2bc5ccc9b2713329a6ab7f6759c551bc0d0b6
2469074-B2.h5,features_biomedclip_20x/2469074-B2.h5,2898266,fdf22b480b6436ef642d27f231f80cf3efd0f34d4b64d0219166e568ffe92404,2026-01-07T11:34:51.974971,"[""coords"", ""features""]","{""coords"": {""dtype"": ""int64"", ""has_inf"": false, ""has_nan"": false, ""shape"": [1517, 2], ""summary_hash"": ""b95b4ba01b0e428428759953ebf324371a0088b3136db426285ec8e42677ba22""}, ""features"": {""dtype"": ""float32"", ""has_inf"": false, ""has_nan"": false, ""shape"": [1517, 512], ""summary_hash"": ""b4dad76289dc301e7f30f1b963e241d3cb4d703620d6dbd189da386f1f95dc7c""}}",features,"[1517, 512]",float32,False,False,b4dad76289dc301e7f30f1b963e241d3cb4d703620d6dbd189da386f1f95dc7c,"[1517, 2]",b95b4ba01b0e428428759953ebf324371a0088b3136db426285ec8e42677ba22
2469110-B3.h5,features_biomedclip_20x/2469110-B3.h5,5164196,ba08231f9cd6e6177f628b2db534d9c47ae542afa5719767d9c42e5c8f45f019,2026-01-07T11:34:20.947082,"[""coords"", ""features""]","{""coords"": {""dtype"": ""int64"", ""has_inf"": false, ""has_nan"": false, ""shape"": [2706, 2], ""summary_hash"": ""9fb8c2044e4003d4cf691f743c836c165d7d377689cb8ab9b1da79efa9ab91fe""}, ""features"": {""dtype"": ""float32"", ""has_inf"": false, ""has_nan"": false, ""shape"": [2706, 512], ""summary_hash"": ""c165811df72f040c3f299e8f8bacb88625e37898ddb85e975f8798486ad16cc9""}}",features,"[2706, 512]",float32,False,False,c165811df72f040c3f299e8f8bacb88625e37898ddb85e975f8798486ad16cc9,"[2706, 2]",9fb8c2044e4003d4cf691f743c836c165d7d377689cb8ab9b1da79efa9ab91fe
2469230-B.h5,features_biomedclip_20x/2469230-B.h5,8513195,2d5cbb8eb68a0638190f1e2d556fba565ef27dd5d0556b41b7cfc21ab65c791f,2026-01-07T11:34:59.530944,"[""coords"", ""features""]","{""coords"": {""dtype"": ""int64"", ""has_inf"": false, ""has_nan"": false, ""shape"": [4468, 2], ""summary_hash"": ""ecd78dc7d52395fc7defa806a8c21c85851c9e29684931f5bfaa6e20214379e2""}, ""features"": {""dtype"": ""float32"", ""has_inf"": false, ""has_nan"": false, ""shape"": [4468, 512], ""summary_hash"": ""a07dd54c13a455d8b4c953754e2fb2d466f0fa111abd7631190c8c9e1dd36f2a""}}",features,"[4468, 512]",float32,False,False,a07dd54c13a455d8b4c953754e2fb2d466f0fa111abd7631190c8c9e1dd36f2a,"[4468, 2]",ecd78dc7d52395fc7defa806a8c21c85851c9e29684931f5bfaa6e20214379e2
2469256-B2.h5,features_biomedclip_20x/2469256-B2.h5,5170503,77a027c0260379641a5f467df0540d0bbc399dc4dc170e9ff6d82b6872fd4781,2026-01-07T11:34:18.705090,"[""coords"", ""features""]","{""coords"": {""dtype"": ""int64"", ""has_inf"": false, ""has_nan"": false, ""shape"": [2709, 2], ""summary_hash"": ""89f94945540394c3ff432c8dde30cd8600f79478c0a381db032ca901f8966552""}, ""features"": {""dtype"": ""float32"", ""has_inf"": false, ""has_nan"": false, ""shape"": [2709, 512], ""summary_hash"": ""d8081a0a6c3193e49f0bfe6611432b6eec6a488f3b269c5ebbc9556cbb727c8a""}}",features,"[2709, 512]",float32,False,False,d8081a0a6c3193e49f0bfe6611432b6eec6a488f3b269c5ebbc9556cbb727c8a,"[2709, 2]",89f94945540394c3ff432c8dde30cd8600f79478c0a381db032ca901f8966552
2469260-B3.h5,features_biomedclip_20x/2469260-B3.h5,5835851,bf2c36929601c4638c1f5b59651f3fac09a73583ac28efb2cd36330c4cd25b29,2026-01-07T11:34:26.881061,"[""coords"", ""features""]","{""coords"": {""dtype"": ""int64"", ""has_inf"": false, ""has_nan"": false, ""shape"": [3062, 2], ""summary_hash"": ""c580b40eb27ad336ce788527c2f4cc235523b2ae3c4599dae71862b1b9a11b6a""}, ""features"": {""dtype"": ""float32"", ""has_inf"": false, ""has_nan"": false, ""shape"": [3062, 512], ""summary_hash"": ""4a46e3da25baf58be2bb37c3e259e5db1ae6855d5ecff128b910fa3805990cf6""}}",features,"[3062, 512]",float32,False,False,4a46e3da25baf58be2bb37c3e259e5db1ae6855d5ecff128b910fa3805990cf6,"[3062, 2]",c580b40eb27ad336ce788527c2f4cc235523b2ae3c4599dae71862b1b9a11b6a
2469496-B.h5,features_biomedclip_20x/2469496-B.h5,6914779,70f35b8b7844421d097f53df7d158ac2556fbde8d41b7a50064c9e01dea1861d,2026-01-07T11:34:49.221981,"[""coords"", ""features""]","{""coords"": {""dtype"": ""int64"", ""has_inf"": false, ""has_nan"": false, ""shape"": [3630, 2], ""summary_hash"": ""70670073ea8f3b1782e144d7039735ad4b273fc276e87fb8949f713f29803580""}, ""features"": {""dtype"": ""float32"", ""has_inf"": false, ""has_nan"": false, ""shape"": [3630, 512], ""summary_hash"": ""63f195e7b65fa810c9807d9c11c073ed86e2674b94852e4aa8801faaee905989""}}",features,"[3630, 512]",float32,False,False,63f195e7b65fa810c9807d9c11c073ed86e2674b94852e4aa8801faaee905989,"[3630, 2]",70670073ea8f3b1782e144d7039735ad4b273fc276e87fb8949f713f29803580
2469505-B2.h5,features_biomedclip_20x/2469505-B2.h5,6673908,6e4a67328dc2cf198b285b3306ada8f37b0786b378137c9e4a280d541a39a31a,2026-01-07T11:34:30.499048,"[""coords"", ""features""]","{""coords"": {""dtype"": ""int64"", ""has_inf"": false, ""has_nan"": false, ""shape"": [3503, 2], ""summary_hash"": ""aca822d731479c871af509ec3aeee96583ff228e2368e7699fcff3fe0f72117a""}, ""features"": {""dtype"": ""float32"", ""has_inf"": false, ""has_nan"": false, ""shape"": [3503, 512], ""summary_hash"": ""6302be138eb21093a55667608828b1faac5b324eaf2814f823842b0f1cf56e22""}}",features,"[3503, 512]",float32,False,False,6302be138eb21093a55667608828b1faac5b324eaf2814f823842b0f1cf56e22,"[3503, 2]",aca822d731479c871af509ec3aeee96583ff228e2368e7699fcff3fe0f72117a
2469515-B2.h5,features_biomedclip_20x/2469515-B2.h5,2005620,79ec9d2cdb4b9995fad3e735406c115f03e0cd986d6de86b496415ea7796cb5e,2026-01-07T11:34:44.435998,"[""coords"", ""features""]","{""coords"": {""dtype"": ""int64"", ""has_inf"": false, ""has_nan"": false, ""shape"": [1046, 2], ""summary_hash"": ""c328a2d22961c110e0064ffeed02329fc091d8f4a993c7540ee5c4f5a0d37734""}, ""features"": {""dtype"": ""float32"", ""has_inf"": false, ""has_nan"": false, ""shape"": [1046, 512], ""summary_hash"": ""e6bb5ed9fb437d2e064a70c7afafb9772508216c7ae658ff1ca37b584893cb54""}}",features,"[1046, 512]",float32,False,False,e6bb5ed9fb437d2e064a70c7afafb9772508216c7ae658ff1ca37b584893cb54,"[1046, 2]",c328a2d22961c110e0064ffeed02329fc091d8f4a993c7540ee5c4f5a0d37734
2469569-B2.h5,features_biomedclip_20x/2469569-B2.h5,1673438,1605d3a2595519a782945270acefa56ca61245870d1f886d00fb8530cc6eebe8,2026-01-07T11:34:22.326077,"[""coords"", ""features""]","{""coords"": {""dtype"": ""int64"", ""has_inf"": false, ""has_nan"": false, ""shape"": [877, 2], ""summary_hash"": ""5b82edce4f62937bf2adb20e15cc1a49f6d52e0b37b72fc2dcbf4547f80de14f""}, ""features"": {""dtype"": ""float32"", ""has_inf"": false, ""has_nan"": false, ""shape"": [877, 512], ""summary_hash"": ""127bd8c23582d57b2fd44cee40b05e5ceb0a43e771299a6e8cc0957099441f04""}}",features,"[877, 512]",float32,False,False,127bd8c23582d57b2fd44cee40b05e5ceb0a43e771299a6e8cc0957099441f04,"[877, 2]",5b82edce4f62937bf2adb20e15cc1a49f6d52e0b37b72fc2dcbf4547f80de14f
2469661-B.h5,features_biomedclip_20x/2469661-B.h5,2269235,d901b67d96d94ead75495e3313df94603b11d0a7d905f684abf02f12162bc3d0,2026-01-07T11:34:32.580040,"[""coords"", ""features""]","{""coords"": {""dtype"": ""int64"", ""has_inf"": false, ""has_nan"": false, ""shape"": [1184, 2], ""summary_hash"": ""3f454a3ce89f474421a7ac277a9f20b71937f4cf54cafbb0c02bbeef5bf0861e""}, ""features"": {""dtype"": ""float32"", ""has_inf"": false, ""has_nan"": false, ""shape"": [1184, 512], ""summary_hash"": ""e0bdead48524d253270775cf163035a27b816d0c0ebecb397be9e02c83751885""}}",features,"[1184, 512]",float32,False,False,e0bdead48524d253270775cf163035a27b816d0c0ebecb397be9e02c83751885,"[1184, 2]",3f454a3ce89f474421a7ac277a9f20b71937f4cf54cafbb0c02bbeef5bf0861e
2469693-B.h5,features_biomedclip_20x/2469693-B.h5,9471476,d8167913b9945817276c1dadbf2a01d230a2accf10a1aa4dac7dd0a0b9873a55,2026-01-07T11:35:06.137920,"[""coords"", ""features""]","{""coords"": {""dtype"": ""int64"", ""has_inf"": false, ""has_nan"": false, ""shape"": [4975, 2], ""summary_hash"": ""a4bfa0fa95eecfd7732cc4828e2e9d8e89e77545f3ecb27a168bcd3f4454f672""}, ""features"": {""dtype"": ""float32"", ""has_inf"": false, ""has_nan"": false, ""shape"": [4975, 512], ""summary_hash"": ""11936bfbff729b742df6536f432ac098da9735ab943f3cb7ff5c64cfca1349c5""}}",features,"[4975, 512]",float32,False,False,11936bfbff729b742df6536f432ac098da9735ab943f3cb7ff5c64cfca1349c5,"[4975, 2]",a4bfa0fa95eecfd7732cc4828e2e9d8e89e77545f3ecb27a168bcd3f4454f672
2469849-B2.h5,features_biomedclip_20x/2469849-B2.h5,4798264,12bd70567af6816fcf6d792c2c68e2262cf446b5f2abd74fb0a25bc4d8c53a80,2026-01-07T11:34:37.495023,"[""coords"", ""features""]","{""coords"": {""dtype"": ""int64"", ""has_inf"": false, ""has_nan"": false, ""shape"": [2512, 2], ""summary_hash"": ""3b927196f00b348fe7a7d3563ec0e9ea46362ec23ac6ea81b25eed29fc92d951""}, ""features"": {""dtype"": ""float32"", ""has_inf"": false, ""has_nan"": false, ""shape"": [2512, 512], ""summary_hash"": ""6c97a517cf4a0edad2d3f6996d2c7c5ae972b82a84da1b3c53cff61dbbc927d6""}}",features,"[2512, 512]",float32,False,False,6c97a517cf4a0edad2d3f6996d2c7c5ae972b82a84da1b3c53cff61dbbc927d6,"[2512, 2]",3b927196f00b348fe7a7d3563ec0e9ea46362ec23ac6ea81b25eed29fc92d951
2469916-B2.h5,features_biomedclip_20x/2469916-B2.h5,5659498,4ca964dd5d67674dc71cf0ce1b3ab6d13407ac5c85b159f135354e56f234ee0b,2026-01-07T11:35:05.240924,"[""coords"", ""features""]","{""coords"": {""dtype"": ""int64"", ""has_inf"": false, ""has_nan"": false, ""shape"": [2967, 2], ""summary_hash"": ""2462236b8d3ce00e21fc126d3bf92b2f58d73e67c074be2e656c99856e40e38a""}, ""features"": {""dtype"": ""float32"", ""has_inf"": false, ""has_nan"": false, ""shape"": [2967, 512], ""summary_hash"": ""2e8d40c70b41653007df9999283a263d6cb020e7bb45e4d97d9939d64f5c8a55""}}",features,"[2967, 512]",float32,False,False,2e8d40c70b41653007df9999283a263d6cb020e7bb45e4d97d9939d64f5c8a55,"[2967, 2]",2462236b8d3ce00e21fc126d3bf92b2f58d73e67c074be2e656c99856e40e38a
2469927-B2.h5,features_biomedclip_20x/2469927-B2.h5,4952110,62135fe016c22ff7e8e93e0be388947f07f310a339cbdd308767840baada54ad,2026-01-07T11:34:22.899075,"[""coords"", ""features""]","{""coords"": {""dtype"": ""int64"", ""has_inf"": false, ""has_nan"": false, ""shape"": [2593, 2], ""summary_hash"": ""d54fb07fbf8b8e190deff4b1aa46ea263057c9493dbd152c0bd94b151d5f6096""}, ""features"": {""dtype"": ""float32"", ""has_inf"": false, ""has_nan"": false, ""shape"": [2593, 512], ""summary_hash"": ""c6ba83f1cec889e1f9b172ca4fdd38deb198276a0ba6797b745906cf1905b5e4""}}",features,"[2593, 512]",float32,False,False,c6ba83f1cec889e1f9b172ca4fdd38deb198276a0ba6797b745906cf1905b5e4,"[2593, 2]",d54fb07fbf8b8e190deff4b1aa46ea263057c9493dbd152c0bd94b151d5f6096
2469963-B2.h5,features_biomedclip_20x/2469963-B2.h5,7753252,76e707bb60b0cc72073c33cba8fec03649e2566a43f098fa19e0ceaa9b9a82ee,2026-01-07T11:35:03.747929,"[""coords"", ""features""]","{""coords"": {""dtype"": ""int64"", ""has_inf"": false, ""has_nan"": false, ""shape"": [4073, 2], ""summary_hash"": ""2c11df1c2156e007ac6e7ae4d771844ca97928d68d1dd9d49526e0fb2930a7ab""}, ""features"": {""dtype"": ""float32"", ""has_inf"": false, ""has_nan"": false, ""shape"": [4073, 512], ""summary_hash"": ""c6df5ea9311b6e51e1fca9c6128d32e67c8ed1a5f03eeb6001a0f5aa2303f84f""}}",features,"[4073, 512]",float32,False,False,c6df5ea9311b6e51e1fca9c6128d32e67c8ed1a5f03eeb6001a0f5aa2303f84f,"[4073, 2]",2c11df1c2156e007ac6e7ae4d771844ca97928d68d1dd9d49526e0fb2930a7ab
2469965-B2.h5,features_biomedclip_20x/2469965-B2.h5,8174946,8c0eb6d2c00d05845b5b714fccc0f9101be747dac65417617b14ac338cc08fac,2026-01-07T11:34:24.476069,"[""coords"", ""features""]","{""coords"": {""dtype"": ""int64"", ""has_inf"": false, ""has_nan"": false, ""shape"": [4290, 2], ""summary_hash"": ""ddbbd96d8cb50ca28f7c66a59634005c268e80226a85b04c782a69cd03b5e8fb""}, ""features"": {""dtype"": ""float32"", ""has_inf"": false, ""has_nan"": false, ""shape"": [4290, 512], ""summary_hash"": ""f3c88042bab3aa9aad953e12cd52edc4a5ac731454387a182989db22143b73b5""}}",features,"[4290, 512]",float32,False,False,f3c88042bab3aa9aad953e12cd52edc4a5ac731454387a182989db22143b73b5,"[4290, 2]",ddbbd96d8cb50ca28f7c66a59634005c268e80226a85b04c782a69cd03b5e8fb
2469969-B2.h5,features_biomedclip_20x/2469969-B2.h5,4684064,dfa079e5e4ab0f80fdfbb15a50ae5de993d9f1177130576f21e53e6a44b1a221,2026-01-07T11:34:23.812072,"[""coords"", ""features""]","{""coords"": {""dtype"": ""int64"", ""has_inf"": false, ""has_nan"": false, ""shape"": [2451, 2], ""summary_hash"": ""12d24f7a97e89a76b72ed19cb3ca6df96c1399aabeb9e9a95728daf21f6785f2""}, ""features"": {""dtype"": ""float32"", ""has_inf"": false, ""has_nan"": false, ""shape"": [2451, 512], ""summary_hash"": ""562d7d007db3cb9ee2dd40d1ec68abf423c27184ebb13e999db56f825429f19f""}}",features,"[2451, 512]",float32,False,False,562d7d007db3cb9ee2dd40d1ec68abf423c27184ebb13e999db56f825429f19f,"[2451, 2]",12d24f7a97e89a76b72ed19cb3ca6df96c1399aabeb9e9a95728daf21f6785f2
2470260-B.h5,features_biomedclip_20x/2470260-B.h5,8158761,cc4ee3d67c0149352488eab050b866d99fe5865c7de0dc814cf95c3c77768ab2,2026-01-07T11:34:28.265056,"[""coords"", ""features""]","{""coords"": {""dtype"": ""int64"", ""has_inf"": false, ""has_nan"": false, ""shape"": [4280, 2], ""summary_hash"": ""1383544a09aaaa3a336bf500f71546aedc8ded3d56428f9337cb6eae051a5108""}, ""features"": {""dtype"": ""float32"", ""has_inf"": false, ""has_nan"": false, ""shape"": [4280, 512], ""summary_hash"": ""e432ebbdf913599ee038261510c69828b36e36dd74cafa7eedc72b71feeba3dd""}}",features,"[4280, 512]",float32,False,False,e432ebbdf913599ee038261510c69828b36e36dd74cafa7eedc72b71feeba3dd,"[4280, 2]",1383544a09aaaa3a336bf500f71546aedc8ded3d56428f9337cb6eae051a5108
2470270-B2.h5,features_biomedclip_20x/2470270-B2.h5,4793739,827854335387c7711db72ec2ced6dac8d08090f60ff3dba5ca05c54e2dc73d59,2026-01-07T11:34:42.733004,"[""coords"", ""features""]","{""coords"": {""dtype"": ""int64"", ""has_inf"": false, ""has_nan"": false, ""shape"": [2510, 2], ""summary_hash"": ""6e4278b537d9464e2af4b548a89dcf96d2b6172dc83ce51352c879afe0044738""}, ""features"": {""dtype"": ""float32"", ""has_inf"": false, ""has_nan"": false, ""shape"": [2510, 512], ""summary_hash"": ""003143bbd7661712214bab7f2839a07e543b871f6978308912f85f976fa35020""}}",features,"[2510, 512]",float32,False,False,003143bbd7661712214bab7f2839a07e543b871f6978308912f85f976fa35020,"[2510, 2]",6e4278b537d9464e2af4b548a89dcf96d2b6172dc83ce51352c879afe0044738
2470405-B2.h5,features_biomedclip_20x/2470405-B2.h5,7062574,1e7597476e9a15550a357fd4bfbe8e2a32f1ada0e07d2aa193223f8d1ebab724,2026-01-07T11:34:32.070042,"[""coords"", ""features""]","{""coords"": {""dtype"": ""int64"", ""has_inf"": false, ""has_nan"": false, ""shape"": [3708, 2], ""summary_hash"": ""7afe3fb10c1883847b3583badb23671f3ce99deeeaa8ac10ec3e82540483cc91""}, ""features"": {""dtype"": ""float32"", ""has_inf"": false, ""has_nan"": false, ""shape"": [3708, 512], ""summary_hash"": ""c79a8e835d9cdd9584e0a54dea26e7256fd3b0bc2f56d88e6fe6ae916216dac1""}}",features,"[3708, 512]",float32,False,False,c79a8e835d9cdd9584e0a54dea26e7256fd3b0bc2f56d88e6fe6ae916216dac1,"[3708, 2]",7afe3fb10c1883847b3583badb23671f3ce99deeeaa8ac10ec3e82540483cc91
2470647-B2.h5,features_biomedclip_20x/2470647-B2.h5,8135884,3c023fea03d5e13f789f43778d299303fbaa7ad7f1dfaedcbb04635fc976eff4,2026-01-07T11:34:45.777993,"[""coords"", ""features""]","{""coords"": {""dtype"": ""int64"", ""has_inf"": false, ""has_nan"": false, ""shape"": [4267, 2], ""summary_hash"": ""31b6a2171e716bd52747b750a5304752438c046a4e125babdb397c5ae04ea62b""}, ""features"": {""dtype"": ""float32"", ""has_inf"": false, ""has_nan"": false, ""shape"": [4267, 512], ""summary_hash"": ""c596d5da147bdea8ead3e2efacd6cc6bc802569cd8df4c8f81df8d9f5b99f8a6""}}",features,"[4267, 512]",float32,False,False,c596d5da147bdea8ead3e2efacd6cc6bc802569cd8df4c8f81df8d9f5b99f8a6,"[4267, 2]",31b6a2171e716bd52747b750a5304752438c046a4e125babdb397c5ae04ea62b
2470657-B3.h5,features_biomedclip_20x/2470657-B3.h5,13562906,4ebd2fea170cf3ff44cb1d96ff4b23091da42f58fe72bb2ed972282d5c6f0291,2026-01-07T11:34:33.103038,"[""coords"", ""features""]","{""coords"": {""dtype"": ""int64"", ""has_inf"": false, ""has_nan"": false, ""shape"": [7128, 2], ""summary_hash"": ""7afe6d93a1fb48290a83cbadaac90de10442fee58aeda369948f7d05bb828d6e""}, ""features"": {""dtype"": ""float32"", ""has_inf"": false, ""has_nan"": false, ""shape"": [7128, 512], ""summary_hash"": ""005492594f07e17a388ec6dbc504f64d142474025baf94846e053090124141a6""}}",features,"[7128, 512]",float32,False,False,005492594f07e17a388ec6dbc504f64d142474025baf94846e053090124141a6,"[7128, 2]",7afe6d93a1fb48290a83cbadaac90de10442fee58aeda369948f7d05bb828d6e
2471072-B2.h5,features_biomedclip_20x/2471072-B2.h5,7317960,c58fa3e22ce577a4e108210940ca5559d905d57027a33ba99fd6515fda2b53d9,2026-01-07T11:34:31.717043,"[""coords"", ""features""]","{""coords"": {""dtype"": ""int64"", ""has_inf"": false, ""has_nan"": false, ""shape"": [3844, 2], ""summary_hash"": ""b05d14139e8dc6cb6bccf0eba91cbe9ffabe20e998d29ca55ee92a6d43933e62""}, ""features"": {""dtype"": ""float32"", ""has_inf"": false, ""has_nan"": false, ""shape"": [3844, 512], ""summary_hash"": ""7a791e914f927a0d128f935dfb85a0e6b6781f6c03ca508179641f3208e3dcef""}}",features,"[3844, 512]",float32,False,False,7a791e914f927a0d128f935dfb85a0e6b6781f6c03ca508179641f3208e3dcef,"[3844, 2]",b05d14139e8dc6cb6bccf0eba91cbe9ffabe20e998d29ca55ee92a6d43933e62
2471237-B2.h5,features_biomedclip_20x/2471237-B2.h5,12977627,e3f3990458d4089b75878c06d896afa4ab3ad558719c558f379172847b272fcb,2026-01-07T11:34:40.804011,"[""coords"", ""features""]","{""coords"": {""dtype"": ""int64"", ""has_inf"": false, ""has_nan"": false, ""shape"": [6815, 2], ""summary_hash"": ""980c73fee5eacec5968f447d87ffc08d1151acad080a4bc93c25fbbf00fbd704""}, ""features"": {""dtype"": ""float32"", ""has_inf"": false, ""has_nan"": false, ""shape"": [6815, 512], ""summary_hash"": ""1b3c660384a7637efbc5f140cbea974736c6cc8aa4544295952b1338ae31f2fb""}}",features,"[6815, 512]",float32,False,False,1b3c660384a7637efbc5f140cbea974736c6cc8aa4544295952b1338ae31f2fb,"[6815, 2]",980c73fee5eacec5968f447d87ffc08d1151acad080a4bc93c25fbbf00fbd704
2471442-B3.h5,features_biomedclip_20x/2471442-B3.h5,7168987,bb95d756465bcecead1eeb46d6b9ac9231572f6e729536ab1be03cfd4cdd85c9,2026-01-07T11:34:52.206970,"[""coords"", ""features""]","{""coords"": {""dtype"": ""int64"", ""has_inf"": false, ""has_nan"": false, ""shape"": [3765, 2], ""summary_hash"": ""311550f7ddfdf26870c9da43ac25a9d9004497bb7bc8a97e33a06937e3fe2a0c""}, ""features"": {""dtype"": ""float32"", ""has_inf"": false, ""has_nan"": false, ""shape"": [3765, 512], ""summary_hash"": ""7b9d3f26406b50f48b1c977e576009063008ab3e32429cb4ec53d34eac4b3b4d""}}",features,"[3765, 512]",float32,False,False,7b9d3f26406b50f48b1c977e576009063008ab3e32429cb4ec53d34eac4b3b4d,"[3765, 2]",311550f7ddfdf26870c9da43ac25a9d9004497bb7bc8a97e33a06937e3fe2a0c
2471452-B2.h5,features_biomedclip_20x/2471452-B2.h5,3381034,68ede49f4d588c3f16221bab1028f2cc6f82e4828571cdc5d012ba053bea3f75,2026-01-07T11:34:37.984021,"[""coords"", ""features""]","{""coords"": {""dtype"": ""int64"", ""has_inf"": false, ""has_nan"": false, ""shape"": [1772, 2], ""summary_hash"": ""9494c952fcc88114438a1b34d6f8d800c102b169d2d9f3819f7a2b0454e3283a""}, ""features"": {""dtype"": ""float32"", ""has_inf"": false, ""has_nan"": false, ""shape"": [1772, 512], ""summary_hash"": ""ac5829fd064f7d48d237e234ecbd163931911614211c2d1da43142270f901310""}}",features,"[1772, 512]",float32,False,False,ac5829fd064f7d48d237e234ecbd163931911614211c2d1da43142270f901310,"[1772, 2]",9494c952fcc88114438a1b34d6f8d800c102b169d2d9f3819f7a2b0454e3283a
2471595-B3.h5,features_biomedclip_20x/2471595-B3.h5,8839099,2e66da36176f2de906621409ae6fdc95654db2467885352a3000d36ba1668f6a,2026-01-07T11:34:25.463066,"[""coords"", ""features""]","{""coords"": {""dtype"": ""int64"", ""has_inf"": false, ""has_nan"": false, ""shape"": [4641, 2], ""summary_hash"": ""7186a81a47c0923e2b3166709f5000c1e332404bb95e6176bb008ca8c7531259""}, ""features"": {""dtype"": ""float32"", ""has_inf"": false, ""has_nan"": false, ""shape"": [4641, 512], ""summary_hash"": ""7625c6cbccfced279ac2bb52844165b7ec39831d0de83ed81e6774f578046b60""}}",features,"[4641, 512]",float32,False,False,7625c6cbccfced279ac2bb52844165b7ec39831d0de83ed81e6774f578046b60,"[4641, 2]",7186a81a47c0923e2b3166709f5000c1e332404bb95e6176bb008ca8c7531259
2471618-B3.h5,features_biomedclip_20x/2471618-B3.h5,7311414,8a7b615aea2fbe5b0f31853739ff7f8465ba91fa8a54229f0e34acdf1968b5db,2026-01-07T11:34:23.150074,"[""coords"", ""features""]","{""coords"": {""dtype"": ""int64"", ""has_inf"": false, ""has_nan"": false, ""shape"": [3840, 2], ""summary_hash"": ""fbe904e9ad22960e8c258e379816d6f8753e2ef23fbf24d0d0c0768f4eb8031c""}, ""features"": {""dtype"": ""float32"", ""has_inf"": false, ""has_nan"": false, ""shape"": [3840, 512], ""summary_hash"": ""230c219dddb58e72c8c483865ef2d40be9e26edabea673c32dc98081b9015a36""}}",features,"[3840, 512]",float32,False,False,230c219dddb58e72c8c483865ef2d40be9e26edabea673c32dc98081b9015a36,"[3840, 2]",fbe904e9ad22960e8c258e379816d6f8753e2ef23fbf24d0d0c0768f4eb8031c
2471884-B2.h5,features_biomedclip_20x/2471884-B2.h5,3452520,0ecbcf8ac5e412aa5790f0bfe6b569c2622bc71a43d518b02aac8ee21fdac52b,2026-01-07T11:34:50.713976,"[""coords"", ""features""]","{""coords"": {""dtype"": ""int64"", ""has_inf"": false, ""has_nan"": false, ""shape"": [1810, 2], ""summary_hash"": ""98d4dce2d799a111ee4884343d8c7a7fad9f3a3bc5d7ed472814964b69c74980""}, ""features"": {""dtype"": ""float32"", ""has_inf"": false, ""has_nan"": false, ""shape"": [1810, 512], ""summary_hash"": ""3606d81f2c8c2e0651a6418d8f816da11f11e112b48cde3b0512d2a97d4bb7ba""}}",features,"[1810, 512]",float32,False,False,3606d81f2c8c2e0651a6418d8f816da11f11e112b48cde3b0512d2a97d4bb7ba,"[1810, 2]",98d4dce2d799a111ee4884343d8c7a7fad9f3a3bc5d7ed472814964b69c74980
2471885-B2.h5,features_biomedclip_20x/2471885-B2.h5,3319007,1f17cb71ba289c954ea294b009ad7900694d9d1cac1273723cc39a43679c2ff9,2026-01-07T11:34:44.352998,"[""coords"", ""features""]","{""coords"": {""dtype"": ""int64"", ""has_inf"": false, ""has_nan"": false, ""shape"": [1739, 2], ""summary_hash"": ""d23cb77f00dfbcc5b178558de6a654a3dee5ed1f3e469a43a3e04eaadfa38357""}, ""features"": {""dtype"": ""float32"", ""has_inf"": false, ""has_nan"": false, ""shape"": [1739, 512], ""summary_hash"": ""8347968665f6239f1873abba70611e1ad04d347bd0b73eb0f7f9156be869f336""}}",features,"[1739, 512]",float32,False,False,8347968665f6239f1873abba70611e1ad04d347bd0b73eb0f7f9156be869f336,"[1739, 2]",d23cb77f00dfbcc5b178558de6a654a3dee5ed1f3e469a43a3e04eaadfa38357
2471887-B.h5,features_biomedclip_20x/2471887-B.h5,5976067,77195c7d8b279c7eb207a7cb2fb4ce4d9b185c6117dc8d6d2891bde4a2209a06,2026-01-07T11:34:37.019024,"[""coords"", ""features""]","{""coords"": {""dtype"": ""int64"", ""has_inf"": false, ""has_nan"": false, ""shape"": [3135, 2], ""summary_hash"": ""5deaac46c177fd4b6c887fd9dbe863cded567f4049b6f6dada27e6f4be7827c8""}, ""features"": {""dtype"": ""float32"", ""has_inf"": false, ""has_nan"": false, ""shape"": [3135, 512], ""summary_hash"": ""c89df00987aeaea69597f8cac69ee5efccee73d2ada9c8c8995a85f510f4980d""}}",features,"[3135, 512]",float32,False,False,c89df00987aeaea69597f8cac69ee5efccee73d2ada9c8c8995a85f510f4980d,"[3135, 2]",5deaac46c177fd4b6c887fd9dbe863cded567f4049b6f6dada27e6f4be7827c8
2471921-B2.h5,features_biomedclip_20x/2471921-B2.h5,5360862,8883fb560baaf65322174b0e6e48511200ec4f55c3b12c8208ac365ce03d5a68,2026-01-07T11:34:54.542962,"[""coords"", ""features""]","{""coords"": {""dtype"": ""int64"", ""has_inf"": false, ""has_nan"": false, ""shape"": [2810, 2], ""summary_hash"": ""60fea6d2e3d46d34f25ec2e11c14af65378eaac44f77d24a85229460b816572a""}, ""features"": {""dtype"": ""float32"", ""has_inf"": false, ""has_nan"": false, ""shape"": [2810, 512], ""summary_hash"": ""2fd62fa7163e6753a24bb2226434bb7b297583c97055beabafdf0c092c01f3c6""}}",features,"[2810, 512]",float32,False,False,2fd62fa7163e6753a24bb2226434bb7b297583c97055beabafdf0c092c01f3c6,"[2810, 2]",60fea6d2e3d46d34f25ec2e11c14af65378eaac44f77d24a85229460b816572a
2471957-B.h5,features_biomedclip_20x/2471957-B.h5,2117795,9227dd5359f5f991b53a915cd88ff7578acbd3f0a8819f0784f3c101e3d8df92,2026-01-07T11:34:44.406998,"[""coords"", ""features""]","{""coords"": {""dtype"": ""int64"", ""has_inf"": false, ""has_nan"": false, ""shape"": [1104, 2], ""summary_hash"": ""c8b9ad593b0aa37c983fd689687ef3b76a883b06cee4fc156be03479447d828e""}, ""features"": {""dtype"": ""float32"", ""has_inf"": false, ""has_nan"": false, ""shape"": [1104, 512], ""summary_hash"": ""35e29261127d5d2331504acacc3b8db2460bccfde7f62c4b89d0fc7aa78f94bc""}}",features,"[1104, 512]",float32,False,False,35e29261127d5d2331504acacc3b8db2460bccfde7f62c4b89d0fc7aa78f94bc,"[1104, 2]",c8b9ad593b0aa37c983fd689687ef3b76a883b06cee4fc156be03479447d828e
2471959-B2.h5,features_biomedclip_20x/2471959-B2.h5,4348153,373775c5479efa4364c434a2618c5bc641c90f8cfaf81ae920107f5ba81ddf15,2026-01-07T11:35:04.362927,"[""coords"", ""features""]","{""coords"": {""dtype"": ""int64"", ""has_inf"": false, ""has_nan"": false, ""shape"": [2280, 2], ""summary_hash"": ""d329cc3599103f9bdea0b7980061a0f18c61c8410b765d3ebb639fa3b880892d""}, ""features"": {""dtype"": ""float32"", ""has_inf"": false, ""has_nan"": false, ""shape"": [2280, 512], ""summary_hash"": ""0406ddd01638778bf15338415e3dc30963ee147ec3ff20e6ee73bb3a7203dce3""}}",features,"[2280, 512]",float32,False,False,0406ddd01638778bf15338415e3dc30963ee147ec3ff20e6ee73bb3a7203dce3,"[2280, 2]",d329cc3599103f9bdea0b7980061a0f18c61c8410b765d3ebb639fa3b880892d
2471963-B.h5,features_biomedclip_20x/2471963-B.h5,7585574,d17faa9ee4a52b0e7b17afebe63741c5508d510c27474e64ed69065015e70786,2026-01-07T11:35:02.587933,"[""coords"", ""features""]","{""coords"": {""dtype"": ""int64"", ""has_inf"": false, ""has_nan"": false, ""shape"": [3985, 2], ""summary_hash"": ""60de6a4f58bcba76831feb191bf370eb24913536b44e5bd9e9f7bcbd57d3f384""}, ""features"": {""dtype"": ""float32"", ""has_inf"": false, ""has_nan"": false, ""shape"": [3985, 512], ""summary_hash"": ""ca6ee93620bebaff0e199d00b1a1961c9ef591ba6c6131b7aa8cb2d3ff9bb33f""}}",features,"[3985, 512]",float32,False,False,ca6ee93620bebaff0e199d00b1a1961c9ef591ba6c6131b7aa8cb2d3ff9bb33f,"[3985, 2]",60de6a4f58bcba76831feb191bf370eb24913536b44e5bd9e9f7bcbd57d3f384
2472316-B7.h5,features_biomedclip_20x/2472316-B7.h5,1165555,88cd90218754c465695ada9ab9049e16473be7b18bf37a3d43d8b313e534ab9c,2026-01-07T11:34:42.401005,"[""coords"", ""features""]","{""coords"": {""dtype"": ""int64"", ""has_inf"": false, ""has_nan"": false, ""shape"": [609, 2], ""summary_hash"": ""7dbb39c5493ccd8906d2109e862639327ebc57eb71076b7df470901dfb33f49a""}, ""features"": {""dtype"": ""float32"", ""has_inf"": false, ""has_nan"": false, ""shape"": [609, 512], ""summary_hash"": ""7c7b4bcb82d9a5e20a61284a81b4df463e15e748002fbe8e529a5486053133d7""}}",features,"[609, 512]",float32,False,False,7c7b4bcb82d9a5e20a61284a81b4df463e15e748002fbe8e529a5486053133d7,"[609, 2]",7dbb39c5493ccd8906d2109e862639327ebc57eb71076b7df470901dfb33f49a
2472453-B2.h5,features_biomedclip_20x/2472453-B2.h5,2089845,6817587faa025518aa1f9d648abc4c21098a37fa4cda72ba32c6f1659abe2da4,2026-01-07T11:34:48.422984,"[""coords"", ""features""]","{""coords"": {""dtype"": ""int64"", ""has_inf"": false, ""has_nan"": false, ""shape"": [1089, 2], ""summary_hash"": ""e51aa8087a377a2cb56863ec0dd14f2a3948ff2220464cc3d937458fd5171be8""}, ""features"": {""dtype"": ""float32"", ""has_inf"": false, ""has_nan"": false, ""shape"": [1089, 512], ""summary_hash"": ""660f1a83b7177aa39748af0fe15797dbef2331ab3054a51ba11dd88f6dfff0f1""}}",features,"[1089, 512]",float32,False,False,660f1a83b7177aa39748af0fe15797dbef2331ab3054a51ba11dd88f6dfff0f1,"[1089, 2]",e51aa8087a377a2cb56863ec0dd14f2a3948ff2220464cc3d937458fd5171be8
2472465-B2.h5,features_biomedclip_20x/2472465-B2.h5,6830302,156b997c96990438ba51058d380940f6b0a1fe495825138740f3232dad134d33,2026-01-07T11:34:45.486994,"[""coords"", ""features""]","{""coords"": {""dtype"": ""int64"", ""has_inf"": false, ""has_nan"": false, ""shape"": [3586, 2], ""summary_hash"": ""6811dcfc73c61073fe131465e5165ea5beeaa4ad72e11cd1aaa01a61a603ef1d""}, ""features"": {""dtype"": ""float32"", ""has_inf"": false, ""has_nan"": false, ""shape"": [3586, 512], ""summary_hash"": ""c34ef02abced53c72fe7a4ba530db54d6754a477b5a68d3e9ab045fadcdbf26f""}}",features,"[3586, 512]",float32,False,False,c34ef02abced53c72fe7a4ba530db54d6754a477b5a68d3e9ab045fadcdbf26f,"[3586, 2]",6811dcfc73c61073fe131465e5165ea5beeaa4ad72e11cd1aaa01a61a603ef1d
2472471-B2.h5,features_biomedclip_20x/2472471-B2.h5,5143156,901aff86a5e3cf313da4cc64fdec9ce2b4f3efb306d863512efb95513d0e569c,2026-01-07T11:34:54.487962,"[""coords"", ""features""]","{""coords"": {""dtype"": ""int64"", ""has_inf"": false, ""has_nan"": false, ""shape"": [2694, 2], ""summary_hash"": ""9bf00ab5e517419341b6150567aef14a5c852fb7f57a15dd6cc435d6157157d9""}, ""features"": {""dtype"": ""float32"", ""has_inf"": false, ""has_nan"": false, ""shape"": [2694, 512], ""summary_hash"": ""1258a23d83fb26c91d943b7ac5a7eedecbaef1f7a694183cc61e2d8abe0638a7""}}",features,"[2694, 512]",float32,False,False,1258a23d83fb26c91d943b7ac5a7eedecbaef1f7a694183cc61e2d8abe0638a7,"[2694, 2]",9bf00ab5e517419341b6150567aef14a5c852fb7f57a15dd6cc435d6157157d9
2472481-B2.h5,features_biomedclip_20x/2472481-B2.h5,4082331,5021f093d747ba303f252e75423c611fd760b8ee80a25006cc1f57cf49ebaff5,2026-01-07T11:35:02.733933,"[""coords"", ""features""]","{""coords"": {""dtype"": ""int64"", ""has_inf"": false, ""has_nan"": false, ""shape"": [2139, 2], ""summary_hash"": ""7b3358cddcd32a5525443253e3a436c61908f24b6d1e6efcae2a7e6a0765d8af""}, ""features"": {""dtype"": ""float32"", ""has_inf"": false, ""has_nan"": false, ""shape"": [2139, 512], ""summary_hash"": ""04dcd38fba561cb70a223109e31fe0af7556ad5942320e7a09190f4bb7dc56d8""}}",features,"[2139, 512]",float32,False,False,04dcd38fba561cb70a223109e31fe0af7556ad5942320e7a09190f4bb7dc56d8,"[2139, 2]",7b3358cddcd32a5525443253e3a436c61908f24b6d1e6efcae2a7e6a0765d8af
2472500-B2.h5,features_biomedclip_20x/2472500-B2.h5,3740413,66daae77d456eaae50c822dd86c98a72724efcde8af2cfbd360ba9c66e463ee2,2026-01-07T11:34:24.389069,"[""coords"", ""features""]","{""coords"": {""dtype"": ""int64"", ""has_inf"": false, ""has_nan"": false, ""shape"": [1962, 2], ""summary_hash"": ""5384b245a940b69aba8c2ca99779063b020541e29a41f12c8759903c8ef80e4c""}, ""features"": {""dtype"": ""float32"", ""has_inf"": false, ""has_nan"": false, ""shape"": [1962, 512], ""summary_hash"": ""cef9a2613669cf8394a998f558e03ae55d6657e0d6279f83e408c7300d4531ff""}}",features,"[1962, 512]",float32,False,False,cef9a2613669cf8394a998f558e03ae55d6657e0d6279f83e408c7300d4531ff,"[1962, 2]",5384b245a940b69aba8c2ca99779063b020541e29a41f12c8759903c8ef80e4c
2472505-B.h5,features_biomedclip_20x/2472505-B.h5,3040423,b4630a8e24154c32a0799050f4a55303592422a877de0f53d90b471a1c7099be,2026-01-07T11:34:41.619008,"[""coords"", ""features""]","{""coords"": {""dtype"": ""int64"", ""has_inf"": false, ""has_nan"": false, ""shape"": [1592, 2], ""summary_hash"": ""42eaec1d1cd4346f3c29df2f4436472d3dfb466f51d0f862a3476bcbed41f181""}, ""features"": {""dtype"": ""float32"", ""has_inf"": false, ""has_nan"": false, ""shape"": [1592, 512], ""summary_hash"": ""a55b7ecf6de1dc02c6d41e01852ad8c8093779deb7689365d0648e4fa2b1c267""}}",features,"[1592, 512]",float32,False,False,a55b7ecf6de1dc02c6d41e01852ad8c8093779deb7689365d0648e4fa2b1c267,"[1592, 2]",42eaec1d1cd4346f3c29df2f4436472d3dfb466f51d0f862a3476bcbed41f181
2472509-B4.h5,features_biomedclip_20x/2472509-B4.h5,6666607,db32c5b7fc93d46577f0de7681446290260bddd377bb3262b2d5c1711acb59ad,2026-01-07T11:34:58.849947,"[""coords"", ""features""]","{""coords"": {""dtype"": ""int64"", ""has_inf"": false, ""has_nan"": false, ""shape"": [3499, 2], ""summary_hash"": ""880787306c0249b2467004f97dc4e6e9a4a7f5fcadaecf30f3c425d1eb5504c2""}, ""features"": {""dtype"": ""float32"", ""has_inf"": false, ""has_nan"": false, ""shape"": [3499, 512], ""summary_hash"": ""b7ec2017068e8aa5ee704f88ad1d76a528a53a93dd05df8edf939bca16fad36a""}}",features,"[3499, 512]",float32,False,False,b7ec2017068e8aa5ee704f88ad1d76a528a53a93dd05df8edf939bca16fad36a,"[3499, 2]",880787306c0249b2467004f97dc4e6e9a4a7f5fcadaecf30f3c425d1eb5504c2
2472509-B6.h5,features_biomedclip_20x/2472509-B6.h5,13152986,e6b85dd3493b26b8aec3326b9d7f8ae4d4e3d53eac7039ee4b416acfa6b79757,2026-01-07T11:35:01.979935,"[""coords"", ""features""]","{""coords"": {""dtype"": ""int64"", ""has_inf"": false, ""has_nan"": false, ""shape"": [6909, 2], ""summary_hash"": ""5716a3d944c86f9b88af94b08a119d0c3f924d0c4d6476f4dd6f49abdb0e2666""}, ""features"": {""dtype"": ""float32"", ""has_inf"": false, ""has_nan"": false, ""shape"": [6909, 512], ""summary_hash"": ""b0a328f8793dc49f8223a7235a31543e008aef8c0d3d5c08cc6cfdd0c1161c9b""}}",features,"[6909, 512]",float32,False,False,b0a328f8793dc49f8223a7235a31543e008aef8c0d3d5c08cc6cfdd0c1161c9b,"[6909, 2]",5716a3d944c86f9b88af94b08a119d0c3f924d0c4d6476f4dd6f49abdb0e2666
2473212-B4.h5,features_biomedclip_20x/2473212-B4.h5,4755526,04912f0193188dcedd4780b4a01e5378cfd2fdaed0c8e8de8a4b718da76a491e,2026-01-07T11:34:20.229084,"[""coords"", ""features""]","{""coords"": {""dtype"": ""int64"", ""has_inf"": false, ""has_nan"": false, ""shape"": [2489, 2], ""summary_hash"": ""9bf4298472678b676c3e27881cc77eaae5da99cde6248cb2190b5965a7893491""}, ""features"": {""dtype"": ""float32"", ""has_inf"": false, ""has_nan"": false, ""shape"": [2489, 512], ""summary_hash"": ""1533664ba388f39cf950d95d4c2348bbf35e2ae2a2c91654a123b66672ce3b6d""}}",features,"[2489, 512]",float32,False,False,1533664ba388f39cf950d95d4c2348bbf35e2ae2a2c91654a123b66672ce3b6d,"[2489, 2]",9bf4298472678b676c3e27881cc77eaae5da99cde6248cb2190b5965a7893491
2473218-B2.h5,features_biomedclip_20x/2473218-B2.h5,8736235,438c3be6933a9d3a642f4f6924ad43e576444f35bcbc5beac5029a43ad2e9dc4,2026-01-07T11:34:45.108996,"[""coords"", ""features""]","{""coords"": {""dtype"": ""int64"", ""has_inf"": false, ""has_nan"": false, ""shape"": [4586, 2], ""summary_hash"": ""76442d3a738a716516287dc89e6199f5b483c519f75f2fd379f58606f2a3aeb8""}, ""features"": {""dtype"": ""float32"", ""has_inf"": false, ""has_nan"": false, ""shape"": [4586, 512], ""summary_hash"": ""4adc6bb6569ccb46be630eda97a03b6036a51e88597f5e7c8939c8f93685fd97""}}",features,"[4586, 512]",float32,False,False,4adc6bb6569ccb46be630eda97a03b6036a51e88597f5e7c8939c8f93685fd97,"[4586, 2]",76442d3a738a716516287dc89e6199f5b483c519f75f2fd379f58606f2a3aeb8
2473218-B3.h5,features_biomedclip_20x/2473218-B3.h5,6841910,c0374c17d60959cde2beee72bc81fde77f3f5a9afa38d43b8ede0e4348ae1207,2026-01-07T11:34:44.107999,"[""coords"", ""features""]","{""coords"": {""dtype"": ""int64"", ""has_inf"": false, ""has_nan"": false, ""shape"": [3592, 2], ""summary_hash"": ""3fbd30755921a9b488672126e39cc7c8e89bfc4d783fef0e069546aa4a1ee295""}, ""features"": {""dtype"": ""float32"", ""has_inf"": false, ""has_nan"": false, ""shape"": [3592, 512], ""summary_hash"": ""a55024df906c45ffb06590900a5db9c24f67686138cac5243127b7be8a925072""}}",features,"[3592, 512]",float32,False,False,a55024df906c45ffb06590900a5db9c24f67686138cac5243127b7be8a925072,"[3592, 2]",3fbd30755921a9b488672126e39cc7c8e89bfc4d783fef0e069546aa4a1ee295
2473228-B2.h5,features_biomedclip_20x/2473228-B2.h5,4933773,4ff9c384793e5f4fc1ec940c970b84a17585ad57df5986796c4b2fd85987b741,2026-01-07T11:34:36.942025,"[""coords"", ""features""]","{""coords"": {""dtype"": ""int64"", ""has_inf"": false, ""has_nan"": false, ""shape"": [2583, 2], ""summary_hash"": ""3f1b69d7cafcd5a9897992cdad7da2999db11bd0614acac891642108400aae19""}, ""features"": {""dtype"": ""float32"", ""has_inf"": false, ""has_nan"": false, ""shape"": [2583, 512], ""summary_hash"": ""28d304e6e2d919cc66856476fae737f6047aaf87ea9952aaaacd8e3c64f124af""}}",features,"[2583, 512]",float32,False,False,28d304e6e2d919cc66856476fae737f6047aaf87ea9952aaaacd8e3c64f124af,"[2583, 2]",3f1b69d7cafcd5a9897992cdad7da2999db11bd0614acac891642108400aae19
2473266-B.h5,features_biomedclip_20x/2473266-B.h5,5207548,f8959b0be98f75b1d1a50664ba9c037340cc0478dcb6e780d5225c8a93ca54ae,2026-01-07T11:34:25.481066,"[""coords"", ""features""]","{""coords"": {""dtype"": ""int64"", ""has_inf"": false, ""has_nan"": false, ""shape"": [2728, 2], ""summary_hash"": ""538f8b5e4b740bba0b559606b9691ef40026c1ca85c06568c4f854cbf687e67a""}, ""features"": {""dtype"": ""float32"", ""has_inf"": false, ""has_nan"": false, ""shape"": [2728, 512], ""summary_hash"": ""7e8772c9973e4705bd98ba10a66a6f0bbe9d8ebc7dbaf90a42def4566c232046""}}",features,"[2728, 512]",float32,False,False,7e8772c9973e4705bd98ba10a66a6f0bbe9d8ebc7dbaf90a42def4566c232046,"[2728, 2]",538f8b5e4b740bba0b559606b9691ef40026c1ca85c06568c4f854cbf687e67a
2473272-B3.h5,features_biomedclip_20x/2473272-B3.h5,6363716,43bb51c89f7274c979a058e800e74344c0467cdbad64cd04fc5b8b592b5173f1,2026-01-07T11:34:21.971078,"[""coords"", ""features""]","{""coords"": {""dtype"": ""int64"", ""has_inf"": false, ""has_nan"": false, ""shape"": [3338, 2], ""summary_hash"": ""2bb9fa0914c64fdfea7337f25844269c03467d68f256c05ff404ae6a3f83c088""}, ""features"": {""dtype"": ""float32"", ""has_inf"": false, ""has_nan"": false, ""shape"": [3338, 512], ""summary_hash"": ""29d65bb62a84fd081cf217943a32121716da0baaaf3ce8e5a550a0e29f14f0ba""}}",features,"[3338, 512]",float32,False,False,29d65bb62a84fd081cf217943a32121716da0baaaf3ce8e5a550a0e29f14f0ba,"[3338, 2]",2bb9fa0914c64fdfea7337f25844269c03467d68f256c05ff404ae6a3f83c088
2473366-B2.h5,features_biomedclip_20x/2473366-B2.h5,5725060,9c25bd8d0e82d5090f634d396de4fa0b91b735b92e7d3ca81c14017446dd2a96,2026-01-07T11:34:17.553094,"[""coords"", ""features""]","{""coords"": {""dtype"": ""int64"", ""has_inf"": false, ""has_nan"": false, ""shape"": [3002, 2], ""summary_hash"": ""334af0c1f72a543c725517a046ef7710f47126a770e9ddbbfd425989930b1be6""}, ""features"": {""dtype"": ""float32"", ""has_inf"": false, ""has_nan"": false, ""shape"": [3002, 512], ""summary_hash"": ""e941da97c0d5778291eafe00392546a44308abbc8d74686adf43c9b546ba8221""}}",features,"[3002, 512]",float32,False,False,e941da97c0d5778291eafe00392546a44308abbc8d74686adf43c9b546ba8221,"[3002, 2]",334af0c1f72a543c725517a046ef7710f47126a770e9ddbbfd425989930b1be6
2473394-B2.h5,features_biomedclip_20x/2473394-B2.h5,7876441,2527475da9a1db2c7cd9d5785def1179eea7db7ed115e5ae0101555d89acdb85,2026-01-07T11:34:35.512030,"[""coords"", ""features""]","{""coords"": {""dtype"": ""int64"", ""has_inf"": false, ""has_nan"": false, ""shape"": [4135, 2], ""summary_hash"": ""55c3aa3df4819b296c3e6b1eba363b40a001df30db037df7f785c38297c37d10""}, ""features"": {""dtype"": ""float32"", ""has_inf"": false, ""has_nan"": false, ""shape"": [4135, 512], ""summary_hash"": ""bf1182aa6e3ffdafb658291182082182f10dcae9ef9abd82f4068a87a6f6ca6e""}}",features,"[4135, 512]",float32,False,False,bf1182aa6e3ffdafb658291182082182f10dcae9ef9abd82f4068a87a6f6ca6e,"[4135, 2]",55c3aa3df4819b296c3e6b1eba363b40a001df30db037df7f785c38297c37d10
2473534-B2.h5,features_biomedclip_20x/2473534-B2.h5,6123966,adc8e985c938f602046d9afd1e226d3be57b16c83854b86d2c4a82e0c5416ccb,2026-01-07T11:34:19.198088,"[""coords"", ""features""]","{""coords"": {""dtype"": ""int64"", ""has_inf"": false, ""has_nan"": false, ""shape"": [3213, 2], ""summary_hash"": ""1dc9dbebf0672c83181b280d560388d0cc9fbac9ea3d7ee668b4286f392ec272""}, ""features"": {""dtype"": ""float32"", ""has_inf"": false, ""has_nan"": false, ""shape"": [3213, 512], ""summary_hash"": ""46ebcd6c44ab4f02141f31424cad6c9cfffde8e151ca4ef50eaf03fe8bc1f5f7""}}",features,"[3213, 512]",float32,False,False,46ebcd6c44ab4f02141f31424cad6c9cfffde8e151ca4ef50eaf03fe8bc1f5f7,"[3213, 2]",1dc9dbebf0672c83181b280d560388d0cc9fbac9ea3d7ee668b4286f392ec272
2473545-B2.h5,features_biomedclip_20x/2473545-B2.h5,11458768,c43495c945a84a368fc20f360cf3dd381468eb410397c88fdcb966989f4c6221,2026-01-07T11:34:43.152003,"[""coords"", ""features""]","{""coords"": {""dtype"": ""int64"", ""has_inf"": false, ""has_nan"": false, ""shape"": [6025, 2], ""summary_hash"": ""b474616230068ca8612fca36cb0f566d31daa5839d9f7ff2029f2081795607b3""}, ""features"": {""dtype"": ""float32"", ""has_inf"": false, ""has_nan"": false, ""shape"": [6025, 512], ""summary_hash"": ""3841aca6e315a83bc6d1ca4ff6b01920525df3d72a40b4217b7f3d188f5856f3""}}",features,"[6025, 512]",float32,False,False,3841aca6e315a83bc6d1ca4ff6b01920525df3d72a40b4217b7f3d188f5856f3,"[6025, 2]",b474616230068ca8612fca36cb0f566d31daa5839d9f7ff2029f2081795607b3
2473545-B3.h5,features_biomedclip_20x/2473545-B3.h5,6956368,19889c6b56fcd62a5fca18f4d03e877dfd83c2197048f2ec71822f674e834da7,2026-01-07T11:34:45.770993,"[""coords"", ""features""]","{""coords"": {""dtype"": ""int64"", ""has_inf"": false, ""has_nan"": false, ""shape"": [3653, 2], ""summary_hash"": ""3d220df454950542a397e14e5410adfb9eff5411e05b2ae0859bb09e886923e7""}, ""features"": {""dtype"": ""float32"", ""has_inf"": false, ""has_nan"": false, ""shape"": [3653, 512], ""summary_hash"": ""f04225f5fcff517090b9331440e50b58295dd7248289c3ae0025b2028b44edb0""}}",features,"[3653, 512]",float32,False,False,f04225f5fcff517090b9331440e50b58295dd7248289c3ae0025b2028b44edb0,"[3653, 2]",3d220df454950542a397e14e5410adfb9eff5411e05b2ae0859bb09e886923e7
2473549-B.h5,features_biomedclip_20x/2473549-B.h5,6260560,82628246067036da6af91d5c164a9b333af0e5023ea508892ffcd67d3989be52,2026-01-07T11:34:31.104046,"[""coords"", ""features""]","{""coords"": {""dtype"": ""int64"", ""has_inf"": false, ""has_nan"": false, ""shape"": [3285, 2], ""summary_hash"": ""9925b50367c34f52425345901091085fe215e3c89a2ce1457826f6ed94270e5e""}, ""features"": {""dtype"": ""float32"", ""has_inf"": false, ""has_nan"": false, ""shape"": [3285, 512], ""summary_hash"": ""7421fa9647f23b711880d1d7f00109ac8007d3681431c32ea992dd968b2252e1""}}",features,"[3285, 512]",float32,False,False,7421fa9647f23b711880d1d7f00109ac8007d3681431c32ea992dd968b2252e1,"[3285, 2]",9925b50367c34f52425345901091085fe215e3c89a2ce1457826f6ed94270e5e
2473600-B3.h5,features_biomedclip_20x/2473600-B3.h5,8684896,65446eb6e3c5973b62279995ad3b4c1e0660952a3d53965f7fa814a508f3b5ea,2026-01-07T11:34:57.231952,"[""coords"", ""features""]","{""coords"": {""dtype"": ""int64"", ""has_inf"": false, ""has_nan"": false, ""shape"": [4559, 2], ""summary_hash"": ""bc300570041663cbec07bb61bc09d0c40fcab8babe14528ca97abaff902e86e2""}, ""features"": {""dtype"": ""float32"", ""has_inf"": false, ""has_nan"": false, ""shape"": [4559, 512], ""summary_hash"": ""f89fc6bc4601d4bbdbb92ff3a6629efbf29d34a5c5b401d59581f6e0fa3df31c""}}",features,"[4559, 512]",float32,False,False,f89fc6bc4601d4bbdbb92ff3a6629efbf29d34a5c5b401d59581f6e0fa3df31c,"[4559, 2]",bc300570041663cbec07bb61bc09d0c40fcab8babe14528ca97abaff902e86e2
2473608-B2.h5,features_biomedclip_20x/2473608-B2.h5,8485428,6904ff706d5f1ecec7125be00c96d9feb24dd6a163411b3d5e60ddef3251bd01,2026-01-07T11:34:29.470051,"[""coords"", ""features""]","{""coords"": {""dtype"": ""int64"", ""has_inf"": false, ""has_nan"": false, ""shape"": [4453, 2], ""summary_hash"": ""595a4e7d7ba1945249aba1d38e040054ef2921e47dd16bbeb468afe9c9df1cc6""}, ""features"": {""dtype"": ""float32"", ""has_inf"": false, ""has_nan"": false, ""shape"": [4453, 512], ""summary_hash"": ""09442d20df3da1c1d27e25e38a14820936a4dbb0fa5f8ca1085439aef16c3c1a""}}",features,"[4453, 512]",float32,False,False,09442d20df3da1c1d27e25e38a14820936a4dbb0fa5f8ca1085439aef16c3c1a,"[4453, 2]",595a4e7d7ba1945249aba1d38e040054ef2921e47dd16bbeb468afe9c9df1cc6
2473621-B3.h5,features_biomedclip_20x/2473621-B3.h5,4023518,ad7a360bc0786546175b84e6d3109ffb16079076a33a76d3d0fe6a7db616cbf0,2026-01-07T11:34:57.878950,"[""coords"", ""features""]","{""coords"": {""dtype"": ""int64"", ""has_inf"": false, ""has_nan"": false, ""shape"": [2107, 2], ""summary_hash"": ""f753a1925c904720a834bf231cf0f124c0c631db514bda1a9b12094238f184a0""}, ""features"": {""dtype"": ""float32"", ""has_inf"": false, ""has_nan"": false, ""shape"": [2107, 512], ""summary_hash"": ""f402d718a715f0eb3785771b381ea2a200a8e16f78e277f388c9540e08ff0511""}}",features,"[2107, 512]",float32,False,False,f402d718a715f0eb3785771b381ea2a200a8e16f78e277f388c9540e08ff0511,"[2107, 2]",f753a1925c904720a834bf231cf0f124c0c631db514bda1a9b12094238f184a0
2473623-B2.h5,features_biomedclip_20x/2473623-B2.h5,1813847,149262a6e81c5b5c9422e4d459048526209e8cfdd6764ebb0048eaa4011e2251,2026-01-07T11:34:43.699001,"[""coords"", ""features""]","{""coords"": {""dtype"": ""int64"", ""has_inf"": false, ""has_nan"": false, ""shape"": [947, 2], ""summary_hash"": ""f95427de7a419276ad8a8ca4d9935d9994f252a0afde701f4d94faa519db0a54""}, ""features"": {""dtype"": ""float32"", ""has_inf"": false, ""has_nan"": false, ""shape"": [947, 512], ""summary_hash"": ""1f9af6a2436d2f86f46331c7f2033442cd275f32988669a824f09a230a1d2bc7""}}",features,"[947, 512]",float32,False,False,1f9af6a2436d2f86f46331c7f2033442cd275f32988669a824f09a230a1d2bc7,"[947, 2]",f95427de7a419276ad8a8ca4d9935d9994f252a0afde701f4d94faa519db0a54
2473738-B3.h5,features_biomedclip_20x/2473738-B3.h5,7461706,f7e48eeb7ef34796da57fcb0de674adaa3495735d788ece9d1a06b07773c113b,2026-01-07T11:34:56.237956,"[""coords"", ""features""]","{""coords"": {""dtype"": ""int64"", ""has_inf"": false, ""has_nan"": false, ""shape"": [3919, 2], ""summary_hash"": ""abf92f96fc558af790879547e76bec13c1b4c0eae28300c630f5b0ae8db1595b""}, ""features"": {""dtype"": ""float32"", ""has_inf"": false, ""has_nan"": false, ""shape"": [3919, 512], ""summary_hash"": ""d65c1de633b19e270864a1f54eadf9930a7dfc51d2d0b28d153b3c5ed335a0e0""}}",features,"[3919, 512]",float32,False,False,d65c1de633b19e270864a1f54eadf9930a7dfc51d2d0b28d153b3c5ed335a0e0,"[3919, 2]",abf92f96fc558af790879547e76bec13c1b4c0eae28300c630f5b0ae8db1595b
2474124-B2.h5,features_biomedclip_20x/2474124-B2.h5,5918095,7476ee4c3e04f8ec3506d92d9426c193b04f43ac5f9177030e0334ae165f33ba,2026-01-07T11:35:02.317934,"[""coords"", ""features""]","{""coords"": {""dtype"": ""int64"", ""has_inf"": false, ""has_nan"": false, ""shape"": [3104, 2], ""summary_hash"": ""8699bab1387cee27659af9073005effe90956918852713d43217d9121efefb59""}, ""features"": {""dtype"": ""float32"", ""has_inf"": false, ""has_nan"": false, ""shape"": [3104, 512], ""summary_hash"": ""99a1c07d84af2a90ba7056f8535a993c690951327be3f2aed0d2ce1f380fe272""}}",features,"[3104, 512]",float32,False,False,99a1c07d84af2a90ba7056f8535a993c690951327be3f2aed0d2ce1f380fe272,"[3104, 2]",8699bab1387cee27659af9073005effe90956918852713d43217d9121efefb59
2474140-B3.h5,features_biomedclip_20x/2474140-B3.h5,5850628,a7e4d0ecbff3324de47fc0f86ee0ed131b39bb759370cef08ab989ce8fef575a,2026-01-07T11:34:19.437087,"[""coords"", ""features""]","{""coords"": {""dtype"": ""int64"", ""has_inf"": false, ""has_nan"": false, ""shape"": [3068, 2], ""summary_hash"": ""678a7350ec9c3b4570257e8c35a84a83ee2142c6d13074aefc4001ad755086fa""}, ""features"": {""dtype"": ""float32"", ""has_inf"": false, ""has_nan"": false, ""shape"": [3068, 512], ""summary_hash"": ""8e913d8b9029fde7cba9886dafc958b4a5728c3f107420473e1be8e9a846560b""}}",features,"[3068, 512]",float32,False,False,8e913d8b9029fde7cba9886dafc958b4a5728c3f107420473e1be8e9a846560b,"[3068, 2]",678a7350ec9c3b4570257e8c35a84a83ee2142c6d13074aefc4001ad755086fa
2474150-B3.h5,features_biomedclip_20x/2474150-B3.h5,6059935,f2c76a5c9cb58c11d12c4be2cc7098a9c341df12aa00949a6bcac15575e3dbad,2026-01-07T11:34:53.995964,"[""coords"", ""features""]","{""coords"": {""dtype"": ""int64"", ""has_inf"": false, ""has_nan"": false, ""shape"": [3180, 2], ""summary_hash"": ""2214d05567999b1ab460b4188c2147f111f5fd688b63355d5261e2431d3e21f2""}, ""features"": {""dtype"": ""float32"", ""has_inf"": false, ""has_nan"": false, ""shape"": [3180, 512], ""summary_hash"": ""25d247ef2169a411705096225600f65b9d6a94d8695f2743d223bd9f7c86dbfc""}}",features,"[3180, 512]",float32,False,False,25d247ef2169a411705096225600f65b9d6a94d8695f2743d223bd9f7c86dbfc,"[3180, 2]",2214d05567999b1ab460b4188c2147f111f5fd688b63355d5261e2431d3e21f2
2474188-B2.h5,features_biomedclip_20x/2474188-B2.h5,8868907,e4b7b60345f2c46d4cc690bd7f12c323c5d13f96e630a2bb76e14c5933f2c722,2026-01-07T11:34:31.306045,"[""coords"", ""features""]","{""coords"": {""dtype"": ""int64"", ""has_inf"": false, ""has_nan"": false, ""shape"": [4656, 2], ""summary_hash"": ""af89f8a2f6cf09927882b8ece7bfe30f133411a036e9810f81f76ff3a4de9a30""}, ""features"": {""dtype"": ""float32"", ""has_inf"": false, ""has_nan"": false, ""shape"": [4656, 512], ""summary_hash"": ""e59f995579a55187807754fc877745a7a8f1398d35efb99e06925d4c9a94f409""}}",features,"[4656, 512]",float32,False,False,e59f995579a55187807754fc877745a7a8f1398d35efb99e06925d4c9a94f409,"[4656, 2]",af89f8a2f6cf09927882b8ece7bfe30f133411a036e9810f81f76ff3a4de9a30
2474189-B7.h5,features_biomedclip_20x/2474189-B7.h5,1610631,a5e51d1ed566c0120695a627dda85932b737366afcba52df1fee0b1bd9ff376d,2026-01-07T11:34:18.653090,"[""coords"", ""features""]","{""coords"": {""dtype"": ""int64"", ""has_inf"": false, ""has_nan"": false, ""shape"": [844, 2], ""summary_hash"": ""8030d0fc5d9878b90ef087cbea933d8809d206ef02b36d6717ade418ee6883ab""}, ""features"": {""dtype"": ""float32"", ""has_inf"": false, ""has_nan"": false, ""shape"": [844, 512], ""summary_hash"": ""8c860e4f78ca2bbeacc962617433a15a8bc0246932d2698493568fb46b59fbfb""}}",features,"[844, 512]",float32,False,False,8c860e4f78ca2bbeacc962617433a15a8bc0246932d2698493568fb46b59fbfb,"[844, 2]",8030d0fc5d9878b90ef087cbea933d8809d206ef02b36d6717ade418ee6883ab
2474291-B2.h5,features_biomedclip_20x/2474291-B2.h5,8880528,7af8ffe1e1dfb87c81c8a0268ac7bb4bfe74d3d724b39716c198331023bda385,2026-01-07T11:34:42.021007,"[""coords"", ""features""]","{""coords"": {""dtype"": ""int64"", ""has_inf"": false, ""has_nan"": false, ""shape"": [4662, 2], ""summary_hash"": ""a50bcbacb080adfdd472b8734691545755d92f7d88a3c6dba86fb92db18fc348""}, ""features"": {""dtype"": ""float32"", ""has_inf"": false, ""has_nan"": false, ""shape"": [4662, 512], ""summary_hash"": ""2f12aeb0af2e99c01041eca9ddd0a4d8aa08fc1da3cade453149b6d548f1ed16""}}",features,"[4662, 512]",float32,False,False,2f12aeb0af2e99c01041eca9ddd0a4d8aa08fc1da3cade453149b6d548f1ed16,"[4662, 2]",a50bcbacb080adfdd472b8734691545755d92f7d88a3c6dba86fb92db18fc348
2474337-B3.h5,features_biomedclip_20x/2474337-B3.h5,8321177,b4bd3df3ca6733fc1ad22b35343eb4a7ac49d94c9238cd87409ad68671e2c55e,2026-01-07T11:34:45.225995,"[""coords"", ""features""]","{""coords"": {""dtype"": ""int64"", ""has_inf"": false, ""has_nan"": false, ""shape"": [4367, 2], ""summary_hash"": ""de2654b842572c8e6eeba86bd5854d691875821677b2e8af1206531b102d4b59""}, ""features"": {""dtype"": ""float32"", ""has_inf"": false, ""has_nan"": false, ""shape"": [4367, 512], ""summary_hash"": ""2b9703d27cdd24f0fcf57266923015ebce218308700317544d765d13ad8c06e2""}}",features,"[4367, 512]",float32,False,False,2b9703d27cdd24f0fcf57266923015ebce218308700317544d765d13ad8c06e2,"[4367, 2]",de2654b842572c8e6eeba86bd5854d691875821677b2e8af1206531b102d4b59
2474500-B2.h5,features_biomedclip_20x/2474500-B2.h5,7204789,4a36d19cbd8626fe6496f46d3214abf70d7e11af66b547b852eb37b71132271f,2026-01-07T11:34:29.282052,"[""coords"", ""features""]","{""coords"": {""dtype"": ""int64"", ""has_inf"": false, ""has_nan"": false, ""shape"": [3784, 2], ""summary_hash"": ""612441bcd96e1c14262880fa978adb252b28648c4f3ab3fc540fa3712f3bc7ea""}, ""features"": {""dtype"": ""float32"", ""has_inf"": false, ""has_nan"": false, ""shape"": [3784, 512], ""summary_hash"": ""1926d3447c056f2bc5fc5b89f47a468d20e5f80c01508f92848c835489f0db8f""}}",features,"[3784, 512]",float32,False,False,1926d3447c056f2bc5fc5b89f47a468d20e5f80c01508f92848c835489f0db8f,"[3784, 2]",612441bcd96e1c14262880fa978adb252b28648c4f3ab3fc540fa3712f3bc7ea
2474612-B2.h5,features_biomedclip_20x/2474612-B2.h5,7468159,b3935e3575d450e1c0fd0a80f9ada9cb14be8c119294a2432c2fd80e90285350,2026-01-07T11:34:40.353013,"[""coords"", ""features""]","{""coords"": {""dtype"": ""int64"", ""has_inf"": false, ""has_nan"": false, ""shape"": [3923, 2], ""summary_hash"": ""a70c6c0ef5797682f3fb0dea23b2c439eaf6544ec67aab9e6ca5e32a5a8fbaaa""}, ""features"": {""dtype"": ""float32"", ""has_inf"": false, ""has_nan"": false, ""shape"": [3923, 512], ""summary_hash"": ""110858309aaf3a8a3b335701283eef25237689225054367bf9dfe0b4bafc5bdb""}}",features,"[3923, 512]",float32,False,False,110858309aaf3a8a3b335701283eef25237689225054367bf9dfe0b4bafc5bdb,"[3923, 2]",a70c6c0ef5797682f3fb0dea23b2c439eaf6544ec67aab9e6ca5e32a5a8fbaaa
2474626-B2.h5,features_biomedclip_20x/2474626-B2.h5,5757232,7b091e491feafceb1ac9ee6045a0b1d0d0f54d5e99917c4dbac6687bcbb55445,2026-01-07T11:34:17.636093,"[""coords"", ""features""]","{""coords"": {""dtype"": ""int64"", ""has_inf"": false, ""has_nan"": false, ""shape"": [3019, 2], ""summary_hash"": ""f3898d87896d113066e87576781742ed73ff3561586559da67e6a3fd1943779e""}, ""features"": {""dtype"": ""float32"", ""has_inf"": false, ""has_nan"": false, ""shape"": [3019, 512], ""summary_hash"": ""1e028dc310a65ed5e64104ef6debc0b955cc1d2fbc2d88fc8db7bb5cd38da734""}}",features,"[3019, 512]",float32,False,False,1e028dc310a65ed5e64104ef6debc0b955cc1d2fbc2d88fc8db7bb5cd38da734,"[3019, 2]",f3898d87896d113066e87576781742ed73ff3561586559da67e6a3fd1943779e
2474631-B3.h5,features_biomedclip_20x/2474631-B3.h5,7813843,e41a43f4e411fc17eb8fd692813dde6b6a0fb732c5429a1c59f2d6d90cbc0c4c,2026-01-07T11:34:23.200074,"[""coords"", ""features""]","{""coords"": {""dtype"": ""int64"", ""has_inf"": false, ""has_nan"": false, ""shape"": [4105, 2], ""summary_hash"": ""776e395a36858ee453d379f4374960254338c8bfe00afed5ac73629404b48baa""}, ""features"": {""dtype"": ""float32"", ""has_inf"": false, ""has_nan"": false, ""shape"": [4105, 512], ""summary_hash"": ""0e37c7b592916d37011f06ea099a2d13558106fef7b15aabb198b7f5a1c0e081""}}",features,"[4105, 512]",float32,False,False,0e37c7b592916d37011f06ea099a2d13558106fef7b15aabb198b7f5a1c0e081,"[4105, 2]",776e395a36858ee453d379f4374960254338c8bfe00afed5ac73629404b48baa
2474638-B3.h5,features_biomedclip_20x/2474638-B3.h5,4289379,06f214cda4737f9506267c74a9bda803f651433e8eb843f7c690e8ff2197bc7e,2026-01-07T11:34:41.599008,"[""coords"", ""features""]","{""coords"": {""dtype"": ""int64"", ""has_inf"": false, ""has_nan"": false, ""shape"": [2249, 2], ""summary_hash"": ""6e7f48407d7039d33df11f2e6235b871972466b01b185b2fcba688a1620a62a4""}, ""features"": {""dtype"": ""float32"", ""has_inf"": false, ""has_nan"": false, ""shape"": [2249, 512], ""summary_hash"": ""c0e842e9e5fe2d7809a8ba6a169361e6d7ea5a59e59b22d3ddbbab6fb6c14c61""}}",features,"[2249, 512]",float32,False,False,c0e842e9e5fe2d7809a8ba6a169361e6d7ea5a59e59b22d3ddbbab6fb6c14c61,"[2249, 2]",6e7f48407d7039d33df11f2e6235b871972466b01b185b2fcba688a1620a62a4
2474704-B2.h5,features_biomedclip_20x/2474704-B2.h5,4031125,92980d5712c112648e20c1ba31fa5c55b566c1e5fdba39f8c0c97df168531362,2026-01-07T11:34:17.184095,"[""coords"", ""features""]","{""coords"": {""dtype"": ""int64"", ""has_inf"": false, ""has_nan"": false, ""shape"": [2111, 2], ""summary_hash"": ""bfacb62f661a39e42200654ce9b2942bacc23c119987a5bc213c11641914e6c8""}, ""features"": {""dtype"": ""float32"", ""has_inf"": false, ""has_nan"": false, ""shape"": [2111, 512], ""summary_hash"": ""cd6e68243c365ca6243c808f993b4fe46b8aea970afd66da83006d44b325fea5""}}",features,"[2111, 512]",float32,False,False,cd6e68243c365ca6243c808f993b4fe46b8aea970afd66da83006d44b325fea5,"[2111, 2]",bfacb62f661a39e42200654ce9b2942bacc23c119987a5bc213c11641914e6c8
2474718-B4.h5,features_biomedclip_20x/2474718-B4.h5,4053088,339a452c84489814b7b6eb6d8abfd1b0073a2f86430d072f19486ddd6559849a,2026-01-07T11:34:44.678997,"[""coords"", ""features""]","{""coords"": {""dtype"": ""int64"", ""has_inf"": false, ""has_nan"": false, ""shape"": [2123, 2], ""summary_hash"": ""cbfe5a93e732a7f4653d5ca8043d8d210fb4aeff2789502781c80ed3e65ada53""}, ""features"": {""dtype"": ""float32"", ""has_inf"": false, ""has_nan"": false, ""shape"": [2123, 512], ""summary_hash"": ""c23b1b603110f086677a6dbb54f8e563ca833ae36bb21149158d071a83b1bc0f""}}",features,"[2123, 512]",float32,False,False,c23b1b603110f086677a6dbb54f8e563ca833ae36bb21149158d071a83b1bc0f,"[2123, 2]",cbfe5a93e732a7f4653d5ca8043d8d210fb4aeff2789502781c80ed3e65ada53
2474721-B.h5,features_biomedclip_20x/2474721-B.h5,8660340,2a5cb00da7b606074a72823e3b46a420e061c5cc73a4b46a25c8206814541c4d,2026-01-07T11:34:27.123060,"[""coords"", ""features""]","{""coords"": {""dtype"": ""int64"", ""has_inf"": false, ""has_nan"": false, ""shape"": [4548, 2], ""summary_hash"": ""38cf110df5abe76b8e9ab7d74926634d95fafeb7283c0ec0560ababb0d3cc779""}, ""features"": {""dtype"": ""float32"", ""has_inf"": false, ""has_nan"": false, ""shape"": [4548, 512], ""summary_hash"": ""1ffbb7a9b9133a2429b0225316f5009215cfc39a0064d39d539c6808837dc09d""}}",features,"[4548, 512]",float32,False,False,1ffbb7a9b9133a2429b0225316f5009215cfc39a0064d39d539c6808837dc09d,"[4548, 2]",38cf110df5abe76b8e9ab7d74926634d95fafeb7283c0ec0560ababb0d3cc779
2474739-B2.h5,features_biomedclip_20x/2474739-B2.h5,9001287,a41cd753b0283c8afe9f7439372d41e24581fddafef1d7d2cc8bce4f94797991,2026-01-07T11:34:59.454944,"[""coords"", ""features""]","{""coords"": {""dtype"": ""int64"", ""has_inf"": false, ""has_nan"": false, ""shape"": [4727, 2], ""summary_hash"": ""101dc1c43458be55b6d713b65235d783d6bb39a3bf2cb06f47837a3ce15ec044""}, ""features"": {""dtype"": ""float32"", ""has_inf"": false, ""has_nan"": false, ""shape"": [4727, 512], ""summary_hash"": ""ecf45c4b6088c7b31d72478f0d2820b9a49adf7e44d1253ee66b7b996040d3e1""}}",features,"[4727, 512]",float32,False,False,ecf45c4b6088c7b31d72478f0d2820b9a49adf7e44d1253ee66b7b996040d3e1,"[4727, 2]",101dc1c43458be55b6d713b65235d783d6bb39a3bf2cb06f47837a3ce15ec044
2474901-B.h5,features_biomedclip_20x/2474901-B.h5,6904724,c3fa26a510a8bfca0d0dcb61c6ad548bf6adf309b0253432cd548b671149547d,2026-01-07T11:34:44.519998,"[""coords"", ""features""]","{""coords"": {""dtype"": ""int64"", ""has_inf"": false, ""has_nan"": false, ""shape"": [3626, 2], ""summary_hash"": ""f0371c87d7d467f9e04bff0f6b74c9c597d069c80f4629dc0867530709ad0b91""}, ""features"": {""dtype"": ""float32"", ""has_inf"": false, ""has_nan"": false, ""shape"": [3626, 512], ""summary_hash"": ""c577bd0f103759bea858dd1b3dc5687d735285b7ac35d5e4b089b4d3518a7de4""}}",features,"[3626, 512]",float32,False,False,c577bd0f103759bea858dd1b3dc5687d735285b7ac35d5e4b089b4d3518a7de4,"[3626, 2]",f0371c87d7d467f9e04bff0f6b74c9c597d069c80f4629dc0867530709ad0b91
2475011-B2.h5,features_biomedclip_20x/2475011-B2.h5,5050101,09c5818eafcf15e3e5e26b759524ee9dfb794f8e3e4ec5c84edbc23276fc5e6c,2026-01-07T11:34:41.985007,"[""coords"", ""features""]","{""coords"": {""dtype"": ""int64"", ""has_inf"": false, ""has_nan"": false, ""shape"": [2646, 2], ""summary_hash"": ""d79429b80a5162d1e4ca6a4982fc3ec01846016ffa20d37e08eea6b645abef8a""}, ""features"": {""dtype"": ""float32"", ""has_inf"": false, ""has_nan"": false, ""shape"": [2646, 512], ""summary_hash"": ""e10872c1afe60db03e17be910a1f59134a06302d9844dc334d018718e9006342""}}",features,"[2646, 512]",float32,False,False,e10872c1afe60db03e17be910a1f59134a06302d9844dc334d018718e9006342,"[2646, 2]",d79429b80a5162d1e4ca6a4982fc3ec01846016ffa20d37e08eea6b645abef8a
2475022-B.h5,features_biomedclip_20x/2475022-B.h5,6239568,4dad1a0a6ba70de239db0a60f3a076e5a6d24328f09789483bf7c7fb4e7664e9,2026-01-07T11:34:29.631051,"[""coords"", ""features""]","{""coords"": {""dtype"": ""int64"", ""has_inf"": false, ""has_nan"": false, ""shape"": [3274, 2], ""summary_hash"": ""f5b541d85a144022620011dc48c8dd3a8ded7a9f52d7b47cf9adacf4a675c501""}, ""features"": {""dtype"": ""float32"", ""has_inf"": false, ""has_nan"": false, ""shape"": [3274, 512], ""summary_hash"": ""af19a5408c49ec66aab6f8cc2cc55ff3fe21b6b8a29586b25599ae4c40e8d2e5""}}",features,"[3274, 512]",float32,False,False,af19a5408c49ec66aab6f8cc2cc55ff3fe21b6b8a29586b25599ae4c40e8d2e5,"[3274, 2]",f5b541d85a144022620011dc48c8dd3a8ded7a9f52d7b47cf9adacf4a675c501
2475126-B2.h5,features_biomedclip_20x/2475126-B2.h5,6353360,7c497fa5f929fbe1fcf1fd924c8e313908d1bdc0fb92861baa42b30f3c78c084,2026-01-07T11:35:04.490926,"[""coords"", ""features""]","{""coords"": {""dtype"": ""int64"", ""has_inf"": false, ""has_nan"": false, ""shape"": [3334, 2], ""summary_hash"": ""ca672d0110537050f6fd5c7e9aa5702c33b6c4dc9610a71fc8a9c0fb5ea17664""}, ""features"": {""dtype"": ""float32"", ""has_inf"": false, ""has_nan"": false, ""shape"": [3334, 512], ""summary_hash"": ""cfbb7615de1284efde2a05ded32c8f01d6c22991ba3e52eaede7e5190e250a07""}}",features,"[3334, 512]",float32,False,False,cfbb7615de1284efde2a05ded32c8f01d6c22991ba3e52eaede7e5190e250a07,"[3334, 2]",ca672d0110537050f6fd5c7e9aa5702c33b6c4dc9610a71fc8a9c0fb5ea17664
2475159-B.h5,features_biomedclip_20x/2475159-B.h5,4941057,81e46f4267df654448c55b9997b8efd069470ef21f00161da55634617ba51a26,2026-01-07T11:35:05.525923,"[""coords"", ""features""]","{""coords"": {""dtype"": ""int64"", ""has_inf"": false, ""has_nan"": false, ""shape"": [2588, 2], ""summary_hash"": ""d18d8b2ac14ce5168e8a4a50f9367118992be835af62f6265e5d70695b7e02d0""}, ""features"": {""dtype"": ""float32"", ""has_inf"": false, ""has_nan"": false, ""shape"": [2588, 512], ""summary_hash"": ""dff77ca118f72abe50c60e0677f0f61060cb89a41fb014cd2a9d7828ec00c316""}}",features,"[2588, 512]",float32,False,False,dff77ca118f72abe50c60e0677f0f61060cb89a41fb014cd2a9d7828ec00c316,"[2588, 2]",d18d8b2ac14ce5168e8a4a50f9367118992be835af62f6265e5d70695b7e02d0
2475184-B2.h5,features_biomedclip_20x/2475184-B2.h5,6179392,228c97e32aa30144bf98d1738a9765b2123b0ac0ff232abf8241a7c435df7c0b,2026-01-07T11:34:17.818093,"[""coords"", ""features""]","{""coords"": {""dtype"": ""int64"", ""has_inf"": false, ""has_nan"": false, ""shape"": [3242, 2], ""summary_hash"": ""fa58a0547b2d527bf4074c6d0123e0026d29ebae5697caba5f8dbcecc6c86e9b""}, ""features"": {""dtype"": ""float32"", ""has_inf"": false, ""has_nan"": false, ""shape"": [3242, 512], ""summary_hash"": ""60219bff9ae0702d0974ea280932fbec6fb2ad1752fa3ee40989b9c3d2f57bd2""}}",features,"[3242, 512]",float32,False,False,60219bff9ae0702d0974ea280932fbec6fb2ad1752fa3ee40989b9c3d2f57bd2,"[3242, 2]",fa58a0547b2d527bf4074c6d0123e0026d29ebae5697caba5f8dbcecc6c86e9b
2475349-B2.h5,features_biomedclip_20x/2475349-B2.h5,3550577,17ef875990318fc3e0c4f4ef45296c95077cc22aa7a9e44d92abaa7cc26226ca,2026-01-07T11:34:25.277066,"[""coords"", ""features""]","{""coords"": {""dtype"": ""int64"", ""has_inf"": false, ""has_nan"": false, ""shape"": [1861, 2], ""summary_hash"": ""e336383fbae118fb080f6084a1f060f47b30f6b0a41a66f53ecedc595c757b9b""}, ""features"": {""dtype"": ""float32"", ""has_inf"": false, ""has_nan"": false, ""shape"": [1861, 512], ""summary_hash"": ""ed11d1de8ebb6f23c7d1bf5efe2be69e973bdacd142b97bd61021dcd391006c1""}}",features,"[1861, 512]",float32,False,False,ed11d1de8ebb6f23c7d1bf5efe2be69e973bdacd142b97bd61021dcd391006c1,"[1861, 2]",e336383fbae118fb080f6084a1f060f47b30f6b0a41a66f53ecedc595c757b9b
2476242-B2.h5,features_biomedclip_20x/2476242-B2.h5,6668687,00b523da88fa05627f531eb20da77ad2104251948be38a5c67bd8dc1cd4352ae,2026-01-07T11:34:29.534051,"[""coords"", ""features""]","{""coords"": {""dtype"": ""int64"", ""has_inf"": false, ""has_nan"": false, ""shape"": [3500, 2], ""summary_hash"": ""d3b8b1b9293e278ee3fdbc40151b13d4851ec6eda58ebfa98da9394a0b5c1b95""}, ""features"": {""dtype"": ""float32"", ""has_inf"": false, ""has_nan"": false, ""shape"": [3500, 512], ""summary_hash"": ""6acdd440f25e4eec62fc3314c0f451da65e7d7ca1409854c38cae34107a93405""}}",features,"[3500, 512]",float32,False,False,6acdd440f25e4eec62fc3314c0f451da65e7d7ca1409854c38cae34107a93405,"[3500, 2]",d3b8b1b9293e278ee3fdbc40151b13d4851ec6eda58ebfa98da9394a0b5c1b95
2476250-B2.h5,features_biomedclip_20x/2476250-B2.h5,2008152,2fe2e5dc8aba517c73d1d5c6f1865ac32c92f5e784a1faa641bfccfb223bb1d9,2026-01-07T11:34:57.651951,"[""coords"", ""features""]","{""coords"": {""dtype"": ""int64"", ""has_inf"": false, ""has_nan"": false, ""shape"": [1047, 2], ""summary_hash"": ""303ce0041a4f6fd915b15f653f2d3ec7fc51b29157111eca066a1f2c0db99681""}, ""features"": {""dtype"": ""float32"", ""has_inf"": false, ""has_nan"": false, ""shape"": [1047, 512], ""summary_hash"": ""1eeefdd6df1caba0130ac28084a5fca51a21d3514fde351025f1f8105c5a1c2b""}}",features,"[1047, 512]",float32,False,False,1eeefdd6df1caba0130ac28084a5fca51a21d3514fde351025f1f8105c5a1c2b,"[1047, 2]",303ce0041a4f6fd915b15f653f2d3ec7fc51b29157111eca066a1f2c0db99681
2476252-B2.h5,features_biomedclip_20x/2476252-B2.h5,3043796,dfbb2b68714a59234e19a0b982fc5479901549740ec7ac7e985ba78d21ec0181,2026-01-07T11:34:44.138999,"[""coords"", ""features""]","{""coords"": {""dtype"": ""int64"", ""has_inf"": false, ""has_nan"": false, ""shape"": [1594, 2], ""summary_hash"": ""f9d774b33b385c0335c20c76979cd19bb78063489b898e245d0a64541fc0df6d""}, ""features"": {""dtype"": ""float32"", ""has_inf"": false, ""has_nan"": false, ""shape"": [1594, 512], ""summary_hash"": ""6ebd0d8bfee419b745dce1b8186b2cf8215dc28f15559ce19bbea736462d6e6d""}}",features,"[1594, 512]",float32,False,False,6ebd0d8bfee419b745dce1b8186b2cf8215dc28f15559ce19bbea736462d6e6d,"[1594, 2]",f9d774b33b385c0335c20c76979cd19bb78063489b898e245d0a64541fc0df6d
2476286-B2.h5,features_biomedclip_20x/2476286-B2.h5,8223714,d63c1df9d82b5c41fed447db5866e06fe82bcfb7cd5d75574856d2ce19cafa40,2026-01-07T11:34:18.392091,"[""coords"", ""features""]","{""coords"": {""dtype"": ""int64"", ""has_inf"": false, ""has_nan"": false, ""shape"": [4315, 2], ""summary_hash"": ""dab07d854794e282f76444eaf862a205c277cf4a8f4a2cd79c7579bc277bd75f""}, ""features"": {""dtype"": ""float32"", ""has_inf"": false, ""has_nan"": false, ""shape"": [4315, 512], ""summary_hash"": ""041c05055791bd239ba3887017e0df7db50317cadc9e7948a5fb545d870ba1cf""}}",features,"[4315, 512]",float32,False,False,041c05055791bd239ba3887017e0df7db50317cadc9e7948a5fb545d870ba1cf,"[4315, 2]",dab07d854794e282f76444eaf862a205c277cf4a8f4a2cd79c7579bc277bd75f
2476295-B3.h5,features_biomedclip_20x/2476295-B3.h5,7105741,bcb47b06d256674c7aa27eeb9eaefaee0d091a4304bbfb1bfca2635b04b8d199,2026-01-07T11:34:50.898975,"[""coords"", ""features""]","{""coords"": {""dtype"": ""int64"", ""has_inf"": false, ""has_nan"": false, ""shape"": [3732, 2], ""summary_hash"": ""5337a513e74790e5f8dfca752e9cee6db3acb01b747408c5de81d379f23c8aa9""}, ""features"": {""dtype"": ""float32"", ""has_inf"": false, ""has_nan"": false, ""shape"": [3732, 512], ""summary_hash"": ""190725c34672a39b3ee3922875d40c804f6ecc588a05faf50a73cdbb9ee76110""}}",features,"[3732, 512]",float32,False,False,190725c34672a39b3ee3922875d40c804f6ecc588a05faf50a73cdbb9ee76110,"[3732, 2]",5337a513e74790e5f8dfca752e9cee6db3acb01b747408c5de81d379f23c8aa9
2476299-B2.h5,features_biomedclip_20x/2476299-B2.h5,5888156,de6a4681033f31b57d26ee445d66835495b9278b595d603aab246dbdbbf8343f,2026-01-07T11:34:48.640983,"[""coords"", ""features""]","{""coords"": {""dtype"": ""int64"", ""has_inf"": false, ""has_nan"": false, ""shape"": [3089, 2], ""summary_hash"": ""fd7e56ca98872224e66150d9105b8a5ea8c50df423b49229414af19a67534f66""}, ""features"": {""dtype"": ""float32"", ""has_inf"": false, ""has_nan"": false, ""shape"": [3089, 512], ""summary_hash"": ""f572460da9a99dc777398e0e40fcb60174d40317c7f4de4893540c11a6857205""}}",features,"[3089, 512]",float32,False,False,f572460da9a99dc777398e0e40fcb60174d40317c7f4de4893540c11a6857205,"[3089, 2]",fd7e56ca98872224e66150d9105b8a5ea8c50df423b49229414af19a67534f66
2476358-B2.h5,features_biomedclip_20x/2476358-B2.h5,5869017,8321d31740c11c1afac40b2e0eb4f9fe819f37b9ee377aa7e26cad38d225059d,2026-01-07T11:34:24.878068,"[""coords"", ""features""]","{""coords"": {""dtype"": ""int64"", ""has_inf"": false, ""has_nan"": false, ""shape"": [3078, 2], ""summary_hash"": ""7108e248c33c3f33497b64dd8f7c123cf9454610ea389f2ec47030c2d7d2a1a3""}, ""features"": {""dtype"": ""float32"", ""has_inf"": false, ""has_nan"": false, ""shape"": [3078, 512], ""summary_hash"": ""daae689a3ff421698e81978eaf7a18a91b4a83af742ae005753e7b49be90761b""}}",features,"[3078, 512]",float32,False,False,daae689a3ff421698e81978eaf7a18a91b4a83af742ae005753e7b49be90761b,"[3078, 2]",7108e248c33c3f33497b64dd8f7c123cf9454610ea389f2ec47030c2d7d2a1a3
2476376-B2.h5,features_biomedclip_20x/2476376-B2.h5,7000374,f7f6f615276979515ba75a6e4e973ada55468cd931d2aaaac2452cd245deeee6,2026-01-07T11:34:32.082042,"[""coords"", ""features""]","{""coords"": {""dtype"": ""int64"", ""has_inf"": false, ""has_nan"": false, ""shape"": [3675, 2], ""summary_hash"": ""7e83b46bca1ca77fd37d5d42a481d77e6a89a497b9ffd1dcf46b370bf2ee2321""}, ""features"": {""dtype"": ""float32"", ""has_inf"": false, ""has_nan"": false, ""shape"": [3675, 512], ""summary_hash"": ""6a779ca688c1f65cfab94693e486a45a665e2d6d061d794efe7a11860d75217e""}}",features,"[3675, 512]",float32,False,False,6a779ca688c1f65cfab94693e486a45a665e2d6d061d794efe7a11860d75217e,"[3675, 2]",7e83b46bca1ca77fd37d5d42a481d77e6a89a497b9ffd1dcf46b370bf2ee2321
2476391-B2.h5,features_biomedclip_20x/2476391-B2.h5,4224631,2bb234f2e4dd6ac63715d364627d56674441a9f43741f492bc57e8afd2e674b0,2026-01-07T11:34:27.748058,"[""coords"", ""features""]","{""coords"": {""dtype"": ""int64"", ""has_inf"": false, ""has_nan"": false, ""shape"": [2214, 2], ""summary_hash"": ""22165a6c2ae5910075594c6efcfd063d3fadb7c87aa762540f05764bec6e68c2""}, ""features"": {""dtype"": ""float32"", ""has_inf"": false, ""has_nan"": false, ""shape"": [2214, 512], ""summary_hash"": ""1bd0fd2580cbf37473392799282fe907e927bc07ef26658bd64463244d50f4eb""}}",features,"[2214, 512]",float32,False,False,1bd0fd2580cbf37473392799282fe907e927bc07ef26658bd64463244d50f4eb,"[2214, 2]",22165a6c2ae5910075594c6efcfd063d3fadb7c87aa762540f05764bec6e68c2
2476681-B2.h5,features_biomedclip_20x/2476681-B2.h5,4369686,526af6c2f6e1955165cf3d77fc9cda4df306afd48c966b130ed0918b0191f0ee,2026-01-07T11:35:07.401916,"[""coords"", ""features""]","{""coords"": {""dtype"": ""int64"", ""has_inf"": false, ""has_nan"": false, ""shape"": [2291, 2], ""summary_hash"": ""4cb7206e9567cfbd4413c1bfde8337a9add6202d8a278a352eaab88cb49677b1""}, ""features"": {""dtype"": ""float32"", ""has_inf"": false, ""has_nan"": false, ""shape"": [2291, 512], ""summary_hash"": ""926552bef689a14fd2fb2a9cff2d8ee705541063fb74ae3f9821625fffd5c58c""}}",features,"[2291, 512]",float32,False,False,926552bef689a14fd2fb2a9cff2d8ee705541063fb74ae3f9821625fffd5c58c,"[2291, 2]",4cb7206e9567cfbd4413c1bfde8337a9add6202d8a278a352eaab88cb49677b1
2476693-B3.h5,features_biomedclip_20x/2476693-B3.h5,5728615,c86d0b26039ef1ef5c7535b9708fd706721d6dd00f87ad572b8db80355f98134,2026-01-07T11:34:41.498008,"[""coords"", ""features""]","{""coords"": {""dtype"": ""int64"", ""has_inf"": false, ""has_nan"": false, ""shape"": [3003, 2], ""summary_hash"": ""262e5b8b1cae54ff8ff11036c2f287d9548e27454b427921c2bede1ebeebe590""}, ""features"": {""dtype"": ""float32"", ""has_inf"": false, ""has_nan"": false, ""shape"": [3003, 512], ""summary_hash"": ""3f40205f9bffa4d7a958e62951fe525a8e6e06fef74c16c5d5e97363e3197e4f""}}",features,"[3003, 512]",float32,False,False,3f40205f9bffa4d7a958e62951fe525a8e6e06fef74c16c5d5e97363e3197e4f,"[3003, 2]",262e5b8b1cae54ff8ff11036c2f287d9548e27454b427921c2bede1ebeebe590
2476750-B.h5,features_biomedclip_20x/2476750-B.h5,8754987,16dbec193db9de08b58cb5fd86e2e4e796b63def404efe9e77ed70aca0d3e11a,2026-01-07T11:34:40.393012,"[""coords"", ""features""]","{""coords"": {""dtype"": ""int64"", ""has_inf"": false, ""has_nan"": false, ""shape"": [4596, 2], ""summary_hash"": ""cb7936ab5974f7a5f20aaa3dc2d17dd927ae51ed7b36f09a148b71a7b8e801fa""}, ""features"": {""dtype"": ""float32"", ""has_inf"": false, ""has_nan"": false, ""shape"": [4596, 512], ""summary_hash"": ""a2073affb9e7495f8425a8821e2515680332fa220a3b2cb32040a11b5d43e2cf""}}",features,"[4596, 512]",float32,False,False,a2073affb9e7495f8425a8821e2515680332fa220a3b2cb32040a11b5d43e2cf,"[4596, 2]",cb7936ab5974f7a5f20aaa3dc2d17dd927ae51ed7b36f09a148b71a7b8e801fa
2476834-B3.h5,features_biomedclip_20x/2476834-B3.h5,8251658,dd661e062f34ada23b2f751aa52cdfa99584706709150c57f72fc1970212fda2,2026-01-07T11:35:02.193935,"[""coords"", ""features""]","{""coords"": {""dtype"": ""int64"", ""has_inf"": false, ""has_nan"": false, ""shape"": [4328, 2], ""summary_hash"": ""f35f918436c1512f63103452bba7d58c5777ddbae86ba86b294d91a6dc920615""}, ""features"": {""dtype"": ""float32"", ""has_inf"": false, ""has_nan"": false, ""shape"": [4328, 512], ""summary_hash"": ""c99b6a006882136252b64f4d9f16bc1e6d3595570902b0c5e95c48c10be49015""}}",features,"[4328, 512]",float32,False,False,c99b6a006882136252b64f4d9f16bc1e6d3595570902b0c5e95c48c10be49015,"[4328, 2]",f35f918436c1512f63103452bba7d58c5777ddbae86ba86b294d91a6dc920615
2476856-B2.h5,features_biomedclip_20x/2476856-B2.h5,6735758,be116a8003eb87cb76bd69a3dd6e0886ca3e7d37cd82314196f9129e02c7624b,2026-01-07T11:34:58.461948,"[""coords"", ""features""]","{""coords"": {""dtype"": ""int64"", ""has_inf"": false, ""has_nan"": false, ""shape"": [3535, 2], ""summary_hash"": ""76ba884bd47606f3eeb544708b0a893adf8b41e93f23c9727f24a3792d99ad66""}, ""features"": {""dtype"": ""float32"", ""has_inf"": false, ""has_nan"": false, ""shape"": [3535, 512], ""summary_hash"": ""00f982e3723a22d833fbd68cb8df88971623b78dd21dd2029791c7a6e3aabe22""}}",features,"[3535, 512]",float32,False,False,00f982e3723a22d833fbd68cb8df88971623b78dd21dd2029791c7a6e3aabe22,"[3535, 2]",76ba884bd47606f3eeb544708b0a893adf8b41e93f23c9727f24a3792d99ad66
2476983-B.h5,features_biomedclip_20x/2476983-B.h5,4335686,9a4fa7a1103b7570264c03a50a11df983a311cfd4494190aa2f6159d6ecb39cd,2026-01-07T11:34:16.082099,"[""coords"", ""features""]","{""coords"": {""dtype"": ""int64"", ""has_inf"": false, ""has_nan"": false, ""shape"": [2273, 2], ""summary_hash"": ""e16f7f1b2cffbfce197cae1ae044f4ed20f226f1d343ec3498619cce10c2950f""}, ""features"": {""dtype"": ""float32"", ""has_inf"": false, ""has_nan"": false, ""shape"": [2273, 512], ""summary_hash"": ""61364000da299ff9be097d232987fe56a78f5e6bdf96cb30de68d8e3fb28b02a""}}",features,"[2273, 512]",float32,False,False,61364000da299ff9be097d232987fe56a78f5e6bdf96cb30de68d8e3fb28b02a,"[2273, 2]",e16f7f1b2cffbfce197cae1ae044f4ed20f226f1d343ec3498619cce10c2950f
2476984-B2.h5,features_biomedclip_20x/2476984-B2.h5,2053538,af1a2dab30af1176bcc4cbf59e62f7173fbcdb6eace132e6b069d1ee6fa25c59,2026-01-07T11:35:07.201917,"[""coords"", ""features""]","{""coords"": {""dtype"": ""int64"", ""has_inf"": false, ""has_nan"": false, ""shape"": [1070, 2], ""summary_hash"": ""8433fed15ba5438addd926df719127266aca07e85a8e2198370ed7a12b9b43e1""}, ""features"": {""dtype"": ""float32"", ""has_inf"": false, ""has_nan"": false, ""shape"": [1070, 512], ""summary_hash"": ""7a4cd2993acb1d8c780db956b794546973e5afcc99b67d5c4f0530f147f6f777""}}",features,"[1070, 512]",float32,False,False,7a4cd2993acb1d8c780db956b794546973e5afcc99b67d5c4f0530f147f6f777,"[1070, 2]",8433fed15ba5438addd926df719127266aca07e85a8e2198370ed7a12b9b43e1
2477039-B.h5,features_biomedclip_20x/2477039-B.h5,6725624,1274a9ef654ca5cffabb60797b392c04ea9dd95504f8b8e468db7d6861eeef61,2026-01-07T11:34:23.818071,"[""coords"", ""features""]","{""coords"": {""dtype"": ""int64"", ""has_inf"": false, ""has_nan"": false, ""shape"": [3531, 2], ""summary_hash"": ""a384e6d8279ef10d13b5847172c6b055f3fc3a011669b54c39e40b2599396276""}, ""features"": {""dtype"": ""float32"", ""has_inf"": false, ""has_nan"": false, ""shape"": [3531, 512], ""summary_hash"": ""4a41e5911e19b7049c868fcedba5f15579986901ef415c342512fcacf429d0be""}}",features,"[3531, 512]",float32,False,False,4a41e5911e19b7049c868fcedba5f15579986901ef415c342512fcacf429d0be,"[3531, 2]",a384e6d8279ef10d13b5847172c6b055f3fc3a011669b54c39e40b2599396276
2477053-B3.h5,features_biomedclip_20x/2477053-B3.h5,11120283,dc942fcbb277ce28171e4437334b4337b279efe2e6d7b724b17fcd2e226ed3e6,2026-01-07T11:34:25.395066,"[""coords"", ""features""]","{""coords"": {""dtype"": ""int64"", ""has_inf"": false, ""has_nan"": false, ""shape"": [5849, 2], ""summary_hash"": ""6b25da96d3d48ed7a936506e3033347ab8759e61bf4df2c998ea55a93e36ad15""}, ""features"": {""dtype"": ""float32"", ""has_inf"": false, ""has_nan"": false, ""shape"": [5849, 512], ""summary_hash"": ""4ecf912591a615329b1062244a72ec1162854efea07fd663944ebfdd03740608""}}",features,"[5849, 512]",float32,False,False,4ecf912591a615329b1062244a72ec1162854efea07fd663944ebfdd03740608,"[5849, 2]",6b25da96d3d48ed7a936506e3033347ab8759e61bf4df2c998ea55a93e36ad15
2477058-B2.h5,features_biomedclip_20x/2477058-B2.h5,6441279,95ee9f98479d2c334392c4b81bad0c12aa6a0813336b29b62edb1ecc8f89b9dc,2026-01-07T11:34:56.504955,"[""coords"", ""features""]","{""coords"": {""dtype"": ""int64"", ""has_inf"": false, ""has_nan"": false, ""shape"": [3382, 2], ""summary_hash"": ""0538bc46d9ce28bd0c410580358255d0ad9bcd9dcc18b2e585b849e20f94112f""}, ""features"": {""dtype"": ""float32"", ""has_inf"": false, ""has_nan"": false, ""shape"": [3382, 512], ""summary_hash"": ""25df9ebdcbb9476c19154199735cb50a03c7dcf3e37f9ea683bf610ebffa2d8a""}}",features,"[3382, 512]",float32,False,False,25df9ebdcbb9476c19154199735cb50a03c7dcf3e37f9ea683bf610ebffa2d8a,"[3382, 2]",0538bc46d9ce28bd0c410580358255d0ad9bcd9dcc18b2e585b849e20f94112f
2477118-B3.h5,features_biomedclip_20x/2477118-B3.h5,6089801,018aed4feeae64251b2f1bfcb2f57027a956929ef690403c501822c631406fce,2026-01-07T11:35:07.382916,"[""coords"", ""features""]","{""coords"": {""dtype"": ""int64"", ""has_inf"": false, ""has_nan"": false, ""shape"": [3195, 2], ""summary_hash"": ""5d6fd610eeee4213672e4980eff1d12026a8a5892561f442e96484414d979172""}, ""features"": {""dtype"": ""float32"", ""has_inf"": false, ""has_nan"": false, ""shape"": [3195, 512], ""summary_hash"": ""5f3df07f90d5a3cc0baac637a79780403d19c4b36b65cffff23300f479ea380b""}}",features,"[3195, 512]",float32,False,False,5f3df07f90d5a3cc0baac637a79780403d19c4b36b65cffff23300f479ea380b,"[3195, 2]",5d6fd610eeee4213672e4980eff1d12026a8a5892561f442e96484414d979172
2477118-B4.h5,features_biomedclip_20x/2477118-B4.h5,4506728,c16f00b71a9f5ca6537bd778d196a50184758e8fd4713a79402f7d2c458dabf0,2026-01-07T11:34:49.998978,"[""coords"", ""features""]","{""coords"": {""dtype"": ""int64"", ""has_inf"": false, ""has_nan"": false, ""shape"": [2364, 2], ""summary_hash"": ""2a64cd575a1c97cd82f3bd249e3f979667ec68dc02f3a08a6d5cf5aaa069a077""}, ""features"": {""dtype"": ""float32"", ""has_inf"": false, ""has_nan"": false, ""shape"": [2364, 512], ""summary_hash"": ""07b3f1408f04b4498c564127ccd9f3e4878c84d804ecd9bffaa79022d4519d23""}}",features,"[2364, 512]",float32,False,False,07b3f1408f04b4498c564127ccd9f3e4878c84d804ecd9bffaa79022d4519d23,"[2364, 2]",2a64cd575a1c97cd82f3bd249e3f979667ec68dc02f3a08a6d5cf5aaa069a077
2477189-B2.h5,features_biomedclip_20x/2477189-B2.h5,8225656,1634208c44db6784bbf20beb3a99797137661f6557e649ac15392b5be7128c39,2026-01-07T11:34:43.026003,"[""coords"", ""features""]","{""coords"": {""dtype"": ""int64"", ""has_inf"": false, ""has_nan"": false, ""shape"": [4316, 2], ""summary_hash"": ""afcf43ec8aa5ea3f718dc8c39a76265c033a677d5161ba59a58143dcc78fecdc""}, ""features"": {""dtype"": ""float32"", ""has_inf"": false, ""has_nan"": false, ""shape"": [4316, 512], ""summary_hash"": ""bdf0eef3917e3e75ebf491c4b6a9d8a7d8a4b4009089250af9a16eeedb8a9e59""}}",features,"[4316, 512]",float32,False,False,bdf0eef3917e3e75ebf491c4b6a9d8a7d8a4b4009089250af9a16eeedb8a9e59,"[4316, 2]",afcf43ec8aa5ea3f718dc8c39a76265c033a677d5161ba59a58143dcc78fecdc
2477189-B3.h5,features_biomedclip_20x/2477189-B3.h5,3385860,9a0127300721bdd7c79bb6b6b34c426a269ab7a95d5583c272940c34d0cf14aa,2026-01-07T11:34:45.617994,"[""coords"", ""features""]","{""coords"": {""dtype"": ""int64"", ""has_inf"": false, ""has_nan"": false, ""shape"": [1775, 2], ""summary_hash"": ""1a5d247a8fc44d9b2c1c7e00960180e5f1704b95f2cefa16185ac30e065e1047""}, ""features"": {""dtype"": ""float32"", ""has_inf"": false, ""has_nan"": false, ""shape"": [1775, 512], ""summary_hash"": ""9f3dc274ff838c6c377bedad205e229cef47c97075b07f6b71a1ce8d60131e2c""}}",features,"[1775, 512]",float32,False,False,9f3dc274ff838c6c377bedad205e229cef47c97075b07f6b71a1ce8d60131e2c,"[1775, 2]",1a5d247a8fc44d9b2c1c7e00960180e5f1704b95f2cefa16185ac30e065e1047
2477274-B3.h5,features_biomedclip_20x/2477274-B3.h5,3197490,e93863dc63ad13650878db2e7d24bbf06736a026f7940e032fab6454f9dc1941,2026-01-07T11:34:25.144067,"[""coords"", ""features""]","{""coords"": {""dtype"": ""int64"", ""has_inf"": false, ""has_nan"": false, ""shape"": [1675, 2], ""summary_hash"": ""a33434d5e2576768026cedd89c7b9ba6ec280bce59f469217ba87abd990bbd16""}, ""features"": {""dtype"": ""float32"", ""has_inf"": false, ""has_nan"": false, ""shape"": [1675, 512], ""summary_hash"": ""1708a2a03c9ca81e3a5c0cf8ec47b8ad8afbd9346ae1a8b89544731e009d898f""}}",features,"[1675, 512]",float32,False,False,1708a2a03c9ca81e3a5c0cf8ec47b8ad8afbd9346ae1a8b89544731e009d898f,"[1675, 2]",a33434d5e2576768026cedd89c7b9ba6ec280bce59f469217ba87abd990bbd16
2477285-B2.h5,features_biomedclip_20x/2477285-B2.h5,5998172,8b5c40fae38f9fc00a4578f57f34ce8e609a408a9a14b0854e5d7f67c107a383,2026-01-07T11:34:21.839079,"[""coords"", ""features""]","{""coords"": {""dtype"": ""int64"", ""has_inf"": false, ""has_nan"": false, ""shape"": [3146, 2], ""summary_hash"": ""0ee9a80e2e8d569beb9626463a8ae2a5f5be19b19dbdd30fadfb4cd7e4ea9ea8""}, ""features"": {""dtype"": ""float32"", ""has_inf"": false, ""has_nan"": false, ""shape"": [3146, 512], ""summary_hash"": ""2c729a531f6b3f389d13b070720f4673a0506561884766f77c6576203dbf2b82""}}",features,"[3146, 512]",float32,False,False,2c729a531f6b3f389d13b070720f4673a0506561884766f77c6576203dbf2b82,"[3146, 2]",0ee9a80e2e8d569beb9626463a8ae2a5f5be19b19dbdd30fadfb4cd7e4ea9ea8
2477299-B2.h5,features_biomedclip_20x/2477299-B2.h5,11392941,56acebdad3efa90dd842483e89bb62210678e3f5f67455500737f02ce0ad6f90,2026-01-07T11:35:05.035924,"[""coords"", ""features""]","{""coords"": {""dtype"": ""int64"", ""has_inf"": false, ""has_nan"": false, ""shape"": [5990, 2], ""summary_hash"": ""93ee486a8799ebd88dfdc177f4e174501b479d1152535a68ddc3d49447ff51c8""}, ""features"": {""dtype"": ""float32"", ""has_inf"": false, ""has_nan"": false, ""shape"": [5990, 512], ""summary_hash"": ""159c43fdb0330fcce4cda0dbc7d01f0ec7b814e0c1d8a3ee8e0d08ba558cb603""}}",features,"[5990, 512]",float32,False,False,159c43fdb0330fcce4cda0dbc7d01f0ec7b814e0c1d8a3ee8e0d08ba558cb603,"[5990, 2]",93ee486a8799ebd88dfdc177f4e174501b479d1152535a68ddc3d49447ff51c8
2477473-B2.h5,features_biomedclip_20x/2477473-B2.h5,8005986,900f135d1cc2acbb713a6df2c17ba74cd944068bcbe318f7815a25b3892b2b39,2026-01-07T11:34:17.928092,"[""coords"", ""features""]","{""coords"": {""dtype"": ""int64"", ""has_inf"": false, ""has_nan"": false, ""shape"": [4199, 2], ""summary_hash"": ""f094b67d650593e7194c6965c59c6b02bff2df9cdbd2b52823156fc1580eca6d""}, ""features"": {""dtype"": ""float32"", ""has_inf"": false, ""has_nan"": false, ""shape"": [4199, 512], ""summary_hash"": ""b957d4633696f714f34ad8accf368d19938813d3ce803d809442cd5dc0d0d25a""}}",features,"[4199, 512]",float32,False,False,b957d4633696f714f34ad8accf368d19938813d3ce803d809442cd5dc0d0d25a,"[4199, 2]",f094b67d650593e7194c6965c59c6b02bff2df9cdbd2b52823156fc1580eca6d
2477476-B2.h5,features_biomedclip_20x/2477476-B2.h5,8732907,c3eb23d1e53f0b3ae021b18dccaa73b6e4568025d91d3b879138be07495666e7,2026-01-07T11:34:49.163981,"[""coords"", ""features""]","{""coords"": {""dtype"": ""int64"", ""has_inf"": false, ""has_nan"": false, ""shape"": [4584, 2], ""summary_hash"": ""a45e268ad715f2f945be508a910d7add9616fb13d61d9fb6b08d7cf1c866180e""}, ""features"": {""dtype"": ""float32"", ""has_inf"": false, ""has_nan"": false, ""shape"": [4584, 512], ""summary_hash"": ""5dbe2fab93323e70ae8c0548859a43ed5efeda61edca3ef14ea414e29a8053a7""}}",features,"[4584, 512]",float32,False,False,5dbe2fab93323e70ae8c0548859a43ed5efeda61edca3ef14ea414e29a8053a7,"[4584, 2]",a45e268ad715f2f945be508a910d7add9616fb13d61d9fb6b08d7cf1c866180e
2477541-B2.h5,features_biomedclip_20x/2477541-B2.h5,3523473,932f72f4f1120b7920655b74315beadbf63d2ae63426b1e117ed831861f88d4b,2026-01-07T11:34:56.985953,"[""coords"", ""features""]","{""coords"": {""dtype"": ""int64"", ""has_inf"": false, ""has_nan"": false, ""shape"": [1847, 2], ""summary_hash"": ""fb526dc6a172fd523cb00fe8ce8d404a804f07c1da478098b2ce5a016ae70ad2""}, ""features"": {""dtype"": ""float32"", ""has_inf"": false, ""has_nan"": false, ""shape"": [1847, 512], ""summary_hash"": ""bd45d100a0c8d04972d6a7c501fbc2b125568c202e19df9e87f5acbf73f5e795""}}",features,"[1847, 512]",float32,False,False,bd45d100a0c8d04972d6a7c501fbc2b125568c202e19df9e87f5acbf73f5e795,"[1847, 2]",fb526dc6a172fd523cb00fe8ce8d404a804f07c1da478098b2ce5a016ae70ad2
2477577-B3.h5,features_biomedclip_20x/2477577-B3.h5,6799469,1b58618425f6d10d3d74f8a81baacabac5a892f1cab2d5a0584d299ca7d229a3,2026-01-07T11:35:07.589915,"[""coords"", ""features""]","{""coords"": {""dtype"": ""int64"", ""has_inf"": false, ""has_nan"": false, ""shape"": [3569, 2], ""summary_hash"": ""0b187c5ebcd9b76192ea08497614588512da161dae9f5037a87a14f6b79c3924""}, ""features"": {""dtype"": ""float32"", ""has_inf"": false, ""has_nan"": false, ""shape"": [3569, 512], ""summary_hash"": ""85a0281a5c5dfdf30c1845e9399ae0a14b3c21096ea3de8b47bbaf3fddf110a8""}}",features,"[3569, 512]",float32,False,False,85a0281a5c5dfdf30c1845e9399ae0a14b3c21096ea3de8b47bbaf3fddf110a8,"[3569, 2]",0b187c5ebcd9b76192ea08497614588512da161dae9f5037a87a14f6b79c3924
2477668-B3.h5,features_biomedclip_20x/2477668-B3.h5,8770477,d34003b58c547a86f255099a84d757e09470f2a71775880d62e2dd5fe04626b1,2026-01-07T11:35:01.259938,"[""coords"", ""features""]","{""coords"": {""dtype"": ""int64"", ""has_inf"": false, ""has_nan"": false, ""shape"": [4604, 2], ""summary_hash"": ""7f8f7efa33cd7bc4740c22d08ff4ae08101a3c35d01299d079262a7a95f32ed9""}, ""features"": {""dtype"": ""float32"", ""has_inf"": false, ""has_nan"": false, ""shape"": [4604, 512], ""summary_hash"": ""a725925631dbdc1992e29ada368f2df978ebad43b51786abe34fc5218acf87ea""}}",features,"[4604, 512]",float32,False,False,a725925631dbdc1992e29ada368f2df978ebad43b51786abe34fc5218acf87ea,"[4604, 2]",7f8f7efa33cd7bc4740c22d08ff4ae08101a3c35d01299d079262a7a95f32ed9
2477670-B2.h5,features_biomedclip_20x/2477670-B2.h5,7019843,f8236f13af8291a728ce93629a56fc6bd027fad74480c0df967a3ef61bc937a9,2026-01-07T11:34:48.215985,"[""coords"", ""features""]","{""coords"": {""dtype"": ""int64"", ""has_inf"": false, ""has_nan"": false, ""shape"": [3685, 2], ""summary_hash"": ""e2fb248494821b0f57345bcaba0f9ae9af3762dd7770134334aa69a25f3c84eb""}, ""features"": {""dtype"": ""float32"", ""has_inf"": false, ""has_nan"": false, ""shape"": [3685, 512], ""summary_hash"": ""9fb570b240f65f2a5ab3ddc7fc31d52e8e3ec170ca64f827954bec50799c9dab""}}",features,"[3685, 512]",float32,False,False,9fb570b240f65f2a5ab3ddc7fc31d52e8e3ec170ca64f827954bec50799c9dab,"[3685, 2]",e2fb248494821b0f57345bcaba0f9ae9af3762dd7770134334aa69a25f3c84eb
2477695-B2.h5,features_biomedclip_20x/2477695-B2.h5,8610206,6a8553b427da4e85b9182cf543ff5a7cf91b120cb5c4b3ec2aa5f1e73f6374b1,2026-01-07T11:35:07.538915,"[""coords"", ""features""]","{""coords"": {""dtype"": ""int64"", ""has_inf"": false, ""has_nan"": false, ""shape"": [4519, 2], ""summary_hash"": ""9a1a74eb803e5e1043aee699c6ca27b6e339bc77b047a6136f07ea098b0f41c0""}, ""features"": {""dtype"": ""float32"", ""has_inf"": false, ""has_nan"": false, ""shape"": [4519, 512], ""summary_hash"": ""18b5caf89dddeb4ea4d810b314cb72b05951d33b479d2679b10993e535244a36""}}",features,"[4519, 512]",float32,False,False,18b5caf89dddeb4ea4d810b314cb72b05951d33b479d2679b10993e535244a36,"[4519, 2]",9a1a74eb803e5e1043aee699c6ca27b6e339bc77b047a6136f07ea098b0f41c0
2477809-B3.h5,features_biomedclip_20x/2477809-B3.h5,5727513,eb39d86bb55dc8a01ca8f6db7ddf676fa498e69d1ec9247e8bf6d62ebffd2b88,2026-01-07T11:34:35.721029,"[""coords"", ""features""]","{""coords"": {""dtype"": ""int64"", ""has_inf"": false, ""has_nan"": false, ""shape"": [3004, 2], ""summary_hash"": ""9b3b2fd2446b4fa6c2de013e0b3ec94f8445ddd4f9e02adb92e902322139c999""}, ""features"": {""dtype"": ""float32"", ""has_inf"": false, ""has_nan"": false, ""shape"": [3004, 512], ""summary_hash"": ""0deb007a2a0a66d32cb8dad94e873319a0a696aaf23142590205cbce16576f3a""}}",features,"[3004, 512]",float32,False,False,0deb007a2a0a66d32cb8dad94e873319a0a696aaf23142590205cbce16576f3a,"[3004, 2]",9b3b2fd2446b4fa6c2de013e0b3ec94f8445ddd4f9e02adb92e902322139c999
2477814-B5.h5,features_biomedclip_20x/2477814-B5.h5,4044977,411be99106d5f092badb7ca1e42dcebeee1213b46a801460817bd09cb751f609,2026-01-07T11:34:59.609944,"[""coords"", ""features""]","{""coords"": {""dtype"": ""int64"", ""has_inf"": false, ""has_nan"": false, ""shape"": [2119, 2], ""summary_hash"": ""444356e7129293f03283b2057c6446024508bf4d78e2e080fead28737eb73b7d""}, ""features"": {""dtype"": ""float32"", ""has_inf"": false, ""has_nan"": false, ""shape"": [2119, 512], ""summary_hash"": ""d676e566224db5c743b2a02b13ecd01c918fdb5205dbc70b2d9219a1ce8d826d""}}",features,"[2119, 512]",float32,False,False,d676e566224db5c743b2a02b13ecd01c918fdb5205dbc70b2d9219a1ce8d826d,"[2119, 2]",444356e7129293f03283b2057c6446024508bf4d78e2e080fead28737eb73b7d
2477926-B4.h5,features_biomedclip_20x/2477926-B4.h5,4090502,1c908cb8162030096166a404c7ddfbdda009ccc093d4499c9700cb9e749943cc,2026-01-07T11:34:19.883085,"[""coords"", ""features""]","{""coords"": {""dtype"": ""int64"", ""has_inf"": false, ""has_nan"": false, ""shape"": [2143, 2], ""summary_hash"": ""7fd29de1bf26e3fd611c24f4b129fca9dd61dd2500041a624ea5c9bd331a8bc3""}, ""features"": {""dtype"": ""float32"", ""has_inf"": false, ""has_nan"": false, ""shape"": [2143, 512], ""summary_hash"": ""40fb3844c7a52ef84578ef1d51657f764272f4bbb2c8fa4cde6793356fd41896""}}",features,"[2143, 512]",float32,False,False,40fb3844c7a52ef84578ef1d51657f764272f4bbb2c8fa4cde6793356fd41896,"[2143, 2]",7fd29de1bf26e3fd611c24f4b129fca9dd61dd2500041a624ea5c9bd331a8bc3
2477941-B2.h5,features_biomedclip_20x/2477941-B2.h5,7504628,49f1bb8510553292a0db8b3109408c98319cfaad52f6f74bf372532fc2ddddc7,2026-01-07T11:34:57.956950,"[""coords"", ""features""]","{""coords"": {""dtype"": ""int64"", ""has_inf"": false, ""has_nan"": false, ""shape"": [3942, 2], ""summary_hash"": ""4f7110dc0d61d9b5d0de43f5b3b6381d44756a7805acf3d7ae82a2f382a91e02""}, ""features"": {""dtype"": ""float32"", ""has_inf"": false, ""has_nan"": false, ""shape"": [3942, 512], ""summary_hash"": ""556cc6cbbecb90029a4490adfb96ce3585738d3bf38918a0571ee8581100cfca""}}",features,"[3942, 512]",float32,False,False,556cc6cbbecb90029a4490adfb96ce3585738d3bf38918a0571ee8581100cfca,"[3942, 2]",4f7110dc0d61d9b5d0de43f5b3b6381d44756a7805acf3d7ae82a2f382a91e02
2477949-B2.h5,features_biomedclip_20x/2477949-B2.h5,5187092,88b10b2827ac994018b41b3be3360deef12294c8a42e364a0c1ebca264a13bc2,2026-01-07T11:34:30.960046,"[""coords"", ""features""]","{""coords"": {""dtype"": ""int64"", ""has_inf"": false, ""has_nan"": false, ""shape"": [2718, 2], ""summary_hash"": ""2cba5c5d93d9450a5459a6d3aac6b5d42c8d9298d185168f2cc6f9892dc7acf4""}, ""features"": {""dtype"": ""float32"", ""has_inf"": false, ""has_nan"": false, ""shape"": [2718, 512], ""summary_hash"": ""97d0421f85296623d4842dd5bf64cda1d453c82184158dd307636168ef9355ad""}}",features,"[2718, 512]",float32,False,False,97d0421f85296623d4842dd5bf64cda1d453c82184158dd307636168ef9355ad,"[2718, 2]",2cba5c5d93d9450a5459a6d3aac6b5d42c8d9298d185168f2cc6f9892dc7acf4
2477977-B3.h5,features_biomedclip_20x/2477977-B3.h5,4904217,d11a12a137b8d30ecb846516846dae2b688fd0844bdfd8dc5d1069ca66615eff,2026-01-07T11:35:06.129921,"[""coords"", ""features""]","{""coords"": {""dtype"": ""int64"", ""has_inf"": false, ""has_nan"": false, ""shape"": [2568, 2], ""summary_hash"": ""a926d604a72c48226a860e17dcefe7df25de8dd54aa97e64759979778c7c6d1c""}, ""features"": {""dtype"": ""float32"", ""has_inf"": false, ""has_nan"": false, ""shape"": [2568, 512], ""summary_hash"": ""a30f6ce17744cca308b1e306a0dd38a1b7a63c8e3b23931ce6a4f7c879f020ff""}}",features,"[2568, 512]",float32,False,False,a30f6ce17744cca308b1e306a0dd38a1b7a63c8e3b23931ce6a4f7c879f020ff,"[2568, 2]",a926d604a72c48226a860e17dcefe7df25de8dd54aa97e64759979778c7c6d1c
2478091-B4.h5,features_biomedclip_20x/2478091-B4.h5,7705512,2c2f87682a665f8b995d921fe5649380c1a6e6bf5c41ebf6b16a6f24c50137e1,2026-01-07T11:35:04.496926,"[""coords"", ""features""]","{""coords"": {""dtype"": ""int64"", ""has_inf"": false, ""has_nan"": false, ""shape"": [4055, 2], ""summary_hash"": ""ad40eb9f081a5656f928feed6309090865c871b47b8c5c3ab60911916eb8c589""}, ""features"": {""dtype"": ""float32"", ""has_inf"": false, ""has_nan"": false, ""shape"": [4055, 512], ""summary_hash"": ""fe564d81bb9b28b800b8f81f10e576eba9a972e71df5bd830953bba7e744be01""}}",features,"[4055, 512]",float32,False,False,fe564d81bb9b28b800b8f81f10e576eba9a972e71df5bd830953bba7e744be01,"[4055, 2]",ad40eb9f081a5656f928feed6309090865c871b47b8c5c3ab60911916eb8c589
2481696-B4.h5,features_biomedclip_20x/2481696-B4.h5,4801174,df7d78b2a9aac1691d6b02f1e40a6b036e700a203186b6d13d0315c162ce814a,2026-01-07T11:34:59.680944,"[""coords"", ""features""]","{""coords"": {""dtype"": ""int64"", ""has_inf"": false, ""has_nan"": false, ""shape"": [2513, 2], ""summary_hash"": ""3b5b7e05d076cf972e6349e135ac4e7e50e0ced5e82a9d7d617ef0e8422ea06e""}, ""features"": {""dtype"": ""float32"", ""has_inf"": false, ""has_nan"": false, ""shape"": [2513, 512], ""summary_hash"": ""ad256dba50959b95577258c4cf0773b9e61e517681ec1d45d6a1e1bd231630a9""}}",features,"[2513, 512]",float32,False,False,ad256dba50959b95577258c4cf0773b9e61e517681ec1d45d6a1e1bd231630a9,"[2513, 2]",3b5b7e05d076cf972e6349e135ac4e7e50e0ced5e82a9d7d617ef0e8422ea06e
2481703-B2.h5,features_biomedclip_20x/2481703-B2.h5,6419487,d95e83fc5807541cf6d7b466a4c832ad43afea9ff98e903f1c10e167bdde4b9d,2026-01-07T11:34:19.264088,"[""coords"", ""features""]","{""coords"": {""dtype"": ""int64"", ""has_inf"": false, ""has_nan"": false, ""shape"": [3370, 2], ""summary_hash"": ""da4dd94098f4842758d4a5ba4a34c5a1e254158c85118f0ab8c30947367b4fd9""}, ""features"": {""dtype"": ""float32"", ""has_inf"": false, ""has_nan"": false, ""shape"": [3370, 512], ""summary_hash"": ""0e2570e9f902dfc1f4dedbdef11bfd2d930fc6fd47e0d282c9cb7d3d4fd064d2""}}",features,"[3370, 512]",float32,False,False,0e2570e9f902dfc1f4dedbdef11bfd2d930fc6fd47e0d282c9cb7d3d4fd064d2,"[3370, 2]",da4dd94098f4842758d4a5ba4a34c5a1e254158c85118f0ab8c30947367b4fd9
2481723-B2.h5,features_biomedclip_20x/2481723-B2.h5,5805317,bf5b962b97a608f1b0223936bef2b7192aaf2df9f9a6b0e6bd7424fdf8694d1f,2026-01-07T11:34:27.226059,"[""coords"", ""features""]","{""coords"": {""dtype"": ""int64"", ""has_inf"": false, ""has_nan"": false, ""shape"": [3045, 2], ""summary_hash"": ""34342cf8c9f1480041993d99ec9198827b0e1784245e15eefaa6115417d1b5a0""}, ""features"": {""dtype"": ""float32"", ""has_inf"": false, ""has_nan"": false, ""shape"": [3045, 512], ""summary_hash"": ""78895ffa1d9f53e6ab144f17d4c14cd2e9513416833077dc6aa2b2955d283a35""}}",features,"[3045, 512]",float32,False,False,78895ffa1d9f53e6ab144f17d4c14cd2e9513416833077dc6aa2b2955d283a35,"[3045, 2]",34342cf8c9f1480041993d99ec9198827b0e1784245e15eefaa6115417d1b5a0
2481750-B2.h5,features_biomedclip_20x/2481750-B2.h5,6751497,c68f91999a731a2f4a5ff2646b17afe5a1690ad68ad073eb6b8b2c9305178896,2026-01-07T11:35:03.015932,"[""coords"", ""features""]","{""coords"": {""dtype"": ""int64"", ""has_inf"": false, ""has_nan"": false, ""shape"": [3545, 2], ""summary_hash"": ""1940b596499edaffa0110071ec8fff842f9de8912bcd130b8478efddda258bbc""}, ""features"": {""dtype"": ""float32"", ""has_inf"": false, ""has_nan"": false, ""shape"": [3545, 512], ""summary_hash"": ""b4c63b9847d432a3d8781083d6fdd808c96da99a6929274e512b44a690446603""}}",features,"[3545, 512]",float32,False,False,b4c63b9847d432a3d8781083d6fdd808c96da99a6929274e512b44a690446603,"[3545, 2]",1940b596499edaffa0110071ec8fff842f9de8912bcd130b8478efddda258bbc
2482055-B2.h5,features_biomedclip_20x/2482055-B2.h5,9317943,d5f577c39fbb9e0944e06f681587e0f10dfba6daf4a178eb0b836c47baa6c33c,2026-01-07T11:34:19.717086,"[""coords"", ""features""]","{""coords"": {""dtype"": ""int64"", ""has_inf"": false, ""has_nan"": false, ""shape"": [4895, 2], ""summary_hash"": ""5e8228e25b8b3f0f8b512ae1269b69dd5884f8a8c7f1292544926a6803797a1a""}, ""features"": {""dtype"": ""float32"", ""has_inf"": false, ""has_nan"": false, ""shape"": [4895, 512], ""summary_hash"": ""03d165b519fb94a01d790862120df9372c8a987baf16ee474d8e1c822fb2f0af""}}",features,"[4895, 512]",float32,False,False,03d165b519fb94a01d790862120df9372c8a987baf16ee474d8e1c822fb2f0af,"[4895, 2]",5e8228e25b8b3f0f8b512ae1269b69dd5884f8a8c7f1292544926a6803797a1a
2482056-B4.h5,features_biomedclip_20x/2482056-B4.h5,5840017,eb728e32a365eb15f7fb64ac051e68d93aa362ed08a655e1d39f6b950304a4b0,2026-01-07T11:34:24.936068,"[""coords"", ""features""]","{""coords"": {""dtype"": ""int64"", ""has_inf"": false, ""has_nan"": false, ""shape"": [3063, 2], ""summary_hash"": ""f716e886ce6b2cc25540da8d03b653ed55312393c2e3a868f3cbe4b07e7228f7""}, ""features"": {""dtype"": ""float32"", ""has_inf"": false, ""has_nan"": false, ""shape"": [3063, 512], ""summary_hash"": ""6f3a35e1d740ead0ae8e0aed7020c651bc54b3d884c83cb33130f8e03c6571e9""}}",features,"[3063, 512]",float32,False,False,6f3a35e1d740ead0ae8e0aed7020c651bc54b3d884c83cb33130f8e03c6571e9,"[3063, 2]",f716e886ce6b2cc25540da8d03b653ed55312393c2e3a868f3cbe4b07e7228f7
2482056-B9.h5,features_biomedclip_20x/2482056-B9.h5,5003336,4b5a46711a359fbffce62402a4429841a8d54f0924cc70bb017b50662ce067da,2026-01-07T11:34:51.879971,"[""coords"", ""features""]","{""coords"": {""dtype"": ""int64"", ""has_inf"": false, ""has_nan"": false, ""shape"": [2621, 2], ""summary_hash"": ""45f2950ff20095162c93d9bed9db90f14459144bbc72f8fe0b6c91e98d654d99""}, ""features"": {""dtype"": ""float32"", ""has_inf"": false, ""has_nan"": false, ""shape"": [2621, 512], ""summary_hash"": ""160606c81fabd06927506f2d2693e541de0343f7d09cab1ac9723c94546c86ef""}}",features,"[2621, 512]",float32,False,False,160606c81fabd06927506f2d2693e541de0343f7d09cab1ac9723c94546c86ef,"[2621, 2]",45f2950ff20095162c93d9bed9db90f14459144bbc72f8fe0b6c91e98d654d99
2482111-B2.h5,features_biomedclip_20x/2482111-B2.h5,11754071,b1a2bd86da094c2db38a8a2ac2113890a94cb343183da554d6dd539516b5488a,2026-01-07T11:34:53.139967,"[""coords"", ""features""]","{""coords"": {""dtype"": ""int64"", ""has_inf"": false, ""has_nan"": false, ""shape"": [6180, 2], ""summary_hash"": ""2fde7edcfdcbcf2639d11b612979584d9ad81f3d8d4d7d2d4d440b474fca3b39""}, ""features"": {""dtype"": ""float32"", ""has_inf"": false, ""has_nan"": false, ""shape"": [6180, 512], ""summary_hash"": ""547b2d1e273a3b1007fd43dc4e4fe7e38505c9646561ca39dca2b870ef03051f""}}",features,"[6180, 512]",float32,False,False,547b2d1e273a3b1007fd43dc4e4fe7e38505c9646561ca39dca2b870ef03051f,"[6180, 2]",2fde7edcfdcbcf2639d11b612979584d9ad81f3d8d4d7d2d4d440b474fca3b39
2482461-B2.h5,features_biomedclip_20x/2482461-B2.h5,7512913,9791ed754cec0dafba8c48752ed94fd5e421741564bab959d7a3848d840755ad,2026-01-07T11:34:37.502023,"[""coords"", ""features""]","{""coords"": {""dtype"": ""int64"", ""has_inf"": false, ""has_nan"": false, ""shape"": [3947, 2], ""summary_hash"": ""c4a4c6e7c494aa674739ec357cf9ae6d526b8a587fbb7e24599bf5ebd1d745f2""}, ""features"": {""dtype"": ""float32"", ""has_inf"": false, ""has_nan"": false, ""shape"": [3947, 512], ""summary_hash"": ""1acc048580dff03358426e049b45cf6bec6924ede707f079183cdc3f386a0e2e""}}",features,"[3947, 512]",float32,False,False,1acc048580dff03358426e049b45cf6bec6924ede707f079183cdc3f386a0e2e,"[3947, 2]",c4a4c6e7c494aa674739ec357cf9ae6d526b8a587fbb7e24599bf5ebd1d745f2
2482483-B2.h5,features_biomedclip_20x/2482483-B2.h5,9408874,05acd01ae007cbdb1a03c37c6caea339f1b0b4e132c91d19420f315b0bcdf521,2026-01-07T11:35:00.604940,"[""coords"", ""features""]","{""coords"": {""dtype"": ""int64"", ""has_inf"": false, ""has_nan"": false, ""shape"": [4942, 2], ""summary_hash"": ""cfa7d761eedae00ff9e1b0a4c5facfec6fc684a436aff98e284f6bd0c72acb6f""}, ""features"": {""dtype"": ""float32"", ""has_inf"": false, ""has_nan"": false, ""shape"": [4942, 512], ""summary_hash"": ""e22621545850033cf9a5e4d136a7531adc24629f3dcc7809da4ad6470da4d9bc""}}",features,"[4942, 512]",float32,False,False,e22621545850033cf9a5e4d136a7531adc24629f3dcc7809da4ad6470da4d9bc,"[4942, 2]",cfa7d761eedae00ff9e1b0a4c5facfec6fc684a436aff98e284f6bd0c72acb6f
2482607-B.h5,features_biomedclip_20x/2482607-B.h5,6697181,99d1f60c786d37db3c8a57954d6ed35f7b0b80c4f56ec8efad0b6b8567f9161d,2026-01-07T11:34:52.993967,"[""coords"", ""features""]","{""coords"": {""dtype"": ""int64"", ""has_inf"": false, ""has_nan"": false, ""shape"": [3517, 2], ""summary_hash"": ""9d25da2ced3201ab351161d1af86690bfa20a0f2d08e3266be5920cf18861d49""}, ""features"": {""dtype"": ""float32"", ""has_inf"": false, ""has_nan"": false, ""shape"": [3517, 512], ""summary_hash"": ""4b3cc9a210130d6c944419403a7ce7fd90ff4ad1dc4615558babd19e80504fc6""}}",features,"[3517, 512]",float32,False,False,4b3cc9a210130d6c944419403a7ce7fd90ff4ad1dc4615558babd19e80504fc6,"[3517, 2]",9d25da2ced3201ab351161d1af86690bfa20a0f2d08e3266be5920cf18861d49
2482883-B2.h5,features_biomedclip_20x/2482883-B2.h5,10742322,135d36f05001a7e03dbc5db3081fedbde2da1609578e08034be6104196bd58eb,2026-01-07T11:35:00.268941,"[""coords"", ""features""]","{""coords"": {""dtype"": ""int64"", ""has_inf"": false, ""has_nan"": false, ""shape"": [5651, 2], ""summary_hash"": ""9a0fdf34076df3082f41f93e4af47144beaeb9927be2731bb9b20b4ee51e5611""}, ""features"": {""dtype"": ""float32"", ""has_inf"": false, ""has_nan"": false, ""shape"": [5651, 512], ""summary_hash"": ""205c0f68c6be278f49f2a03297c06a701224f46a9e4f19e85d0f5765f8b6e2d6""}}",features,"[5651, 512]",float32,False,False,205c0f68c6be278f49f2a03297c06a701224f46a9e4f19e85d0f5765f8b6e2d6,"[5651, 2]",9a0fdf34076df3082f41f93e4af47144beaeb9927be2731bb9b20b4ee51e5611
2482886-B2.h5,features_biomedclip_20x/2482886-B2.h5,7797741,0daa74486e0e067bb52635c979dac3ea52979f32558f946e9859927606834013,2026-01-07T11:34:38.863018,"[""coords"", ""features""]","{""coords"": {""dtype"": ""int64"", ""has_inf"": false, ""has_nan"": false, ""shape"": [4097, 2], ""summary_hash"": ""8242c489fa87d374ce821738a31201515f650b9e57ae96a2adf0d630c343131a""}, ""features"": {""dtype"": ""float32"", ""has_inf"": false, ""has_nan"": false, ""shape"": [4097, 512], ""summary_hash"": ""1d76c75b296564a6d86662a12684c9fcce30c3181ba4b7104610367ba3e7c21c""}}",features,"[4097, 512]",float32,False,False,1d76c75b296564a6d86662a12684c9fcce30c3181ba4b7104610367ba3e7c21c,"[4097, 2]",8242c489fa87d374ce821738a31201515f650b9e57ae96a2adf0d630c343131a
2482896-B2.h5,features_biomedclip_20x/2482896-B2.h5,3582982,39b1639976977582efaa6a83ae24b3d412dbdea7fe14d6da0c40687f5a1a3b07,2026-01-07T11:34:49.355980,"[""coords"", ""features""]","{""coords"": {""dtype"": ""int64"", ""has_inf"": false, ""has_nan"": false, ""shape"": [1878, 2], ""summary_hash"": ""76b8930f1c98aeeb9ad680a8da0044becade2889b9aacfac1a1f25340bcc0100""}, ""features"": {""dtype"": ""float32"", ""has_inf"": false, ""has_nan"": false, ""shape"": [1878, 512], ""summary_hash"": ""9005cf7db6dcfa7b1e529f7ffb7398690ee1abe11358eec4677462fff085d4a8""}}",features,"[1878, 512]",float32,False,False,9005cf7db6dcfa7b1e529f7ffb7398690ee1abe11358eec4677462fff085d4a8,"[1878, 2]",76b8930f1c98aeeb9ad680a8da0044becade2889b9aacfac1a1f25340bcc0100
2482947-B2.h5,features_biomedclip_20x/2482947-B2.h5,4212424,2e2e0d553a67062cc42f44295a5ab631771daa580567547102b86dce4d46cdaf,2026-01-07T11:35:01.516937,"[""coords"", ""features""]","{""coords"": {""dtype"": ""int64"", ""has_inf"": false, ""has_nan"": false, ""shape"": [2208, 2], ""summary_hash"": ""37b344ca06c3fd4e40ca6def2f4011e7bc12b48381f0bd5d9c8f9d52761b33b3""}, ""features"": {""dtype"": ""float32"", ""has_inf"": false, ""has_nan"": false, ""shape"": [2208, 512], ""summary_hash"": ""d79bdae73c0c68c7416529a8404da8f1d9401917e87885baaa7c3343618167f0""}}",features,"[2208, 512]",float32,False,False,d79bdae73c0c68c7416529a8404da8f1d9401917e87885baaa7c3343618167f0,"[2208, 2]",37b344ca06c3fd4e40ca6def2f4011e7bc12b48381f0bd5d9c8f9d52761b33b3
2482952-B2.h5,features_biomedclip_20x/2482952-B2.h5,6336662,7cdd9ffecd3c74cce2a1df5ed8d6e98cd2fa5df38e7f18c33f38a6a664fd6edb,2026-01-07T11:34:45.165995,"[""coords"", ""features""]","{""coords"": {""dtype"": ""int64"", ""has_inf"": false, ""has_nan"": false, ""shape"": [3325, 2], ""summary_hash"": ""1b791eb9bed39fdcb85ee75727977f49e9b69623a0c000fa033975138dc3efa6""}, ""features"": {""dtype"": ""float32"", ""has_inf"": false, ""has_nan"": false, ""shape"": [3325, 512], ""summary_hash"": ""9cdb25ed624506b89ae190da265feb5268c0da109d328a98202b247b77027c73""}}",features,"[3325, 512]",float32,False,False,9cdb25ed624506b89ae190da265feb5268c0da109d328a98202b247b77027c73,"[3325, 2]",1b791eb9bed39fdcb85ee75727977f49e9b69623a0c000fa033975138dc3efa6
2482956-B.h5,features_biomedclip_20x/2482956-B.h5,2542724,59ec8c206049e2c2a974dd63b042eeb745825ad1f47ae6f462a477ef97b747b4,2026-01-07T11:34:31.657044,"[""coords"", ""features""]","{""coords"": {""dtype"": ""int64"", ""has_inf"": false, ""has_nan"": false, ""shape"": [1329, 2], ""summary_hash"": ""1f9ed07dfbac278ce29308c19c74ff7dd391f69ef39321b9b4cdccf0bb98f615""}, ""features"": {""dtype"": ""float32"", ""has_inf"": false, ""has_nan"": false, ""shape"": [1329, 512], ""summary_hash"": ""239a9290353da0860741ffa408f9912e7dbf21cc6d8aa8f7c9c8b856032466af""}}",features,"[1329, 512]",float32,False,False,239a9290353da0860741ffa408f9912e7dbf21cc6d8aa8f7c9c8b856032466af,"[1329, 2]",1f9ed07dfbac278ce29308c19c74ff7dd391f69ef39321b9b4cdccf0bb98f615
2482957-B2.h5,features_biomedclip_20x/2482957-B2.h5,4025073,1d0ecc3991429a441148469812650a160f8d3189b126229c31461199585b0204,2026-01-07T11:34:26.712061,"[""coords"", ""features""]","{""coords"": {""dtype"": ""int64"", ""has_inf"": false, ""has_nan"": false, ""shape"": [2109, 2], ""summary_hash"": ""3c0607c00822b75f4d86568d951e6f67418faeb9a290ec1e95b01679ec4a2910""}, ""features"": {""dtype"": ""float32"", ""has_inf"": false, ""has_nan"": false, ""shape"": [2109, 512], ""summary_hash"": ""5b55c38313c986b90089828ba4c65579b0811783778ecb7c51320bcda28cd825""}}",features,"[2109, 512]",float32,False,False,5b55c38313c986b90089828ba4c65579b0811783778ecb7c51320bcda28cd825,"[2109, 2]",3c0607c00822b75f4d86568d951e6f67418faeb9a290ec1e95b01679ec4a2910
2482962-B2.h5,features_biomedclip_20x/2482962-B2.h5,2551484,9ede92b70dca62911d91e95be06bc40def41aa4335943a67fe09a7fca94b2804,2026-01-07T11:34:36.347027,"[""coords"", ""features""]","{""coords"": {""dtype"": ""int64"", ""has_inf"": false, ""has_nan"": false, ""shape"": [1333, 2], ""summary_hash"": ""b07005eb6f8e555aa76605cb47be1a708cd8b8862358f640693c15d3bcdde44b""}, ""features"": {""dtype"": ""float32"", ""has_inf"": false, ""has_nan"": false, ""shape"": [1333, 512], ""summary_hash"": ""cfb16e1771e9199b9b709b4981df4175c7744d9c057411b1746c7e6cc6ba9962""}}",features,"[1333, 512]",float32,False,False,cfb16e1771e9199b9b709b4981df4175c7744d9c057411b1746c7e6cc6ba9962,"[1333, 2]",b07005eb6f8e555aa76605cb47be1a708cd8b8862358f640693c15d3bcdde44b
2482964-B2.h5,features_biomedclip_20x/2482964-B2.h5,13304654,914ceb6a16d6cc45051f55e3953527e526120109d0994b49f3f841ecbdb6a09f,2026-01-07T11:34:50.009978,"[""coords"", ""features""]","{""coords"": {""dtype"": ""int64"", ""has_inf"": false, ""has_nan"": false, ""shape"": [6988, 2], ""summary_hash"": ""a245f6b2ab7c0fe26d5ccb68fc970737b92196693743a3680179cf813b536126""}, ""features"": {""dtype"": ""float32"", ""has_inf"": false, ""has_nan"": false, ""shape"": [6988, 512], ""summary_hash"": ""ae41749145ab2d69ab2f535e9a3dd07a27c0839d56a2a4f33e1ca9ee0648c3b8""}}",features,"[6988, 512]",float32,False,False,ae41749145ab2d69ab2f535e9a3dd07a27c0839d56a2a4f33e1ca9ee0648c3b8,"[6988, 2]",a245f6b2ab7c0fe26d5ccb68fc970737b92196693743a3680179cf813b536126
2482969-B.h5,features_biomedclip_20x/2482969-B.h5,8231358,04b2340b3aadf2a135086729e9e15e641fe69688a3b3296d27f2e85ef9c4b94c,2026-01-07T11:34:47.929986,"[""coords"", ""features""]","{""coords"": {""dtype"": ""int64"", ""has_inf"": false, ""has_nan"": false, ""shape"": [4318, 2], ""summary_hash"": ""76aec704075ef9fb20ee75c9711cc66001970243ca527407631bdb3adceac7d9""}, ""features"": {""dtype"": ""float32"", ""has_inf"": false, ""has_nan"": false, ""shape"": [4318, 512], ""summary_hash"": ""8331c86745af61261a3df4387dd268b5aeb4d49d9cf79b86d6021b7624095016""}}",features,"[4318, 512]",float32,False,False,8331c86745af61261a3df4387dd268b5aeb4d49d9cf79b86d6021b7624095016,"[4318, 2]",76aec704075ef9fb20ee75c9711cc66001970243ca527407631bdb3adceac7d9
2482992-B.h5,features_biomedclip_20x/2482992-B.h5,6293106,aa53f6f0f1c43ec0d7c3ddfc5f2adb8c037d536988f8c794cdb57b2287eb3519,2026-01-07T11:34:28.020057,"[""coords"", ""features""]","{""coords"": {""dtype"": ""int64"", ""has_inf"": false, ""has_nan"": false, ""shape"": [3302, 2], ""summary_hash"": ""c7221918c78395108a39cab01263b9042da0beca7befe25ed795e8aab86e47b1""}, ""features"": {""dtype"": ""float32"", ""has_inf"": false, ""has_nan"": false, ""shape"": [3302, 512], ""summary_hash"": ""1e1eab779086066ccb501d1bfcb3f2b0101c38f7ca898495f5d4bfa870a64042""}}",features,"[3302, 512]",float32,False,False,1e1eab779086066ccb501d1bfcb3f2b0101c38f7ca898495f5d4bfa870a64042,"[3302, 2]",c7221918c78395108a39cab01263b9042da0beca7befe25ed795e8aab86e47b1
2483014-B4.h5,features_biomedclip_20x/2483014-B4.h5,7481239,bd6b93ce9e9b117c44acff3bb9e36ea9415357d7dabc489d88761b5f7a366ec6,2026-01-07T11:34:36.833025,"[""coords"", ""features""]","{""coords"": {""dtype"": ""int64"", ""has_inf"": false, ""has_nan"": false, ""shape"": [3930, 2], ""summary_hash"": ""46e03383ca5630beed1db22a5c2f0a56c6326f1671542e224ab8636009e0649c""}, ""features"": {""dtype"": ""float32"", ""has_inf"": false, ""has_nan"": false, ""shape"": [3930, 512], ""summary_hash"": ""a90cf4a23042282df8293fb5f4bf05e34382b35260c3db9992530c33ec44bc3e""}}",features,"[3930, 512]",float32,False,False,a90cf4a23042282df8293fb5f4bf05e34382b35260c3db9992530c33ec44bc3e,"[3930, 2]",46e03383ca5630beed1db22a5c2f0a56c6326f1671542e224ab8636009e0649c
2483055-B2.h5,features_biomedclip_20x/2483055-B2.h5,7164035,44dcf8a417b8fcfd52cbdab071cf1400ff0c908b56dd6d50358c15f3e77eb53e,2026-01-07T11:34:29.855050,"[""coords"", ""features""]","{""coords"": {""dtype"": ""int64"", ""has_inf"": false, ""has_nan"": false, ""shape"": [3762, 2], ""summary_hash"": ""3cf6a3158d24f75b2c8fa3cf3804371886e47ff5f864c97b9f0574f32dd31535""}, ""features"": {""dtype"": ""float32"", ""has_inf"": false, ""has_nan"": false, ""shape"": [3762, 512], ""summary_hash"": ""da9912632ce986ac17d1464573801bcaa2c7812610b2f5d2a209a6b0d7f14724""}}",features,"[3762, 512]",float32,False,False,da9912632ce986ac17d1464573801bcaa2c7812610b2f5d2a209a6b0d7f14724,"[3762, 2]",3cf6a3158d24f75b2c8fa3cf3804371886e47ff5f864c97b9f0574f32dd31535
2483073-B3.h5,features_biomedclip_20x/2483073-B3.h5,6106508,7ca6620f740b4b9c691bb1c3231166a88aceb3278340bdbf96e764dc6ee62952,2026-01-07T11:34:53.231967,"[""coords"", ""features""]","{""coords"": {""dtype"": ""int64"", ""has_inf"": false, ""has_nan"": false, ""shape"": [3203, 2], ""summary_hash"": ""b2021fa9256d26f2d5590cacb745ef13a0b77022309fa7cfb389df6d3cefd96e""}, ""features"": {""dtype"": ""float32"", ""has_inf"": false, ""has_nan"": false, ""shape"": [3203, 512], ""summary_hash"": ""9816948462e866c6b2b9a239b61205bfa5049d0f6106299cbd01878c8bb4bdd3""}}",features,"[3203, 512]",float32,False,False,9816948462e866c6b2b9a239b61205bfa5049d0f6106299cbd01878c8bb4bdd3,"[3203, 2]",b2021fa9256d26f2d5590cacb745ef13a0b77022309fa7cfb389df6d3cefd96e
2483211-B2.h5,features_biomedclip_20x/2483211-B2.h5,7675850,b253d6def769c564f8a815a17d2f895e215793d7d4cdbecb27f4524963a47f19,2026-01-07T11:34:29.272052,"[""coords"", ""features""]","{""coords"": {""dtype"": ""int64"", ""has_inf"": false, ""has_nan"": false, ""shape"": [4031, 2], ""summary_hash"": ""d975a5a0dc1131e4b9d18d584a72df61b611a075c571e677ec280bd60f3ad02f""}, ""features"": {""dtype"": ""float32"", ""has_inf"": false, ""has_nan"": false, ""shape"": [4031, 512], ""summary_hash"": ""a7eaa2b1b2d36b13082cd9491523e3178ec16d104f738ec3d7950d2aacf085ed""}}",features,"[4031, 512]",float32,False,False,a7eaa2b1b2d36b13082cd9491523e3178ec16d104f738ec3d7950d2aacf085ed,"[4031, 2]",d975a5a0dc1131e4b9d18d584a72df61b611a075c571e677ec280bd60f3ad02f
2483215-B5.h5,features_biomedclip_20x/2483215-B5.h5,6231907,bf36aab4c2a36233dcfa1b299aa07b1e14301958793ab6fa3f70993c28962418,2026-01-07T11:34:47.711986,"[""coords"", ""features""]","{""coords"": {""dtype"": ""int64"", ""has_inf"": false, ""has_nan"": false, ""shape"": [3269, 2], ""summary_hash"": ""b115f6b4c25443c8bea65c7784df1b8b2641c3d299806d6e5ccae3169bfdcec0""}, ""features"": {""dtype"": ""float32"", ""has_inf"": false, ""has_nan"": false, ""shape"": [3269, 512], ""summary_hash"": ""64d82fdbc7bdca5c6e2fcb05ccab7ec9ce27f2cb754f34837b9e904e6892733c""}}",features,"[3269, 512]",float32,False,False,64d82fdbc7bdca5c6e2fcb05ccab7ec9ce27f2cb754f34837b9e904e6892733c,"[3269, 2]",b115f6b4c25443c8bea65c7784df1b8b2641c3d299806d6e5ccae3169bfdcec0
2483215-B6.h5,features_biomedclip_20x/2483215-B6.h5,8925950,1307f2d2dde49df54858d001a3c126e3ff71ee3aad66504af97f727cdb2f625c,2026-01-07T11:34:53.196967,"[""coords"", ""features""]","{""coords"": {""dtype"": ""int64"", ""has_inf"": false, ""has_nan"": false, ""shape"": [4686, 2], ""summary_hash"": ""d0811794b1e4010076b7ce63fc3f80d05fdc1835d77c7bb3ad9056fc1c4a45f1""}, ""features"": {""dtype"": ""float32"", ""has_inf"": false, ""has_nan"": false, ""shape"": [4686, 512], ""summary_hash"": ""48a0b01ffdb0104b862b7d5868d1864301dd27d89cf46e771bfd3dc1b7afc233""}}",features,"[4686, 512]",float32,False,False,48a0b01ffdb0104b862b7d5868d1864301dd27d89cf46e771bfd3dc1b7afc233,"[4686, 2]",d0811794b1e4010076b7ce63fc3f80d05fdc1835d77c7bb3ad9056fc1c4a45f1
2483220-B1.h5,features_biomedclip_20x/2483220-B1.h5,7424737,eef9de472300021b3784568fda53a5844b2329619e3d4c1d5208ab50f78d19f0,2026-01-07T11:34:53.644965,"[""coords"", ""features""]","{""coords"": {""dtype"": ""int64"", ""has_inf"": false, ""has_nan"": false, ""shape"": [3900, 2], ""summary_hash"": ""18f89785b0a37b52c6591662bbfc3b21762295acba700de9481c7e001ec30c77""}, ""features"": {""dtype"": ""float32"", ""has_inf"": false, ""has_nan"": false, ""shape"": [3900, 512], ""summary_hash"": ""9497d914e534fdd7661147bad2e1e622181176935c767546af2f24347a85cfb7""}}",features,"[3900, 512]",float32,False,False,9497d914e534fdd7661147bad2e1e622181176935c767546af2f24347a85cfb7,"[3900, 2]",18f89785b0a37b52c6591662bbfc3b21762295acba700de9481c7e001ec30c77
2483363-B3.h5,features_biomedclip_20x/2483363-B3.h5,9542359,cdbfe55a201e385a364cbf1c24871ffbec06e2b0d7e2fe3bc818549ab2a6dd5c,2026-01-07T11:34:55.925957,"[""coords"", ""features""]","{""coords"": {""dtype"": ""int64"", ""has_inf"": false, ""has_nan"": false, ""shape"": [5012, 2], ""summary_hash"": ""3bf774fcfb10a7a403ac97f352b64041d26bc9aae359cc1d628ba5d5694e7da4""}, ""features"": {""dtype"": ""float32"", ""has_inf"": false, ""has_nan"": false, ""shape"": [5012, 512], ""summary_hash"": ""054329259f8c6c73a5a3741ad09e5b5e3b6f642a2ff32234685aaf9c66842295""}}",features,"[5012, 512]",float32,False,False,054329259f8c6c73a5a3741ad09e5b5e3b6f642a2ff32234685aaf9c66842295,"[5012, 2]",3bf774fcfb10a7a403ac97f352b64041d26bc9aae359cc1d628ba5d5694e7da4
2483768-B4.h5,features_biomedclip_20x/2483768-B4.h5,3629786,6475df426049ec6cfdb059cd603c4ff508fa3132270e7b7922e6a43007604625,2026-01-07T11:34:39.515016,"[""coords"", ""features""]","{""coords"": {""dtype"": ""int64"", ""has_inf"": false, ""has_nan"": false, ""shape"": [1903, 2], ""summary_hash"": ""78eeb5cbee8edaf024133149783765cfa6dbc4bee1c04c978b3f3646f0735b1b""}, ""features"": {""dtype"": ""float32"", ""has_inf"": false, ""has_nan"": false, ""shape"": [1903, 512], ""summary_hash"": ""727996c6b7644213c86e6736db8e5fa7eddcc2d30ad5949f54c509a2cfc62254""}}",features,"[1903, 512]",float32,False,False,727996c6b7644213c86e6736db8e5fa7eddcc2d30ad5949f54c509a2cfc62254,"[1903, 2]",78eeb5cbee8edaf024133149783765cfa6dbc4bee1c04c978b3f3646f0735b1b
2483846-B.h5,features_biomedclip_20x/2483846-B.h5,5277255,cbc9f08523d372be7bdb8cea6204cc9b16e6b0bfb14d124f0aa831792e6a5d18,2026-01-07T11:34:54.167963,"[""coords"", ""features""]","{""coords"": {""dtype"": ""int64"", ""has_inf"": false, ""has_nan"": false, ""shape"": [2766, 2], ""summary_hash"": ""7b17c6d8bb166d4de9f040d84ca6fd6ee6f4eda58a0b543cd8320686485ab37a""}, ""features"": {""dtype"": ""float32"", ""has_inf"": false, ""has_nan"": false, ""shape"": [2766, 512], ""summary_hash"": ""06857a8df4bdb33f40ce33f2db4d091dc30bcfec66c68c8dd092ae5a90663155""}}",features,"[2766, 512]",float32,False,False,06857a8df4bdb33f40ce33f2db4d091dc30bcfec66c68c8dd092ae5a90663155,"[2766, 2]",7b17c6d8bb166d4de9f040d84ca6fd6ee6f4eda58a0b543cd8320686485ab37a
2483850-B2.h5,features_biomedclip_20x/2483850-B2.h5,4610569,6131b91fa12027a28a485153b3b7e20dc84f92fef32a92fee53e9873ece24a48,2026-01-07T11:35:01.540937,"[""coords"", ""features""]","{""coords"": {""dtype"": ""int64"", ""has_inf"": false, ""has_nan"": false, ""shape"": [2419, 2], ""summary_hash"": ""f41d55d96b836f5e9d8e3cad72e15662fc7538528655af460e9a0f2cf3311311""}, ""features"": {""dtype"": ""float32"", ""has_inf"": false, ""has_nan"": false, ""shape"": [2419, 512], ""summary_hash"": ""84d6db538a18f1f801630225bbaaffd5cfed21f73bffb4310e0f3e685c1ba48e""}}",features,"[2419, 512]",float32,False,False,84d6db538a18f1f801630225bbaaffd5cfed21f73bffb4310e0f3e685c1ba48e,"[2419, 2]",f41d55d96b836f5e9d8e3cad72e15662fc7538528655af460e9a0f2cf3311311
2483862-B2.h5,features_biomedclip_20x/2483862-B2.h5,5105312,3e256f063a0035ae9e4a86804e023ec4651fd1b7e588db128342338ae8d59721,2026-01-07T11:34:32.911039,"[""coords"", ""features""]","{""coords"": {""dtype"": ""int64"", ""has_inf"": false, ""has_nan"": false, ""shape"": [2674, 2], ""summary_hash"": ""928516e55dbd7879b18d98ee0b5a2e03bbc3cc3e144363940ad72064fb02f51e""}, ""features"": {""dtype"": ""float32"", ""has_inf"": false, ""has_nan"": false, ""shape"": [2674, 512], ""summary_hash"": ""e12d788c3b49c535a27df6ab1732611f10a9d89e8d101a15b6f968e7b40c0b45""}}",features,"[2674, 512]",float32,False,False,e12d788c3b49c535a27df6ab1732611f10a9d89e8d101a15b6f968e7b40c0b45,"[2674, 2]",928516e55dbd7879b18d98ee0b5a2e03bbc3cc3e144363940ad72064fb02f51e
2483868-B4.h5,features_biomedclip_20x/2483868-B4.h5,6912728,d6e72f11d2344f82f9b25107f513543bf03933a093ee9a5acead251591cad822,2026-01-07T11:34:57.389952,"[""coords"", ""features""]","{""coords"": {""dtype"": ""int64"", ""has_inf"": false, ""has_nan"": false, ""shape"": [3630, 2], ""summary_hash"": ""50fac0d61287ea9969a6c4f8dfa610019c88e1d2a57f356715b6f4cb96ab0ab0""}, ""features"": {""dtype"": ""float32"", ""has_inf"": false, ""has_nan"": false, ""shape"": [3630, 512], ""summary_hash"": ""b17a4e6a457a200ddfd7513c49d84dc1b47ad036b05f067b85885a0ffa7a3168""}}",features,"[3630, 512]",float32,False,False,b17a4e6a457a200ddfd7513c49d84dc1b47ad036b05f067b85885a0ffa7a3168,"[3630, 2]",50fac0d61287ea9969a6c4f8dfa610019c88e1d2a57f356715b6f4cb96ab0ab0
2483961-B3.h5,features_biomedclip_20x/2483961-B3.h5,5062052,dab890afa034568743a5d9cad94594d035df23488dbe1ad498c0c79e79fde808,2026-01-07T11:34:27.833057,"[""coords"", ""features""]","{""coords"": {""dtype"": ""int64"", ""has_inf"": false, ""has_nan"": false, ""shape"": [2652, 2], ""summary_hash"": ""4cdaed4756f3bc18c775f928b85b18604ce3161fb4671a0c579ec1abc5f0367f""}, ""features"": {""dtype"": ""float32"", ""has_inf"": false, ""has_nan"": false, ""shape"": [2652, 512], ""summary_hash"": ""fcf19d89e84310ce36fc74e86e82d57be39ffa83cb47b6b0339d8f98eb01a286""}}",features,"[2652, 512]",float32,False,False,fcf19d89e84310ce36fc74e86e82d57be39ffa83cb47b6b0339d8f98eb01a286,"[2652, 2]",4cdaed4756f3bc18c775f928b85b18604ce3161fb4671a0c579ec1abc5f0367f
2483973-B1.h5,features_biomedclip_20x/2483973-B1.h5,8388131,ff70e0577947ad3e9f93569e53f3b392e9ceabe765952b9e5c208bcfcc5dbcd3,2026-01-07T11:35:02.446934,"[""coords"", ""features""]","{""coords"": {""dtype"": ""int64"", ""has_inf"": false, ""has_nan"": false, ""shape"": [4402, 2], ""summary_hash"": ""50c75a1054ecb1437ebe17f20911436e52c3de26ecfadc40fdbd2c34f724dd30""}, ""features"": {""dtype"": ""float32"", ""has_inf"": false, ""has_nan"": false, ""shape"": [4402, 512], ""summary_hash"": ""a4dd36250d31a4fb3f895e2cb0c58372724013643f2d7aba9831fcd08d081af7""}}",features,"[4402, 512]",float32,False,False,a4dd36250d31a4fb3f895e2cb0c58372724013643f2d7aba9831fcd08d081af7,"[4402, 2]",50c75a1054ecb1437ebe17f20911436e52c3de26ecfadc40fdbd2c34f724dd30
2483993-B2.h5,features_biomedclip_20x/2483993-B2.h5,6513495,ac0548bb869cc9eaec3ffc4d0bd208d83aa7811a181bca544c4b7b3b6a5f37f1,2026-01-07T11:34:25.456066,"[""coords"", ""features""]","{""coords"": {""dtype"": ""int64"", ""has_inf"": false, ""has_nan"": false, ""shape"": [3420, 2], ""summary_hash"": ""47f5c5cd26709da875613996e2ffc60a2e403faeabda681e004e2a776718a0f2""}, ""features"": {""dtype"": ""float32"", ""has_inf"": false, ""has_nan"": false, ""shape"": [3420, 512], ""summary_hash"": ""1d75dfc2d0b842dc8463776f3d3201ee89b236657a68e63a478708438db249d2""}}",features,"[3420, 512]",float32,False,False,1d75dfc2d0b842dc8463776f3d3201ee89b236657a68e63a478708438db249d2,"[3420, 2]",47f5c5cd26709da875613996e2ffc60a2e403faeabda681e004e2a776718a0f2
2484004-B2.h5,features_biomedclip_20x/2484004-B2.h5,8464649,d3f43ce5b26cda664695e0be9009a2ba66b22e29e6d2a08b8d1b2cf5a874756a,2026-01-07T11:34:58.554948,"[""coords"", ""features""]","{""coords"": {""dtype"": ""int64"", ""has_inf"": false, ""has_nan"": false, ""shape"": [4442, 2], ""summary_hash"": ""67d43f068ad973eb0b6f8ba99c7d6a87a047dcb2847b52171f3724f543a7f9d6""}, ""features"": {""dtype"": ""float32"", ""has_inf"": false, ""has_nan"": false, ""shape"": [4442, 512], ""summary_hash"": ""30158690a342cf1982346a7d7904e13dead48849c9705feede06a19eee7a0637""}}",features,"[4442, 512]",float32,False,False,30158690a342cf1982346a7d7904e13dead48849c9705feede06a19eee7a0637,"[4442, 2]",67d43f068ad973eb0b6f8ba99c7d6a87a047dcb2847b52171f3724f543a7f9d6
2484209-B2.h5,features_biomedclip_20x/2484209-B2.h5,11150309,17b3bca37100f6fd3e7c23086f4f32d89e947944b6117de83f003a9cde3f8219,2026-01-07T11:34:24.964067,"[""coords"", ""features""]","{""coords"": {""dtype"": ""int64"", ""has_inf"": false, ""has_nan"": false, ""shape"": [5862, 2], ""summary_hash"": ""1076579dd49e0beece902df624f4f8ca8bde94556fac40b191fa31127cf55238""}, ""features"": {""dtype"": ""float32"", ""has_inf"": false, ""has_nan"": false, ""shape"": [5862, 512], ""summary_hash"": ""2f9ca8ad8a9794ab2327013a79f9dedb648a7daacb39f899772ad3ec18eaa85e""}}",features,"[5862, 512]",float32,False,False,2f9ca8ad8a9794ab2327013a79f9dedb648a7daacb39f899772ad3ec18eaa85e,"[5862, 2]",1076579dd49e0beece902df624f4f8ca8bde94556fac40b191fa31127cf55238
2484220-B3.h5,features_biomedclip_20x/2484220-B3.h5,10750171,d19c8dcbe2d1ff87562875bfdcacc0e625f235d02d916e545f117f2b7adbf604,2026-01-07T11:34:50.886975,"[""coords"", ""features""]","{""coords"": {""dtype"": ""int64"", ""has_inf"": false, ""has_nan"": false, ""shape"": [5652, 2], ""summary_hash"": ""eb97ca0bbd9052e20ee15619907d6481ec1d7c0544c8b0293109af799f1c8bb0""}, ""features"": {""dtype"": ""float32"", ""has_inf"": false, ""has_nan"": false, ""shape"": [5652, 512], ""summary_hash"": ""3ee1a1c1e767140a61dacecb453c6f12b4326de93c092ce7994073d8b3ef44dd""}}",features,"[5652, 512]",float32,False,False,3ee1a1c1e767140a61dacecb453c6f12b4326de93c092ce7994073d8b3ef44dd,"[5652, 2]",eb97ca0bbd9052e20ee15619907d6481ec1d7c0544c8b0293109af799f1c8bb0
2484228-B.h5,features_biomedclip_20x/2484228-B.h5,13126575,6019bbf85db2f2c67237ed70287add28496858c37c280cfe488f0ca4c66c6f4f,2026-01-07T11:35:02.146935,"[""coords"", ""features""]","{""coords"": {""dtype"": ""int64"", ""has_inf"": false, ""has_nan"": false, ""shape"": [6897, 2], ""summary_hash"": ""d5b9888472d1f1d63970bf86f3e64ffd0b1edf7366d4ff9ef0ce29d7dfeb6ca3""}, ""features"": {""dtype"": ""float32"", ""has_inf"": false, ""has_nan"": false, ""shape"": [6897, 512], ""summary_hash"": ""39a91743b56da17aecbc2feccb8d210267ed9f8357e3fec45298365c4c1a736f""}}",features,"[6897, 512]",float32,False,False,39a91743b56da17aecbc2feccb8d210267ed9f8357e3fec45298365c4c1a736f,"[6897, 2]",d5b9888472d1f1d63970bf86f3e64ffd0b1edf7366d4ff9ef0ce29d7dfeb6ca3
2484301-B2.h5,features_biomedclip_20x/2484301-B2.h5,7179681,e05dbaebf23b892baa845e3b0aa3fd0e2387916447f2949751eec29bd35dee0f,2026-01-07T11:34:57.284952,"[""coords"", ""features""]","{""coords"": {""dtype"": ""int64"", ""has_inf"": false, ""has_nan"": false, ""shape"": [3770, 2], ""summary_hash"": ""a631804de1b66289395ae77bf3771fe8685926cdb6230a0df00bed443a74cd90""}, ""features"": {""dtype"": ""float32"", ""has_inf"": false, ""has_nan"": false, ""shape"": [3770, 512], ""summary_hash"": ""01952229b925b2b28bbe88c21dec51cef07cb84ab1603c02e348a78e0c018e94""}}",features,"[3770, 512]",float32,False,False,01952229b925b2b28bbe88c21dec51cef07cb84ab1603c02e348a78e0c018e94,"[3770, 2]",a631804de1b66289395ae77bf3771fe8685926cdb6230a0df00bed443a74cd90
2484312-B2.h5,features_biomedclip_20x/2484312-B2.h5,8688407,c3981a20d01985412da5584ecdd5c9c9808cc0a785532bf51fe0f38d6b97b010,2026-01-07T11:34:37.722022,"[""coords"", ""features""]","{""coords"": {""dtype"": ""int64"", ""has_inf"": false, ""has_nan"": false, ""shape"": [4562, 2], ""summary_hash"": ""32505a43c4c68d3a442ff3eae72e0e00a95dde94af79eda1deab8aa037110636""}, ""features"": {""dtype"": ""float32"", ""has_inf"": false, ""has_nan"": false, ""shape"": [4562, 512], ""summary_hash"": ""ffba010e57b814f7e05f63386356360443e09dd2c799c2c75b6930e71abd82d6""}}",features,"[4562, 512]",float32,False,False,ffba010e57b814f7e05f63386356360443e09dd2c799c2c75b6930e71abd82d6,"[4562, 2]",32505a43c4c68d3a442ff3eae72e0e00a95dde94af79eda1deab8aa037110636
2484463-B2.h5,features_biomedclip_20x/2484463-B2.h5,6194715,02660ad57d420e6490fbfcfa82b8c711a0eef541ed9409145ae0bfc9ba0a5b8d,2026-01-07T11:34:31.183045,"[""coords"", ""features""]","{""coords"": {""dtype"": ""int64"", ""has_inf"": false, ""has_nan"": false, ""shape"": [3250, 2], ""summary_hash"": ""6933f9f996792cd74e0e678da542f01a9aa0c4b34efe87844fe6e1598f418486""}, ""features"": {""dtype"": ""float32"", ""has_inf"": false, ""has_nan"": false, ""shape"": [3250, 512], ""summary_hash"": ""8effdc6f02054a943b3c29233d0ed914fe7c4be2aa90bbd03605348f2c24489f""}}",features,"[3250, 512]",float32,False,False,8effdc6f02054a943b3c29233d0ed914fe7c4be2aa90bbd03605348f2c24489f,"[3250, 2]",6933f9f996792cd74e0e678da542f01a9aa0c4b34efe87844fe6e1598f418486
2484633-B2.h5,features_biomedclip_20x/2484633-B2.h5,4057557,5cdf9031c55f2bfbf4cbdac470eb53838db6022ec1e8232af3bd40f741375f02,2026-01-07T11:34:17.861093,"[""coords"", ""features""]","{""coords"": {""dtype"": ""int64"", ""has_inf"": false, ""has_nan"": false, ""shape"": [2125, 2], ""summary_hash"": ""30997f4c5eb015312870e09ac3a11ade2d4cd10644862e3d40fd96239f503d36""}, ""features"": {""dtype"": ""float32"", ""has_inf"": false, ""has_nan"": false, ""shape"": [2125, 512], ""summary_hash"": ""e2aaa942b8b2c7df6ac205c0dc1a636ae73abdce434dfd24d8466106975b8198""}}",features,"[2125, 512]",float32,False,False,e2aaa942b8b2c7df6ac205c0dc1a636ae73abdce434dfd24d8466106975b8198,"[2125, 2]",30997f4c5eb015312870e09ac3a11ade2d4cd10644862e3d40fd96239f503d36
2484660-B2.h5,features_biomedclip_20x/2484660-B2.h5,5618173,c4e98d65c5dd237e3224cb3dac4a806e413525587637c7b650f11b83c09ea504,2026-01-07T11:35:06.786918,"[""coords"", ""features""]","{""coords"": {""dtype"": ""int64"", ""has_inf"": false, ""has_nan"": false, ""shape"": [2946, 2], ""summary_hash"": ""6c8b46d1237304bf5ae00ee558dee1e8540ba643287e01dd1d8dc037a9871015""}, ""features"": {""dtype"": ""float32"", ""has_inf"": false, ""has_nan"": false, ""shape"": [2946, 512], ""summary_hash"": ""a74e2d6ebd9f7c2f9346c1a6117e768e36522e062869b448662a1e324b566f60""}}",features,"[2946, 512]",float32,False,False,a74e2d6ebd9f7c2f9346c1a6117e768e36522e062869b448662a1e324b566f60,"[2946, 2]",6c8b46d1237304bf5ae00ee558dee1e8540ba643287e01dd1d8dc037a9871015
2484727-B2.h5,features_biomedclip_20x/2484727-B2.h5,3988546,c9d2f42c0f8b044f8d15b6bbfe848a1191a17cdfb15f13cfb9ce27415300bb6d,2026-01-07T11:34:25.938064,"[""coords"", ""features""]","{""coords"": {""dtype"": ""int64"", ""has_inf"": false, ""has_nan"": false, ""shape"": [2090, 2], ""summary_hash"": ""bdefc24f5e46b642cbbe6b2b409cc1ad13abd1f541ea82557587911822471c9f""}, ""features"": {""dtype"": ""float32"", ""has_inf"": false, ""has_nan"": false, ""shape"": [2090, 512], ""summary_hash"": ""ac72520f85123c9f6f081899a030ac34f45bc94511eebd6a507f2704d1b234d8""}}",features,"[2090, 512]",float32,False,False,ac72520f85123c9f6f081899a030ac34f45bc94511eebd6a507f2704d1b234d8,"[2090, 2]",bdefc24f5e46b642cbbe6b2b409cc1ad13abd1f541ea82557587911822471c9f
2484734-B4.h5,features_biomedclip_20x/2484734-B4.h5,4930611,6bde3f1fd163fe82e269d6111db2c4ef64da19856637a565cf4cd3602a90450e,2026-01-07T11:34:55.850957,"[""coords"", ""features""]","{""coords"": {""dtype"": ""int64"", ""has_inf"": false, ""has_nan"": false, ""shape"": [2582, 2], ""summary_hash"": ""a68448587c8ccadba4a86124920b4c3677dee73e6194d961cfd9f95a866a8dd2""}, ""features"": {""dtype"": ""float32"", ""has_inf"": false, ""has_nan"": false, ""shape"": [2582, 512], ""summary_hash"": ""9bfd6723d0d38cb17310ba41fafe09ece0bc28c61820718f56cf0822aabc402e""}}",features,"[2582, 512]",float32,False,False,9bfd6723d0d38cb17310ba41fafe09ece0bc28c61820718f56cf0822aabc402e,"[2582, 2]",a68448587c8ccadba4a86124920b4c3677dee73e6194d961cfd9f95a866a8dd2
2484734-B5.h5,features_biomedclip_20x/2484734-B5.h5,2618318,0642142763a29a61d47e20fd396f0677993b2a813e417f397c0b19652680f7f2,2026-01-07T11:34:57.814950,"[""coords"", ""features""]","{""coords"": {""dtype"": ""int64"", ""has_inf"": false, ""has_nan"": false, ""shape"": [1369, 2], ""summary_hash"": ""2ae29e622c259753429a2eea30cd96ee8b8ee345039e86d1101e98c4fbd90a9d""}, ""features"": {""dtype"": ""float32"", ""has_inf"": false, ""has_nan"": false, ""shape"": [1369, 512], ""summary_hash"": ""6b24d9cdcd91139c0155ad2893977e99967e0a5165cacce8be77376b9efb0682""}}",features,"[1369, 512]",float32,False,False,6b24d9cdcd91139c0155ad2893977e99967e0a5165cacce8be77376b9efb0682,"[1369, 2]",2ae29e622c259753429a2eea30cd96ee8b8ee345039e86d1101e98c4fbd90a9d
2484743-B4.h5,features_biomedclip_20x/2484743-B4.h5,3298613,9643baf1f890196008999c96c095036da9f2bead89a9253f7b4f1f2d4adb351e,2026-01-07T11:34:44.747997,"[""coords"", ""features""]","{""coords"": {""dtype"": ""int64"", ""has_inf"": false, ""has_nan"": false, ""shape"": [1729, 2], ""summary_hash"": ""beb7c5d040f53ae3c7a09ee7af07053aa433e68cec604510617f0ad1ea34c241""}, ""features"": {""dtype"": ""float32"", ""has_inf"": false, ""has_nan"": false, ""shape"": [1729, 512], ""summary_hash"": ""b039ba1c310cae0dea1ef3a887f1eae3c8ff6075da8af2de258a6f0acd907e24""}}",features,"[1729, 512]",float32,False,False,b039ba1c310cae0dea1ef3a887f1eae3c8ff6075da8af2de258a6f0acd907e24,"[1729, 2]",beb7c5d040f53ae3c7a09ee7af07053aa433e68cec604510617f0ad1ea34c241
2484771-B3.h5,features_biomedclip_20x/2484771-B3.h5,2318601,0afd9d170e3f595ce434cccc8c0df4316a2c0b5f06a48b254241067e1ea6024f,2026-01-07T11:34:40.277013,"[""coords"", ""features""]","{""coords"": {""dtype"": ""int64"", ""has_inf"": false, ""has_nan"": false, ""shape"": [1210, 2], ""summary_hash"": ""42ad2635cb5a8b6e21930c3829889140fed99969254ebf9093e0c6e38645be64""}, ""features"": {""dtype"": ""float32"", ""has_inf"": false, ""has_nan"": false, ""shape"": [1210, 512], ""summary_hash"": ""38bee75b6489696bbfb33c14410c9196a089eb869e5044ecdbb12ee93de708f9""}}",features,"[1210, 512]",float32,False,False,38bee75b6489696bbfb33c14410c9196a089eb869e5044ecdbb12ee93de708f9,"[1210, 2]",42ad2635cb5a8b6e21930c3829889140fed99969254ebf9093e0c6e38645be64
2484791-B2.h5,features_biomedclip_20x/2484791-B2.h5,5288416,15fddbed9bc062f5860eee6c12ba32a8233717840be140c8ab14c326f5f811be,2026-01-07T11:34:45.338995,"[""coords"", ""features""]","{""coords"": {""dtype"": ""int64"", ""has_inf"": false, ""has_nan"": false, ""shape"": [2771, 2], ""summary_hash"": ""b462d641feb22c23dd939620c3b6fa646f810f0b8793829eac23a8cb0c768283""}, ""features"": {""dtype"": ""float32"", ""has_inf"": false, ""has_nan"": false, ""shape"": [2771, 512], ""summary_hash"": ""2af75e744ab1a7e75e3e10a48c0a4bf35f931b9cfefd2fd6388725591ea31877""}}",features,"[2771, 512]",float32,False,False,2af75e744ab1a7e75e3e10a48c0a4bf35f931b9cfefd2fd6388725591ea31877,"[2771, 2]",b462d641feb22c23dd939620c3b6fa646f810f0b8793829eac23a8cb0c768283
2484791-B3.h5,features_biomedclip_20x/2484791-B3.h5,2047297,6ae74057f8fec2862a02f82151f6219cc5410e48748bbaf46fc92399887cc0f0,2026-01-07T11:34:42.985003,"[""coords"", ""features""]","{""coords"": {""dtype"": ""int64"", ""has_inf"": false, ""has_nan"": false, ""shape"": [1067, 2], ""summary_hash"": ""81b56b9dc4693527254fc394a35b8d682fdbdb9ba91376071a594a0d61d1ed74""}, ""features"": {""dtype"": ""float32"", ""has_inf"": false, ""has_nan"": false, ""shape"": [1067, 512], ""summary_hash"": ""fac642396b89edf65497465906fe48f6b5be96c131f5c11a46e3a58c6f23ff63""}}",features,"[1067, 512]",float32,False,False,fac642396b89edf65497465906fe48f6b5be96c131f5c11a46e3a58c6f23ff63,"[1067, 2]",81b56b9dc4693527254fc394a35b8d682fdbdb9ba91376071a594a0d61d1ed74
2484862-B3.h5,features_biomedclip_20x/2484862-B3.h5,6322243,1510368d807e602c354a0ad08010adaf8e20cc5d3f236cd7f9fa633048513b61,2026-01-07T11:34:36.019028,"[""coords"", ""features""]","{""coords"": {""dtype"": ""int64"", ""has_inf"": false, ""has_nan"": false, ""shape"": [3317, 2], ""summary_hash"": ""7500779253c1acc911a6ed1a602c455437b17735a9671c2690487bcb3010cc11""}, ""features"": {""dtype"": ""float32"", ""has_inf"": false, ""has_nan"": false, ""shape"": [3317, 512], ""summary_hash"": ""4b2df711c0e2b359b0618332470eec2395102abd84b5c104486b41fa03244b22""}}",features,"[3317, 512]",float32,False,False,4b2df711c0e2b359b0618332470eec2395102abd84b5c104486b41fa03244b22,"[3317, 2]",7500779253c1acc911a6ed1a602c455437b17735a9671c2690487bcb3010cc11
2484883-B2.h5,features_biomedclip_20x/2484883-B2.h5,6826114,e115c1bee7cc61ac910de8e6a709f3c650c94320fa3493d4b87b1d360d17348b,2026-01-07T11:34:47.999985,"[""coords"", ""features""]","{""coords"": {""dtype"": ""int64"", ""has_inf"": false, ""has_nan"": false, ""shape"": [3583, 2], ""summary_hash"": ""718adb7dd77a2c8a02153a83b5a4eb45ffe264725306eacc46f6828202967beb""}, ""features"": {""dtype"": ""float32"", ""has_inf"": false, ""has_nan"": false, ""shape"": [3583, 512], ""summary_hash"": ""4397329ed5d7ef93255ca8f492a59565794c87d27da818685ca4c0de3a9676e0""}}",features,"[3583, 512]",float32,False,False,4397329ed5d7ef93255ca8f492a59565794c87d27da818685ca4c0de3a9676e0,"[3583, 2]",718adb7dd77a2c8a02153a83b5a4eb45ffe264725306eacc46f6828202967beb
2485059-B2.h5,features_biomedclip_20x/2485059-B2.h5,7453757,e45ecdc6b8fa791812f456a77b559de825fd6c122d2d17585944b53e71f95b60,2026-01-07T11:34:27.433059,"[""coords"", ""features""]","{""coords"": {""dtype"": ""int64"", ""has_inf"": false, ""has_nan"": false, ""shape"": [3915, 2], ""summary_hash"": ""3922084b7e28d3228b9ea7e9be712761a739e387f7d1a8d6f0191d6517d07279""}, ""features"": {""dtype"": ""float32"", ""has_inf"": false, ""has_nan"": false, ""shape"": [3915, 512], ""summary_hash"": ""58eead580859ebec3e9ac24de93123ca09f19cd2715564915e3ee01a7f5f7dee""}}",features,"[3915, 512]",float32,False,False,58eead580859ebec3e9ac24de93123ca09f19cd2715564915e3ee01a7f5f7dee,"[3915, 2]",3922084b7e28d3228b9ea7e9be712761a739e387f7d1a8d6f0191d6517d07279
2485164-B2.h5,features_biomedclip_20x/2485164-B2.h5,3820997,f736e1ae4d745846c3e6e0740dd683b8cb9c71a3bd175716aeb1f025d47b938e,2026-01-07T11:34:43.346002,"[""coords"", ""features""]","{""coords"": {""dtype"": ""int64"", ""has_inf"": false, ""has_nan"": false, ""shape"": [2004, 2], ""summary_hash"": ""3209ea069ca3a92119c1d944943b3b972dfb5dcdf79495567b5f62b523b748f4""}, ""features"": {""dtype"": ""float32"", ""has_inf"": false, ""has_nan"": false, ""shape"": [2004, 512], ""summary_hash"": ""ac2b6cd604167b75f2834c6593e1c625411a86b9774ab7b8db06b440b21794c8""}}",features,"[2004, 512]",float32,False,False,ac2b6cd604167b75f2834c6593e1c625411a86b9774ab7b8db06b440b21794c8,"[2004, 2]",3209ea069ca3a92119c1d944943b3b972dfb5dcdf79495567b5f62b523b748f4
2485259-B6.h5,features_biomedclip_20x/2485259-B6.h5,4437960,96ac9f62c25d0309a3e840b24a0fd4822bd95eb9391281cd6db46de772621859,2026-01-07T11:34:41.134010,"[""coords"", ""features""]","{""coords"": {""dtype"": ""int64"", ""has_inf"": false, ""has_nan"": false, ""shape"": [2328, 2], ""summary_hash"": ""093838bea3e8729fe3270a389dcfdcefcf194279d92da753b6baaf14b332fede""}, ""features"": {""dtype"": ""float32"", ""has_inf"": false, ""has_nan"": false, ""shape"": [2328, 512], ""summary_hash"": ""611adbc588253b5c9a8a14923e1d533b248088880bbb8c53846cb83c9c17f8f1""}}",features,"[2328, 512]",float32,False,False,611adbc588253b5c9a8a14923e1d533b248088880bbb8c53846cb83c9c17f8f1,"[2328, 2]",093838bea3e8729fe3270a389dcfdcefcf194279d92da753b6baaf14b332fede
2485275-B2.h5,features_biomedclip_20x/2485275-B2.h5,8742921,841f047e4dd049d9b5ccbe4c720ad79f400be767b35f5005cd4b7bb1925ce3ce,2026-01-07T11:35:00.694940,"[""coords"", ""features""]","{""coords"": {""dtype"": ""int64"", ""has_inf"": false, ""has_nan"": false, ""shape"": [4591, 2], ""summary_hash"": ""0c76da90e9f5dfd21a659e1871f675aba6f4f579a1c922d41525720f71edf9c0""}, ""features"": {""dtype"": ""float32"", ""has_inf"": false, ""has_nan"": false, ""shape"": [4591, 512], ""summary_hash"": ""0675bec087a927c24adacb0845878f40a5cde31370d48d52f88775f37a8bfca3""}}",features,"[4591, 512]",float32,False,False,0675bec087a927c24adacb0845878f40a5cde31370d48d52f88775f37a8bfca3,"[4591, 2]",0c76da90e9f5dfd21a659e1871f675aba6f4f579a1c922d41525720f71edf9c0
2485276-B3.h5,features_biomedclip_20x/2485276-B3.h5,3267878,23482ae79e054eb20c76b03bfe3691167c97fd6c49af9c7a94395c3fffb94a3a,2026-01-07T11:34:48.678983,"[""coords"", ""features""]","{""coords"": {""dtype"": ""int64"", ""has_inf"": false, ""has_nan"": false, ""shape"": [1711, 2], ""summary_hash"": ""306eb164c9a2841453b67cca7e3c32efb49a7217165796a5e44282e1b0baf279""}, ""features"": {""dtype"": ""float32"", ""has_inf"": false, ""has_nan"": false, ""shape"": [1711, 512], ""summary_hash"": ""a6ed4955a7531715bb7ac65f6231a9161251297b5fc728504d1d753a58ce1d77""}}",features,"[1711, 512]",float32,False,False,a6ed4955a7531715bb7ac65f6231a9161251297b5fc728504d1d753a58ce1d77,"[1711, 2]",306eb164c9a2841453b67cca7e3c32efb49a7217165796a5e44282e1b0baf279
2485303-B2.h5,features_biomedclip_20x/2485303-B2.h5,6455321,6195679249770e1ef07ac41b84b664273e3050182207aa23e38e67214959a29b,2026-01-07T11:34:54.341963,"[""coords"", ""features""]","{""coords"": {""dtype"": ""int64"", ""has_inf"": false, ""has_nan"": false, ""shape"": [3388, 2], ""summary_hash"": ""9d6dcc36a88b96dfff663c23d5a5bb0845642b9c0446498f50177f26630ff9a5""}, ""features"": {""dtype"": ""float32"", ""has_inf"": false, ""has_nan"": false, ""shape"": [3388, 512], ""summary_hash"": ""d8c2e371673b1e6d88ccd3c233f8bdf62b9d18251119185f0741853720e1a919""}}",features,"[3388, 512]",float32,False,False,d8c2e371673b1e6d88ccd3c233f8bdf62b9d18251119185f0741853720e1a919,"[3388, 2]",9d6dcc36a88b96dfff663c23d5a5bb0845642b9c0446498f50177f26630ff9a5
2485318-B2.h5,features_biomedclip_20x/2485318-B2.h5,3104782,9952d95f3637ad4f8fc65006f3a3fcc1fd78ae3c392c2eaff65b011762ab006c,2026-01-07T11:35:07.335916,"[""coords"", ""features""]","{""coords"": {""dtype"": ""int64"", ""has_inf"": false, ""has_nan"": false, ""shape"": [1626, 2], ""summary_hash"": ""46539c12e314291e62622aa10702a295b881120517b57aec9037f8a76a6f87a5""}, ""features"": {""dtype"": ""float32"", ""has_inf"": false, ""has_nan"": false, ""shape"": [1626, 512], ""summary_hash"": ""c5668df6ea45a58b6d153bc4aa58241ee171387285f6a92150f369a1fda94357""}}",features,"[1626, 512]",float32,False,False,c5668df6ea45a58b6d153bc4aa58241ee171387285f6a92150f369a1fda94357,"[1626, 2]",46539c12e314291e62622aa10702a295b881120517b57aec9037f8a76a6f87a5
2485322-B2.h5,features_biomedclip_20x/2485322-B2.h5,2326320,a894388f02575e2751b77fc7edd2ce74587cc691bd6ef9d2052449afee117d49,2026-01-07T11:34:53.628965,"[""coords"", ""features""]","{""coords"": {""dtype"": ""int64"", ""has_inf"": false, ""has_nan"": false, ""shape"": [1214, 2], ""summary_hash"": ""96502c9b81df6ade087f1a7c4c3da83665a1aba3942604102f7426d03121d516""}, ""features"": {""dtype"": ""float32"", ""has_inf"": false, ""has_nan"": false, ""shape"": [1214, 512], ""summary_hash"": ""9b410afc44b09c14bed3d01c1fb7f75840495112592a52c6e9519b8dbe529290""}}",features,"[1214, 512]",float32,False,False,9b410afc44b09c14bed3d01c1fb7f75840495112592a52c6e9519b8dbe529290,"[1214, 2]",96502c9b81df6ade087f1a7c4c3da83665a1aba3942604102f7426d03121d516
2485328-B2.h5,features_biomedclip_20x/2485328-B2.h5,5022323,14ddac649246d64a8cb04568044677dda6c5caa11dffb9296d10823cc0688985,2026-01-07T11:34:16.143099,"[""coords"", ""features""]","{""coords"": {""dtype"": ""int64"", ""has_inf"": false, ""has_nan"": false, ""shape"": [2630, 2], ""summary_hash"": ""d4f1ef4f21b02cc565da57410f040dc866d0532234e9f64d0bbfd01b24a86095""}, ""features"": {""dtype"": ""float32"", ""has_inf"": false, ""has_nan"": false, ""shape"": [2630, 512], ""summary_hash"": ""7bbf27b2d717173a2ac5f4e194c2dfb18080f670b72a639d28b6f8a07eb2c5ef""}}",features,"[2630, 512]",float32,False,False,7bbf27b2d717173a2ac5f4e194c2dfb18080f670b72a639d28b6f8a07eb2c5ef,"[2630, 2]",d4f1ef4f21b02cc565da57410f040dc866d0532234e9f64d0bbfd01b24a86095
2485473-B2.h5,features_biomedclip_20x/2485473-B2.h5,7126574,102c74964c52e8275e8750b7fb86fc3645f05f6389ebf48565874f5e3e4a9a31,2026-01-07T11:34:59.536944,"[""coords"", ""features""]","{""coords"": {""dtype"": ""int64"", ""has_inf"": false, ""has_nan"": false, ""shape"": [3743, 2], ""summary_hash"": ""7b86d5b9e1a832c1f45f23fcd03766dbdc1d832bf44675dea9b3c5b46132d983""}, ""features"": {""dtype"": ""float32"", ""has_inf"": false, ""has_nan"": false, ""shape"": [3743, 512], ""summary_hash"": ""71f4c8b882a67c8ae9db82beb8256107db7d5fde2c05dc8e9c230e2ebd90ff8b""}}",features,"[3743, 512]",float32,False,False,71f4c8b882a67c8ae9db82beb8256107db7d5fde2c05dc8e9c230e2ebd90ff8b,"[3743, 2]",7b86d5b9e1a832c1f45f23fcd03766dbdc1d832bf44675dea9b3c5b46132d983
2485517-B2.h5,features_biomedclip_20x/2485517-B2.h5,2050225,7a1b3d564a5d8236cbd048874081d39db334b259cce6a805102fe8a15357db8a,2026-01-07T11:34:32.492041,"[""coords"", ""features""]","{""coords"": {""dtype"": ""int64"", ""has_inf"": false, ""has_nan"": false, ""shape"": [1068, 2], ""summary_hash"": ""568df03c45f6de0b827561bdb032baaa4351b0d121eeaa1685d86a437b389476""}, ""features"": {""dtype"": ""float32"", ""has_inf"": false, ""has_nan"": false, ""shape"": [1068, 512], ""summary_hash"": ""b280ecea5e0bec26c4fb89581dbbde68f00e7cf2e96e4ab05557ac5f7bc1e275""}}",features,"[1068, 512]",float32,False,False,b280ecea5e0bec26c4fb89581dbbde68f00e7cf2e96e4ab05557ac5f7bc1e275,"[1068, 2]",568df03c45f6de0b827561bdb032baaa4351b0d121eeaa1685d86a437b389476
2485536-B2.h5,features_biomedclip_20x/2485536-B2.h5,5068668,378dc509b0ece2b30d7f4abe367be49483dd2c2793b62b457fba7614d7993f83,2026-01-07T11:34:32.339041,"[""coords"", ""features""]","{""coords"": {""dtype"": ""int64"", ""has_inf"": false, ""has_nan"": false, ""shape"": [2655, 2], ""summary_hash"": ""6fee6c68a6ee274f5a8cf70ebccaf1d35e99127f824420767dfbbfd1c739364d""}, ""features"": {""dtype"": ""float32"", ""has_inf"": false, ""has_nan"": false, ""shape"": [2655, 512], ""summary_hash"": ""d15a56baad1a8d3fd7d8bb0a083684ec685e96b68c83fe2836019f87acc0cdcd""}}",features,"[2655, 512]",float32,False,False,d15a56baad1a8d3fd7d8bb0a083684ec685e96b68c83fe2836019f87acc0cdcd,"[2655, 2]",6fee6c68a6ee274f5a8cf70ebccaf1d35e99127f824420767dfbbfd1c739364d
2485632-B.h5,features_biomedclip_20x/2485632-B.h5,3862975,cee3538426b1f7af505a29e1710c2b52676db855f403571f5831ee77629e4a48,2026-01-07T11:34:16.028099,"[""coords"", ""features""]","{""coords"": {""dtype"": ""int64"", ""has_inf"": false, ""has_nan"": false, ""shape"": [2029, 2], ""summary_hash"": ""c5754d76b0951dcdf3a6b1ce694de20f5dba5fe6049224910a0035c84dc1496d""}, ""features"": {""dtype"": ""float32"", ""has_inf"": false, ""has_nan"": false, ""shape"": [2029, 512], ""summary_hash"": ""2b2e2682f2eeab2318a656a81cb8e101991bc9e9193b536d8b976dcdea349a94""}}",features,"[2029, 512]",float32,False,False,2b2e2682f2eeab2318a656a81cb8e101991bc9e9193b536d8b976dcdea349a94,"[2029, 2]",c5754d76b0951dcdf3a6b1ce694de20f5dba5fe6049224910a0035c84dc1496d
2485635-B2.h5,features_biomedclip_20x/2485635-B2.h5,7185846,81ae73dbadd52796af71c6bc2e0e479140e9fe65730736205f70231284d8feff,2026-01-07T11:34:44.985996,"[""coords"", ""features""]","{""coords"": {""dtype"": ""int64"", ""has_inf"": false, ""has_nan"": false, ""shape"": [3774, 2], ""summary_hash"": ""6b590ee5a705f7d0b2ccaa3aa5d38e354b10a7a0bec1a40bc060b895d6ddf16e""}, ""features"": {""dtype"": ""float32"", ""has_inf"": false, ""has_nan"": false, ""shape"": [3774, 512], ""summary_hash"": ""3ee9a534677c985cc85576b50a3b98bc365fe4cc66b4801ebde6598cc2e4e75e""}}",features,"[3774, 512]",float32,False,False,3ee9a534677c985cc85576b50a3b98bc365fe4cc66b4801ebde6598cc2e4e75e,"[3774, 2]",6b590ee5a705f7d0b2ccaa3aa5d38e354b10a7a0bec1a40bc060b895d6ddf16e
2485803-B2.h5,features_biomedclip_20x/2485803-B2.h5,14752285,805bddc9fbe2d3525b3f107e71dddbdf3673f19a528dee27ba99c29885f7bd66,2026-01-07T11:34:38.125021,"[""coords"", ""features""]","{""coords"": {""dtype"": ""int64"", ""has_inf"": false, ""has_nan"": false, ""shape"": [7752, 2], ""summary_hash"": ""a6da830e8f9b5c190f3b497c8884c0205070372707295c5211a81862f95fa810""}, ""features"": {""dtype"": ""float32"", ""has_inf"": false, ""has_nan"": false, ""shape"": [7752, 512], ""summary_hash"": ""02c11eda2479cd5ff66bb8ede2d0f4a9a0d876c9899bd48220bb9d4d316cb251""}}",features,"[7752, 512]",float32,False,False,02c11eda2479cd5ff66bb8ede2d0f4a9a0d876c9899bd48220bb9d4d316cb251,"[7752, 2]",a6da830e8f9b5c190f3b497c8884c0205070372707295c5211a81862f95fa810
2485805-B.h5,features_biomedclip_20x/2485805-B.h5,9717654,794e4154fc5187d0d1b8a266b128f44937f8e46356b604208fa816ed4dba2b06,2026-01-07T11:34:23.448073,"[""coords"", ""features""]","{""coords"": {""dtype"": ""int64"", ""has_inf"": false, ""has_nan"": false, ""shape"": [5106, 2], ""summary_hash"": ""6c9ccf4340bc3b8d237ce691f84729c693b8785e375a2f626093ef324eee73a1""}, ""features"": {""dtype"": ""float32"", ""has_inf"": false, ""has_nan"": false, ""shape"": [5106, 512], ""summary_hash"": ""4590279316af417d5fe44beddab37ee10a830a5e725d0cea12ab19fbd5d3aa24""}}",features,"[5106, 512]",float32,False,False,4590279316af417d5fe44beddab37ee10a830a5e725d0cea12ab19fbd5d3aa24,"[5106, 2]",6c9ccf4340bc3b8d237ce691f84729c693b8785e375a2f626093ef324eee73a1
2485969-B2.h5,features_biomedclip_20x/2485969-B2.h5,11028688,9503a90a3a33d7f904d4dd0c040bcd7989f98ff3bb2d9e8fea49e9794fff716f,2026-01-07T11:34:48.077985,"[""coords"", ""features""]","{""coords"": {""dtype"": ""int64"", ""has_inf"": false, ""has_nan"": false, ""shape"": [5798, 2], ""summary_hash"": ""fba567716c118fb57c8041098c3ae6bfb6a1ea7eb0658c3f2b6d19eaaec9b227""}, ""features"": {""dtype"": ""float32"", ""has_inf"": false, ""has_nan"": false, ""shape"": [5798, 512], ""summary_hash"": ""a96f1226096046df6bb0c028e20ce6ef051308dafa9ead402b0c938d6076d7dd""}}",features,"[5798, 512]",float32,False,False,a96f1226096046df6bb0c028e20ce6ef051308dafa9ead402b0c938d6076d7dd,"[5798, 2]",fba567716c118fb57c8041098c3ae6bfb6a1ea7eb0658c3f2b6d19eaaec9b227
2486100-B.h5,features_biomedclip_20x/2486100-B.h5,7818912,15caefd9a228a2fb4efe8d1a7ce185ba04d587a95a73602111024ba9886063b0,2026-01-07T11:34:52.892968,"[""coords"", ""features""]","{""coords"": {""dtype"": ""int64"", ""has_inf"": false, ""has_nan"": false, ""shape"": [4110, 2], ""summary_hash"": ""618fe7a551abdabea4d791fd9128669b97cee94aad215a9328fe6c4250bb2e62""}, ""features"": {""dtype"": ""float32"", ""has_inf"": false, ""has_nan"": false, ""shape"": [4110, 512], ""summary_hash"": ""68f4e3cdddc00e04a9c21efe164f9bcb04a5d14a57bdc138e2f81bd95abde3cb""}}",features,"[4110, 512]",float32,False,False,68f4e3cdddc00e04a9c21efe164f9bcb04a5d14a57bdc138e2f81bd95abde3cb,"[4110, 2]",618fe7a551abdabea4d791fd9128669b97cee94aad215a9328fe6c4250bb2e62
2486102-B2.h5,features_biomedclip_20x/2486102-B2.h5,1883349,75d3bad01d12e23bcf9ee272a5490eb6d0cc3b2ab7d2baec1436c766f78d6701,2026-01-07T11:34:57.975950,"[""coords"", ""features""]","{""coords"": {""dtype"": ""int64"", ""has_inf"": false, ""has_nan"": false, ""shape"": [984, 2], ""summary_hash"": ""5970e0af22f9a57ccd7fb5eb3cdcc125d19e6504222563cf6734d2fa25be4db7""}, ""features"": {""dtype"": ""float32"", ""has_inf"": false, ""has_nan"": false, ""shape"": [984, 512], ""summary_hash"": ""e6618163a1034a4795a441c1796b5389f4ce19b923506a80e3791770dff33552""}}",features,"[984, 512]",float32,False,False,e6618163a1034a4795a441c1796b5389f4ce19b923506a80e3791770dff33552,"[984, 2]",5970e0af22f9a57ccd7fb5eb3cdcc125d19e6504222563cf6734d2fa25be4db7
2486104-B1.h5,features_biomedclip_20x/2486104-B1.h5,2715050,169cdefc85a4da1d27f0c78604c2af13943793d474b04fcf3c70decac6bbe7a9,2026-01-07T11:34:23.692072,"[""coords"", ""features""]","{""coords"": {""dtype"": ""int64"", ""has_inf"": false, ""has_nan"": false, ""shape"": [1420, 2], ""summary_hash"": ""7c1863f92e751a33d2faab2b89ed35e0a49143f4f412db7c97102576dd1f2868""}, ""features"": {""dtype"": ""float32"", ""has_inf"": false, ""has_nan"": false, ""shape"": [1420, 512], ""summary_hash"": ""47439d34e78ac0db3460dd7944ddfaa0ce1c14d4682535badd70cb156c1bccab""}}",features,"[1420, 512]",float32,False,False,47439d34e78ac0db3460dd7944ddfaa0ce1c14d4682535badd70cb156c1bccab,"[1420, 2]",7c1863f92e751a33d2faab2b89ed35e0a49143f4f412db7c97102576dd1f2868
2486104-B2.h5,features_biomedclip_20x/2486104-B2.h5,2917151,c43f70d8f957d034ee9c9fa1a7d89b20c61ba0226447e6d61c761a1ebc96ec0f,2026-01-07T11:34:18.628090,"[""coords"", ""features""]","{""coords"": {""dtype"": ""int64"", ""has_inf"": false, ""has_nan"": false, ""shape"": [1527, 2], ""summary_hash"": ""a8623c30d4de908b9c36b8fbd3af3423932c3a86d4026574a739f7731174f90b""}, ""features"": {""dtype"": ""float32"", ""has_inf"": false, ""has_nan"": false, ""shape"": [1527, 512], ""summary_hash"": ""504dede1ca607f5f1fd482cb3c22939cecfb32ba73797015755b7645b2410d2b""}}",features,"[1527, 512]",float32,False,False,504dede1ca607f5f1fd482cb3c22939cecfb32ba73797015755b7645b2410d2b,"[1527, 2]",a8623c30d4de908b9c36b8fbd3af3423932c3a86d4026574a739f7731174f90b
2486165-B2.h5,features_biomedclip_20x/2486165-B2.h5,6770213,c180a13738219430cc29476f02eb005f95b2da65a40ea0a847ecbc06891167df,2026-01-07T11:34:32.956039,"[""coords"", ""features""]","{""coords"": {""dtype"": ""int64"", ""has_inf"": false, ""has_nan"": false, ""shape"": [3554, 2], ""summary_hash"": ""64d1d902539f960f7588f0b8fc739bdb8749b400a97b0f5bdc89c8ca2fe36f06""}, ""features"": {""dtype"": ""float32"", ""has_inf"": false, ""has_nan"": false, ""shape"": [3554, 512], ""summary_hash"": ""14f72cc0428a2c81ba684f577849bee65effaf85e1e4bc3b7fb88b83ce05c57d""}}",features,"[3554, 512]",float32,False,False,14f72cc0428a2c81ba684f577849bee65effaf85e1e4bc3b7fb88b83ce05c57d,"[3554, 2]",64d1d902539f960f7588f0b8fc739bdb8749b400a97b0f5bdc89c8ca2fe36f06
2486191-B.h5,features_biomedclip_20x/2486191-B.h5,6983816,ba759d85d99a5f0df230343158c2a28404bc4464cf7e92cffd397810171357d6,2026-01-07T11:34:40.998010,"[""coords"", ""features""]","{""coords"": {""dtype"": ""int64"", ""has_inf"": false, ""has_nan"": false, ""shape"": [3667, 2], ""summary_hash"": ""41a8fb07a2ad6c74d257d7f0f754e36de7a09aed613b44a8b62581ff3d5f430d""}, ""features"": {""dtype"": ""float32"", ""has_inf"": false, ""has_nan"": false, ""shape"": [3667, 512], ""summary_hash"": ""4f13401724271e327fc2ee075fe6333df2a75bf2fa9e85fbc601cf882f468e6e""}}",features,"[3667, 512]",float32,False,False,4f13401724271e327fc2ee075fe6333df2a75bf2fa9e85fbc601cf882f468e6e,"[3667, 2]",41a8fb07a2ad6c74d257d7f0f754e36de7a09aed613b44a8b62581ff3d5f430d
2486197-B2.h5,features_biomedclip_20x/2486197-B2.h5,6961422,8a3c6ae214e8c9053de0c5c298b6ff0bd30955c95ae501c34ce27964d8182e21,2026-01-07T11:34:25.069067,"[""coords"", ""features""]","{""coords"": {""dtype"": ""int64"", ""has_inf"": false, ""has_nan"": false, ""shape"": [3655, 2], ""summary_hash"": ""b07efd23f6cc320d9ced7bcfe85e6d935b4739a0f7de9e9956f6f8843ba00804""}, ""features"": {""dtype"": ""float32"", ""has_inf"": false, ""has_nan"": false, ""shape"": [3655, 512], ""summary_hash"": ""086e4acc1b0518fbbc18d09074f74a7517316a38b5d9b4ef277986b8e27f8f8f""}}",features,"[3655, 512]",float32,False,False,086e4acc1b0518fbbc18d09074f74a7517316a38b5d9b4ef277986b8e27f8f8f,"[3655, 2]",b07efd23f6cc320d9ced7bcfe85e6d935b4739a0f7de9e9956f6f8843ba00804
2486262-B4.h5,features_biomedclip_20x/2486262-B4.h5,3846746,c90be78aea29ae7435ee713e713b7f536e7cfd072e31e66a763dc4f3a94b89ca,2026-01-07T11:34:30.521048,"[""coords"", ""features""]","{""coords"": {""dtype"": ""int64"", ""has_inf"": false, ""has_nan"": false, ""shape"": [2018, 2], ""summary_hash"": ""23f9c04526613ccf81fa90ebd576fec1d976b3b0b8ee1a68c603147745777959""}, ""features"": {""dtype"": ""float32"", ""has_inf"": false, ""has_nan"": false, ""shape"": [2018, 512], ""summary_hash"": ""96f2ee71140e4504fa8e71779b043396a689c509d31a588388d69edfe6c0957c""}}",features,"[2018, 512]",float32,False,False,96f2ee71140e4504fa8e71779b043396a689c509d31a588388d69edfe6c0957c,"[2018, 2]",23f9c04526613ccf81fa90ebd576fec1d976b3b0b8ee1a68c603147745777959
2486653-B2.h5,features_biomedclip_20x/2486653-B2.h5,6799655,da8aa4d5d6dc2db92f5bbaf3d46c0869959830840806c84df2d087ee7e168905,2026-01-07T11:34:53.507966,"[""coords"", ""features""]","{""coords"": {""dtype"": ""int64"", ""has_inf"": false, ""has_nan"": false, ""shape"": [3569, 2], ""summary_hash"": ""e948067085d203299f6fa114e75d3202b8df5ef176dede26fdd76f02a59793b4""}, ""features"": {""dtype"": ""float32"", ""has_inf"": false, ""has_nan"": false, ""shape"": [3569, 512], ""summary_hash"": ""cd4862f9c97f0fa5662da510302d1d2d7d73489a0598c27b99c5e9c440177a9d""}}",features,"[3569, 512]",float32,False,False,cd4862f9c97f0fa5662da510302d1d2d7d73489a0598c27b99c5e9c440177a9d,"[3569, 2]",e948067085d203299f6fa114e75d3202b8df5ef176dede26fdd76f02a59793b4
2486653-B3.h5,features_biomedclip_20x/2486653-B3.h5,8984203,cff5e78728dbdd473e46b17ec0113532887766f0d3487f4a268035c1c7508a01,2026-01-07T11:35:00.360941,"[""coords"", ""features""]","{""coords"": {""dtype"": ""int64"", ""has_inf"": false, ""has_nan"": false, ""shape"": [4719, 2], ""summary_hash"": ""7eddcf03d3aacf453552a874dcc160f66747a77941d57eafdee89a35f808cb14""}, ""features"": {""dtype"": ""float32"", ""has_inf"": false, ""has_nan"": false, ""shape"": [4719, 512], ""summary_hash"": ""4a6d13f8160bd22ef0d4d559ad6c1f9a634717cabeeb28278260c34c8b037f1e""}}",features,"[4719, 512]",float32,False,False,4a6d13f8160bd22ef0d4d559ad6c1f9a634717cabeeb28278260c34c8b037f1e,"[4719, 2]",7eddcf03d3aacf453552a874dcc160f66747a77941d57eafdee89a35f808cb14
2486687-B3.h5,features_biomedclip_20x/2486687-B3.h5,5833895,36a88b672ac12177514510da906f7637199e00111e3aa3c0e9a3f23d645ed5d8,2026-01-07T11:34:32.992039,"[""coords"", ""features""]","{""coords"": {""dtype"": ""int64"", ""has_inf"": false, ""has_nan"": false, ""shape"": [3060, 2], ""summary_hash"": ""29835ea2f42f040491e9caaf68f6420c08dc12c0c7407af16d8041a8f06f80ac""}, ""features"": {""dtype"": ""float32"", ""has_inf"": false, ""has_nan"": false, ""shape"": [3060, 512], ""summary_hash"": ""2085759538b28202e3da53bb042393945f8d591e05067dc4e5267de1ee868b6d""}}",features,"[3060, 512]",float32,False,False,2085759538b28202e3da53bb042393945f8d591e05067dc4e5267de1ee868b6d,"[3060, 2]",29835ea2f42f040491e9caaf68f6420c08dc12c0c7407af16d8041a8f06f80ac
2486812-B2.h5,features_biomedclip_20x/2486812-B2.h5,7930256,c43a18d83a2b363c63ee921624270b9086fc1d7cd6e5a7a3bd8a488fcbfb439e,2026-01-07T11:34:33.262038,"[""coords"", ""features""]","{""coords"": {""dtype"": ""int64"", ""has_inf"": false, ""has_nan"": false, ""shape"": [4161, 2], ""summary_hash"": ""660e357478bbc6127a8c942f2cb513073f7fa9f86ecca495e46d871ae1418cfc""}, ""features"": {""dtype"": ""float32"", ""has_inf"": false, ""has_nan"": false, ""shape"": [4161, 512], ""summary_hash"": ""f824ae3282341ada120cee548ba63e718d4027eb9ad88cbbec17ab5dbe0f9ea1""}}",features,"[4161, 512]",float32,False,False,f824ae3282341ada120cee548ba63e718d4027eb9ad88cbbec17ab5dbe0f9ea1,"[4161, 2]",660e357478bbc6127a8c942f2cb513073f7fa9f86ecca495e46d871ae1418cfc
2486813-B2.h5,features_biomedclip_20x/2486813-B2.h5,2764623,10e3522bfebcc4e36555b0de21259911509b1c54b27ccf51a4a7b2c4df7ae6ef,2026-01-07T11:34:27.539058,"[""coords"", ""features""]","{""coords"": {""dtype"": ""int64"", ""has_inf"": false, ""has_nan"": false, ""shape"": [1446, 2], ""summary_hash"": ""b862bd22630d86fc2875709ed43b40b7d29bf01320dc18578f0691c2846cc859""}, ""features"": {""dtype"": ""float32"", ""has_inf"": false, ""has_nan"": false, ""shape"": [1446, 512], ""summary_hash"": ""8b3e2b9ab41540db923781313ce2bf7450a9ffacbf7ed2eb86364673e8a3af86""}}",features,"[1446, 512]",float32,False,False,8b3e2b9ab41540db923781313ce2bf7450a9ffacbf7ed2eb86364673e8a3af86,"[1446, 2]",b862bd22630d86fc2875709ed43b40b7d29bf01320dc18578f0691c2846cc859
2486833-B2.h5,features_biomedclip_20x/2486833-B2.h5,4207389,c9ec34dc5741cf6c2847353474729656e98d1bd65bd7bca9f7ccb93fa31938ca,2026-01-07T11:34:35.031032,"[""coords"", ""features""]","{""coords"": {""dtype"": ""int64"", ""has_inf"": false, ""has_nan"": false, ""shape"": [2205, 2], ""summary_hash"": ""e2ffe72cbc7608fd87ba8082d113f362bf832405d0d0bf6992082a4cbee9fa2f""}, ""features"": {""dtype"": ""float32"", ""has_inf"": false, ""has_nan"": false, ""shape"": [2205, 512], ""summary_hash"": ""cd72e1dbc6d36645a0251618f67568b5db48231695cbcf06f045c6abd431982d""}}",features,"[2205, 512]",float32,False,False,cd72e1dbc6d36645a0251618f67568b5db48231695cbcf06f045c6abd431982d,"[2205, 2]",e2ffe72cbc7608fd87ba8082d113f362bf832405d0d0bf6992082a4cbee9fa2f
2486845-B2.h5,features_biomedclip_20x/2486845-B2.h5,4010689,9bd3d7f894488e44f7d643dccf27f327477fa214d602d33e689cfb9667d26483,2026-01-07T11:34:19.189088,"[""coords"", ""features""]","{""coords"": {""dtype"": ""int64"", ""has_inf"": false, ""has_nan"": false, ""shape"": [2100, 2], ""summary_hash"": ""61736c7d0aaf939595e8f556f0bc22165594adb7d20c7cbdfa666de1757fd975""}, ""features"": {""dtype"": ""float32"", ""has_inf"": false, ""has_nan"": false, ""shape"": [2100, 512], ""summary_hash"": ""43145221698805fcf7f6fddb9907f709f99b05678f9bbd7d5bdd8a5defd1a486""}}",features,"[2100, 512]",float32,False,False,43145221698805fcf7f6fddb9907f709f99b05678f9bbd7d5bdd8a5defd1a486,"[2100, 2]",61736c7d0aaf939595e8f556f0bc22165594adb7d20c7cbdfa666de1757fd975
2486859-B2.h5,features_biomedclip_20x/2486859-B2.h5,1808625,da4d6e1a6bc7219e0ce40d889043bc2fadcb4300c22015b65e4663b74123cab8,2026-01-07T11:34:55.902957,"[""coords"", ""features""]","{""coords"": {""dtype"": ""int64"", ""has_inf"": false, ""has_nan"": false, ""shape"": [944, 2], ""summary_hash"": ""ccc5b3ac686718efda517317d29a7699582c119fdc47eaceca750f191ae9ccbb""}, ""features"": {""dtype"": ""float32"", ""has_inf"": false, ""has_nan"": false, ""shape"": [944, 512], ""summary_hash"": ""2da72ef2fcae5fa9bbfcda5cd8d6a2196d438121b3cd06fb7d5581bd6c5eb141""}}",features,"[944, 512]",float32,False,False,2da72ef2fcae5fa9bbfcda5cd8d6a2196d438121b3cd06fb7d5581bd6c5eb141,"[944, 2]",ccc5b3ac686718efda517317d29a7699582c119fdc47eaceca750f191ae9ccbb
2487043-B.h5,features_biomedclip_20x/2487043-B.h5,2890999,de1e0863bcdd69903d2e5142a101fd7332477b99f34e1ca2e0e5e7fdd136670b,2026-01-07T11:34:23.408073,"[""coords"", ""features""]","{""coords"": {""dtype"": ""int64"", ""has_inf"": false, ""has_nan"": false, ""shape"": [1513, 2], ""summary_hash"": ""cefcc5be832ac95d69ada7b2deea56f685a38085722ee9c1b65058e992cd97d2""}, ""features"": {""dtype"": ""float32"", ""has_inf"": false, ""has_nan"": false, ""shape"": [1513, 512], ""summary_hash"": ""064c332b9268f15c7bc33d6cdf4349cdda44b43e58f5484f44d0846fe686abc8""}}",features,"[1513, 512]",float32,False,False,064c332b9268f15c7bc33d6cdf4349cdda44b43e58f5484f44d0846fe686abc8,"[1513, 2]",cefcc5be832ac95d69ada7b2deea56f685a38085722ee9c1b65058e992cd97d2
2487053-B2.h5,features_biomedclip_20x/2487053-B2.h5,5594365,0d52ebdbc0eb8f8f9b6bd6c5c3d3d63756dae66b003ced27b4b78e1d3193d408,2026-01-07T11:34:32.204042,"[""coords"", ""features""]","{""coords"": {""dtype"": ""int64"", ""has_inf"": false, ""has_nan"": false, ""shape"": [2933, 2], ""summary_hash"": ""6728245e6b82800312da4f27600f460c6f00d449a0a1ff1f5821ccc58ee81b97""}, ""features"": {""dtype"": ""float32"", ""has_inf"": false, ""has_nan"": false, ""shape"": [2933, 512], ""summary_hash"": ""142d1557549eca72c52cda144df5f55e35e0f754a0df545db2682bd15e0d09b4""}}",features,"[2933, 512]",float32,False,False,142d1557549eca72c52cda144df5f55e35e0f754a0df545db2682bd15e0d09b4,"[2933, 2]",6728245e6b82800312da4f27600f460c6f00d449a0a1ff1f5821ccc58ee81b97
2487063-B2.h5,features_biomedclip_20x/2487063-B2.h5,2695194,3845b1a9d79b94aa2bd37838896685a4ee34edd9e5eaff814add5e336dfcb7b0,2026-01-07T11:34:48.544983,"[""coords"", ""features""]","{""coords"": {""dtype"": ""int64"", ""has_inf"": false, ""has_nan"": false, ""shape"": [1409, 2], ""summary_hash"": ""247fbe918fc0ed81ea9db0338d8334e5d0ce906e2cdde43ccdaf20db2645da75""}, ""features"": {""dtype"": ""float32"", ""has_inf"": false, ""has_nan"": false, ""shape"": [1409, 512], ""summary_hash"": ""46846c556031f12ee1391ebc120d76e80b299354712c76e96368d45bc3cf8f4c""}}",features,"[1409, 512]",float32,False,False,46846c556031f12ee1391ebc120d76e80b299354712c76e96368d45bc3cf8f4c,"[1409, 2]",247fbe918fc0ed81ea9db0338d8334e5d0ce906e2cdde43ccdaf20db2645da75
2487140-B2.h5,features_biomedclip_20x/2487140-B2.h5,3637230,1c49e5ec92033496833784664def1e017c8b2f4223c70ce0adde15d0215d28ed,2026-01-07T11:34:41.431009,"[""coords"", ""features""]","{""coords"": {""dtype"": ""int64"", ""has_inf"": false, ""has_nan"": false, ""shape"": [1907, 2], ""summary_hash"": ""7181fbf20df6794a7b4e92ae0db622c020e460082fc431f8e919046831d6931e""}, ""features"": {""dtype"": ""float32"", ""has_inf"": false, ""has_nan"": false, ""shape"": [1907, 512], ""summary_hash"": ""f649a6c0f947d856d151593c09f6181b88cbe9f58706ac71b3689055a21d0cff""}}",features,"[1907, 512]",float32,False,False,f649a6c0f947d856d151593c09f6181b88cbe9f58706ac71b3689055a21d0cff,"[1907, 2]",7181fbf20df6794a7b4e92ae0db622c020e460082fc431f8e919046831d6931e
2487143-B.h5,features_biomedclip_20x/2487143-B.h5,5533371,32c42a1f318a575e9347992a16c777f75aa2f1041adce5cb1bdd01ddd699e9d0,2026-01-07T11:35:04.993925,"[""coords"", ""features""]","{""coords"": {""dtype"": ""int64"", ""has_inf"": false, ""has_nan"": false, ""shape"": [2900, 2], ""summary_hash"": ""01e27d6ea5f1379c36e8246a2efef626118ea06de94812009a2b903223bc14cb""}, ""features"": {""dtype"": ""float32"", ""has_inf"": false, ""has_nan"": false, ""shape"": [2900, 512], ""summary_hash"": ""788526de8b7e747712d833daf60c43d1ab26412671c5027635abe978ed32af70""}}",features,"[2900, 512]",float32,False,False,788526de8b7e747712d833daf60c43d1ab26412671c5027635abe978ed32af70,"[2900, 2]",01e27d6ea5f1379c36e8246a2efef626118ea06de94812009a2b903223bc14cb
2487146-B2.h5,features_biomedclip_20x/2487146-B2.h5,4190560,f03cbbaf43f0ab2b11ad026e1606dca1688fd91ddd435102a119ab6cb10f92ce,2026-01-07T11:34:30.569047,"[""coords"", ""features""]","{""coords"": {""dtype"": ""int64"", ""has_inf"": false, ""has_nan"": false, ""shape"": [2196, 2], ""summary_hash"": ""2f44b57cf37beee13be66550a34b31d212f78a1e3b140119b51c520704d3160a""}, ""features"": {""dtype"": ""float32"", ""has_inf"": false, ""has_nan"": false, ""shape"": [2196, 512], ""summary_hash"": ""4273ed2673f77afd0f1f966f933cbc5eb9b6cda8dbe22728fc32255998d6db34""}}",features,"[2196, 512]",float32,False,False,4273ed2673f77afd0f1f966f933cbc5eb9b6cda8dbe22728fc32255998d6db34,"[2196, 2]",2f44b57cf37beee13be66550a34b31d212f78a1e3b140119b51c520704d3160a
2487237-B2.h5,features_biomedclip_20x/2487237-B2.h5,5125383,32686df70c108bcc40231f243a5db460ed28290fd5bfa01e2dc2592f23b5a95b,2026-01-07T11:34:38.504019,"[""coords"", ""features""]","{""coords"": {""dtype"": ""int64"", ""has_inf"": false, ""has_nan"": false, ""shape"": [2685, 2], ""summary_hash"": ""6601b0bbd4feb4ee2bad54040789064d0736430e5e875be4ab554b5937588879""}, ""features"": {""dtype"": ""float32"", ""has_inf"": false, ""has_nan"": false, ""shape"": [2685, 512], ""summary_hash"": ""2161c92d0f723239b6abe8b299f765673c2bec580904a3bbadb4732f72edfbde""}}",features,"[2685, 512]",float32,False,False,2161c92d0f723239b6abe8b299f765673c2bec580904a3bbadb4732f72edfbde,"[2685, 2]",6601b0bbd4feb4ee2bad54040789064d0736430e5e875be4ab554b5937588879
2487246-B2.h5,features_biomedclip_20x/2487246-B2.h5,2350699,21b2d38556f1302c84d6e95aaa66d566450b91673f74f324d3c9ac95551f5fe2,2026-01-07T11:35:00.812940,"[""coords"", ""features""]","{""coords"": {""dtype"": ""int64"", ""has_inf"": false, ""has_nan"": false, ""shape"": [1227, 2], ""summary_hash"": ""326750b955f11e04b96b2c2464b0a8afa4b502ac06556ac4be940963dfd85b76""}, ""features"": {""dtype"": ""float32"", ""has_inf"": false, ""has_nan"": false, ""shape"": [1227, 512], ""summary_hash"": ""e5b72ba6b80050b16b07e144282076cbd973bdf1021eb04a7be69a2634278965""}}",features,"[1227, 512]",float32,False,False,e5b72ba6b80050b16b07e144282076cbd973bdf1021eb04a7be69a2634278965,"[1227, 2]",326750b955f11e04b96b2c2464b0a8afa4b502ac06556ac4be940963dfd85b76
2487274-B2.h5,features_biomedclip_20x/2487274-B2.h5,5275279,dfad979b794d0710dff4d7c91646c483c2b5fdf89155f8d02e04f1e417dae47d,2026-01-07T11:34:32.521041,"[""coords"", ""features""]","{""coords"": {""dtype"": ""int64"", ""has_inf"": false, ""has_nan"": false, ""shape"": [2764, 2], ""summary_hash"": ""01871e6e50efd8cec0b16a1982e6cb6c3215b2116163519b664bb72c4d550f19""}, ""features"": {""dtype"": ""float32"", ""has_inf"": false, ""has_nan"": false, ""shape"": [2764, 512], ""summary_hash"": ""20d881c2892532dd684ce01a30baf6a532b54b6b13d7e23b847dd921d83e80fe""}}",features,"[2764, 512]",float32,False,False,20d881c2892532dd684ce01a30baf6a532b54b6b13d7e23b847dd921d83e80fe,"[2764, 2]",01871e6e50efd8cec0b16a1982e6cb6c3215b2116163519b664bb72c4d550f19
2487376-B2.h5,features_biomedclip_20x/2487376-B2.h5,9736164,8ab569eb64a4c6034ffcb630c75f2b2ac48f4e92c844845fcccb8743f777eb0a,2026-01-07T11:34:40.793011,"[""coords"", ""features""]","{""coords"": {""dtype"": ""int64"", ""has_inf"": false, ""has_nan"": false, ""shape"": [5115, 2], ""summary_hash"": ""3f886e665b23370ff8089110ef9ee454bb77f5230eed55b3d032cc2f48f6caf1""}, ""features"": {""dtype"": ""float32"", ""has_inf"": false, ""has_nan"": false, ""shape"": [5115, 512], ""summary_hash"": ""8a5a0e56d0dc39d1c6a53c1f44efc5261a0648bbe69377cdcadb50dcac9a487f""}}",features,"[5115, 512]",float32,False,False,8a5a0e56d0dc39d1c6a53c1f44efc5261a0648bbe69377cdcadb50dcac9a487f,"[5115, 2]",3f886e665b23370ff8089110ef9ee454bb77f5230eed55b3d032cc2f48f6caf1
2487388-B2.h5,features_biomedclip_20x/2487388-B2.h5,6716498,4595ced6f7aef4675414fe673720e1deb8196e703b008aabce915b82c0b52132,2026-01-07T11:34:20.406084,"[""coords"", ""features""]","{""coords"": {""dtype"": ""int64"", ""has_inf"": false, ""has_nan"": false, ""shape"": [3526, 2], ""summary_hash"": ""8af5511668f4a1ea31b080ae3ac9e87ee0ebcdfe4f82b916196abfc9cf5b833d""}, ""features"": {""dtype"": ""float32"", ""has_inf"": false, ""has_nan"": false, ""shape"": [3526, 512], ""summary_hash"": ""dfb803700fbc616eb59a266c7182e635babb2f969f2c6e04d0d7dea7805849d4""}}",features,"[3526, 512]",float32,False,False,dfb803700fbc616eb59a266c7182e635babb2f969f2c6e04d0d7dea7805849d4,"[3526, 2]",8af5511668f4a1ea31b080ae3ac9e87ee0ebcdfe4f82b916196abfc9cf5b833d
2487518-B.h5,features_biomedclip_20x/2487518-B.h5,2452478,59f5a2b4a3bcc3ad4bc25aa1312e59921ffe7245bf29d62095fa454240a2e900,2026-01-07T11:34:46.566990,"[""coords"", ""features""]","{""coords"": {""dtype"": ""int64"", ""has_inf"": false, ""has_nan"": false, ""shape"": [1281, 2], ""summary_hash"": ""45c0443a9da387874d26a38ddb635f60274d21c16787cdd62efefe249d975b6e""}, ""features"": {""dtype"": ""float32"", ""has_inf"": false, ""has_nan"": false, ""shape"": [1281, 512], ""summary_hash"": ""121d5c4909c7c5ceffc8e10401deb0eba0a58f2f86839f2ef12b73536557e15d""}}",features,"[1281, 512]",float32,False,False,121d5c4909c7c5ceffc8e10401deb0eba0a58f2f86839f2ef12b73536557e15d,"[1281, 2]",45c0443a9da387874d26a38ddb635f60274d21c16787cdd62efefe249d975b6e
2487558-B2.h5,features_biomedclip_20x/2487558-B2.h5,3613478,e5ddde7064fc3e40f2991b8191ad7d721bff88221491ff8c977a7b512d2bbfda,2026-01-07T11:34:59.429944,"[""coords"", ""features""]","{""coords"": {""dtype"": ""int64"", ""has_inf"": false, ""has_nan"": false, ""shape"": [1895, 2], ""summary_hash"": ""331cdcc5be85a7cf25c8009457f9da2fc2b8f7a0a60a013c51db2f0ab59c012a""}, ""features"": {""dtype"": ""float32"", ""has_inf"": false, ""has_nan"": false, ""shape"": [1895, 512], ""summary_hash"": ""5103ce4bde9b59a927ed13fac6f51a06d0e207db6d47d7cfce3d340ed1d4ca06""}}",features,"[1895, 512]",float32,False,False,5103ce4bde9b59a927ed13fac6f51a06d0e207db6d47d7cfce3d340ed1d4ca06,"[1895, 2]",331cdcc5be85a7cf25c8009457f9da2fc2b8f7a0a60a013c51db2f0ab59c012a
2487567-B2.h5,features_biomedclip_20x/2487567-B2.h5,2826808,88a254b72f0c7069877e49640101c7ca7230bab70f7a522f6d1de9d449f7ac6e,2026-01-07T11:34:28.866054,"[""coords"", ""features""]","{""coords"": {""dtype"": ""int64"", ""has_inf"": false, ""has_nan"": false, ""shape"": [1480, 2], ""summary_hash"": ""fd404216c860450d2644e242e332948a7b222f2c1baabcbb10fef199a265c63c""}, ""features"": {""dtype"": ""float32"", ""has_inf"": false, ""has_nan"": false, ""shape"": [1480, 512], ""summary_hash"": ""c1674a312a3c64075bb18c06cf7e85a2160e8fec6375f18bf15dfe45e1ed23a6""}}",features,"[1480, 512]",float32,False,False,c1674a312a3c64075bb18c06cf7e85a2160e8fec6375f18bf15dfe45e1ed23a6,"[1480, 2]",fd404216c860450d2644e242e332948a7b222f2c1baabcbb10fef199a265c63c
2487651-B.h5,features_biomedclip_20x/2487651-B.h5,4375455,67c5d6566f09cefb238abe4f865c617d18e6a39d0b2ba098947ea2b351e587c7,2026-01-07T11:34:48.803982,"[""coords"", ""features""]","{""coords"": {""dtype"": ""int64"", ""has_inf"": false, ""has_nan"": false, ""shape"": [2295, 2], ""summary_hash"": ""065502c6efdc04f6c179c4d607eba1b2f695510a78b0e6b9bab74e07a6e54ec6""}, ""features"": {""dtype"": ""float32"", ""has_inf"": false, ""has_nan"": false, ""shape"": [2295, 512], ""summary_hash"": ""94dab527b34020bb68430c5fc853ef58368fae27301e5079559f773c67ec82a4""}}",features,"[2295, 512]",float32,False,False,94dab527b34020bb68430c5fc853ef58368fae27301e5079559f773c67ec82a4,"[2295, 2]",065502c6efdc04f6c179c4d607eba1b2f695510a78b0e6b9bab74e07a6e54ec6
2487656-B4.h5,features_biomedclip_20x/2487656-B4.h5,5080405,86281a1ca304e38ee717fd9feaa730ca3225feaea87538d34e442a4aaa84d13e,2026-01-07T11:34:38.861018,"[""coords"", ""features""]","{""coords"": {""dtype"": ""int64"", ""has_inf"": false, ""has_nan"": false, ""shape"": [2661, 2], ""summary_hash"": ""26d584f181bb578de272fa07175a66a07ea4fcd7db9879889c5a1b3084f6fbc3""}, ""features"": {""dtype"": ""float32"", ""has_inf"": false, ""has_nan"": false, ""shape"": [2661, 512], ""summary_hash"": ""b689bd25819c9c82d2ca2831d6066bd012e1efc7d85ce5cadaf8a0a6048a26e7""}}",features,"[2661, 512]",float32,False,False,b689bd25819c9c82d2ca2831d6066bd012e1efc7d85ce5cadaf8a0a6048a26e7,"[2661, 2]",26d584f181bb578de272fa07175a66a07ea4fcd7db9879889c5a1b3084f6fbc3
2487664-B2.h5,features_biomedclip_20x/2487664-B2.h5,3335579,0eab664c1f038c73b64745662697988609cac553c88a14bec193794f22640268,2026-01-07T11:34:41.719008,"[""coords"", ""features""]","{""coords"": {""dtype"": ""int64"", ""has_inf"": false, ""has_nan"": false, ""shape"": [1748, 2], ""summary_hash"": ""cbbb389ccf730bf2deae90da9f691db8cbd3ea7120bb156d191efbecdbbc5ff7""}, ""features"": {""dtype"": ""float32"", ""has_inf"": false, ""has_nan"": false, ""shape"": [1748, 512], ""summary_hash"": ""979b0cc45966774fb24c5230858e7c48bc853d91cb9e1982edcffacc0b600ee8""}}",features,"[1748, 512]",float32,False,False,979b0cc45966774fb24c5230858e7c48bc853d91cb9e1982edcffacc0b600ee8,"[1748, 2]",cbbb389ccf730bf2deae90da9f691db8cbd3ea7120bb156d191efbecdbbc5ff7
2487896-B2.h5,features_biomedclip_20x/2487896-B2.h5,4767581,7f56258595d6f8dbf9bcc1734ed77d3fd62a7aee0802e0dfa184f0e07479844c,2026-01-07T11:34:22.723075,"[""coords"", ""features""]","{""coords"": {""dtype"": ""int64"", ""has_inf"": false, ""has_nan"": false, ""shape"": [2495, 2], ""summary_hash"": ""3b962d6d45f0116573dea96901711d08f0a1cb3676af9fa33c152efe566803d7""}, ""features"": {""dtype"": ""float32"", ""has_inf"": false, ""has_nan"": false, ""shape"": [2495, 512], ""summary_hash"": ""0dc8ba2c5aff8227e2990dc5ede047a098ab001ce63f2ff055bef0d2c01eb67e""}}",features,"[2495, 512]",float32,False,False,0dc8ba2c5aff8227e2990dc5ede047a098ab001ce63f2ff055bef0d2c01eb67e,"[2495, 2]",3b962d6d45f0116573dea96901711d08f0a1cb3676af9fa33c152efe566803d7
2487935-B2.h5,features_biomedclip_20x/2487935-B2.h5,6543452,d95b4fae8eb7a9359ff1c954a24da9732c441f65b85aaa1fe92898549f158c91,2026-01-07T11:34:47.767986,"[""coords"", ""features""]","{""coords"": {""dtype"": ""int64"", ""has_inf"": false, ""has_nan"": false, ""shape"": [3434, 2], ""summary_hash"": ""d3466d5f5983b87decf695b5218fe6ebe6738a5fa73609b0f6f6a8c8860a59db""}, ""features"": {""dtype"": ""float32"", ""has_inf"": false, ""has_nan"": false, ""shape"": [3434, 512], ""summary_hash"": ""af2a89112e8001289969f5cb200eef424ed639c16c6d50b2393174cd530eb5f1""}}",features,"[3434, 512]",float32,False,False,af2a89112e8001289969f5cb200eef424ed639c16c6d50b2393174cd530eb5f1,"[3434, 2]",d3466d5f5983b87decf695b5218fe6ebe6738a5fa73609b0f6f6a8c8860a59db
2487941-B2.h5,features_biomedclip_20x/2487941-B2.h5,3157911,ed057c819232aa50d6e67f0f3edab3a81e591d1eea5c2c7bcaba91b84adcd829,2026-01-07T11:34:48.663983,"[""coords"", ""features""]","{""coords"": {""dtype"": ""int64"", ""has_inf"": false, ""has_nan"": false, ""shape"": [1654, 2], ""summary_hash"": ""619f35b7ff359f3ce8318ef338f3bcd0a9b549f8c684f660cb3cc1b48520e250""}, ""features"": {""dtype"": ""float32"", ""has_inf"": false, ""has_nan"": false, ""shape"": [1654, 512], ""summary_hash"": ""22fde6ebc40ecf08433b836879732c205297fd45fc3a54785c5d6bcc5b77b172""}}",features,"[1654, 512]",float32,False,False,22fde6ebc40ecf08433b836879732c205297fd45fc3a54785c5d6bcc5b77b172,"[1654, 2]",619f35b7ff359f3ce8318ef338f3bcd0a9b549f8c684f660cb3cc1b48520e250
2488039-B2.h5,features_biomedclip_20x/2488039-B2.h5,6092245,1f7b7f55cef0cc95df64cc55bc5f706a3ae39f6acdeed1d60646dd815dacc65c,2026-01-07T11:35:04.355927,"[""coords"", ""features""]","{""coords"": {""dtype"": ""int64"", ""has_inf"": false, ""has_nan"": false, ""shape"": [3196, 2], ""summary_hash"": ""c396a8f65c1cd21a4ee3224613040ecc1daf3d37aadcccc8f39dc0b4c20b4ac8""}, ""features"": {""dtype"": ""float32"", ""has_inf"": false, ""has_nan"": false, ""shape"": [3196, 512], ""summary_hash"": ""bde4928450dbcdf27d00a04c086421946a006a9ead550d03c9270f277a78c847""}}",features,"[3196, 512]",float32,False,False,bde4928450dbcdf27d00a04c086421946a006a9ead550d03c9270f277a78c847,"[3196, 2]",c396a8f65c1cd21a4ee3224613040ecc1daf3d37aadcccc8f39dc0b4c20b4ac8
2488040-B.h5,features_biomedclip_20x/2488040-B.h5,7072252,50ef7ed3c265133eaabc6a1380f0b1ef2d65e22101328f844785d506dd5b3eea,2026-01-07T11:34:23.088074,"[""coords"", ""features""]","{""coords"": {""dtype"": ""int64"", ""has_inf"": false, ""has_nan"": false, ""shape"": [3714, 2], ""summary_hash"": ""cbce459f30bd230001fdacb7d2af874bc824ed9823f5138ce09a7af254e845d3""}, ""features"": {""dtype"": ""float32"", ""has_inf"": false, ""has_nan"": false, ""shape"": [3714, 512], ""summary_hash"": ""ac9f44476b91827c36f9758d70bf83fd80f8aad1cc0ca35b41891d2034df98d6""}}",features,"[3714, 512]",float32,False,False,ac9f44476b91827c36f9758d70bf83fd80f8aad1cc0ca35b41891d2034df98d6,"[3714, 2]",cbce459f30bd230001fdacb7d2af874bc824ed9823f5138ce09a7af254e845d3
2488044-B2.h5,features_biomedclip_20x/2488044-B2.h5,7970346,988c05b6e483342de3c0f0fd6ace7dd42d2329521116fa339f3d6d44c1a9459d,2026-01-07T11:34:37.952021,"[""coords"", ""features""]","{""coords"": {""dtype"": ""int64"", ""has_inf"": false, ""has_nan"": false, ""shape"": [4181, 2], ""summary_hash"": ""b0b73c63fbb6aa2700e5925a4836275509cdb72c5a52f2e063dfbc936f4d0ee9""}, ""features"": {""dtype"": ""float32"", ""has_inf"": false, ""has_nan"": false, ""shape"": [4181, 512], ""summary_hash"": ""0081f0941ae1577b50e703bef4fefb1c2f1dc1a9b6067bd96ed0bb6e066ac127""}}",features,"[4181, 512]",float32,False,False,0081f0941ae1577b50e703bef4fefb1c2f1dc1a9b6067bd96ed0bb6e066ac127,"[4181, 2]",b0b73c63fbb6aa2700e5925a4836275509cdb72c5a52f2e063dfbc936f4d0ee9
2488044-B3.h5,features_biomedclip_20x/2488044-B3.h5,7610597,a872f5e82f55fc63773ac07b4e3bd717b546daf33423c7b6190ec3dfed1941e2,2026-01-07T11:34:38.544019,"[""coords"", ""features""]","{""coords"": {""dtype"": ""int64"", ""has_inf"": false, ""has_nan"": false, ""shape"": [3998, 2], ""summary_hash"": ""a6436ce9780333dc5eddb27527d09643f7dd8e9d1f958dc538ecf68a1ce9351a""}, ""features"": {""dtype"": ""float32"", ""has_inf"": false, ""has_nan"": false, ""shape"": [3998, 512], ""summary_hash"": ""3c0ab2246701a1c351dfb1bfa1d438574ab08d8d7d7fb344fad5e1e15ad2802d""}}",features,"[3998, 512]",float32,False,False,3c0ab2246701a1c351dfb1bfa1d438574ab08d8d7d7fb344fad5e1e15ad2802d,"[3998, 2]",a6436ce9780333dc5eddb27527d09643f7dd8e9d1f958dc538ecf68a1ce9351a
2488050-B3.h5,features_biomedclip_20x/2488050-B3.h5,6719204,9af58286911aab9728c7d1bb051f6f663d52bed0a245bb6ba87abdfaee624e40,2026-01-07T11:34:21.084081,"[""coords"", ""features""]","{""coords"": {""dtype"": ""int64"", ""has_inf"": false, ""has_nan"": false, ""shape"": [3528, 2], ""summary_hash"": ""112549f4d6ef785efcac14a24e4ea8cf3deb0fe06a3c59bdc095f3cf52461dab""}, ""features"": {""dtype"": ""float32"", ""has_inf"": false, ""has_nan"": false, ""shape"": [3528, 512], ""summary_hash"": ""5fe7efdfcd55a3cb8393e88a644226915ef4a570a1371d3115346ae20ac0302d""}}",features,"[3528, 512]",float32,False,False,5fe7efdfcd55a3cb8393e88a644226915ef4a570a1371d3115346ae20ac0302d,"[3528, 2]",112549f4d6ef785efcac14a24e4ea8cf3deb0fe06a3c59bdc095f3cf52461dab
2488065-B3.h5,features_biomedclip_20x/2488065-B3.h5,4342717,2bb9f33b40744082d52c2a467a62b09b039e432e8bbdffb1357ada183c361c93,2026-01-07T11:34:39.001017,"[""coords"", ""features""]","{""coords"": {""dtype"": ""int64"", ""has_inf"": false, ""has_nan"": false, ""shape"": [2276, 2], ""summary_hash"": ""5a62ceaaf61edf8bf44dd5e87b00efdbe69ef658f39b5594c1bbdb92d60577b1""}, ""features"": {""dtype"": ""float32"", ""has_inf"": false, ""has_nan"": false, ""shape"": [2276, 512], ""summary_hash"": ""86125ecbed25212a3b668274ed11976d95bc67a81a663523cce5b22fa1fd0065""}}",features,"[2276, 512]",float32,False,False,86125ecbed25212a3b668274ed11976d95bc67a81a663523cce5b22fa1fd0065,"[2276, 2]",5a62ceaaf61edf8bf44dd5e87b00efdbe69ef658f39b5594c1bbdb92d60577b1
2488302-B2.h5,features_biomedclip_20x/2488302-B2.h5,6505229,63535341c04926842d992f7bafc14b1501080357130d24474d13eaf773a9a756,2026-01-07T11:34:27.990057,"[""coords"", ""features""]","{""coords"": {""dtype"": ""int64"", ""has_inf"": false, ""has_nan"": false, ""shape"": [3415, 2], ""summary_hash"": ""01bfabd91043f91412063971d4f2316d5eed231a85ee44e6c49f8e12ff8e2943""}, ""features"": {""dtype"": ""float32"", ""has_inf"": false, ""has_nan"": false, ""shape"": [3415, 512], ""summary_hash"": ""27e45b532e99eedfb59459de7af8410bee933764c753dfbdbadef6c586543f55""}}",features,"[3415, 512]",float32,False,False,27e45b532e99eedfb59459de7af8410bee933764c753dfbdbadef6c586543f55,"[3415, 2]",01bfabd91043f91412063971d4f2316d5eed231a85ee44e6c49f8e12ff8e2943
2488320-B3.h5,features_biomedclip_20x/2488320-B3.h5,3250307,4ef505d955a2210942ef068c97c2e8952caf06bdbfb4a0d0b5cb2e32dcb1eedb,2026-01-07T11:34:26.472062,"[""coords"", ""features""]","{""coords"": {""dtype"": ""int64"", ""has_inf"": false, ""has_nan"": false, ""shape"": [1703, 2], ""summary_hash"": ""3fff8726c98b9247fcbf6c81507e59c8d7c27b43b62a7ee0aa0a116e8c3c217b""}, ""features"": {""dtype"": ""float32"", ""has_inf"": false, ""has_nan"": false, ""shape"": [1703, 512], ""summary_hash"": ""9293bad7330e2e3a6ca73eb2ebdafc7ae2c89bdb718143e5f3a11f3bf5103156""}}",features,"[1703, 512]",float32,False,False,9293bad7330e2e3a6ca73eb2ebdafc7ae2c89bdb718143e5f3a11f3bf5103156,"[1703, 2]",3fff8726c98b9247fcbf6c81507e59c8d7c27b43b62a7ee0aa0a116e8c3c217b
2488330-B2.h5,features_biomedclip_20x/2488330-B2.h5,7634487,ae2dc6e760ca0275b812e8ca20a771514f8506841d250af77cd10147f56a3e6c,2026-01-07T11:35:06.018921,"[""coords"", ""features""]","{""coords"": {""dtype"": ""int64"", ""has_inf"": false, ""has_nan"": false, ""shape"": [4011, 2], ""summary_hash"": ""be006f58cc5b4434bfce8a5e21ca9a0a6dbd0b9ab0f2736bb735018854af0632""}, ""features"": {""dtype"": ""float32"", ""has_inf"": false, ""has_nan"": false, ""shape"": [4011, 512], ""summary_hash"": ""5ff1ccba3d02e55a0a4d7bf565b6be1f5de1303ddfabf4f00bea156ec018b09a""}}",features,"[4011, 512]",float32,False,False,5ff1ccba3d02e55a0a4d7bf565b6be1f5de1303ddfabf4f00bea156ec018b09a,"[4011, 2]",be006f58cc5b4434bfce8a5e21ca9a0a6dbd0b9ab0f2736bb735018854af0632
2488335-B.h5,features_biomedclip_20x/2488335-B.h5,9692406,8192a2f8164f7f40cecf59c915e5b8bcfd513c31ada4354854a1831ccd8d5372,2026-01-07T11:34:28.636054,"[""coords"", ""features""]","{""coords"": {""dtype"": ""int64"", ""has_inf"": false, ""has_nan"": false, ""shape"": [5092, 2], ""summary_hash"": ""6709bccdb82800044af997f230b77c4001822f0e35eaf3225b5b625caada62fa""}, ""features"": {""dtype"": ""float32"", ""has_inf"": false, ""has_nan"": false, ""shape"": [5092, 512], ""summary_hash"": ""8fad10bb0331dee540cf9a98c50f4277769f5f80f8337efcc6adfafa7139f8c0""}}",features,"[5092, 512]",float32,False,False,8fad10bb0331dee540cf9a98c50f4277769f5f80f8337efcc6adfafa7139f8c0,"[5092, 2]",6709bccdb82800044af997f230b77c4001822f0e35eaf3225b5b625caada62fa
2488344-B2.h5,features_biomedclip_20x/2488344-B2.h5,4006047,19ec590e5a5b13472621f891ba8bc92d1fc49f6c7f7a1c8df1bd5c9bc3a5aa9d,2026-01-07T11:34:53.781965,"[""coords"", ""features""]","{""coords"": {""dtype"": ""int64"", ""has_inf"": false, ""has_nan"": false, ""shape"": [2098, 2], ""summary_hash"": ""9842fedf351e637c7f10ed2b79bfe3839859267a814a4651a56ba73fb001eee8""}, ""features"": {""dtype"": ""float32"", ""has_inf"": false, ""has_nan"": false, ""shape"": [2098, 512], ""summary_hash"": ""0c5832e922a2114ff94ec72c34e5a9e4aa61416d466849d1e7a2807815ce6f82""}}",features,"[2098, 512]",float32,False,False,0c5832e922a2114ff94ec72c34e5a9e4aa61416d466849d1e7a2807815ce6f82,"[2098, 2]",9842fedf351e637c7f10ed2b79bfe3839859267a814a4651a56ba73fb001eee8
2488369-B2.h5,features_biomedclip_20x/2488369-B2.h5,10209132,fe8c2c2f2164d2dcf2c7f17c9cf62b18276870c8ab80b81ac3bbb47bfbc6f8eb,2026-01-07T11:34:55.589958,"[""coords"", ""features""]","{""coords"": {""dtype"": ""int64"", ""has_inf"": false, ""has_nan"": false, ""shape"": [5365, 2], ""summary_hash"": ""510641631e214fae809f0ed0c7098f6a467ddf3978c546be72809b50f91fe2e8""}, ""features"": {""dtype"": ""float32"", ""has_inf"": false, ""has_nan"": false, ""shape"": [5365, 512], ""summary_hash"": ""b7dd6595c8512dd7874d44019020c77f132801cc27f0146a2031b27d521df5f8""}}",features,"[5365, 512]",float32,False,False,b7dd6595c8512dd7874d44019020c77f132801cc27f0146a2031b27d521df5f8,"[5365, 2]",510641631e214fae809f0ed0c7098f6a467ddf3978c546be72809b50f91fe2e8
2488475-B2.h5,features_biomedclip_20x/2488475-B2.h5,3585479,27a31a3efa27f0281f83f550d5b8e393954cf184bc4ab1f1f723dad6810c137d,2026-01-07T11:34:50.809975,"[""coords"", ""features""]","{""coords"": {""dtype"": ""int64"", ""has_inf"": false, ""has_nan"": false, ""shape"": [1880, 2], ""summary_hash"": ""fa0ea3333d672ead4d7046db6c45a3a426bd817d868b5244c9dcd97fb2b6aea3""}, ""features"": {""dtype"": ""float32"", ""has_inf"": false, ""has_nan"": false, ""shape"": [1880, 512], ""summary_hash"": ""f2566c4cd466b1b1a2d2de3fcac49e57df5170a68db206ec086f95afa7b12c10""}}",features,"[1880, 512]",float32,False,False,f2566c4cd466b1b1a2d2de3fcac49e57df5170a68db206ec086f95afa7b12c10,"[1880, 2]",fa0ea3333d672ead4d7046db6c45a3a426bd817d868b5244c9dcd97fb2b6aea3
2488477-B2.h5,features_biomedclip_20x/2488477-B2.h5,4309303,577894eb1900be4514c37f3b87cb6cd954d257577617049f7100176771f96adb,2026-01-07T11:35:05.311923,"[""coords"", ""features""]","{""coords"": {""dtype"": ""int64"", ""has_inf"": false, ""has_nan"": false, ""shape"": [2259, 2], ""summary_hash"": ""ea3a8bb159c3222014a5233c750b1f1c1110be06fd39031fe21835a0dfd09830""}, ""features"": {""dtype"": ""float32"", ""has_inf"": false, ""has_nan"": false, ""shape"": [2259, 512], ""summary_hash"": ""ba7f3b324b81e8b063a1b2caf8a4734e77f311ec5ca5b8dbded56cd42a775b64""}}",features,"[2259, 512]",float32,False,False,ba7f3b324b81e8b063a1b2caf8a4734e77f311ec5ca5b8dbded56cd42a775b64,"[2259, 2]",ea3a8bb159c3222014a5233c750b1f1c1110be06fd39031fe21835a0dfd09830
2488767-B.h5,features_biomedclip_20x/2488767-B.h5,13534252,7f96cb97b4e7a9121def2cce88a8aece1d394f7d48839b9734c2b07ddc6d7d1c,2026-01-07T11:34:36.691026,"[""coords"", ""features""]","{""coords"": {""dtype"": ""int64"", ""has_inf"": false, ""has_nan"": false, ""shape"": [7110, 2], ""summary_hash"": ""9c212b4bb67dba1e375f0f235219d4a2ec212ae92f42e7c88f96cbecc50dab68""}, ""features"": {""dtype"": ""float32"", ""has_inf"": false, ""has_nan"": false, ""shape"": [7110, 512], ""summary_hash"": ""90c11c32d2870bdcd0b5799bbf70c3527fd9b5bb5790a9bc74305a02c3609f2a""}}",features,"[7110, 512]",float32,False,False,90c11c32d2870bdcd0b5799bbf70c3527fd9b5bb5790a9bc74305a02c3609f2a,"[7110, 2]",9c212b4bb67dba1e375f0f235219d4a2ec212ae92f42e7c88f96cbecc50dab68
2488769-B2.h5,features_biomedclip_20x/2488769-B2.h5,4253126,24f3fdc7961b35b588a43da9f30a18d7365bdf585f3f4550d5c64705ffc43ff2,2026-01-07T11:34:55.324959,"[""coords"", ""features""]","{""coords"": {""dtype"": ""int64"", ""has_inf"": false, ""has_nan"": false, ""shape"": [2229, 2], ""summary_hash"": ""2fc09530015ca01c6ba01170fc3242c9b5c6db1c80ef8f34dce94abf6bc92d11""}, ""features"": {""dtype"": ""float32"", ""has_inf"": false, ""has_nan"": false, ""shape"": [2229, 512], ""summary_hash"": ""7aa1dc1abd88a5646ffaac7ce11396591576b4ddeaf6644181c798c4c4c491e3""}}",features,"[2229, 512]",float32,False,False,7aa1dc1abd88a5646ffaac7ce11396591576b4ddeaf6644181c798c4c4c491e3,"[2229, 2]",2fc09530015ca01c6ba01170fc3242c9b5c6db1c80ef8f34dce94abf6bc92d11
2488806-B2.h5,features_biomedclip_20x/2488806-B2.h5,8862660,5fafcd27abe520587584fda556cd58bc8cf196d2aa5f7274164d6bb04d24b146,2026-01-07T11:34:35.557030,"[""coords"", ""features""]","{""coords"": {""dtype"": ""int64"", ""has_inf"": false, ""has_nan"": false, ""shape"": [4653, 2], ""summary_hash"": ""39cde03ab383a4fa2380af141f1a0676ebf79c16210a1caedf655544a02745a5""}, ""features"": {""dtype"": ""float32"", ""has_inf"": false, ""has_nan"": false, ""shape"": [4653, 512], ""summary_hash"": ""95b69b0b005d9da60e8967000a462815670d92a3735cd1244748509f2abaf88e""}}",features,"[4653, 512]",float32,False,False,95b69b0b005d9da60e8967000a462815670d92a3735cd1244748509f2abaf88e,"[4653, 2]",39cde03ab383a4fa2380af141f1a0676ebf79c16210a1caedf655544a02745a5
2488916-B2.h5,features_biomedclip_20x/2488916-B2.h5,13303638,408baea206ba95f438e40117d3be3a3058c974bca87217cafc6ffc238c5dd078,2026-01-07T11:35:00.812940,"[""coords"", ""features""]","{""coords"": {""dtype"": ""int64"", ""has_inf"": false, ""has_nan"": false, ""shape"": [6989, 2], ""summary_hash"": ""1785842fcc47b27be60d646046f2a56fc6dbd920a974abfec6049952113dd615""}, ""features"": {""dtype"": ""float32"", ""has_inf"": false, ""has_nan"": false, ""shape"": [6989, 512], ""summary_hash"": ""5cf7acd75737696b404632a07c0204d3ec9089f861378892841ed3da41ea7dc2""}}",features,"[6989, 512]",float32,False,False,5cf7acd75737696b404632a07c0204d3ec9089f861378892841ed3da41ea7dc2,"[6989, 2]",1785842fcc47b27be60d646046f2a56fc6dbd920a974abfec6049952113dd615
2488932-B4.h5,features_biomedclip_20x/2488932-B4.h5,10425254,d5f4d66c7a30e262733b3600eb360261f57f7de18aeb341a35ac1303a2d8f231,2026-01-07T11:34:27.490058,"[""coords"", ""features""]","{""coords"": {""dtype"": ""int64"", ""has_inf"": false, ""has_nan"": false, ""shape"": [5478, 2], ""summary_hash"": ""9c11a1c589c809d105cd7ef73e33775aece17838167654b58171bb39b9aa3f6e""}, ""features"": {""dtype"": ""float32"", ""has_inf"": false, ""has_nan"": false, ""shape"": [5478, 512], ""summary_hash"": ""514de5289d5d8177777d4bfc45080d038c2c74a595005f38ae6e898479e16494""}}",features,"[5478, 512]",float32,False,False,514de5289d5d8177777d4bfc45080d038c2c74a595005f38ae6e898479e16494,"[5478, 2]",9c11a1c589c809d105cd7ef73e33775aece17838167654b58171bb39b9aa3f6e
2488960-B2.h5,features_biomedclip_20x/2488960-B2.h5,6347408,b8975d769cbe9648ea562eecf0c21ed935d9b12ed6c162ee76fd491d91abefb8,2026-01-07T11:34:48.006985,"[""coords"", ""features""]","{""coords"": {""dtype"": ""int64"", ""has_inf"": false, ""has_nan"": false, ""shape"": [3331, 2], ""summary_hash"": ""3cdca48969273a08d545d56d3c98483f207dfac15f591f8b5001af506c8462bb""}, ""features"": {""dtype"": ""float32"", ""has_inf"": false, ""has_nan"": false, ""shape"": [3331, 512], ""summary_hash"": ""478454babd8ee4897ac56830ef3eac7a7714e7e6251815776b8bd508e075952c""}}",features,"[3331, 512]",float32,False,False,478454babd8ee4897ac56830ef3eac7a7714e7e6251815776b8bd508e075952c,"[3331, 2]",3cdca48969273a08d545d56d3c98483f207dfac15f591f8b5001af506c8462bb
2488987-B2.h5,features_biomedclip_20x/2488987-B2.h5,6890243,f97a08dbd667104c93a3072e0ae43b8dd5be0d936774c30219451f7b2f756e93,2026-01-07T11:34:53.167967,"[""coords"", ""features""]","{""coords"": {""dtype"": ""int64"", ""has_inf"": false, ""has_nan"": false, ""shape"": [3617, 2], ""summary_hash"": ""ac305e749fdb312153e71148274176babedddb4bb39c02447dfc1a590483ed00""}, ""features"": {""dtype"": ""float32"", ""has_inf"": false, ""has_nan"": false, ""shape"": [3617, 512], ""summary_hash"": ""cb3c36c37f17987fc4b52950809e77ed9a702827d7df31df94b2e123c39b4c9e""}}",features,"[3617, 512]",float32,False,False,cb3c36c37f17987fc4b52950809e77ed9a702827d7df31df94b2e123c39b4c9e,"[3617, 2]",ac305e749fdb312153e71148274176babedddb4bb39c02447dfc1a590483ed00
2489131-B3.h5,features_biomedclip_20x/2489131-B3.h5,1532800,3f50fb2b590e7b929b590ce0df913b2ded823fa15b0128eb40ac54001330d762,2026-01-07T11:34:32.775040,"[""coords"", ""features""]","{""coords"": {""dtype"": ""int64"", ""has_inf"": false, ""has_nan"": false, ""shape"": [803, 2], ""summary_hash"": ""75e4784edc3fe9824e4ae927def9f0b54e44cce84f2d4cef31ca69c2d0056d22""}, ""features"": {""dtype"": ""float32"", ""has_inf"": false, ""has_nan"": false, ""shape"": [803, 512], ""summary_hash"": ""539e0e5b9d741cf485cd9141d023ecb6dd72f31113e155975c670f88b80d36c6""}}",features,"[803, 512]",float32,False,False,539e0e5b9d741cf485cd9141d023ecb6dd72f31113e155975c670f88b80d36c6,"[803, 2]",75e4784edc3fe9824e4ae927def9f0b54e44cce84f2d4cef31ca69c2d0056d22
2489137-B4.h5,features_biomedclip_20x/2489137-B4.h5,9908520,9fb34d4c2956d39d6abd0214a68d207766aabb92991881f7dfc2174710dc70e6,2026-01-07T11:34:54.426962,"[""coords"", ""features""]","{""coords"": {""dtype"": ""int64"", ""has_inf"": false, ""has_nan"": false, ""shape"": [5205, 2], ""summary_hash"": ""806cfb5afb5bca753beb621bcb1743279ae12658c9bad5580586f7306b9036a1""}, ""features"": {""dtype"": ""float32"", ""has_inf"": false, ""has_nan"": false, ""shape"": [5205, 512], ""summary_hash"": ""227bbf56020deaae27b91b0b2cb80cfe8b7773d72b440f6ff549f3b552fc62b2""}}",features,"[5205, 512]",float32,False,False,227bbf56020deaae27b91b0b2cb80cfe8b7773d72b440f6ff549f3b552fc62b2,"[5205, 2]",806cfb5afb5bca753beb621bcb1743279ae12658c9bad5580586f7306b9036a1
2489182-B2.h5,features_biomedclip_20x/2489182-B2.h5,7097233,13562d66a3ca82297ac145c71e0d877d7f208a449ba5a1d0654519e16cb1ba02,2026-01-07T11:34:29.329052,"[""coords"", ""features""]","{""coords"": {""dtype"": ""int64"", ""has_inf"": false, ""has_nan"": false, ""shape"": [3726, 2], ""summary_hash"": ""ca09f8d16b18429bd684f2bce4c6d1e0ff8f956161231ae3c7817ed53205df9f""}, ""features"": {""dtype"": ""float32"", ""has_inf"": false, ""has_nan"": false, ""shape"": [3726, 512], ""summary_hash"": ""d5228a3424e6c823fb5d2fdc7a05c14423b3db7e17be5b13bb0c6b2135bad5c2""}}",features,"[3726, 512]",float32,False,False,d5228a3424e6c823fb5d2fdc7a05c14423b3db7e17be5b13bb0c6b2135bad5c2,"[3726, 2]",ca09f8d16b18429bd684f2bce4c6d1e0ff8f956161231ae3c7817ed53205df9f
2489203-B.h5,features_biomedclip_20x/2489203-B.h5,10628442,bf12c417786e82bb2fbb078887e5ff51115acc28d123d716e1b82e026338b97c,2026-01-07T11:34:30.879046,"[""coords"", ""features""]","{""coords"": {""dtype"": ""int64"", ""has_inf"": false, ""has_nan"": false, ""shape"": [5588, 2], ""summary_hash"": ""4b369b993f65b7053dc86e9694e2ded66899b5d00ccab8aa6f73b0831d5e4682""}, ""features"": {""dtype"": ""float32"", ""has_inf"": false, ""has_nan"": false, ""shape"": [5588, 512], ""summary_hash"": ""f7776b19b48f17865028dfab36e196ae55de320237f2e8f3a130b3ed4efb99bd""}}",features,"[5588, 512]",float32,False,False,f7776b19b48f17865028dfab36e196ae55de320237f2e8f3a130b3ed4efb99bd,"[5588, 2]",4b369b993f65b7053dc86e9694e2ded66899b5d00ccab8aa6f73b0831d5e4682
2489331-B2.h5,features_biomedclip_20x/2489331-B2.h5,5895941,b1ce50f8300090f6d70112ead79cca8e10dde9fc3726c481132151ea86c3d5c8,2026-01-07T11:34:43.881000,"[""coords"", ""features""]","{""coords"": {""dtype"": ""int64"", ""has_inf"": false, ""has_nan"": false, ""shape"": [3091, 2], ""summary_hash"": ""3d28b7edc72bff2cc54c923ec369b84f082b7dc906d6aae3a38a975866dc26ea""}, ""features"": {""dtype"": ""float32"", ""has_inf"": false, ""has_nan"": false, ""shape"": [3091, 512], ""summary_hash"": ""a9f6becbafc88d190dc8043aadbed49ab7b655f7b7a72d108b984bbff4fefda3""}}",features,"[3091, 512]",float32,False,False,a9f6becbafc88d190dc8043aadbed49ab7b655f7b7a72d108b984bbff4fefda3,"[3091, 2]",3d28b7edc72bff2cc54c923ec369b84f082b7dc906d6aae3a38a975866dc26ea
2490526B3.h5,features_biomedclip_20x/2490526B3.h5,5293831,0e5d2ea7fa005cc6c9c55d32b0abc9f285f10c7842315cb293396edd4799434e,2026-01-07T11:34:16.997096,"[""coords"", ""features""]","{""coords"": {""dtype"": ""int64"", ""has_inf"": false, ""has_nan"": false, ""shape"": [2774, 2], ""summary_hash"": ""10f40a700b598d7f35cc6e3ce9a3ec7b5ab540aec33039a170f0794e88a69f36""}, ""features"": {""dtype"": ""float32"", ""has_inf"": false, ""has_nan"": false, ""shape"": [2774, 512], ""summary_hash"": ""0a40ea184f6721271420ae792f9026edc33d67729c7c6bd00731ea9035a413a8""}}",features,"[2774, 512]",float32,False,False,0a40ea184f6721271420ae792f9026edc33d67729c7c6bd00731ea9035a413a8,"[2774, 2]",10f40a700b598d7f35cc6e3ce9a3ec7b5ab540aec33039a170f0794e88a69f36
2490547B2.h5,features_biomedclip_20x/2490547B2.h5,4817299,66ec871d9dd8a9e4022daf18e2cb4d56482b1487eb73d141d37d04e5de46e74e,2026-01-07T11:34:52.337970,"[""coords"", ""features""]","{""coords"": {""dtype"": ""int64"", ""has_inf"": false, ""has_nan"": false, ""shape"": [2521, 2], ""summary_hash"": ""733f7745cbb82170495c1b0debdffba236fbcf2f28d09a77efb7efdd2bc8d93e""}, ""features"": {""dtype"": ""float32"", ""has_inf"": false, ""has_nan"": false, ""shape"": [2521, 512], ""summary_hash"": ""62bd4c002711d29406baa2403142deec07919d9d23192d16885e34377787cd1d""}}",features,"[2521, 512]",float32,False,False,62bd4c002711d29406baa2403142deec07919d9d23192d16885e34377787cd1d,"[2521, 2]",733f7745cbb82170495c1b0debdffba236fbcf2f28d09a77efb7efdd2bc8d93e
2490750B4.h5,features_biomedclip_20x/2490750B4.h5,2104734,2e11a9636760461198c27be027cfb2a77714e53f0310443c400e8ffe7a51a94e,2026-01-07T11:34:27.983057,"[""coords"", ""features""]","{""coords"": {""dtype"": ""int64"", ""has_inf"": false, ""has_nan"": false, ""shape"": [1097, 2], ""summary_hash"": ""593dec2b68da22a513a223ceb3d1c9a00870d89138739ac10c72b6ae58542923""}, ""features"": {""dtype"": ""float32"", ""has_inf"": false, ""has_nan"": false, ""shape"": [1097, 512], ""summary_hash"": ""4b3aeff97df6e14ced2565af79d90ca22f5a24436cbd31c0c1611b32bb7942d8""}}",features,"[1097, 512]",float32,False,False,4b3aeff97df6e14ced2565af79d90ca22f5a24436cbd31c0c1611b32bb7942d8,"[1097, 2]",593dec2b68da22a513a223ceb3d1c9a00870d89138739ac10c72b6ae58542923
2490820B2.h5,features_biomedclip_20x/2490820B2.h5,3455380,4c3323ed6a4db10f37e76cc55297eba3cb82645f1e26e6ca463d6e90b33f4932,2026-01-07T11:34:54.989960,"[""coords"", ""features""]","{""coords"": {""dtype"": ""int64"", ""has_inf"": false, ""has_nan"": false, ""shape"": [1812, 2], ""summary_hash"": ""1cd3ab2a7742eebec77715ead87ca81d21036a6fada8541c8b58792b94507984""}, ""features"": {""dtype"": ""float32"", ""has_inf"": false, ""has_nan"": false, ""shape"": [1812, 512], ""summary_hash"": ""4de23c3f7de0d5c728e0cd37c797bd3e1b2fbaa35450fc5d03c78f2a131897be""}}",features,"[1812, 512]",float32,False,False,4de23c3f7de0d5c728e0cd37c797bd3e1b2fbaa35450fc5d03c78f2a131897be,"[1812, 2]",1cd3ab2a7742eebec77715ead87ca81d21036a6fada8541c8b58792b94507984
2490820B3.h5,features_biomedclip_20x/2490820B3.h5,3515719,b00c4595a47745e25656fde8c24ac16b727bab56a344672cdb6089e130cd3c87,2026-01-07T11:34:57.593951,"[""coords"", ""features""]","{""coords"": {""dtype"": ""int64"", ""has_inf"": false, ""has_nan"": false, ""shape"": [1844, 2], ""summary_hash"": ""c100713e4b4a272473cae57152328f1ca8a5eb2e2fc70876bd6500da9f23f413""}, ""features"": {""dtype"": ""float32"", ""has_inf"": false, ""has_nan"": false, ""shape"": [1844, 512], ""summary_hash"": ""7f6e73f67b38b30743ec5aeacdb558d1d88f1b5db3e750c41fa53106ab2e8def""}}",features,"[1844, 512]",float32,False,False,7f6e73f67b38b30743ec5aeacdb558d1d88f1b5db3e750c41fa53106ab2e8def,"[1844, 2]",c100713e4b4a272473cae57152328f1ca8a5eb2e2fc70876bd6500da9f23f413
2490837B2.h5,features_biomedclip_20x/2490837B2.h5,5549982,04e335dcf4309271f4abf3dfe7ae094b0945f4f2a1118c18a4451bd6c4b33c77,2026-01-07T11:34:32.985039,"[""coords"", ""features""]","{""coords"": {""dtype"": ""int64"", ""has_inf"": false, ""has_nan"": false, ""shape"": [2909, 2], ""summary_hash"": ""fff51911e3c6eb05a9556aedb0b344e98f546a8c25db37f38507a28608f22fd3""}, ""features"": {""dtype"": ""float32"", ""has_inf"": false, ""has_nan"": false, ""shape"": [2909, 512], ""summary_hash"": ""b54c304723e8e8f8fedb0a99949bf522beb0ab382497e533cea4fe22d34a1553""}}",features,"[2909, 512]",float32,False,False,b54c304723e8e8f8fedb0a99949bf522beb0ab382497e533cea4fe22d34a1553,"[2909, 2]",fff51911e3c6eb05a9556aedb0b344e98f546a8c25db37f38507a28608f22fd3
2490844B1.h5,features_biomedclip_20x/2490844B1.h5,6986873,260d89e1ef90aafc6aeddd62a52b32b926e46b85044c6ff660358854b81be5a8,2026-01-07T11:34:25.287066,"[""coords"", ""features""]","{""coords"": {""dtype"": ""int64"", ""has_inf"": false, ""has_nan"": false, ""shape"": [3668, 2], ""summary_hash"": ""ef90e2eb121b98e592f23b02b6092a7be57e11325a74c796eb06ebe2f775eb9f""}, ""features"": {""dtype"": ""float32"", ""has_inf"": false, ""has_nan"": false, ""shape"": [3668, 512], ""summary_hash"": ""d46cb3f5322eb48b3859d90f69b3b57ded34a31c67a496fca6cf99f41a61d449""}}",features,"[3668, 512]",float32,False,False,d46cb3f5322eb48b3859d90f69b3b57ded34a31c67a496fca6cf99f41a61d449,"[3668, 2]",ef90e2eb121b98e592f23b02b6092a7be57e11325a74c796eb06ebe2f775eb9f
2490860B2.h5,features_biomedclip_20x/2490860B2.h5,8021017,5d77762d91e1da38cf325664b2ad086703c1c14ef53e6f28a5ded600f09f8c69,2026-01-07T11:34:28.291056,"[""coords"", ""features""]","{""coords"": {""dtype"": ""int64"", ""has_inf"": false, ""has_nan"": false, ""shape"": [4208, 2], ""summary_hash"": ""35923595336146b5852d97f85553989ac5e747a56edf4636ccbb023dd3c85d49""}, ""features"": {""dtype"": ""float32"", ""has_inf"": false, ""has_nan"": false, ""shape"": [4208, 512], ""summary_hash"": ""6d3fbe19568cd6da6dab3dfa4ea1dc748a21a4a8359539873030f9c153e4263f""}}",features,"[4208, 512]",float32,False,False,6d3fbe19568cd6da6dab3dfa4ea1dc748a21a4a8359539873030f9c153e4263f,"[4208, 2]",35923595336146b5852d97f85553989ac5e747a56edf4636ccbb023dd3c85d49
2490963B2.h5,features_biomedclip_20x/2490963B2.h5,6877018,c1140a736f49863128b5cd10957ff490ec51e0e13ca07eb0e17b54f6c1d03ca3,2026-01-07T11:34:26.303063,"[""coords"", ""features""]","{""coords"": {""dtype"": ""int64"", ""has_inf"": false, ""has_nan"": false, ""shape"": [3611, 2], ""summary_hash"": ""a3f9d4a66fddff5d2d33f0262329e835b099cc44988f5d63afe861dae92fe01e""}, ""features"": {""dtype"": ""float32"", ""has_inf"": false, ""has_nan"": false, ""shape"": [3611, 512], ""summary_hash"": ""3030f3ae86c9cbbd3ed16754c8ed737cc1fe35ed782828aa7a9e42d47d0d566c""}}",features,"[3611, 512]",float32,False,False,3030f3ae86c9cbbd3ed16754c8ed737cc1fe35ed782828aa7a9e42d47d0d566c,"[3611, 2]",a3f9d4a66fddff5d2d33f0262329e835b099cc44988f5d63afe861dae92fe01e
2490964B2.h5,features_biomedclip_20x/2490964B2.h5,2751834,2efdf84c84513285a3ff575f707872ae6cb0ab09365551796602561b9d1cd53b,2026-01-07T11:34:43.815000,"[""coords"", ""features""]","{""coords"": {""dtype"": ""int64"", ""has_inf"": false, ""has_nan"": false, ""shape"": [1439, 2], ""summary_hash"": ""a68d589d08770b1286ff90553b5164f15ee6923a970ef9f7cd14d793841e4f03""}, ""features"": {""dtype"": ""float32"", ""has_inf"": false, ""has_nan"": false, ""shape"": [1439, 512], ""summary_hash"": ""f07a1bd14aa3d71419ce96a9aa4d15e15a82d5837627446aa59770cc7ee65e01""}}",features,"[1439, 512]",float32,False,False,f07a1bd14aa3d71419ce96a9aa4d15e15a82d5837627446aa59770cc7ee65e01,"[1439, 2]",a68d589d08770b1286ff90553b5164f15ee6923a970ef9f7cd14d793841e4f03
2490972B8.h5,features_biomedclip_20x/2490972B8.h5,5344277,8842d6bc80ab38c1cfbbe6b5ad9ec5a2481c99f4a9500efb545ddc22031cbe47,2026-01-07T11:34:50.237977,"[""coords"", ""features""]","{""coords"": {""dtype"": ""int64"", ""has_inf"": false, ""has_nan"": false, ""shape"": [2801, 2], ""summary_hash"": ""33bde7806fdcc8e16d2ac6940075471b71c2996d50828bbc6811eb11d9451b8a""}, ""features"": {""dtype"": ""float32"", ""has_inf"": false, ""has_nan"": false, ""shape"": [2801, 512], ""summary_hash"": ""38eb270ce3d0e54c3d3b5a30b7482bf16c3d408798c5f631659b5ebf259df71e""}}",features,"[2801, 512]",float32,False,False,38eb270ce3d0e54c3d3b5a30b7482bf16c3d408798c5f631659b5ebf259df71e,"[2801, 2]",33bde7806fdcc8e16d2ac6940075471b71c2996d50828bbc6811eb11d9451b8a
2490978B2.h5,features_biomedclip_20x/2490978B2.h5,3687277,61188e259c6e4240f86071cde97101c47f631f910035ffd7a1d9529ccf228a3b,2026-01-07T11:34:44.568998,"[""coords"", ""features""]","{""coords"": {""dtype"": ""int64"", ""has_inf"": false, ""has_nan"": false, ""shape"": [1934, 2], ""summary_hash"": ""7c2415ad36cbbaecb462ab6b84b1e6635118da07e54499ddbb7d51ecb6982510""}, ""features"": {""dtype"": ""float32"", ""has_inf"": false, ""has_nan"": false, ""shape"": [1934, 512], ""summary_hash"": ""dd68e12481c6d316a6a29e9b6f0809a5d3f261e2b75ee0e20295f6ca9453a8f0""}}",features,"[1934, 512]",float32,False,False,dd68e12481c6d316a6a29e9b6f0809a5d3f261e2b75ee0e20295f6ca9453a8f0,"[1934, 2]",7c2415ad36cbbaecb462ab6b84b1e6635118da07e54499ddbb7d51ecb6982510
2490980B.h5,features_biomedclip_20x/2490980B.h5,11246667,b8f259195cd28442d9f50fff16fd7aed6c0054c88034b9e6f88bc54d05256381,2026-01-07T11:34:52.113971,"[""coords"", ""features""]","{""coords"": {""dtype"": ""int64"", ""has_inf"": false, ""has_nan"": false, ""shape"": [5912, 2], ""summary_hash"": ""963b88d2b18ff29919b85361cdda1d07617055ec280397e98df79b50650101e9""}, ""features"": {""dtype"": ""float32"", ""has_inf"": false, ""has_nan"": false, ""shape"": [5912, 512], ""summary_hash"": ""b05f6a37bd9ac3f7158a094b70642427f5d501356c5c08b77869d513cdb4a2a1""}}",features,"[5912, 512]",float32,False,False,b05f6a37bd9ac3f7158a094b70642427f5d501356c5c08b77869d513cdb4a2a1,"[5912, 2]",963b88d2b18ff29919b85361cdda1d07617055ec280397e98df79b50650101e9
2491131B2.h5,features_biomedclip_20x/2491131B2.h5,7379036,1d1fe6c801472f8d62ff97117da930ceb35326c13155dbe364440d19147a20b1,2026-01-07T11:34:50.061978,"[""coords"", ""features""]","{""coords"": {""dtype"": ""int64"", ""has_inf"": false, ""has_nan"": false, ""shape"": [3875, 2], ""summary_hash"": ""96d5d4ed84f442c8bf25643ada0dd7c76df504b5d511bfaaa3c000fe8a4c3c25""}, ""features"": {""dtype"": ""float32"", ""has_inf"": false, ""has_nan"": false, ""shape"": [3875, 512], ""summary_hash"": ""b74f93a93d1ea898ba63ab46371983b433cdbec30e3f3d4fcfeb06ca595f7044""}}",features,"[3875, 512]",float32,False,False,b74f93a93d1ea898ba63ab46371983b433cdbec30e3f3d4fcfeb06ca595f7044,"[3875, 2]",96d5d4ed84f442c8bf25643ada0dd7c76df504b5d511bfaaa3c000fe8a4c3c25
2491191B2.h5,features_biomedclip_20x/2491191B2.h5,6298693,4ecebbf6b55577fc9b052ec54b98645f944b4e2df586ab11bd6a7ba3c192f58c,2026-01-07T11:34:36.649026,"[""coords"", ""features""]","{""coords"": {""dtype"": ""int64"", ""has_inf"": false, ""has_nan"": false, ""shape"": [3305, 2], ""summary_hash"": ""6e24921f6d6c4592b69ebce53a7fb129975e70b9f597e2992af259fdedb5bcac""}, ""features"": {""dtype"": ""float32"", ""has_inf"": false, ""has_nan"": false, ""shape"": [3305, 512], ""summary_hash"": ""02bb988e30e22a8661e8d34ff8efed371c0c6acde768e9e75879a0ab5912b9ce""}}",features,"[3305, 512]",float32,False,False,02bb988e30e22a8661e8d34ff8efed371c0c6acde768e9e75879a0ab5912b9ce,"[3305, 2]",6e24921f6d6c4592b69ebce53a7fb129975e70b9f597e2992af259fdedb5bcac
2491191B3.h5,features_biomedclip_20x/2491191B3.h5,8678289,7450834af07867ae94af0cba6b46e50849bce874b16d0aa6145b444d97d3f8af,2026-01-07T11:34:40.048014,"[""coords"", ""features""]","{""coords"": {""dtype"": ""int64"", ""has_inf"": false, ""has_nan"": false, ""shape"": [4558, 2], ""summary_hash"": ""3819ee86e3fb645dceb387d589f49b381998a8971352ccc27dd6df4a22d78713""}, ""features"": {""dtype"": ""float32"", ""has_inf"": false, ""has_nan"": false, ""shape"": [4558, 512], ""summary_hash"": ""7ec635632e0f5d3b15e36f90eacbef2e592d5d9804438be2cae18230485ac5dc""}}",features,"[4558, 512]",float32,False,False,7ec635632e0f5d3b15e36f90eacbef2e592d5d9804438be2cae18230485ac5dc,"[4558, 2]",3819ee86e3fb645dceb387d589f49b381998a8971352ccc27dd6df4a22d78713
2491226B2.h5,features_biomedclip_20x/2491226B2.h5,5117884,0022ac92840aaca43ae4eee1a1563731452ea2c26fcc29f575ca920e79634e4d,2026-01-07T11:34:53.879964,"[""coords"", ""features""]","{""coords"": {""dtype"": ""int64"", ""has_inf"": false, ""has_nan"": false, ""shape"": [2680, 2], ""summary_hash"": ""e423391a393688d75d515107699cb59df1195df99109feb34a801eae88962289""}, ""features"": {""dtype"": ""float32"", ""has_inf"": false, ""has_nan"": false, ""shape"": [2680, 512], ""summary_hash"": ""0ba0acc59451040ab0de31b032034b6492727d0fe4aff2f37db215348ba34a12""}}",features,"[2680, 512]",float32,False,False,0ba0acc59451040ab0de31b032034b6492727d0fe4aff2f37db215348ba34a12,"[2680, 2]",e423391a393688d75d515107699cb59df1195df99109feb34a801eae88962289
2491275B2.h5,features_biomedclip_20x/2491275B2.h5,5838627,7ea94df505f05e1ce096cf469aeefeeaf529040a04bc667f9762074e36935774,2026-01-07T11:34:55.512958,"[""coords"", ""features""]","{""coords"": {""dtype"": ""int64"", ""has_inf"": false, ""has_nan"": false, ""shape"": [3062, 2], ""summary_hash"": ""512084e385b85e2a80585cb431047a51f4d223b1679f6a0bc5bf8c400a56ce56""}, ""features"": {""dtype"": ""float32"", ""has_inf"": false, ""has_nan"": false, ""shape"": [3062, 512], ""summary_hash"": ""43cb98e623443018497ccf2c3d2f3239bc15517b4a56160d23a78b37ae91dccd""}}",features,"[3062, 512]",float32,False,False,43cb98e623443018497ccf2c3d2f3239bc15517b4a56160d23a78b37ae91dccd,"[3062, 2]",512084e385b85e2a80585cb431047a51f4d223b1679f6a0bc5bf8c400a56ce56
2491552B.h5,features_biomedclip_20x/2491552B.h5,2843285,c9888abcd7d5207a13944b2a30f461d4bbcdbf69219a15f2dbf3a58135f4a162,2026-01-07T11:34:41.352009,"[""coords"", ""features""]","{""coords"": {""dtype"": ""int64"", ""has_inf"": false, ""has_nan"": false, ""shape"": [1488, 2], ""summary_hash"": ""6a9f9c7ac1a40606059c368f38898de0e8270a06784ed1af53098a2414384063""}, ""features"": {""dtype"": ""float32"", ""has_inf"": false, ""has_nan"": false, ""shape"": [1488, 512], ""summary_hash"": ""2a1960b88d0565168bc6770dbe2f4ed7147a88e9bbb9c134b1ac7b5605328017""}}",features,"[1488, 512]",float32,False,False,2a1960b88d0565168bc6770dbe2f4ed7147a88e9bbb9c134b1ac7b5605328017,"[1488, 2]",6a9f9c7ac1a40606059c368f38898de0e8270a06784ed1af53098a2414384063
2491560B2.h5,features_biomedclip_20x/2491560B2.h5,3077630,8fb71414a04abee4cbd5c5f85febc16b52ab6818babd407f809d1008aa3444e0,2026-01-07T11:34:23.678072,"[""coords"", ""features""]","{""coords"": {""dtype"": ""int64"", ""has_inf"": false, ""has_nan"": false, ""shape"": [1611, 2], ""summary_hash"": ""ccbc9f8e7e1bb2064538b37a7b1d10a2b6dc458bfc2fe38c562812065b18b49f""}, ""features"": {""dtype"": ""float32"", ""has_inf"": false, ""has_nan"": false, ""shape"": [1611, 512], ""summary_hash"": ""a023887fd311224b9914dd3f4cc03188f74f7693605e14f0006cd870d9398a3f""}}",features,"[1611, 512]",float32,False,False,a023887fd311224b9914dd3f4cc03188f74f7693605e14f0006cd870d9398a3f,"[1611, 2]",ccbc9f8e7e1bb2064538b37a7b1d10a2b6dc458bfc2fe38c562812065b18b49f
2491579B.h5,features_biomedclip_20x/2491579B.h5,7390176,8eb71696b56c323eea9907095533a14fc67f8b007010d7b1ae642c9bf6bd274f,2026-01-07T11:35:04.834925,"[""coords"", ""features""]","{""coords"": {""dtype"": ""int64"", ""has_inf"": false, ""has_nan"": false, ""shape"": [3882, 2], ""summary_hash"": ""4100c075406fdd79f9af937b3f0461a1f653504b1d4f24eb4182961eb7d95ccc""}, ""features"": {""dtype"": ""float32"", ""has_inf"": false, ""has_nan"": false, ""shape"": [3882, 512], ""summary_hash"": ""b06f9ae907fcf0d3a98737cefc0dbae507df22e5ac00281bb15a1dd020a4c27b""}}",features,"[3882, 512]",float32,False,False,b06f9ae907fcf0d3a98737cefc0dbae507df22e5ac00281bb15a1dd020a4c27b,"[3882, 2]",4100c075406fdd79f9af937b3f0461a1f653504b1d4f24eb4182961eb7d95ccc
25001929B3.h5,features_biomedclip_20x/25001929B3.h5,4597899,11cac895c0f67410d4ce142b0154cc2e18dfc4b2066300b8019e6c0fbb58d86b,2026-01-07T11:34:20.125085,"[""coords"", ""features""]","{""coords"": {""dtype"": ""int64"", ""has_inf"": false, ""has_nan"": false, ""shape"": [2411, 2], ""summary_hash"": ""d5caf9dac4002f0e0983e8bbac807dc798238557672bc66aa4dd8247e26bf16b""}, ""features"": {""dtype"": ""float32"", ""has_inf"": false, ""has_nan"": false, ""shape"": [2411, 512], ""summary_hash"": ""3b6cd6e32a6728e3c609e323aeee67323f50b17d00b25ac3e4b1666cdc3ccc89""}}",features,"[2411, 512]",float32,False,False,3b6cd6e32a6728e3c609e323aeee67323f50b17d00b25ac3e4b1666cdc3ccc89,"[2411, 2]",d5caf9dac4002f0e0983e8bbac807dc798238557672bc66aa4dd8247e26bf16b
25001939B2.h5,features_biomedclip_20x/25001939B2.h5,6447869,bdcc2133c9e1f291337d8259afd4ed1d5b29d00f39d5b8fa1025e790175040cb,2026-01-07T11:34:20.982082,"[""coords"", ""features""]","{""coords"": {""dtype"": ""int64"", ""has_inf"": false, ""has_nan"": false, ""shape"": [3385, 2], ""summary_hash"": ""0d4e0c851d0592ff10cba3afd291a384101581da973a81d768c64b7ed8bd913c""}, ""features"": {""dtype"": ""float32"", ""has_inf"": false, ""has_nan"": false, ""shape"": [3385, 512], ""summary_hash"": ""ad85eb46196e95cb75315fc41a7d324fb538901569457e6880dfc5065fa6c8be""}}",features,"[3385, 512]",float32,False,False,ad85eb46196e95cb75315fc41a7d324fb538901569457e6880dfc5065fa6c8be,"[3385, 2]",0d4e0c851d0592ff10cba3afd291a384101581da973a81d768c64b7ed8bd913c
25001965B2.h5,features_biomedclip_20x/25001965B2.h5,3839305,9e112de9f352f2df0b14bd2f48765a64148de7d61648b1b86c47997700457cfc,2026-01-07T11:34:51.848972,"[""coords"", ""features""]","{""coords"": {""dtype"": ""int64"", ""has_inf"": false, ""has_nan"": false, ""shape"": [2014, 2], ""summary_hash"": ""9e42d4d1eac05bee81c9c4a6e4993a828c64da7a1518e920ffe6522f87f087c0""}, ""features"": {""dtype"": ""float32"", ""has_inf"": false, ""has_nan"": false, ""shape"": [2014, 512], ""summary_hash"": ""2a63589ead84f4691c18c9550687432300f48f46fc81cbc621660b9058777cfe""}}",features,"[2014, 512]",float32,False,False,2a63589ead84f4691c18c9550687432300f48f46fc81cbc621660b9058777cfe,"[2014, 2]",9e42d4d1eac05bee81c9c4a6e4993a828c64da7a1518e920ffe6522f87f087c0
25001966B2.h5,features_biomedclip_20x/25001966B2.h5,7060479,0162cc41c8a67ddcaf4ee3ea4016fb96550b2dce2435e20414f6389fbd8f6676,2026-01-07T11:34:19.095088,"[""coords"", ""features""]","{""coords"": {""dtype"": ""int64"", ""has_inf"": false, ""has_nan"": false, ""shape"": [3708, 2], ""summary_hash"": ""ffb7f6fc5d6dff26fe3a2fd35eeeb5c26938208ecf56e71dbeed634647ae714e""}, ""features"": {""dtype"": ""float32"", ""has_inf"": false, ""has_nan"": false, ""shape"": [3708, 512], ""summary_hash"": ""ffbc2d02b3a63e2ce17d8536684a1e5da00cf2c2476b2bf176da5d78e17280bc""}}",features,"[3708, 512]",float32,False,False,ffbc2d02b3a63e2ce17d8536684a1e5da00cf2c2476b2bf176da5d78e17280bc,"[3708, 2]",ffb7f6fc5d6dff26fe3a2fd35eeeb5c26938208ecf56e71dbeed634647ae714e
25002073B3.h5,features_biomedclip_20x/25002073B3.h5,4446655,35ba20b6da766e11b3d58798d045d58123b14b2b9d0aa2e9991cca6d827e13b6,2026-01-07T11:34:51.905971,"[""coords"", ""features""]","{""coords"": {""dtype"": ""int64"", ""has_inf"": false, ""has_nan"": false, ""shape"": [2331, 2], ""summary_hash"": ""89d8fe1fb4401482d899bed8ad612aa6e152454889e042e2ad64277a76ec047a""}, ""features"": {""dtype"": ""float32"", ""has_inf"": false, ""has_nan"": false, ""shape"": [2331, 512], ""summary_hash"": ""232b4e40caf64d657ed2093d459fa17a31154ccec9596d96518d602f90b3604a""}}",features,"[2331, 512]",float32,False,False,232b4e40caf64d657ed2093d459fa17a31154ccec9596d96518d602f90b3604a,"[2331, 2]",89d8fe1fb4401482d899bed8ad612aa6e152454889e042e2ad64277a76ec047a
25002238B.h5,features_biomedclip_20x/25002238B.h5,9343366,ffe28909ae4801d44ac410be9e2948e8bb53be11f6b505a0b56d2b3374716d7e,2026-01-07T11:34:32.828039,"[""coords"", ""features""]","{""coords"": {""dtype"": ""int64"", ""has_inf"": false, ""has_nan"": false, ""shape"": [4907, 2], ""summary_hash"": ""b1622eec4bf1f51f1069b096881602c46ebbc5b50d8556bce07ffcc3673d4378""}, ""features"": {""dtype"": ""float32"", ""has_inf"": false, ""has_nan"": false, ""shape"": [4907, 512], ""summary_hash"": ""7c649bbc7be966e9b6b74cf427b2a3772c3f1e704cbce7b463a0c8adb4bfdb2f""}}",features,"[4907, 512]",float32,False,False,7c649bbc7be966e9b6b74cf427b2a3772c3f1e704cbce7b463a0c8adb4bfdb2f,"[4907, 2]",b1622eec4bf1f51f1069b096881602c46ebbc5b50d8556bce07ffcc3673d4378
25002328B2.h5,features_biomedclip_20x/25002328B2.h5,2148768,0d39a34e1a19a6d9dbd9fffc06bf12e8fc1c834d21aa7fc516c9df4d07217fc1,2026-01-07T11:34:38.107021,"[""coords"", ""features""]","{""coords"": {""dtype"": ""int64"", ""has_inf"": false, ""has_nan"": false, ""shape"": [1120, 2], ""summary_hash"": ""a5a616846b66338cd5d395e23a70ecbedcc41afab91ecc580198a86b963a5e87""}, ""features"": {""dtype"": ""float32"", ""has_inf"": false, ""has_nan"": false, ""shape"": [1120, 512], ""summary_hash"": ""5c5d1a3dbd7ea7a0febfa98328f053c78ac1efaba55625912b20de89fd100f49""}}",features,"[1120, 512]",float32,False,False,5c5d1a3dbd7ea7a0febfa98328f053c78ac1efaba55625912b20de89fd100f49,"[1120, 2]",a5a616846b66338cd5d395e23a70ecbedcc41afab91ecc580198a86b963a5e87
25002329B2.h5,features_biomedclip_20x/25002329B2.h5,6704775,8562c732ae1f496a998d13fd7a05dbbd60bb05f831eedf497493ae999b4ab4b7,2026-01-07T11:34:19.067088,"[""coords"", ""features""]","{""coords"": {""dtype"": ""int64"", ""has_inf"": false, ""has_nan"": false, ""shape"": [3519, 2], ""summary_hash"": ""a16a80f2b7923dc2b03162d41dac5e4adbbf02f0d2fae8e9e7ac2d0b76c42026""}, ""features"": {""dtype"": ""float32"", ""has_inf"": false, ""has_nan"": false, ""shape"": [3519, 512], ""summary_hash"": ""6bf628b826430e2ff9ffd48371b510a186f0d78476c3e6d8965f3fad4b68fd79""}}",features,"[3519, 512]",float32,False,False,6bf628b826430e2ff9ffd48371b510a186f0d78476c3e6d8965f3fad4b68fd79,"[3519, 2]",a16a80f2b7923dc2b03162d41dac5e4adbbf02f0d2fae8e9e7ac2d0b76c42026
25002366B6.h5,features_biomedclip_20x/25002366B6.h5,6754273,6480606cb46c081697bdf6ed3d52aa13c0e782c45043441d39d2efced0d8a8cd,2026-01-07T11:34:39.073017,"[""coords"", ""features""]","{""coords"": {""dtype"": ""int64"", ""has_inf"": false, ""has_nan"": false, ""shape"": [3546, 2], ""summary_hash"": ""e46974622bc7528ca038417abbd767706e90572f7f1c45df7c14bf885a0df0e6""}, ""features"": {""dtype"": ""float32"", ""has_inf"": false, ""has_nan"": false, ""shape"": [3546, 512], ""summary_hash"": ""dadb0c1acc5f33ed7879df14ff64f6cc46e16b62c598a94b4eb31bb1fbd5118d""}}",features,"[3546, 512]",float32,False,False,dadb0c1acc5f33ed7879df14ff64f6cc46e16b62c598a94b4eb31bb1fbd5118d,"[3546, 2]",e46974622bc7528ca038417abbd767706e90572f7f1c45df7c14bf885a0df0e6
25002379B2.h5,features_biomedclip_20x/25002379B2.h5,4819558,9695c58869e7b75f5a75b67fbe8a5d71820b90f0a45184e3d8cc8ee30b1cfd83,2026-01-07T11:34:52.800968,"[""coords"", ""features""]","{""coords"": {""dtype"": ""int64"", ""has_inf"": false, ""has_nan"": false, ""shape"": [2523, 2], ""summary_hash"": ""78c3cb9c9c9eddcc7427a9b1391d5dd1f338e8e47ec4eae6141e06fac0be853b""}, ""features"": {""dtype"": ""float32"", ""has_inf"": false, ""has_nan"": false, ""shape"": [2523, 512], ""summary_hash"": ""c86a1a1ff3a6f2e26d0c4a26a4be816f8ff06074af9e243916b8a90b9ecbc8b2""}}",features,"[2523, 512]",float32,False,False,c86a1a1ff3a6f2e26d0c4a26a4be816f8ff06074af9e243916b8a90b9ecbc8b2,"[2523, 2]",78c3cb9c9c9eddcc7427a9b1391d5dd1f338e8e47ec4eae6141e06fac0be853b
25002388B2.h5,features_biomedclip_20x/25002388B2.h5,2626685,cf00b861b35f9575d522768bed606bb094cb37818df6ff95c82c177961e6122a,2026-01-07T11:34:51.210974,"[""coords"", ""features""]","{""coords"": {""dtype"": ""int64"", ""has_inf"": false, ""has_nan"": false, ""shape"": [1373, 2], ""summary_hash"": ""0c5e0cac8f483111d7f09bdc16b133bfe6df6916e4537de923f8fac608a34ba5""}, ""features"": {""dtype"": ""float32"", ""has_inf"": false, ""has_nan"": false, ""shape"": [1373, 512], ""summary_hash"": ""099cd1abf2585d2c59cfbfd985dae0c6d66bd9cbdde918eb3d3a2b4622e2381b""}}",features,"[1373, 512]",float32,False,False,099cd1abf2585d2c59cfbfd985dae0c6d66bd9cbdde918eb3d3a2b4622e2381b,"[1373, 2]",0c5e0cac8f483111d7f09bdc16b133bfe6df6916e4537de923f8fac608a34ba5
25002391B2.h5,features_biomedclip_20x/25002391B2.h5,5911466,f7b52dbd0009cd872a53f73d744dd15e7efa43c38af4721fab41b6f9d2d1a368,2026-01-07T11:35:00.890939,"[""coords"", ""features""]","{""coords"": {""dtype"": ""int64"", ""has_inf"": false, ""has_nan"": false, ""shape"": [3101, 2], ""summary_hash"": ""b1562f5b131c4d2df6e5bc54282e63fd10736b50647654040f5dd6c04348631e""}, ""features"": {""dtype"": ""float32"", ""has_inf"": false, ""has_nan"": false, ""shape"": [3101, 512], ""summary_hash"": ""f139e62c41fd2aca8326c794d9a57a6e31bef92902ea075e8ac9771c51c924fc""}}",features,"[3101, 512]",float32,False,False,f139e62c41fd2aca8326c794d9a57a6e31bef92902ea075e8ac9771c51c924fc,"[3101, 2]",b1562f5b131c4d2df6e5bc54282e63fd10736b50647654040f5dd6c04348631e
25002472B2.h5,features_biomedclip_20x/25002472B2.h5,10300948,00b1b93aeaec9070300fa6e71e825ccacd183c34be0420f04d67f44c653cf002,2026-01-07T11:34:43.567001,"[""coords"", ""features""]","{""coords"": {""dtype"": ""int64"", ""has_inf"": false, ""has_nan"": false, ""shape"": [5416, 2], ""summary_hash"": ""7c3506c8e20b553883f255d1b85cf05e9d1c7f59c2ef6260686594a3995968f7""}, ""features"": {""dtype"": ""float32"", ""has_inf"": false, ""has_nan"": false, ""shape"": [5416, 512], ""summary_hash"": ""41b1cd94a72b5600e0e8c8cf16368393ca5dea9b5d0fd8155504b81957b89287""}}",features,"[5416, 512]",float32,False,False,41b1cd94a72b5600e0e8c8cf16368393ca5dea9b5d0fd8155504b81957b89287,"[5416, 2]",7c3506c8e20b553883f255d1b85cf05e9d1c7f59c2ef6260686594a3995968f7
25002496B2.h5,features_biomedclip_20x/25002496B2.h5,2746812,b621a89f49484ee5dd74176014c7e766aca42b78315dbe3bd17fa89057abd403,2026-01-07T11:34:58.517948,"[""coords"", ""features""]","{""coords"": {""dtype"": ""int64"", ""has_inf"": false, ""has_nan"": false, ""shape"": [1437, 2], ""summary_hash"": ""e4ac9bdc18f8017ae21818670c71cde88977d07de08e6973ef087595dc9a53df""}, ""features"": {""dtype"": ""float32"", ""has_inf"": false, ""has_nan"": false, ""shape"": [1437, 512], ""summary_hash"": ""e5c63166b100282612b07478b50bca0a6f1cb503dae3aad3fd4f85b60cffbb9f""}}",features,"[1437, 512]",float32,False,False,e5c63166b100282612b07478b50bca0a6f1cb503dae3aad3fd4f85b60cffbb9f,"[1437, 2]",e4ac9bdc18f8017ae21818670c71cde88977d07de08e6973ef087595dc9a53df
25002504B2.h5,features_biomedclip_20x/25002504B2.h5,9627746,06ae79b472abe0a07ebe56281c8945d52f62d261bc65deb01c2e0b1d94e78860,2026-01-07T11:34:35.629029,"[""coords"", ""features""]","{""coords"": {""dtype"": ""int64"", ""has_inf"": false, ""has_nan"": false, ""shape"": [5058, 2], ""summary_hash"": ""a827e095f1b8f0d1e23ba1fedf0a1f9c73d77e14fde98aebfde5d3c22d3ef9c9""}, ""features"": {""dtype"": ""float32"", ""has_inf"": false, ""has_nan"": false, ""shape"": [5058, 512], ""summary_hash"": ""4c5339711e4096a9003488039fa1cf760830adad971e3c7a7d16a0d274a09f17""}}",features,"[5058, 512]",float32,False,False,4c5339711e4096a9003488039fa1cf760830adad971e3c7a7d16a0d274a09f17,"[5058, 2]",a827e095f1b8f0d1e23ba1fedf0a1f9c73d77e14fde98aebfde5d3c22d3ef9c9
25002510B2.h5,features_biomedclip_20x/25002510B2.h5,3950886,3bbf15a90b9d66ad02c0cf928640768cd6f5d14207b5805b7713181657b48a16,2026-01-07T11:34:30.787047,"[""coords"", ""features""]","{""coords"": {""dtype"": ""int64"", ""has_inf"": false, ""has_nan"": false, ""shape"": [2072, 2], ""summary_hash"": ""a9f32c0e8c23bae7de828262139c40036abc2179342fae6ed936fa400d3c8a2d""}, ""features"": {""dtype"": ""float32"", ""has_inf"": false, ""has_nan"": false, ""shape"": [2072, 512], ""summary_hash"": ""37ae4931637b152fddaaadb098dbea590acc3fe0bb12519ecc56b8e1a0ac725f""}}",features,"[2072, 512]",float32,False,False,37ae4931637b152fddaaadb098dbea590acc3fe0bb12519ecc56b8e1a0ac725f,"[2072, 2]",a9f32c0e8c23bae7de828262139c40036abc2179342fae6ed936fa400d3c8a2d
25002663B5.h5,features_biomedclip_20x/25002663B5.h5,9656749,94418762e1b3d438e3631d694bde6ab79bb8337a49dcaf229efabdca00936ab2,2026-01-07T11:34:51.420973,"[""coords"", ""features""]","{""coords"": {""dtype"": ""int64"", ""has_inf"": false, ""has_nan"": false, ""shape"": [5073, 2], ""summary_hash"": ""b7c11e95cd44746eec25c70d148524bdb0cd0fdd77a40442afa7ad5aa6e8cd35""}, ""features"": {""dtype"": ""float32"", ""has_inf"": false, ""has_nan"": false, ""shape"": [5073, 512], ""summary_hash"": ""8206de4704bce567b0e88a11038374aeb2db6a06422ab6225d14fad9df878ace""}}",features,"[5073, 512]",float32,False,False,8206de4704bce567b0e88a11038374aeb2db6a06422ab6225d14fad9df878ace,"[5073, 2]",b7c11e95cd44746eec25c70d148524bdb0cd0fdd77a40442afa7ad5aa6e8cd35
25002744B2.h5,features_biomedclip_20x/25002744B2.h5,5297245,c8af01368d0306490b981db104fb7deb23f5c0cc529dca6a6f67a5be73f7d24d,2026-01-07T11:34:55.203960,"[""coords"", ""features""]","{""coords"": {""dtype"": ""int64"", ""has_inf"": false, ""has_nan"": false, ""shape"": [2776, 2], ""summary_hash"": ""83ac40eb35957c18c12efa5337f99dee121971816326b2033012acfc1c54b24a""}, ""features"": {""dtype"": ""float32"", ""has_inf"": false, ""has_nan"": false, ""shape"": [2776, 512], ""summary_hash"": ""30f7313ca13251e57eec26e38dcceb73ec5e9d5e89952d734a3d7eed04c41577""}}",features,"[2776, 512]",float32,False,False,30f7313ca13251e57eec26e38dcceb73ec5e9d5e89952d734a3d7eed04c41577,"[2776, 2]",83ac40eb35957c18c12efa5337f99dee121971816326b2033012acfc1c54b24a
25002788B2.h5,features_biomedclip_20x/25002788B2.h5,5745296,35a4d6f95d210074ac04eca8a3b1eb4ab1e409f42e9ff16db252261d948da580,2026-01-07T11:35:05.884921,"[""coords"", ""features""]","{""coords"": {""dtype"": ""int64"", ""has_inf"": false, ""has_nan"": false, ""shape"": [3013, 2], ""summary_hash"": ""f592c1f3cbbe7c833d650d1bbd85ee501b258812b3525c6a53682dfe38c6475a""}, ""features"": {""dtype"": ""float32"", ""has_inf"": false, ""has_nan"": false, ""shape"": [3013, 512], ""summary_hash"": ""cd77b50440aae29af33ea5ac4ad0ef16d3011bb2ec5b36b6f2615dc4ec148df5""}}",features,"[3013, 512]",float32,False,False,cd77b50440aae29af33ea5ac4ad0ef16d3011bb2ec5b36b6f2615dc4ec148df5,"[3013, 2]",f592c1f3cbbe7c833d650d1bbd85ee501b258812b3525c6a53682dfe38c6475a
25002789B2.h5,features_biomedclip_20x/25002789B2.h5,6811503,4e008e250231acab2554497b0991e863403239dabf0642605a7bd48895046b1f,2026-01-07T11:34:45.714993,"[""coords"", ""features""]","{""coords"": {""dtype"": ""int64"", ""has_inf"": false, ""has_nan"": false, ""shape"": [3576, 2], ""summary_hash"": ""146e9bd1be5dc47d5ba4c677e49606836e699f1b4e9558b7a81c27a6c6808fbb""}, ""features"": {""dtype"": ""float32"", ""has_inf"": false, ""has_nan"": false, ""shape"": [3576, 512], ""summary_hash"": ""90f9d828eca648ed99bd4a756472743e3bdb36eeb8f9cc1b0a82d9bda541e037""}}",features,"[3576, 512]",float32,False,False,90f9d828eca648ed99bd4a756472743e3bdb36eeb8f9cc1b0a82d9bda541e037,"[3576, 2]",146e9bd1be5dc47d5ba4c677e49606836e699f1b4e9558b7a81c27a6c6808fbb
25002801B1.h5,features_biomedclip_20x/25002801B1.h5,4578252,612612a41caefbb5775358faf382b0f4e2be29e9df8dd9bee42582e55cbe56ac,2026-01-07T11:34:26.424062,"[""coords"", ""features""]","{""coords"": {""dtype"": ""int64"", ""has_inf"": false, ""has_nan"": false, ""shape"": [2401, 2], ""summary_hash"": ""e800052a28b2b0cf2ba2686b50c0227def0bdae8b873f7e16b18d085adc8b4cb""}, ""features"": {""dtype"": ""float32"", ""has_inf"": false, ""has_nan"": false, ""shape"": [2401, 512], ""summary_hash"": ""c5224877287c9c781e3a83a63d802f97b3909a529171d9e1201feb081e9f5e0b""}}",features,"[2401, 512]",float32,False,False,c5224877287c9c781e3a83a63d802f97b3909a529171d9e1201feb081e9f5e0b,"[2401, 2]",e800052a28b2b0cf2ba2686b50c0227def0bdae8b873f7e16b18d085adc8b4cb
25002804B2.h5,features_biomedclip_20x/25002804B2.h5,9071413,368512d40912046c0a4addfa1278fe60ee6de46afc20c241e84e379309dd65f0,2026-01-07T11:34:38.036021,"[""coords"", ""features""]","{""coords"": {""dtype"": ""int64"", ""has_inf"": false, ""has_nan"": false, ""shape"": [4763, 2], ""summary_hash"": ""460a6193d50fe06c297a189a0ac672138b6c6475d49eb7759408842ced6d9977""}, ""features"": {""dtype"": ""float32"", ""has_inf"": false, ""has_nan"": false, ""shape"": [4763, 512], ""summary_hash"": ""bb376739568e3d19423075f78dd87e31099fd8731cf9f3604ba3e49172afc81a""}}",features,"[4763, 512]",float32,False,False,bb376739568e3d19423075f78dd87e31099fd8731cf9f3604ba3e49172afc81a,"[4763, 2]",460a6193d50fe06c297a189a0ac672138b6c6475d49eb7759408842ced6d9977
25002897B2.h5,features_biomedclip_20x/25002897B2.h5,4906563,1633b5792935354a87d65f32a4621dc72e60a9f4619a67810964a03156471053,2026-01-07T11:34:36.454026,"[""coords"", ""features""]","{""coords"": {""dtype"": ""int64"", ""has_inf"": false, ""has_nan"": false, ""shape"": [2569, 2], ""summary_hash"": ""e22072946d53ddb1623425fb162fe962a13429ccc917f56a02fe20a5f76b77cc""}, ""features"": {""dtype"": ""float32"", ""has_inf"": false, ""has_nan"": false, ""shape"": [2569, 512], ""summary_hash"": ""d9c62ac0964b61cc3b4aa2c026f74263751a1f1ef4c75fa20c0886d708590bb2""}}",features,"[2569, 512]",float32,False,False,d9c62ac0964b61cc3b4aa2c026f74263751a1f1ef4c75fa20c0886d708590bb2,"[2569, 2]",e22072946d53ddb1623425fb162fe962a13429ccc917f56a02fe20a5f76b77cc
25002898B2.h5,features_biomedclip_20x/25002898B2.h5,2835640,4f3671c4061f314fa815c36c4478d0ad00d89f20f4ac629958602f9890171f92,2026-01-07T11:35:04.523926,"[""coords"", ""features""]","{""coords"": {""dtype"": ""int64"", ""has_inf"": false, ""has_nan"": false, ""shape"": [1484, 2], ""summary_hash"": ""0e66eb6ca2cd11e24ba828c146e20ad8d66319af53a4f0a494222eaeec379eee""}, ""features"": {""dtype"": ""float32"", ""has_inf"": false, ""has_nan"": false, ""shape"": [1484, 512], ""summary_hash"": ""ec2aba57b7239ec9ad7c158b30ebec79bce94665e2242eceae5d5b57bd351121""}}",features,"[1484, 512]",float32,False,False,ec2aba57b7239ec9ad7c158b30ebec79bce94665e2242eceae5d5b57bd351121,"[1484, 2]",0e66eb6ca2cd11e24ba828c146e20ad8d66319af53a4f0a494222eaeec379eee
25002906B2.h5,features_biomedclip_20x/25002906B2.h5,5149822,6501658430f914bbfbd082c2659450be366412302886a7700bb776796247ee83,2026-01-07T11:34:38.920018,"[""coords"", ""features""]","{""coords"": {""dtype"": ""int64"", ""has_inf"": false, ""has_nan"": false, ""shape"": [2697, 2], ""summary_hash"": ""fea5392a8af6c1c34fde41bf3a53bfe221ff70cfc41b9571d760767a67ea7653""}, ""features"": {""dtype"": ""float32"", ""has_inf"": false, ""has_nan"": false, ""shape"": [2697, 512], ""summary_hash"": ""8e75941091f9f13e8969aad49d338768f5bebe0f45c773cf786006f6a6c66a42""}}",features,"[2697, 512]",float32,False,False,8e75941091f9f13e8969aad49d338768f5bebe0f45c773cf786006f6a6c66a42,"[2697, 2]",fea5392a8af6c1c34fde41bf3a53bfe221ff70cfc41b9571d760767a67ea7653
25002907B3.h5,features_biomedclip_20x/25002907B3.h5,5117769,6cb2c1faa96660f5a75dab70a1b2c802ef7de9873207abb5ea6510b3f1e5ea69,2026-01-07T11:34:17.309095,"[""coords"", ""features""]","{""coords"": {""dtype"": ""int64"", ""has_inf"": false, ""has_nan"": false, ""shape"": [2681, 2], ""summary_hash"": ""5df45c90068104197fa256e1a9c9532ca68492f890bd8a44fe01a3af56e5fce2""}, ""features"": {""dtype"": ""float32"", ""has_inf"": false, ""has_nan"": false, ""shape"": [2681, 512], ""summary_hash"": ""ddcc470dc924a73c43e2c06f1bd97ab8d95f550a8c275663a5b85877519ef487""}}",features,"[2681, 512]",float32,False,False,ddcc470dc924a73c43e2c06f1bd97ab8d95f550a8c275663a5b85877519ef487,"[2681, 2]",5df45c90068104197fa256e1a9c9532ca68492f890bd8a44fe01a3af56e5fce2
25003038B2.h5,features_biomedclip_20x/25003038B2.h5,10845176,46db0796a7c9b90e623606d85b8e9a6e784b70c6379ca61aa92d3914045cb354,2026-01-07T11:34:57.361952,"[""coords"", ""features""]","{""coords"": {""dtype"": ""int64"", ""has_inf"": false, ""has_nan"": false, ""shape"": [5702, 2], ""summary_hash"": ""b5693dffbecd6b3228bc8ba294915fa8f07e401ab6e4d4addf84f835e50eee43""}, ""features"": {""dtype"": ""float32"", ""has_inf"": false, ""has_nan"": false, ""shape"": [5702, 512], ""summary_hash"": ""c9715b8a7536299a980adeeaf4901afc76551c87aa693c6fa61369d1b82b6544""}}",features,"[5702, 512]",float32,False,False,c9715b8a7536299a980adeeaf4901afc76551c87aa693c6fa61369d1b82b6544,"[5702, 2]",b5693dffbecd6b3228bc8ba294915fa8f07e401ab6e4d4addf84f835e50eee43
25009124B2.h5,features_biomedclip_20x/25009124B2.h5,6350139,577cbc7332ee92b3f154d50abe9b15af9245b122e80dd306aa62ed1cdbe6dc75,2026-01-07T11:34:54.394962,"[""coords"", ""features""]","{""coords"": {""dtype"": ""int64"", ""has_inf"": false, ""has_nan"": false, ""shape"": [3331, 2], ""summary_hash"": ""1a4225ac908c20cec30e11ae6f281f0a2da7bead68549c8e2fe42b4897517571""}, ""features"": {""dtype"": ""float32"", ""has_inf"": false, ""has_nan"": false, ""shape"": [3331, 512], ""summary_hash"": ""1a7dd7dec85c72195ba3da668297a98b654c2e52cf744694a67ee13a72e966e6""}}",features,"[3331, 512]",float32,False,False,1a7dd7dec85c72195ba3da668297a98b654c2e52cf744694a67ee13a72e966e6,"[3331, 2]",1a4225ac908c20cec30e11ae6f281f0a2da7bead68549c8e2fe42b4897517571
25009148B3.h5,features_biomedclip_20x/25009148B3.h5,4719624,84631b029c5b9fcc3a1edb32c25f3768a94e17ffbb1b498d3bf9071d44a5441b,2026-01-07T11:34:23.385073,"[""coords"", ""features""]","{""coords"": {""dtype"": ""int64"", ""has_inf"": false, ""has_nan"": false, ""shape"": [2470, 2], ""summary_hash"": ""4e0bd4660f250d17c71063e2fb619771393fc4673fb497f66f40f612b4200adf""}, ""features"": {""dtype"": ""float32"", ""has_inf"": false, ""has_nan"": false, ""shape"": [2470, 512], ""summary_hash"": ""7e5d67bfe74dc40e98ca712738f3e7a021dc090ee9c677392f90a543723a2595""}}",features,"[2470, 512]",float32,False,False,7e5d67bfe74dc40e98ca712738f3e7a021dc090ee9c677392f90a543723a2595,"[2470, 2]",4e0bd4660f250d17c71063e2fb619771393fc4673fb497f66f40f612b4200adf
25009148B4.h5,features_biomedclip_20x/25009148B4.h5,3335733,8d87db95e8ae03a908fb392d029c2ae2653f2cfd0a1e0e4c7cd8cd569f5e3cd5,2026-01-07T11:34:40.111013,"[""coords"", ""features""]","{""coords"": {""dtype"": ""int64"", ""has_inf"": false, ""has_nan"": false, ""shape"": [1748, 2], ""summary_hash"": ""bf92c08d616b5611f8b616b259a763b032696228688c94a4d57d81528190a1e7""}, ""features"": {""dtype"": ""float32"", ""has_inf"": false, ""has_nan"": false, ""shape"": [1748, 512], ""summary_hash"": ""c48483c6393829099f29f47afc25e1a3e79ed1f337e0668788df89c1cd8eac78""}}",features,"[1748, 512]",float32,False,False,c48483c6393829099f29f47afc25e1a3e79ed1f337e0668788df89c1cd8eac78,"[1748, 2]",bf92c08d616b5611f8b616b259a763b032696228688c94a4d57d81528190a1e7
25009294B2.h5,features_biomedclip_20x/25009294B2.h5,5923638,a1ce55b2251c48917d89b345d051c9846d5ff67f3bbd12c25c2a413e2561d54f,2026-01-07T11:34:59.426944,"[""coords"", ""features""]","{""coords"": {""dtype"": ""int64"", ""has_inf"": false, ""has_nan"": false, ""shape"": [3106, 2], ""summary_hash"": ""6b4ad5e870695503690b3cea8ed08ab069432cdc4d344f576a8a5b102fe187d5""}, ""features"": {""dtype"": ""float32"", ""has_inf"": false, ""has_nan"": false, ""shape"": [3106, 512], ""summary_hash"": ""8497cdf05a5a1b1596d15888644f5d109bcbc54398dba15229272db6ec4e9860""}}",features,"[3106, 512]",float32,False,False,8497cdf05a5a1b1596d15888644f5d109bcbc54398dba15229272db6ec4e9860,"[3106, 2]",6b4ad5e870695503690b3cea8ed08ab069432cdc4d344f576a8a5b102fe187d5
25009297B.h5,features_biomedclip_20x/25009297B.h5,9707894,139eca7ec1d344b3d6803a9edca98b8d6b687beb1dd01a64a30c9d46afce2187,2026-01-07T11:34:41.935007,"[""coords"", ""features""]","{""coords"": {""dtype"": ""int64"", ""has_inf"": false, ""has_nan"": false, ""shape"": [5102, 2], ""summary_hash"": ""ce9d36122d791c35ff920a716f335c9bb9de18c56d3de2a75527f4596348e03d""}, ""features"": {""dtype"": ""float32"", ""has_inf"": false, ""has_nan"": false, ""shape"": [5102, 512], ""summary_hash"": ""af49112dd29d975ef4b180eec224f9825359f32f4b4c0f2ce34c9b02c6c48b37""}}",features,"[5102, 512]",float32,False,False,af49112dd29d975ef4b180eec224f9825359f32f4b4c0f2ce34c9b02c6c48b37,"[5102, 2]",ce9d36122d791c35ff920a716f335c9bb9de18c56d3de2a75527f4596348e03d
25009367B2.h5,features_biomedclip_20x/25009367B2.h5,7115713,addfc327122b72b8c275d9841f287cdc43e9842cc2c3d6e99275f093dee9862e,2026-01-07T11:34:55.714958,"[""coords"", ""features""]","{""coords"": {""dtype"": ""int64"", ""has_inf"": false, ""has_nan"": false, ""shape"": [3738, 2], ""summary_hash"": ""8ddf245683efb49ef6ca15a31f5625a497574ca3c4f367cbd94c0128f019a6b2""}, ""features"": {""dtype"": ""float32"", ""has_inf"": false, ""has_nan"": false, ""shape"": [3738, 512], ""summary_hash"": ""4aa9a6e3266a5df66e06ce1d723f7aa607daa8c867b8b41216b0c7b1e13e8f0a""}}",features,"[3738, 512]",float32,False,False,4aa9a6e3266a5df66e06ce1d723f7aa607daa8c867b8b41216b0c7b1e13e8f0a,"[3738, 2]",8ddf245683efb49ef6ca15a31f5625a497574ca3c4f367cbd94c0128f019a6b2
25009529B2.h5,features_biomedclip_20x/25009529B2.h5,4696860,fac510012adb05b71b3c211e9fa3e054702c0d38d2673375691a08243b957078,2026-01-07T11:34:58.067949,"[""coords"", ""features""]","{""coords"": {""dtype"": ""int64"", ""has_inf"": false, ""has_nan"": false, ""shape"": [2464, 2], ""summary_hash"": ""610fce93261adca0ba6deb3394da107abaea523c3c2dc08a805144fcc0763488""}, ""features"": {""dtype"": ""float32"", ""has_inf"": false, ""has_nan"": false, ""shape"": [2464, 512], ""summary_hash"": ""268b78d3ffcf87419fd35dd2fbee0ab1bff882df10f10a5869220d3e96fdc7de""}}",features,"[2464, 512]",float32,False,False,268b78d3ffcf87419fd35dd2fbee0ab1bff882df10f10a5869220d3e96fdc7de,"[2464, 2]",610fce93261adca0ba6deb3394da107abaea523c3c2dc08a805144fcc0763488
25009539B3.h5,features_biomedclip_20x/25009539B3.h5,5885332,29e3afa6fe8ea8f8eee1c2ba6127c8cfbce3b1aa464f839ed080922a7377d7e3,2026-01-07T11:35:02.510933,"[""coords"", ""features""]","{""coords"": {""dtype"": ""int64"", ""has_inf"": false, ""has_nan"": false, ""shape"": [3086, 2], ""summary_hash"": ""fc14482d727ed3f916bd27d7542f4d61b2f05d7cac181356416047aa7ab35ef6""}, ""features"": {""dtype"": ""float32"", ""has_inf"": false, ""has_nan"": false, ""shape"": [3086, 512], ""summary_hash"": ""41086a46d740a2e46090fc5091c0d3d6b85c31e187aca06b83ca0a6fd4a64a58""}}",features,"[3086, 512]",float32,False,False,41086a46d740a2e46090fc5091c0d3d6b85c31e187aca06b83ca0a6fd4a64a58,"[3086, 2]",fc14482d727ed3f916bd27d7542f4d61b2f05d7cac181356416047aa7ab35ef6
25009557B.h5,features_biomedclip_20x/25009557B.h5,4240382,a8860a617431566cad6f0cce985d24cd7e7d6bde0f753fe61daecdd2554f0543,2026-01-07T11:34:30.729047,"[""coords"", ""features""]","{""coords"": {""dtype"": ""int64"", ""has_inf"": false, ""has_nan"": false, ""shape"": [2222, 2], ""summary_hash"": ""211763a09aef6c6995848099d84fab62c6fd2d28a40cf7db9750cdac43692068""}, ""features"": {""dtype"": ""float32"", ""has_inf"": false, ""has_nan"": false, ""shape"": [2222, 512], ""summary_hash"": ""06d49763e74fd572fea72a7ea0a8372f2694be6c553c88d7dca83ae20827aebe""}}",features,"[2222, 512]",float32,False,False,06d49763e74fd572fea72a7ea0a8372f2694be6c553c88d7dca83ae20827aebe,"[2222, 2]",211763a09aef6c6995848099d84fab62c6fd2d28a40cf7db9750cdac43692068
25009578B4.h5,features_biomedclip_20x/25009578B4.h5,7787375,13c83aa0ef7d167561d3b551e17d6943a67ee338ce84307a889e7871572e8caa,2026-01-07T11:34:31.639044,"[""coords"", ""features""]","{""coords"": {""dtype"": ""int64"", ""has_inf"": false, ""has_nan"": false, ""shape"": [4092, 2], ""summary_hash"": ""5b6f2716163c768328a3bfcd7bbd2e1f7b61788a41be9e221cdd88e3a3274e11""}, ""features"": {""dtype"": ""float32"", ""has_inf"": false, ""has_nan"": false, ""shape"": [4092, 512], ""summary_hash"": ""9f6f3b82a743ad1848574d988e1a4671a0c2de1d042b0af311484d455b74c260""}}",features,"[4092, 512]",float32,False,False,9f6f3b82a743ad1848574d988e1a4671a0c2de1d042b0af311484d455b74c260,"[4092, 2]",5b6f2716163c768328a3bfcd7bbd2e1f7b61788a41be9e221cdd88e3a3274e11
25009747B.h5,features_biomedclip_20x/25009747B.h5,7905753,78f2b865890443664a42ef5226b5d10ed885d9d8623086de452fcdbe851a5b96,2026-01-07T11:34:39.040017,"[""coords"", ""features""]","{""coords"": {""dtype"": ""int64"", ""has_inf"": false, ""has_nan"": false, ""shape"": [4150, 2], ""summary_hash"": ""885006955d1ab13a92abfc416ec5c3266aa6249d695dce2f3330e7ffed3e0140""}, ""features"": {""dtype"": ""float32"", ""has_inf"": false, ""has_nan"": false, ""shape"": [4150, 512], ""summary_hash"": ""8b93b5c71226b8b2e127c95b27b76d17b3df90cc97f0a90d2ed0e9c4ff5d4bda""}}",features,"[4150, 512]",float32,False,False,8b93b5c71226b8b2e127c95b27b76d17b3df90cc97f0a90d2ed0e9c4ff5d4bda,"[4150, 2]",885006955d1ab13a92abfc416ec5c3266aa6249d695dce2f3330e7ffed3e0140
25009756B2.h5,features_biomedclip_20x/25009756B2.h5,6443706,e5fd5c1ed3db21f4914117f438b30cd8835c73663b96e90a8c4d8a4fa3477a0f,2026-01-07T11:34:42.036007,"[""coords"", ""features""]","{""coords"": {""dtype"": ""int64"", ""has_inf"": false, ""has_nan"": false, ""shape"": [3381, 2], ""summary_hash"": ""1710cfbaf4f112dc56d2be998a69b38b4bafc0adb7846aa7eb6cb939fc38df6d""}, ""features"": {""dtype"": ""float32"", ""has_inf"": false, ""has_nan"": false, ""shape"": [3381, 512], ""summary_hash"": ""114c01e4fcad12569a9c84b9fe199385128a1f418f63c0eefc84d6d472644e87""}}",features,"[3381, 512]",float32,False,False,114c01e4fcad12569a9c84b9fe199385128a1f418f63c0eefc84d6d472644e87,"[3381, 2]",1710cfbaf4f112dc56d2be998a69b38b4bafc0adb7846aa7eb6cb939fc38df6d
25012148B3.h5,features_biomedclip_20x/25012148B3.h5,6655723,1406dd93bc54950cdd53c302fd73a6863b6fbce76b1e246b296633991966a601,2026-01-07T11:34:57.788950,"[""coords"", ""features""]","{""coords"": {""dtype"": ""int64"", ""has_inf"": false, ""has_nan"": false, ""shape"": [3493, 2], ""summary_hash"": ""35206a7153c9654696de0ab11439ba50717cd27d7ffd6aec22844ae9037dab03""}, ""features"": {""dtype"": ""float32"", ""has_inf"": false, ""has_nan"": false, ""shape"": [3493, 512], ""summary_hash"": ""39e9cb0f2891ab589e0dbf3af11e0eea7beeb743bfd3ec5a592a3737aefee4d9""}}",features,"[3493, 512]",float32,False,False,39e9cb0f2891ab589e0dbf3af11e0eea7beeb743bfd3ec5a592a3737aefee4d9,"[3493, 2]",35206a7153c9654696de0ab11439ba50717cd27d7ffd6aec22844ae9037dab03
25012148B4.h5,features_biomedclip_20x/25012148B4.h5,7656621,96a0e26b572767e42ec812af817f1422cdb08b0ecaba04787e7f5e076c66b623,2026-01-07T11:34:42.238006,"[""coords"", ""features""]","{""coords"": {""dtype"": ""int64"", ""has_inf"": false, ""has_nan"": false, ""shape"": [4023, 2], ""summary_hash"": ""82b8b2e4f8987295e8b419ba72db246b2cd8522a568230f860bb7567af7e9219""}, ""features"": {""dtype"": ""float32"", ""has_inf"": false, ""has_nan"": false, ""shape"": [4023, 512], ""summary_hash"": ""f917768cc0f49eceb8e441f292d59aa1d80b253142f0707d22ec13962ee694f1""}}",features,"[4023, 512]",float32,False,False,f917768cc0f49eceb8e441f292d59aa1d80b253142f0707d22ec13962ee694f1,"[4023, 2]",82b8b2e4f8987295e8b419ba72db246b2cd8522a568230f860bb7567af7e9219
25012153B2.h5,features_biomedclip_20x/25012153B2.h5,5811070,e6ee25bb6e457c2b7e0f31ceb08d116f9960a3bafdf9ce9ab4d08174345f5cc5,2026-01-07T11:34:35.901028,"[""coords"", ""features""]","{""coords"": {""dtype"": ""int64"", ""has_inf"": false, ""has_nan"": false, ""shape"": [3047, 2], ""summary_hash"": ""473bc91a5a64546e81a7d63ff85e11273a7fb8c66c523f9f2118b50dde698ebd""}, ""features"": {""dtype"": ""float32"", ""has_inf"": false, ""has_nan"": false, ""shape"": [3047, 512], ""summary_hash"": ""f44cb689f52e78ca95fe188af272ab4df2047b4ff921159879e25bc7ba58a212""}}",features,"[3047, 512]",float32,False,False,f44cb689f52e78ca95fe188af272ab4df2047b4ff921159879e25bc7ba58a212,"[3047, 2]",473bc91a5a64546e81a7d63ff85e11273a7fb8c66c523f9f2118b50dde698ebd
25012170B4.h5,features_biomedclip_20x/25012170B4.h5,5062574,d58fa443f46e2d5a6b8ab0da079c17613cc932c6c4b69346c20e29d54e72052d,2026-01-07T11:34:56.034957,"[""coords"", ""features""]","{""coords"": {""dtype"": ""int64"", ""has_inf"": false, ""has_nan"": false, ""shape"": [2651, 2], ""summary_hash"": ""24c0c03a50693e467043e37bb7d6efa34eafd557aafc03e85bcbe69c07b4ba83""}, ""features"": {""dtype"": ""float32"", ""has_inf"": false, ""has_nan"": false, ""shape"": [2651, 512], ""summary_hash"": ""474bb60a3f552873e0aa9c5524d1fa84fccc4131a91767c50e31691893aa3609""}}",features,"[2651, 512]",float32,False,False,474bb60a3f552873e0aa9c5524d1fa84fccc4131a91767c50e31691893aa3609,"[2651, 2]",24c0c03a50693e467043e37bb7d6efa34eafd557aafc03e85bcbe69c07b4ba83
25012170B5.h5,features_biomedclip_20x/25012170B5.h5,7427955,044bbcf45a3cbf6984b71504e551eec7f8a5920fb1391e496f6c0df443bf93ba,2026-01-07T11:34:57.367952,"[""coords"", ""features""]","{""coords"": {""dtype"": ""int64"", ""has_inf"": false, ""has_nan"": false, ""shape"": [3902, 2], ""summary_hash"": ""f8fb33140184ebee897f153c821eab087d028f461f4f2cfeb1e4c564eabe6856""}, ""features"": {""dtype"": ""float32"", ""has_inf"": false, ""has_nan"": false, ""shape"": [3902, 512], ""summary_hash"": ""18a104f26676484f85e51d4013a6a74ac95c29f1651fab0d8ab8765707cbfb95""}}",features,"[3902, 512]",float32,False,False,18a104f26676484f85e51d4013a6a74ac95c29f1651fab0d8ab8765707cbfb95,"[3902, 2]",f8fb33140184ebee897f153c821eab087d028f461f4f2cfeb1e4c564eabe6856
25012175B4.h5,features_biomedclip_20x/25012175B4.h5,3027946,646e512995869a8a063c3bedb2f98eab8df860ef43561d9f1426cc97fb95d780,2026-01-07T11:34:51.910971,"[""coords"", ""features""]","{""coords"": {""dtype"": ""int64"", ""has_inf"": false, ""has_nan"": false, ""shape"": [1586, 2], ""summary_hash"": ""cee1d44813e8fb37ba727ae0342f8290ef3ce64fa4448569c6ccba3f9fde7060""}, ""features"": {""dtype"": ""float32"", ""has_inf"": false, ""has_nan"": false, ""shape"": [1586, 512], ""summary_hash"": ""bb66bdd6dc6a6db4c8d44034512255bc59293788d1b49449872f97db5ea3e656""}}",features,"[1586, 512]",float32,False,False,bb66bdd6dc6a6db4c8d44034512255bc59293788d1b49449872f97db5ea3e656,"[1586, 2]",cee1d44813e8fb37ba727ae0342f8290ef3ce64fa4448569c6ccba3f9fde7060
25012253B3.h5,features_biomedclip_20x/25012253B3.h5,2711534,c398ea6bfd95e2ae6ac92222d38f4827b445f1f07cf3d8b09a852e90052c37c4,2026-01-07T11:34:42.207006,"[""coords"", ""features""]","{""coords"": {""dtype"": ""int64"", ""has_inf"": false, ""has_nan"": false, ""shape"": [1418, 2], ""summary_hash"": ""77142861bca9082f0dc6afcdbc7195d3893036d442fc1ef5bdfd446c4952412c""}, ""features"": {""dtype"": ""float32"", ""has_inf"": false, ""has_nan"": false, ""shape"": [1418, 512], ""summary_hash"": ""79edc8c9c73bbd478f17353f1e76a593bd0e6b95842472a037b65c6ad70297ee""}}",features,"[1418, 512]",float32,False,False,79edc8c9c73bbd478f17353f1e76a593bd0e6b95842472a037b65c6ad70297ee,"[1418, 2]",77142861bca9082f0dc6afcdbc7195d3893036d442fc1ef5bdfd446c4952412c
25012485B2.h5,features_biomedclip_20x/25012485B2.h5,8173134,0067b36618d9d31553729d1770eb34bf74523c1a685a4c37260256754950a4f5,2026-01-07T11:34:17.471094,"[""coords"", ""features""]","{""coords"": {""dtype"": ""int64"", ""has_inf"": false, ""has_nan"": false, ""shape"": [4287, 2], ""summary_hash"": ""5f697bb70ada80564c7c1a54f009f0e7f90e22a90f23f52a2e8c0e265f5b3465""}, ""features"": {""dtype"": ""float32"", ""has_inf"": false, ""has_nan"": false, ""shape"": [4287, 512], ""summary_hash"": ""8940b58a15cd5dffc1c886bc6d644eeddbadb874b8cfe099c16c4706e830d412""}}",features,"[4287, 512]",float32,False,False,8940b58a15cd5dffc1c886bc6d644eeddbadb874b8cfe099c16c4706e830d412,"[4287, 2]",5f697bb70ada80564c7c1a54f009f0e7f90e22a90f23f52a2e8c0e265f5b3465
25012628B2.h5,features_biomedclip_20x/25012628B2.h5,4752090,29bf999bec1b9b7f8935c3908f3b5d5742f0bc2028a6b539d767f6ae91f169ee,2026-01-07T11:34:50.889975,"[""coords"", ""features""]","{""coords"": {""dtype"": ""int64"", ""has_inf"": false, ""has_nan"": false, ""shape"": [2487, 2], ""summary_hash"": ""f2711860d7f89f703dc57ce6e4b557df5994e5c191cf85bdf14d91cfb7f7543c""}, ""features"": {""dtype"": ""float32"", ""has_inf"": false, ""has_nan"": false, ""shape"": [2487, 512], ""summary_hash"": ""f65d064df427e947689d4813c827bbcf9b4349f402c8a6561a74e1ac1a1875cb""}}",features,"[2487, 512]",float32,False,False,f65d064df427e947689d4813c827bbcf9b4349f402c8a6561a74e1ac1a1875cb,"[2487, 2]",f2711860d7f89f703dc57ce6e4b557df5994e5c191cf85bdf14d91cfb7f7543c
25012737B4.h5,features_biomedclip_20x/25012737B4.h5,3091428,e6fed79ac943d763d2fc1cc308d69499b92a0e792e8bc81c5e68592dda41ee33,2026-01-07T11:34:45.510994,"[""coords"", ""features""]","{""coords"": {""dtype"": ""int64"", ""has_inf"": false, ""has_nan"": false, ""shape"": [1619, 2], ""summary_hash"": ""076540673570273f103931dfd9657f53daf07e5c7a1684dfc8e40d0468312abd""}, ""features"": {""dtype"": ""float32"", ""has_inf"": false, ""has_nan"": false, ""shape"": [1619, 512], ""summary_hash"": ""979fce63aca3ceec9e5fcdff91b469b86c7fd89da4c7438f40ebde056e5e39ad""}}",features,"[1619, 512]",float32,False,False,979fce63aca3ceec9e5fcdff91b469b86c7fd89da4c7438f40ebde056e5e39ad,"[1619, 2]",076540673570273f103931dfd9657f53daf07e5c7a1684dfc8e40d0468312abd
25012760B2.h5,features_biomedclip_20x/25012760B2.h5,12302375,93b5d1ab5630132fafd5ff75ed6769da315cc37807c6801974d91d00d604d814,2026-01-07T11:34:56.798954,"[""coords"", ""features""]","{""coords"": {""dtype"": ""int64"", ""has_inf"": false, ""has_nan"": false, ""shape"": [6463, 2], ""summary_hash"": ""51b41fb253adb579d70a5b89f589dbf77933a28c8a27f6cf99258224fefa0152""}, ""features"": {""dtype"": ""float32"", ""has_inf"": false, ""has_nan"": false, ""shape"": [6463, 512], ""summary_hash"": ""6c9a4aaab458a1f523c54a01a798e95e7b2405384b05e9fedf4fde9262c353a1""}}",features,"[6463, 512]",float32,False,False,6c9a4aaab458a1f523c54a01a798e95e7b2405384b05e9fedf4fde9262c353a1,"[6463, 2]",51b41fb253adb579d70a5b89f589dbf77933a28c8a27f6cf99258224fefa0152
25012785B2.h5,features_biomedclip_20x/25012785B2.h5,9245480,d04e83d8b6283fec4af0f3114efb54db1e16ea82ea6152eaac5dc2548a1f749e,2026-01-07T11:35:05.304923,"[""coords"", ""features""]","{""coords"": {""dtype"": ""int64"", ""has_inf"": false, ""has_nan"": false, ""shape"": [4855, 2], ""summary_hash"": ""0c93febfd9fecc80fa90847cdc9e7c3a556f56c5e34ca182f324265b47c245c6""}, ""features"": {""dtype"": ""float32"", ""has_inf"": false, ""has_nan"": false, ""shape"": [4855, 512], ""summary_hash"": ""84645e6a83c3f70136f90ec62f4ebde6ec2f1a770002afcf5b2a939e2458a5f7""}}",features,"[4855, 512]",float32,False,False,84645e6a83c3f70136f90ec62f4ebde6ec2f1a770002afcf5b2a939e2458a5f7,"[4855, 2]",0c93febfd9fecc80fa90847cdc9e7c3a556f56c5e34ca182f324265b47c245c6
25012915B2.h5,features_biomedclip_20x/25012915B2.h5,8349405,24146ebb97e0736f322fab479918de9e6e2de101212d8a8112534ca8b78cf8ae,2026-01-07T11:34:49.322981,"[""coords"", ""features""]","{""coords"": {""dtype"": ""int64"", ""has_inf"": false, ""has_nan"": false, ""shape"": [4380, 2], ""summary_hash"": ""b3b0d634c3aca62c823a4a4259442e14455a76e8ae784fecfbeb6b82e3bda17f""}, ""features"": {""dtype"": ""float32"", ""has_inf"": false, ""has_nan"": false, ""shape"": [4380, 512], ""summary_hash"": ""7ebcdbe4c49ce4226b61f45dec10038fe1761ecf4f5962a18f04ca7f7eea73b0""}}",features,"[4380, 512]",float32,False,False,7ebcdbe4c49ce4226b61f45dec10038fe1761ecf4f5962a18f04ca7f7eea73b0,"[4380, 2]",b3b0d634c3aca62c823a4a4259442e14455a76e8ae784fecfbeb6b82e3bda17f
25012919B8.h5,features_biomedclip_20x/25012919B8.h5,5765925,3d390797c276597f81a43a4698309708b714be3125784616aa1aee1b12ffe0f5,2026-01-07T11:34:42.686004,"[""coords"", ""features""]","{""coords"": {""dtype"": ""int64"", ""has_inf"": false, ""has_nan"": false, ""shape"": [3023, 2], ""summary_hash"": ""9fd64bc74cb5ffa9806c1929b1820aaad49f9705333e26256cd47ddb645a00f2""}, ""features"": {""dtype"": ""float32"", ""has_inf"": false, ""has_nan"": false, ""shape"": [3023, 512], ""summary_hash"": ""3af84d9a7628d28c85a844c7c6e9cf44d7305eb9be2efc4ffe0cd3e815319bda""}}",features,"[3023, 512]",float32,False,False,3af84d9a7628d28c85a844c7c6e9cf44d7305eb9be2efc4ffe0cd3e815319bda,"[3023, 2]",9fd64bc74cb5ffa9806c1929b1820aaad49f9705333e26256cd47ddb645a00f2
25012919B9.h5,features_biomedclip_20x/25012919B9.h5,6401747,53a572e98f691a99ad58b32ef918154663125881a36340badf5f46cd4da09277,2026-01-07T11:34:30.995046,"[""coords"", ""features""]","{""coords"": {""dtype"": ""int64"", ""has_inf"": false, ""has_nan"": false, ""shape"": [3360, 2], ""summary_hash"": ""c7dfd4a28bb82e722d49f8ebfa7c687e90a2f776844013e22c1da4e79be4514e""}, ""features"": {""dtype"": ""float32"", ""has_inf"": false, ""has_nan"": false, ""shape"": [3360, 512], ""summary_hash"": ""9fa90baca6ab98ee67902c788d299adc0c83ff992a5a6a6f81ca51bf1a0e062b""}}",features,"[3360, 512]",float32,False,False,9fa90baca6ab98ee67902c788d299adc0c83ff992a5a6a6f81ca51bf1a0e062b,"[3360, 2]",c7dfd4a28bb82e722d49f8ebfa7c687e90a2f776844013e22c1da4e79be4514e
25013023B2.h5,features_biomedclip_20x/25013023B2.h5,9711168,57eb6dceac0b053b36a66dd052bbc9723af8fb01c34bb2c7552a07d92ef35d5c,2026-01-07T11:34:25.449066,"[""coords"", ""features""]","{""coords"": {""dtype"": ""int64"", ""has_inf"": false, ""has_nan"": false, ""shape"": [5101, 2], ""summary_hash"": ""a4ca20e90aaaad0b82d0b8904f0f5177e5ba5477aa4b22827ad42040af391c01""}, ""features"": {""dtype"": ""float32"", ""has_inf"": false, ""has_nan"": false, ""shape"": [5101, 512], ""summary_hash"": ""cfb978099f7dacd3fa4a33a70b5e4a3c244772de043875ffc378a60a154bd727""}}",features,"[5101, 512]",float32,False,False,cfb978099f7dacd3fa4a33a70b5e4a3c244772de043875ffc378a60a154bd727,"[5101, 2]",a4ca20e90aaaad0b82d0b8904f0f5177e5ba5477aa4b22827ad42040af391c01
25013062B2.h5,features_biomedclip_20x/25013062B2.h5,2445219,2f1fcb945caed06834300567253559dee13cb6177625841e214518cbf03ee206,2026-01-07T11:34:59.905943,"[""coords"", ""features""]","{""coords"": {""dtype"": ""int64"", ""has_inf"": false, ""has_nan"": false, ""shape"": [1277, 2], ""summary_hash"": ""89dc7f8fc11f5c739a3ad5bc49b1a06b6e2715e47953a5142d49481cc3335d66""}, ""features"": {""dtype"": ""float32"", ""has_inf"": false, ""has_nan"": false, ""shape"": [1277, 512], ""summary_hash"": ""2c04a6a4ee28cabf2add14d2cba3163cf4804f200dacb9c889990f1ccf01e1dd""}}",features,"[1277, 512]",float32,False,False,2c04a6a4ee28cabf2add14d2cba3163cf4804f200dacb9c889990f1ccf01e1dd,"[1277, 2]",89dc7f8fc11f5c739a3ad5bc49b1a06b6e2715e47953a5142d49481cc3335d66
25013062B3.h5,features_biomedclip_20x/25013062B3.h5,4033984,26a713fa5df8e51e24344547396aa626448d16d776583a8c3585814a2e8e7a98,2026-01-07T11:34:53.567965,"[""coords"", ""features""]","{""coords"": {""dtype"": ""int64"", ""has_inf"": false, ""has_nan"": false, ""shape"": [2113, 2], ""summary_hash"": ""4bd634c27760b3c859549210b5c09a8a905125db8c658431af898aa0129f6ef5""}, ""features"": {""dtype"": ""float32"", ""has_inf"": false, ""has_nan"": false, ""shape"": [2113, 512], ""summary_hash"": ""3952d7d7868a8449c13c29926a81fa91347fe74fe41a3018961683a084f64586""}}",features,"[2113, 512]",float32,False,False,3952d7d7868a8449c13c29926a81fa91347fe74fe41a3018961683a084f64586,"[2113, 2]",4bd634c27760b3c859549210b5c09a8a905125db8c658431af898aa0129f6ef5
25013162B2.h5,features_biomedclip_20x/25013162B2.h5,4794060,c9c2d633606b8515bf0776bd627478ae69726eb9e6f36c7aad2b0f63b750a82e,2026-01-07T11:34:16.175099,"[""coords"", ""features""]","{""coords"": {""dtype"": ""int64"", ""has_inf"": false, ""has_nan"": false, ""shape"": [2510, 2], ""summary_hash"": ""d3df982056fac83301f95fe20f8a721557eca463d8d7ed0f4ff26cc8c9ba3269""}, ""features"": {""dtype"": ""float32"", ""has_inf"": false, ""has_nan"": false, ""shape"": [2510, 512], ""summary_hash"": ""c759bc217c070919684c15283636e65fae194377500ddae13266396c4a00f760""}}",features,"[2510, 512]",float32,False,False,c759bc217c070919684c15283636e65fae194377500ddae13266396c4a00f760,"[2510, 2]",d3df982056fac83301f95fe20f8a721557eca463d8d7ed0f4ff26cc8c9ba3269
25013189B2.h5,features_biomedclip_20x/25013189B2.h5,6687186,517ddc868d48537d43c862399105addf5ebaba96c26c83719e9e2b2dea8c3c0f,2026-01-07T11:34:54.430962,"[""coords"", ""features""]","{""coords"": {""dtype"": ""int64"", ""has_inf"": false, ""has_nan"": false, ""shape"": [3510, 2], ""summary_hash"": ""0a162c212ea0b530746154a96d4bfa52fed98ae36e28a7955d7076642ed7b242""}, ""features"": {""dtype"": ""float32"", ""has_inf"": false, ""has_nan"": false, ""shape"": [3510, 512], ""summary_hash"": ""d73915f9aa4ff25afa1bdafe53b685960857ffcc849c4534d669319feac27baf""}}",features,"[3510, 512]",float32,False,False,d73915f9aa4ff25afa1bdafe53b685960857ffcc849c4534d669319feac27baf,"[3510, 2]",0a162c212ea0b530746154a96d4bfa52fed98ae36e28a7955d7076642ed7b242
25013189B3.h5,features_biomedclip_20x/25013189B3.h5,6608479,fca5eaa4df1229a6e283c69ff67c462066679f437e2de6161cf820790d7dc198,2026-01-07T11:34:58.513948,"[""coords"", ""features""]","{""coords"": {""dtype"": ""int64"", ""has_inf"": false, ""has_nan"": false, ""shape"": [3468, 2], ""summary_hash"": ""cbe0b62ec01fa0d4eb5de4bc7fd5569fbebe50b8e455fb3f33b54f91cae9db94""}, ""features"": {""dtype"": ""float32"", ""has_inf"": false, ""has_nan"": false, ""shape"": [3468, 512], ""summary_hash"": ""099773ca8a86a851a698d175f41feef8b881acb4364d94568145e1e3d11ca059""}}",features,"[3468, 512]",float32,False,False,099773ca8a86a851a698d175f41feef8b881acb4364d94568145e1e3d11ca059,"[3468, 2]",cbe0b62ec01fa0d4eb5de4bc7fd5569fbebe50b8e455fb3f33b54f91cae9db94
25013189B4.h5,features_biomedclip_20x/25013189B4.h5,3191689,c50ef41da464c587e76522f885f4207c45071eb06bf64a5b6200741c0b4e539b,2026-01-07T11:34:42.868004,"[""coords"", ""features""]","{""coords"": {""dtype"": ""int64"", ""has_inf"": false, ""has_nan"": false, ""shape"": [1672, 2], ""summary_hash"": ""3e3b3358aa7e00df80c1554ebfcf204c5c38f429c1e9c2dc4a533f04d23fefe0""}, ""features"": {""dtype"": ""float32"", ""has_inf"": false, ""has_nan"": false, ""shape"": [1672, 512], ""summary_hash"": ""fd41b5cafcad676871826c0b6f29725f5825377505dccf4c6b215b7363ea7883""}}",features,"[1672, 512]",float32,False,False,fd41b5cafcad676871826c0b6f29725f5825377505dccf4c6b215b7363ea7883,"[1672, 2]",3e3b3358aa7e00df80c1554ebfcf204c5c38f429c1e9c2dc4a533f04d23fefe0
25013352B2.h5,features_biomedclip_20x/25013352B2.h5,12273187,d03e98d704d3b5f7b21b515e22d197d5d4262fccb7657c6cc03a95df7cbd6876,2026-01-07T11:34:29.624051,"[""coords"", ""features""]","{""coords"": {""dtype"": ""int64"", ""has_inf"": false, ""has_nan"": false, ""shape"": [6447, 2], ""summary_hash"": ""bc3cdf92e8aec63748ea7f629774e3088811b05c08e15b322283634a3432bb69""}, ""features"": {""dtype"": ""float32"", ""has_inf"": false, ""has_nan"": false, ""shape"": [6447, 512], ""summary_hash"": ""0f7b42edabcc062e91fb007e16ac47d319ff9218b8f988ce3a5fdcbb5356c253""}}",features,"[6447, 512]",float32,False,False,0f7b42edabcc062e91fb007e16ac47d319ff9218b8f988ce3a5fdcbb5356c253,"[6447, 2]",bc3cdf92e8aec63748ea7f629774e3088811b05c08e15b322283634a3432bb69
25013465B2.h5,features_biomedclip_20x/25013465B2.h5,9912286,591195e7f17061dc22e0bd076591f57ea87dda117de1085bba4dc606f842aea7,2026-01-07T11:34:23.491073,"[""coords"", ""features""]","{""coords"": {""dtype"": ""int64"", ""has_inf"": false, ""has_nan"": false, ""shape"": [5209, 2], ""summary_hash"": ""7763dc058025a87a317d53935f703167386ac522f0c097fa1bf8ffdbea62e3c0""}, ""features"": {""dtype"": ""float32"", ""has_inf"": false, ""has_nan"": false, ""shape"": [5209, 512], ""summary_hash"": ""42703dd3478d173b88a86dbe477ae0313bc5f28fffcd2db803c5e761d1f55729""}}",features,"[5209, 512]",float32,False,False,42703dd3478d173b88a86dbe477ae0313bc5f28fffcd2db803c5e761d1f55729,"[5209, 2]",7763dc058025a87a317d53935f703167386ac522f0c097fa1bf8ffdbea62e3c0
25013629B6.h5,features_biomedclip_20x/25013629B6.h5,10023127,5240839a547297ec2e5ced0285ca5ef4302f4dde1adf3b951fe59ecda4f9aca2,2026-01-07T11:34:53.714965,"[""coords"", ""features""]","{""coords"": {""dtype"": ""int64"", ""has_inf"": false, ""has_nan"": false, ""shape"": [5266, 2], ""summary_hash"": ""94748807b9ad019d185e327cf9f0687369da77234b19bcd74248f9cdec6ab358""}, ""features"": {""dtype"": ""float32"", ""has_inf"": false, ""has_nan"": false, ""shape"": [5266, 512], ""summary_hash"": ""d49730e40e3d96743f16203dacd80e2d8933c4fd90f3ed1971b00065d7926c7c""}}",features,"[5266, 512]",float32,False,False,d49730e40e3d96743f16203dacd80e2d8933c4fd90f3ed1971b00065d7926c7c,"[5266, 2]",94748807b9ad019d185e327cf9f0687369da77234b19bcd74248f9cdec6ab358
25013871B6.h5,features_biomedclip_20x/25013871B6.h5,9991701,0998abeec84af40acd48e519578d8eeb5c9db4d9dd86cf263c9bab5b48971ed8,2026-01-07T11:34:52.883968,"[""coords"", ""features""]","{""coords"": {""dtype"": ""int64"", ""has_inf"": false, ""has_nan"": false, ""shape"": [5249, 2], ""summary_hash"": ""e35827e81aab85709fc46e18a6751d42fce0a74bfb309182381f7f35bab9cd0c""}, ""features"": {""dtype"": ""float32"", ""has_inf"": false, ""has_nan"": false, ""shape"": [5249, 512], ""summary_hash"": ""b450330055ac40e910c6e303340f6764107ebebca7ad73b3606fa41a8743d723""}}",features,"[5249, 512]",float32,False,False,b450330055ac40e910c6e303340f6764107ebebca7ad73b3606fa41a8743d723,"[5249, 2]",e35827e81aab85709fc46e18a6751d42fce0a74bfb309182381f7f35bab9cd0c
25013878B2.h5,features_biomedclip_20x/25013878B2.h5,6882849,e87e06cf60e9bf1810e16241e6e08149884410eb402ad5ea3619450f8b5d4b0d,2026-01-07T11:34:43.211002,"[""coords"", ""features""]","{""coords"": {""dtype"": ""int64"", ""has_inf"": false, ""has_nan"": false, ""shape"": [3613, 2], ""summary_hash"": ""e9945224e2e04c7c2693b75b70db981763c3b8a3d1c3ddc238989d34bc3e591d""}, ""features"": {""dtype"": ""float32"", ""has_inf"": false, ""has_nan"": false, ""shape"": [3613, 512], ""summary_hash"": ""bd5c76024185da7aee73baf806947b984783a1f36d1c60a04c712fac99904eb2""}}",features,"[3613, 512]",float32,False,False,bd5c76024185da7aee73baf806947b984783a1f36d1c60a04c712fac99904eb2,"[3613, 2]",e9945224e2e04c7c2693b75b70db981763c3b8a3d1c3ddc238989d34bc3e591d
25013977B2.h5,features_biomedclip_20x/25013977B2.h5,9645375,0088c90768c2dc38f29010ed582a2ea9bf9a7d0292957240551be6b19665c649,2026-01-07T11:34:56.478955,"[""coords"", ""features""]","{""coords"": {""dtype"": ""int64"", ""has_inf"": false, ""has_nan"": false, ""shape"": [5069, 2], ""summary_hash"": ""5df5c7d645ce61ddcc743f13569d1f4ce07069a61459255873bee158faa7b997""}, ""features"": {""dtype"": ""float32"", ""has_inf"": false, ""has_nan"": false, ""shape"": [5069, 512], ""summary_hash"": ""cf4441c6d2d49a6616f45775562b1e34aa83c6f5fba562bc817368f9244e51ed""}}",features,"[5069, 512]",float32,False,False,cf4441c6d2d49a6616f45775562b1e34aa83c6f5fba562bc817368f9244e51ed,"[5069, 2]",5df5c7d645ce61ddcc743f13569d1f4ce07069a61459255873bee158faa7b997
25014124B2.h5,features_biomedclip_20x/25014124B2.h5,9772181,06789a3a527de9edb02ceff3af2146aa6030bfe01b123fcf7340028a725f85f9,2026-01-07T11:35:06.038921,"[""coords"", ""features""]","{""coords"": {""dtype"": ""int64"", ""has_inf"": false, ""has_nan"": false, ""shape"": [5133, 2], ""summary_hash"": ""5eaa820f84e5e852d6bd2671801f6ff7c878c073f9ccffac35a43942dad59063""}, ""features"": {""dtype"": ""float32"", ""has_inf"": false, ""has_nan"": false, ""shape"": [5133, 512], ""summary_hash"": ""098c7a5620a0c591c622760565719382ad67ba19ce41ece9f8713831c393927f""}}",features,"[5133, 512]",float32,False,False,098c7a5620a0c591c622760565719382ad67ba19ce41ece9f8713831c393927f,"[5133, 2]",5eaa820f84e5e852d6bd2671801f6ff7c878c073f9ccffac35a43942dad59063
25014160B2.h5,features_biomedclip_20x/25014160B2.h5,4382640,a7b9979b80d8d0e0c014016764036735cf720174e7cfe4252b4d8ce993294626,2026-01-07T11:34:36.245027,"[""coords"", ""features""]","{""coords"": {""dtype"": ""int64"", ""has_inf"": false, ""has_nan"": false, ""shape"": [2297, 2], ""summary_hash"": ""b773755664819885b2b0cd9c48e297e8d7f3a1b3b208523f018b456c272e60a1""}, ""features"": {""dtype"": ""float32"", ""has_inf"": false, ""has_nan"": false, ""shape"": [2297, 512], ""summary_hash"": ""a4eaef21d0b63c88de09432f2298e5de8a485eab8e1b6aa0a70f13868cf3229f""}}",features,"[2297, 512]",float32,False,False,a4eaef21d0b63c88de09432f2298e5de8a485eab8e1b6aa0a70f13868cf3229f,"[2297, 2]",b773755664819885b2b0cd9c48e297e8d7f3a1b3b208523f018b456c272e60a1
25014217B2.h5,features_biomedclip_20x/25014217B2.h5,1094921,c28180bd26b2c5cdf6d06da248d267ed9304d02e3c0aae3abd892a5e036d5e6d,2026-01-07T11:34:55.935957,"[""coords"", ""features""]","{""coords"": {""dtype"": ""int64"", ""has_inf"": false, ""has_nan"": false, ""shape"": [571, 2], ""summary_hash"": ""fcf0a6d1f6981aea63bea77ef3c5a51d2d9c95d8e49b2707b5d8c4b646848eab""}, ""features"": {""dtype"": ""float32"", ""has_inf"": false, ""has_nan"": false, ""shape"": [571, 512], ""summary_hash"": ""67b01e3a2341dfc8942f9c9df1dc4a86d620646e548f74bbdbfefe780cb00280""}}",features,"[571, 512]",float32,False,False,67b01e3a2341dfc8942f9c9df1dc4a86d620646e548f74bbdbfefe780cb00280,"[571, 2]",fcf0a6d1f6981aea63bea77ef3c5a51d2d9c95d8e49b2707b5d8c4b646848eab
25014217B3.h5,features_biomedclip_20x/25014217B3.h5,3204702,2e2456b6e2a5e0f1cdc9277dcc40241748567c09ab79d3543a5aabadc547faba,2026-01-07T11:34:57.241952,"[""coords"", ""features""]","{""coords"": {""dtype"": ""int64"", ""has_inf"": false, ""has_nan"": false, ""shape"": [1679, 2], ""summary_hash"": ""d6e5dcf99b8ca83d3d6367efa8b7831214365da78dc1f6266538f2ed852eb523""}, ""features"": {""dtype"": ""float32"", ""has_inf"": false, ""has_nan"": false, ""shape"": [1679, 512], ""summary_hash"": ""a549b1ad3d9df6238344394ea1fb7f1e276c2fd276dc9b435eb23a7d401bb75e""}}",features,"[1679, 512]",float32,False,False,a549b1ad3d9df6238344394ea1fb7f1e276c2fd276dc9b435eb23a7d401bb75e,"[1679, 2]",d6e5dcf99b8ca83d3d6367efa8b7831214365da78dc1f6266538f2ed852eb523
25014226B2.h5,features_biomedclip_20x/25014226B2.h5,6317380,1d6e651493af5b1720889b606d1acaddb07fa4a6fc6d57393ae62c2d0e44319c,2026-01-07T11:34:55.059960,"[""coords"", ""features""]","{""coords"": {""dtype"": ""int64"", ""has_inf"": false, ""has_nan"": false, ""shape"": [3314, 2], ""summary_hash"": ""3ac8505debc0b06489998db2939a081a0cfecfb36c30d688b18b5681d575c345""}, ""features"": {""dtype"": ""float32"", ""has_inf"": false, ""has_nan"": false, ""shape"": [3314, 512], ""summary_hash"": ""5a8de14e356dce13d04c84ee51c49bb55ac16c2190dd959cf951a82d611aa808""}}",features,"[3314, 512]",float32,False,False,5a8de14e356dce13d04c84ee51c49bb55ac16c2190dd959cf951a82d611aa808,"[3314, 2]",3ac8505debc0b06489998db2939a081a0cfecfb36c30d688b18b5681d575c345
25014265B2.h5,features_biomedclip_20x/25014265B2.h5,5174466,a1586cec4fa264f6384dc47a707a1547f8335c5f4f083b247399b05e8912c4bb,2026-01-07T11:35:01.064939,"[""coords"", ""features""]","{""coords"": {""dtype"": ""int64"", ""has_inf"": false, ""has_nan"": false, ""shape"": [2711, 2], ""summary_hash"": ""453136f6e67cca29eeab956c5a4ae1b434462a64faed288574291c6ab610c467""}, ""features"": {""dtype"": ""float32"", ""has_inf"": false, ""has_nan"": false, ""shape"": [2711, 512], ""summary_hash"": ""ff41d782499aa6d2a10c6310bc073ebae3d6bf4d48b5fa0c14fff13e0edeb002""}}",features,"[2711, 512]",float32,False,False,ff41d782499aa6d2a10c6310bc073ebae3d6bf4d48b5fa0c14fff13e0edeb002,"[2711, 2]",453136f6e67cca29eeab956c5a4ae1b434462a64faed288574291c6ab610c467
25014268B.h5,features_biomedclip_20x/25014268B.h5,4447153,b10abc0706d9482ef1e525ee1820ef5807bc4aa07c265918cf71946136080d03,2026-01-07T11:34:20.615083,"[""coords"", ""features""]","{""coords"": {""dtype"": ""int64"", ""has_inf"": false, ""has_nan"": false, ""shape"": [2332, 2], ""summary_hash"": ""e1d1a497a2d70c7471bbada73816210d3857a75f5c52b8e8b908e76196558230""}, ""features"": {""dtype"": ""float32"", ""has_inf"": false, ""has_nan"": false, ""shape"": [2332, 512], ""summary_hash"": ""9a8654795db3ceef214993487936314fefc837e24c7b8949f730766abc7e1bf4""}}",features,"[2332, 512]",float32,False,False,9a8654795db3ceef214993487936314fefc837e24c7b8949f730766abc7e1bf4,"[2332, 2]",e1d1a497a2d70c7471bbada73816210d3857a75f5c52b8e8b908e76196558230
25014298B2.h5,features_biomedclip_20x/25014298B2.h5,2263806,32d3dae4e2f388490f537ba817faf14a1b39defde0083830b37a0786e8991c6b,2026-01-07T11:34:57.287952,"[""coords"", ""features""]","{""coords"": {""dtype"": ""int64"", ""has_inf"": false, ""has_nan"": false, ""shape"": [1181, 2], ""summary_hash"": ""f82204069f479cd31fe2ed1d71d5a78a4ca6d02b1fcc58e017649e9259b34da3""}, ""features"": {""dtype"": ""float32"", ""has_inf"": false, ""has_nan"": false, ""shape"": [1181, 512], ""summary_hash"": ""c20a22ed95893a00dba5810ded949f85557547b6f000c72b95de953fb3437a4a""}}",features,"[1181, 512]",float32,False,False,c20a22ed95893a00dba5810ded949f85557547b6f000c72b95de953fb3437a4a,"[1181, 2]",f82204069f479cd31fe2ed1d71d5a78a4ca6d02b1fcc58e017649e9259b34da3
25014311B2.h5,features_biomedclip_20x/25014311B2.h5,3344079,a2c7951b70618af0088e16e02ff4d460cb85663690683adaa0ac3f6b8ddbecae,2026-01-07T11:34:53.777965,"[""coords"", ""features""]","{""coords"": {""dtype"": ""int64"", ""has_inf"": false, ""has_nan"": false, ""shape"": [1752, 2], ""summary_hash"": ""5ac7302b07abcee2862bf9058ca1e36cd1c1c92c8d72a29b7d3ccf90123731d9""}, ""features"": {""dtype"": ""float32"", ""has_inf"": false, ""has_nan"": false, ""shape"": [1752, 512], ""summary_hash"": ""1f57cfd23b92be4dc0eae50985c6de976132db67298b16a23e1318a830c30a30""}}",features,"[1752, 512]",float32,False,False,1f57cfd23b92be4dc0eae50985c6de976132db67298b16a23e1318a830c30a30,"[1752, 2]",5ac7302b07abcee2862bf9058ca1e36cd1c1c92c8d72a29b7d3ccf90123731d9
25014318B.h5,features_biomedclip_20x/25014318B.h5,3259994,66f3dd031699c4ea3b3dfd190112dbb17c7916e077620639258db00343ead261,2026-01-07T11:34:51.384973,"[""coords"", ""features""]","{""coords"": {""dtype"": ""int64"", ""has_inf"": false, ""has_nan"": false, ""shape"": [1708, 2], ""summary_hash"": ""79743810ea454591aac3c8991a01567a0e30b1c6682666ba03beb978ddea0c25""}, ""features"": {""dtype"": ""float32"", ""has_inf"": false, ""has_nan"": false, ""shape"": [1708, 512], ""summary_hash"": ""900af27a8b35714131042e3377ada0ed7800f83c79b7bde6fa87e866b7e22a91""}}",features,"[1708, 512]",float32,False,False,900af27a8b35714131042e3377ada0ed7800f83c79b7bde6fa87e866b7e22a91,"[1708, 2]",79743810ea454591aac3c8991a01567a0e30b1c6682666ba03beb978ddea0c25
25014627B3.h5,features_biomedclip_20x/25014627B3.h5,3552185,4735ca5be3067fb2019e594c1e3bbecfcc2587734214d78196721f826f31d4cd,2026-01-07T11:35:05.927921,"[""coords"", ""features""]","{""coords"": {""dtype"": ""int64"", ""has_inf"": false, ""has_nan"": false, ""shape"": [1862, 2], ""summary_hash"": ""96b29a6594cf97902f182327a59d344a2c25afd85944a7c66669453b995f3c3b""}, ""features"": {""dtype"": ""float32"", ""has_inf"": false, ""has_nan"": false, ""shape"": [1862, 512], ""summary_hash"": ""988f6a29bf417fc65b5a3c3527ca42be75142b23a3e5d2b9a688dd3c0fa8c59c""}}",features,"[1862, 512]",float32,False,False,988f6a29bf417fc65b5a3c3527ca42be75142b23a3e5d2b9a688dd3c0fa8c59c,"[1862, 2]",96b29a6594cf97902f182327a59d344a2c25afd85944a7c66669453b995f3c3b
25014684B.h5,features_biomedclip_20x/25014684B.h5,10924330,7a3bce7513ecf78e9b9037b36b0a2bc862bbdfa1fdde29b14ce2c2bede3f4d60,2026-01-07T11:35:01.484937,"[""coords"", ""features""]","{""coords"": {""dtype"": ""int64"", ""has_inf"": false, ""has_nan"": false, ""shape"": [5744, 2], ""summary_hash"": ""6e09a5438264f4f881a6e454f00704b61edae8f5b1ef32858ec47bbfd10d28c5""}, ""features"": {""dtype"": ""float32"", ""has_inf"": false, ""has_nan"": false, ""shape"": [5744, 512], ""summary_hash"": ""6709d8f58472b0940b9296695f471117e6e0d4e35e388e886f5d3baf01a3a309""}}",features,"[5744, 512]",float32,False,False,6709d8f58472b0940b9296695f471117e6e0d4e35e388e886f5d3baf01a3a309,"[5744, 2]",6e09a5438264f4f881a6e454f00704b61edae8f5b1ef32858ec47bbfd10d28c5
25015052B3.h5,features_biomedclip_20x/25015052B3.h5,7822812,61e635727612beaf0e9ef580c9e568654f80b3fb986f95532c588901b335c7fc,2026-01-07T11:34:37.707022,"[""coords"", ""features""]","{""coords"": {""dtype"": ""int64"", ""has_inf"": false, ""has_nan"": false, ""shape"": [4110, 2], ""summary_hash"": ""4f779b4d293100c2e20efde67a5621a5bfe4d4e3f5441dfb03aeae4d384344fe""}, ""features"": {""dtype"": ""float32"", ""has_inf"": false, ""has_nan"": false, ""shape"": [4110, 512], ""summary_hash"": ""b8892764e315d921bc3db92f1340ad2f63704a0633470b5cfdeb116f4acca1b0""}}",features,"[4110, 512]",float32,False,False,b8892764e315d921bc3db92f1340ad2f63704a0633470b5cfdeb116f4acca1b0,"[4110, 2]",4f779b4d293100c2e20efde67a5621a5bfe4d4e3f5441dfb03aeae4d384344fe
25015064B.h5,features_biomedclip_20x/25015064B.h5,1955845,8886e8928f157874dda07ced6690db3f43caf56caae5fd5ff78ebe370e060a00,2026-01-07T11:34:16.929096,"[""coords"", ""features""]","{""coords"": {""dtype"": ""int64"", ""has_inf"": false, ""has_nan"": false, ""shape"": [1022, 2], ""summary_hash"": ""82c167d5686e4e99dc308fc689d98a8f1b4b0426b5cb2272939f0b7fb83c06bf""}, ""features"": {""dtype"": ""float32"", ""has_inf"": false, ""has_nan"": false, ""shape"": [1022, 512], ""summary_hash"": ""2b4fc7cca01728758ab9e256a5263add0d8951e815c2d819e25a09bf7d42a275""}}",features,"[1022, 512]",float32,False,False,2b4fc7cca01728758ab9e256a5263add0d8951e815c2d819e25a09bf7d42a275,"[1022, 2]",82c167d5686e4e99dc308fc689d98a8f1b4b0426b5cb2272939f0b7fb83c06bf
25015070B2.h5,features_biomedclip_20x/25015070B2.h5,5820982,15bfff8197c2954ebcad08a0c2c497b3ce6a6a5213264c906544c9be3dcdd2bf,2026-01-07T11:35:05.006925,"[""coords"", ""features""]","{""coords"": {""dtype"": ""int64"", ""has_inf"": false, ""has_nan"": false, ""shape"": [3053, 2], ""summary_hash"": ""22eeb0cfbc4920ea2c49f992afefbfb7d7a03ebc8697c02b0272093acd6a4077""}, ""features"": {""dtype"": ""float32"", ""has_inf"": false, ""has_nan"": false, ""shape"": [3053, 512], ""summary_hash"": ""fa181ab9132482eae2da36bff8202f3ac3a3c116b1859ad733dc0c8690889867""}}",features,"[3053, 512]",float32,False,False,fa181ab9132482eae2da36bff8202f3ac3a3c116b1859ad733dc0c8690889867,"[3053, 2]",22eeb0cfbc4920ea2c49f992afefbfb7d7a03ebc8697c02b0272093acd6a4077
25015087B2.h5,features_biomedclip_20x/25015087B2.h5,6046401,e05126a35a42130599e57da0e1861fa9c9ae4046ec1ad36effcce1042e39abac,2026-01-07T11:34:23.574072,"[""coords"", ""features""]","{""coords"": {""dtype"": ""int64"", ""has_inf"": false, ""has_nan"": false, ""shape"": [3171, 2], ""summary_hash"": ""f7961c4c6c9184b70972f0ee5def5270159f3d0e3c74bf6d78cc95986a4c4649""}, ""features"": {""dtype"": ""float32"", ""has_inf"": false, ""has_nan"": false, ""shape"": [3171, 512], ""summary_hash"": ""1200e81a7f7e5f1db3e7bec5f4dff8db7c8374374095bd652c81b767136c5e19""}}",features,"[3171, 512]",float32,False,False,1200e81a7f7e5f1db3e7bec5f4dff8db7c8374374095bd652c81b767136c5e19,"[3171, 2]",f7961c4c6c9184b70972f0ee5def5270159f3d0e3c74bf6d78cc95986a4c4649
25015101B2.h5,features_biomedclip_20x/25015101B2.h5,5647442,f98d4831d7eb21d21f86d957a061e83eea0288d81efebeaa3f1342756c2369f0,2026-01-07T11:34:47.883986,"[""coords"", ""features""]","{""coords"": {""dtype"": ""int64"", ""has_inf"": false, ""has_nan"": false, ""shape"": [2961, 2], ""summary_hash"": ""e2fb3047fe5616f0b1e613a9bfd9a1e9187432aaa8bb1a012a3e3db98d236971""}, ""features"": {""dtype"": ""float32"", ""has_inf"": false, ""has_nan"": false, ""shape"": [2961, 512], ""summary_hash"": ""e21875ce7bd7c4f1c9bba9934cd928b9a1dcc62fc6982c3675648d7c354c53ca""}}",features,"[2961, 512]",float32,False,False,e21875ce7bd7c4f1c9bba9934cd928b9a1dcc62fc6982c3675648d7c354c53ca,"[2961, 2]",e2fb3047fe5616f0b1e613a9bfd9a1e9187432aaa8bb1a012a3e3db98d236971
25015103B2.h5,features_biomedclip_20x/25015103B2.h5,3512226,cad901eacd3b0476ac31af039070f174075dc069f77ab48312ed1f7fe68d4a7a,2026-01-07T11:34:34.827032,"[""coords"", ""features""]","{""coords"": {""dtype"": ""int64"", ""has_inf"": false, ""has_nan"": false, ""shape"": [1841, 2], ""summary_hash"": ""9c75785f73a7bd1adff56558031d6e39ded79a0a5f89577ada23c3830bd4d409""}, ""features"": {""dtype"": ""float32"", ""has_inf"": false, ""has_nan"": false, ""shape"": [1841, 512], ""summary_hash"": ""e78bf9436b6e1d4916040a9969e001e2c49e380d60de3f4add38909e91275780""}}",features,"[1841, 512]",float32,False,False,e78bf9436b6e1d4916040a9969e001e2c49e380d60de3f4add38909e91275780,"[1841, 2]",9c75785f73a7bd1adff56558031d6e39ded79a0a5f89577ada23c3830bd4d409
25015190B2.h5,features_biomedclip_20x/25015190B2.h5,6628998,1ce547d979e1871ad00194683c1fd55197ed1e85781fd6cd70982ff65081aa81,2026-01-07T11:34:35.356030,"[""coords"", ""features""]","{""coords"": {""dtype"": ""int64"", ""has_inf"": false, ""has_nan"": false, ""shape"": [3479, 2], ""summary_hash"": ""5ebcdf8dd06eef3c4b027c7225c8b339f63c7f1bdd97a4ac99e1a4de0982a2c6""}, ""features"": {""dtype"": ""float32"", ""has_inf"": false, ""has_nan"": false, ""shape"": [3479, 512], ""summary_hash"": ""5aec14d7358f3141d1ebb5923b1c9a94b943e7bbb7ea78f4158b98f42ecd0af8""}}",features,"[3479, 512]",float32,False,False,5aec14d7358f3141d1ebb5923b1c9a94b943e7bbb7ea78f4158b98f42ecd0af8,"[3479, 2]",5ebcdf8dd06eef3c4b027c7225c8b339f63c7f1bdd97a4ac99e1a4de0982a2c6
25015191B2.h5,features_biomedclip_20x/25015191B2.h5,5305682,ecdc4430ae2434a8ac0a70a05f8600cc751fa4f3cb179717c56f3eaaae9791b0,2026-01-07T11:34:16.226098,"[""coords"", ""features""]","{""coords"": {""dtype"": ""int64"", ""has_inf"": false, ""has_nan"": false, ""shape"": [2780, 2], ""summary_hash"": ""7c060c51d302f6b0977f2f40ac1aad12a6763b855db5a31ff3179b541bd531b5""}, ""features"": {""dtype"": ""float32"", ""has_inf"": false, ""has_nan"": false, ""shape"": [2780, 512], ""summary_hash"": ""039370eff55a4e0f02f1a6509b2f4c35a6eab7f41cd5a422d810b58c1c52137d""}}",features,"[2780, 512]",float32,False,False,039370eff55a4e0f02f1a6509b2f4c35a6eab7f41cd5a422d810b58c1c52137d,"[2780, 2]",7c060c51d302f6b0977f2f40ac1aad12a6763b855db5a31ff3179b541bd531b5
25015191B3.h5,features_biomedclip_20x/25015191B3.h5,4145766,a48615ac196fb5bf03030e09344202955481c4344317673b7c3b810b499c424d,2026-01-07T11:34:19.200088,"[""coords"", ""features""]","{""coords"": {""dtype"": ""int64"", ""has_inf"": false, ""has_nan"": false, ""shape"": [2172, 2], ""summary_hash"": ""5f225d133dbf5e27e7d43c74201047f0c4dd410efbadbe98cefd567e90e6902a""}, ""features"": {""dtype"": ""float32"", ""has_inf"": false, ""has_nan"": false, ""shape"": [2172, 512], ""summary_hash"": ""cb76c6e416ffa1382fb77f77afb7a26f13d88921b7886b7782bec07afb25cb87""}}",features,"[2172, 512]",float32,False,False,cb76c6e416ffa1382fb77f77afb7a26f13d88921b7886b7782bec07afb25cb87,"[2172, 2]",5f225d133dbf5e27e7d43c74201047f0c4dd410efbadbe98cefd567e90e6902a
25015204B2.h5,features_biomedclip_20x/25015204B2.h5,7847352,7a771113135e03a28897ce8cb5ab533c5346ad165dcf312253c13b8c4a1969c0,2026-01-07T11:34:23.531073,"[""coords"", ""features""]","{""coords"": {""dtype"": ""int64"", ""has_inf"": false, ""has_nan"": false, ""shape"": [4122, 2], ""summary_hash"": ""35001a3bd766fb8ed2d0ad585f594f3708ee28871585c5d7a77d01a999e6f4fe""}, ""features"": {""dtype"": ""float32"", ""has_inf"": false, ""has_nan"": false, ""shape"": [4122, 512], ""summary_hash"": ""ef4bc9b52f36a8dc00f959966311520db6d98f6928df33054cf32508f9f4ea8b""}}",features,"[4122, 512]",float32,False,False,ef4bc9b52f36a8dc00f959966311520db6d98f6928df33054cf32508f9f4ea8b,"[4122, 2]",35001a3bd766fb8ed2d0ad585f594f3708ee28871585c5d7a77d01a999e6f4fe
25015215B2.h5,features_biomedclip_20x/25015215B2.h5,3796290,6c48da75121b68b79be658be14f653da2d1e87ee1cbc98bc36a27c7b3ac0ec33,2026-01-07T11:34:36.108028,"[""coords"", ""features""]","{""coords"": {""dtype"": ""int64"", ""has_inf"": false, ""has_nan"": false, ""shape"": [1991, 2], ""summary_hash"": ""d35e3b4f1d64a45c7bd2f4d054a1950c27f341ec8fc24e50ab95dc86c99cdfe9""}, ""features"": {""dtype"": ""float32"", ""has_inf"": false, ""has_nan"": false, ""shape"": [1991, 512], ""summary_hash"": ""e2de31a46e66fc060a9925bcf7e91f16e5cf306fe41b86cad323494f43be9ed8""}}",features,"[1991, 512]",float32,False,False,e2de31a46e66fc060a9925bcf7e91f16e5cf306fe41b86cad323494f43be9ed8,"[1991, 2]",d35e3b4f1d64a45c7bd2f4d054a1950c27f341ec8fc24e50ab95dc86c99cdfe9
25015234B2.h5,features_biomedclip_20x/25015234B2.h5,5474142,111f9298c251186a244fe4a1295da4956a9f82c2f42798880924004491057db0,2026-01-07T11:34:30.109049,"[""coords"", ""features""]","{""coords"": {""dtype"": ""int64"", ""has_inf"": false, ""has_nan"": false, ""shape"": [2869, 2], ""summary_hash"": ""d92b6e98ceb20714afae70837839cca6e122f0b9ce057041bf221d2a7fdedc9b""}, ""features"": {""dtype"": ""float32"", ""has_inf"": false, ""has_nan"": false, ""shape"": [2869, 512], ""summary_hash"": ""8f0d755e058b49e2ecdc432470081ad86037973b7b871ca58ba86232ff25e7cb""}}",features,"[2869, 512]",float32,False,False,8f0d755e058b49e2ecdc432470081ad86037973b7b871ca58ba86232ff25e7cb,"[2869, 2]",d92b6e98ceb20714afae70837839cca6e122f0b9ce057041bf221d2a7fdedc9b
25015408B3.h5,features_biomedclip_20x/25015408B3.h5,3988812,69773c0facff3d81e8bf03209c71473403f4b4672865155dac5f90bc48dcc05f,2026-01-07T11:34:34.804032,"[""coords"", ""features""]","{""coords"": {""dtype"": ""int64"", ""has_inf"": false, ""has_nan"": false, ""shape"": [2090, 2], ""summary_hash"": ""2703c2d76dea7504dc74b5d7f20192401570f80638d084cfedb782a3d95449fc""}, ""features"": {""dtype"": ""float32"", ""has_inf"": false, ""has_nan"": false, ""shape"": [2090, 512], ""summary_hash"": ""ffd002759f5c690b9be3455875bd4e992b8c354992bce6a566eddfc66c36e206""}}",features,"[2090, 512]",float32,False,False,ffd002759f5c690b9be3455875bd4e992b8c354992bce6a566eddfc66c36e206,"[2090, 2]",2703c2d76dea7504dc74b5d7f20192401570f80638d084cfedb782a3d95449fc
25015421B3.h5,features_biomedclip_20x/25015421B3.h5,8532132,c85f8f6b766db486f68588125a6f02bad7a21da472d9d03e584e3a650927ecdc,2026-01-07T11:34:38.016021,"[""coords"", ""features""]","{""coords"": {""dtype"": ""int64"", ""has_inf"": false, ""has_nan"": false, ""shape"": [4479, 2], ""summary_hash"": ""269682a6618c995d8a85ca5624246d4da145c0007888f7ba0b1290f74b7ea8d2""}, ""features"": {""dtype"": ""float32"", ""has_inf"": false, ""has_nan"": false, ""shape"": [4479, 512], ""summary_hash"": ""3edf3ebe8b7b178a820dcabbeffa6530df65848c8aae8e906300332b522d6138""}}",features,"[4479, 512]",float32,False,False,3edf3ebe8b7b178a820dcabbeffa6530df65848c8aae8e906300332b522d6138,"[4479, 2]",269682a6618c995d8a85ca5624246d4da145c0007888f7ba0b1290f74b7ea8d2
25015422B.h5,features_biomedclip_20x/25015422B.h5,4432837,8cc5a35194c66034c2f1fddfa63aa179e4ea8f72972b865551a2881f8ebea180,2026-01-07T11:34:56.376955,"[""coords"", ""features""]","{""coords"": {""dtype"": ""int64"", ""has_inf"": false, ""has_nan"": false, ""shape"": [2324, 2], ""summary_hash"": ""17648bac23b4970aac21b2c535c3cfc0364f918b0920e913c2f58a0bdb2fe186""}, ""features"": {""dtype"": ""float32"", ""has_inf"": false, ""has_nan"": false, ""shape"": [2324, 512], ""summary_hash"": ""00c1d4bd70885b06c0f142c9e601027e062d4b76c583ee1c0c258a5ede8cdbf0""}}",features,"[2324, 512]",float32,False,False,00c1d4bd70885b06c0f142c9e601027e062d4b76c583ee1c0c258a5ede8cdbf0,"[2324, 2]",17648bac23b4970aac21b2c535c3cfc0364f918b0920e913c2f58a0bdb2fe186
25015425B2.h5,features_biomedclip_20x/25015425B2.h5,8264561,57c43904c166b8272a53cfe95a839a7cadd15ab4ac356ba9bcdc137e4616ee79,2026-01-07T11:34:35.564030,"[""coords"", ""features""]","{""coords"": {""dtype"": ""int64"", ""has_inf"": false, ""has_nan"": false, ""shape"": [4334, 2], ""summary_hash"": ""76a3a6f7ff67df93a652869a9609c005478aec327028d27f8c67940849506e04""}, ""features"": {""dtype"": ""float32"", ""has_inf"": false, ""has_nan"": false, ""shape"": [4334, 512], ""summary_hash"": ""db055d298977090bd65bdd2508021bd219c088abf7a6472851622ee0d932e01a""}}",features,"[4334, 512]",float32,False,False,db055d298977090bd65bdd2508021bd219c088abf7a6472851622ee0d932e01a,"[4334, 2]",76a3a6f7ff67df93a652869a9609c005478aec327028d27f8c67940849506e04
25015471B.h5,features_biomedclip_20x/25015471B.h5,11084505,95ca5682ea277173c6d8225271676114e651a0067779f15692efab293df0a0ab,2026-01-07T11:34:33.271038,"[""coords"", ""features""]","{""coords"": {""dtype"": ""int64"", ""has_inf"": false, ""has_nan"": false, ""shape"": [5827, 2], ""summary_hash"": ""c5d63339259d58e1c245c365eed7bc735ce9ba2103dec2618606e3a37bda06c9""}, ""features"": {""dtype"": ""float32"", ""has_inf"": false, ""has_nan"": false, ""shape"": [5827, 512], ""summary_hash"": ""c9622187ade409fde3b997b3e22893caaebdbc4f61d7a3427f75e51251503c19""}}",features,"[5827, 512]",float32,False,False,c9622187ade409fde3b997b3e22893caaebdbc4f61d7a3427f75e51251503c19,"[5827, 2]",c5d63339259d58e1c245c365eed7bc735ce9ba2103dec2618606e3a37bda06c9
25015488B2.h5,features_biomedclip_20x/25015488B2.h5,4973252,df8c923c3358ee23e53f78ed1cea7e1e36acbd2e87564e0bbafb745f7534520f,2026-01-07T11:35:05.636922,"[""coords"", ""features""]","{""coords"": {""dtype"": ""int64"", ""has_inf"": false, ""has_nan"": false, ""shape"": [2604, 2], ""summary_hash"": ""2e73f447d43e3f87b5eb4dd5bf72ba8944ddeb4b1a2ecdb4e04c449878897c70""}, ""features"": {""dtype"": ""float32"", ""has_inf"": false, ""has_nan"": false, ""shape"": [2604, 512], ""summary_hash"": ""25180242b26e6aa90d2fb8b7fc09df8071aac0b1308eddd8fc5079d0cd75d221""}}",features,"[2604, 512]",float32,False,False,25180242b26e6aa90d2fb8b7fc09df8071aac0b1308eddd8fc5079d0cd75d221,"[2604, 2]",2e73f447d43e3f87b5eb4dd5bf72ba8944ddeb4b1a2ecdb4e04c449878897c70
25015495B3.h5,features_biomedclip_20x/25015495B3.h5,4097704,f69d4f8df1250b9444eb41354ab7d8e3ab1762d4c2efcd9e8743621c4b5a37e1,2026-01-07T11:34:45.631994,"[""coords"", ""features""]","{""coords"": {""dtype"": ""int64"", ""has_inf"": false, ""has_nan"": false, ""shape"": [2146, 2], ""summary_hash"": ""6b4b30e5a3dfc49647ee69dc11a1b7b84410c8fb16c0f51c71ae5deee8ce725e""}, ""features"": {""dtype"": ""float32"", ""has_inf"": false, ""has_nan"": false, ""shape"": [2146, 512], ""summary_hash"": ""4469166fe87c1fb353509dee1bbc6bafeb61894d47316bb29d64a1b61c4f2038""}}",features,"[2146, 512]",float32,False,False,4469166fe87c1fb353509dee1bbc6bafeb61894d47316bb29d64a1b61c4f2038,"[2146, 2]",6b4b30e5a3dfc49647ee69dc11a1b7b84410c8fb16c0f51c71ae5deee8ce725e
25015495B4.h5,features_biomedclip_20x/25015495B4.h5,6211807,5767d103e5c93a1d9aeca0e3342050e104e5ab8760113a8b5718db0258df48ef,2026-01-07T11:34:54.939961,"[""coords"", ""features""]","{""coords"": {""dtype"": ""int64"", ""has_inf"": false, ""has_nan"": false, ""shape"": [3259, 2], ""summary_hash"": ""001d17368c2ccde829e825cff4c8390b2723471a75b861a91b2516cfb3370a83""}, ""features"": {""dtype"": ""float32"", ""has_inf"": false, ""has_nan"": false, ""shape"": [3259, 512], ""summary_hash"": ""45842fb56a130be5b781b7e9133fbd05ae2b027a9d99507706ec86a2f98e88e4""}}",features,"[3259, 512]",float32,False,False,45842fb56a130be5b781b7e9133fbd05ae2b027a9d99507706ec86a2f98e88e4,"[3259, 2]",001d17368c2ccde829e825cff4c8390b2723471a75b861a91b2516cfb3370a83
25015496B.h5,features_biomedclip_20x/25015496B.h5,2289936,7e047156627955f45635fdb9b5d938bddc253223e69845f780e63ce3b15e0776,2026-01-07T11:34:48.798982,"[""coords"", ""features""]","{""coords"": {""dtype"": ""int64"", ""has_inf"": false, ""has_nan"": false, ""shape"": [1195, 2], ""summary_hash"": ""b823e0339e163e98ce1418329215568ccec35b8e75db2829bc009ca44d5a3161""}, ""features"": {""dtype"": ""float32"", ""has_inf"": false, ""has_nan"": false, ""shape"": [1195, 512], ""summary_hash"": ""d0d793b7e86be24d6594ceed98fce0de560279090353262401d51c7c677e2c85""}}",features,"[1195, 512]",float32,False,False,d0d793b7e86be24d6594ceed98fce0de560279090353262401d51c7c677e2c85,"[1195, 2]",b823e0339e163e98ce1418329215568ccec35b8e75db2829bc009ca44d5a3161
25015594B2.h5,features_biomedclip_20x/25015594B2.h5,4286874,ee839f5f49979b45ff7c31adee853c2f9139c3007443c1d533a54a5b1445235d,2026-01-07T11:34:26.894061,"[""coords"", ""features""]","{""coords"": {""dtype"": ""int64"", ""has_inf"": false, ""has_nan"": false, ""shape"": [2247, 2], ""summary_hash"": ""c1b696576897fb116b932b5e20b589e1fd143e580ac900179535ca0ce7a5989f""}, ""features"": {""dtype"": ""float32"", ""has_inf"": false, ""has_nan"": false, ""shape"": [2247, 512], ""summary_hash"": ""b8305d68d81c4ca94ae03e50f3d150c0adda0e2a61d65e2763b25ddaf882ca52""}}",features,"[2247, 512]",float32,False,False,b8305d68d81c4ca94ae03e50f3d150c0adda0e2a61d65e2763b25ddaf882ca52,"[2247, 2]",c1b696576897fb116b932b5e20b589e1fd143e580ac900179535ca0ce7a5989f
25015607B2.h5,features_biomedclip_20x/25015607B2.h5,5072636,91b6b20f7b7f6c52f0d5bd5980cd6b55b1dcd05fa65d40578e7e735f6a8c33ae,2026-01-07T11:34:54.603962,"[""coords"", ""features""]","{""coords"": {""dtype"": ""int64"", ""has_inf"": false, ""has_nan"": false, ""shape"": [2657, 2], ""summary_hash"": ""1d6972771ac45544c672d1cd21f680ee126e6a969f181cca6a23558cb3b9820d""}, ""features"": {""dtype"": ""float32"", ""has_inf"": false, ""has_nan"": false, ""shape"": [2657, 512], ""summary_hash"": ""01fd1d312cbfc628eabbed3cb132c61cfde13354b1e5be2f59ebec165ddc2d39""}}",features,"[2657, 512]",float32,False,False,01fd1d312cbfc628eabbed3cb132c61cfde13354b1e5be2f59ebec165ddc2d39,"[2657, 2]",1d6972771ac45544c672d1cd21f680ee126e6a969f181cca6a23558cb3b9820d
25015608B2.h5,features_biomedclip_20x/25015608B2.h5,5629769,e8c089eb47409768f894eba17d4b6bde7cd15a6f8c2207bdf7d075eae0064ff1,2026-01-07T11:34:31.871043,"[""coords"", ""features""]","{""coords"": {""dtype"": ""int64"", ""has_inf"": false, ""has_nan"": false, ""shape"": [2952, 2], ""summary_hash"": ""11113c8df2dc3987cdd92db2d489616f4af09777ea0728f778cd867dd6dc9292""}, ""features"": {""dtype"": ""float32"", ""has_inf"": false, ""has_nan"": false, ""shape"": [2952, 512], ""summary_hash"": ""925edd3970117c5f0ef64da95dde43e884f48ba5443516337b2f84a4b6a62113""}}",features,"[2952, 512]",float32,False,False,925edd3970117c5f0ef64da95dde43e884f48ba5443516337b2f84a4b6a62113,"[2952, 2]",11113c8df2dc3987cdd92db2d489616f4af09777ea0728f778cd867dd6dc9292
25015622B2.h5,features_biomedclip_20x/25015622B2.h5,7242019,cb8c7ed2d44d9563217dbbe9362422798648e27e31fdecf4021faad1477a5cf0,2026-01-07T11:35:05.775922,"[""coords"", ""features""]","{""coords"": {""dtype"": ""int64"", ""has_inf"": false, ""has_nan"": false, ""shape"": [3802, 2], ""summary_hash"": ""5244f116c479f4b953c0cf49d71b9f9119d5504652038e52df9137555219bc9a""}, ""features"": {""dtype"": ""float32"", ""has_inf"": false, ""has_nan"": false, ""shape"": [3802, 512], ""summary_hash"": ""4aade4d1d90e01e858bfde929e75e3f329d0013f81a1204f0fa3ff18af34c254""}}",features,"[3802, 512]",float32,False,False,4aade4d1d90e01e858bfde929e75e3f329d0013f81a1204f0fa3ff18af34c254,"[3802, 2]",5244f116c479f4b953c0cf49d71b9f9119d5504652038e52df9137555219bc9a
25015625B2.h5,features_biomedclip_20x/25015625B2.h5,5540839,9d909d98e0544d4ae71aaff47b730187ed117be650b42040e7adf75181e89f10,2026-01-07T11:34:27.550058,"[""coords"", ""features""]","{""coords"": {""dtype"": ""int64"", ""has_inf"": false, ""has_nan"": false, ""shape"": [2904, 2], ""summary_hash"": ""b6cb63472d27efa225759b65307d35e2613d04a9b09e4c0f1229a00c22e576fd""}, ""features"": {""dtype"": ""float32"", ""has_inf"": false, ""has_nan"": false, ""shape"": [2904, 512], ""summary_hash"": ""142784dbcf085eec58c64633acf082b87b2b522ac90514970fd473e704ab4603""}}",features,"[2904, 512]",float32,False,False,142784dbcf085eec58c64633acf082b87b2b522ac90514970fd473e704ab4603,"[2904, 2]",b6cb63472d27efa225759b65307d35e2613d04a9b09e4c0f1229a00c22e576fd
25015640B3.h5,features_biomedclip_20x/25015640B3.h5,3758728,28f789ae629b74d103a104a2868ab52a0ed749cd2e5dcbe92678fd1c6d233011,2026-01-07T11:35:02.069935,"[""coords"", ""features""]","{""coords"": {""dtype"": ""int64"", ""has_inf"": false, ""has_nan"": false, ""shape"": [1971, 2], ""summary_hash"": ""4c254abf0cb34e0264a5e133e2c17d1a79ef26e57a2f7c5876570eb4f583ff48""}, ""features"": {""dtype"": ""float32"", ""has_inf"": false, ""has_nan"": false, ""shape"": [1971, 512], ""summary_hash"": ""c4ee38c8dd6517567c3f2fc7be5412eeb20aa978145030e5a89c7f5af3c63979""}}",features,"[1971, 512]",float32,False,False,c4ee38c8dd6517567c3f2fc7be5412eeb20aa978145030e5a89c7f5af3c63979,"[1971, 2]",4c254abf0cb34e0264a5e133e2c17d1a79ef26e57a2f7c5876570eb4f583ff48
25015640B5.h5,features_biomedclip_20x/25015640B5.h5,3374137,54dc00cc2708016372163fb15fed9ccac14ba8f156c359fabd3dcbd268782983,2026-01-07T11:34:49.725979,"[""coords"", ""features""]","{""coords"": {""dtype"": ""int64"", ""has_inf"": false, ""has_nan"": false, ""shape"": [1768, 2], ""summary_hash"": ""ec607430064bd1329b97e844bc9ced97cc188e45f93cf60b8a0bbbd7a1c34cc8""}, ""features"": {""dtype"": ""float32"", ""has_inf"": false, ""has_nan"": false, ""shape"": [1768, 512], ""summary_hash"": ""c4b6f4464e18b4d578fb51bf218b3df4799372ad194b13bd87e172e470ff46a1""}}",features,"[1768, 512]",float32,False,False,c4b6f4464e18b4d578fb51bf218b3df4799372ad194b13bd87e172e470ff46a1,"[1768, 2]",ec607430064bd1329b97e844bc9ced97cc188e45f93cf60b8a0bbbd7a1c34cc8
25015784B2.h5,features_biomedclip_20x/25015784B2.h5,1258259,d88e4712d66013d24b51becffdb5de8313ede0e10cff4f508112db4ed1025f01,2026-01-07T11:34:25.836064,"[""coords"", ""features""]","{""coords"": {""dtype"": ""int64"", ""has_inf"": false, ""has_nan"": false, ""shape"": [658, 2], ""summary_hash"": ""ce836ad0786506b6f1f367fe88671e5f569b629f516d4988291d7a20485dc3ea""}, ""features"": {""dtype"": ""float32"", ""has_inf"": false, ""has_nan"": false, ""shape"": [658, 512], ""summary_hash"": ""50ea4fb9237a11d12d2593cf1b755f7fe8add6802f9ea33856d23ce696bb7bdd""}}",features,"[658, 512]",float32,False,False,50ea4fb9237a11d12d2593cf1b755f7fe8add6802f9ea33856d23ce696bb7bdd,"[658, 2]",ce836ad0786506b6f1f367fe88671e5f569b629f516d4988291d7a20485dc3ea
25015798B2.h5,features_biomedclip_20x/25015798B2.h5,827727,6483248f531aeaed291d9e14ead720c78b13d3f0030ec0d9c3f325508a8bfa3d,2026-01-07T11:34:21.958078,"[""coords"", ""features""]","{""coords"": {""dtype"": ""int64"", ""has_inf"": false, ""has_nan"": false, ""shape"": [432, 2], ""summary_hash"": ""dc10ecee2b26705a2ab7564674cb3080f25a60af53da959fd65d26eb9a0a85b9""}, ""features"": {""dtype"": ""float32"", ""has_inf"": false, ""has_nan"": false, ""shape"": [432, 512], ""summary_hash"": ""2c4595f1aba5b1c4af8789c0d5850e0bc9210e6887f81653580e73b7a6fdad97""}}",features,"[432, 512]",float32,False,False,2c4595f1aba5b1c4af8789c0d5850e0bc9210e6887f81653580e73b7a6fdad97,"[432, 2]",dc10ecee2b26705a2ab7564674cb3080f25a60af53da959fd65d26eb9a0a85b9
25015811B3.h5,features_biomedclip_20x/25015811B3.h5,2709752,2cc7cda70b55c3b7e077ac14129be11f1d30636505d81e6866cd68e18bbbbfe1,2026-01-07T11:34:58.305948,"[""coords"", ""features""]","{""coords"": {""dtype"": ""int64"", ""has_inf"": false, ""has_nan"": false, ""shape"": [1417, 2], ""summary_hash"": ""5af684a360bbf67915e1c495a3e710577a1a5449bbe052c0e09f30fc9662f258""}, ""features"": {""dtype"": ""float32"", ""has_inf"": false, ""has_nan"": false, ""shape"": [1417, 512], ""summary_hash"": ""71f859cbaa5128f7f7c61523301cb3baafdc270d0a8f0b7ac8128a336c6a3bee""}}",features,"[1417, 512]",float32,False,False,71f859cbaa5128f7f7c61523301cb3baafdc270d0a8f0b7ac8128a336c6a3bee,"[1417, 2]",5af684a360bbf67915e1c495a3e710577a1a5449bbe052c0e09f30fc9662f258
25015811B4.h5,features_biomedclip_20x/25015811B4.h5,7580370,57a4f757422fee3f1dc8319d0c7d2c9a635b906477321e3144cf86127947e05d,2026-01-07T11:34:43.789000,"[""coords"", ""features""]","{""coords"": {""dtype"": ""int64"", ""has_inf"": false, ""has_nan"": false, ""shape"": [3983, 2], ""summary_hash"": ""6d8b6f657be7b3fc1c3caeeaba4b781a60499fddfc3723e848a894af8613d247""}, ""features"": {""dtype"": ""float32"", ""has_inf"": false, ""has_nan"": false, ""shape"": [3983, 512], ""summary_hash"": ""e5aa8805bf8e57f068add267149573e563c946cf5d3b33457fb716d56f1e87a4""}}",features,"[3983, 512]",float32,False,False,e5aa8805bf8e57f068add267149573e563c946cf5d3b33457fb716d56f1e87a4,"[3983, 2]",6d8b6f657be7b3fc1c3caeeaba4b781a60499fddfc3723e848a894af8613d247
25015820B.h5,features_biomedclip_20x/25015820B.h5,8314132,7c0f2a29459f3eb15ad84b91165ebb90acff6c83f14886e0eac74fd66e6b5b5a,2026-01-07T11:34:40.041014,"[""coords"", ""features""]","{""coords"": {""dtype"": ""int64"", ""has_inf"": false, ""has_nan"": false, ""shape"": [4362, 2], ""summary_hash"": ""c044c1927cb957699c6806630ecd1c78a352b510ae63e7678fb06dd28eb6a6dc""}, ""features"": {""dtype"": ""float32"", ""has_inf"": false, ""has_nan"": false, ""shape"": [4362, 512], ""summary_hash"": ""2028023e1cddbdf83cff4573045bc17392fb48128e5cb0cf5b52f936968086db""}}",features,"[4362, 512]",float32,False,False,2028023e1cddbdf83cff4573045bc17392fb48128e5cb0cf5b52f936968086db,"[4362, 2]",c044c1927cb957699c6806630ecd1c78a352b510ae63e7678fb06dd28eb6a6dc
25015863B2.h5,features_biomedclip_20x/25015863B2.h5,10313217,21c60951b1f2aec83c2ea2cd1d9daea1fcfd607df092c4d6b40777bbd7f10f2f,2026-01-07T11:35:03.797929,"[""coords"", ""features""]","{""coords"": {""dtype"": ""int64"", ""has_inf"": false, ""has_nan"": false, ""shape"": [5419, 2], ""summary_hash"": ""56c62923f83bbd61c245ea583a2322163c4e37e1fabf1e792ea3c828c1b53c23""}, ""features"": {""dtype"": ""float32"", ""has_inf"": false, ""has_nan"": false, ""shape"": [5419, 512], ""summary_hash"": ""840ed15351778bd0c548b729362be249155ecb729dd83518001ea1b58a434739""}}",features,"[5419, 512]",float32,False,False,840ed15351778bd0c548b729362be249155ecb729dd83518001ea1b58a434739,"[5419, 2]",56c62923f83bbd61c245ea583a2322163c4e37e1fabf1e792ea3c828c1b53c23
25015867B2.h5,features_biomedclip_20x/25015867B2.h5,4468242,02bd065fb3cf82535948140c4999abde17b8f24ce9e323a33df6ef1c981ceaf4,2026-01-07T11:35:07.505916,"[""coords"", ""features""]","{""coords"": {""dtype"": ""int64"", ""has_inf"": false, ""has_nan"": false, ""shape"": [2343, 2], ""summary_hash"": ""7f6b32689346fdd2dc6f8309163c79e9ba18242b60d371611c7887a1481c7157""}, ""features"": {""dtype"": ""float32"", ""has_inf"": false, ""has_nan"": false, ""shape"": [2343, 512], ""summary_hash"": ""b39b45e3052f8504861ad1e71e673edf583163031fe7c591dda95e66b04eaf50""}}",features,"[2343, 512]",float32,False,False,b39b45e3052f8504861ad1e71e673edf583163031fe7c591dda95e66b04eaf50,"[2343, 2]",7f6b32689346fdd2dc6f8309163c79e9ba18242b60d371611c7887a1481c7157
25015870B3.h5,features_biomedclip_20x/25015870B3.h5,4612964,04aaa5d3fdd37cd16a69c4fba6c1d35d9ce95e0b815574288868bfd9712c62bc,2026-01-07T11:34:38.915018,"[""coords"", ""features""]","{""coords"": {""dtype"": ""int64"", ""has_inf"": false, ""has_nan"": false, ""shape"": [2419, 2], ""summary_hash"": ""bf5e60d3eb636d9caeb8d9cba468f24adfbc6b7d04a46cb9f85ba9916f42ff1c""}, ""features"": {""dtype"": ""float32"", ""has_inf"": false, ""has_nan"": false, ""shape"": [2419, 512], ""summary_hash"": ""aca8070511fbe58f974094cc1bd2ac29692ef91f267b50fc9df42143e41085a4""}}",features,"[2419, 512]",float32,False,False,aca8070511fbe58f974094cc1bd2ac29692ef91f267b50fc9df42143e41085a4,"[2419, 2]",bf5e60d3eb636d9caeb8d9cba468f24adfbc6b7d04a46cb9f85ba9916f42ff1c
25016027B.h5,features_biomedclip_20x/25016027B.h5,4655153,c212801877e7ece8ee05abfd4f307a422894ee9c62fb9818be1b6deb0b866126,2026-01-07T11:34:16.537097,"[""coords"", ""features""]","{""coords"": {""dtype"": ""int64"", ""has_inf"": false, ""has_nan"": false, ""shape"": [2444, 2], ""summary_hash"": ""c6fba64792fe503e008ff7d14dd7decee2c70b08d5879707529e055bb8091a14""}, ""features"": {""dtype"": ""float32"", ""has_inf"": false, ""has_nan"": false, ""shape"": [2444, 512], ""summary_hash"": ""3d6d07ec18b9e33735b4cb1653526bff8db1d2b4cb0305f38515f70e8b16b68e""}}",features,"[2444, 512]",float32,False,False,3d6d07ec18b9e33735b4cb1653526bff8db1d2b4cb0305f38515f70e8b16b68e,"[2444, 2]",c6fba64792fe503e008ff7d14dd7decee2c70b08d5879707529e055bb8091a14
25016031B2.h5,features_biomedclip_20x/25016031B2.h5,6618172,181d79bfd749308809166c80e47bf1d334fcdc3ac03f5091436333a0f8dd49f0,2026-01-07T11:34:51.639972,"[""coords"", ""features""]","{""coords"": {""dtype"": ""int64"", ""has_inf"": false, ""has_nan"": false, ""shape"": [3474, 2], ""summary_hash"": ""8661432b2916480dc2843611f381fd3cfb6752fc11b94f3dd10ba44de444eb14""}, ""features"": {""dtype"": ""float32"", ""has_inf"": false, ""has_nan"": false, ""shape"": [3474, 512], ""summary_hash"": ""bed9c781bc9f50857485e6d2cbdaa014e347370d20e33b317fdab68d782bba78""}}",features,"[3474, 512]",float32,False,False,bed9c781bc9f50857485e6d2cbdaa014e347370d20e33b317fdab68d782bba78,"[3474, 2]",8661432b2916480dc2843611f381fd3cfb6752fc11b94f3dd10ba44de444eb14
25016077B2.h5,features_biomedclip_20x/25016077B2.h5,3387983,6709057bd97715b4eeb7934f51f6c9b8525fbd7791fdeb5afe55e07ba1e2c17b,2026-01-07T11:35:03.632929,"[""coords"", ""features""]","{""coords"": {""dtype"": ""int64"", ""has_inf"": false, ""has_nan"": false, ""shape"": [1776, 2], ""summary_hash"": ""b34672488a775bf2a0659a0f7c14c11ee294afe47dbfdfad70ab32356b28e5ac""}, ""features"": {""dtype"": ""float32"", ""has_inf"": false, ""has_nan"": false, ""shape"": [1776, 512], ""summary_hash"": ""3345ee036545a0e54742c1c8b82616d437b902c3817b215d4d8bbddcf7e389b9""}}",features,"[1776, 512]",float32,False,False,3345ee036545a0e54742c1c8b82616d437b902c3817b215d4d8bbddcf7e389b9,"[1776, 2]",b34672488a775bf2a0659a0f7c14c11ee294afe47dbfdfad70ab32356b28e5ac
25016088B2.h5,features_biomedclip_20x/25016088B2.h5,6399656,9d36bf9a64eb9102949d88e5c01f951fb9d21a4b4dc9843461785ef436736743,2026-01-07T11:34:19.719086,"[""coords"", ""features""]","{""coords"": {""dtype"": ""int64"", ""has_inf"": false, ""has_nan"": false, ""shape"": [3359, 2], ""summary_hash"": ""9fbc4a4cd4dc8a38a1ee50091416401fbccd80e2bbce34a0231c0c8e47e0ea97""}, ""features"": {""dtype"": ""float32"", ""has_inf"": false, ""has_nan"": false, ""shape"": [3359, 512], ""summary_hash"": ""5a2c04985b2456767fc581004f75e03a329828d1e43db3885e38fd17f9a56397""}}",features,"[3359, 512]",float32,False,False,5a2c04985b2456767fc581004f75e03a329828d1e43db3885e38fd17f9a56397,"[3359, 2]",9fbc4a4cd4dc8a38a1ee50091416401fbccd80e2bbce34a0231c0c8e47e0ea97
25016772B2.h5,features_biomedclip_20x/25016772B2.h5,9458782,68274cbc7acc9801987e6469dd4fc1d86ce8d8f2f37494d0039f7f523af447e0,2026-01-07T11:34:23.361073,"[""coords"", ""features""]","{""coords"": {""dtype"": ""int64"", ""has_inf"": false, ""has_nan"": false, ""shape"": [4967, 2], ""summary_hash"": ""938e534b6566d0917297e3c8411c5ebedcab15a50d8850b1fa7cfbd397f6374e""}, ""features"": {""dtype"": ""float32"", ""has_inf"": false, ""has_nan"": false, ""shape"": [4967, 512], ""summary_hash"": ""593dc5e66995c5f7883aa79ae76e004dcc1af9a8ff432ff61f7bea5dabb9828c""}}",features,"[4967, 512]",float32,False,False,593dc5e66995c5f7883aa79ae76e004dcc1af9a8ff432ff61f7bea5dabb9828c,"[4967, 2]",938e534b6566d0917297e3c8411c5ebedcab15a50d8850b1fa7cfbd397f6374e
25016785B2.h5,features_biomedclip_20x/25016785B2.h5,11724205,5e82a5d8fadb985bebb0183cf7150ebc60b0be20a31e76b72a2a6b4d8e6f03b3,2026-01-07T11:35:06.127921,"[""coords"", ""features""]","{""coords"": {""dtype"": ""int64"", ""has_inf"": false, ""has_nan"": false, ""shape"": [6163, 2], ""summary_hash"": ""37806a14f43df787a104bb00698ce034fd01d9d8872f0467d3c20e7c36350bfb""}, ""features"": {""dtype"": ""float32"", ""has_inf"": false, ""has_nan"": false, ""shape"": [6163, 512], ""summary_hash"": ""97c88168ee244a3ad214ad8228ae8b4c1b5e8ddb8921f885bbdfcd9688d563e8""}}",features,"[6163, 512]",float32,False,False,97c88168ee244a3ad214ad8228ae8b4c1b5e8ddb8921f885bbdfcd9688d563e8,"[6163, 2]",37806a14f43df787a104bb00698ce034fd01d9d8872f0467d3c20e7c36350bfb
25016801B2.h5,features_biomedclip_20x/25016801B2.h5,10367679,5404c091a183ea29fdef4b81b83ad524bcc2a355d238f8b64458e8628ce485de,2026-01-07T11:34:30.165049,"[""coords"", ""features""]","{""coords"": {""dtype"": ""int64"", ""has_inf"": false, ""has_nan"": false, ""shape"": [5448, 2], ""summary_hash"": ""827b928fb05dc45bf063d53b79e63b6048422a756b405bb44950614498ded89c""}, ""features"": {""dtype"": ""float32"", ""has_inf"": false, ""has_nan"": false, ""shape"": [5448, 512], ""summary_hash"": ""3147ffc4039180b6e3b42bf4ac6a37a7419280e4aa023af76081aca2a78a80bf""}}",features,"[5448, 512]",float32,False,False,3147ffc4039180b6e3b42bf4ac6a37a7419280e4aa023af76081aca2a78a80bf,"[5448, 2]",827b928fb05dc45bf063d53b79e63b6048422a756b405bb44950614498ded89c
25016827B2.h5,features_biomedclip_20x/25016827B2.h5,7572772,80872ffb225187c94fce27007849af6f7b825ab9cb606471a32a0ad141230354,2026-01-07T11:34:58.869946,"[""coords"", ""features""]","{""coords"": {""dtype"": ""int64"", ""has_inf"": false, ""has_nan"": false, ""shape"": [3978, 2], ""summary_hash"": ""20ba93006270435bf3bda5668b18eab4c739b028ac124eb0c632dbbc5cd78a69""}, ""features"": {""dtype"": ""float32"", ""has_inf"": false, ""has_nan"": false, ""shape"": [3978, 512], ""summary_hash"": ""ffdaaea4fcf0b803475ee699928fd3a98c9eddb4630b7a9976fd26542c73d1f5""}}",features,"[3978, 512]",float32,False,False,ffdaaea4fcf0b803475ee699928fd3a98c9eddb4630b7a9976fd26542c73d1f5,"[3978, 2]",20ba93006270435bf3bda5668b18eab4c739b028ac124eb0c632dbbc5cd78a69
25016829B2.h5,features_biomedclip_20x/25016829B2.h5,5525336,b567abe2ac6e918877be01e6867419c92d52b51e26222ebb60bc65f474da7814,2026-01-07T11:34:22.611076,"[""coords"", ""features""]","{""coords"": {""dtype"": ""int64"", ""has_inf"": false, ""has_nan"": false, ""shape"": [2897, 2], ""summary_hash"": ""3374486479e376efabe21bd7f0f3f2f29cd5cad622b5d9317faa13cfd6762d56""}, ""features"": {""dtype"": ""float32"", ""has_inf"": false, ""has_nan"": false, ""shape"": [2897, 512], ""summary_hash"": ""ad9fbeddaec466e5656e7990d4f929e7ba333a3914603b5dd89c84e63c2fa014""}}",features,"[2897, 512]",float32,False,False,ad9fbeddaec466e5656e7990d4f929e7ba333a3914603b5dd89c84e63c2fa014,"[2897, 2]",3374486479e376efabe21bd7f0f3f2f29cd5cad622b5d9317faa13cfd6762d56
25016903B4.h5,features_biomedclip_20x/25016903B4.h5,7481423,d07e987ad7f18d4b0e81eb9d9e5d2b8814d0a780707423b2e21ee1d12477d133,2026-01-07T11:34:20.857082,"[""coords"", ""features""]","{""coords"": {""dtype"": ""int64"", ""has_inf"": false, ""has_nan"": false, ""shape"": [3930, 2], ""summary_hash"": ""1be2bf5729852a9436e9564c1b42e4f590b83eb7cb334c6b093ad4bcfeb04bf6""}, ""features"": {""dtype"": ""float32"", ""has_inf"": false, ""has_nan"": false, ""shape"": [3930, 512], ""summary_hash"": ""d1de0172e498caed72a59b7174ebcd6f10ff117ca3ca9b942bb4d628acf32e9f""}}",features,"[3930, 512]",float32,False,False,d1de0172e498caed72a59b7174ebcd6f10ff117ca3ca9b942bb4d628acf32e9f,"[3930, 2]",1be2bf5729852a9436e9564c1b42e4f590b83eb7cb334c6b093ad4bcfeb04bf6
25016905B4.h5,features_biomedclip_20x/25016905B4.h5,4534055,eb67708a847303c776cb310ebdedfaeb533a8634a2486b340d7761439a2b1308,2026-01-07T11:34:55.038960,"[""coords"", ""features""]","{""coords"": {""dtype"": ""int64"", ""has_inf"": false, ""has_nan"": false, ""shape"": [2378, 2], ""summary_hash"": ""16f503346578f144b43d62a74a3baca02a2ca392761cb0e05d41b1e8591be4e6""}, ""features"": {""dtype"": ""float32"", ""has_inf"": false, ""has_nan"": false, ""shape"": [2378, 512], ""summary_hash"": ""967c7c1ca6218581047e9f0331e49f48a89b55cbd96f0c22883eac3ab3780fa2""}}",features,"[2378, 512]",float32,False,False,967c7c1ca6218581047e9f0331e49f48a89b55cbd96f0c22883eac3ab3780fa2,"[2378, 2]",16f503346578f144b43d62a74a3baca02a2ca392761cb0e05d41b1e8591be4e6
25016915B2.h5,features_biomedclip_20x/25016915B2.h5,4771132,b0ed102b57f97b70980d22afcefdbec060a3bf7d45f2f34e0c2ca8b4cb831246,2026-01-07T11:34:49.051982,"[""coords"", ""features""]","{""coords"": {""dtype"": ""int64"", ""has_inf"": false, ""has_nan"": false, ""shape"": [2497, 2], ""summary_hash"": ""9734a06f6870a4845bcb416ccdf5cd342b3fe77eff559f8f8f73d522d5364ee7""}, ""features"": {""dtype"": ""float32"", ""has_inf"": false, ""has_nan"": false, ""shape"": [2497, 512], ""summary_hash"": ""76fbe3ac030b6c57fb4e0ba6199684590ce8c173a7ea9c5583dcf902b0aa33ff""}}",features,"[2497, 512]",float32,False,False,76fbe3ac030b6c57fb4e0ba6199684590ce8c173a7ea9c5583dcf902b0aa33ff,"[2497, 2]",9734a06f6870a4845bcb416ccdf5cd342b3fe77eff559f8f8f73d522d5364ee7
25016926B2.h5,features_biomedclip_20x/25016926B2.h5,7660159,717a3a838c518656c2e6304a51e74797e44e5a9d477e5669ab22e89fda7c9d87,2026-01-07T11:34:35.395030,"[""coords"", ""features""]","{""coords"": {""dtype"": ""int64"", ""has_inf"": false, ""has_nan"": false, ""shape"": [4024, 2], ""summary_hash"": ""5efc6836b5c2b96902be7b52415a6f11d6fac401f55ad99700fff51b09a2d207""}, ""features"": {""dtype"": ""float32"", ""has_inf"": false, ""has_nan"": false, ""shape"": [4024, 512], ""summary_hash"": ""3b99b8de93c950af347909933cd11e3e1e2a2c1d938016df6deaa9262162951c""}}",features,"[4024, 512]",float32,False,False,3b99b8de93c950af347909933cd11e3e1e2a2c1d938016df6deaa9262162951c,"[4024, 2]",5efc6836b5c2b96902be7b52415a6f11d6fac401f55ad99700fff51b09a2d207
25017073B2.h5,features_biomedclip_20x/25017073B2.h5,4186169,8d723c75f232536e18f6a743adc0465df449b5b3855440fd1a2c32f32e485669,2026-01-07T11:34:47.412987,"[""coords"", ""features""]","{""coords"": {""dtype"": ""int64"", ""has_inf"": false, ""has_nan"": false, ""shape"": [2194, 2], ""summary_hash"": ""045bffc12358db1831283d980325464dfac36d0d3145aeaf8995fff31d170557""}, ""features"": {""dtype"": ""float32"", ""has_inf"": false, ""has_nan"": false, ""shape"": [2194, 512], ""summary_hash"": ""d28b45a687aa2286e31389206652956558e2836d92e3fafd80260d1e4d0d07a5""}}",features,"[2194, 512]",float32,False,False,d28b45a687aa2286e31389206652956558e2836d92e3fafd80260d1e4d0d07a5,"[2194, 2]",045bffc12358db1831283d980325464dfac36d0d3145aeaf8995fff31d170557
25017089B2.h5,features_biomedclip_20x/25017089B2.h5,8610893,2350ea7d07e9edf3b610981eb03774ffffefda864fde36538177a429228ef502,2026-01-07T11:34:20.387084,"[""coords"", ""features""]","{""coords"": {""dtype"": ""int64"", ""has_inf"": false, ""has_nan"": false, ""shape"": [4519, 2], ""summary_hash"": ""d10c1a88d1f5dab6bf8729caf7f6e258f360de223cf7e7f4468630b3ecba56a0""}, ""features"": {""dtype"": ""float32"", ""has_inf"": false, ""has_nan"": false, ""shape"": [4519, 512], ""summary_hash"": ""333902e8c0a62a3e28927dee750112395a90ecd76755a06e21da76d3e8f8a75d""}}",features,"[4519, 512]",float32,False,False,333902e8c0a62a3e28927dee750112395a90ecd76755a06e21da76d3e8f8a75d,"[4519, 2]",d10c1a88d1f5dab6bf8729caf7f6e258f360de223cf7e7f4468630b3ecba56a0
25017211B2.h5,features_biomedclip_20x/25017211B2.h5,7365938,915d315d82f355784c198c209d6f0b495cc92fb74f76eb78e851cd047cb107d5,2026-01-07T11:34:52.191970,"[""coords"", ""features""]","{""coords"": {""dtype"": ""int64"", ""has_inf"": false, ""has_nan"": false, ""shape"": [3869, 2], ""summary_hash"": ""bf192c0c8b30900595fd062855e406520ff3a3e2663e13abafcb9323a3569c12""}, ""features"": {""dtype"": ""float32"", ""has_inf"": false, ""has_nan"": false, ""shape"": [3869, 512], ""summary_hash"": ""b52fc3aa26c0dfefd6f18ac05717e19a54c4f7bc400192cebc13255b203e2309""}}",features,"[3869, 512]",float32,False,False,b52fc3aa26c0dfefd6f18ac05717e19a54c4f7bc400192cebc13255b203e2309,"[3869, 2]",bf192c0c8b30900595fd062855e406520ff3a3e2663e13abafcb9323a3569c12
25017218B3.h5,features_biomedclip_20x/25017218B3.h5,3755265,4153b9b5441b113a1f240555342925e58dc01d6a5841f0cac2e06423bc1c7adf,2026-01-07T11:35:00.275941,"[""coords"", ""features""]","{""coords"": {""dtype"": ""int64"", ""has_inf"": false, ""has_nan"": false, ""shape"": [1970, 2], ""summary_hash"": ""6cfbea4df010b9622613c7b2b792aef06e9d0b68f43265e3c667d54f8b521ef3""}, ""features"": {""dtype"": ""float32"", ""has_inf"": false, ""has_nan"": false, ""shape"": [1970, 512], ""summary_hash"": ""a4e9b36e354d078113d983fa7972f6c35efd0267672331cdfd740c7802948210""}}",features,"[1970, 512]",float32,False,False,a4e9b36e354d078113d983fa7972f6c35efd0267672331cdfd740c7802948210,"[1970, 2]",6cfbea4df010b9622613c7b2b792aef06e9d0b68f43265e3c667d54f8b521ef3
25017220B2.h5,features_biomedclip_20x/25017220B2.h5,6473879,6e70edbb8176c362595e0d3a51c48c7c9c194fa49ed718e90f4f5eeefb702566,2026-01-07T11:34:51.709972,"[""coords"", ""features""]","{""coords"": {""dtype"": ""int64"", ""has_inf"": false, ""has_nan"": false, ""shape"": [3397, 2], ""summary_hash"": ""f7112e27e4031ea16348b50cb82bee179b7947ab32d3dd963c18ce38c412c7bf""}, ""features"": {""dtype"": ""float32"", ""has_inf"": false, ""has_nan"": false, ""shape"": [3397, 512], ""summary_hash"": ""e5ade67e8229eda5f45f145bce3ec79f53348f53b8b97a88bcfff4c1d886de2f""}}",features,"[3397, 512]",float32,False,False,e5ade67e8229eda5f45f145bce3ec79f53348f53b8b97a88bcfff4c1d886de2f,"[3397, 2]",f7112e27e4031ea16348b50cb82bee179b7947ab32d3dd963c18ce38c412c7bf
25017227B2.h5,features_biomedclip_20x/25017227B2.h5,8699845,e41fd6e2a7a37b9a11abcf8ec99abbd42499c5c115c3433ce807d9a090a5513a,2026-01-07T11:34:16.821096,"[""coords"", ""features""]","{""coords"": {""dtype"": ""int64"", ""has_inf"": false, ""has_nan"": false, ""shape"": [4567, 2], ""summary_hash"": ""acce4166218d4d1461d1374ab42a03503e547676b3601318abd82b56f9c824d8""}, ""features"": {""dtype"": ""float32"", ""has_inf"": false, ""has_nan"": false, ""shape"": [4567, 512], ""summary_hash"": ""95c5bde551bab575bd439e9f7ffd1da81d0b23f0c332c4d09c74bc30a8346fa0""}}",features,"[4567, 512]",float32,False,False,95c5bde551bab575bd439e9f7ffd1da81d0b23f0c332c4d09c74bc30a8346fa0,"[4567, 2]",acce4166218d4d1461d1374ab42a03503e547676b3601318abd82b56f9c824d8
25017242B2.h5,features_biomedclip_20x/25017242B2.h5,7676086,9fe2b727d9b935857de55867b6935aad667b6bb0ba7fd1da053c3d1b57c9bf65,2026-01-07T11:34:53.325966,"[""coords"", ""features""]","{""coords"": {""dtype"": ""int64"", ""has_inf"": false, ""has_nan"": false, ""shape"": [4033, 2], ""summary_hash"": ""41d938946265c8e461ef53ddc364a76094111dd7367c711c8d88e3c9cd2cac67""}, ""features"": {""dtype"": ""float32"", ""has_inf"": false, ""has_nan"": false, ""shape"": [4033, 512], ""summary_hash"": ""bb91404f3d137e666ef200e347df36132bdc4ef38ffb963a8c1394ba06dae079""}}",features,"[4033, 512]",float32,False,False,bb91404f3d137e666ef200e347df36132bdc4ef38ffb963a8c1394ba06dae079,"[4033, 2]",41d938946265c8e461ef53ddc364a76094111dd7367c711c8d88e3c9cd2cac67
25017320B2.h5,features_biomedclip_20x/25017320B2.h5,7864896,4c011bb5234c88be1fd4f4a66ed118d448a3994f53213d4f2b96c0d6c634ce48,2026-01-07T11:34:36.667026,"[""coords"", ""features""]","{""coords"": {""dtype"": ""int64"", ""has_inf"": false, ""has_nan"": false, ""shape"": [4129, 2], ""summary_hash"": ""6ec24f71e111b8b18026a9475cb78aff6711ae854f3cb4ea5b7b6aa9140646f5""}, ""features"": {""dtype"": ""float32"", ""has_inf"": false, ""has_nan"": false, ""shape"": [4129, 512], ""summary_hash"": ""acc239af5a9ac92ecd7df2f78dd793acd161f912c41ef70f9754b971093b2b59""}}",features,"[4129, 512]",float32,False,False,acc239af5a9ac92ecd7df2f78dd793acd161f912c41ef70f9754b971093b2b59,"[4129, 2]",6ec24f71e111b8b18026a9475cb78aff6711ae854f3cb4ea5b7b6aa9140646f5
25017322B2.h5,features_biomedclip_20x/25017322B2.h5,9429411,41b5ada9c0b7e5ba3e53d73c693deca396d434c38f1c669f8c1af00cff1d3e81,2026-01-07T11:34:50.556976,"[""coords"", ""features""]","{""coords"": {""dtype"": ""int64"", ""has_inf"": false, ""has_nan"": false, ""shape"": [4954, 2], ""summary_hash"": ""595c5449c01a2ad7ebceedcee4ab26671272c00e681ee3c79898505e8a3e6377""}, ""features"": {""dtype"": ""float32"", ""has_inf"": false, ""has_nan"": false, ""shape"": [4954, 512], ""summary_hash"": ""94742116589d9de5745b70a304de6e7933c9fdaad44efcf1ed22c1ee6fee7baf""}}",features,"[4954, 512]",float32,False,False,94742116589d9de5745b70a304de6e7933c9fdaad44efcf1ed22c1ee6fee7baf,"[4954, 2]",595c5449c01a2ad7ebceedcee4ab26671272c00e681ee3c79898505e8a3e6377
25017338B3.h5,features_biomedclip_20x/25017338B3.h5,8596619,171786d9232b105711e420f61114f47a3c201569ca8fa1f49be60ba75a8e8665,2026-01-07T11:34:41.889007,"[""coords"", ""features""]","{""coords"": {""dtype"": ""int64"", ""has_inf"": false, ""has_nan"": false, ""shape"": [4511, 2], ""summary_hash"": ""6a83f5d104c3a14fe22cbcd336f6be45c05457fd39d48a421ae69a1a1df7e24e""}, ""features"": {""dtype"": ""float32"", ""has_inf"": false, ""has_nan"": false, ""shape"": [4511, 512], ""summary_hash"": ""a589f1cce12aaaeb055cde3a82ad33b71f9e7d64efd07f885266466db276af67""}}",features,"[4511, 512]",float32,False,False,a589f1cce12aaaeb055cde3a82ad33b71f9e7d64efd07f885266466db276af67,"[4511, 2]",6a83f5d104c3a14fe22cbcd336f6be45c05457fd39d48a421ae69a1a1df7e24e
25017341B3.h5,features_biomedclip_20x/25017341B3.h5,3133710,3c5b193d0591315c93007b34b8bc0e77771e1f9db5ab07861c19b1fde9e2c52f,2026-01-07T11:34:59.217945,"[""coords"", ""features""]","{""coords"": {""dtype"": ""int64"", ""has_inf"": false, ""has_nan"": false, ""shape"": [1641, 2], ""summary_hash"": ""c796524273a09aefccab738b3631b0de9eec9fcb5b0ef5d76011c0345744ef76""}, ""features"": {""dtype"": ""float32"", ""has_inf"": false, ""has_nan"": false, ""shape"": [1641, 512], ""summary_hash"": ""68307b5baecc539e2cb5f50fab8b2eba4b2915df513accfc3ee61fb29a2c8d7d""}}",features,"[1641, 512]",float32,False,False,68307b5baecc539e2cb5f50fab8b2eba4b2915df513accfc3ee61fb29a2c8d7d,"[1641, 2]",c796524273a09aefccab738b3631b0de9eec9fcb5b0ef5d76011c0345744ef76
25017341B4.h5,features_biomedclip_20x/25017341B4.h5,2837928,d7a514e87153b40da87ffcb898106ac312c7bd63c063a713ebc8259fb9c7a2ec,2026-01-07T11:34:43.191002,"[""coords"", ""features""]","{""coords"": {""dtype"": ""int64"", ""has_inf"": false, ""has_nan"": false, ""shape"": [1485, 2], ""summary_hash"": ""23bb637764614f0980e8859016ffc34ccf35b9fcdabfca40371a42281915bcd4""}, ""features"": {""dtype"": ""float32"", ""has_inf"": false, ""has_nan"": false, ""shape"": [1485, 512], ""summary_hash"": ""e9fc64406303f5d7519641c9a9ea552572b0efc01b8ededc1722f1a1cbfa2dd9""}}",features,"[1485, 512]",float32,False,False,e9fc64406303f5d7519641c9a9ea552572b0efc01b8ededc1722f1a1cbfa2dd9,"[1485, 2]",23bb637764614f0980e8859016ffc34ccf35b9fcdabfca40371a42281915bcd4
25017342B2.h5,features_biomedclip_20x/25017342B2.h5,3633529,8fb7f2dff1279a0a3b5ec3a883bf1e08564dc5adcc252c15c78c42955f34a524,2026-01-07T11:34:34.900032,"[""coords"", ""features""]","{""coords"": {""dtype"": ""int64"", ""has_inf"": false, ""has_nan"": false, ""shape"": [1906, 2], ""summary_hash"": ""62eff11450efae5dfa5dbdcf295e6907d37786245d1f760cbc1d48be7fe8254f""}, ""features"": {""dtype"": ""float32"", ""has_inf"": false, ""has_nan"": false, ""shape"": [1906, 512], ""summary_hash"": ""11190fc20799b85bb6fac164af24e15b9ca0537e59e00f944e691ce02e6be2bf""}}",features,"[1906, 512]",float32,False,False,11190fc20799b85bb6fac164af24e15b9ca0537e59e00f944e691ce02e6be2bf,"[1906, 2]",62eff11450efae5dfa5dbdcf295e6907d37786245d1f760cbc1d48be7fe8254f
25017354B5.h5,features_biomedclip_20x/25017354B5.h5,2958763,3de3dc0eb1d33c18d0d9b63f61adcc039700e7eeb598c797f4252d6da9603002,2026-01-07T11:34:52.907968,"[""coords"", ""features""]","{""coords"": {""dtype"": ""int64"", ""has_inf"": false, ""has_nan"": false, ""shape"": [1549, 2], ""summary_hash"": ""ff950b60eb58b9a5564a2e6cedce21b27c7a52969856f134c2afa29fdf62bce2""}, ""features"": {""dtype"": ""float32"", ""has_inf"": false, ""has_nan"": false, ""shape"": [1549, 512], ""summary_hash"": ""95011d97efbbf13bf9178a66f97f96eef2ebd0598c75555b0253edb416bf4bce""}}",features,"[1549, 512]",float32,False,False,95011d97efbbf13bf9178a66f97f96eef2ebd0598c75555b0253edb416bf4bce,"[1549, 2]",ff950b60eb58b9a5564a2e6cedce21b27c7a52969856f134c2afa29fdf62bce2
25017355B1.h5,features_biomedclip_20x/25017355B1.h5,8513188,bae26e8418667a2a1d8e233c3f48f1ec70e577fbe8fb2977eeecc8baa28b8886,2026-01-07T11:34:58.608947,"[""coords"", ""features""]","{""coords"": {""dtype"": ""int64"", ""has_inf"": false, ""has_nan"": false, ""shape"": [4467, 2], ""summary_hash"": ""ab321b061c800d81be7459a8a3cb665e165176540f2ce4c7fc1a35b488d3fbac""}, ""features"": {""dtype"": ""float32"", ""has_inf"": false, ""has_nan"": false, ""shape"": [4467, 512], ""summary_hash"": ""7bcfb9ea01f7f2110be151c9c8a4a6e0e1c07bddf853813f15b954d0e1d563e2""}}",features,"[4467, 512]",float32,False,False,7bcfb9ea01f7f2110be151c9c8a4a6e0e1c07bddf853813f15b954d0e1d563e2,"[4467, 2]",ab321b061c800d81be7459a8a3cb665e165176540f2ce4c7fc1a35b488d3fbac
25017355B4.h5,features_biomedclip_20x/25017355B4.h5,3448898,d83acc744c7e3a22c4a8ccdd0210463139bf143ae066b238c5e674a6b222f613,2026-01-07T11:34:52.512969,"[""coords"", ""features""]","{""coords"": {""dtype"": ""int64"", ""has_inf"": false, ""has_nan"": false, ""shape"": [1808, 2], ""summary_hash"": ""9cfd84ef0f4940149c81cccb5e1c457bcb72c17ffb404fd135b76d132674fd8f""}, ""features"": {""dtype"": ""float32"", ""has_inf"": false, ""has_nan"": false, ""shape"": [1808, 512], ""summary_hash"": ""aaeeb7194218eb14d11d771b53147a33784eb2930b37ab36c2c30167094d29b7""}}",features,"[1808, 512]",float32,False,False,aaeeb7194218eb14d11d771b53147a33784eb2930b37ab36c2c30167094d29b7,"[1808, 2]",9cfd84ef0f4940149c81cccb5e1c457bcb72c17ffb404fd135b76d132674fd8f
25017372B2.h5,features_biomedclip_20x/25017372B2.h5,3561723,2ca78a08dd61e603e370dc7f0c017f3d6d81c770070c201dfa15f56495295647,2026-01-07T11:34:15.501101,"[""coords"", ""features""]","{""coords"": {""dtype"": ""int64"", ""has_inf"": false, ""has_nan"": false, ""shape"": [1867, 2], ""summary_hash"": ""b4e2f3c60b919f8bf6def64ea655810cc366b042b623b43dbf576d87a0823c78""}, ""features"": {""dtype"": ""float32"", ""has_inf"": false, ""has_nan"": false, ""shape"": [1867, 512], ""summary_hash"": ""07dcc277974b78f1081dfbff7fce520240ffa66213ea1ba941a73f65082fa834""}}",features,"[1867, 512]",float32,False,False,07dcc277974b78f1081dfbff7fce520240ffa66213ea1ba941a73f65082fa834,"[1867, 2]",b4e2f3c60b919f8bf6def64ea655810cc366b042b623b43dbf576d87a0823c78
25017383B2.h5,features_biomedclip_20x/25017383B2.h5,4907777,984d96defb0679ba2523d86c54e792522e3fecd245d1aaacc7bcd149c877293a,2026-01-07T11:34:17.437094,"[""coords"", ""features""]","{""coords"": {""dtype"": ""int64"", ""has_inf"": false, ""has_nan"": false, ""shape"": [2570, 2], ""summary_hash"": ""e78697a0a571a2ba021edd2cc4234440edd0d7a9ce32aa75a93935a181cc1ac1""}, ""features"": {""dtype"": ""float32"", ""has_inf"": false, ""has_nan"": false, ""shape"": [2570, 512], ""summary_hash"": ""9576ba2ddef3166988917c0a8aeeccc8fca67d5a065b943c653869c29f1899f8""}}",features,"[2570, 512]",float32,False,False,9576ba2ddef3166988917c0a8aeeccc8fca67d5a065b943c653869c29f1899f8,"[2570, 2]",e78697a0a571a2ba021edd2cc4234440edd0d7a9ce32aa75a93935a181cc1ac1
25017499B.h5,features_biomedclip_20x/25017499B.h5,1143404,f48bcba959856da23c7b4d86280a9545eeae6e1cf87c4ff9273bf971eb8601dd,2026-01-07T11:34:56.398955,"[""coords"", ""features""]","{""coords"": {""dtype"": ""int64"", ""has_inf"": false, ""has_nan"": false, ""shape"": [597, 2], ""summary_hash"": ""653aff8ec8cfcbf83f52eb0124cebb7b301e7a60fd0fbc97c6d5fd6cf6055fab""}, ""features"": {""dtype"": ""float32"", ""has_inf"": false, ""has_nan"": false, ""shape"": [597, 512], ""summary_hash"": ""14c89873b7150520f052c2d649ad71127950c5cc79beb860b275109e4c71719a""}}",features,"[597, 512]",float32,False,False,14c89873b7150520f052c2d649ad71127950c5cc79beb860b275109e4c71719a,"[597, 2]",653aff8ec8cfcbf83f52eb0124cebb7b301e7a60fd0fbc97c6d5fd6cf6055fab
25017500B.h5,features_biomedclip_20x/25017500B.h5,934807,b7a28717d4a85fc16343147d826f9d171e35b2289e0eacb31f8d8c80c1aa189e,2026-01-07T11:34:50.209977,"[""coords"", ""features""]","{""coords"": {""dtype"": ""int64"", ""has_inf"": false, ""has_nan"": false, ""shape"": [489, 2], ""summary_hash"": ""56b164bed49a1e28a87eb4a0da7e1b2107c5d9a124751f137b7b62ec019e387c""}, ""features"": {""dtype"": ""float32"", ""has_inf"": false, ""has_nan"": false, ""shape"": [489, 512], ""summary_hash"": ""5220877c8a0bde57d4dcc535daeee9fd4c363954b15d95aca36f90e567109541""}}",features,"[489, 512]",float32,False,False,5220877c8a0bde57d4dcc535daeee9fd4c363954b15d95aca36f90e567109541,"[489, 2]",56b164bed49a1e28a87eb4a0da7e1b2107c5d9a124751f137b7b62ec019e387c
25017515B2.h5,features_biomedclip_20x/25017515B2.h5,11465087,9dfbaaaf737e039e97165c335f72e5b097f46f3da8f8df8e7c5e9241a9181bbd,2026-01-07T11:34:19.733086,"[""coords"", ""features""]","{""coords"": {""dtype"": ""int64"", ""has_inf"": false, ""has_nan"": false, ""shape"": [6028, 2], ""summary_hash"": ""8479822bdfa11c948fba42000b66c2d12e1777466c5e6883c341a783065cb254""}, ""features"": {""dtype"": ""float32"", ""has_inf"": false, ""has_nan"": false, ""shape"": [6028, 512], ""summary_hash"": ""fe559636d330f8de4c79c3ab50e796bd8ffb9ccd2240a289bff77d5e14788149""}}",features,"[6028, 512]",float32,False,False,fe559636d330f8de4c79c3ab50e796bd8ffb9ccd2240a289bff77d5e14788149,"[6028, 2]",8479822bdfa11c948fba42000b66c2d12e1777466c5e6883c341a783065cb254
25017518B2.h5,features_biomedclip_20x/25017518B2.h5,9130898,93d4ded218a46faad2b914512426f97cc86306a89580ea7d9f037473553421a8,2026-01-07T11:34:30.884046,"[""coords"", ""features""]","{""coords"": {""dtype"": ""int64"", ""has_inf"": false, ""has_nan"": false, ""shape"": [4794, 2], ""summary_hash"": ""ccd53ce3e2b168117036319960ee8f619a6119dcda701df4c7c9b52e52f97667""}, ""features"": {""dtype"": ""float32"", ""has_inf"": false, ""has_nan"": false, ""shape"": [4794, 512], ""summary_hash"": ""a1d3dfaba7c657f4d95b8f1e88c540e44af0d348ac8492993b8defec2d5ac354""}}",features,"[4794, 512]",float32,False,False,a1d3dfaba7c657f4d95b8f1e88c540e44af0d348ac8492993b8defec2d5ac354,"[4794, 2]",ccd53ce3e2b168117036319960ee8f619a6119dcda701df4c7c9b52e52f97667
25017538B4.h5,features_biomedclip_20x/25017538B4.h5,5876903,092c3ea20804758107f32f86f04697071baf050c0e77b34d24644552de133a37,2026-01-07T11:34:28.847054,"[""coords"", ""features""]","{""coords"": {""dtype"": ""int64"", ""has_inf"": false, ""has_nan"": false, ""shape"": [3081, 2], ""summary_hash"": ""e15e54c78ca1bccaaa210e588167e6693d8e505c14bdd79d73bde5088738c8d8""}, ""features"": {""dtype"": ""float32"", ""has_inf"": false, ""has_nan"": false, ""shape"": [3081, 512], ""summary_hash"": ""672919f479d41171eadaa832a74ea528426c818712910781cfcc6f01619b45dc""}}",features,"[3081, 512]",float32,False,False,672919f479d41171eadaa832a74ea528426c818712910781cfcc6f01619b45dc,"[3081, 2]",e15e54c78ca1bccaaa210e588167e6693d8e505c14bdd79d73bde5088738c8d8
25017539B2.h5,features_biomedclip_20x/25017539B2.h5,7631987,055c2be3fa5c93ac8ea62d2539df1950d0147778b7f7c29060732c094c042951,2026-01-07T11:34:37.032024,"[""coords"", ""features""]","{""coords"": {""dtype"": ""int64"", ""has_inf"": false, ""has_nan"": false, ""shape"": [4009, 2], ""summary_hash"": ""231d8b83ed479b9aa034292fa0dc9fbd42c4570d63dfb685dabe425b9cb125ce""}, ""features"": {""dtype"": ""float32"", ""has_inf"": false, ""has_nan"": false, ""shape"": [4009, 512], ""summary_hash"": ""948f377e3bd1f8cc559e56bafe8eb6f9524a3f0b2bbec4b64a22214ab97b7acf""}}",features,"[4009, 512]",float32,False,False,948f377e3bd1f8cc559e56bafe8eb6f9524a3f0b2bbec4b64a22214ab97b7acf,"[4009, 2]",231d8b83ed479b9aa034292fa0dc9fbd42c4570d63dfb685dabe425b9cb125ce
25017539B3.h5,features_biomedclip_20x/25017539B3.h5,9184842,40294bfc49950a77a60f40fe49a29c3ca244ba3ffd434e74dae9b0d089a93d37,2026-01-07T11:34:39.494016,"[""coords"", ""features""]","{""coords"": {""dtype"": ""int64"", ""has_inf"": false, ""has_nan"": false, ""shape"": [4823, 2], ""summary_hash"": ""d23ee3fe40a6f252facbf283dc079381c4016e7dccf6d5d7546acfb43bb9e1aa""}, ""features"": {""dtype"": ""float32"", ""has_inf"": false, ""has_nan"": false, ""shape"": [4823, 512], ""summary_hash"": ""75c74f04e60341b821aa9cab15d15e973dfe13644085172eeb91b5222ea3cc42""}}",features,"[4823, 512]",float32,False,False,75c74f04e60341b821aa9cab15d15e973dfe13644085172eeb91b5222ea3cc42,"[4823, 2]",d23ee3fe40a6f252facbf283dc079381c4016e7dccf6d5d7546acfb43bb9e1aa
25017589B6.h5,features_biomedclip_20x/25017589B6.h5,4153630,283f3674bec2cae8a9f026ca5d5e16ef995d210a4d5d1e51d6d44b668dbfcbdf,2026-01-07T11:35:07.417916,"[""coords"", ""features""]","{""coords"": {""dtype"": ""int64"", ""has_inf"": false, ""has_nan"": false, ""shape"": [2176, 2], ""summary_hash"": ""2c979b9424bee4e276c103b347e0b0ce45874124913052abe1327571a96690f2""}, ""features"": {""dtype"": ""float32"", ""has_inf"": false, ""has_nan"": false, ""shape"": [2176, 512], ""summary_hash"": ""d444ba2adb768308c8980caacf76a48eaf36b384164f768ba6c0457007e8d616""}}",features,"[2176, 512]",float32,False,False,d444ba2adb768308c8980caacf76a48eaf36b384164f768ba6c0457007e8d616,"[2176, 2]",2c979b9424bee4e276c103b347e0b0ce45874124913052abe1327571a96690f2
25017592B3.h5,features_biomedclip_20x/25017592B3.h5,2257756,3708704ea42dd63bb34ed4b0c803bcad7604f2f84829e4723be935555cb7cfb7,2026-01-07T11:34:26.291063,"[""coords"", ""features""]","{""coords"": {""dtype"": ""int64"", ""has_inf"": false, ""has_nan"": false, ""shape"": [1178, 2], ""summary_hash"": ""1dd40c17c237aa364fba77d90de5680e7ba92d3da19d12e1f924471382e81a7f""}, ""features"": {""dtype"": ""float32"", ""has_inf"": false, ""has_nan"": false, ""shape"": [1178, 512], ""summary_hash"": ""4a32469d338c53e91ed60c3cd800b29086f69ced0145a6403574511792ae81de""}}",features,"[1178, 512]",float32,False,False,4a32469d338c53e91ed60c3cd800b29086f69ced0145a6403574511792ae81de,"[1178, 2]",1dd40c17c237aa364fba77d90de5680e7ba92d3da19d12e1f924471382e81a7f
25017711B.h5,features_biomedclip_20x/25017711B.h5,10804981,825e975c45b90565eb06393981f99dbba28d67ad5219de4e76f0c619518083a6,2026-01-07T11:34:55.750958,"[""coords"", ""features""]","{""coords"": {""dtype"": ""int64"", ""has_inf"": false, ""has_nan"": false, ""shape"": [5679, 2], ""summary_hash"": ""b778d79ae99c9861c21c885bebf52f1fb5773c93b2f57d7bb976e8649ebe2575""}, ""features"": {""dtype"": ""float32"", ""has_inf"": false, ""has_nan"": false, ""shape"": [5679, 512], ""summary_hash"": ""c939c65f33b16101d3c352e2c3f4c7977d019162e936a05e3ff6168a42412d99""}}",features,"[5679, 512]",float32,False,False,c939c65f33b16101d3c352e2c3f4c7977d019162e936a05e3ff6168a42412d99,"[5679, 2]",b778d79ae99c9861c21c885bebf52f1fb5773c93b2f57d7bb976e8649ebe2575
25017716B2.h5,features_biomedclip_20x/25017716B2.h5,6041478,d2ab598f5c4483751f59efad95675f968707c2716c9aa1eacd6342319329bbc9,2026-01-07T11:34:45.308995,"[""coords"", ""features""]","{""coords"": {""dtype"": ""int64"", ""has_inf"": false, ""has_nan"": false, ""shape"": [3169, 2], ""summary_hash"": ""dcceff991e9ed4ea5e7c1ce665693c9a7e80f1db980a3aea31a9ffd48b3cd28a""}, ""features"": {""dtype"": ""float32"", ""has_inf"": false, ""has_nan"": false, ""shape"": [3169, 512], ""summary_hash"": ""0d5d2141995458550edb3200db59f39158b33957ad234e3118476fdac15d69bc""}}",features,"[3169, 512]",float32,False,False,0d5d2141995458550edb3200db59f39158b33957ad234e3118476fdac15d69bc,"[3169, 2]",dcceff991e9ed4ea5e7c1ce665693c9a7e80f1db980a3aea31a9ffd48b3cd28a
25017718B2.h5,features_biomedclip_20x/25017718B2.h5,6079147,2eb3a16b5082b94b504793ab53dfb38d96225a302c8cf7a567dba5ea197bf994,2026-01-07T11:34:36.283027,"[""coords"", ""features""]","{""coords"": {""dtype"": ""int64"", ""has_inf"": false, ""has_nan"": false, ""shape"": [3188, 2], ""summary_hash"": ""37322a5da3d95cbf7fc3909e839c998485ed237a497cd9c145640b1b92f2bd68""}, ""features"": {""dtype"": ""float32"", ""has_inf"": false, ""has_nan"": false, ""shape"": [3188, 512], ""summary_hash"": ""7831bba63da42ff15f76579f7c2c1cc45f745660e25626f62cd18e43de902516""}}",features,"[3188, 512]",float32,False,False,7831bba63da42ff15f76579f7c2c1cc45f745660e25626f62cd18e43de902516,"[3188, 2]",37322a5da3d95cbf7fc3909e839c998485ed237a497cd9c145640b1b92f2bd68
25017730B2.h5,features_biomedclip_20x/25017730B2.h5,4330088,c70f4437023ab5598a9073e4e7a0b9219af9305e52f6cc5e381bd8ab64f40397,2026-01-07T11:34:16.125099,"[""coords"", ""features""]","{""coords"": {""dtype"": ""int64"", ""has_inf"": false, ""has_nan"": false, ""shape"": [2270, 2], ""summary_hash"": ""b8471bb975e3ebc68d5bdd635b5044e042fa6e76e98e0b4eeb314a76847851e2""}, ""features"": {""dtype"": ""float32"", ""has_inf"": false, ""has_nan"": false, ""shape"": [2270, 512], ""summary_hash"": ""bb55daf49a58ba8f0c6f39922a5864bb4cea9c4c5b54b0313926d7dbd4c443a4""}}",features,"[2270, 512]",float32,False,False,bb55daf49a58ba8f0c6f39922a5864bb4cea9c4c5b54b0313926d7dbd4c443a4,"[2270, 2]",b8471bb975e3ebc68d5bdd635b5044e042fa6e76e98e0b4eeb314a76847851e2
25017738B2.h5,features_biomedclip_20x/25017738B2.h5,9330148,f0871fe07e7e01dadfea3ea7f6561e913676759453537b863c686b06e70e661d,2026-01-07T11:34:24.237070,"[""coords"", ""features""]","{""coords"": {""dtype"": ""int64"", ""has_inf"": false, ""has_nan"": false, ""shape"": [4902, 2], ""summary_hash"": ""8a6813d933087d2732d1749124c233a92a7e9ada0b0372999fe508fc20444785""}, ""features"": {""dtype"": ""float32"", ""has_inf"": false, ""has_nan"": false, ""shape"": [4902, 512], ""summary_hash"": ""6f36cfe020b94cda859ef879a7e363d02cd0927e16f9fd4fc8acce7a0c81493c""}}",features,"[4902, 512]",float32,False,False,6f36cfe020b94cda859ef879a7e363d02cd0927e16f9fd4fc8acce7a0c81493c,"[4902, 2]",8a6813d933087d2732d1749124c233a92a7e9ada0b0372999fe508fc20444785
25017739B2.h5,features_biomedclip_20x/25017739B2.h5,7928174,ccc85930eaa3db7758ffb41394bd1961439e8ca6028756dde9e3394c59531953,2026-01-07T11:34:30.419048,"[""coords"", ""features""]","{""coords"": {""dtype"": ""int64"", ""has_inf"": false, ""has_nan"": false, ""shape"": [4162, 2], ""summary_hash"": ""95defef9f99f82a099717b4a1069e00cff534889141f49fb2a32975a229e7a14""}, ""features"": {""dtype"": ""float32"", ""has_inf"": false, ""has_nan"": false, ""shape"": [4162, 512], ""summary_hash"": ""2d9176fc510c9223808692584aaedb5213984091d4fe8a7573528a8705aaf57f""}}",features,"[4162, 512]",float32,False,False,2d9176fc510c9223808692584aaedb5213984091d4fe8a7573528a8705aaf57f,"[4162, 2]",95defef9f99f82a099717b4a1069e00cff534889141f49fb2a32975a229e7a14
25017748B2.h5,features_biomedclip_20x/25017748B2.h5,5098393,6ffaa9c3a1bc7986f55f62f0473c31e8cf7df9ef9850643eb96dce72a623ef2b,2026-01-07T11:34:53.698965,"[""coords"", ""features""]","{""coords"": {""dtype"": ""int64"", ""has_inf"": false, ""has_nan"": false, ""shape"": [2671, 2], ""summary_hash"": ""0bf625910167bc06888801da6a15f4f9e283b976378fdeed1f31715b677b8afe""}, ""features"": {""dtype"": ""float32"", ""has_inf"": false, ""has_nan"": false, ""shape"": [2671, 512], ""summary_hash"": ""86b81f2c9186a750938a548f1afeb192c5a0c895282b93eb0cdce1a190e92414""}}",features,"[2671, 512]",float32,False,False,86b81f2c9186a750938a548f1afeb192c5a0c895282b93eb0cdce1a190e92414,"[2671, 2]",0bf625910167bc06888801da6a15f4f9e283b976378fdeed1f31715b677b8afe
25017767B2.h5,features_biomedclip_20x/25017767B2.h5,5691010,e9ee181782fcb127e54e69e4f42f4e8642ca218061a4538f516af348676a9a9a,2026-01-07T11:34:19.874086,"[""coords"", ""features""]","{""coords"": {""dtype"": ""int64"", ""has_inf"": false, ""has_nan"": false, ""shape"": [2984, 2], ""summary_hash"": ""99c70b51ea19be3d156d1fed36c41ba4b66e851e0a7a9b0ce89b3abc72637bae""}, ""features"": {""dtype"": ""float32"", ""has_inf"": false, ""has_nan"": false, ""shape"": [2984, 512], ""summary_hash"": ""0d83929bc3b1443a7594d6453f51c94540557e8d28d085ba90a1fbd49bae483c""}}",features,"[2984, 512]",float32,False,False,0d83929bc3b1443a7594d6453f51c94540557e8d28d085ba90a1fbd49bae483c,"[2984, 2]",99c70b51ea19be3d156d1fed36c41ba4b66e851e0a7a9b0ce89b3abc72637bae
25017923B.h5,features_biomedclip_20x/25017923B.h5,2927348,3f89297a564d2d950a18b7eab722c93fa09cdc277190e28517247198617a7860,2026-01-07T11:34:45.502994,"[""coords"", ""features""]","{""coords"": {""dtype"": ""int64"", ""has_inf"": false, ""has_nan"": false, ""shape"": [1532, 2], ""summary_hash"": ""804cc300c6abd0d2f7b5e214caecb0fd005243aa8e1af50f6ccf3adaf4967a9e""}, ""features"": {""dtype"": ""float32"", ""has_inf"": false, ""has_nan"": false, ""shape"": [1532, 512], ""summary_hash"": ""8c7ea8aa0616e680ef40a82b1b59fcb809550de8c0802fab7d2ffb8016e205f8""}}",features,"[1532, 512]",float32,False,False,8c7ea8aa0616e680ef40a82b1b59fcb809550de8c0802fab7d2ffb8016e205f8,"[1532, 2]",804cc300c6abd0d2f7b5e214caecb0fd005243aa8e1af50f6ccf3adaf4967a9e
25017930B.h5,features_biomedclip_20x/25017930B.h5,2851192,a903ca179a71c6a69734a89d08f3850f4fb199ab2d6cd72815d5901b7c757341,2026-01-07T11:34:19.609086,"[""coords"", ""features""]","{""coords"": {""dtype"": ""int64"", ""has_inf"": false, ""has_nan"": false, ""shape"": [1492, 2], ""summary_hash"": ""84dccb4063acb1868efeb57833d78e29d209ba4b80c6c10dd6122b1eaca1b1bc""}, ""features"": {""dtype"": ""float32"", ""has_inf"": false, ""has_nan"": false, ""shape"": [1492, 512], ""summary_hash"": ""6dbf6de4f5e0c6007a74e3bea549d6298b6a78c0cf454a5baaa4eb8d912b5523""}}",features,"[1492, 512]",float32,False,False,6dbf6de4f5e0c6007a74e3bea549d6298b6a78c0cf454a5baaa4eb8d912b5523,"[1492, 2]",84dccb4063acb1868efeb57833d78e29d209ba4b80c6c10dd6122b1eaca1b1bc
25017932B2.h5,features_biomedclip_20x/25017932B2.h5,2414682,fec8b618e3a047da5bf2474bdbe57b688ddb8d7bfea210cadef5f8832947a54b,2026-01-07T11:34:23.821071,"[""coords"", ""features""]","{""coords"": {""dtype"": ""int64"", ""has_inf"": false, ""has_nan"": false, ""shape"": [1261, 2], ""summary_hash"": ""b49bb8750fd1bf160f9cac785cc07fedce72718c94f5706e207a9a98e8bb7637""}, ""features"": {""dtype"": ""float32"", ""has_inf"": false, ""has_nan"": false, ""shape"": [1261, 512], ""summary_hash"": ""d3a00ac9a122957d3e57b6ebf295eb26e141c2ea7c77a9d58f28fb6666acf5d7""}}",features,"[1261, 512]",float32,False,False,d3a00ac9a122957d3e57b6ebf295eb26e141c2ea7c77a9d58f28fb6666acf5d7,"[1261, 2]",b49bb8750fd1bf160f9cac785cc07fedce72718c94f5706e207a9a98e8bb7637
25017948B3.h5,features_biomedclip_20x/25017948B3.h5,7970587,0f10b7f9872542b56e21fefadb95216e86a0a38db905b8049c3637afe0e98cc8,2026-01-07T11:34:23.713072,"[""coords"", ""features""]","{""coords"": {""dtype"": ""int64"", ""has_inf"": false, ""has_nan"": false, ""shape"": [4183, 2], ""summary_hash"": ""ab29bb69907b9d8d7cb425ccd6ebde9fd7d3a4767e9a0ca7d25ed24f77ece2a0""}, ""features"": {""dtype"": ""float32"", ""has_inf"": false, ""has_nan"": false, ""shape"": [4183, 512], ""summary_hash"": ""a645e794503f6c80a77503e3dbb82326c5216e46e1cc516019155d87d1fd6915""}}",features,"[4183, 512]",float32,False,False,a645e794503f6c80a77503e3dbb82326c5216e46e1cc516019155d87d1fd6915,"[4183, 2]",ab29bb69907b9d8d7cb425ccd6ebde9fd7d3a4767e9a0ca7d25ed24f77ece2a0
25018002B2.h5,features_biomedclip_20x/25018002B2.h5,7023532,db185f0a4c30fb60a1ccc1878ae22d6ee78a728715b2546a12ddca088b855b5e,2026-01-07T11:34:52.839968,"[""coords"", ""features""]","{""coords"": {""dtype"": ""int64"", ""has_inf"": false, ""has_nan"": false, ""shape"": [3688, 2], ""summary_hash"": ""618ac6338996a5dbdc77ef8b8391fee01546779e1531c53ab3423ae923b888a0""}, ""features"": {""dtype"": ""float32"", ""has_inf"": false, ""has_nan"": false, ""shape"": [3688, 512], ""summary_hash"": ""ee3cbf6ca2fda6fdc29b1186b338d934030337f3b55c229b9207ff3cae14989e""}}",features,"[3688, 512]",float32,False,False,ee3cbf6ca2fda6fdc29b1186b338d934030337f3b55c229b9207ff3cae14989e,"[3688, 2]",618ac6338996a5dbdc77ef8b8391fee01546779e1531c53ab3423ae923b888a0
25018050B2.h5,features_biomedclip_20x/25018050B2.h5,5352188,f684431206d7ce999e15069eb2cf5e4de71aafe59eafaee8bae2c5f337a0fe97,2026-01-07T11:34:57.279952,"[""coords"", ""features""]","{""coords"": {""dtype"": ""int64"", ""has_inf"": false, ""has_nan"": false, ""shape"": [2805, 2], ""summary_hash"": ""e5ffc5dc245d313697964eaaeeafe8033b6cd84d0e8f4de76fcb4f81ae2ce934""}, ""features"": {""dtype"": ""float32"", ""has_inf"": false, ""has_nan"": false, ""shape"": [2805, 512], ""summary_hash"": ""2299b6a29456e36e90f4e5be045bccd988118c5430b6a371942f82210d2c9185""}}",features,"[2805, 512]",float32,False,False,2299b6a29456e36e90f4e5be045bccd988118c5430b6a371942f82210d2c9185,"[2805, 2]",e5ffc5dc245d313697964eaaeeafe8033b6cd84d0e8f4de76fcb4f81ae2ce934
25018453B2.h5,features_biomedclip_20x/25018453B2.h5,4292755,ead92e2de150b335fb30efb2d876db8ef61007f2931b41d3c738d062d7f8a18a,2026-01-07T11:34:26.608062,"[""coords"", ""features""]","{""coords"": {""dtype"": ""int64"", ""has_inf"": false, ""has_nan"": false, ""shape"": [2250, 2], ""summary_hash"": ""9989e5a5b32fb55b4bf77d58597bc3afdcc5ed91c28e5b849bc58f7b0af90ce6""}, ""features"": {""dtype"": ""float32"", ""has_inf"": false, ""has_nan"": false, ""shape"": [2250, 512], ""summary_hash"": ""ac40abed4acb1ffe9dc491fb7a045eff182617b1df5a397d9b32c1029dbe28af""}}",features,"[2250, 512]",float32,False,False,ac40abed4acb1ffe9dc491fb7a045eff182617b1df5a397d9b32c1029dbe28af,"[2250, 2]",9989e5a5b32fb55b4bf77d58597bc3afdcc5ed91c28e5b849bc58f7b0af90ce6
25018457B2.h5,features_biomedclip_20x/25018457B2.h5,7903008,d38533d34d22e7c9df49f84fb489282b37fc024acdd754890f57bcbb2e5eeb40,2026-01-07T11:34:23.119074,"[""coords"", ""features""]","{""coords"": {""dtype"": ""int64"", ""has_inf"": false, ""has_nan"": false, ""shape"": [4148, 2], ""summary_hash"": ""fc3f87a8a8ceb4895bd4e0829c57617219d3dffb2e1ff4a5472afa311841ea74""}, ""features"": {""dtype"": ""float32"", ""has_inf"": false, ""has_nan"": false, ""shape"": [4148, 512], ""summary_hash"": ""cf66c4f3ec65ad911d5f6a6bbbd9339dea1ac064bc089fee6f66128c3cb9b549""}}",features,"[4148, 512]",float32,False,False,cf66c4f3ec65ad911d5f6a6bbbd9339dea1ac064bc089fee6f66128c3cb9b549,"[4148, 2]",fc3f87a8a8ceb4895bd4e0829c57617219d3dffb2e1ff4a5472afa311841ea74
25018478B2.h5,features_biomedclip_20x/25018478B2.h5,6202076,836bcbebc7f8b3ee02cb7c4be489d2cfce685a364e87a3bf76816c0ad72ee376,2026-01-07T11:35:04.676926,"[""coords"", ""features""]","{""coords"": {""dtype"": ""int64"", ""has_inf"": false, ""has_nan"": false, ""shape"": [3256, 2], ""summary_hash"": ""c93688eea81eb4481d0186eaad8165a04eb9e6ac0f40ae02b268cb72d9fc4f5e""}, ""features"": {""dtype"": ""float32"", ""has_inf"": false, ""has_nan"": false, ""shape"": [3256, 512], ""summary_hash"": ""6e7100dac309e3cab4cd3439a9457c21a162646b0cd7e1b53ad243c7a8e809e5""}}",features,"[3256, 512]",float32,False,False,6e7100dac309e3cab4cd3439a9457c21a162646b0cd7e1b53ad243c7a8e809e5,"[3256, 2]",c93688eea81eb4481d0186eaad8165a04eb9e6ac0f40ae02b268cb72d9fc4f5e
25018571B2.h5,features_biomedclip_20x/25018571B2.h5,9377113,f588a5c0de16a93b7367ee59707d41dfe6919e1099f74da82188c227e67d92bf,2026-01-07T11:34:35.641029,"[""coords"", ""features""]","{""coords"": {""dtype"": ""int64"", ""has_inf"": false, ""has_nan"": false, ""shape"": [4925, 2], ""summary_hash"": ""5d27dc15b7f5324218c18d5e3d540710b1944ff7eb2420867107adc3cbee8fe7""}, ""features"": {""dtype"": ""float32"", ""has_inf"": false, ""has_nan"": false, ""shape"": [4925, 512], ""summary_hash"": ""625eeebce4fef6ed2f81cf0a9fd575cd4ed991888364b34c3eafb65af44f8bf5""}}",features,"[4925, 512]",float32,False,False,625eeebce4fef6ed2f81cf0a9fd575cd4ed991888364b34c3eafb65af44f8bf5,"[4925, 2]",5d27dc15b7f5324218c18d5e3d540710b1944ff7eb2420867107adc3cbee8fe7
25018584B.h5,features_biomedclip_20x/25018584B.h5,6465521,c431665e5e75001be06bdaef6e46af8d72016afef18d119fc1ff1b4b51419426,2026-01-07T11:34:31.914043,"[""coords"", ""features""]","{""coords"": {""dtype"": ""int64"", ""has_inf"": false, ""has_nan"": false, ""shape"": [3393, 2], ""summary_hash"": ""68fec98c9923ea9ceadd2cba652479a0eb324eeb293e39151faef51c0ecba3f0""}, ""features"": {""dtype"": ""float32"", ""has_inf"": false, ""has_nan"": false, ""shape"": [3393, 512], ""summary_hash"": ""c99d13f38c2d3a4af99445e35c5aaeed134dc4ad9a1175e84dd6e9c6ebb57cb7""}}",features,"[3393, 512]",float32,False,False,c99d13f38c2d3a4af99445e35c5aaeed134dc4ad9a1175e84dd6e9c6ebb57cb7,"[3393, 2]",68fec98c9923ea9ceadd2cba652479a0eb324eeb293e39151faef51c0ecba3f0
25018592B.h5,features_biomedclip_20x/25018592B.h5,2598614,a8164fce402078884cbe9d772bc02fe8a8710d61f9976507ea171f28b29d158f,2026-01-07T11:34:36.421027,"[""coords"", ""features""]","{""coords"": {""dtype"": ""int64"", ""has_inf"": false, ""has_nan"": false, ""shape"": [1359, 2], ""summary_hash"": ""e4548e364229e39f5b859a4afe8cdee6d8413251b320e78d84b4b84f0336d52a""}, ""features"": {""dtype"": ""float32"", ""has_inf"": false, ""has_nan"": false, ""shape"": [1359, 512], ""summary_hash"": ""45faac3b835bd217b252e9c0a342a64c50b0cde485848c828191fd4ba1b19433""}}",features,"[1359, 512]",float32,False,False,45faac3b835bd217b252e9c0a342a64c50b0cde485848c828191fd4ba1b19433,"[1359, 2]",e4548e364229e39f5b859a4afe8cdee6d8413251b320e78d84b4b84f0336d52a
25018910B2.h5,features_biomedclip_20x/25018910B2.h5,3984975,656d2d03c5e224c7d29000db55fa32a1a63bd193408e761eb242132d2ff2edaf,2026-01-07T11:34:20.348084,"[""coords"", ""features""]","{""coords"": {""dtype"": ""int64"", ""has_inf"": false, ""has_nan"": false, ""shape"": [2088, 2], ""summary_hash"": ""1290967f92769299d25a36e2220930ba5aeb60bbd48e26a10a33aac9899f26f9""}, ""features"": {""dtype"": ""float32"", ""has_inf"": false, ""has_nan"": false, ""shape"": [2088, 512], ""summary_hash"": ""acdc2b3b97400082358627893b78ccbeb945415f313222585f25268cf237bd10""}}",features,"[2088, 512]",float32,False,False,acdc2b3b97400082358627893b78ccbeb945415f313222585f25268cf237bd10,"[2088, 2]",1290967f92769299d25a36e2220930ba5aeb60bbd48e26a10a33aac9899f26f9
25018956B3.h5,features_biomedclip_20x/25018956B3.h5,2915686,05d6761731b92ced20a3380df1e41b06b9f10d2e64ddd7695997dd42f9e26977,2026-01-07T11:34:33.116038,"[""coords"", ""features""]","{""coords"": {""dtype"": ""int64"", ""has_inf"": false, ""has_nan"": false, ""shape"": [1526, 2], ""summary_hash"": ""505abe8f3740cd0afa9b4d093655b08b23526762fecbc76b05e65184e014241c""}, ""features"": {""dtype"": ""float32"", ""has_inf"": false, ""has_nan"": false, ""shape"": [1526, 512], ""summary_hash"": ""85f3024a7f785cf3bc7a2868ef45fde3c8b9c0917309a378d3d8af8505fcea84""}}",features,"[1526, 512]",float32,False,False,85f3024a7f785cf3bc7a2868ef45fde3c8b9c0917309a378d3d8af8505fcea84,"[1526, 2]",505abe8f3740cd0afa9b4d093655b08b23526762fecbc76b05e65184e014241c
25019081B3.h5,features_biomedclip_20x/25019081B3.h5,8469677,9db2926fea846e8764ff174196d6de3ada1e550c57ce39f2a4077d8d2c2d13d8,2026-01-07T11:35:02.041935,"[""coords"", ""features""]","{""coords"": {""dtype"": ""int64"", ""has_inf"": false, ""has_nan"": false, ""shape"": [4444, 2], ""summary_hash"": ""8e0cc169a4ebede66c6ad3890db9c402fc8f96066016a64b9a2476f7ea67d0e7""}, ""features"": {""dtype"": ""float32"", ""has_inf"": false, ""has_nan"": false, ""shape"": [4444, 512], ""summary_hash"": ""8ab091a1e3ca3a7d533ec4dae252d964469c7dfb9f8157abc6595a126346e679""}}",features,"[4444, 512]",float32,False,False,8ab091a1e3ca3a7d533ec4dae252d964469c7dfb9f8157abc6595a126346e679,"[4444, 2]",8e0cc169a4ebede66c6ad3890db9c402fc8f96066016a64b9a2476f7ea67d0e7
25019094B8.h5,features_biomedclip_20x/25019094B8.h5,7423665,73a03a6fe662800a367d634ca846044d5a9e98c0e09e7331d8f66019bad6362f,2026-01-07T11:34:40.396012,"[""coords"", ""features""]","{""coords"": {""dtype"": ""int64"", ""has_inf"": false, ""has_nan"": false, ""shape"": [3900, 2], ""summary_hash"": ""504621de4a0d7c0b67a3cb88d5970fef158d8d49f22dfcf21344733a40be5506""}, ""features"": {""dtype"": ""float32"", ""has_inf"": false, ""has_nan"": false, ""shape"": [3900, 512], ""summary_hash"": ""085212e7301f526dede0fdfc66ad86a32038b59c4a1b99465807de29aac402b3""}}",features,"[3900, 512]",float32,False,False,085212e7301f526dede0fdfc66ad86a32038b59c4a1b99465807de29aac402b3,"[3900, 2]",504621de4a0d7c0b67a3cb88d5970fef158d8d49f22dfcf21344733a40be5506
25019102B4.h5,features_biomedclip_20x/25019102B4.h5,8605940,7d520451130ed1cc4ac4f83d633133433e4d950ccc1d9cd2bde92bbdcf2f0b17,2026-01-07T11:34:29.785050,"[""coords"", ""features""]","{""coords"": {""dtype"": ""int64"", ""has_inf"": false, ""has_nan"": false, ""shape"": [4517, 2], ""summary_hash"": ""1b39ffda7b5b6fda3395c17e0171883d325ff5a98140043e72c813e2fa29500e""}, ""features"": {""dtype"": ""float32"", ""has_inf"": false, ""has_nan"": false, ""shape"": [4517, 512], ""summary_hash"": ""0274626bb53d4870c5defa5777fda2a19e1118798ff29d72436022f9c27e51eb""}}",features,"[4517, 512]",float32,False,False,0274626bb53d4870c5defa5777fda2a19e1118798ff29d72436022f9c27e51eb,"[4517, 2]",1b39ffda7b5b6fda3395c17e0171883d325ff5a98140043e72c813e2fa29500e
25019107B.h5,features_biomedclip_20x/25019107B.h5,6510994,33d27a9964906af3d02397113c9bcb2df78c0d2e5256f69c8fa2530182fa55d0,2026-01-07T11:34:55.814957,"[""coords"", ""features""]","{""coords"": {""dtype"": ""int64"", ""has_inf"": false, ""has_nan"": false, ""shape"": [3417, 2], ""summary_hash"": ""513e042e73a2c6aef3fbba51c1df8f0914dc02a2b1102ed44adbe2e530b7e1a0""}, ""features"": {""dtype"": ""float32"", ""has_inf"": false, ""has_nan"": false, ""shape"": [3417, 512], ""summary_hash"": ""58c563f872310c7f17205ba0b135b56ab019c1355ef2c9bc64c4f40dbb242988""}}",features,"[3417, 512]",float32,False,False,58c563f872310c7f17205ba0b135b56ab019c1355ef2c9bc64c4f40dbb242988,"[3417, 2]",513e042e73a2c6aef3fbba51c1df8f0914dc02a2b1102ed44adbe2e530b7e1a0
25019273B.h5,features_biomedclip_20x/25019273B.h5,10296668,bc77606598cdf0bc2a89465b4a9061255bcb6439c3fdfecbdff473b4a4b414d2,2026-01-07T11:35:06.068921,"[""coords"", ""features""]","{""coords"": {""dtype"": ""int64"", ""has_inf"": false, ""has_nan"": false, ""shape"": [5410, 2], ""summary_hash"": ""5586e52c6231a225dbf67fcd8cd375d9cc563052a2787dd30cd19b38d154844a""}, ""features"": {""dtype"": ""float32"", ""has_inf"": false, ""has_nan"": false, ""shape"": [5410, 512], ""summary_hash"": ""319078ce485abea37ba0214aa02913d26d1dfa1e0dcd59337d38384a5614ca64""}}",features,"[5410, 512]",float32,False,False,319078ce485abea37ba0214aa02913d26d1dfa1e0dcd59337d38384a5614ca64,"[5410, 2]",5586e52c6231a225dbf67fcd8cd375d9cc563052a2787dd30cd19b38d154844a
25019283B2.h5,features_biomedclip_20x/25019283B2.h5,4156202,2df4e0de65ac0e9217680c585c2238f06f2c902670c6f6c4c3263a18697082b3,2026-01-07T11:34:19.914085,"[""coords"", ""features""]","{""coords"": {""dtype"": ""int64"", ""has_inf"": false, ""has_nan"": false, ""shape"": [2178, 2], ""summary_hash"": ""80d3a7ec3ea5544fe38838aab7614c369018e0cd665e9300211954a5959045f4""}, ""features"": {""dtype"": ""float32"", ""has_inf"": false, ""has_nan"": false, ""shape"": [2178, 512], ""summary_hash"": ""5f3527c35123aa01de059c5c8d4605e502ff8e1dc944c248c851120d09a282e7""}}",features,"[2178, 512]",float32,False,False,5f3527c35123aa01de059c5c8d4605e502ff8e1dc944c248c851120d09a282e7,"[2178, 2]",80d3a7ec3ea5544fe38838aab7614c369018e0cd665e9300211954a5959045f4
25019284B2.h5,features_biomedclip_20x/25019284B2.h5,6715705,9282d8f9b940238ab05888d59d3d902b015ac1859034ba181ecf2c213f61be5c,2026-01-07T11:34:49.953978,"[""coords"", ""features""]","{""coords"": {""dtype"": ""int64"", ""has_inf"": false, ""has_nan"": false, ""shape"": [3526, 2], ""summary_hash"": ""12925768f01b48092d4c060c02452c2502e217929fb11e8389f8b28216d448c2""}, ""features"": {""dtype"": ""float32"", ""has_inf"": false, ""has_nan"": false, ""shape"": [3526, 512], ""summary_hash"": ""270185f699ba180c060f54e234d365b8c79fc58d2588340dcc982053488b9249""}}",features,"[3526, 512]",float32,False,False,270185f699ba180c060f54e234d365b8c79fc58d2588340dcc982053488b9249,"[3526, 2]",12925768f01b48092d4c060c02452c2502e217929fb11e8389f8b28216d448c2
25019294B1.h5,features_biomedclip_20x/25019294B1.h5,867396,41b02945702148ceeac5f376d439a651c22a8d6b532442d2bbba9755d7f02456,2026-01-07T11:34:50.010978,"[""coords"", ""features""]","{""coords"": {""dtype"": ""int64"", ""has_inf"": false, ""has_nan"": false, ""shape"": [453, 2], ""summary_hash"": ""901cd213e899207944cdd19ea503a780858c7b6172fe51f1bdbb8effffcedb68""}, ""features"": {""dtype"": ""float32"", ""has_inf"": false, ""has_nan"": false, ""shape"": [453, 512], ""summary_hash"": ""14b80179a379e4880c197da6a790df398554c337cc00b0d48be7b29b0a9a0646""}}",features,"[453, 512]",float32,False,False,14b80179a379e4880c197da6a790df398554c337cc00b0d48be7b29b0a9a0646,"[453, 2]",901cd213e899207944cdd19ea503a780858c7b6172fe51f1bdbb8effffcedb68
25019294B2.h5,features_biomedclip_20x/25019294B2.h5,888281,8bad1bba53d143f426a366f819b5ff13e3085c57cbd74bfb184219821529baa7,2026-01-07T11:34:42.663004,"[""coords"", ""features""]","{""coords"": {""dtype"": ""int64"", ""has_inf"": false, ""has_nan"": false, ""shape"": [464, 2], ""summary_hash"": ""dc9b02a2488f79dc19a41413dc62fa555d16da1d71938265200b504d2bbe9e58""}, ""features"": {""dtype"": ""float32"", ""has_inf"": false, ""has_nan"": false, ""shape"": [464, 512], ""summary_hash"": ""5735e3d4ddcddaaa6ddf4918396b0770c65459a13fea94b95c60d8a6b2ad08b9""}}",features,"[464, 512]",float32,False,False,5735e3d4ddcddaaa6ddf4918396b0770c65459a13fea94b95c60d8a6b2ad08b9,"[464, 2]",dc9b02a2488f79dc19a41413dc62fa555d16da1d71938265200b504d2bbe9e58
25019335B6.h5,features_biomedclip_20x/25019335B6.h5,3797176,f37b8367ebf9c6a6153c8b0159e84bc45d55a538445ec37d9f0395aef539cc3d,2026-01-07T11:34:41.920007,"[""coords"", ""features""]","{""coords"": {""dtype"": ""int64"", ""has_inf"": false, ""has_nan"": false, ""shape"": [1992, 2], ""summary_hash"": ""3a017ebcd6efe1796bc6f8a40c4cc07558b7b0cf1b82d88b64d74b400fa251a2""}, ""features"": {""dtype"": ""float32"", ""has_inf"": false, ""has_nan"": false, ""shape"": [1992, 512], ""summary_hash"": ""a7face6ae6d0b1cddc87f1740e2e7f3d43f3bc5545d535f788afb13a6c31c2e0""}}",features,"[1992, 512]",float32,False,False,a7face6ae6d0b1cddc87f1740e2e7f3d43f3bc5545d535f788afb13a6c31c2e0,"[1992, 2]",3a017ebcd6efe1796bc6f8a40c4cc07558b7b0cf1b82d88b64d74b400fa251a2
25019339B2.h5,features_biomedclip_20x/25019339B2.h5,6390212,9000c4894c4bb8f5a393c9541413ba3de31c1bb88eb1bab1dc265bc1d0b0aa33,2026-01-07T11:34:56.845954,"[""coords"", ""features""]","{""coords"": {""dtype"": ""int64"", ""has_inf"": false, ""has_nan"": false, ""shape"": [3354, 2], ""summary_hash"": ""76347540a74c109e7da0287b2f01dc0312327979b99fb4ff9a4ced89939525d4""}, ""features"": {""dtype"": ""float32"", ""has_inf"": false, ""has_nan"": false, ""shape"": [3354, 512], ""summary_hash"": ""4045d32152214b68fbc2bafd79106013bf8d18c6af301800580d6ab99e973a14""}}",features,"[3354, 512]",float32,False,False,4045d32152214b68fbc2bafd79106013bf8d18c6af301800580d6ab99e973a14,"[3354, 2]",76347540a74c109e7da0287b2f01dc0312327979b99fb4ff9a4ced89939525d4
25019339B3.h5,features_biomedclip_20x/25019339B3.h5,5755322,ca8cae717758d38f6e0a9833adbc2e7cd934fd4d4589b63eb27d406bcf82c443,2026-01-07T11:34:57.519951,"[""coords"", ""features""]","{""coords"": {""dtype"": ""int64"", ""has_inf"": false, ""has_nan"": false, ""shape"": [3018, 2], ""summary_hash"": ""e77174570b9901029cafd3f83e524d31709a448b5058a703cba1204f71a1c486""}, ""features"": {""dtype"": ""float32"", ""has_inf"": false, ""has_nan"": false, ""shape"": [3018, 512], ""summary_hash"": ""b90efb32dc65e7411d822671dfeb1f48e6ebd39de5b76584f04a81b80523c7b9""}}",features,"[3018, 512]",float32,False,False,b90efb32dc65e7411d822671dfeb1f48e6ebd39de5b76584f04a81b80523c7b9,"[3018, 2]",e77174570b9901029cafd3f83e524d31709a448b5058a703cba1204f71a1c486
25019352B2.h5,features_biomedclip_20x/25019352B2.h5,6008809,695e9351a93a178d76754f376f51a4b8c3b1eac976358fca117fbdcd460446bc,2026-01-07T11:34:43.841000,"[""coords"", ""features""]","{""coords"": {""dtype"": ""int64"", ""has_inf"": false, ""has_nan"": false, ""shape"": [3152, 2], ""summary_hash"": ""057bf5faaf246ce559870baeea6d54a3ab2e8581e74f456a62f02c633f699dd6""}, ""features"": {""dtype"": ""float32"", ""has_inf"": false, ""has_nan"": false, ""shape"": [3152, 512], ""summary_hash"": ""8918a7f7c725995f22d2c77e227932e2197f61a4cdf4b23ddb5e53e20079d30c""}}",features,"[3152, 512]",float32,False,False,8918a7f7c725995f22d2c77e227932e2197f61a4cdf4b23ddb5e53e20079d30c,"[3152, 2]",057bf5faaf246ce559870baeea6d54a3ab2e8581e74f456a62f02c633f699dd6
25019376B2.h5,features_biomedclip_20x/25019376B2.h5,11567708,ab3079ecf2d3356f712915a3f4c86a726990c9b65f2c7b7d33c4a0b8bbddd751,2026-01-07T11:35:00.063942,"[""coords"", ""features""]","{""coords"": {""dtype"": ""int64"", ""has_inf"": false, ""has_nan"": false, ""shape"": [6083, 2], ""summary_hash"": ""3808786386ee23971d3dc3a9510cb38cbb7f0e42c394a4b31666b7e8f14109bf""}, ""features"": {""dtype"": ""float32"", ""has_inf"": false, ""has_nan"": false, ""shape"": [6083, 512], ""summary_hash"": ""ab7ed4d044426ef246befd0392b6afd018681fa6e53e0f59eb0fe700924329a3""}}",features,"[6083, 512]",float32,False,False,ab7ed4d044426ef246befd0392b6afd018681fa6e53e0f59eb0fe700924329a3,"[6083, 2]",3808786386ee23971d3dc3a9510cb38cbb7f0e42c394a4b31666b7e8f14109bf
25019379B.h5,features_biomedclip_20x/25019379B.h5,5917524,6a74afa19339df2a78f7640c2be6f7beda2c2ab869fce3c1cf91774a7b44dcb8,2026-01-07T11:34:24.974067,"[""coords"", ""features""]","{""coords"": {""dtype"": ""int64"", ""has_inf"": false, ""has_nan"": false, ""shape"": [3103, 2], ""summary_hash"": ""ca09a73f48311504201e88271bd5af41eb0dbdd32227a538b6a6e768bda5c6d3""}, ""features"": {""dtype"": ""float32"", ""has_inf"": false, ""has_nan"": false, ""shape"": [3103, 512], ""summary_hash"": ""cd50c5f1c33987a3bd888221ed0eb07a89a12574f3eb1178851cf8cde692694c""}}",features,"[3103, 512]",float32,False,False,cd50c5f1c33987a3bd888221ed0eb07a89a12574f3eb1178851cf8cde692694c,"[3103, 2]",ca09a73f48311504201e88271bd5af41eb0dbdd32227a538b6a6e768bda5c6d3
25019384B2.h5,features_biomedclip_20x/25019384B2.h5,6178076,2bc8a23df6a5bad8876c1a3932b06e15082e54521569d2472c32768d907337a3,2026-01-07T11:34:38.166020,"[""coords"", ""features""]","{""coords"": {""dtype"": ""int64"", ""has_inf"": false, ""has_nan"": false, ""shape"": [3241, 2], ""summary_hash"": ""6e8312ca304001ea9667edac043021b656168c21ac07f07643d98b97be1ff9f2""}, ""features"": {""dtype"": ""float32"", ""has_inf"": false, ""has_nan"": false, ""shape"": [3241, 512], ""summary_hash"": ""966d64a6b77c0aa9d158343d3cf54a269db40c97aa17531cbd9aff7240b6a64e""}}",features,"[3241, 512]",float32,False,False,966d64a6b77c0aa9d158343d3cf54a269db40c97aa17531cbd9aff7240b6a64e,"[3241, 2]",6e8312ca304001ea9667edac043021b656168c21ac07f07643d98b97be1ff9f2
25019457B2.h5,features_biomedclip_20x/25019457B2.h5,5019359,f82e336c5758711d16c6a477cc158bb5231ae087bbedfcadc08e30a645670b52,2026-01-07T11:34:29.795050,"[""coords"", ""features""]","{""coords"": {""dtype"": ""int64"", ""has_inf"": false, ""has_nan"": false, ""shape"": [2629, 2], ""summary_hash"": ""9ae76b2591803ecf1c41fdd38aa28a14cab5ec65bce335948b2c724503f43d07""}, ""features"": {""dtype"": ""float32"", ""has_inf"": false, ""has_nan"": false, ""shape"": [2629, 512], ""summary_hash"": ""f6ef359b54f8323fa97e611deb0d60dac3e768f5dc82c21bfeaedb213fc8f799""}}",features,"[2629, 512]",float32,False,False,f6ef359b54f8323fa97e611deb0d60dac3e768f5dc82c21bfeaedb213fc8f799,"[2629, 2]",9ae76b2591803ecf1c41fdd38aa28a14cab5ec65bce335948b2c724503f43d07
25019468B2.h5,features_biomedclip_20x/25019468B2.h5,4881303,586b23b24faa14a0d6e875b3f007615b120a045c43fc2fc701d0ba230619af99,2026-01-07T11:34:51.621972,"[""coords"", ""features""]","{""coords"": {""dtype"": ""int64"", ""has_inf"": false, ""has_nan"": false, ""shape"": [2556, 2], ""summary_hash"": ""ec97350a447e9f22704692f1de63e5c3944dee09e5bfc0ae98dc381ba36e36c9""}, ""features"": {""dtype"": ""float32"", ""has_inf"": false, ""has_nan"": false, ""shape"": [2556, 512], ""summary_hash"": ""4837fc1f8237313ee82431e48c9bbd41214c73d754f06f491598ae68342c1f21""}}",features,"[2556, 512]",float32,False,False,4837fc1f8237313ee82431e48c9bbd41214c73d754f06f491598ae68342c1f21,"[2556, 2]",ec97350a447e9f22704692f1de63e5c3944dee09e5bfc0ae98dc381ba36e36c9
25019474B2.h5,features_biomedclip_20x/25019474B2.h5,6892365,a69f8182cc6cc17cb8fe556602541c72c956bbc431f9262e116bf8bb3ae5a3d5,2026-01-07T11:34:50.229977,"[""coords"", ""features""]","{""coords"": {""dtype"": ""int64"", ""has_inf"": false, ""has_nan"": false, ""shape"": [3619, 2], ""summary_hash"": ""fc1ef2f731df7e870095b8eecb6d6a56458c86aa48770d1c38586e73c655880e""}, ""features"": {""dtype"": ""float32"", ""has_inf"": false, ""has_nan"": false, ""shape"": [3619, 512], ""summary_hash"": ""906c3fc280b2e3ea40d924c71227db19b3c799757d2b76a4b150d2eaf161fba2""}}",features,"[3619, 512]",float32,False,False,906c3fc280b2e3ea40d924c71227db19b3c799757d2b76a4b150d2eaf161fba2,"[3619, 2]",fc1ef2f731df7e870095b8eecb6d6a56458c86aa48770d1c38586e73c655880e
25019503B.h5,features_biomedclip_20x/25019503B.h5,3031920,a7ff5f9b80fdbf7be4e451113a2461fc91125d7183c601d3120868c6dfcaf3bd,2026-01-07T11:34:48.037985,"[""coords"", ""features""]","{""coords"": {""dtype"": ""int64"", ""has_inf"": false, ""has_nan"": false, ""shape"": [1589, 2], ""summary_hash"": ""bc7dd8583154069b4a72901bd119f573dfabcd012acc1757a2b841c6282166a3""}, ""features"": {""dtype"": ""float32"", ""has_inf"": false, ""has_nan"": false, ""shape"": [1589, 512], ""summary_hash"": ""54a9f262b4b62dfcd91a9f5e709922451c9ac9731075a04955006e773f0267e9""}}",features,"[1589, 512]",float32,False,False,54a9f262b4b62dfcd91a9f5e709922451c9ac9731075a04955006e773f0267e9,"[1589, 2]",bc7dd8583154069b4a72901bd119f573dfabcd012acc1757a2b841c6282166a3
25019508B4.h5,features_biomedclip_20x/25019508B4.h5,4953943,1df02f2d4b5f67dc2316fd335ef6db8487da93bd9c9027f8e664f1906ddfd7e2,2026-01-07T11:35:03.261931,"[""coords"", ""features""]","{""coords"": {""dtype"": ""int64"", ""has_inf"": false, ""has_nan"": false, ""shape"": [2594, 2], ""summary_hash"": ""82e9f74796052deb95b6fa9a0074b4073d452bd67962442cbf96112bbb15dc85""}, ""features"": {""dtype"": ""float32"", ""has_inf"": false, ""has_nan"": false, ""shape"": [2594, 512], ""summary_hash"": ""f6aae7adc2eff612261c90761a65932bcc32e1439edd1e061923296d78a6a528""}}",features,"[2594, 512]",float32,False,False,f6aae7adc2eff612261c90761a65932bcc32e1439edd1e061923296d78a6a528,"[2594, 2]",82e9f74796052deb95b6fa9a0074b4073d452bd67962442cbf96112bbb15dc85
25019621B2.h5,features_biomedclip_20x/25019621B2.h5,3367880,2f52a7790206f9f3c096a03de65447aac41ce6a3963b49e1522199fbfdb609b2,2026-01-07T11:34:30.586047,"[""coords"", ""features""]","{""coords"": {""dtype"": ""int64"", ""has_inf"": false, ""has_nan"": false, ""shape"": [1765, 2], ""summary_hash"": ""763504c53154e210b14622053e90d39a7e4493d73ae9ceb9b4fcaf17f272212d""}, ""features"": {""dtype"": ""float32"", ""has_inf"": false, ""has_nan"": false, ""shape"": [1765, 512], ""summary_hash"": ""6af379da5a28ecf2b87bf931fd867de3c569b9fbb3b0e78018b4048e8072963f""}}",features,"[1765, 512]",float32,False,False,6af379da5a28ecf2b87bf931fd867de3c569b9fbb3b0e78018b4048e8072963f,"[1765, 2]",763504c53154e210b14622053e90d39a7e4493d73ae9ceb9b4fcaf17f272212d
25019621B4.h5,features_biomedclip_20x/25019621B4.h5,5008764,0cdf20da2837cadcc361af50bc3fe8f94127b5903af6beae5804e8bd1b8fcead,2026-01-07T11:34:19.837086,"[""coords"", ""features""]","{""coords"": {""dtype"": ""int64"", ""has_inf"": false, ""has_nan"": false, ""shape"": [2623, 2], ""summary_hash"": ""be464840ed4fbf341d1836dc9b4b905eaa725ca7e75bc0a4ec62bd42338103e4""}, ""features"": {""dtype"": ""float32"", ""has_inf"": false, ""has_nan"": false, ""shape"": [2623, 512], ""summary_hash"": ""b7854bc669415a8dd201bd6a6be3ba7367cb2dac0747f9f95dae791c825fa9e2""}}",features,"[2623, 512]",float32,False,False,b7854bc669415a8dd201bd6a6be3ba7367cb2dac0747f9f95dae791c825fa9e2,"[2623, 2]",be464840ed4fbf341d1836dc9b4b905eaa725ca7e75bc0a4ec62bd42338103e4
25019629B2.h5,features_biomedclip_20x/25019629B2.h5,4174149,8f166efa4a3a6163c51fe761e06d699b3c32c780ce468fc34f53860550972d49,2026-01-07T11:34:39.511016,"[""coords"", ""features""]","{""coords"": {""dtype"": ""int64"", ""has_inf"": false, ""has_nan"": false, ""shape"": [2187, 2], ""summary_hash"": ""74613bcb837efa07b73fb67bedd2fcc93645601910797309541b8361ebc5d0e5""}, ""features"": {""dtype"": ""float32"", ""has_inf"": false, ""has_nan"": false, ""shape"": [2187, 512], ""summary_hash"": ""51290a8999a0a6b533519b2faf7050cb83a653f61adce7ccf9a955c5d5950e92""}}",features,"[2187, 512]",float32,False,False,51290a8999a0a6b533519b2faf7050cb83a653f61adce7ccf9a955c5d5950e92,"[2187, 2]",74613bcb837efa07b73fb67bedd2fcc93645601910797309541b8361ebc5d0e5
25019675B2.h5,features_biomedclip_20x/25019675B2.h5,4824493,d2caaeece69abab363df7c2244994f7cddbad96857a5dec5ff6590acd84ae57a,2026-01-07T11:35:03.547930,"[""coords"", ""features""]","{""coords"": {""dtype"": ""int64"", ""has_inf"": false, ""has_nan"": false, ""shape"": [2526, 2], ""summary_hash"": ""c54243ede6b19907f8e65730edcb1289b94c18f8fed1563e46b7d7a6601c1404""}, ""features"": {""dtype"": ""float32"", ""has_inf"": false, ""has_nan"": false, ""shape"": [2526, 512], ""summary_hash"": ""dbf965f5b1c1d207303a7d6919c3deed5d8a3cb36ff39474d417bc348501d2ea""}}",features,"[2526, 512]",float32,False,False,dbf965f5b1c1d207303a7d6919c3deed5d8a3cb36ff39474d417bc348501d2ea,"[2526, 2]",c54243ede6b19907f8e65730edcb1289b94c18f8fed1563e46b7d7a6601c1404
25019705B2.h5,features_biomedclip_20x/25019705B2.h5,7751148,fba1463e09a683a65605d684099e4f75b6d4e983056199e8ff74d68d3ae1aebe,2026-01-07T11:34:59.988942,"[""coords"", ""features""]","{""coords"": {""dtype"": ""int64"", ""has_inf"": false, ""has_nan"": false, ""shape"": [4073, 2], ""summary_hash"": ""90c5eb31cc6a9dbf3bddf42b38a5534c16766c99a6a4796ce4c22d98fe1f941c""}, ""features"": {""dtype"": ""float32"", ""has_inf"": false, ""has_nan"": false, ""shape"": [4073, 512], ""summary_hash"": ""61a8530be07301c41eba971178d075d3c6dc707a56d2ab582cea6dcda2f23df2""}}",features,"[4073, 512]",float32,False,False,61a8530be07301c41eba971178d075d3c6dc707a56d2ab582cea6dcda2f23df2,"[4073, 2]",90c5eb31cc6a9dbf3bddf42b38a5534c16766c99a6a4796ce4c22d98fe1f941c
25019716B2.h5,features_biomedclip_20x/25019716B2.h5,4954272,82910d953b7be18cee75aa39f78e5ea88cdb682fae8c5b83bbc3352189395fd0,2026-01-07T11:34:32.704040,"[""coords"", ""features""]","{""coords"": {""dtype"": ""int64"", ""has_inf"": false, ""has_nan"": false, ""shape"": [2594, 2], ""summary_hash"": ""eb37d180ea32723aaae4791981eded02167198da9321223fb984fe8e6bcc59ad""}, ""features"": {""dtype"": ""float32"", ""has_inf"": false, ""has_nan"": false, ""shape"": [2594, 512], ""summary_hash"": ""d3be9a26e2aae7ba8eff23e85317d24bd2f356497518ae53f97220cc31a39a06""}}",features,"[2594, 512]",float32,False,False,d3be9a26e2aae7ba8eff23e85317d24bd2f356497518ae53f97220cc31a39a06,"[2594, 2]",eb37d180ea32723aaae4791981eded02167198da9321223fb984fe8e6bcc59ad
25019773B3.h5,features_biomedclip_20x/25019773B3.h5,3799733,0918011374018f234b0962c3836bc697c873c2f144c4ab0a46b6ae57b97b5ee7,2026-01-07T11:35:06.777918,"[""coords"", ""features""]","{""coords"": {""dtype"": ""int64"", ""has_inf"": false, ""has_nan"": false, ""shape"": [1993, 2], ""summary_hash"": ""b77202d947231c627dba05d65d2a6af64f50f8caa449448e109a44f9ab084284""}, ""features"": {""dtype"": ""float32"", ""has_inf"": false, ""has_nan"": false, ""shape"": [1993, 512], ""summary_hash"": ""e7da4f825bca490cd9222649884c7becc2d8e1d03041002456df1b289829fb14""}}",features,"[1993, 512]",float32,False,False,e7da4f825bca490cd9222649884c7becc2d8e1d03041002456df1b289829fb14,"[1993, 2]",b77202d947231c627dba05d65d2a6af64f50f8caa449448e109a44f9ab084284
25019776B2.h5,features_biomedclip_20x/25019776B2.h5,8061872,725beba8d634dc63f1d3e894f1a4f0e8ceea7d8d5802b31224101e406abc24cf,2026-01-07T11:34:45.387995,"[""coords"", ""features""]","{""coords"": {""dtype"": ""int64"", ""has_inf"": false, ""has_nan"": false, ""shape"": [4229, 2], ""summary_hash"": ""5dd2536f76e9b85a61b9992092278603718b9b2ed84ad9336a5956f5837f7236""}, ""features"": {""dtype"": ""float32"", ""has_inf"": false, ""has_nan"": false, ""shape"": [4229, 512], ""summary_hash"": ""1f51f4c576224b1c4b4b1de34a05d4858cf3d798e1b2a7cc60bd179c918cef8c""}}",features,"[4229, 512]",float32,False,False,1f51f4c576224b1c4b4b1de34a05d4858cf3d798e1b2a7cc60bd179c918cef8c,"[4229, 2]",5dd2536f76e9b85a61b9992092278603718b9b2ed84ad9336a5956f5837f7236
25019790B2.h5,features_biomedclip_20x/25019790B2.h5,12380146,05208f36099a07dcb36b35319116f6b703304060566e2cc51d93be95787ff5d6,2026-01-07T11:34:18.207091,"[""coords"", ""features""]","{""coords"": {""dtype"": ""int64"", ""has_inf"": false, ""has_nan"": false, ""shape"": [6505, 2], ""summary_hash"": ""d22d8e52c44b4cf7971df922a08c6c38222a76b2433e86b4188ae28f3840ce21""}, ""features"": {""dtype"": ""float32"", ""has_inf"": false, ""has_nan"": false, ""shape"": [6505, 512], ""summary_hash"": ""eb7b064624d86f18165e2751d96e6bd3c1464ba4386262d21ce1950b3f203f05""}}",features,"[6505, 512]",float32,False,False,eb7b064624d86f18165e2751d96e6bd3c1464ba4386262d21ce1950b3f203f05,"[6505, 2]",d22d8e52c44b4cf7971df922a08c6c38222a76b2433e86b4188ae28f3840ce21
25019806B2.h5,features_biomedclip_20x/25019806B2.h5,5988979,0554421b1542dc14c73d8f7af63bb029958fabd0d11956d3f58551368885cce4,2026-01-07T11:34:31.542044,"[""coords"", ""features""]","{""coords"": {""dtype"": ""int64"", ""has_inf"": false, ""has_nan"": false, ""shape"": [3141, 2], ""summary_hash"": ""f7dd3881caa3370b4e0c8a71eedf6315198142955be821162ba8645f2cee0dfc""}, ""features"": {""dtype"": ""float32"", ""has_inf"": false, ""has_nan"": false, ""shape"": [3141, 512], ""summary_hash"": ""b181bebad7ebb9720da3db8ed9f4cb65e06b425274a3b69a5012abbe36e39b87""}}",features,"[3141, 512]",float32,False,False,b181bebad7ebb9720da3db8ed9f4cb65e06b425274a3b69a5012abbe36e39b87,"[3141, 2]",f7dd3881caa3370b4e0c8a71eedf6315198142955be821162ba8645f2cee0dfc
25020232B.h5,features_biomedclip_20x/25020232B.h5,9392881,512fe77da57b5b58054fc450d10e461fe6de74c7a929521227f6cf09bb54a688,2026-01-07T11:34:32.716040,"[""coords"", ""features""]","{""coords"": {""dtype"": ""int64"", ""has_inf"": false, ""has_nan"": false, ""shape"": [4933, 2], ""summary_hash"": ""fb2300c473a481c5c825eaeb2d00d496285d00696ff3456282b1c223becbb1bc""}, ""features"": {""dtype"": ""float32"", ""has_inf"": false, ""has_nan"": false, ""shape"": [4933, 512], ""summary_hash"": ""c19006edf4f9a9229741ba49517ad4c289b495f39a704041593a4dbfac4ad7af""}}",features,"[4933, 512]",float32,False,False,c19006edf4f9a9229741ba49517ad4c289b495f39a704041593a4dbfac4ad7af,"[4933, 2]",fb2300c473a481c5c825eaeb2d00d496285d00696ff3456282b1c223becbb1bc
25020257B2.h5,features_biomedclip_20x/25020257B2.h5,8090221,735b18133f3fbb867fcae163fcdc9f461676a92ca7a3d3b60cb755cedbf89d5e,2026-01-07T11:34:51.507973,"[""coords"", ""features""]","{""coords"": {""dtype"": ""int64"", ""has_inf"": false, ""has_nan"": false, ""shape"": [4243, 2], ""summary_hash"": ""2d30d0b2dd876851b2d3682747e4bc01e8479ecbcad4f7d94c189da6d2b036ab""}, ""features"": {""dtype"": ""float32"", ""has_inf"": false, ""has_nan"": false, ""shape"": [4243, 512], ""summary_hash"": ""d0b43b0dd4e1e34e775870db7722aaa158cada962d0ec92a6e4da1a51ae29cca""}}",features,"[4243, 512]",float32,False,False,d0b43b0dd4e1e34e775870db7722aaa158cada962d0ec92a6e4da1a51ae29cca,"[4243, 2]",2d30d0b2dd876851b2d3682747e4bc01e8479ecbcad4f7d94c189da6d2b036ab
25020263B2.h5,features_biomedclip_20x/25020263B2.h5,9190580,cfd8869a4f008987b502090d63df8509c4b5936e307ca32e43df38bbb1f7cd9b,2026-01-07T11:34:53.964964,"[""coords"", ""features""]","{""coords"": {""dtype"": ""int64"", ""has_inf"": false, ""has_nan"": false, ""shape"": [4827, 2], ""summary_hash"": ""3f5e9b27eec7d62f9c560e6a622774f2e76b3e24c5e45b5641074a9f2712b631""}, ""features"": {""dtype"": ""float32"", ""has_inf"": false, ""has_nan"": false, ""shape"": [4827, 512], ""summary_hash"": ""65628226d07d885a1b1d0407a86a5ceaddf247dc913fde06a5fb75acc7c6e693""}}",features,"[4827, 512]",float32,False,False,65628226d07d885a1b1d0407a86a5ceaddf247dc913fde06a5fb75acc7c6e693,"[4827, 2]",3f5e9b27eec7d62f9c560e6a622774f2e76b3e24c5e45b5641074a9f2712b631
25020282B2.h5,features_biomedclip_20x/25020282B2.h5,9813560,00f5b43803fcaef83c31961bdc5f48b9c6a4a15153ff07984da54c87930cf41b,2026-01-07T11:35:04.062928,"[""coords"", ""features""]","{""coords"": {""dtype"": ""int64"", ""has_inf"": false, ""has_nan"": false, ""shape"": [5158, 2], ""summary_hash"": ""03d37a1464bc051655cbe2dced1ad8b8945d2de775696858f35e22f5e624140c""}, ""features"": {""dtype"": ""float32"", ""has_inf"": false, ""has_nan"": false, ""shape"": [5158, 512], ""summary_hash"": ""75ef12aa52ffc216523ca75d1cde6731e87820ea01c6231baacc81af8df0ecd1""}}",features,"[5158, 512]",float32,False,False,75ef12aa52ffc216523ca75d1cde6731e87820ea01c6231baacc81af8df0ecd1,"[5158, 2]",03d37a1464bc051655cbe2dced1ad8b8945d2de775696858f35e22f5e624140c
25020291B2.h5,features_biomedclip_20x/25020291B2.h5,4077237,b7f24a778c6cdbfe1ba69618ac758ece7aee9f5a4f600dcd8e04d3cc980545d2,2026-01-07T11:34:36.380027,"[""coords"", ""features""]","{""coords"": {""dtype"": ""int64"", ""has_inf"": false, ""has_nan"": false, ""shape"": [2136, 2], ""summary_hash"": ""ab248b323ceda24d65bae51648fc905df474cd258e876efcadd46f497bff0fa3""}, ""features"": {""dtype"": ""float32"", ""has_inf"": false, ""has_nan"": false, ""shape"": [2136, 512], ""summary_hash"": ""c46feed394b3f97cf4da7a1c0355875d1726d949484c2d0d683f73610b2e4bcd""}}",features,"[2136, 512]",float32,False,False,c46feed394b3f97cf4da7a1c0355875d1726d949484c2d0d683f73610b2e4bcd,"[2136, 2]",ab248b323ceda24d65bae51648fc905df474cd258e876efcadd46f497bff0fa3
25020353B2.h5,features_biomedclip_20x/25020353B2.h5,2447124,4e24ba833e97de881c64383c5f101a9b80ada4e96c84a1b31fa1ea9b07b89918,2026-01-07T11:34:40.384012,"[""coords"", ""features""]","{""coords"": {""dtype"": ""int64"", ""has_inf"": false, ""has_nan"": false, ""shape"": [1279, 2], ""summary_hash"": ""17052ae0484a2d3e1d00dd52cc27d7d667d2b2e079dc3e659cfc143c8b24d883""}, ""features"": {""dtype"": ""float32"", ""has_inf"": false, ""has_nan"": false, ""shape"": [1279, 512], ""summary_hash"": ""1749ecd6c70d8ccfb23911f1a82d23ee49cebbaae2db5d65d8d2a8ac1a974d02""}}",features,"[1279, 512]",float32,False,False,1749ecd6c70d8ccfb23911f1a82d23ee49cebbaae2db5d65d8d2a8ac1a974d02,"[1279, 2]",17052ae0484a2d3e1d00dd52cc27d7d667d2b2e079dc3e659cfc143c8b24d883
25020556B4.h5,features_biomedclip_20x/25020556B4.h5,4213967,3ac571879ef5ba6c8598fd1a72174326a44f50b3477efda8f3632319e1bc12a4,2026-01-07T11:34:23.796072,"[""coords"", ""features""]","{""coords"": {""dtype"": ""int64"", ""has_inf"": false, ""has_nan"": false, ""shape"": [2208, 2], ""summary_hash"": ""e9572b322575d1644ecb2b91099502e7bbf426bde54409d0daa628200f023f3c""}, ""features"": {""dtype"": ""float32"", ""has_inf"": false, ""has_nan"": false, ""shape"": [2208, 512], ""summary_hash"": ""c563d6ad791b54ae6ecee2778fe2fea51c585870935d8b6d43c958b1b057a24f""}}",features,"[2208, 512]",float32,False,False,c563d6ad791b54ae6ecee2778fe2fea51c585870935d8b6d43c958b1b057a24f,"[2208, 2]",e9572b322575d1644ecb2b91099502e7bbf426bde54409d0daa628200f023f3c
25020573B3.h5,features_biomedclip_20x/25020573B3.h5,8153744,33e8073820488b878caa8a7c1de3128aee5255cb5fa14968ad6b50592f4ce608,2026-01-07T11:34:30.095049,"[""coords"", ""features""]","{""coords"": {""dtype"": ""int64"", ""has_inf"": false, ""has_nan"": false, ""shape"": [4278, 2], ""summary_hash"": ""55bae6e15eea64abbfb6309d8540e446b1645463e74947064d15b3ebd0b1f059""}, ""features"": {""dtype"": ""float32"", ""has_inf"": false, ""has_nan"": false, ""shape"": [4278, 512], ""summary_hash"": ""fe50fd3972eae2c76bc52506386b9716b2c806307e81ebbf63a74d060dcf3deb""}}",features,"[4278, 512]",float32,False,False,fe50fd3972eae2c76bc52506386b9716b2c806307e81ebbf63a74d060dcf3deb,"[4278, 2]",55bae6e15eea64abbfb6309d8540e446b1645463e74947064d15b3ebd0b1f059
25020714B2.h5,features_biomedclip_20x/25020714B2.h5,14688843,7b8050df9c365c101c3d0dffcde4b27470d78f0ca7abac3f90e9ee5bb11abe08,2026-01-07T11:34:18.968089,"[""coords"", ""features""]","{""coords"": {""dtype"": ""int64"", ""has_inf"": false, ""has_nan"": false, ""shape"": [7718, 2], ""summary_hash"": ""416bfc272a907ce33ec6971926a6398ffed4ad42547464ae2b1ffbc8cf1f0655""}, ""features"": {""dtype"": ""float32"", ""has_inf"": false, ""has_nan"": false, ""shape"": [7718, 512], ""summary_hash"": ""a9d92722533cd453a7cf8a95dbd40c3388f8467acab0080b3eb205997799a7f2""}}",features,"[7718, 512]",float32,False,False,a9d92722533cd453a7cf8a95dbd40c3388f8467acab0080b3eb205997799a7f2,"[7718, 2]",416bfc272a907ce33ec6971926a6398ffed4ad42547464ae2b1ffbc8cf1f0655
25020714B4.h5,features_biomedclip_20x/25020714B4.h5,9398472,6c0211b5028fcfa371b6addb894a5ae275235fade71c1699a1c2b787444294fb,2026-01-07T11:34:28.384055,"[""coords"", ""features""]","{""coords"": {""dtype"": ""int64"", ""has_inf"": false, ""has_nan"": false, ""shape"": [4936, 2], ""summary_hash"": ""f78995f998ddfd1e8c837e96f5439467060e40342e05122ea0f53e05752f9034""}, ""features"": {""dtype"": ""float32"", ""has_inf"": false, ""has_nan"": false, ""shape"": [4936, 512], ""summary_hash"": ""8e6eec2a9c3ea9941bbe122e28fb7c74f018ff78f6e139a05a900d57e6da4b7c""}}",features,"[4936, 512]",float32,False,False,8e6eec2a9c3ea9941bbe122e28fb7c74f018ff78f6e139a05a900d57e6da4b7c,"[4936, 2]",f78995f998ddfd1e8c837e96f5439467060e40342e05122ea0f53e05752f9034
25020717B2.h5,features_biomedclip_20x/25020717B2.h5,5778235,60b0cc4b630b8508ebe91a25b2654d9e61cd93673d5adf0ff643a5ac47d1c498,2026-01-07T11:34:50.208977,"[""coords"", ""features""]","{""coords"": {""dtype"": ""int64"", ""has_inf"": false, ""has_nan"": false, ""shape"": [3029, 2], ""summary_hash"": ""1337345d500f9f2c2c3db3a3e3c82272102faf98f0b98a59879838fbc26078e4""}, ""features"": {""dtype"": ""float32"", ""has_inf"": false, ""has_nan"": false, ""shape"": [3029, 512], ""summary_hash"": ""9bb98497697260beaf4bc427c073fba07c524d798c484f5a63c111d7f92b9704""}}",features,"[3029, 512]",float32,False,False,9bb98497697260beaf4bc427c073fba07c524d798c484f5a63c111d7f92b9704,"[3029, 2]",1337345d500f9f2c2c3db3a3e3c82272102faf98f0b98a59879838fbc26078e4
25020760B3.h5,features_biomedclip_20x/25020760B3.h5,8686685,deea28724afb0e196d7d771b7dc82d47db4e9e1c9f8542757aa6ffd2db1c0ab3,2026-01-07T11:35:03.897928,"[""coords"", ""features""]","{""coords"": {""dtype"": ""int64"", ""has_inf"": false, ""has_nan"": false, ""shape"": [4559, 2], ""summary_hash"": ""46726aa5c7cce0f409eefadf0475b391125cba35cae6bc65d85c24b6ad8fbb87""}, ""features"": {""dtype"": ""float32"", ""has_inf"": false, ""has_nan"": false, ""shape"": [4559, 512], ""summary_hash"": ""ec679774e3932d93be9ab0c5d5fbbf727d19dd8a38cb507625ea85fca1093e72""}}",features,"[4559, 512]",float32,False,False,ec679774e3932d93be9ab0c5d5fbbf727d19dd8a38cb507625ea85fca1093e72,"[4559, 2]",46726aa5c7cce0f409eefadf0475b391125cba35cae6bc65d85c24b6ad8fbb87
25020799B3.h5,features_biomedclip_20x/25020799B3.h5,8848349,42b0bdddd3fc7ffad1eb8b3257799d8446b3159259a0e463a8e9bc87db517c20,2026-01-07T11:34:55.881957,"[""coords"", ""features""]","{""coords"": {""dtype"": ""int64"", ""has_inf"": false, ""has_nan"": false, ""shape"": [4645, 2], ""summary_hash"": ""9720ddec792337ff9245bab13b15520a7a47ecb96d59119e94ae926196d539d4""}, ""features"": {""dtype"": ""float32"", ""has_inf"": false, ""has_nan"": false, ""shape"": [4645, 512], ""summary_hash"": ""1d9891449d7b193eb27db677c1583f004a57cb6f72cc801242d96b8397584507""}}",features,"[4645, 512]",float32,False,False,1d9891449d7b193eb27db677c1583f004a57cb6f72cc801242d96b8397584507,"[4645, 2]",9720ddec792337ff9245bab13b15520a7a47ecb96d59119e94ae926196d539d4
25020799B5.h5,features_biomedclip_20x/25020799B5.h5,7464182,ce997dd0bd50e3b9150de8ba3950198522436647438b3cfedfcad817c13f157a,2026-01-07T11:34:43.965000,"[""coords"", ""features""]","{""coords"": {""dtype"": ""int64"", ""has_inf"": false, ""has_nan"": false, ""shape"": [3920, 2], ""summary_hash"": ""ff41a14f720a1a6ef68475e55a3c26dd1325090221e2727fd1ae83da840db91c""}, ""features"": {""dtype"": ""float32"", ""has_inf"": false, ""has_nan"": false, ""shape"": [3920, 512], ""summary_hash"": ""aad70b1d19099f71b2734bf9977827d11eebe2503e8783d730ef13f5615d0d2a""}}",features,"[3920, 512]",float32,False,False,aad70b1d19099f71b2734bf9977827d11eebe2503e8783d730ef13f5615d0d2a,"[3920, 2]",ff41a14f720a1a6ef68475e55a3c26dd1325090221e2727fd1ae83da840db91c
25021120B4.h5,features_biomedclip_20x/25021120B4.h5,7721263,44f957a6508940361fc920d1d3f84d36a30c2ca5e338961ff2436b6408fe9897,2026-01-07T11:34:27.034060,"[""coords"", ""features""]","{""coords"": {""dtype"": ""int64"", ""has_inf"": false, ""has_nan"": false, ""shape"": [4056, 2], ""summary_hash"": ""82e78b347019e379b4930328a91f887f160d871e290947efefef1953a9b3d95f""}, ""features"": {""dtype"": ""float32"", ""has_inf"": false, ""has_nan"": false, ""shape"": [4056, 512], ""summary_hash"": ""841fc71bb7e468b6eca2991d7bffa6dc0163012b341987bf653a0e08b449d0bb""}}",features,"[4056, 512]",float32,False,False,841fc71bb7e468b6eca2991d7bffa6dc0163012b341987bf653a0e08b449d0bb,"[4056, 2]",82e78b347019e379b4930328a91f887f160d871e290947efefef1953a9b3d95f
25021164B2.h5,features_biomedclip_20x/25021164B2.h5,10005842,e072e04e0080854814d6256798f364cd9a2be757ea9e3114a2f3c683c3674615,2026-01-07T11:35:04.484926,"[""coords"", ""features""]","{""coords"": {""dtype"": ""int64"", ""has_inf"": false, ""has_nan"": false, ""shape"": [5257, 2], ""summary_hash"": ""a4a8e96a89d780467d7656a47ac7d263828095fd6930ce3eb126c44546db3e22""}, ""features"": {""dtype"": ""float32"", ""has_inf"": false, ""has_nan"": false, ""shape"": [5257, 512], ""summary_hash"": ""7edc69dc0b578dc6e08af79d3b8f669de9d4bce069bc95dbfb7a748e1ef45b6a""}}",features,"[5257, 512]",float32,False,False,7edc69dc0b578dc6e08af79d3b8f669de9d4bce069bc95dbfb7a748e1ef45b6a,"[5257, 2]",a4a8e96a89d780467d7656a47ac7d263828095fd6930ce3eb126c44546db3e22
25021171B2.h5,features_biomedclip_20x/25021171B2.h5,3576873,a3534df7e07aa12815d24d25aedd6337a21a5c6e6e4281864d23284efc0f35ed,2026-01-07T11:34:52.025971,"[""coords"", ""features""]","{""coords"": {""dtype"": ""int64"", ""has_inf"": false, ""has_nan"": false, ""shape"": [1875, 2], ""summary_hash"": ""b99fb2bc970a1c094c63fdad2da55aae0e21d8be797eda4cee693378148b3ce1""}, ""features"": {""dtype"": ""float32"", ""has_inf"": false, ""has_nan"": false, ""shape"": [1875, 512], ""summary_hash"": ""365aae0bfddf22136c601771909b1eddbec83dd7de27fd66f3d9b2990d3588b4""}}",features,"[1875, 512]",float32,False,False,365aae0bfddf22136c601771909b1eddbec83dd7de27fd66f3d9b2990d3588b4,"[1875, 2]",b99fb2bc970a1c094c63fdad2da55aae0e21d8be797eda4cee693378148b3ce1
25021196B2.h5,features_biomedclip_20x/25021196B2.h5,2778120,dbccc09f9d32ea4af5689daea6fbb140f63c1b2e1d3a84d4279f349f3f93add1,2026-01-07T11:34:27.680058,"[""coords"", ""features""]","{""coords"": {""dtype"": ""int64"", ""has_inf"": false, ""has_nan"": false, ""shape"": [1453, 2], ""summary_hash"": ""25c52f9ea7d859aee0388c078eaeeda8cfdd38e58a915730eed214e324d2f2af""}, ""features"": {""dtype"": ""float32"", ""has_inf"": false, ""has_nan"": false, ""shape"": [1453, 512], ""summary_hash"": ""38ad617cdad25e3365b6b8a96c7f1d1959a078f78ea567836839f0502083d80e""}}",features,"[1453, 512]",float32,False,False,38ad617cdad25e3365b6b8a96c7f1d1959a078f78ea567836839f0502083d80e,"[1453, 2]",25c52f9ea7d859aee0388c078eaeeda8cfdd38e58a915730eed214e324d2f2af
25021197B2.h5,features_biomedclip_20x/25021197B2.h5,5923459,0d0d5d0e525a8655090065df05f1532c775649b2588d7e17cdbfdc28e3111cc1,2026-01-07T11:34:22.811075,"[""coords"", ""features""]","{""coords"": {""dtype"": ""int64"", ""has_inf"": false, ""has_nan"": false, ""shape"": [3106, 2], ""summary_hash"": ""58a48b514429b9dc7dea08ff02aabdbf3a5258d052b0237a2d3e75c732612421""}, ""features"": {""dtype"": ""float32"", ""has_inf"": false, ""has_nan"": false, ""shape"": [3106, 512], ""summary_hash"": ""ee5a80abf49a3f3c081b035a1cc3e38a1f56847097bf16b9d56133bf98e41503""}}",features,"[3106, 512]",float32,False,False,ee5a80abf49a3f3c081b035a1cc3e38a1f56847097bf16b9d56133bf98e41503,"[3106, 2]",58a48b514429b9dc7dea08ff02aabdbf3a5258d052b0237a2d3e75c732612421
25021260B2.h5,features_biomedclip_20x/25021260B2.h5,7308729,e4c90e40a98209da10abdba5bf4e7ca1e2f9bf82b361bbc07fac6b86c581a538,2026-01-07T11:34:17.264095,"[""coords"", ""features""]","{""coords"": {""dtype"": ""int64"", ""has_inf"": false, ""has_nan"": false, ""shape"": [3839, 2], ""summary_hash"": ""1348fbfbe25c1449e99f885c64c7bdb0dcaab1ea6cc7a5877275cb7ef562492c""}, ""features"": {""dtype"": ""float32"", ""has_inf"": false, ""has_nan"": false, ""shape"": [3839, 512], ""summary_hash"": ""72edd74456b41796a3c9e526305d6cf779095394b3e75630f04af3598531ac4b""}}",features,"[3839, 512]",float32,False,False,72edd74456b41796a3c9e526305d6cf779095394b3e75630f04af3598531ac4b,"[3839, 2]",1348fbfbe25c1449e99f885c64c7bdb0dcaab1ea6cc7a5877275cb7ef562492c
25021277B3.h5,features_biomedclip_20x/25021277B3.h5,3120964,bfe8815c99f00a632b23ec92b87a2dacaaec970dd189c0f5b576a219aca8f9c9,2026-01-07T11:34:44.111999,"[""coords"", ""features""]","{""coords"": {""dtype"": ""int64"", ""has_inf"": false, ""has_nan"": false, ""shape"": [1635, 2], ""summary_hash"": ""5f27921d91d97c5075f07fc47fc046dbc001a9c87706794c1e8d314132f72a22""}, ""features"": {""dtype"": ""float32"", ""has_inf"": false, ""has_nan"": false, ""shape"": [1635, 512], ""summary_hash"": ""4281d79eb2d85a531af2c8cf2f705573f3a79852b32a33fe96a8ef643d09d930""}}",features,"[1635, 512]",float32,False,False,4281d79eb2d85a531af2c8cf2f705573f3a79852b32a33fe96a8ef643d09d930,"[1635, 2]",5f27921d91d97c5075f07fc47fc046dbc001a9c87706794c1e8d314132f72a22
25021277B4.h5,features_biomedclip_20x/25021277B4.h5,2032127,2d5fd1ac66b956f23a0be7b9c55d57f2d33b0bbc69d51cfb9bbb54976957f520,2026-01-07T11:34:59.862943,"[""coords"", ""features""]","{""coords"": {""dtype"": ""int64"", ""has_inf"": false, ""has_nan"": false, ""shape"": [1059, 2], ""summary_hash"": ""ce9e9a872468b74e58ccaf7f6acf877d0031675ec5275eeb5090125170f9ca4d""}, ""features"": {""dtype"": ""float32"", ""has_inf"": false, ""has_nan"": false, ""shape"": [1059, 512], ""summary_hash"": ""36f58ff63a2d679c4e771288d7f3912a8c69dd8df11a36616931e69128f0a7c7""}}",features,"[1059, 512]",float32,False,False,36f58ff63a2d679c4e771288d7f3912a8c69dd8df11a36616931e69128f0a7c7,"[1059, 2]",ce9e9a872468b74e58ccaf7f6acf877d0031675ec5275eeb5090125170f9ca4d
25021291B2.h5,features_biomedclip_20x/25021291B2.h5,7353495,3d5fdbe9ede3b98a347973af13f73236cb5eb565fffc47b51d35fac032e5c487,2026-01-07T11:34:18.084092,"[""coords"", ""features""]","{""coords"": {""dtype"": ""int64"", ""has_inf"": false, ""has_nan"": false, ""shape"": [3862, 2], ""summary_hash"": ""2d980f33e6ba07e66b8d1a1dd001b5c56738060d02632c305b863827b24548aa""}, ""features"": {""dtype"": ""float32"", ""has_inf"": false, ""has_nan"": false, ""shape"": [3862, 512], ""summary_hash"": ""bcf9abc40c7db59ae88e5a9ecd1a20cdf3bca24d091c7e829ef2421b9528c3ff""}}",features,"[3862, 512]",float32,False,False,bcf9abc40c7db59ae88e5a9ecd1a20cdf3bca24d091c7e829ef2421b9528c3ff,"[3862, 2]",2d980f33e6ba07e66b8d1a1dd001b5c56738060d02632c305b863827b24548aa
25021419B1.h5,features_biomedclip_20x/25021419B1.h5,8675636,cead2c0de9ffaea8efac02b209b13bc64f4442e3ffbcc86c1f990248dfcbf60e,2026-01-07T11:35:04.080928,"[""coords"", ""features""]","{""coords"": {""dtype"": ""int64"", ""has_inf"": false, ""has_nan"": false, ""shape"": [4554, 2], ""summary_hash"": ""f048123d1dcb1229fb78730bb1642150ebf9ad11b1c1f7178dd5a3a0301346c5""}, ""features"": {""dtype"": ""float32"", ""has_inf"": false, ""has_nan"": false, ""shape"": [4554, 512], ""summary_hash"": ""c5fd25c1457495eaa4ddea6d28cf4fc7667bb0e3bcabb908b2454ff95a88785d""}}",features,"[4554, 512]",float32,False,False,c5fd25c1457495eaa4ddea6d28cf4fc7667bb0e3bcabb908b2454ff95a88785d,"[4554, 2]",f048123d1dcb1229fb78730bb1642150ebf9ad11b1c1f7178dd5a3a0301346c5
25021421B2.h5,features_biomedclip_20x/25021421B2.h5,9404210,b1b073d2313fb3e1ca73f9523417ed61db406f1d570949a3964cf2ad5b77035d,2026-01-07T11:34:42.614005,"[""coords"", ""features""]","{""coords"": {""dtype"": ""int64"", ""has_inf"": false, ""has_nan"": false, ""shape"": [4940, 2], ""summary_hash"": ""148c54673174ec77557f4b9e63107405eaabd6ad7feb1889dcc2acbf32058c6c""}, ""features"": {""dtype"": ""float32"", ""has_inf"": false, ""has_nan"": false, ""shape"": [4940, 512], ""summary_hash"": ""d2ea857c9e5257998fc58dd5c902798618fccb55cb03f64f30002b0d9f59135e""}}",features,"[4940, 512]",float32,False,False,d2ea857c9e5257998fc58dd5c902798618fccb55cb03f64f30002b0d9f59135e,"[4940, 2]",148c54673174ec77557f4b9e63107405eaabd6ad7feb1889dcc2acbf32058c6c
25021474B.h5,features_biomedclip_20x/25021474B.h5,4261063,51bb7e4131f0d768a6e20126fb8b0268a50fbfcd696e32bfcfa6824065995ccd,2026-01-07T11:34:15.661101,"[""coords"", ""features""]","{""coords"": {""dtype"": ""int64"", ""has_inf"": false, ""has_nan"": false, ""shape"": [2233, 2], ""summary_hash"": ""bdc7d955644148e666fd075bc1a2aaf57aacbe4431aa05f818d3de744526331b""}, ""features"": {""dtype"": ""float32"", ""has_inf"": false, ""has_nan"": false, ""shape"": [2233, 512], ""summary_hash"": ""ade7c43c9a2d405b56915085f5fe07cd09b3e0d9d15fa528ef188dcaeaed9c4a""}}",features,"[2233, 512]",float32,False,False,ade7c43c9a2d405b56915085f5fe07cd09b3e0d9d15fa528ef188dcaeaed9c4a,"[2233, 2]",bdc7d955644148e666fd075bc1a2aaf57aacbe4431aa05f818d3de744526331b
25021481B2.h5,features_biomedclip_20x/25021481B2.h5,4682704,3d968c0079fd1e902641f4274624503e9b30f1cb86468b9730534ca94294d465,2026-01-07T11:34:28.366055,"[""coords"", ""features""]","{""coords"": {""dtype"": ""int64"", ""has_inf"": false, ""has_nan"": false, ""shape"": [2451, 2], ""summary_hash"": ""62ac6a89e207927c2bbd7c54a78b9883f84ec62664d802e51834fa005064054b""}, ""features"": {""dtype"": ""float32"", ""has_inf"": false, ""has_nan"": false, ""shape"": [2451, 512], ""summary_hash"": ""2230427ab543a75a0ee46c3e91b7c2e0b0bc48ded73f6948610a36248b605150""}}",features,"[2451, 512]",float32,False,False,2230427ab543a75a0ee46c3e91b7c2e0b0bc48ded73f6948610a36248b605150,"[2451, 2]",62ac6a89e207927c2bbd7c54a78b9883f84ec62664d802e51834fa005064054b
25021487B.h5,features_biomedclip_20x/25021487B.h5,6414861,5264022487b7582391d8c08555074c057dbb206f2b08ef5f8f240621792b5a12,2026-01-07T11:34:39.879014,"[""coords"", ""features""]","{""coords"": {""dtype"": ""int64"", ""has_inf"": false, ""has_nan"": false, ""shape"": [3366, 2], ""summary_hash"": ""67c5e075f7096c41d758c7a02300cc681e267d305581fabc6f3a73e4c9408d1d""}, ""features"": {""dtype"": ""float32"", ""has_inf"": false, ""has_nan"": false, ""shape"": [3366, 512], ""summary_hash"": ""da09311489767f757ead6c7cc36704d45999a9ec77ecdc4ecd352df48e8b39dc""}}",features,"[3366, 512]",float32,False,False,da09311489767f757ead6c7cc36704d45999a9ec77ecdc4ecd352df48e8b39dc,"[3366, 2]",67c5e075f7096c41d758c7a02300cc681e267d305581fabc6f3a73e4c9408d1d
25021538B2.h5,features_biomedclip_20x/25021538B2.h5,7004067,2837604dba71458d5815a4f5201a308868ad1f7c7ba0cdb80ee2ac9692d6c54d,2026-01-07T11:34:25.049067,"[""coords"", ""features""]","{""coords"": {""dtype"": ""int64"", ""has_inf"": false, ""has_nan"": false, ""shape"": [3677, 2], ""summary_hash"": ""7741eae7ff602653b24d51f0c4071fba9762f95ecbf267f2da0150972c012cab""}, ""features"": {""dtype"": ""float32"", ""has_inf"": false, ""has_nan"": false, ""shape"": [3677, 512], ""summary_hash"": ""003947fb23eb04f54b0d36293fb3f3764efb69a1756cfc688595e530c4e0c479""}}",features,"[3677, 512]",float32,False,False,003947fb23eb04f54b0d36293fb3f3764efb69a1756cfc688595e530c4e0c479,"[3677, 2]",7741eae7ff602653b24d51f0c4071fba9762f95ecbf267f2da0150972c012cab
25021554B2.h5,features_biomedclip_20x/25021554B2.h5,7496306,1d17323fbe9dde1ad61f95ec32d2bac025d3c051233f6ff6f4637bcea549c3c9,2026-01-07T11:34:54.746961,"[""coords"", ""features""]","{""coords"": {""dtype"": ""int64"", ""has_inf"": false, ""has_nan"": false, ""shape"": [3937, 2], ""summary_hash"": ""6de28af5fd6aa841cd00f8b46fcdd591624b8fd419c32ee72d6846e56357ee45""}, ""features"": {""dtype"": ""float32"", ""has_inf"": false, ""has_nan"": false, ""shape"": [3937, 512], ""summary_hash"": ""964657f12182c85611640964265ed822ac92b44757d8f7fdf003f9ef021f7616""}}",features,"[3937, 512]",float32,False,False,964657f12182c85611640964265ed822ac92b44757d8f7fdf003f9ef021f7616,"[3937, 2]",6de28af5fd6aa841cd00f8b46fcdd591624b8fd419c32ee72d6846e56357ee45
25021555B2.h5,features_biomedclip_20x/25021555B2.h5,1251246,2fb3f4ea7eec956e30d6d18b65295ccb885ef6ca5df099eeda18244f412f6ff9,2026-01-07T11:34:48.722983,"[""coords"", ""features""]","{""coords"": {""dtype"": ""int64"", ""has_inf"": false, ""has_nan"": false, ""shape"": [654, 2], ""summary_hash"": ""7c6aa12f69080ff4e8ab083b7dfcc6ce3828de08de301a0a823dd2fac83a69d3""}, ""features"": {""dtype"": ""float32"", ""has_inf"": false, ""has_nan"": false, ""shape"": [654, 512], ""summary_hash"": ""0e81cae71c35c7afd8ba266eb1343a79643d32ecc0ecf1b81650e220e6147595""}}",features,"[654, 512]",float32,False,False,0e81cae71c35c7afd8ba266eb1343a79643d32ecc0ecf1b81650e220e6147595,"[654, 2]",7c6aa12f69080ff4e8ab083b7dfcc6ce3828de08de301a0a823dd2fac83a69d3
25021558B2.h5,features_biomedclip_20x/25021558B2.h5,2008365,b79a0be64fcace2a4c09e69dd4db0f6df7a3cd6a6251899e9e300ee330843cdb,2026-01-07T11:35:05.648922,"[""coords"", ""features""]","{""coords"": {""dtype"": ""int64"", ""has_inf"": false, ""has_nan"": false, ""shape"": [1047, 2], ""summary_hash"": ""6c17eb20cd166532ff457e90e60af323963e17bdf9be3ecbc43f9dfaa3e460d1""}, ""features"": {""dtype"": ""float32"", ""has_inf"": false, ""has_nan"": false, ""shape"": [1047, 512], ""summary_hash"": ""f0afc88e3344740fd98447dcecabbe929e16de2f9ce1d09ba5abe64eb0c862a7""}}",features,"[1047, 512]",float32,False,False,f0afc88e3344740fd98447dcecabbe929e16de2f9ce1d09ba5abe64eb0c862a7,"[1047, 2]",6c17eb20cd166532ff457e90e60af323963e17bdf9be3ecbc43f9dfaa3e460d1
25021575B4.h5,features_biomedclip_20x/25021575B4.h5,2403472,138b221a5c417b28e0c6699fdbf087ee20e431d84f51b2641fb80a2f65ac67b6,2026-01-07T11:34:50.141978,"[""coords"", ""features""]","{""coords"": {""dtype"": ""int64"", ""has_inf"": false, ""has_nan"": false, ""shape"": [1255, 2], ""summary_hash"": ""e7b09da19e1de933f78e642a936a400b584bf448068f0fb866f54f591e56f213""}, ""features"": {""dtype"": ""float32"", ""has_inf"": false, ""has_nan"": false, ""shape"": [1255, 512], ""summary_hash"": ""d8c894b47626f1107e10a93338aae8d319fac466ece7d3eb65e0b044f3e5874c""}}",features,"[1255, 512]",float32,False,False,d8c894b47626f1107e10a93338aae8d319fac466ece7d3eb65e0b044f3e5874c,"[1255, 2]",e7b09da19e1de933f78e642a936a400b584bf448068f0fb866f54f591e56f213
25021622B4.h5,features_biomedclip_20x/25021622B4.h5,3767386,c8c9479f82bb89566d8479cdf4bd45a2964d97aaf0677effce190b5756e1688f,2026-01-07T11:34:29.560051,"[""coords"", ""features""]","{""coords"": {""dtype"": ""int64"", ""has_inf"": false, ""has_nan"": false, ""shape"": [1976, 2], ""summary_hash"": ""8e5bd2379fa69f806aaae813b8a687acdb9eb8c9d83cf94bfc64e6e627eae775""}, ""features"": {""dtype"": ""float32"", ""has_inf"": false, ""has_nan"": false, ""shape"": [1976, 512], ""summary_hash"": ""cbaa82800122e78fe0acdd2629e4a2a1e3381351e703f4909098d65f0abcd206""}}",features,"[1976, 512]",float32,False,False,cbaa82800122e78fe0acdd2629e4a2a1e3381351e703f4909098d65f0abcd206,"[1976, 2]",8e5bd2379fa69f806aaae813b8a687acdb9eb8c9d83cf94bfc64e6e627eae775
25021640B3.h5,features_biomedclip_20x/25021640B3.h5,11171239,9675e070e2c807adbbbde52e0bcc242f6cc6a0c7abb6c464a5eaada9f53dfdbf,2026-01-07T11:34:18.864089,"[""coords"", ""features""]","{""coords"": {""dtype"": ""int64"", ""has_inf"": false, ""has_nan"": false, ""shape"": [5874, 2], ""summary_hash"": ""5fc03bfe2ff95ddc1ca27e196e5f2604b7ed1cb58936e1374baeb4d06f25b4e4""}, ""features"": {""dtype"": ""float32"", ""has_inf"": false, ""has_nan"": false, ""shape"": [5874, 512], ""summary_hash"": ""a123e0b1238699548e9e689b6c041809816f1a7090bc29ecdfc423049d6fc877""}}",features,"[5874, 512]",float32,False,False,a123e0b1238699548e9e689b6c041809816f1a7090bc29ecdfc423049d6fc877,"[5874, 2]",5fc03bfe2ff95ddc1ca27e196e5f2604b7ed1cb58936e1374baeb4d06f25b4e4
25021658B3.h5,features_biomedclip_20x/25021658B3.h5,6272377,4db79bf4a71ff430cfef726ebf722f41415f7f45b17d27f2cba64cc8fe683cf2,2026-01-07T11:34:19.845086,"[""coords"", ""features""]","{""coords"": {""dtype"": ""int64"", ""has_inf"": false, ""has_nan"": false, ""shape"": [3291, 2], ""summary_hash"": ""c2ea30f8f35eb5894a8ed92f917b773ce0eed5096011a83be55f6ca89378c6d8""}, ""features"": {""dtype"": ""float32"", ""has_inf"": false, ""has_nan"": false, ""shape"": [3291, 512], ""summary_hash"": ""403747d49c62f23031caf0c5e097a21cab691b3e82da4c6a6a998b9a61142ccb""}}",features,"[3291, 512]",float32,False,False,403747d49c62f23031caf0c5e097a21cab691b3e82da4c6a6a998b9a61142ccb,"[3291, 2]",c2ea30f8f35eb5894a8ed92f917b773ce0eed5096011a83be55f6ca89378c6d8
25021662B2.h5,features_biomedclip_20x/25021662B2.h5,6712667,8ee24d93f1cfc99c0d2c8169a293a73a1f1537b3cf6ca9eb2c943c5419ab0c56,2026-01-07T11:34:43.836000,"[""coords"", ""features""]","{""coords"": {""dtype"": ""int64"", ""has_inf"": false, ""has_nan"": false, ""shape"": [3524, 2], ""summary_hash"": ""d8e95208a8fe0aa491ee2fdf157a68e26f94e424b92bc603d1d4b3b482cc2793""}, ""features"": {""dtype"": ""float32"", ""has_inf"": false, ""has_nan"": false, ""shape"": [3524, 512], ""summary_hash"": ""e782ab92692ad51be2e1670e8985997209618a704a7a9d7e8940e8b8fd4d037e""}}",features,"[3524, 512]",float32,False,False,e782ab92692ad51be2e1670e8985997209618a704a7a9d7e8940e8b8fd4d037e,"[3524, 2]",d8e95208a8fe0aa491ee2fdf157a68e26f94e424b92bc603d1d4b3b482cc2793
25021665B2.h5,features_biomedclip_20x/25021665B2.h5,3796403,709eefa6775e942715b8d677e7a9874f64d445456cec19000c61252e03739edd,2026-01-07T11:34:26.557062,"[""coords"", ""features""]","{""coords"": {""dtype"": ""int64"", ""has_inf"": false, ""has_nan"": false, ""shape"": [1990, 2], ""summary_hash"": ""09b9426f7b9f09cd303e87e79fd1c78103b5295cf339f4c603463d36e128a21a""}, ""features"": {""dtype"": ""float32"", ""has_inf"": false, ""has_nan"": false, ""shape"": [1990, 512], ""summary_hash"": ""4aa7b7f2e5d8d795564f301137e3e7b4388cd47a72ff7d3b5f986f41f7a084bc""}}",features,"[1990, 512]",float32,False,False,4aa7b7f2e5d8d795564f301137e3e7b4388cd47a72ff7d3b5f986f41f7a084bc,"[1990, 2]",09b9426f7b9f09cd303e87e79fd1c78103b5295cf339f4c603463d36e128a21a
25021665B3.h5,features_biomedclip_20x/25021665B3.h5,5525555,2c2618d0a57dd280435d3b90f21cf24f153b29c7d71fd7fa1da947d5a7f605ce,2026-01-07T11:34:20.711083,"[""coords"", ""features""]","{""coords"": {""dtype"": ""int64"", ""has_inf"": false, ""has_nan"": false, ""shape"": [2896, 2], ""summary_hash"": ""96ca53c26be7cba3963d8c7d70e0be7023a4f4f0bea1d649e7dd7cf41bae3c61""}, ""features"": {""dtype"": ""float32"", ""has_inf"": false, ""has_nan"": false, ""shape"": [2896, 512], ""summary_hash"": ""939121175db3fefef21ca3a15cd383edff76a946488377f1f4645296a29c6ae6""}}",features,"[2896, 512]",float32,False,False,939121175db3fefef21ca3a15cd383edff76a946488377f1f4645296a29c6ae6,"[2896, 2]",96ca53c26be7cba3963d8c7d70e0be7023a4f4f0bea1d649e7dd7cf41bae3c61
25021667B2.h5,features_biomedclip_20x/25021667B2.h5,6393266,dba823481a3a130b56a6ea09fc5813294fcb73502a24234094834443fc9e2049,2026-01-07T11:35:07.582915,"[""coords"", ""features""]","{""coords"": {""dtype"": ""int64"", ""has_inf"": false, ""has_nan"": false, ""shape"": [3355, 2], ""summary_hash"": ""22b22e96cfc37238b6bafc563a0c0dca09965ccc8caf9a1b9f6bf6968a793fcd""}, ""features"": {""dtype"": ""float32"", ""has_inf"": false, ""has_nan"": false, ""shape"": [3355, 512], ""summary_hash"": ""33abb783bac2b3132e84079f602f5ac579e3a3b3ab067def731acb9dc0b2f9ae""}}",features,"[3355, 512]",float32,False,False,33abb783bac2b3132e84079f602f5ac579e3a3b3ab067def731acb9dc0b2f9ae,"[3355, 2]",22b22e96cfc37238b6bafc563a0c0dca09965ccc8caf9a1b9f6bf6968a793fcd
25021668B2.h5,features_biomedclip_20x/25021668B2.h5,4829450,007c579ce8aa5bbede1b8926197d740b6abb2113591971ec5b71908ff9d00c79,2026-01-07T11:34:34.849032,"[""coords"", ""features""]","{""coords"": {""dtype"": ""int64"", ""has_inf"": false, ""has_nan"": false, ""shape"": [2528, 2], ""summary_hash"": ""f3448cc57fab49e677a738840f386005e8d935fe6b6be7a6774a6e88840e271c""}, ""features"": {""dtype"": ""float32"", ""has_inf"": false, ""has_nan"": false, ""shape"": [2528, 512], ""summary_hash"": ""9970f8f6004c7dd875e45bb4380681f0c7e9785d09e3e56ce09219e2a7f0117e""}}",features,"[2528, 512]",float32,False,False,9970f8f6004c7dd875e45bb4380681f0c7e9785d09e3e56ce09219e2a7f0117e,"[2528, 2]",f3448cc57fab49e677a738840f386005e8d935fe6b6be7a6774a6e88840e271c
25021672B.h5,features_biomedclip_20x/25021672B.h5,1889912,8fe11a2549f02b91876330a334c4b546b0881bad20c6986aee7e4d4d8aedc8c2,2026-01-07T11:34:19.669086,"[""coords"", ""features""]","{""coords"": {""dtype"": ""int64"", ""has_inf"": false, ""has_nan"": false, ""shape"": [987, 2], ""summary_hash"": ""c884939d2f19201245902ba6771b941e4441d5c6613f42c97b49f5885c153f2b""}, ""features"": {""dtype"": ""float32"", ""has_inf"": false, ""has_nan"": false, ""shape"": [987, 512], ""summary_hash"": ""3091655e5656749b27efbda34b9cc890c11fec1557c5294dff1d6fa97d3abd7d""}}",features,"[987, 512]",float32,False,False,3091655e5656749b27efbda34b9cc890c11fec1557c5294dff1d6fa97d3abd7d,"[987, 2]",c884939d2f19201245902ba6771b941e4441d5c6613f42c97b49f5885c153f2b
25021735B5.h5,features_biomedclip_20x/25021735B5.h5,4090051,edbd2fe073d10040dd03217d2b722b90d8ae0c0c23ca17cb2ca7bbf57540548d,2026-01-07T11:34:20.472083,"[""coords"", ""features""]","{""coords"": {""dtype"": ""int64"", ""has_inf"": false, ""has_nan"": false, ""shape"": [2142, 2], ""summary_hash"": ""cd345b6e287752dc00b27eacd6e4643a7810870081a9d5c07517f5df9ed193bf""}, ""features"": {""dtype"": ""float32"", ""has_inf"": false, ""has_nan"": false, ""shape"": [2142, 512], ""summary_hash"": ""ebe5b4ce9368318c091600fb59ed7cecc79d114abb8df76b84233720acca4e41""}}",features,"[2142, 512]",float32,False,False,ebe5b4ce9368318c091600fb59ed7cecc79d114abb8df76b84233720acca4e41,"[2142, 2]",cd345b6e287752dc00b27eacd6e4643a7810870081a9d5c07517f5df9ed193bf
25021890B4.h5,features_biomedclip_20x/25021890B4.h5,2780388,d5fdb0aad59a4604fdd827b57e46480424feecf4726d7c17a98c9ee22a53bfd2,2026-01-07T11:34:47.104988,"[""coords"", ""features""]","{""coords"": {""dtype"": ""int64"", ""has_inf"": false, ""has_nan"": false, ""shape"": [1454, 2], ""summary_hash"": ""63b8ee790abb144071bf7742736594a45e98f4b844d1903d5028933ad3c7ca14""}, ""features"": {""dtype"": ""float32"", ""has_inf"": false, ""has_nan"": false, ""shape"": [1454, 512], ""summary_hash"": ""ca2a3ed744b0982ab6e2322d12467584ce23e2aa493d0c667ca67bef0028cf77""}}",features,"[1454, 512]",float32,False,False,ca2a3ed744b0982ab6e2322d12467584ce23e2aa493d0c667ca67bef0028cf77,"[1454, 2]",63b8ee790abb144071bf7742736594a45e98f4b844d1903d5028933ad3c7ca14
25021890B6.h5,features_biomedclip_20x/25021890B6.h5,7558420,5dd1a1a18f45120678dd84c6597026f2bd28902dbb16c84524fa0be8d098400e,2026-01-07T11:34:47.500987,"[""coords"", ""features""]","{""coords"": {""dtype"": ""int64"", ""has_inf"": false, ""has_nan"": false, ""shape"": [3970, 2], ""summary_hash"": ""c322a242c7abdb2c3eae6bd45551352d7cb70233d924dc477aa45aef42672e07""}, ""features"": {""dtype"": ""float32"", ""has_inf"": false, ""has_nan"": false, ""shape"": [3970, 512], ""summary_hash"": ""54f262216e90451c73b474d9b095a17eb56883a3769121186e86254e04c3dd0a""}}",features,"[3970, 512]",float32,False,False,54f262216e90451c73b474d9b095a17eb56883a3769121186e86254e04c3dd0a,"[3970, 2]",c322a242c7abdb2c3eae6bd45551352d7cb70233d924dc477aa45aef42672e07
25021893B2.h5,features_biomedclip_20x/25021893B2.h5,8849679,0e502369fc5e8efca8823fd5aab0e1c4a983c0f1244e0506c7cfa7e699d8ad9b,2026-01-07T11:34:39.282016,"[""coords"", ""features""]","{""coords"": {""dtype"": ""int64"", ""has_inf"": false, ""has_nan"": false, ""shape"": [4645, 2], ""summary_hash"": ""a82181244063214010f262db19a6c68ccc7a16b4d114dd11c73e97549141eb62""}, ""features"": {""dtype"": ""float32"", ""has_inf"": false, ""has_nan"": false, ""shape"": [4645, 512], ""summary_hash"": ""d0d51cdae884e7bc67d102bc0897983236eafe7727126481c9af439edfcb7bc9""}}",features,"[4645, 512]",float32,False,False,d0d51cdae884e7bc67d102bc0897983236eafe7727126481c9af439edfcb7bc9,"[4645, 2]",a82181244063214010f262db19a6c68ccc7a16b4d114dd11c73e97549141eb62
25021894B2.h5,features_biomedclip_20x/25021894B2.h5,6933494,7be5cff0b691271b2fbe484273b5ca46e23fd6df3ab85c34a6b2253dbdb10abd,2026-01-07T11:34:54.020964,"[""coords"", ""features""]","{""coords"": {""dtype"": ""int64"", ""has_inf"": false, ""has_nan"": false, ""shape"": [3640, 2], ""summary_hash"": ""b114fc08d157cac5e519e9ccdc2343bf388946e174ba988420674fe73d2c848c""}, ""features"": {""dtype"": ""float32"", ""has_inf"": false, ""has_nan"": false, ""shape"": [3640, 512], ""summary_hash"": ""a9c3987a3cf9c147eb75b887404ddfb54e65b95011ff90f366dfc8809e46e784""}}",features,"[3640, 512]",float32,False,False,a9c3987a3cf9c147eb75b887404ddfb54e65b95011ff90f366dfc8809e46e784,"[3640, 2]",b114fc08d157cac5e519e9ccdc2343bf388946e174ba988420674fe73d2c848c
25021894B3.h5,features_biomedclip_20x/25021894B3.h5,5326326,2614ba0dcec7ebd1719700b03746ca328acfc57af02b1b08d05b2f70f74c6a96,2026-01-07T11:35:00.409941,"[""coords"", ""features""]","{""coords"": {""dtype"": ""int64"", ""has_inf"": false, ""has_nan"": false, ""shape"": [2791, 2], ""summary_hash"": ""d03c70c94f210cd38170c6c5e59077358fb46392167dff1ebf3c2fe5b82e0b82""}, ""features"": {""dtype"": ""float32"", ""has_inf"": false, ""has_nan"": false, ""shape"": [2791, 512], ""summary_hash"": ""6056d92aa1800bf5d8a04ce1632cbf5b306edbde0b35aabaefa965178b97ebaa""}}",features,"[2791, 512]",float32,False,False,6056d92aa1800bf5d8a04ce1632cbf5b306edbde0b35aabaefa965178b97ebaa,"[2791, 2]",d03c70c94f210cd38170c6c5e59077358fb46392167dff1ebf3c2fe5b82e0b82
25021901B2.h5,features_biomedclip_20x/25021901B2.h5,9164073,d73ab95485e873a3666ebd87c87a2a32a981d2813b276d0d55fb1200748d2327,2026-01-07T11:34:56.401955,"[""coords"", ""features""]","{""coords"": {""dtype"": ""int64"", ""has_inf"": false, ""has_nan"": false, ""shape"": [4812, 2], ""summary_hash"": ""835fecc524d29fab4ca918af508982ed7a8fb70928c8ec3ac00f52500759851f""}, ""features"": {""dtype"": ""float32"", ""has_inf"": false, ""has_nan"": false, ""shape"": [4812, 512], ""summary_hash"": ""97e66c5602fe9b4ed8f68c26dba40ac9a1f789a08605a28a83257eff147d6405""}}",features,"[4812, 512]",float32,False,False,97e66c5602fe9b4ed8f68c26dba40ac9a1f789a08605a28a83257eff147d6405,"[4812, 2]",835fecc524d29fab4ca918af508982ed7a8fb70928c8ec3ac00f52500759851f
25021911B2.h5,features_biomedclip_20x/25021911B2.h5,7846056,f1a10e77931cc04328d3e60ca42f4f84c83c61bd0cf2ce9a3c0b82fbd9fb2e05,2026-01-07T11:35:02.732933,"[""coords"", ""features""]","{""coords"": {""dtype"": ""int64"", ""has_inf"": false, ""has_nan"": false, ""shape"": [4120, 2], ""summary_hash"": ""53643e28d4469a1be1141f5040d90829f8134ee7f97a72efb8a525661ff920c9""}, ""features"": {""dtype"": ""float32"", ""has_inf"": false, ""has_nan"": false, ""shape"": [4120, 512], ""summary_hash"": ""3497deba53bc69ba57132519c5e6db1fcaedf3250415a7d2e8cab06e357db19b""}}",features,"[4120, 512]",float32,False,False,3497deba53bc69ba57132519c5e6db1fcaedf3250415a7d2e8cab06e357db19b,"[4120, 2]",53643e28d4469a1be1141f5040d90829f8134ee7f97a72efb8a525661ff920c9
25021918B4.h5,features_biomedclip_20x/25021918B4.h5,8032499,e15aa79679175e47a5c0d3fc425d1bfdb1752ba00b6705b239d5c518412186d1,2026-01-07T11:35:03.816929,"[""coords"", ""features""]","{""coords"": {""dtype"": ""int64"", ""has_inf"": false, ""has_nan"": false, ""shape"": [4212, 2], ""summary_hash"": ""e36222cbe460e7656aa404919a8d3191dca690b5c5a449946d47667791e0398b""}, ""features"": {""dtype"": ""float32"", ""has_inf"": false, ""has_nan"": false, ""shape"": [4212, 512], ""summary_hash"": ""dcddd05314e1a8445144b6d38de11297ce3e8526176131e8ec0984957b340216""}}",features,"[4212, 512]",float32,False,False,dcddd05314e1a8445144b6d38de11297ce3e8526176131e8ec0984957b340216,"[4212, 2]",e36222cbe460e7656aa404919a8d3191dca690b5c5a449946d47667791e0398b
25021922B2.h5,features_biomedclip_20x/25021922B2.h5,11740067,79c5b5d105df5e90e45b6c6cce88678d6fcf38bb83b2c64b672ded722312c055,2026-01-07T11:34:24.594069,"[""coords"", ""features""]","{""coords"": {""dtype"": ""int64"", ""has_inf"": false, ""has_nan"": false, ""shape"": [6173, 2], ""summary_hash"": ""39f07ce70a87038f414816fd8637b18bbf93107a5bb97624d5b56cad5430daf9""}, ""features"": {""dtype"": ""float32"", ""has_inf"": false, ""has_nan"": false, ""shape"": [6173, 512], ""summary_hash"": ""73f79dd118c12d733b4fe730b91f35e0d614c34e91638650965cae77e1bdcbe9""}}",features,"[6173, 512]",float32,False,False,73f79dd118c12d733b4fe730b91f35e0d614c34e91638650965cae77e1bdcbe9,"[6173, 2]",39f07ce70a87038f414816fd8637b18bbf93107a5bb97624d5b56cad5430daf9
25021973B2.h5,features_biomedclip_20x/25021973B2.h5,7306529,cd0f1eb7afd1a404a09422a686e86b04a2f2f59a6dbfbea80715b438151948c7,2026-01-07T11:35:02.152935,"[""coords"", ""features""]","{""coords"": {""dtype"": ""int64"", ""has_inf"": false, ""has_nan"": false, ""shape"": [3837, 2], ""summary_hash"": ""5dcdb9ab914bab7d3de62a25a816683eba9850eeaaf72397323598d56e49131b""}, ""features"": {""dtype"": ""float32"", ""has_inf"": false, ""has_nan"": false, ""shape"": [3837, 512], ""summary_hash"": ""4d52218279976b3ff8dcd6cb614dc1dc277847b31b5fb36ad80ebc67310a22a7""}}",features,"[3837, 512]",float32,False,False,4d52218279976b3ff8dcd6cb614dc1dc277847b31b5fb36ad80ebc67310a22a7,"[3837, 2]",5dcdb9ab914bab7d3de62a25a816683eba9850eeaaf72397323598d56e49131b
25022013B.h5,features_biomedclip_20x/25022013B.h5,4459345,c59b46e27dd653ff89e52294b2bf0fc55e793842c263f63528a13821d1d4938c,2026-01-07T11:34:48.781983,"[""coords"", ""features""]","{""coords"": {""dtype"": ""int64"", ""has_inf"": false, ""has_nan"": false, ""shape"": [2339, 2], ""summary_hash"": ""0c848a8a4ac6ffb1e66898cdac340322d54301b4aeb1c5691c021a7ca547bdc0""}, ""features"": {""dtype"": ""float32"", ""has_inf"": false, ""has_nan"": false, ""shape"": [2339, 512], ""summary_hash"": ""a40127a94120519ba347e61600ae393298bd34ba8a2aa756c48eb230ae0e19ff""}}",features,"[2339, 512]",float32,False,False,a40127a94120519ba347e61600ae393298bd34ba8a2aa756c48eb230ae0e19ff,"[2339, 2]",0c848a8a4ac6ffb1e66898cdac340322d54301b4aeb1c5691c021a7ca547bdc0
25022019B2.h5,features_biomedclip_20x/25022019B2.h5,2855076,20cbebf2c3dc4f2c8c204733bf90d3b05d1656841eb919d730b9ab1bc60ac959,2026-01-07T11:34:22.043078,"[""coords"", ""features""]","{""coords"": {""dtype"": ""int64"", ""has_inf"": false, ""has_nan"": false, ""shape"": [1494, 2], ""summary_hash"": ""d5c923ef43304de550790ab75cc0573e2a350553e06d9a02d410953d504f2500""}, ""features"": {""dtype"": ""float32"", ""has_inf"": false, ""has_nan"": false, ""shape"": [1494, 512], ""summary_hash"": ""f78a33f785eafb763110da36f00d7ee073c4bd1aff5e169fa9358098e7259e33""}}",features,"[1494, 512]",float32,False,False,f78a33f785eafb763110da36f00d7ee073c4bd1aff5e169fa9358098e7259e33,"[1494, 2]",d5c923ef43304de550790ab75cc0573e2a350553e06d9a02d410953d504f2500
25022038B2.h5,features_biomedclip_20x/25022038B2.h5,3019071,15e91bd96e7e8d7613c59a3c3a99a500555ba193bb9d2739ee4f65fef102be9f,2026-01-07T11:34:17.175095,"[""coords"", ""features""]","{""coords"": {""dtype"": ""int64"", ""has_inf"": false, ""has_nan"": false, ""shape"": [1581, 2], ""summary_hash"": ""c4118646be9f3f569d616cce0832960cd429b5adf1c14afdbdf56f4b1b46181a""}, ""features"": {""dtype"": ""float32"", ""has_inf"": false, ""has_nan"": false, ""shape"": [1581, 512], ""summary_hash"": ""c734d2e71876b9b53267c4b3293f6299927c84980bac0ad182180921440775db""}}",features,"[1581, 512]",float32,False,False,c734d2e71876b9b53267c4b3293f6299927c84980bac0ad182180921440775db,"[1581, 2]",c4118646be9f3f569d616cce0832960cd429b5adf1c14afdbdf56f4b1b46181a
25022262B2.h5,features_biomedclip_20x/25022262B2.h5,6706487,eb3495398a8ed63a69561a321afced4e82e61d48bed749ce99f19736df06d38f,2026-01-07T11:34:36.207027,"[""coords"", ""features""]","{""coords"": {""dtype"": ""int64"", ""has_inf"": false, ""has_nan"": false, ""shape"": [3520, 2], ""summary_hash"": ""a0763984e5ce668ea160a1a39a7a10837dc79acb902cd1887b788e040e4da4e7""}, ""features"": {""dtype"": ""float32"", ""has_inf"": false, ""has_nan"": false, ""shape"": [3520, 512], ""summary_hash"": ""f752479ae44b992a420d14ea57c21f8bd7770e4c341d5a2a7b99cb56ff2dc408""}}",features,"[3520, 512]",float32,False,False,f752479ae44b992a420d14ea57c21f8bd7770e4c341d5a2a7b99cb56ff2dc408,"[3520, 2]",a0763984e5ce668ea160a1a39a7a10837dc79acb902cd1887b788e040e4da4e7
25022278B2.h5,features_biomedclip_20x/25022278B2.h5,5415589,844cb9522068792bfd341505e0d36a51082adccb5d93f4a147e86acb34f83ad0,2026-01-07T11:34:47.573987,"[""coords"", ""features""]","{""coords"": {""dtype"": ""int64"", ""has_inf"": false, ""has_nan"": false, ""shape"": [2839, 2], ""summary_hash"": ""fe3576ad4eac63170c081b7b617ed6ddbd96977253da5f8dff9f7239e108ee69""}, ""features"": {""dtype"": ""float32"", ""has_inf"": false, ""has_nan"": false, ""shape"": [2839, 512], ""summary_hash"": ""ec200355e82cb5abf52e3f07d736c1021f2c45a4fe738bfa60d5e1bb4ca47d12""}}",features,"[2839, 512]",float32,False,False,ec200355e82cb5abf52e3f07d736c1021f2c45a4fe738bfa60d5e1bb4ca47d12,"[2839, 2]",fe3576ad4eac63170c081b7b617ed6ddbd96977253da5f8dff9f7239e108ee69
25022330B2.h5,features_biomedclip_20x/25022330B2.h5,6940974,af3745e671374b1c9f523878b56d6224f6cbf4de2485e31b0964de96da43d66d,2026-01-07T11:34:58.684947,"[""coords"", ""features""]","{""coords"": {""dtype"": ""int64"", ""has_inf"": false, ""has_nan"": false, ""shape"": [3644, 2], ""summary_hash"": ""cc98e803d614732d14368966c16d9b8c8150a6b1c8ccdc975fae7fefe0137961""}, ""features"": {""dtype"": ""float32"", ""has_inf"": false, ""has_nan"": false, ""shape"": [3644, 512], ""summary_hash"": ""c2bdbe6bb4e4a4f1065e51dbefe2969d0525483df1c2c21097b665bb006f8f82""}}",features,"[3644, 512]",float32,False,False,c2bdbe6bb4e4a4f1065e51dbefe2969d0525483df1c2c21097b665bb006f8f82,"[3644, 2]",cc98e803d614732d14368966c16d9b8c8150a6b1c8ccdc975fae7fefe0137961
25022343B3.h5,features_biomedclip_20x/25022343B3.h5,7330228,930caa2d8658853073b253ca85479613fafee21d4190e94bb36bd513ce1af735,2026-01-07T11:34:43.863000,"[""coords"", ""features""]","{""coords"": {""dtype"": ""int64"", ""has_inf"": false, ""has_nan"": false, ""shape"": [3850, 2], ""summary_hash"": ""c1dca75d628c4045e1c36abcc5309cb7e64bb88da93297890ea9079df77c2019""}, ""features"": {""dtype"": ""float32"", ""has_inf"": false, ""has_nan"": false, ""shape"": [3850, 512], ""summary_hash"": ""232d84cca3b64e237e79da62379716bad61abb4815cf04026f530232a61f186b""}}",features,"[3850, 512]",float32,False,False,232d84cca3b64e237e79da62379716bad61abb4815cf04026f530232a61f186b,"[3850, 2]",c1dca75d628c4045e1c36abcc5309cb7e64bb88da93297890ea9079df77c2019
25022344B2.h5,features_biomedclip_20x/25022344B2.h5,11739395,862c91cba1725271747f1d77f34aca61ece67935e4b5daf6937cb4cf519fb9f6,2026-01-07T11:34:21.118081,"[""coords"", ""features""]","{""coords"": {""dtype"": ""int64"", ""has_inf"": false, ""has_nan"": false, ""shape"": [6174, 2], ""summary_hash"": ""57702ec3b67c4c351d5994f8d82ebfad43e358f4b07c32ca7e004dd4f53932bd""}, ""features"": {""dtype"": ""float32"", ""has_inf"": false, ""has_nan"": false, ""shape"": [6174, 512], ""summary_hash"": ""198e59ff8054a50da6dbf2287b1a44c22c7d41ae462f62db375098ad4e230c90""}}",features,"[6174, 512]",float32,False,False,198e59ff8054a50da6dbf2287b1a44c22c7d41ae462f62db375098ad4e230c90,"[6174, 2]",57702ec3b67c4c351d5994f8d82ebfad43e358f4b07c32ca7e004dd4f53932bd
25022354B2.h5,features_biomedclip_20x/25022354B2.h5,8641407,7ab3bd9b399d33efd595d080f17701b9c9354e4bd6bab4bc311e8c5812d53146,2026-01-07T11:34:16.204099,"[""coords"", ""features""]","{""coords"": {""dtype"": ""int64"", ""has_inf"": false, ""has_nan"": false, ""shape"": [4538, 2], ""summary_hash"": ""7d41ae854ee25133806913d4e83006d53beab735d81ff6ca2ae4ccc1f85d6aa7""}, ""features"": {""dtype"": ""float32"", ""has_inf"": false, ""has_nan"": false, ""shape"": [4538, 512], ""summary_hash"": ""789b87300482d73030717395f17fdd7391af274a6662851929c46512be8d84f4""}}",features,"[4538, 512]",float32,False,False,789b87300482d73030717395f17fdd7391af274a6662851929c46512be8d84f4,"[4538, 2]",7d41ae854ee25133806913d4e83006d53beab735d81ff6ca2ae4ccc1f85d6aa7
25022406B2.h5,features_biomedclip_20x/25022406B2.h5,6017889,e781679aabdfe2cf0f03898757121f9eeefccb23cce0bc42f700ca1c3b759761,2026-01-07T11:34:58.876946,"[""coords"", ""features""]","{""coords"": {""dtype"": ""int64"", ""has_inf"": false, ""has_nan"": false, ""shape"": [3157, 2], ""summary_hash"": ""3f62feaf165df815b3c04b8ba73a4e8af1681c604f64706867898de42132a0f6""}, ""features"": {""dtype"": ""float32"", ""has_inf"": false, ""has_nan"": false, ""shape"": [3157, 512], ""summary_hash"": ""f4c0905484968435611aee1e8da2f295be7761a3e9d7557e9a8e06c2deb349ec""}}",features,"[3157, 512]",float32,False,False,f4c0905484968435611aee1e8da2f295be7761a3e9d7557e9a8e06c2deb349ec,"[3157, 2]",3f62feaf165df815b3c04b8ba73a4e8af1681c604f64706867898de42132a0f6
25022458B2.h5,features_biomedclip_20x/25022458B2.h5,8942804,249a5750d2d23fde4a3b0a809fe1757bf9e315ee0f5363edcda28d96513f3a84,2026-01-07T11:34:44.872996,"[""coords"", ""features""]","{""coords"": {""dtype"": ""int64"", ""has_inf"": false, ""has_nan"": false, ""shape"": [4696, 2], ""summary_hash"": ""c808b295847604e16d2af35d786c4b62e3dd854a1e0e5611f6240b91d4c8de98""}, ""features"": {""dtype"": ""float32"", ""has_inf"": false, ""has_nan"": false, ""shape"": [4696, 512], ""summary_hash"": ""f97745715465b5dda9ffcb9216aad8974b917f946e2663c5588d091aac479f23""}}",features,"[4696, 512]",float32,False,False,f97745715465b5dda9ffcb9216aad8974b917f946e2663c5588d091aac479f23,"[4696, 2]",c808b295847604e16d2af35d786c4b62e3dd854a1e0e5611f6240b91d4c8de98
25022584B2.h5,features_biomedclip_20x/25022584B2.h5,5620514,0b3595cf382acf6f8e8410119d7ca19122be3b4bcbf7e4e92aa19a1abba81b89,2026-01-07T11:34:28.645054,"[""coords"", ""features""]","{""coords"": {""dtype"": ""int64"", ""has_inf"": false, ""has_nan"": false, ""shape"": [2946, 2], ""summary_hash"": ""e5d6252eacb00e381f05a6dbe9d67d4be2c74d9d742182c66ffec188dde86b1c""}, ""features"": {""dtype"": ""float32"", ""has_inf"": false, ""has_nan"": false, ""shape"": [2946, 512], ""summary_hash"": ""7cccfff7e9f5c43d2b2bc0919a9c69f39be17bd6fb8bab8d74475cfce2a0ab8b""}}",features,"[2946, 512]",float32,False,False,7cccfff7e9f5c43d2b2bc0919a9c69f39be17bd6fb8bab8d74475cfce2a0ab8b,"[2946, 2]",e5d6252eacb00e381f05a6dbe9d67d4be2c74d9d742182c66ffec188dde86b1c
25022584B3.h5,features_biomedclip_20x/25022584B3.h5,2196188,1907a218c25ca8a520910ffc8a57296fdb0b7f7b6785bafc9167f15c34513a93,2026-01-07T11:34:32.515041,"[""coords"", ""features""]","{""coords"": {""dtype"": ""int64"", ""has_inf"": false, ""has_nan"": false, ""shape"": [1145, 2], ""summary_hash"": ""cf06e21c40342b01ace34090cc37422832417bcae64a80c44e47e379312c38d7""}, ""features"": {""dtype"": ""float32"", ""has_inf"": false, ""has_nan"": false, ""shape"": [1145, 512], ""summary_hash"": ""52bbf8d7699f9e8198263a8f701d335f27d11436b2b3641c76e7eda14ac089f7""}}",features,"[1145, 512]",float32,False,False,52bbf8d7699f9e8198263a8f701d335f27d11436b2b3641c76e7eda14ac089f7,"[1145, 2]",cf06e21c40342b01ace34090cc37422832417bcae64a80c44e47e379312c38d7
25022613B2.h5,features_biomedclip_20x/25022613B2.h5,2924959,b08cadacb34e85287005b7de69f0303009c92dc0f498dbe6f61cad84491245b6,2026-01-07T11:34:49.344980,"[""coords"", ""features""]","{""coords"": {""dtype"": ""int64"", ""has_inf"": false, ""has_nan"": false, ""shape"": [1531, 2], ""summary_hash"": ""59caa6a0c5713f5cf6041531a263962808e98263ed84e0acbf4b5fa62eeca500""}, ""features"": {""dtype"": ""float32"", ""has_inf"": false, ""has_nan"": false, ""shape"": [1531, 512], ""summary_hash"": ""681279451f07d5e7e722e6a7ec3e8be68bd3c7a56035d1f130bb4637f5d17a0b""}}",features,"[1531, 512]",float32,False,False,681279451f07d5e7e722e6a7ec3e8be68bd3c7a56035d1f130bb4637f5d17a0b,"[1531, 2]",59caa6a0c5713f5cf6041531a263962808e98263ed84e0acbf4b5fa62eeca500
25023016B6.h5,features_biomedclip_20x/25023016B6.h5,10156929,7fcd47dbee00ebc20406cba172b7346e033b115a2360236e421fae606799441c,2026-01-07T11:34:49.563980,"[""coords"", ""features""]","{""coords"": {""dtype"": ""int64"", ""has_inf"": false, ""has_nan"": false, ""shape"": [5337, 2], ""summary_hash"": ""593bbd77dd20b454c6b428e3870592a8cc210b531401422ec018c914c56d12b8""}, ""features"": {""dtype"": ""float32"", ""has_inf"": false, ""has_nan"": false, ""shape"": [5337, 512], ""summary_hash"": ""75fbe6444671740284f2c4793f5c93f02b8453c8aaa64f3101652ba494fd367f""}}",features,"[5337, 512]",float32,False,False,75fbe6444671740284f2c4793f5c93f02b8453c8aaa64f3101652ba494fd367f,"[5337, 2]",593bbd77dd20b454c6b428e3870592a8cc210b531401422ec018c914c56d12b8
25023174B2.h5,features_biomedclip_20x/25023174B2.h5,2708688,3df626c52843a4e1c7a0374193c9e33db65af10f1a0ec97f4845736e4f89c160,2026-01-07T11:34:15.752100,"[""coords"", ""features""]","{""coords"": {""dtype"": ""int64"", ""has_inf"": false, ""has_nan"": false, ""shape"": [1416, 2], ""summary_hash"": ""0b07a680600ef2a12199b9c6351d273339c4692731f26155b8345e07061037c4""}, ""features"": {""dtype"": ""float32"", ""has_inf"": false, ""has_nan"": false, ""shape"": [1416, 512], ""summary_hash"": ""a91f1a581e6296bd6e2a352548bdd44beeff20faa71f615a779d461d1983ef34""}}",features,"[1416, 512]",float32,False,False,a91f1a581e6296bd6e2a352548bdd44beeff20faa71f615a779d461d1983ef34,"[1416, 2]",0b07a680600ef2a12199b9c6351d273339c4692731f26155b8345e07061037c4
25023184B2.h5,features_biomedclip_20x/25023184B2.h5,11019744,ba651e8b2dc8d6dea5c2f647b615ce63ebff8f0a7738feb35ed93389309a5294,2026-01-07T11:34:37.973021,"[""coords"", ""features""]","{""coords"": {""dtype"": ""int64"", ""has_inf"": false, ""has_nan"": false, ""shape"": [5792, 2], ""summary_hash"": ""f00d4ea011f68e6d8fa10c267650b3cef467bc199cc1ccd7ba1d6d7168e8fe59""}, ""features"": {""dtype"": ""float32"", ""has_inf"": false, ""has_nan"": false, ""shape"": [5792, 512], ""summary_hash"": ""8442eaf0c5c6dd9582ce97477b1bf2bae8bfbfd3ca89685ad717b443da867716""}}",features,"[5792, 512]",float32,False,False,8442eaf0c5c6dd9582ce97477b1bf2bae8bfbfd3ca89685ad717b443da867716,"[5792, 2]",f00d4ea011f68e6d8fa10c267650b3cef467bc199cc1ccd7ba1d6d7168e8fe59
25023327B3.h5,features_biomedclip_20x/25023327B3.h5,975203,5f1677bfc4c7c8baa03161e0e2d6c6dac29923607f48339d23dc034de324b3dd,2026-01-07T11:34:24.355070,"[""coords"", ""features""]","{""coords"": {""dtype"": ""int64"", ""has_inf"": false, ""has_nan"": false, ""shape"": [510, 2], ""summary_hash"": ""508351edc8b04788bc297c159ae0f9d1d2b054a14e1bf0dee894b22e6429241f""}, ""features"": {""dtype"": ""float32"", ""has_inf"": false, ""has_nan"": false, ""shape"": [510, 512], ""summary_hash"": ""f54da9dd731385668c25bf50cd3a1991c20ce82defb6bf5423e81fc9421b3881""}}",features,"[510, 512]",float32,False,False,f54da9dd731385668c25bf50cd3a1991c20ce82defb6bf5423e81fc9421b3881,"[510, 2]",508351edc8b04788bc297c159ae0f9d1d2b054a14e1bf0dee894b22e6429241f
25023573B.h5,features_biomedclip_20x/25023573B.h5,5119048,1f912afa101159c310760d225a876109fd0bc2b30a9006f4e2e3f7d1e016be6c,2026-01-07T11:34:16.215099,"[""coords"", ""features""]","{""coords"": {""dtype"": ""int64"", ""has_inf"": false, ""has_nan"": false, ""shape"": [2681, 2], ""summary_hash"": ""81d1fb12c9a4c5d95539a8deaff0f65f6cb6d3f8e95abc7faed4d99fc6f9dc91""}, ""features"": {""dtype"": ""float32"", ""has_inf"": false, ""has_nan"": false, ""shape"": [2681, 512], ""summary_hash"": ""79dc535ebcb71fe986f49fd264aa7dd09356fc382b840a07700c4e0c01e906ce""}}",features,"[2681, 512]",float32,False,False,79dc535ebcb71fe986f49fd264aa7dd09356fc382b840a07700c4e0c01e906ce,"[2681, 2]",81d1fb12c9a4c5d95539a8deaff0f65f6cb6d3f8e95abc7faed4d99fc6f9dc91
25023590B3.h5,features_biomedclip_20x/25023590B3.h5,5713221,4ada9a4b987b682eba5b099282d5adcda67e993492ef67ad9fe0499903ce17f9,2026-01-07T11:34:17.168095,"[""coords"", ""features""]","{""coords"": {""dtype"": ""int64"", ""has_inf"": false, ""has_nan"": false, ""shape"": [2995, 2], ""summary_hash"": ""7456af9f50ae7de9aaeaeedbd2c6576a2508dc34739c2e1a1801c42d22feb5a0""}, ""features"": {""dtype"": ""float32"", ""has_inf"": false, ""has_nan"": false, ""shape"": [2995, 512], ""summary_hash"": ""8740318953197c13e37f1b563030ca471713d53e1724d250c826cef700e9c166""}}",features,"[2995, 512]",float32,False,False,8740318953197c13e37f1b563030ca471713d53e1724d250c826cef700e9c166,"[2995, 2]",7456af9f50ae7de9aaeaeedbd2c6576a2508dc34739c2e1a1801c42d22feb5a0
25023590B4.h5,features_biomedclip_20x/25023590B4.h5,4304204,0a08156d7bae41938ddd28e99408d843b204503603b5771054bb1ceafe33c853,2026-01-07T11:34:31.621044,"[""coords"", ""features""]","{""coords"": {""dtype"": ""int64"", ""has_inf"": false, ""has_nan"": false, ""shape"": [2256, 2], ""summary_hash"": ""a85fc7bc2bf2b961d118eafe377bcbfc02d78a515e22f92c11f0d3cc978d424c""}, ""features"": {""dtype"": ""float32"", ""has_inf"": false, ""has_nan"": false, ""shape"": [2256, 512], ""summary_hash"": ""a63926179b267c9fcfca426e5052e659d0c1b264f914d56c3305cf9ddf54c0f8""}}",features,"[2256, 512]",float32,False,False,a63926179b267c9fcfca426e5052e659d0c1b264f914d56c3305cf9ddf54c0f8,"[2256, 2]",a85fc7bc2bf2b961d118eafe377bcbfc02d78a515e22f92c11f0d3cc978d424c
25023687B2.h5,features_biomedclip_20x/25023687B2.h5,6277617,057f0dde4a0bf41df729fea67c45836c6d7a50452b9d1fdc59f0d905b84c5c7c,2026-01-07T11:34:40.929011,"[""coords"", ""features""]","{""coords"": {""dtype"": ""int64"", ""has_inf"": false, ""has_nan"": false, ""shape"": [3293, 2], ""summary_hash"": ""a5cd75becac2ece4202fa8bd4c90c72c65e1e8ce82a407a0477f10cc46ecc19f""}, ""features"": {""dtype"": ""float32"", ""has_inf"": false, ""has_nan"": false, ""shape"": [3293, 512], ""summary_hash"": ""26641609ac5a4de647b8a89746a959cf46a6834960491aa3423aaed4b6abe9c3""}}",features,"[3293, 512]",float32,False,False,26641609ac5a4de647b8a89746a959cf46a6834960491aa3423aaed4b6abe9c3,"[3293, 2]",a5cd75becac2ece4202fa8bd4c90c72c65e1e8ce82a407a0477f10cc46ecc19f
25023687B3.h5,features_biomedclip_20x/25023687B3.h5,2324406,e0206aefe781f836a684fedce2bbfebceff9c4b592e7cb0e1d2838ee3bdffa6c,2026-01-07T11:34:34.695033,"[""coords"", ""features""]","{""coords"": {""dtype"": ""int64"", ""has_inf"": false, ""has_nan"": false, ""shape"": [1213, 2], ""summary_hash"": ""5a5b4b9bde782e7865bb414ba50fc2b26ebf4b753c5223d77ed44283fca421e6""}, ""features"": {""dtype"": ""float32"", ""has_inf"": false, ""has_nan"": false, ""shape"": [1213, 512], ""summary_hash"": ""1c97f60d3536a8a7afb406bf0353a27bd31e84bf5d2699139dc35e8153b5169f""}}",features,"[1213, 512]",float32,False,False,1c97f60d3536a8a7afb406bf0353a27bd31e84bf5d2699139dc35e8153b5169f,"[1213, 2]",5a5b4b9bde782e7865bb414ba50fc2b26ebf4b753c5223d77ed44283fca421e6
25023687B4.h5,features_biomedclip_20x/25023687B4.h5,1683430,57f85b76e0d5efde59f004f548f6ad9444cdcaf4de6e4a70246eecc8645fe83b,2026-01-07T11:34:23.797072,"[""coords"", ""features""]","{""coords"": {""dtype"": ""int64"", ""has_inf"": false, ""has_nan"": false, ""shape"": [882, 2], ""summary_hash"": ""f238e4ad379da9146286df13d46e2855d98445a29af76ebb4740561a37914803""}, ""features"": {""dtype"": ""float32"", ""has_inf"": false, ""has_nan"": false, ""shape"": [882, 512], ""summary_hash"": ""1e2d2146fae4afcc225c724516a35d985d8161b6c3561adf8e6bc8b4308a084d""}}",features,"[882, 512]",float32,False,False,1e2d2146fae4afcc225c724516a35d985d8161b6c3561adf8e6bc8b4308a084d,"[882, 2]",f238e4ad379da9146286df13d46e2855d98445a29af76ebb4740561a37914803
25023690B3.h5,features_biomedclip_20x/25023690B3.h5,4416100,ae0c3047b4166fe3a53f061789366ad761ae6964f4553036b26f7d1e1f85d8c8,2026-01-07T11:35:04.697926,"[""coords"", ""features""]","{""coords"": {""dtype"": ""int64"", ""has_inf"": false, ""has_nan"": false, ""shape"": [2315, 2], ""summary_hash"": ""67ac0e84b9272957179884282076eafc743940ecad96be0123ddcb5323536efd""}, ""features"": {""dtype"": ""float32"", ""has_inf"": false, ""has_nan"": false, ""shape"": [2315, 512], ""summary_hash"": ""01f07e20891335d0e93859d0969afd15dd7496368637bd25b1af27bc7c9f1da9""}}",features,"[2315, 512]",float32,False,False,01f07e20891335d0e93859d0969afd15dd7496368637bd25b1af27bc7c9f1da9,"[2315, 2]",67ac0e84b9272957179884282076eafc743940ecad96be0123ddcb5323536efd
25023814B.h5,features_biomedclip_20x/25023814B.h5,7672871,cd341f8b1ac85d7f3456dfe72e6106167d54350516663f8889e58effa4af2714,2026-01-07T11:35:26.504848,"[""coords"", ""features""]","{""coords"": {""dtype"": ""int64"", ""has_inf"": false, ""has_nan"": false, ""shape"": [4032, 2], ""summary_hash"": ""5b6d712b07b93d8ba24d661b5f2572096b8ce85df3cbd39583df4a21d732b797""}, ""features"": {""dtype"": ""float32"", ""has_inf"": false, ""has_nan"": false, ""shape"": [4032, 512], ""summary_hash"": ""c480b9ef3ac57dd3caf4567b5e14c8a1f0785164d96e6eec13ecfc7c3656734a""}}",features,"[4032, 512]",float32,False,False,c480b9ef3ac57dd3caf4567b5e14c8a1f0785164d96e6eec13ecfc7c3656734a,"[4032, 2]",5b6d712b07b93d8ba24d661b5f2572096b8ce85df3cbd39583df4a21d732b797
25023828B.h5,features_biomedclip_20x/25023828B.h5,7217851,c484ce6de676bbda5c68736ec08d5baf6c797e140afee6e2f2c6b32be7d4985d,2026-01-07T11:35:02.999932,"[""coords"", ""features""]","{""coords"": {""dtype"": ""int64"", ""has_inf"": false, ""has_nan"": false, ""shape"": [3791, 2], ""summary_hash"": ""3f3cd7333bd772bcc0438d77075f16e33d30b403b646f94dcf24bed4902857f3""}, ""features"": {""dtype"": ""float32"", ""has_inf"": false, ""has_nan"": false, ""shape"": [3791, 512], ""summary_hash"": ""ea3a722e55068595c86c5cc13b87bb1c63aa0a9aff900234f1305463875cfe18""}}",features,"[3791, 512]",float32,False,False,ea3a722e55068595c86c5cc13b87bb1c63aa0a9aff900234f1305463875cfe18,"[3791, 2]",3f3cd7333bd772bcc0438d77075f16e33d30b403b646f94dcf24bed4902857f3
25023846B4.h5,features_biomedclip_20x/25023846B4.h5,5945899,114ddb07029652504bd630a92fad340070eeebca49081938ada2ddb795bf4ce4,2026-01-07T11:34:49.645979,"[""coords"", ""features""]","{""coords"": {""dtype"": ""int64"", ""has_inf"": false, ""has_nan"": false, ""shape"": [3119, 2], ""summary_hash"": ""1fdd9b8ac45831a06e08a3f1b10dedefec5f76404ce584e60e20c7bf38c54a45""}, ""features"": {""dtype"": ""float32"", ""has_inf"": false, ""has_nan"": false, ""shape"": [3119, 512], ""summary_hash"": ""bfce86ea9752bfb449881dbf6c40ab17dfe86c509d22ea84b9dc97823702dd49""}}",features,"[3119, 512]",float32,False,False,bfce86ea9752bfb449881dbf6c40ab17dfe86c509d22ea84b9dc97823702dd49,"[3119, 2]",1fdd9b8ac45831a06e08a3f1b10dedefec5f76404ce584e60e20c7bf38c54a45
25023869B3.h5,features_biomedclip_20x/25023869B3.h5,3751064,f343ea0f73100b1c4363f1b1582c8ef8e63648552c4617c006dd08e3ab794bb0,2026-01-07T11:34:20.944082,"[""coords"", ""features""]","{""coords"": {""dtype"": ""int64"", ""has_inf"": false, ""has_nan"": false, ""shape"": [1964, 2], ""summary_hash"": ""21aa95edf4fefe23520091680f99ed50372886137ae3fd04ac78e6d259b50635""}, ""features"": {""dtype"": ""float32"", ""has_inf"": false, ""has_nan"": false, ""shape"": [1964, 512], ""summary_hash"": ""dd4f24afce9d77ff8e9900c29694d4737caedc28a7776a6afa830e269145b5af""}}",features,"[1964, 512]",float32,False,False,dd4f24afce9d77ff8e9900c29694d4737caedc28a7776a6afa830e269145b5af,"[1964, 2]",21aa95edf4fefe23520091680f99ed50372886137ae3fd04ac78e6d259b50635
25023869B4.h5,features_biomedclip_20x/25023869B4.h5,5270352,3530f28406fc5b384c969ac7cfe680859b884c82236be46c55a689bdfb119dbd,2026-01-07T11:34:38.491019,"[""coords"", ""features""]","{""coords"": {""dtype"": ""int64"", ""has_inf"": false, ""has_nan"": false, ""shape"": [2761, 2], ""summary_hash"": ""cdc51bc880baee4326b372d2e3f4402a34efefec839235d38355a1796e0604bc""}, ""features"": {""dtype"": ""float32"", ""has_inf"": false, ""has_nan"": false, ""shape"": [2761, 512], ""summary_hash"": ""0c745245edc47fa3652677d5f929deaf124909fb6f3d74bdbdd2d372867912ce""}}",features,"[2761, 512]",float32,False,False,0c745245edc47fa3652677d5f929deaf124909fb6f3d74bdbdd2d372867912ce,"[2761, 2]",cdc51bc880baee4326b372d2e3f4402a34efefec839235d38355a1796e0604bc
25023930B2.h5,features_biomedclip_20x/25023930B2.h5,3608189,48acbe86a3f3770f00dc8e126c5e73eb2606e4afc882db5e161b565f2b9de76f,2026-01-07T11:34:16.286098,"[""coords"", ""features""]","{""coords"": {""dtype"": ""int64"", ""has_inf"": false, ""has_nan"": false, ""shape"": [1892, 2], ""summary_hash"": ""011f124b7616bd230fbba3977ca77fa6048a0369f199a757a6d684845dca29f4""}, ""features"": {""dtype"": ""float32"", ""has_inf"": false, ""has_nan"": false, ""shape"": [1892, 512], ""summary_hash"": ""6b3f73d4b9305950746a46e2fea4afdf06cd01915824acc11652239904fe39f7""}}",features,"[1892, 512]",float32,False,False,6b3f73d4b9305950746a46e2fea4afdf06cd01915824acc11652239904fe39f7,"[1892, 2]",011f124b7616bd230fbba3977ca77fa6048a0369f199a757a6d684845dca29f4
25023934B2.h5,features_biomedclip_20x/25023934B2.h5,10325260,e48ff03b0a7aa695dc26450a77ba4baf9eda5fa635784c9a56d82b51b5e94865,2026-01-07T11:34:18.762089,"[""coords"", ""features""]","{""coords"": {""dtype"": ""int64"", ""has_inf"": false, ""has_nan"": false, ""shape"": [5427, 2], ""summary_hash"": ""c7dc106f9e5c10cc1bd7b79aa7f50a314165cb7a7ea2c2abd8206c96ba6bc75e""}, ""features"": {""dtype"": ""float32"", ""has_inf"": false, ""has_nan"": false, ""shape"": [5427, 512], ""summary_hash"": ""5277af8312aac9cc5536d77856a74029a02dde1f4773acb7d6370e6cdbc9e0b9""}}",features,"[5427, 512]",float32,False,False,5277af8312aac9cc5536d77856a74029a02dde1f4773acb7d6370e6cdbc9e0b9,"[5427, 2]",c7dc106f9e5c10cc1bd7b79aa7f50a314165cb7a7ea2c2abd8206c96ba6bc75e
25023935B2.h5,features_biomedclip_20x/25023935B2.h5,3552592,5744c9ae2dd5d83d7c00eb6460eb8e0f1fd1cda3af8a584fa2a66764e8d71c96,2026-01-07T11:34:37.569023,"[""coords"", ""features""]","{""coords"": {""dtype"": ""int64"", ""has_inf"": false, ""has_nan"": false, ""shape"": [1863, 2], ""summary_hash"": ""001adaa9e8c2863f7e4c979a74f3b09a977a1ca4a5410a9162994c97422e7fde""}, ""features"": {""dtype"": ""float32"", ""has_inf"": false, ""has_nan"": false, ""shape"": [1863, 512], ""summary_hash"": ""3f388d10a69029aab858b38970d3cd7975eb6009a2b78fdefdd09458b01ac68c""}}",features,"[1863, 512]",float32,False,False,3f388d10a69029aab858b38970d3cd7975eb6009a2b78fdefdd09458b01ac68c,"[1863, 2]",001adaa9e8c2863f7e4c979a74f3b09a977a1ca4a5410a9162994c97422e7fde
25023936B2.h5,features_biomedclip_20x/25023936B2.h5,6441266,9bf5b585e7405cd6521dcbbe98eb880cac03436c7ad3294d956b1f5a84cd66ab,2026-01-07T11:34:57.565951,"[""coords"", ""features""]","{""coords"": {""dtype"": ""int64"", ""has_inf"": false, ""has_nan"": false, ""shape"": [3380, 2], ""summary_hash"": ""91c3604b1a5c0354063967c3414a8ea05f64939ec7f79d11145baf5f15b05a87""}, ""features"": {""dtype"": ""float32"", ""has_inf"": false, ""has_nan"": false, ""shape"": [3380, 512], ""summary_hash"": ""b8cd232d58666c2a94a3a9bd78eba9fcf2b7d62960c7ea2f10527bc304148c76""}}",features,"[3380, 512]",float32,False,False,b8cd232d58666c2a94a3a9bd78eba9fcf2b7d62960c7ea2f10527bc304148c76,"[3380, 2]",91c3604b1a5c0354063967c3414a8ea05f64939ec7f79d11145baf5f15b05a87
25023961B2.h5,features_biomedclip_20x/25023961B2.h5,1191152,2354f3ead3b498b8a756a9b3c4cec15b847071792cd1933b0a7aef5433264d50,2026-01-07T11:34:55.657958,"[""coords"", ""features""]","{""coords"": {""dtype"": ""int64"", ""has_inf"": false, ""has_nan"": false, ""shape"": [622, 2], ""summary_hash"": ""bcd809c0b3cdd86be57c50f9855770ce05bc1d86ec20faf7aae843686ba076ec""}, ""features"": {""dtype"": ""float32"", ""has_inf"": false, ""has_nan"": false, ""shape"": [622, 512], ""summary_hash"": ""a4e2f104b0cc376245ba06986582beb1c956bfc889cb2c4ee727dd5ad093c8b3""}}",features,"[622, 512]",float32,False,False,a4e2f104b0cc376245ba06986582beb1c956bfc889cb2c4ee727dd5ad093c8b3,"[622, 2]",bcd809c0b3cdd86be57c50f9855770ce05bc1d86ec20faf7aae843686ba076ec
25023972B3.h5,features_biomedclip_20x/25023972B3.h5,7419812,ad234b11672b5d7977330e28c42a6681fecf0fff6f67c9163493c579ca82fc67,2026-01-07T11:34:31.177045,"[""coords"", ""features""]","{""coords"": {""dtype"": ""int64"", ""has_inf"": false, ""has_nan"": false, ""shape"": [3897, 2], ""summary_hash"": ""5e1943364c51e30e8e75c16bb1a20b6bc0059525d52410b6a36ed2c8100ce89e""}, ""features"": {""dtype"": ""float32"", ""has_inf"": false, ""has_nan"": false, ""shape"": [3897, 512], ""summary_hash"": ""a385dd55283e9745d135b3a42d39ad18a431da8cab7ca023cd9d7a396ce78ccc""}}",features,"[3897, 512]",float32,False,False,a385dd55283e9745d135b3a42d39ad18a431da8cab7ca023cd9d7a396ce78ccc,"[3897, 2]",5e1943364c51e30e8e75c16bb1a20b6bc0059525d52410b6a36ed2c8100ce89e
25023977B2.h5,features_biomedclip_20x/25023977B2.h5,4804201,cd08a69be65cfc99d573309eff04b8316e3141060fe15b69701003da510f4ab2,2026-01-07T11:34:25.318066,"[""coords"", ""features""]","{""coords"": {""dtype"": ""int64"", ""has_inf"": false, ""has_nan"": false, ""shape"": [2514, 2], ""summary_hash"": ""6c6e86e67b99ffdecf1c34ca309645edabe92343d66657ac3741a89223b7d8f1""}, ""features"": {""dtype"": ""float32"", ""has_inf"": false, ""has_nan"": false, ""shape"": [2514, 512], ""summary_hash"": ""1bd0820fe4010f028ff6e7c57cf647f0b3f3f510dfd45c70c6274d289fb07ceb""}}",features,"[2514, 512]",float32,False,False,1bd0820fe4010f028ff6e7c57cf647f0b3f3f510dfd45c70c6274d289fb07ceb,"[2514, 2]",6c6e86e67b99ffdecf1c34ca309645edabe92343d66657ac3741a89223b7d8f1
25024142B2.h5,features_biomedclip_20x/25024142B2.h5,3269936,c8d74aab225ed6b9006775f30715d057fab8f4a47d15ded800df220bdb8d7fe9,2026-01-07T11:34:19.332087,"[""coords"", ""features""]","{""coords"": {""dtype"": ""int64"", ""has_inf"": false, ""has_nan"": false, ""shape"": [1713, 2], ""summary_hash"": ""898c825393974a573284fcee62e38c89b129745dee366ab91b68ac8509409cbd""}, ""features"": {""dtype"": ""float32"", ""has_inf"": false, ""has_nan"": false, ""shape"": [1713, 512], ""summary_hash"": ""1b7138c1b3f55bfc070cd94e125dc2d1c725258f916eeafa1f749f9e0cc0dd18""}}",features,"[1713, 512]",float32,False,False,1b7138c1b3f55bfc070cd94e125dc2d1c725258f916eeafa1f749f9e0cc0dd18,"[1713, 2]",898c825393974a573284fcee62e38c89b129745dee366ab91b68ac8509409cbd
25024243B2.h5,features_biomedclip_20x/25024243B2.h5,7895606,ae8d157a8ee19cae72f9798de7d7fae0e0d87e80c7d852cbd95066fe77dc169b,2026-01-07T11:34:43.053003,"[""coords"", ""features""]","{""coords"": {""dtype"": ""int64"", ""has_inf"": false, ""has_nan"": false, ""shape"": [4146, 2], ""summary_hash"": ""c157a61b066ed177ab59d13bfcbd27f1ef8cc4bab6208885d59779f2493d9916""}, ""features"": {""dtype"": ""float32"", ""has_inf"": false, ""has_nan"": false, ""shape"": [4146, 512], ""summary_hash"": ""3d54ae77026ce6be7a04063e25c0bd4295ebe461e1999e6ce39292151d793282""}}",features,"[4146, 512]",float32,False,False,3d54ae77026ce6be7a04063e25c0bd4295ebe461e1999e6ce39292151d793282,"[4146, 2]",c157a61b066ed177ab59d13bfcbd27f1ef8cc4bab6208885d59779f2493d9916
25024254B2.h5,features_biomedclip_20x/25024254B2.h5,3405949,b7348582aa0566be53db44a31dbcced6dfaab6a32ef6c6d4265490064ae1f85e,2026-01-07T11:34:18.002092,"[""coords"", ""features""]","{""coords"": {""dtype"": ""int64"", ""has_inf"": false, ""has_nan"": false, ""shape"": [1785, 2], ""summary_hash"": ""c087bdd8d2e0a017b93a87d26402b325572d55e8b47c4a9b2c79ac80b6207fc6""}, ""features"": {""dtype"": ""float32"", ""has_inf"": false, ""has_nan"": false, ""shape"": [1785, 512], ""summary_hash"": ""e2cf25d7e51b636fa16b074b404d0af65a15a05ee5bf5bf563261dc3a390b37f""}}",features,"[1785, 512]",float32,False,False,e2cf25d7e51b636fa16b074b404d0af65a15a05ee5bf5bf563261dc3a390b37f,"[1785, 2]",c087bdd8d2e0a017b93a87d26402b325572d55e8b47c4a9b2c79ac80b6207fc6
25024302B4.h5,features_biomedclip_20x/25024302B4.h5,4362399,35d94a57a33270181c08e8e795688a57cbef7c4135c76723168987e0a91a006b,2026-01-07T11:35:06.023921,"[""coords"", ""features""]","{""coords"": {""dtype"": ""int64"", ""has_inf"": false, ""has_nan"": false, ""shape"": [2287, 2], ""summary_hash"": ""3af470f99aaf7758c6c2c14ed049d9138ddd8c10c2308453747c01610a421ac8""}, ""features"": {""dtype"": ""float32"", ""has_inf"": false, ""has_nan"": false, ""shape"": [2287, 512], ""summary_hash"": ""f439fc5daf2c0040a66efb62abcd4535b07e712a60434681282f24048a297fc1""}}",features,"[2287, 512]",float32,False,False,f439fc5daf2c0040a66efb62abcd4535b07e712a60434681282f24048a297fc1,"[2287, 2]",3af470f99aaf7758c6c2c14ed049d9138ddd8c10c2308453747c01610a421ac8
25024310B3.h5,features_biomedclip_20x/25024310B3.h5,11380135,5ea4e5350393a045d6bd2f39f6547298703f977ba7718b6da1cb315fee0fb9cf,2026-01-07T11:34:30.320048,"[""coords"", ""features""]","{""coords"": {""dtype"": ""int64"", ""has_inf"": false, ""has_nan"": false, ""shape"": [5984, 2], ""summary_hash"": ""0e3fe39d7141a0e1e71261398d048b74fd210a6dde05f63b1191e06c1c3f9b76""}, ""features"": {""dtype"": ""float32"", ""has_inf"": false, ""has_nan"": false, ""shape"": [5984, 512], ""summary_hash"": ""d315330610f96b34163a50fac2cf5ae07877e1809dd10a547020f9c05217c0b0""}}",features,"[5984, 512]",float32,False,False,d315330610f96b34163a50fac2cf5ae07877e1809dd10a547020f9c05217c0b0,"[5984, 2]",0e3fe39d7141a0e1e71261398d048b74fd210a6dde05f63b1191e06c1c3f9b76
25024431B.h5,features_biomedclip_20x/25024431B.h5,5248366,c0514e6816166eaa48dc9d3b9a6fa0199bb5e27a03dbb573a185b13de1aeea2b,2026-01-07T11:34:26.827061,"[""coords"", ""features""]","{""coords"": {""dtype"": ""int64"", ""has_inf"": false, ""has_nan"": false, ""shape"": [2750, 2], ""summary_hash"": ""a8cd00be8176d3ccf1c3df741be4c58089b59fcf20d38fc85a4efd70cbaa8672""}, ""features"": {""dtype"": ""float32"", ""has_inf"": false, ""has_nan"": false, ""shape"": [2750, 512], ""summary_hash"": ""0e9eb492d38fb4d97f2fbff5cb39edd8e6e38dfc70c7d24378ef45feeb9e6eaf""}}",features,"[2750, 512]",float32,False,False,0e9eb492d38fb4d97f2fbff5cb39edd8e6e38dfc70c7d24378ef45feeb9e6eaf,"[2750, 2]",a8cd00be8176d3ccf1c3df741be4c58089b59fcf20d38fc85a4efd70cbaa8672
25024433B2.h5,features_biomedclip_20x/25024433B2.h5,4454979,608490cfc32efbe7e73893eebad2edf9a8ce1860db95af1ad3216057c39576b6,2026-01-07T11:34:15.961099,"[""coords"", ""features""]","{""coords"": {""dtype"": ""int64"", ""has_inf"": false, ""has_nan"": false, ""shape"": [2336, 2], ""summary_hash"": ""5dfc1fd854691c889377692ad8bc7d3de2c9bb521ac1c608e38e5b5532940b25""}, ""features"": {""dtype"": ""float32"", ""has_inf"": false, ""has_nan"": false, ""shape"": [2336, 512], ""summary_hash"": ""91f86adecb3356c525f9c26fdcc6a97e495c327ee2ec3862da8d2d3fe59d4bc3""}}",features,"[2336, 512]",float32,False,False,91f86adecb3356c525f9c26fdcc6a97e495c327ee2ec3862da8d2d3fe59d4bc3,"[2336, 2]",5dfc1fd854691c889377692ad8bc7d3de2c9bb521ac1c608e38e5b5532940b25
25024688B2.h5,features_biomedclip_20x/25024688B2.h5,4709234,18a3a17aedfdfaad45e5d204ff42b8cc9ddac4e28a2b489c23167d4c90a8c87b,2026-01-07T11:34:30.064049,"[""coords"", ""features""]","{""coords"": {""dtype"": ""int64"", ""has_inf"": false, ""has_nan"": false, ""shape"": [2465, 2], ""summary_hash"": ""cc51c0d1fad7720d42b27279cd6f90f38a03847422997504d8b145fd2aa46293""}, ""features"": {""dtype"": ""float32"", ""has_inf"": false, ""has_nan"": false, ""shape"": [2465, 512], ""summary_hash"": ""662e57155314d8c1ddaae801c400380cea0b703e4114b05a4a4fea1b980f6b65""}}",features,"[2465, 512]",float32,False,False,662e57155314d8c1ddaae801c400380cea0b703e4114b05a4a4fea1b980f6b65,"[2465, 2]",cc51c0d1fad7720d42b27279cd6f90f38a03847422997504d8b145fd2aa46293
25024695B2.h5,features_biomedclip_20x/25024695B2.h5,3325742,c72eddb8fcca4a3422644ef0fd327d84916275d9d629c22a0d6047c32bccfd76,2026-01-07T11:34:24.457069,"[""coords"", ""features""]","{""coords"": {""dtype"": ""int64"", ""has_inf"": false, ""has_nan"": false, ""shape"": [1743, 2], ""summary_hash"": ""5e383b4851f7da4d7cd45cabce77a933bef46131a086fee4cb4d621d5a9104ec""}, ""features"": {""dtype"": ""float32"", ""has_inf"": false, ""has_nan"": false, ""shape"": [1743, 512], ""summary_hash"": ""6f257215a843aa102ff562fa01801ed8598978785f821919c09ad6faccf43db9""}}",features,"[1743, 512]",float32,False,False,6f257215a843aa102ff562fa01801ed8598978785f821919c09ad6faccf43db9,"[1743, 2]",5e383b4851f7da4d7cd45cabce77a933bef46131a086fee4cb4d621d5a9104ec
25024698B4.h5,features_biomedclip_20x/25024698B4.h5,8712816,9329059cbf597e0d3aa1d0bdcda16489562f2d95a5107d113a99f84eccaef234,2026-01-07T11:34:21.122081,"[""coords"", ""features""]","{""coords"": {""dtype"": ""int64"", ""has_inf"": false, ""has_nan"": false, ""shape"": [4574, 2], ""summary_hash"": ""7a252a0c8bde75599909086e0131f559d4815ce149e4f0890facd96e2662ed50""}, ""features"": {""dtype"": ""float32"", ""has_inf"": false, ""has_nan"": false, ""shape"": [4574, 512], ""summary_hash"": ""60e62e7f5c3c1ee33fb742f37a3f5246c2ee21da32faa672b71ff8d91288e708""}}",features,"[4574, 512]",float32,False,False,60e62e7f5c3c1ee33fb742f37a3f5246c2ee21da32faa672b71ff8d91288e708,"[4574, 2]",7a252a0c8bde75599909086e0131f559d4815ce149e4f0890facd96e2662ed50
25024709B2.h5,features_biomedclip_20x/25024709B2.h5,6833795,3edc3ab8ed7eef82c6e996a34102c7c14d77aaad82c9f855076ac5164569f2fe,2026-01-07T11:34:38.695018,"[""coords"", ""features""]","{""coords"": {""dtype"": ""int64"", ""has_inf"": false, ""has_nan"": false, ""shape"": [3587, 2], ""summary_hash"": ""71cafe67bda51f11801b82b99a7368ec845f80dbe9a958db910e9dc8372b304f""}, ""features"": {""dtype"": ""float32"", ""has_inf"": false, ""has_nan"": false, ""shape"": [3587, 512], ""summary_hash"": ""c1b3c3615e21944ed95fe1ddcec982660e761079ae35175094f62747c5b6e521""}}",features,"[3587, 512]",float32,False,False,c1b3c3615e21944ed95fe1ddcec982660e761079ae35175094f62747c5b6e521,"[3587, 2]",71cafe67bda51f11801b82b99a7368ec845f80dbe9a958db910e9dc8372b304f
25024732B2.h5,features_biomedclip_20x/25024732B2.h5,5208427,7d72ee2bb32a9e3ea7b3b30cf1e05dd6797dbb5ad7817c662875162fece93762,2026-01-07T11:34:47.623987,"[""coords"", ""features""]","{""coords"": {""dtype"": ""int64"", ""has_inf"": false, ""has_nan"": false, ""shape"": [2729, 2], ""summary_hash"": ""31ce7a7decc2d10d885ccfcd24d2672e18496c441ccab70b720e7826db30f557""}, ""features"": {""dtype"": ""float32"", ""has_inf"": false, ""has_nan"": false, ""shape"": [2729, 512], ""summary_hash"": ""c4525dbbd36eb0f0280a2684ae8fcb7ab8557f64ff89db6bfb57aa0d94549d8c""}}",features,"[2729, 512]",float32,False,False,c4525dbbd36eb0f0280a2684ae8fcb7ab8557f64ff89db6bfb57aa0d94549d8c,"[2729, 2]",31ce7a7decc2d10d885ccfcd24d2672e18496c441ccab70b720e7826db30f557
25024765B2.h5,features_biomedclip_20x/25024765B2.h5,10616912,ad2af11d9199f422c1034fcb43a9c60f269c095a0fe8b461264d3ccd08630d8b,2026-01-07T11:34:42.142006,"[""coords"", ""features""]","{""coords"": {""dtype"": ""int64"", ""has_inf"": false, ""has_nan"": false, ""shape"": [5583, 2], ""summary_hash"": ""8d81ec93206e846879a8360bd567169ae69c7137d680b354ae3436e9f93ec415""}, ""features"": {""dtype"": ""float32"", ""has_inf"": false, ""has_nan"": false, ""shape"": [5583, 512], ""summary_hash"": ""1a2b6eb90ccd30d7b6b1da884f84a8a4d09f49e176e5ec16159041fc54d0557c""}}",features,"[5583, 512]",float32,False,False,1a2b6eb90ccd30d7b6b1da884f84a8a4d09f49e176e5ec16159041fc54d0557c,"[5583, 2]",8d81ec93206e846879a8360bd567169ae69c7137d680b354ae3436e9f93ec415
25024855B3.h5,features_biomedclip_20x/25024855B3.h5,3364497,01903c58e2700239eea678ceed2b2585c70feae20e8e886d8d9d80baa76f4f03,2026-01-07T11:34:57.916950,"[""coords"", ""features""]","{""coords"": {""dtype"": ""int64"", ""has_inf"": false, ""has_nan"": false, ""shape"": [1763, 2], ""summary_hash"": ""111a013b5b6af0001fbb0003111b9962ee61dc4e0673edc6a16dc7a2c36c26a1""}, ""features"": {""dtype"": ""float32"", ""has_inf"": false, ""has_nan"": false, ""shape"": [1763, 512], ""summary_hash"": ""02916d2fe699de00396b8fbb6bcb2f17dd7ebe31f20d8d86dd4515ab6cbeeef0""}}",features,"[1763, 512]",float32,False,False,02916d2fe699de00396b8fbb6bcb2f17dd7ebe31f20d8d86dd4515ab6cbeeef0,"[1763, 2]",111a013b5b6af0001fbb0003111b9962ee61dc4e0673edc6a16dc7a2c36c26a1
25024855B4.h5,features_biomedclip_20x/25024855B4.h5,3558742,9dc8689d0ff38d71db3248c10cef2bc8eb539fdfbb310fcdc537c64c23164b69,2026-01-07T11:34:42.452005,"[""coords"", ""features""]","{""coords"": {""dtype"": ""int64"", ""has_inf"": false, ""has_nan"": false, ""shape"": [1867, 2], ""summary_hash"": ""492508da1910980ccaeb5a01f1cf1a3dbe3791f1c5c0f4ba68badc8639c9eedc""}, ""features"": {""dtype"": ""float32"", ""has_inf"": false, ""has_nan"": false, ""shape"": [1867, 512], ""summary_hash"": ""bae9ad2ab3588ea538d4e0618b07dd83065328550389ac0d242b4e1020698123""}}",features,"[1867, 512]",float32,False,False,bae9ad2ab3588ea538d4e0618b07dd83065328550389ac0d242b4e1020698123,"[1867, 2]",492508da1910980ccaeb5a01f1cf1a3dbe3791f1c5c0f4ba68badc8639c9eedc
25024875B2.h5,features_biomedclip_20x/25024875B2.h5,2103847,c36d7373b51fd57e38476c89d9bc00236c6a25c5f8cb5bbd792f8b0bd814befb,2026-01-07T11:34:43.975000,"[""coords"", ""features""]","{""coords"": {""dtype"": ""int64"", ""has_inf"": false, ""has_nan"": false, ""shape"": [1097, 2], ""summary_hash"": ""0c6c7841593f3937c5996956e50168e89e38ec5d30d933ee57e1c7515c589c1b""}, ""features"": {""dtype"": ""float32"", ""has_inf"": false, ""has_nan"": false, ""shape"": [1097, 512], ""summary_hash"": ""12428e8b44810309cd153f45d78615e394249cd9102142ee3b0931f07e8c2925""}}",features,"[1097, 512]",float32,False,False,12428e8b44810309cd153f45d78615e394249cd9102142ee3b0931f07e8c2925,"[1097, 2]",0c6c7841593f3937c5996956e50168e89e38ec5d30d933ee57e1c7515c589c1b
25024878B3.h5,features_biomedclip_20x/25024878B3.h5,8924365,7032d618e14335f30a88b7db444d19ccb02b793ff4c11a5b5b8814bd6f2f039c,2026-01-07T11:34:57.109953,"[""coords"", ""features""]","{""coords"": {""dtype"": ""int64"", ""has_inf"": false, ""has_nan"": false, ""shape"": [4685, 2], ""summary_hash"": ""114aefdb28ffcbddb8b1fd5453fa574aec56fc5f2bb5fce3ae22e9562db6023f""}, ""features"": {""dtype"": ""float32"", ""has_inf"": false, ""has_nan"": false, ""shape"": [4685, 512], ""summary_hash"": ""7d2e8efe473d8cce19d0f4002ff30b5f47db212434821d8d64d1ee00722a8b58""}}",features,"[4685, 512]",float32,False,False,7d2e8efe473d8cce19d0f4002ff30b5f47db212434821d8d64d1ee00722a8b58,"[4685, 2]",114aefdb28ffcbddb8b1fd5453fa574aec56fc5f2bb5fce3ae22e9562db6023f
25024982B1.h5,features_biomedclip_20x/25024982B1.h5,4731767,fa55134f885fb2f5e6c269f6e2f0ccf1ed817a38565c490b019d0f5a97755028,2026-01-07T11:34:50.282977,"[""coords"", ""features""]","{""coords"": {""dtype"": ""int64"", ""has_inf"": false, ""has_nan"": false, ""shape"": [2477, 2], ""summary_hash"": ""e5183ebece15c0c2d0f8a14dc5099075b93157de611df11f4eb7998e97e72a20""}, ""features"": {""dtype"": ""float32"", ""has_inf"": false, ""has_nan"": false, ""shape"": [2477, 512], ""summary_hash"": ""75084e9e753f5d1958270e1b169f8ce6ec7e1683d12a3eb3e38402fd03d4b358""}}",features,"[2477, 512]",float32,False,False,75084e9e753f5d1958270e1b169f8ce6ec7e1683d12a3eb3e38402fd03d4b358,"[2477, 2]",e5183ebece15c0c2d0f8a14dc5099075b93157de611df11f4eb7998e97e72a20
25024982B2.h5,features_biomedclip_20x/25024982B2.h5,7275402,8a1334e7ed644ba268031445430e9aef5039d4c43890fd2cc4f3c35094f4a971,2026-01-07T11:34:44.016000,"[""coords"", ""features""]","{""coords"": {""dtype"": ""int64"", ""has_inf"": false, ""has_nan"": false, ""shape"": [3821, 2], ""summary_hash"": ""26981a78627f3dcf4c87ca4e53a23f9a864222c046f8458b767ed593409540e3""}, ""features"": {""dtype"": ""float32"", ""has_inf"": false, ""has_nan"": false, ""shape"": [3821, 512], ""summary_hash"": ""eaed1aba85d7c3bb2219bacae7f3d29a5a726ed041f5621cccc1862ad3a68a63""}}",features,"[3821, 512]",float32,False,False,eaed1aba85d7c3bb2219bacae7f3d29a5a726ed041f5621cccc1862ad3a68a63,"[3821, 2]",26981a78627f3dcf4c87ca4e53a23f9a864222c046f8458b767ed593409540e3
25024983B2.h5,features_biomedclip_20x/25024983B2.h5,8113813,90f7c12088b3c8d90fe60b5e588b36aa0628bba5eb3bfeff939af4dcf4814c32,2026-01-07T11:35:02.955932,"[""coords"", ""features""]","{""coords"": {""dtype"": ""int64"", ""has_inf"": false, ""has_nan"": false, ""shape"": [4255, 2], ""summary_hash"": ""980749eca0ccf9370776f36808cb192c0f4d78ee4e73f04bc52a06f372654be6""}, ""features"": {""dtype"": ""float32"", ""has_inf"": false, ""has_nan"": false, ""shape"": [4255, 512], ""summary_hash"": ""a2b83a3fac23447dbc80a6274a6b6ecd8e3d17f2ff581fe9c029da7078cb1c75""}}",features,"[4255, 512]",float32,False,False,a2b83a3fac23447dbc80a6274a6b6ecd8e3d17f2ff581fe9c029da7078cb1c75,"[4255, 2]",980749eca0ccf9370776f36808cb192c0f4d78ee4e73f04bc52a06f372654be6
25025076B.h5,features_biomedclip_20x/25025076B.h5,7521604,fe5c4c7a9a35d9778ebfbc88830b1787658d6910f490b8f87da08f5f16362078,2026-01-07T11:34:41.578008,"[""coords"", ""features""]","{""coords"": {""dtype"": ""int64"", ""has_inf"": false, ""has_nan"": false, ""shape"": [3951, 2], ""summary_hash"": ""cb517a03a5d7634d7d065efd6f2b1f3e6a3d0f2c9dd94c6049ab880f708cf1fe""}, ""features"": {""dtype"": ""float32"", ""has_inf"": false, ""has_nan"": false, ""shape"": [3951, 512], ""summary_hash"": ""3a905434008b7aa205e4f0dbf79063161cbee9ebb4430ec60fff8553705c7537""}}",features,"[3951, 512]",float32,False,False,3a905434008b7aa205e4f0dbf79063161cbee9ebb4430ec60fff8553705c7537,"[3951, 2]",cb517a03a5d7634d7d065efd6f2b1f3e6a3d0f2c9dd94c6049ab880f708cf1fe
25025083B2.h5,features_biomedclip_20x/25025083B2.h5,6258596,2f2dcaaeaebcd2c2122a001a39da0c04627703307ac632be770aec2c033aa0a6,2026-01-07T11:34:55.362959,"[""coords"", ""features""]","{""coords"": {""dtype"": ""int64"", ""has_inf"": false, ""has_nan"": false, ""shape"": [3283, 2], ""summary_hash"": ""48f23b18d5c65a7a077a3bc53921c6fd541621b82ae3c4e3bf6dcb8ea1988e93""}, ""features"": {""dtype"": ""float32"", ""has_inf"": false, ""has_nan"": false, ""shape"": [3283, 512], ""summary_hash"": ""d179ffc8009dc323adc31b4596ffeed4b76066e2fbb914546db45a17a39b4f3f""}}",features,"[3283, 512]",float32,False,False,d179ffc8009dc323adc31b4596ffeed4b76066e2fbb914546db45a17a39b4f3f,"[3283, 2]",48f23b18d5c65a7a077a3bc53921c6fd541621b82ae3c4e3bf6dcb8ea1988e93
25025087B.h5,features_biomedclip_20x/25025087B.h5,4207166,8fef50b8a8973d8fa75b827c969fa7fa79444f5d2e5076caa369c7f01ce3886a,2026-01-07T11:34:52.793968,"[""coords"", ""features""]","{""coords"": {""dtype"": ""int64"", ""has_inf"": false, ""has_nan"": false, ""shape"": [2204, 2], ""summary_hash"": ""8e45114830f4d0ca2670d555dd7a23bfb2533fc132f6448857d9969dada4f6e9""}, ""features"": {""dtype"": ""float32"", ""has_inf"": false, ""has_nan"": false, ""shape"": [2204, 512], ""summary_hash"": ""8ac2dd4e959ca2f6e9c48b1e442b39bdf389d23f3167ba8030ee3ca2f05bb559""}}",features,"[2204, 512]",float32,False,False,8ac2dd4e959ca2f6e9c48b1e442b39bdf389d23f3167ba8030ee3ca2f05bb559,"[2204, 2]",8e45114830f4d0ca2670d555dd7a23bfb2533fc132f6448857d9969dada4f6e9
25025096B2.h5,features_biomedclip_20x/25025096B2.h5,9270100,49892ae910fd18306cbcda450106a95c0f4119bc208bbc7094134f92ac07b50d,2026-01-07T11:34:47.492987,"[""coords"", ""features""]","{""coords"": {""dtype"": ""int64"", ""has_inf"": false, ""has_nan"": false, ""shape"": [4868, 2], ""summary_hash"": ""3282afe86afe061340191c1746ff4332175378c186bb11e84ab328aaa2297b9a""}, ""features"": {""dtype"": ""float32"", ""has_inf"": false, ""has_nan"": false, ""shape"": [4868, 512], ""summary_hash"": ""4965573beee9614d4a87be636e756be5e22292f38d966ce382fea4cc0848c661""}}",features,"[4868, 512]",float32,False,False,4965573beee9614d4a87be636e756be5e22292f38d966ce382fea4cc0848c661,"[4868, 2]",3282afe86afe061340191c1746ff4332175378c186bb11e84ab328aaa2297b9a
25025097B.h5,features_biomedclip_20x/25025097B.h5,7204055,9db4f51b774831541d022f8de804f242cccb23ff9e5c840aede16c370c28cd56,2026-01-07T11:35:00.263941,"[""coords"", ""features""]","{""coords"": {""dtype"": ""int64"", ""has_inf"": false, ""has_nan"": false, ""shape"": [3783, 2], ""summary_hash"": ""c813d2bbef0c9508fc417a34c6d710ecb58ebd7cf8670b4c83fea659a811a957""}, ""features"": {""dtype"": ""float32"", ""has_inf"": false, ""has_nan"": false, ""shape"": [3783, 512], ""summary_hash"": ""116c93e791fe03010aa19e8b501c4df9efc410e0b75bde28f24d27761392d622""}}",features,"[3783, 512]",float32,False,False,116c93e791fe03010aa19e8b501c4df9efc410e0b75bde28f24d27761392d622,"[3783, 2]",c813d2bbef0c9508fc417a34c6d710ecb58ebd7cf8670b4c83fea659a811a957
25025102B2.h5,features_biomedclip_20x/25025102B2.h5,10990700,0e557c89084bff86f1515a21e41b459284c2d6cbdbd4d9f7f182339fe0a0f913,2026-01-07T11:35:05.663922,"[""coords"", ""features""]","{""coords"": {""dtype"": ""int64"", ""has_inf"": false, ""has_nan"": false, ""shape"": [5777, 2], ""summary_hash"": ""56dbbd93632dcb1cd9e78493458e7c78e72f3683def3d864b0fbc8e6e67822cd""}, ""features"": {""dtype"": ""float32"", ""has_inf"": false, ""has_nan"": false, ""shape"": [5777, 512], ""summary_hash"": ""f8ccf80f4c5b8b97035a6340379eb3eb671875bd86203bfada4598e3a3e6bcaf""}}",features,"[5777, 512]",float32,False,False,f8ccf80f4c5b8b97035a6340379eb3eb671875bd86203bfada4598e3a3e6bcaf,"[5777, 2]",56dbbd93632dcb1cd9e78493458e7c78e72f3683def3d864b0fbc8e6e67822cd
25025109B2.h5,features_biomedclip_20x/25025109B2.h5,10033376,ef9996209f54bfb6d1b0fbda504767f60211ab3fb2a308589de84960b82f6906,2026-01-07T11:34:41.878007,"[""coords"", ""features""]","{""coords"": {""dtype"": ""int64"", ""has_inf"": false, ""has_nan"": false, ""shape"": [5272, 2], ""summary_hash"": ""be0870a8ef65a7cb10743959d4fdc82a34273bc70f65f20b6623d5c35386525c""}, ""features"": {""dtype"": ""float32"", ""has_inf"": false, ""has_nan"": false, ""shape"": [5272, 512], ""summary_hash"": ""e1a1d98157c9eaceec8f8b48df68240a8171cd7c10814a39bd4825238988a3ea""}}",features,"[5272, 512]",float32,False,False,e1a1d98157c9eaceec8f8b48df68240a8171cd7c10814a39bd4825238988a3ea,"[5272, 2]",be0870a8ef65a7cb10743959d4fdc82a34273bc70f65f20b6623d5c35386525c
25025240B.h5,features_biomedclip_20x/25025240B.h5,4029276,1e63ffc9a519565d3db9a9db3baa225d1eacc730a695b2eaeaeefb4a88b46081,2026-01-07T11:34:53.999964,"[""coords"", ""features""]","{""coords"": {""dtype"": ""int64"", ""has_inf"": false, ""has_nan"": false, ""shape"": [2110, 2], ""summary_hash"": ""b5b73cdccd4ea8bfc5cf6d2ab672654fd25a5108574d88a47fd33f2f834ec76d""}, ""features"": {""dtype"": ""float32"", ""has_inf"": false, ""has_nan"": false, ""shape"": [2110, 512], ""summary_hash"": ""cce8496ba032f333a76548f08152d18513ab41c2585855e8fb4d3fe2762e2ad2""}}",features,"[2110, 512]",float32,False,False,cce8496ba032f333a76548f08152d18513ab41c2585855e8fb4d3fe2762e2ad2,"[2110, 2]",b5b73cdccd4ea8bfc5cf6d2ab672654fd25a5108574d88a47fd33f2f834ec76d
25025245B2.h5,features_biomedclip_20x/25025245B2.h5,6850335,875fb7ed0f3af7ba90d4dca9de16743973e3279b20b35fcc9bac766670b5add0,2026-01-07T11:34:25.027067,"[""coords"", ""features""]","{""coords"": {""dtype"": ""int64"", ""has_inf"": false, ""has_nan"": false, ""shape"": [3596, 2], ""summary_hash"": ""001b7596d4a89eafa109e7dbd59e7d7f277a9c2aa1d943ec67182716e8405109""}, ""features"": {""dtype"": ""float32"", ""has_inf"": false, ""has_nan"": false, ""shape"": [3596, 512], ""summary_hash"": ""ec5373b2de27360017d8ffab4765c5aa8659c452fb119f1dfdf05b58f8cbdc1e""}}",features,"[3596, 512]",float32,False,False,ec5373b2de27360017d8ffab4765c5aa8659c452fb119f1dfdf05b58f8cbdc1e,"[3596, 2]",001b7596d4a89eafa109e7dbd59e7d7f277a9c2aa1d943ec67182716e8405109
25025251B.h5,features_biomedclip_20x/25025251B.h5,5608349,05742bb7b7b64c0bc73add4ff4aa9e20fb4693ebb9a50d6cadc6dc7a45a4946b,2026-01-07T11:35:07.525916,"[""coords"", ""features""]","{""coords"": {""dtype"": ""int64"", ""has_inf"": false, ""has_nan"": false, ""shape"": [2941, 2], ""summary_hash"": ""2e11c1d9b43704208705ce2ae113a8d41f6e2dc22686140195929beb16eba86a""}, ""features"": {""dtype"": ""float32"", ""has_inf"": false, ""has_nan"": false, ""shape"": [2941, 512], ""summary_hash"": ""fc15f81426fdd8290abaf5a825703cdca7c67b1ca182e18c5024265261a5f229""}}",features,"[2941, 512]",float32,False,False,fc15f81426fdd8290abaf5a825703cdca7c67b1ca182e18c5024265261a5f229,"[2941, 2]",2e11c1d9b43704208705ce2ae113a8d41f6e2dc22686140195929beb16eba86a
25025262B2.h5,features_biomedclip_20x/25025262B2.h5,5539097,1dee68208932f1dbedb34d85e3ef97192827969319fe70db369e02b08d376adf,2026-01-07T11:34:54.720961,"[""coords"", ""features""]","{""coords"": {""dtype"": ""int64"", ""has_inf"": false, ""has_nan"": false, ""shape"": [2904, 2], ""summary_hash"": ""2a9e73010e542217a78ccd0b7837919170bb4459259ab78a7e98da1b8b265d32""}, ""features"": {""dtype"": ""float32"", ""has_inf"": false, ""has_nan"": false, ""shape"": [2904, 512], ""summary_hash"": ""60807e3d7108df25b08cc481d21900b6ebab7235e0889febed01cf81118abc2e""}}",features,"[2904, 512]",float32,False,False,60807e3d7108df25b08cc481d21900b6ebab7235e0889febed01cf81118abc2e,"[2904, 2]",2a9e73010e542217a78ccd0b7837919170bb4459259ab78a7e98da1b8b265d32
25025291B.h5,features_biomedclip_20x/25025291B.h5,6531378,e0867a1dbdbf031f28fad1149c52393b4127cf3df14b203e0015b3b01e8566f3,2026-01-07T11:34:54.318963,"[""coords"", ""features""]","{""coords"": {""dtype"": ""int64"", ""has_inf"": false, ""has_nan"": false, ""shape"": [3428, 2], ""summary_hash"": ""666b61696bf864b594bd0e199314151bdc1423f32a34313bf719fb82d384fdb9""}, ""features"": {""dtype"": ""float32"", ""has_inf"": false, ""has_nan"": false, ""shape"": [3428, 512], ""summary_hash"": ""7f436b4d6b6e961727185b5edcf4e27a791bdf89a5ba65c2a927e0c88364b8d9""}}",features,"[3428, 512]",float32,False,False,7f436b4d6b6e961727185b5edcf4e27a791bdf89a5ba65c2a927e0c88364b8d9,"[3428, 2]",666b61696bf864b594bd0e199314151bdc1423f32a34313bf719fb82d384fdb9
25025293B2.h5,features_biomedclip_20x/25025293B2.h5,5076009,4e237898be5432154c2697df83e09d25623f7c152b1ced360015ace784196851,2026-01-07T11:34:56.464955,"[""coords"", ""features""]","{""coords"": {""dtype"": ""int64"", ""has_inf"": false, ""has_nan"": false, ""shape"": [2659, 2], ""summary_hash"": ""5a0ff69aa627fc5179aa65b80b9a185876596282c8edbee012665851edc6eefe""}, ""features"": {""dtype"": ""float32"", ""has_inf"": false, ""has_nan"": false, ""shape"": [2659, 512], ""summary_hash"": ""ea40a8b04cb2acd27a0d26243a4ebf165d289ec0e128d163cc6b6da34dc4b444""}}",features,"[2659, 512]",float32,False,False,ea40a8b04cb2acd27a0d26243a4ebf165d289ec0e128d163cc6b6da34dc4b444,"[2659, 2]",5a0ff69aa627fc5179aa65b80b9a185876596282c8edbee012665851edc6eefe
25025297B.h5,features_biomedclip_20x/25025297B.h5,8858700,e818263ca87002496125fc8e45d9fdbfb797509096a96e9e5e0905290969cc19,2026-01-07T11:34:45.762993,"[""coords"", ""features""]","{""coords"": {""dtype"": ""int64"", ""has_inf"": false, ""has_nan"": false, ""shape"": [4651, 2], ""summary_hash"": ""42a346d3573074a5b95b801ade8e3a5ad07eb51fc29d13d8222c3a01289c13e0""}, ""features"": {""dtype"": ""float32"", ""has_inf"": false, ""has_nan"": false, ""shape"": [4651, 512], ""summary_hash"": ""7de2665680b7621fa5031259217c660f73c37724d6bc1cc145762614d956b1f7""}}",features,"[4651, 512]",float32,False,False,7de2665680b7621fa5031259217c660f73c37724d6bc1cc145762614d956b1f7,"[4651, 2]",42a346d3573074a5b95b801ade8e3a5ad07eb51fc29d13d8222c3a01289c13e0
25025298B2.h5,features_biomedclip_20x/25025298B2.h5,10890702,ee205a384b6c8df2f854f2fb6ec699b87bbd5c9b7c411c1066ec753d156c17d9,2026-01-07T11:34:28.898053,"[""coords"", ""features""]","{""coords"": {""dtype"": ""int64"", ""has_inf"": false, ""has_nan"": false, ""shape"": [5726, 2], ""summary_hash"": ""62add2e0acdf12bc7c8d8a943e57d3ab39e4a122777bde501de95d119aa6e2b9""}, ""features"": {""dtype"": ""float32"", ""has_inf"": false, ""has_nan"": false, ""shape"": [5726, 512], ""summary_hash"": ""5815711421f5386f66c04cc8ca92efc09da9bdf06174e4530f78f0951ff43447""}}",features,"[5726, 512]",float32,False,False,5815711421f5386f66c04cc8ca92efc09da9bdf06174e4530f78f0951ff43447,"[5726, 2]",62add2e0acdf12bc7c8d8a943e57d3ab39e4a122777bde501de95d119aa6e2b9
25025506B.h5,features_biomedclip_20x/25025506B.h5,5808958,77d0aae8a64a0dd2579fbf189adc66a21de912e4e278fc4994b53e588001d8b5,2026-01-07T11:34:35.152031,"[""coords"", ""features""]","{""coords"": {""dtype"": ""int64"", ""has_inf"": false, ""has_nan"": false, ""shape"": [3046, 2], ""summary_hash"": ""e6e5611e35616fc2c7882adc678b0f6a6705db6bae109b3699bfe4d89a9aa640""}, ""features"": {""dtype"": ""float32"", ""has_inf"": false, ""has_nan"": false, ""shape"": [3046, 512], ""summary_hash"": ""c8908b904c9d0638434e6abb498aa58284e5d2edfb8632cce21e9e2057be4a5e""}}",features,"[3046, 512]",float32,False,False,c8908b904c9d0638434e6abb498aa58284e5d2edfb8632cce21e9e2057be4a5e,"[3046, 2]",e6e5611e35616fc2c7882adc678b0f6a6705db6bae109b3699bfe4d89a9aa640
25025509B2.h5,features_biomedclip_20x/25025509B2.h5,6559305,939766e25dfae9d040b5bde6974a64ea8b901a08d6fb4498285ee092364385a2,2026-01-07T11:34:24.087071,"[""coords"", ""features""]","{""coords"": {""dtype"": ""int64"", ""has_inf"": false, ""has_nan"": false, ""shape"": [3442, 2], ""summary_hash"": ""c91c3a8d2382e0323bb9fb286fd7bdc753a803f861769440f5f5c1745b47cf11""}, ""features"": {""dtype"": ""float32"", ""has_inf"": false, ""has_nan"": false, ""shape"": [3442, 512], ""summary_hash"": ""a95ad41b959d957bb4faef95b7b6bc033fbd50a00e490a9b1d68a02517132234""}}",features,"[3442, 512]",float32,False,False,a95ad41b959d957bb4faef95b7b6bc033fbd50a00e490a9b1d68a02517132234,"[3442, 2]",c91c3a8d2382e0323bb9fb286fd7bdc753a803f861769440f5f5c1745b47cf11
25025510B1.h5,features_biomedclip_20x/25025510B1.h5,9636581,b9e88fd56a2633ed1cf5e6dea77f8e533159945ff498398e7ba1b428c8362d65,2026-01-07T11:34:41.031010,"[""coords"", ""features""]","{""coords"": {""dtype"": ""int64"", ""has_inf"": false, ""has_nan"": false, ""shape"": [5062, 2], ""summary_hash"": ""d307bcc8e3e60adb1ab36abc0873e7723461a9266afe4f2faff541c46e28cc72""}, ""features"": {""dtype"": ""float32"", ""has_inf"": false, ""has_nan"": false, ""shape"": [5062, 512], ""summary_hash"": ""d998a43daee026842e860b735e9fcbaf6dd1570d9f467d0cada60eadef8c1d22""}}",features,"[5062, 512]",float32,False,False,d998a43daee026842e860b735e9fcbaf6dd1570d9f467d0cada60eadef8c1d22,"[5062, 2]",d307bcc8e3e60adb1ab36abc0873e7723461a9266afe4f2faff541c46e28cc72
25025510B3.h5,features_biomedclip_20x/25025510B3.h5,9217384,488b1ea3e5c1ba74d8ad427d5b17384cfafecac64fc8e0446939e4690073cfc8,2026-01-07T11:34:29.363052,"[""coords"", ""features""]","{""coords"": {""dtype"": ""int64"", ""has_inf"": false, ""has_nan"": false, ""shape"": [4841, 2], ""summary_hash"": ""b6b03215f68ccacf2607245a6a8184b6708a3f1411227c74ec547332cdc84ef3""}, ""features"": {""dtype"": ""float32"", ""has_inf"": false, ""has_nan"": false, ""shape"": [4841, 512], ""summary_hash"": ""63244086724242862652e0c0f5dfd853f144bdb561557ca5af96024a25d6af6e""}}",features,"[4841, 512]",float32,False,False,63244086724242862652e0c0f5dfd853f144bdb561557ca5af96024a25d6af6e,"[4841, 2]",b6b03215f68ccacf2607245a6a8184b6708a3f1411227c74ec547332cdc84ef3
25025567B3.h5,features_biomedclip_20x/25025567B3.h5,7982186,2fa2578c418e24e807c860f14d944c0e1137479c8bbe7f0704b2c5b771b2eac4,2026-01-07T11:34:20.463083,"[""coords"", ""features""]","{""coords"": {""dtype"": ""int64"", ""has_inf"": false, ""has_nan"": false, ""shape"": [4188, 2], ""summary_hash"": ""a8a4e8f30010f0ebd9e10d24f45b104f939f6ea4fe6e3afcd299c311118e6697""}, ""features"": {""dtype"": ""float32"", ""has_inf"": false, ""has_nan"": false, ""shape"": [4188, 512], ""summary_hash"": ""739b9d096011e4b63a62837ad35b6b86341b485a3e5a94b44e6a8c2fc12e6d65""}}",features,"[4188, 512]",float32,False,False,739b9d096011e4b63a62837ad35b6b86341b485a3e5a94b44e6a8c2fc12e6d65,"[4188, 2]",a8a4e8f30010f0ebd9e10d24f45b104f939f6ea4fe6e3afcd299c311118e6697
25025567B4.h5,features_biomedclip_20x/25025567B4.h5,2680524,b196f3dd803fcf9cbe65c77cb660ca7b59218a3bc0dbec9ec182680688463320,2026-01-07T11:34:29.555051,"[""coords"", ""features""]","{""coords"": {""dtype"": ""int64"", ""has_inf"": false, ""has_nan"": false, ""shape"": [1402, 2], ""summary_hash"": ""1a29c135d866666246dbe6c91f06cf1e2fa4fae157450f20fe5c483f385a4993""}, ""features"": {""dtype"": ""float32"", ""has_inf"": false, ""has_nan"": false, ""shape"": [1402, 512], ""summary_hash"": ""2113b1f6409a6888577ccbd6d1afe4fe10ba748e03c188d4ce312dcae73ed092""}}",features,"[1402, 512]",float32,False,False,2113b1f6409a6888577ccbd6d1afe4fe10ba748e03c188d4ce312dcae73ed092,"[1402, 2]",1a29c135d866666246dbe6c91f06cf1e2fa4fae157450f20fe5c483f385a4993
25025569B.h5,features_biomedclip_20x/25025569B.h5,1202182,47782fb1bc01ae25f0280450660ae92cc75d3bb447a2588252c43d637414ecf8,2026-01-07T11:35:01.174938,"[""coords"", ""features""]","{""coords"": {""dtype"": ""int64"", ""has_inf"": false, ""has_nan"": false, ""shape"": [628, 2], ""summary_hash"": ""e8564ee05f4cb42ec735c34f67c7c637a9ced7f3c77531bb18b151c71b0e197e""}, ""features"": {""dtype"": ""float32"", ""has_inf"": false, ""has_nan"": false, ""shape"": [628, 512], ""summary_hash"": ""ff19c574e908f2b658cff513cffcd4e38c07f4ecdaa47e46f6b3e1b36624e8ac""}}",features,"[628, 512]",float32,False,False,ff19c574e908f2b658cff513cffcd4e38c07f4ecdaa47e46f6b3e1b36624e8ac,"[628, 2]",e8564ee05f4cb42ec735c34f67c7c637a9ced7f3c77531bb18b151c71b0e197e
25025570B2.h5,features_biomedclip_20x/25025570B2.h5,12003665,3721d6b3fb5af281bb339ed48b849bfc8fa98c2346fb26a3d80e33bc566bc9f6,2026-01-07T11:34:45.642994,"[""coords"", ""features""]","{""coords"": {""dtype"": ""int64"", ""has_inf"": false, ""has_nan"": false, ""shape"": [6303, 2], ""summary_hash"": ""b0caff13b681acb15b43415ce43e35b21ee27dc20d209dcf4bb2b66c1da35f79""}, ""features"": {""dtype"": ""float32"", ""has_inf"": false, ""has_nan"": false, ""shape"": [6303, 512], ""summary_hash"": ""b8a43f9eefdfd2a24b3228920ff17552fcd6a1d6add3d42841c2cb28c62c52ab""}}",features,"[6303, 512]",float32,False,False,b8a43f9eefdfd2a24b3228920ff17552fcd6a1d6add3d42841c2cb28c62c52ab,"[6303, 2]",b0caff13b681acb15b43415ce43e35b21ee27dc20d209dcf4bb2b66c1da35f79
25025575B2.h5,features_biomedclip_20x/25025575B2.h5,10986201,6478e6ac49d40bac0e2b179d7a9afa309fc9b9e119ea4ce15de37fb594b31639,2026-01-07T11:35:01.706936,"[""coords"", ""features""]","{""coords"": {""dtype"": ""int64"", ""has_inf"": false, ""has_nan"": false, ""shape"": [5776, 2], ""summary_hash"": ""6c49bec171e6ddfa773c9d8bf43c648c4eb0c6975cde72ee0f21ca53d849c726""}, ""features"": {""dtype"": ""float32"", ""has_inf"": false, ""has_nan"": false, ""shape"": [5776, 512], ""summary_hash"": ""71bdef09ff5879d68bd092be7c5921fee80ec632192c8ee2226a09798dcc3fe6""}}",features,"[5776, 512]",float32,False,False,71bdef09ff5879d68bd092be7c5921fee80ec632192c8ee2226a09798dcc3fe6,"[5776, 2]",6c49bec171e6ddfa773c9d8bf43c648c4eb0c6975cde72ee0f21ca53d849c726
25025602B2.h5,features_biomedclip_20x/25025602B2.h5,14351038,0b21919895d6550d5df0b12a12703a6107817f32727db348feed248b401f5cae,2026-01-07T11:34:29.952050,"[""coords"", ""features""]","{""coords"": {""dtype"": ""int64"", ""has_inf"": false, ""has_nan"": false, ""shape"": [7540, 2], ""summary_hash"": ""7389f644354be68293829e140653a028e0c36edcb18c61f80ecfa41e01ab5678""}, ""features"": {""dtype"": ""float32"", ""has_inf"": false, ""has_nan"": false, ""shape"": [7540, 512], ""summary_hash"": ""6bb3f1808241c04629a22c90828244ae9e8e5b73a65f22f7edcda9e161a56e27""}}",features,"[7540, 512]",float32,False,False,6bb3f1808241c04629a22c90828244ae9e8e5b73a65f22f7edcda9e161a56e27,"[7540, 2]",7389f644354be68293829e140653a028e0c36edcb18c61f80ecfa41e01ab5678
25025616B.h5,features_biomedclip_20x/25025616B.h5,3647461,5f66da1be029188d4d44783e7ff5eba49fa93c1737de7277d5fd8a470c4a31b1,2026-01-07T11:34:35.517030,"[""coords"", ""features""]","{""coords"": {""dtype"": ""int64"", ""has_inf"": false, ""has_nan"": false, ""shape"": [1913, 2], ""summary_hash"": ""92f25788baa26dc921e57a56e9c8607a51674ef1a5759280d9b22797e745e234""}, ""features"": {""dtype"": ""float32"", ""has_inf"": false, ""has_nan"": false, ""shape"": [1913, 512], ""summary_hash"": ""f05b3c1facef366f96fd673a178dcc32d8d7a4411540575bb004ac1518912414""}}",features,"[1913, 512]",float32,False,False,f05b3c1facef366f96fd673a178dcc32d8d7a4411540575bb004ac1518912414,"[1913, 2]",92f25788baa26dc921e57a56e9c8607a51674ef1a5759280d9b22797e745e234
25025675B2.h5,features_biomedclip_20x/25025675B2.h5,8411931,1390233f3c76d38f86c8ebf1791ed2936c2bb288044a1c8fa066df4151ceb02b,2026-01-07T11:34:20.427084,"[""coords"", ""features""]","{""coords"": {""dtype"": ""int64"", ""has_inf"": false, ""has_nan"": false, ""shape"": [4414, 2], ""summary_hash"": ""9509af87b37f727cfd7664976c41718d112c21d24f50d98c2939e48d9e653ad1""}, ""features"": {""dtype"": ""float32"", ""has_inf"": false, ""has_nan"": false, ""shape"": [4414, 512], ""summary_hash"": ""5d10001764b5aa89d8867266d0f23d330a81bbe0d1d6bdc6c0aac81c2623b6b7""}}",features,"[4414, 512]",float32,False,False,5d10001764b5aa89d8867266d0f23d330a81bbe0d1d6bdc6c0aac81c2623b6b7,"[4414, 2]",9509af87b37f727cfd7664976c41718d112c21d24f50d98c2939e48d9e653ad1
25025788B2.h5,features_biomedclip_20x/25025788B2.h5,12712710,8734b58c5a7c9c4c84353b9d1f8a93267ccc93c0ac27bd5b213d0059cc27ddf5,2026-01-07T11:35:05.708922,"[""coords"", ""features""]","{""coords"": {""dtype"": ""int64"", ""has_inf"": false, ""has_nan"": false, ""shape"": [6674, 2], ""summary_hash"": ""30ca45c5010855b88623fe2bc6b630a14c8f1f1fda897653fc2b01d5beee9b15""}, ""features"": {""dtype"": ""float32"", ""has_inf"": false, ""has_nan"": false, ""shape"": [6674, 512], ""summary_hash"": ""fc32945b937c0abddb4497bbe8df9c3f4c699de6588512298a0772236d9ca457""}}",features,"[6674, 512]",float32,False,False,fc32945b937c0abddb4497bbe8df9c3f4c699de6588512298a0772236d9ca457,"[6674, 2]",30ca45c5010855b88623fe2bc6b630a14c8f1f1fda897653fc2b01d5beee9b15
25025951B.h5,features_biomedclip_20x/25025951B.h5,7399495,8b375e76e36ab412eae7c968fcbd90daf701790efd215fac0d58fed3f22ca2f7,2026-01-07T11:34:20.377084,"[""coords"", ""features""]","{""coords"": {""dtype"": ""int64"", ""has_inf"": false, ""has_nan"": false, ""shape"": [3887, 2], ""summary_hash"": ""d5bb1e277de923f47c29bc242af1459d1fba76a73207885aac1d4afdff49e847""}, ""features"": {""dtype"": ""float32"", ""has_inf"": false, ""has_nan"": false, ""shape"": [3887, 512], ""summary_hash"": ""7c5d03ac464428869786cc042072da10f8d220a20972f599d2d7c2d4633d3930""}}",features,"[3887, 512]",float32,False,False,7c5d03ac464428869786cc042072da10f8d220a20972f599d2d7c2d4633d3930,"[3887, 2]",d5bb1e277de923f47c29bc242af1459d1fba76a73207885aac1d4afdff49e847
25025953B2.h5,features_biomedclip_20x/25025953B2.h5,11320396,27612be6ac0d97be992dd821760c608751987f501243066bef30ab23bada7d89,2026-01-07T11:34:48.648983,"[""coords"", ""features""]","{""coords"": {""dtype"": ""int64"", ""has_inf"": false, ""has_nan"": false, ""shape"": [5950, 2], ""summary_hash"": ""435e70febe5f55161b301a734027f338b6ce5b9737ea7ce37c13de0c8d6a23c4""}, ""features"": {""dtype"": ""float32"", ""has_inf"": false, ""has_nan"": false, ""shape"": [5950, 512], ""summary_hash"": ""5f469bd5c08d96ea0a84920dde68cb5198fc83fbe68ba70818aa324d9b530783""}}",features,"[5950, 512]",float32,False,False,5f469bd5c08d96ea0a84920dde68cb5198fc83fbe68ba70818aa324d9b530783,"[5950, 2]",435e70febe5f55161b301a734027f338b6ce5b9737ea7ce37c13de0c8d6a23c4
25025954B3.h5,features_biomedclip_20x/25025954B3.h5,833787,ef341c5a1a08463c4d4a530806b7baac840c1d8de10d3f8b5734d2eec085fb34,2026-01-07T11:34:16.480098,"[""coords"", ""features""]","{""coords"": {""dtype"": ""int64"", ""has_inf"": false, ""has_nan"": false, ""shape"": [435, 2], ""summary_hash"": ""127373bfc08032218f05ae4cc18c782108c25edd81924b146724dd5070351578""}, ""features"": {""dtype"": ""float32"", ""has_inf"": false, ""has_nan"": false, ""shape"": [435, 512], ""summary_hash"": ""665cc4522e3db08c5ccae9beb561e2d197c385f75ef661a4c4b8f480b273c8e4""}}",features,"[435, 512]",float32,False,False,665cc4522e3db08c5ccae9beb561e2d197c385f75ef661a4c4b8f480b273c8e4,"[435, 2]",127373bfc08032218f05ae4cc18c782108c25edd81924b146724dd5070351578
25025960B2.h5,features_biomedclip_20x/25025960B2.h5,5057899,33c19111b2b17db5e8b49690a904356edab60ef7238a23c399e770d7ee150254,2026-01-07T11:34:35.635029,"[""coords"", ""features""]","{""coords"": {""dtype"": ""int64"", ""has_inf"": false, ""has_nan"": false, ""shape"": [2649, 2], ""summary_hash"": ""4cbe59efe8a5aedf8f68cb339c03f8081ee809f978b7144b7ab2433782f91dcb""}, ""features"": {""dtype"": ""float32"", ""has_inf"": false, ""has_nan"": false, ""shape"": [2649, 512], ""summary_hash"": ""e2f8dd333727ccd26e6900d475047cc7b495f4e04d1da2ae8f6ccb537a4dcec9""}}",features,"[2649, 512]",float32,False,False,e2f8dd333727ccd26e6900d475047cc7b495f4e04d1da2ae8f6ccb537a4dcec9,"[2649, 2]",4cbe59efe8a5aedf8f68cb339c03f8081ee809f978b7144b7ab2433782f91dcb
25025975B2.h5,features_biomedclip_20x/25025975B2.h5,4064736,e6623e8d85126c2f016025b03efaf8d456738c4834363b72db5b96de22fbe48d,2026-01-07T11:34:23.850071,"[""coords"", ""features""]","{""coords"": {""dtype"": ""int64"", ""has_inf"": false, ""has_nan"": false, ""shape"": [2129, 2], ""summary_hash"": ""2ac76c791855b43875fd01dc51e1c05dfbe83e3f3875238fb26176ff9227e719""}, ""features"": {""dtype"": ""float32"", ""has_inf"": false, ""has_nan"": false, ""shape"": [2129, 512], ""summary_hash"": ""61eb1f7bbc87827a1a82f4b73938a7d9cdfbbc28e150b6193ebb23766c0bc18d""}}",features,"[2129, 512]",float32,False,False,61eb1f7bbc87827a1a82f4b73938a7d9cdfbbc28e150b6193ebb23766c0bc18d,"[2129, 2]",2ac76c791855b43875fd01dc51e1c05dfbe83e3f3875238fb26176ff9227e719
25026075B2.h5,features_biomedclip_20x/25026075B2.h5,5498797,e5987607e3cb346f458178cfa10d3b695154f6e3b53efe9fb2d08fceaa9595f8,2026-01-07T11:34:58.488948,"[""coords"", ""features""]","{""coords"": {""dtype"": ""int64"", ""has_inf"": false, ""has_nan"": false, ""shape"": [2883, 2], ""summary_hash"": ""e113587b5e86de6fe3a96ece5be1a61cff4d3d7c1b8ad21b4f94615245985a8f""}, ""features"": {""dtype"": ""float32"", ""has_inf"": false, ""has_nan"": false, ""shape"": [2883, 512], ""summary_hash"": ""1a0e6f7431d4c22c195e025918100f829d8b6f8cb0b6db09d5f67217fda27554""}}",features,"[2883, 512]",float32,False,False,1a0e6f7431d4c22c195e025918100f829d8b6f8cb0b6db09d5f67217fda27554,"[2883, 2]",e113587b5e86de6fe3a96ece5be1a61cff4d3d7c1b8ad21b4f94615245985a8f
25026081B2.h5,features_biomedclip_20x/25026081B2.h5,6471390,1f4050305b76927dfaf0cd3f35c0f3016672908aae365e92bdcf2d62a7318047,2026-01-07T11:34:49.175981,"[""coords"", ""features""]","{""coords"": {""dtype"": ""int64"", ""has_inf"": false, ""has_nan"": false, ""shape"": [3397, 2], ""summary_hash"": ""7be4a0739efde6c360e71f7d392769bd955e56d7d6b0f352cfeb9fdc36a5dadb""}, ""features"": {""dtype"": ""float32"", ""has_inf"": false, ""has_nan"": false, ""shape"": [3397, 512], ""summary_hash"": ""ad64d30d5f8d008f8d8403fc919e2cd2febee075870ac3f209d95b49b5d13c82""}}",features,"[3397, 512]",float32,False,False,ad64d30d5f8d008f8d8403fc919e2cd2febee075870ac3f209d95b49b5d13c82,"[3397, 2]",7be4a0739efde6c360e71f7d392769bd955e56d7d6b0f352cfeb9fdc36a5dadb
25026103B2.h5,features_biomedclip_20x/25026103B2.h5,6239298,a71240573dced1c470bf1b8a95e5db6ce67b4c18bfac7ef74cdf3ee2a744d5aa,2026-01-07T11:34:25.487066,"[""coords"", ""features""]","{""coords"": {""dtype"": ""int64"", ""has_inf"": false, ""has_nan"": false, ""shape"": [3274, 2], ""summary_hash"": ""89766f76325f4455d0b0256991a28e5373ac701ee30603000fe691596da41dd6""}, ""features"": {""dtype"": ""float32"", ""has_inf"": false, ""has_nan"": false, ""shape"": [3274, 512], ""summary_hash"": ""0b33b1984e08e822a81584729865928a714002d5cff7e5b9a4015568cb18dc4f""}}",features,"[3274, 512]",float32,False,False,0b33b1984e08e822a81584729865928a714002d5cff7e5b9a4015568cb18dc4f,"[3274, 2]",89766f76325f4455d0b0256991a28e5373ac701ee30603000fe691596da41dd6
25026103B3.h5,features_biomedclip_20x/25026103B3.h5,4883448,63317c51d653e021892e954e8f2b78a6f3199725462f853de5400a77b9ab5e68,2026-01-07T11:34:21.033081,"[""coords"", ""features""]","{""coords"": {""dtype"": ""int64"", ""has_inf"": false, ""has_nan"": false, ""shape"": [2557, 2], ""summary_hash"": ""b8fea8c08cabe382bfb93110a2a2c43c1f2f9b90152cd93b79d92d0268e78515""}, ""features"": {""dtype"": ""float32"", ""has_inf"": false, ""has_nan"": false, ""shape"": [2557, 512], ""summary_hash"": ""cfa52988e2b28473c9668a3b443a7d04e25a5b4213f576767c4008e46d075d41""}}",features,"[2557, 512]",float32,False,False,cfa52988e2b28473c9668a3b443a7d04e25a5b4213f576767c4008e46d075d41,"[2557, 2]",b8fea8c08cabe382bfb93110a2a2c43c1f2f9b90152cd93b79d92d0268e78515
25026144B2.h5,features_biomedclip_20x/25026144B2.h5,7790544,491bd9e9a4306915a12afa5c31eb80facd53c2f3c52ba3888b2c23aea8178932,2026-01-07T11:34:16.588097,"[""coords"", ""features""]","{""coords"": {""dtype"": ""int64"", ""has_inf"": false, ""has_nan"": false, ""shape"": [4093, 2], ""summary_hash"": ""e723a7894f0c7259ccaf7609aad08ef05fa7960b497dbedc47462a54011f6189""}, ""features"": {""dtype"": ""float32"", ""has_inf"": false, ""has_nan"": false, ""shape"": [4093, 512], ""summary_hash"": ""752076e79d5a846aacf0f5d04679ea5e4ed4510ca9ee09860ef702a88d7470d0""}}",features,"[4093, 512]",float32,False,False,752076e79d5a846aacf0f5d04679ea5e4ed4510ca9ee09860ef702a88d7470d0,"[4093, 2]",e723a7894f0c7259ccaf7609aad08ef05fa7960b497dbedc47462a54011f6189
25026144B3.h5,features_biomedclip_20x/25026144B3.h5,6413381,5075e6fa84c89fdd484a55e6b24954e5ef8128ec981d395471644e7b4b716cb7,2026-01-07T11:34:19.738086,"[""coords"", ""features""]","{""coords"": {""dtype"": ""int64"", ""has_inf"": false, ""has_nan"": false, ""shape"": [3365, 2], ""summary_hash"": ""9e0fc1062c2cb6af2d45b2969b532dc26ebb5c631791ae806d5c4af00b65f19e""}, ""features"": {""dtype"": ""float32"", ""has_inf"": false, ""has_nan"": false, ""shape"": [3365, 512], ""summary_hash"": ""ca6ccb9e624a0567e7dc16f4599ee683439d7273eeb132c6ad13c0b966562db2""}}",features,"[3365, 512]",float32,False,False,ca6ccb9e624a0567e7dc16f4599ee683439d7273eeb132c6ad13c0b966562db2,"[3365, 2]",9e0fc1062c2cb6af2d45b2969b532dc26ebb5c631791ae806d5c4af00b65f19e
25026163B.h5,features_biomedclip_20x/25026163B.h5,9268064,1f716c2b4ec8ffc3c01a4dd9d2596d51cf129e2b5b3764889e4ad343b872b5f8,2026-01-07T11:34:41.635008,"[""coords"", ""features""]","{""coords"": {""dtype"": ""int64"", ""has_inf"": false, ""has_nan"": false, ""shape"": [4868, 2], ""summary_hash"": ""32944087cd456fe26af0fff9d880ef3852eff57fad1abcccc2056007083cd03d""}, ""features"": {""dtype"": ""float32"", ""has_inf"": false, ""has_nan"": false, ""shape"": [4868, 512], ""summary_hash"": ""6e08b3c109c726034a0363f3f58705dc237d50f3bdca3bbc9e3cabbf829a0f8e""}}",features,"[4868, 512]",float32,False,False,6e08b3c109c726034a0363f3f58705dc237d50f3bdca3bbc9e3cabbf829a0f8e,"[4868, 2]",32944087cd456fe26af0fff9d880ef3852eff57fad1abcccc2056007083cd03d
25026180B2.h5,features_biomedclip_20x/25026180B2.h5,11954372,419a459cf2a49c25bebe19cd44f7614c344bd6eb7d82cd18236df12682dfe1de,2026-01-07T11:34:21.094081,"[""coords"", ""features""]","{""coords"": {""dtype"": ""int64"", ""has_inf"": false, ""has_nan"": false, ""shape"": [6279, 2], ""summary_hash"": ""9a6307b856a0f140bdaabcc56a761049e315a92ad620d55dd6df7f5f83a98f6b""}, ""features"": {""dtype"": ""float32"", ""has_inf"": false, ""has_nan"": false, ""shape"": [6279, 512], ""summary_hash"": ""a96a40261951a0d367610b017562c19792bd4ad6aa4e353b483cf768aea9235f""}}",features,"[6279, 512]",float32,False,False,a96a40261951a0d367610b017562c19792bd4ad6aa4e353b483cf768aea9235f,"[6279, 2]",9a6307b856a0f140bdaabcc56a761049e315a92ad620d55dd6df7f5f83a98f6b
25026254B2.h5,features_biomedclip_20x/25026254B2.h5,10836139,df7fd642f1d216fc8c45fe97249fcf2bb4a088d2f90d337e2118e5462add5066,2026-01-07T11:35:00.308941,"[""coords"", ""features""]","{""coords"": {""dtype"": ""int64"", ""has_inf"": false, ""has_nan"": false, ""shape"": [5696, 2], ""summary_hash"": ""b28f7e876905ddf2adb5982d93a0ce4d85c48a20fa5dfd6b6edf5dbe138ac459""}, ""features"": {""dtype"": ""float32"", ""has_inf"": false, ""has_nan"": false, ""shape"": [5696, 512], ""summary_hash"": ""784d36b13ace3092e3726db4170e02db8cebe854dff6b84b2dc7d3fe72c0e330""}}",features,"[5696, 512]",float32,False,False,784d36b13ace3092e3726db4170e02db8cebe854dff6b84b2dc7d3fe72c0e330,"[5696, 2]",b28f7e876905ddf2adb5982d93a0ce4d85c48a20fa5dfd6b6edf5dbe138ac459
25026285B2.h5,features_biomedclip_20x/25026285B2.h5,10514390,117a13141dc7d3fab339a2fb0b239b3ac38de7c91797e6ce201c26ba5b481513,2026-01-07T11:34:45.677994,"[""coords"", ""features""]","{""coords"": {""dtype"": ""int64"", ""has_inf"": false, ""has_nan"": false, ""shape"": [5526, 2], ""summary_hash"": ""e0867567f15369bd0658376906d573fd51c059a48f6572010f8ea95f05c3f539""}, ""features"": {""dtype"": ""float32"", ""has_inf"": false, ""has_nan"": false, ""shape"": [5526, 512], ""summary_hash"": ""b21a87c2ce055a07da6547a3f72f4a82bd390d7875797e278df90cf005f31514""}}",features,"[5526, 512]",float32,False,False,b21a87c2ce055a07da6547a3f72f4a82bd390d7875797e278df90cf005f31514,"[5526, 2]",e0867567f15369bd0658376906d573fd51c059a48f6572010f8ea95f05c3f539
25026291B2.h5,features_biomedclip_20x/25026291B2.h5,13021668,73949d811aff06c104ca192cc1a02c3b6e7e8b65a8b0ebb2697923c62a1b39dd,2026-01-07T11:34:48.291984,"[""coords"", ""features""]","{""coords"": {""dtype"": ""int64"", ""has_inf"": false, ""has_nan"": false, ""shape"": [6838, 2], ""summary_hash"": ""046f6b5ce8539d16781c777a65af1e0f6a3d486f2e09c8d302fc7773c2847679""}, ""features"": {""dtype"": ""float32"", ""has_inf"": false, ""has_nan"": false, ""shape"": [6838, 512], ""summary_hash"": ""d0a7fdaae8d80f1a97ec15614415880df8c473f64eaddbc7e4b0a2f8dcbc8432""}}",features,"[6838, 512]",float32,False,False,d0a7fdaae8d80f1a97ec15614415880df8c473f64eaddbc7e4b0a2f8dcbc8432,"[6838, 2]",046f6b5ce8539d16781c777a65af1e0f6a3d486f2e09c8d302fc7773c2847679
25026294B3.h5,features_biomedclip_20x/25026294B3.h5,11325218,f4d9ccd0914e3e0849ebd6dd9537bf454c14ef312fc445fb776cca4a6f94c224,2026-01-07T11:34:55.461959,"[""coords"", ""features""]","{""coords"": {""dtype"": ""int64"", ""has_inf"": false, ""has_nan"": false, ""shape"": [5954, 2], ""summary_hash"": ""4be11aa4582fd1a4247c8cb14d5d1bbe13b85e47aa7fe9a0cb81f72c28bc9c71""}, ""features"": {""dtype"": ""float32"", ""has_inf"": false, ""has_nan"": false, ""shape"": [5954, 512], ""summary_hash"": ""a87682541ac342cee08a8024fc7d96d7166d570140915424ec30058bf3a39968""}}",features,"[5954, 512]",float32,False,False,a87682541ac342cee08a8024fc7d96d7166d570140915424ec30058bf3a39968,"[5954, 2]",4be11aa4582fd1a4247c8cb14d5d1bbe13b85e47aa7fe9a0cb81f72c28bc9c71
25026499B3.h5,features_biomedclip_20x/25026499B3.h5,8205173,45d418ba947ffef007da4e469e4510a4e1ca1a0076dc0e94f748757371e5b088,2026-01-07T11:35:06.104921,"[""coords"", ""features""]","{""coords"": {""dtype"": ""int64"", ""has_inf"": false, ""has_nan"": false, ""shape"": [4304, 2], ""summary_hash"": ""10eacd9cc0f31e5163b8adec247531cb679a78326d81626ebc378cc6fad301d5""}, ""features"": {""dtype"": ""float32"", ""has_inf"": false, ""has_nan"": false, ""shape"": [4304, 512], ""summary_hash"": ""8876814f0718dd05a7a20f7557325f31343ec46fbb873787414ceb0efd085385""}}",features,"[4304, 512]",float32,False,False,8876814f0718dd05a7a20f7557325f31343ec46fbb873787414ceb0efd085385,"[4304, 2]",10eacd9cc0f31e5163b8adec247531cb679a78326d81626ebc378cc6fad301d5
25026509B.h5,features_biomedclip_20x/25026509B.h5,5605398,218a2a846d2bffa52db04bce19be5c173d214c017618af2e48f15d00305a0417,2026-01-07T11:34:56.308956,"[""coords"", ""features""]","{""coords"": {""dtype"": ""int64"", ""has_inf"": false, ""has_nan"": false, ""shape"": [2939, 2], ""summary_hash"": ""9735293db55736625f809bc984e8664a8da098f0a2834fb8c966f1d57421a362""}, ""features"": {""dtype"": ""float32"", ""has_inf"": false, ""has_nan"": false, ""shape"": [2939, 512], ""summary_hash"": ""ac2a06b39ff88197372e05b542145b7a0ee546fca203d20ecdb3a6655c84b352""}}",features,"[2939, 512]",float32,False,False,ac2a06b39ff88197372e05b542145b7a0ee546fca203d20ecdb3a6655c84b352,"[2939, 2]",9735293db55736625f809bc984e8664a8da098f0a2834fb8c966f1d57421a362
25026669B2.h5,features_biomedclip_20x/25026669B2.h5,6055808,faa196d3f73a9b9e6decb4653d074ee71520060b5ea70f0a408695840bd10800,2026-01-07T11:34:50.747975,"[""coords"", ""features""]","{""coords"": {""dtype"": ""int64"", ""has_inf"": false, ""has_nan"": false, ""shape"": [3176, 2], ""summary_hash"": ""c837d5453d8246279d157218086bab1973996966712f9177432460eaa4b50364""}, ""features"": {""dtype"": ""float32"", ""has_inf"": false, ""has_nan"": false, ""shape"": [3176, 512], ""summary_hash"": ""ed33d9702d8b8cf84dc8df14d41c5a1d46a2b77216b33cdc864928d72fafd0b5""}}",features,"[3176, 512]",float32,False,False,ed33d9702d8b8cf84dc8df14d41c5a1d46a2b77216b33cdc864928d72fafd0b5,"[3176, 2]",c837d5453d8246279d157218086bab1973996966712f9177432460eaa4b50364
25026740B2.h5,features_biomedclip_20x/25026740B2.h5,9459422,9dea2759509c018c20e05e3727f7bf07417129de5203697a8d4d68d3bef4062d,2026-01-07T11:34:40.275013,"[""coords"", ""features""]","{""coords"": {""dtype"": ""int64"", ""has_inf"": false, ""has_nan"": false, ""shape"": [4969, 2], ""summary_hash"": ""7cf6c940c2a1affd0b2dda62a29558fd85ddd00190bcd926f6cc5d74211d352d""}, ""features"": {""dtype"": ""float32"", ""has_inf"": false, ""has_nan"": false, ""shape"": [4969, 512], ""summary_hash"": ""d3c784003b050b71ac35a0dc7eb653caa94293eda1696c02ca5984d07d2d39ad""}}",features,"[4969, 512]",float32,False,False,d3c784003b050b71ac35a0dc7eb653caa94293eda1696c02ca5984d07d2d39ad,"[4969, 2]",7cf6c940c2a1affd0b2dda62a29558fd85ddd00190bcd926f6cc5d74211d352d
25026752B.h5,features_biomedclip_20x/25026752B.h5,4084006,2d0df305440c5bc403e694f8902d94d807810edd691dd47a7b00036ff697677b,2026-01-07T11:34:30.083049,"[""coords"", ""features""]","{""coords"": {""dtype"": ""int64"", ""has_inf"": false, ""has_nan"": false, ""shape"": [2142, 2], ""summary_hash"": ""4021385e20da00ca18b6ece971ebaeaea4ab4f3a39229a697f0cf61d4f9beadd""}, ""features"": {""dtype"": ""float32"", ""has_inf"": false, ""has_nan"": false, ""shape"": [2142, 512], ""summary_hash"": ""d75dd471cc81a5b186937fff662cbdc0ac4a9d536730536f43ab61c42e966ffc""}}",features,"[2142, 512]",float32,False,False,d75dd471cc81a5b186937fff662cbdc0ac4a9d536730536f43ab61c42e966ffc,"[2142, 2]",4021385e20da00ca18b6ece971ebaeaea4ab4f3a39229a697f0cf61d4f9beadd
25026782B3.h5,features_biomedclip_20x/25026782B3.h5,5326516,2105e075387e412a7457ce34583abce7b1e7d4a1e13e861084e1fd560624dbd0,2026-01-07T11:34:49.576980,"[""coords"", ""features""]","{""coords"": {""dtype"": ""int64"", ""has_inf"": false, ""has_nan"": false, ""shape"": [2791, 2], ""summary_hash"": ""b7b24678923bba9129de34d6f2dbf4e83d233fec091cdd610e6f7a65e3c9b802""}, ""features"": {""dtype"": ""float32"", ""has_inf"": false, ""has_nan"": false, ""shape"": [2791, 512], ""summary_hash"": ""2b8da1cb44c9b9e583e74511fdea590099319e51822337e67bb3f6c328af5089""}}",features,"[2791, 512]",float32,False,False,2b8da1cb44c9b9e583e74511fdea590099319e51822337e67bb3f6c328af5089,"[2791, 2]",b7b24678923bba9129de34d6f2dbf4e83d233fec091cdd610e6f7a65e3c9b802
25026797B2.h5,features_biomedclip_20x/25026797B2.h5,1918759,e13ae89c5a98a0b0703cd7d4806c3fef16956e046c67aee9b4bb8fec11aca5f5,2026-01-07T11:35:00.713940,"[""coords"", ""features""]","{""coords"": {""dtype"": ""int64"", ""has_inf"": false, ""has_nan"": false, ""shape"": [1002, 2], ""summary_hash"": ""f6e78be795708a9c852bd2c1a2b90c0a8d175f28359ad5ab2d8a69ac0e8f1201""}, ""features"": {""dtype"": ""float32"", ""has_inf"": false, ""has_nan"": false, ""shape"": [1002, 512], ""summary_hash"": ""0f69420099e6b906a2739648e4aaa44876074b3c7591d5aadd1cc5051c9fa305""}}",features,"[1002, 512]",float32,False,False,0f69420099e6b906a2739648e4aaa44876074b3c7591d5aadd1cc5051c9fa305,"[1002, 2]",f6e78be795708a9c852bd2c1a2b90c0a8d175f28359ad5ab2d8a69ac0e8f1201
25026798B2.h5,features_biomedclip_20x/25026798B2.h5,11261932,b85d847ad1ac3fb11f3b282c9546d610d932b64b3194e28c8339e2a0535b79bd,2026-01-07T11:34:41.403009,"[""coords"", ""features""]","{""coords"": {""dtype"": ""int64"", ""has_inf"": false, ""has_nan"": false, ""shape"": [5921, 2], ""summary_hash"": ""f25f8a075fde93b4e12a1de64760ff4c84dddbe655e17bd34a018409c82b61c1""}, ""features"": {""dtype"": ""float32"", ""has_inf"": false, ""has_nan"": false, ""shape"": [5921, 512], ""summary_hash"": ""c746a1e52daf9f4d96f78bf9d6cdd9e32c0042564a593a9ff75fba1aedc1d795""}}",features,"[5921, 512]",float32,False,False,c746a1e52daf9f4d96f78bf9d6cdd9e32c0042564a593a9ff75fba1aedc1d795,"[5921, 2]",f25f8a075fde93b4e12a1de64760ff4c84dddbe655e17bd34a018409c82b61c1
25027122B2.h5,features_biomedclip_20x/25027122B2.h5,6818587,7e3ed5ba71637ccc392ce1606b232eda7cd885d852b4a98f1ba84316d3ebd259,2026-01-07T11:34:39.925014,"[""coords"", ""features""]","{""coords"": {""dtype"": ""int64"", ""has_inf"": false, ""has_nan"": false, ""shape"": [3580, 2], ""summary_hash"": ""ddb7fb17e409d95cec03e4935be134fd8548d42190fc8afdea490d1cee010600""}, ""features"": {""dtype"": ""float32"", ""has_inf"": false, ""has_nan"": false, ""shape"": [3580, 512], ""summary_hash"": ""1f0436efe2f32b49486076fac06269030ccc405b91094b1286ecedea864579f7""}}",features,"[3580, 512]",float32,False,False,1f0436efe2f32b49486076fac06269030ccc405b91094b1286ecedea864579f7,"[3580, 2]",ddb7fb17e409d95cec03e4935be134fd8548d42190fc8afdea490d1cee010600
25027131B2.h5,features_biomedclip_20x/25027131B2.h5,8696677,58c890f835d83d0bcdecf3414217ff9ac399da0ddd3add48449c092f7463a70f,2026-01-07T11:35:05.949921,"[""coords"", ""features""]","{""coords"": {""dtype"": ""int64"", ""has_inf"": false, ""has_nan"": false, ""shape"": [4565, 2], ""summary_hash"": ""f7e1a68a12f31e71cef4009ec58ba5aa1ef03a4372dc6f145defe56efbc5cf47""}, ""features"": {""dtype"": ""float32"", ""has_inf"": false, ""has_nan"": false, ""shape"": [4565, 512], ""summary_hash"": ""f716324b2d36fe0119d32dcebdbcca30979e40d0f471761f557aa9590b5870cd""}}",features,"[4565, 512]",float32,False,False,f716324b2d36fe0119d32dcebdbcca30979e40d0f471761f557aa9590b5870cd,"[4565, 2]",f7e1a68a12f31e71cef4009ec58ba5aa1ef03a4372dc6f145defe56efbc5cf47
25027135B3.h5,features_biomedclip_20x/25027135B3.h5,5424002,402f2fb663b3b5f4172f67dd57768ef376b0b18a0e98a38c3d6822e4dc3cbb4b,2026-01-07T11:35:03.937928,"[""coords"", ""features""]","{""coords"": {""dtype"": ""int64"", ""has_inf"": false, ""has_nan"": false, ""shape"": [2843, 2], ""summary_hash"": ""f51f1a0573f3cdde870d32428a539cda329a0bc45119c8d6ffe861a3dd5f544d""}, ""features"": {""dtype"": ""float32"", ""has_inf"": false, ""has_nan"": false, ""shape"": [2843, 512], ""summary_hash"": ""8960bb9b3c3290a126b791cfcb7286c48253c99ac1bff994c732093af8423870""}}",features,"[2843, 512]",float32,False,False,8960bb9b3c3290a126b791cfcb7286c48253c99ac1bff994c732093af8423870,"[2843, 2]",f51f1a0573f3cdde870d32428a539cda329a0bc45119c8d6ffe861a3dd5f544d
25027167B2.h5,features_biomedclip_20x/25027167B2.h5,6643663,e28907e49f9daa7d7c35f257aff9b97121bf0f23e6331d2ca708459f98f8a90a,2026-01-07T11:34:42.674004,"[""coords"", ""features""]","{""coords"": {""dtype"": ""int64"", ""has_inf"": false, ""has_nan"": false, ""shape"": [3488, 2], ""summary_hash"": ""131fd5ff7d64347a36cbe2bc6b84fbe9c4413ae5d9ec9179af159f2a355c737a""}, ""features"": {""dtype"": ""float32"", ""has_inf"": false, ""has_nan"": false, ""shape"": [3488, 512], ""summary_hash"": ""a8f299eec46bb9c05fa2546060b3912ece216f3c1a2123de6e567d31b743d4f3""}}",features,"[3488, 512]",float32,False,False,a8f299eec46bb9c05fa2546060b3912ece216f3c1a2123de6e567d31b743d4f3,"[3488, 2]",131fd5ff7d64347a36cbe2bc6b84fbe9c4413ae5d9ec9179af159f2a355c737a
25027181B2.h5,features_biomedclip_20x/25027181B2.h5,3374050,8a048670491dae06dae3db0ba913f5dba8cf79060475e1a0d33e011fb369f989,2026-01-07T11:34:19.338087,"[""coords"", ""features""]","{""coords"": {""dtype"": ""int64"", ""has_inf"": false, ""has_nan"": false, ""shape"": [1769, 2], ""summary_hash"": ""761229b7c79d8645dba93cc967ae5e18f46382c34f430f8f3cd4651dbe178f01""}, ""features"": {""dtype"": ""float32"", ""has_inf"": false, ""has_nan"": false, ""shape"": [1769, 512], ""summary_hash"": ""a7ede3223c869c7f4446ee77a7d3f6af64278119d97d4b435fe68c7d17254518""}}",features,"[1769, 512]",float32,False,False,a7ede3223c869c7f4446ee77a7d3f6af64278119d97d4b435fe68c7d17254518,"[1769, 2]",761229b7c79d8645dba93cc967ae5e18f46382c34f430f8f3cd4651dbe178f01
25027181B3.h5,features_biomedclip_20x/25027181B3.h5,4811991,d9d3f2560512fae32d8976fb442fe8cde7258b906b26ed695e8ccb509c9be4d4,2026-01-07T11:34:16.673097,"[""coords"", ""features""]","{""coords"": {""dtype"": ""int64"", ""has_inf"": false, ""has_nan"": false, ""shape"": [2519, 2], ""summary_hash"": ""4291d3cb66be3b59cd8f704b45125d4c6890adf5451c8928d7c5bb27f39565de""}, ""features"": {""dtype"": ""float32"", ""has_inf"": false, ""has_nan"": false, ""shape"": [2519, 512], ""summary_hash"": ""0432be2843e5ca605cc064d5b5fea7fb8b7044fb72b35b628586e96266395090""}}",features,"[2519, 512]",float32,False,False,0432be2843e5ca605cc064d5b5fea7fb8b7044fb72b35b628586e96266395090,"[2519, 2]",4291d3cb66be3b59cd8f704b45125d4c6890adf5451c8928d7c5bb27f39565de
25027181B4.h5,features_biomedclip_20x/25027181B4.h5,11788780,3ed8787019cfd76109cf0dced76aa969119a61b4eb211295d4b55cb15fed3d71,2026-01-07T11:34:32.480041,"[""coords"", ""features""]","{""coords"": {""dtype"": ""int64"", ""has_inf"": false, ""has_nan"": false, ""shape"": [6197, 2], ""summary_hash"": ""5981a76c43b461bd3c841c320099d854b41b84244ee0db6300ca27c1ed5650f7""}, ""features"": {""dtype"": ""float32"", ""has_inf"": false, ""has_nan"": false, ""shape"": [6197, 512], ""summary_hash"": ""2ac8206437bdf54b3fda54e75a99362e40715699f5810d87d68ef04338cc40da""}}",features,"[6197, 512]",float32,False,False,2ac8206437bdf54b3fda54e75a99362e40715699f5810d87d68ef04338cc40da,"[6197, 2]",5981a76c43b461bd3c841c320099d854b41b84244ee0db6300ca27c1ed5650f7
25027181B5.h5,features_biomedclip_20x/25027181B5.h5,8906381,28bc6d40d0217034203b31562f3accb26029f4b90631b8ad4a094ea2e92a1742,2026-01-07T11:34:29.819050,"[""coords"", ""features""]","{""coords"": {""dtype"": ""int64"", ""has_inf"": false, ""has_nan"": false, ""shape"": [4677, 2], ""summary_hash"": ""bc4eedfa1a0b03d96023b2ac515fd4df80337ed972a4b156acb41fdfc7d7f006""}, ""features"": {""dtype"": ""float32"", ""has_inf"": false, ""has_nan"": false, ""shape"": [4677, 512], ""summary_hash"": ""e0d21101cf6760e1e910c2f02c540e1fa5a9061aa9b3b06ccc35db99ae0cf95a""}}",features,"[4677, 512]",float32,False,False,e0d21101cf6760e1e910c2f02c540e1fa5a9061aa9b3b06ccc35db99ae0cf95a,"[4677, 2]",bc4eedfa1a0b03d96023b2ac515fd4df80337ed972a4b156acb41fdfc7d7f006
25027181B6.h5,features_biomedclip_20x/25027181B6.h5,4065595,e93c63fe0e114186b07a9ff564e6344f37c09f9a1b30a78f173948fbf4e1093a,2026-01-07T11:34:36.710026,"[""coords"", ""features""]","{""coords"": {""dtype"": ""int64"", ""has_inf"": false, ""has_nan"": false, ""shape"": [2130, 2], ""summary_hash"": ""28175ffd17a8c107f7e1e217f3f43accb011fe6eb79bb8687e0984b41980589d""}, ""features"": {""dtype"": ""float32"", ""has_inf"": false, ""has_nan"": false, ""shape"": [2130, 512], ""summary_hash"": ""df8b6c36d90826ccb25ec70fed863df51c98b430a9c06739db58f2a7458e50cd""}}",features,"[2130, 512]",float32,False,False,df8b6c36d90826ccb25ec70fed863df51c98b430a9c06739db58f2a7458e50cd,"[2130, 2]",28175ffd17a8c107f7e1e217f3f43accb011fe6eb79bb8687e0984b41980589d
25027193B.h5,features_biomedclip_20x/25027193B.h5,8227870,3f5f0261c99c171bf8bb45e0463686d54db2a33319e7c597a004a44a859440b7,2026-01-07T11:34:26.749061,"[""coords"", ""features""]","{""coords"": {""dtype"": ""int64"", ""has_inf"": false, ""has_nan"": false, ""shape"": [4317, 2], ""summary_hash"": ""c03a9f1b7504ffdd18dd694e36fac68d7e5e58d2693c78eace6629dcd17762d2""}, ""features"": {""dtype"": ""float32"", ""has_inf"": false, ""has_nan"": false, ""shape"": [4317, 512], ""summary_hash"": ""ee97dbafbb3da34075715123da6818a91e4c794ffe7952ba6ab459170a48488c""}}",features,"[4317, 512]",float32,False,False,ee97dbafbb3da34075715123da6818a91e4c794ffe7952ba6ab459170a48488c,"[4317, 2]",c03a9f1b7504ffdd18dd694e36fac68d7e5e58d2693c78eace6629dcd17762d2
25027290B2.h5,features_biomedclip_20x/25027290B2.h5,11577592,9de966372f4f18b28b5d5f02d0571e2ddc2274ed507ed10f98f2304293b46a70,2026-01-07T11:34:49.780979,"[""coords"", ""features""]","{""coords"": {""dtype"": ""int64"", ""has_inf"": false, ""has_nan"": false, ""shape"": [6087, 2], ""summary_hash"": ""965e8333a872845f1d1d86628edc389ee9e30eec5edc717cb56c5c4361e32977""}, ""features"": {""dtype"": ""float32"", ""has_inf"": false, ""has_nan"": false, ""shape"": [6087, 512], ""summary_hash"": ""8e495bf3f3db73dde3c1f7df9e647937d435c800155b096812b0a986b3b6015c""}}",features,"[6087, 512]",float32,False,False,8e495bf3f3db73dde3c1f7df9e647937d435c800155b096812b0a986b3b6015c,"[6087, 2]",965e8333a872845f1d1d86628edc389ee9e30eec5edc717cb56c5c4361e32977
25027606B3.h5,features_biomedclip_20x/25027606B3.h5,3962131,111cf0d0800f35a5bb9a2771e532beec1da94b106cfc11defe6b6cdc18368267,2026-01-07T11:34:43.672001,"[""coords"", ""features""]","{""coords"": {""dtype"": ""int64"", ""has_inf"": false, ""has_nan"": false, ""shape"": [2077, 2], ""summary_hash"": ""7b998d3cc12dca594f7a942e584cc7a579cf7366625a2b789125fc78c9588bf0""}, ""features"": {""dtype"": ""float32"", ""has_inf"": false, ""has_nan"": false, ""shape"": [2077, 512], ""summary_hash"": ""06adb7c0fd27f96e7969ff1be8b5016ba942e8af1a324644ad6a72c3e5377f92""}}",features,"[2077, 512]",float32,False,False,06adb7c0fd27f96e7969ff1be8b5016ba942e8af1a324644ad6a72c3e5377f92,"[2077, 2]",7b998d3cc12dca594f7a942e584cc7a579cf7366625a2b789125fc78c9588bf0
25027636B2.h5,features_biomedclip_20x/25027636B2.h5,9149775,7568584c5e9eb89a6591fce2d214ae5916b7e189abae574ae521d62901ebd4ef,2026-01-07T11:35:07.553915,"[""coords"", ""features""]","{""coords"": {""dtype"": ""int64"", ""has_inf"": false, ""has_nan"": false, ""shape"": [4805, 2], ""summary_hash"": ""ad23f0b78289a5c4271979791258a12070dd50483b1d2f92dfd863f5ca4ebd9a""}, ""features"": {""dtype"": ""float32"", ""has_inf"": false, ""has_nan"": false, ""shape"": [4805, 512], ""summary_hash"": ""8442435235a92ad4b289e36bb44fce45049d90b39a81462cc8f43831576a315f""}}",features,"[4805, 512]",float32,False,False,8442435235a92ad4b289e36bb44fce45049d90b39a81462cc8f43831576a315f,"[4805, 2]",ad23f0b78289a5c4271979791258a12070dd50483b1d2f92dfd863f5ca4ebd9a
25027718B2.h5,features_biomedclip_20x/25027718B2.h5,6707471,9116fdc4bd4128514984f2ecd1ae56085a5ae3781fe2c6fef1cf2d76e1a3cc01,2026-01-07T11:34:47.698986,"[""coords"", ""features""]","{""coords"": {""dtype"": ""int64"", ""has_inf"": false, ""has_nan"": false, ""shape"": [3523, 2], ""summary_hash"": ""725338843433c07a442bc561907a90afb9e7c480e36be909f8a0926750d61e05""}, ""features"": {""dtype"": ""float32"", ""has_inf"": false, ""has_nan"": false, ""shape"": [3523, 512], ""summary_hash"": ""819bd983f987d913572a690096258f693191a2813ca6383c9c89207c305fd54f""}}",features,"[3523, 512]",float32,False,False,819bd983f987d913572a690096258f693191a2813ca6383c9c89207c305fd54f,"[3523, 2]",725338843433c07a442bc561907a90afb9e7c480e36be909f8a0926750d61e05
25027723B4.h5,features_biomedclip_20x/25027723B4.h5,6727078,73400ea7f6e1505dc453b70f30d0b10815b9035921b6777e732712ecd8d3a418,2026-01-07T11:34:26.644061,"[""coords"", ""features""]","{""coords"": {""dtype"": ""int64"", ""has_inf"": false, ""has_nan"": false, ""shape"": [3532, 2], ""summary_hash"": ""a0781f82cb1eb3938d6b46c793e9f5adf49f5d869539081333251b53bc24265d""}, ""features"": {""dtype"": ""float32"", ""has_inf"": false, ""has_nan"": false, ""shape"": [3532, 512], ""summary_hash"": ""d8bae88a5e6a05a8b72095bc3eb0a820706eae30ffd6db27a6c4c326114ba5eb""}}",features,"[3532, 512]",float32,False,False,d8bae88a5e6a05a8b72095bc3eb0a820706eae30ffd6db27a6c4c326114ba5eb,"[3532, 2]",a0781f82cb1eb3938d6b46c793e9f5adf49f5d869539081333251b53bc24265d
25027770B.h5,features_biomedclip_20x/25027770B.h5,5855464,054515106ed65202a619b69bb15b59654bd82cad672a6eeb916ec16be754a19f,2026-01-07T11:35:03.951928,"[""coords"", ""features""]","{""coords"": {""dtype"": ""int64"", ""has_inf"": false, ""has_nan"": false, ""shape"": [3071, 2], ""summary_hash"": ""961222c2caa5d694b9a96e4a06df1dbff965e48bc62ea6abcb840c5c107b2dff""}, ""features"": {""dtype"": ""float32"", ""has_inf"": false, ""has_nan"": false, ""shape"": [3071, 512], ""summary_hash"": ""ec2f60f372150d13874eaa3fcdcbe387c79db0160c2aab39d5110be937ee8fa5""}}",features,"[3071, 512]",float32,False,False,ec2f60f372150d13874eaa3fcdcbe387c79db0160c2aab39d5110be937ee8fa5,"[3071, 2]",961222c2caa5d694b9a96e4a06df1dbff965e48bc62ea6abcb840c5c107b2dff
25028010B2.h5,features_biomedclip_20x/25028010B2.h5,3711051,f7824f08b6c0fe1f17ed82f8664ace32813814d65ee3045f6bafebae951912a9,2026-01-07T11:34:50.203977,"[""coords"", ""features""]","{""coords"": {""dtype"": ""int64"", ""has_inf"": false, ""has_nan"": false, ""shape"": [1946, 2], ""summary_hash"": ""5acd91b6062ba82cf198479b810c2b709ee370c1b6e18e1956d944fc457bc931""}, ""features"": {""dtype"": ""float32"", ""has_inf"": false, ""has_nan"": false, ""shape"": [1946, 512], ""summary_hash"": ""ec2b3d5a46f55efebe3f11d8e297d461df04675126afb1f0f55972c242c1987a""}}",features,"[1946, 512]",float32,False,False,ec2b3d5a46f55efebe3f11d8e297d461df04675126afb1f0f55972c242c1987a,"[1946, 2]",5acd91b6062ba82cf198479b810c2b709ee370c1b6e18e1956d944fc457bc931
25028010B2a.h5,features_biomedclip_20x/25028010B2a.h5,3508655,f31759de72b3bc3fec85f3160dbad4757169e694e72978250e71e32e61d30004,2026-01-07T11:34:32.147042,"[""coords"", ""features""]","{""coords"": {""dtype"": ""int64"", ""has_inf"": false, ""has_nan"": false, ""shape"": [1839, 2], ""summary_hash"": ""535f7dc54fd4c59d41eec55d93f32c6c57e592f6d6307a7316361ff8b9875975""}, ""features"": {""dtype"": ""float32"", ""has_inf"": false, ""has_nan"": false, ""shape"": [1839, 512], ""summary_hash"": ""fc4691a19937fc1d118fb92980e307df861e0a696ce8fd8458302e51d4d7df43""}}",features,"[1839, 512]",float32,False,False,fc4691a19937fc1d118fb92980e307df861e0a696ce8fd8458302e51d4d7df43,"[1839, 2]",535f7dc54fd4c59d41eec55d93f32c6c57e592f6d6307a7316361ff8b9875975
25028010B3.h5,features_biomedclip_20x/25028010B3.h5,6068262,b1e42d1423a51f9a49285ed7f38ce8474166efdefb3a5fd181b8d214bca8ec00,2026-01-07T11:34:51.423973,"[""coords"", ""features""]","{""coords"": {""dtype"": ""int64"", ""has_inf"": false, ""has_nan"": false, ""shape"": [3182, 2], ""summary_hash"": ""0bb7b7655a3583fe38cc55f4abae1ab50e49af0a19ad015691514f1468bbbbef""}, ""features"": {""dtype"": ""float32"", ""has_inf"": false, ""has_nan"": false, ""shape"": [3182, 512], ""summary_hash"": ""fcc1d5758b7e1babc078638d39adeb778dac4c2d912c9af88d21ce0ac3718831""}}",features,"[3182, 512]",float32,False,False,fcc1d5758b7e1babc078638d39adeb778dac4c2d912c9af88d21ce0ac3718831,"[3182, 2]",0bb7b7655a3583fe38cc55f4abae1ab50e49af0a19ad015691514f1468bbbbef
25028014B4.h5,features_biomedclip_20x/25028014B4.h5,4443851,e0ae6a9fa8c357c289bc4316972f628385c55c6131a2f24dd98bde8519f7ec7f,2026-01-07T11:35:05.325923,"[""coords"", ""features""]","{""coords"": {""dtype"": ""int64"", ""has_inf"": false, ""has_nan"": false, ""shape"": [2330, 2], ""summary_hash"": ""5ff37c31ad281519993bf9ff562fed91c7c09de15b75389598f9d87b18488ac7""}, ""features"": {""dtype"": ""float32"", ""has_inf"": false, ""has_nan"": false, ""shape"": [2330, 512], ""summary_hash"": ""444ba6d749f0109781bb8ef9c48653a655f448b48b202982a342c484ddabb913""}}",features,"[2330, 512]",float32,False,False,444ba6d749f0109781bb8ef9c48653a655f448b48b202982a342c484ddabb913,"[2330, 2]",5ff37c31ad281519993bf9ff562fed91c7c09de15b75389598f9d87b18488ac7
25028014B5.h5,features_biomedclip_20x/25028014B5.h5,4953170,a18903c28cdc3912b3e24caef4e220215cdad14b4a6c0afc2c17fb7b622a6b0e,2026-01-07T11:35:03.389930,"[""coords"", ""features""]","{""coords"": {""dtype"": ""int64"", ""has_inf"": false, ""has_nan"": false, ""shape"": [2594, 2], ""summary_hash"": ""8dba720e5e57431e8f54b7e5b36a7d85cc792a60852d20283e42f3c5cc0cd180""}, ""features"": {""dtype"": ""float32"", ""has_inf"": false, ""has_nan"": false, ""shape"": [2594, 512], ""summary_hash"": ""259cb6ea21698de59b6c3d2d4ae507696996b4d60619a326e946c7c026f307fb""}}",features,"[2594, 512]",float32,False,False,259cb6ea21698de59b6c3d2d4ae507696996b4d60619a326e946c7c026f307fb,"[2594, 2]",8dba720e5e57431e8f54b7e5b36a7d85cc792a60852d20283e42f3c5cc0cd180
25028014B6.h5,features_biomedclip_20x/25028014B6.h5,2062460,6ac7ed2745657bd81b2cb59997cfe02c9c9b4a9428914975626950af9aadb01a,2026-01-07T11:34:55.827957,"[""coords"", ""features""]","{""coords"": {""dtype"": ""int64"", ""has_inf"": false, ""has_nan"": false, ""shape"": [1074, 2], ""summary_hash"": ""03aa1c4fdf4dbb3367d498dee22ba2bcac50b04a0129bd8a2aa8a9d7517c88e0""}, ""features"": {""dtype"": ""float32"", ""has_inf"": false, ""has_nan"": false, ""shape"": [1074, 512], ""summary_hash"": ""8db2ea2b27597b9104738a2064fab20fc106aa79f16f800f726385a01e2537c6""}}",features,"[1074, 512]",float32,False,False,8db2ea2b27597b9104738a2064fab20fc106aa79f16f800f726385a01e2537c6,"[1074, 2]",03aa1c4fdf4dbb3367d498dee22ba2bcac50b04a0129bd8a2aa8a9d7517c88e0
25028014B7.h5,features_biomedclip_20x/25028014B7.h5,2508841,7253807820a4bd33fe798d0f1cb282ec8843954ea064dc101cc01a9db47dad65,2026-01-07T11:34:56.460955,"[""coords"", ""features""]","{""coords"": {""dtype"": ""int64"", ""has_inf"": false, ""has_nan"": false, ""shape"": [1311, 2], ""summary_hash"": ""bbaac4d92213b3df927d01b74a3e53444ad838da6f6942ee070ae3eff1bd57bf""}, ""features"": {""dtype"": ""float32"", ""has_inf"": false, ""has_nan"": false, ""shape"": [1311, 512], ""summary_hash"": ""a6a03c283778efbbf8c887fef5c7741191e4aed8a2f0383d6055c0263c12fd26""}}",features,"[1311, 512]",float32,False,False,a6a03c283778efbbf8c887fef5c7741191e4aed8a2f0383d6055c0263c12fd26,"[1311, 2]",bbaac4d92213b3df927d01b74a3e53444ad838da6f6942ee070ae3eff1bd57bf
25028134B.h5,features_biomedclip_20x/25028134B.h5,8001104,96a8f51c170c8c4d0da4a6c77372e9d37cfc1f93b00d023ddfd01cbe10d191e7,2026-01-07T11:35:06.173920,"[""coords"", ""features""]","{""coords"": {""dtype"": ""int64"", ""has_inf"": false, ""has_nan"": false, ""shape"": [4196, 2], ""summary_hash"": ""2798993e7029fc806c4d1e0c3e6b4174379299bfc2b1e9d9a9be32f4c4dd7011""}, ""features"": {""dtype"": ""float32"", ""has_inf"": false, ""has_nan"": false, ""shape"": [4196, 512], ""summary_hash"": ""b91a869dfb603db00f883d214a1b3a8a8bd1ed7fb9dd1a0cb2f3de6c595d4751""}}",features,"[4196, 512]",float32,False,False,b91a869dfb603db00f883d214a1b3a8a8bd1ed7fb9dd1a0cb2f3de6c595d4751,"[4196, 2]",2798993e7029fc806c4d1e0c3e6b4174379299bfc2b1e9d9a9be32f4c4dd7011
25028147B3.h5,features_biomedclip_20x/25028147B3.h5,3734072,d03c01ffeb00673a3a26fc61969a4bed803d68285213b62b2c7b769f6465270d,2026-01-07T11:34:38.663019,"[""coords"", ""features""]","{""coords"": {""dtype"": ""int64"", ""has_inf"": false, ""has_nan"": false, ""shape"": [1958, 2], ""summary_hash"": ""df93678566878c70b35eeec0821775adcc690453ae96c3d62a4ad2e24cd3078f""}, ""features"": {""dtype"": ""float32"", ""has_inf"": false, ""has_nan"": false, ""shape"": [1958, 512], ""summary_hash"": ""14ab69c90812dec1fa18af18d32e4f86aa6a06f4a4889ab7b1c8bf5a6ddc80b3""}}",features,"[1958, 512]",float32,False,False,14ab69c90812dec1fa18af18d32e4f86aa6a06f4a4889ab7b1c8bf5a6ddc80b3,"[1958, 2]",df93678566878c70b35eeec0821775adcc690453ae96c3d62a4ad2e24cd3078f
25028151B2.h5,features_biomedclip_20x/25028151B2.h5,4661771,5f4ea32b5631a1cefd7d0c29bec077572e56037a8d1fd531b8f1a43486a70aef,2026-01-07T11:34:46.911989,"[""coords"", ""features""]","{""coords"": {""dtype"": ""int64"", ""has_inf"": false, ""has_nan"": false, ""shape"": [2445, 2], ""summary_hash"": ""800c00a2a991bb72715167b061e77306489ae3ab28cac4863e7dab9b91afd5ba""}, ""features"": {""dtype"": ""float32"", ""has_inf"": false, ""has_nan"": false, ""shape"": [2445, 512], ""summary_hash"": ""f2fc5c47627b7cfd013041e8d86d86989177330b6a887d9faabb5051281cae60""}}",features,"[2445, 512]",float32,False,False,f2fc5c47627b7cfd013041e8d86d86989177330b6a887d9faabb5051281cae60,"[2445, 2]",800c00a2a991bb72715167b061e77306489ae3ab28cac4863e7dab9b91afd5ba
25028151B3.h5,features_biomedclip_20x/25028151B3.h5,7624655,807f6c8aee86a8daeceeed5167800a5dcd53073c5843f39493afbeeee29af7d2,2026-01-07T11:34:42.148006,"[""coords"", ""features""]","{""coords"": {""dtype"": ""int64"", ""has_inf"": false, ""has_nan"": false, ""shape"": [4005, 2], ""summary_hash"": ""d23c5707ab339cda6cab501f86292394ad595602958d0616e34e6133b1e51172""}, ""features"": {""dtype"": ""float32"", ""has_inf"": false, ""has_nan"": false, ""shape"": [4005, 512], ""summary_hash"": ""f1711de5e3c6f2c46f4f3aacdb8374ab14b809ef0235f8969df7dde6f1d9c833""}}",features,"[4005, 512]",float32,False,False,f1711de5e3c6f2c46f4f3aacdb8374ab14b809ef0235f8969df7dde6f1d9c833,"[4005, 2]",d23c5707ab339cda6cab501f86292394ad595602958d0616e34e6133b1e51172
25028186B2.h5,features_biomedclip_20x/25028186B2.h5,7968199,aff9e07f30f8a8a001b44ad64086f1d001cc311c371ef579feb64f821131ba71,2026-01-07T11:34:16.482098,"[""coords"", ""features""]","{""coords"": {""dtype"": ""int64"", ""has_inf"": false, ""has_nan"": false, ""shape"": [4181, 2], ""summary_hash"": ""8fded325de8dd8e0f1a423b175db623577978630b8a9f5e79ea169d9eb274568""}, ""features"": {""dtype"": ""float32"", ""has_inf"": false, ""has_nan"": false, ""shape"": [4181, 512], ""summary_hash"": ""991f13a4ede28f4f8ce8f2f6da1bbbf77004439d09efba011616dfe7a8925e84""}}",features,"[4181, 512]",float32,False,False,991f13a4ede28f4f8ce8f2f6da1bbbf77004439d09efba011616dfe7a8925e84,"[4181, 2]",8fded325de8dd8e0f1a423b175db623577978630b8a9f5e79ea169d9eb274568
25028210B2.h5,features_biomedclip_20x/25028210B2.h5,3400239,4826092a2cb34c1990c4e6f53c53799819577cd8bbfabee01573e2a409977ab0,2026-01-07T11:34:42.849004,"[""coords"", ""features""]","{""coords"": {""dtype"": ""int64"", ""has_inf"": false, ""has_nan"": false, ""shape"": [1784, 2], ""summary_hash"": ""55b9e6c89862dfede221b1aff9aeabee3c418f9a89f7044a688a92c6ec0a8a0c""}, ""features"": {""dtype"": ""float32"", ""has_inf"": false, ""has_nan"": false, ""shape"": [1784, 512], ""summary_hash"": ""f9a8a85f792cd0111a24a74b8aee0d5ac1717e1c457a43488214ccb45d305d91""}}",features,"[1784, 512]",float32,False,False,f9a8a85f792cd0111a24a74b8aee0d5ac1717e1c457a43488214ccb45d305d91,"[1784, 2]",55b9e6c89862dfede221b1aff9aeabee3c418f9a89f7044a688a92c6ec0a8a0c
25028514B.h5,features_biomedclip_20x/25028514B.h5,3322396,adb18cb1145ac122dbbaad21c611c1151e1d01862e480822e9039d5ff9ed524e,2026-01-07T11:34:51.141974,"[""coords"", ""features""]","{""coords"": {""dtype"": ""int64"", ""has_inf"": false, ""has_nan"": false, ""shape"": [1741, 2], ""summary_hash"": ""22bb9c84edd81f89f8d75ecf3bb9363fa2bc0d7156023de4b934c8adf072a9d1""}, ""features"": {""dtype"": ""float32"", ""has_inf"": false, ""has_nan"": false, ""shape"": [1741, 512], ""summary_hash"": ""88ecdeae1a8bd43124dfbf353ebf46d076801e22a042ded19c5ef3d5bf7fcd3b""}}",features,"[1741, 512]",float32,False,False,88ecdeae1a8bd43124dfbf353ebf46d076801e22a042ded19c5ef3d5bf7fcd3b,"[1741, 2]",22bb9c84edd81f89f8d75ecf3bb9363fa2bc0d7156023de4b934c8adf072a9d1
25028520B3.h5,features_biomedclip_20x/25028520B3.h5,4198488,0b9daa4c13ce15b84635e83aecdbee0497e510afe1dc335fc5c878e17a0484cf,2026-01-07T11:34:27.578058,"[""coords"", ""features""]","{""coords"": {""dtype"": ""int64"", ""has_inf"": false, ""has_nan"": false, ""shape"": [2200, 2], ""summary_hash"": ""43314cb64ba2cea35d18c49758aca5efc9b0f8e5c03e86e704c4f89253beb744""}, ""features"": {""dtype"": ""float32"", ""has_inf"": false, ""has_nan"": false, ""shape"": [2200, 512], ""summary_hash"": ""17e7da4e33f73b28ca87547d795b71f659d4f838144b25520199bba7129b0143""}}",features,"[2200, 512]",float32,False,False,17e7da4e33f73b28ca87547d795b71f659d4f838144b25520199bba7129b0143,"[2200, 2]",43314cb64ba2cea35d18c49758aca5efc9b0f8e5c03e86e704c4f89253beb744
25028738B2.h5,features_biomedclip_20x/25028738B2.h5,5873544,30e47abb06adb30ed3144e110121110b5339a362e0abc55132f4f6ea37a4a699,2026-01-07T11:34:37.749022,"[""coords"", ""features""]","{""coords"": {""dtype"": ""int64"", ""has_inf"": false, ""has_nan"": false, ""shape"": [3080, 2], ""summary_hash"": ""621118689b4cf3afd8887f7519859a8c35c0f404c1de186190e7e5638eb7e067""}, ""features"": {""dtype"": ""float32"", ""has_inf"": false, ""has_nan"": false, ""shape"": [3080, 512], ""summary_hash"": ""3e9be9f3c70cc1b86b50bfb13bf3d81cd6dd54bd4f0229a9a5e1da83e69ae902""}}",features,"[3080, 512]",float32,False,False,3e9be9f3c70cc1b86b50bfb13bf3d81cd6dd54bd4f0229a9a5e1da83e69ae902,"[3080, 2]",621118689b4cf3afd8887f7519859a8c35c0f404c1de186190e7e5638eb7e067
25028862B2.h5,features_biomedclip_20x/25028862B2.h5,4957043,652f1165353fb2d0e5ddf6760caa81ae91b079351a1850c4af553f0a5b729ed3,2026-01-07T11:34:20.562083,"[""coords"", ""features""]","{""coords"": {""dtype"": ""int64"", ""has_inf"": false, ""has_nan"": false, ""shape"": [2597, 2], ""summary_hash"": ""09f9150592dde95285dd0b36b9190818bf19372a33b080cca737da168d866a4f""}, ""features"": {""dtype"": ""float32"", ""has_inf"": false, ""has_nan"": false, ""shape"": [2597, 512], ""summary_hash"": ""c9393a53b988588b8380ed7b8e3b9cda236787120ccd225c53fad394e2fd9e92""}}",features,"[2597, 512]",float32,False,False,c9393a53b988588b8380ed7b8e3b9cda236787120ccd225c53fad394e2fd9e92,"[2597, 2]",09f9150592dde95285dd0b36b9190818bf19372a33b080cca737da168d866a4f
25028868B2.h5,features_biomedclip_20x/25028868B2.h5,3164278,385b73d95933ae9d3dcb5b00b2a5ffb960bf187a4e1da37efb44f16768743a4c,2026-01-07T11:35:04.642926,"[""coords"", ""features""]","{""coords"": {""dtype"": ""int64"", ""has_inf"": false, ""has_nan"": false, ""shape"": [1658, 2], ""summary_hash"": ""a12e887944adfcac762b15c4d1ea5402178304b337fa8beab3fcee8f9895ed00""}, ""features"": {""dtype"": ""float32"", ""has_inf"": false, ""has_nan"": false, ""shape"": [1658, 512], ""summary_hash"": ""76458a0ac8c4ce54b78307a4ccdcaea2fae66a68ce7f31f8fec73e41c8c39cb4""}}",features,"[1658, 512]",float32,False,False,76458a0ac8c4ce54b78307a4ccdcaea2fae66a68ce7f31f8fec73e41c8c39cb4,"[1658, 2]",a12e887944adfcac762b15c4d1ea5402178304b337fa8beab3fcee8f9895ed00
25028879B3.h5,features_biomedclip_20x/25028879B3.h5,7639552,10b607a1997d8b3efe473d631cd8e617462cff618bcea6fa6ac97603f71af884,2026-01-07T11:34:50.217977,"[""coords"", ""features""]","{""coords"": {""dtype"": ""int64"", ""has_inf"": false, ""has_nan"": false, ""shape"": [4014, 2], ""summary_hash"": ""403351cb6c24e860292b41a5f87cc4b1439dbd6dcaa8018cf9cf324f017edfc1""}, ""features"": {""dtype"": ""float32"", ""has_inf"": false, ""has_nan"": false, ""shape"": [4014, 512], ""summary_hash"": ""9f6c83e6e17a5189f3afc7164098dccfbc68ab52d2c5b65e296f09970e2165b6""}}",features,"[4014, 512]",float32,False,False,9f6c83e6e17a5189f3afc7164098dccfbc68ab52d2c5b65e296f09970e2165b6,"[4014, 2]",403351cb6c24e860292b41a5f87cc4b1439dbd6dcaa8018cf9cf324f017edfc1
25028885B2.h5,features_biomedclip_20x/25028885B2.h5,7099059,5a2cfe5ac90f99242867695460c7fcf10195b35ad6738954c584ca2c66dc2cf7,2026-01-07T11:35:01.372938,"[""coords"", ""features""]","{""coords"": {""dtype"": ""int64"", ""has_inf"": false, ""has_nan"": false, ""shape"": [3730, 2], ""summary_hash"": ""19647c4224cb1ca2bcbc26ca14f9104d0e054460d561e6932982d968bef1cd22""}, ""features"": {""dtype"": ""float32"", ""has_inf"": false, ""has_nan"": false, ""shape"": [3730, 512], ""summary_hash"": ""5b87dd87af70e5d1e652e1a139574aa508639a72b46a73cc693fa9041b9b7f8d""}}",features,"[3730, 512]",float32,False,False,5b87dd87af70e5d1e652e1a139574aa508639a72b46a73cc693fa9041b9b7f8d,"[3730, 2]",19647c4224cb1ca2bcbc26ca14f9104d0e054460d561e6932982d968bef1cd22
25029134B.h5,features_biomedclip_20x/25029134B.h5,7210016,b7c69ff5878e308db1f9a62844de7534ddfb150e9e7772bffdbae6e97a6e7448,2026-01-07T11:34:20.953082,"[""coords"", ""features""]","{""coords"": {""dtype"": ""int64"", ""has_inf"": false, ""has_nan"": false, ""shape"": [3786, 2], ""summary_hash"": ""03fca9f66244d533c4874ce9782a4ccdd4c8d21ec5e08b243c08abe53751d8ff""}, ""features"": {""dtype"": ""float32"", ""has_inf"": false, ""has_nan"": false, ""shape"": [3786, 512], ""summary_hash"": ""9458b574897d962b8345c7adb0c2f5b80b8f6028bfd39e4b9a3eeba76e6fe0f9""}}",features,"[3786, 512]",float32,False,False,9458b574897d962b8345c7adb0c2f5b80b8f6028bfd39e4b9a3eeba76e6fe0f9,"[3786, 2]",03fca9f66244d533c4874ce9782a4ccdd4c8d21ec5e08b243c08abe53751d8ff
25029179B.h5,features_biomedclip_20x/25029179B.h5,9514973,6ce383afe36e9abe72b2b2f94d5cbb4930b4c29ff55c79533722d2dfef7da99e,2026-01-07T11:35:00.392941,"[""coords"", ""features""]","{""coords"": {""dtype"": ""int64"", ""has_inf"": false, ""has_nan"": false, ""shape"": [5002, 2], ""summary_hash"": ""b993136600a557a779fd21ccec7ca775cbc1333965cc773fdce153475df0180d""}, ""features"": {""dtype"": ""float32"", ""has_inf"": false, ""has_nan"": false, ""shape"": [5002, 512], ""summary_hash"": ""bc1d78b6a10702c6f080930e543fce49409d4e25c7488025f62d6186b43f837d""}}",features,"[5002, 512]",float32,False,False,bc1d78b6a10702c6f080930e543fce49409d4e25c7488025f62d6186b43f837d,"[5002, 2]",b993136600a557a779fd21ccec7ca775cbc1333965cc773fdce153475df0180d
25029425B.h5,features_biomedclip_20x/25029425B.h5,10329730,02d6552fd223b9c984358a6eef8086c33a77a1a5eff2451f25e691d9162e1925,2026-01-07T11:34:52.439969,"[""coords"", ""features""]","{""coords"": {""dtype"": ""int64"", ""has_inf"": false, ""has_nan"": false, ""shape"": [5429, 2], ""summary_hash"": ""6d3f1834abe45e4f7119e98b8e88dde12a95ca04fd3e42a265207b28e426cdba""}, ""features"": {""dtype"": ""float32"", ""has_inf"": false, ""has_nan"": false, ""shape"": [5429, 512], ""summary_hash"": ""cc671dfe366b5d30eca44439b99d85069492f7c042fa42e452efcab3f69e6c37""}}",features,"[5429, 512]",float32,False,False,cc671dfe366b5d30eca44439b99d85069492f7c042fa42e452efcab3f69e6c37,"[5429, 2]",6d3f1834abe45e4f7119e98b8e88dde12a95ca04fd3e42a265207b28e426cdba
25029425B2.h5,features_biomedclip_20x/25029425B2.h5,8000673,d6c836435043161803ccb1db236d47397d8d7a7e240ecbb9cf0fc09ba350e105,2026-01-07T11:34:45.549994,"[""coords"", ""features""]","{""coords"": {""dtype"": ""int64"", ""has_inf"": false, ""has_nan"": false, ""shape"": [4198, 2], ""summary_hash"": ""b2808ce1c105c5879530f212c3916fe1a3600b44ad27e91074135f0c16768f1a""}, ""features"": {""dtype"": ""float32"", ""has_inf"": false, ""has_nan"": false, ""shape"": [4198, 512], ""summary_hash"": ""4192966af3e76cdf3ce762593248429c45da143a85adc850c33c333935f6cf6c""}}",features,"[4198, 512]",float32,False,False,4192966af3e76cdf3ce762593248429c45da143a85adc850c33c333935f6cf6c,"[4198, 2]",b2808ce1c105c5879530f212c3916fe1a3600b44ad27e91074135f0c16768f1a
25029425B3.h5,features_biomedclip_20x/25029425B3.h5,6802823,1253f3acde328f5094fdd2c260e8beef116ce02307277dbc3c7b44a9ee6de23b,2026-01-07T11:34:43.808000,"[""coords"", ""features""]","{""coords"": {""dtype"": ""int64"", ""has_inf"": false, ""has_nan"": false, ""shape"": [3572, 2], ""summary_hash"": ""b19c895c551d1678c54f1f8e68097de0ecb83e30d93dab705e4e08b9f44f12b7""}, ""features"": {""dtype"": ""float32"", ""has_inf"": false, ""has_nan"": false, ""shape"": [3572, 512], ""summary_hash"": ""945c4f5a1c42fd1cefc3ee55ed00396d15731cb59cdbbe7b7c2f2b5259b339f9""}}",features,"[3572, 512]",float32,False,False,945c4f5a1c42fd1cefc3ee55ed00396d15731cb59cdbbe7b7c2f2b5259b339f9,"[3572, 2]",b19c895c551d1678c54f1f8e68097de0ecb83e30d93dab705e4e08b9f44f12b7
25029560B2.h5,features_biomedclip_20x/25029560B2.h5,1027857,f59d1ffe3ba4c826fc5ac6d2bf4b3f7d02cd00d5299b71ff9736e8954551c25d,2026-01-07T11:34:50.480976,"[""coords"", ""features""]","{""coords"": {""dtype"": ""int64"", ""has_inf"": false, ""has_nan"": false, ""shape"": [536, 2], ""summary_hash"": ""aacb29b06fe0fc59216b550c3226fcb1544f82f91bc7c55cb2a29de2d5fd4bb9""}, ""features"": {""dtype"": ""float32"", ""has_inf"": false, ""has_nan"": false, ""shape"": [536, 512], ""summary_hash"": ""96d8c6818a3f1e7be6ecde82e0ab988658ed9da335ab5827dd90ebe1963ead37""}}",features,"[536, 512]",float32,False,False,96d8c6818a3f1e7be6ecde82e0ab988658ed9da335ab5827dd90ebe1963ead37,"[536, 2]",aacb29b06fe0fc59216b550c3226fcb1544f82f91bc7c55cb2a29de2d5fd4bb9
25029565B5.h5,features_biomedclip_20x/25029565B5.h5,1867336,e20062a55952a6b27ea850709bfc5caafd55011e157d3b5338dae69d1c4323ea,2026-01-07T11:34:45.330995,"[""coords"", ""features""]","{""coords"": {""dtype"": ""int64"", ""has_inf"": false, ""has_nan"": false, ""shape"": [975, 2], ""summary_hash"": ""c42634fa4ccdf74c947f3ec573ad1f79aeb76301766ae69cd321669e65a3387b""}, ""features"": {""dtype"": ""float32"", ""has_inf"": false, ""has_nan"": false, ""shape"": [975, 512], ""summary_hash"": ""4ebfec44a04d0dea4fb5c4b196b532018b683f427ebb9a9c1d61c9701820e74b""}}",features,"[975, 512]",float32,False,False,4ebfec44a04d0dea4fb5c4b196b532018b683f427ebb9a9c1d61c9701820e74b,"[975, 2]",c42634fa4ccdf74c947f3ec573ad1f79aeb76301766ae69cd321669e65a3387b
25029737B2.h5,features_biomedclip_20x/25029737B2.h5,6211815,d43afce0e53f9680bd0c637f65069b95b15c3de5aa82724d26ef15c7364e85d2,2026-01-07T11:34:44.020999,"[""coords"", ""features""]","{""coords"": {""dtype"": ""int64"", ""has_inf"": false, ""has_nan"": false, ""shape"": [3259, 2], ""summary_hash"": ""ec6d0df9d294384233bd991d3d70253d97fd360694601eb7144865148f4b9f72""}, ""features"": {""dtype"": ""float32"", ""has_inf"": false, ""has_nan"": false, ""shape"": [3259, 512], ""summary_hash"": ""fcdda23789d8bf875e96ca7b9ab6f9925bbccdd1618b5d0412de082b057740b3""}}",features,"[3259, 512]",float32,False,False,fcdda23789d8bf875e96ca7b9ab6f9925bbccdd1618b5d0412de082b057740b3,"[3259, 2]",ec6d0df9d294384233bd991d3d70253d97fd360694601eb7144865148f4b9f72
25029906B2.h5,features_biomedclip_20x/25029906B2.h5,7104659,487e5b8e30f7f0b46c224d276aab3507b1c0a664a32882590fe49e9ac522e2b2,2026-01-07T11:34:40.250013,"[""coords"", ""features""]","{""coords"": {""dtype"": ""int64"", ""has_inf"": false, ""has_nan"": false, ""shape"": [3730, 2], ""summary_hash"": ""bfe93b2c8df41858ee1473f3124aa2e92b4dc35f1a74ab5c52e2689f1939dcc8""}, ""features"": {""dtype"": ""float32"", ""has_inf"": false, ""has_nan"": false, ""shape"": [3730, 512], ""summary_hash"": ""22ca2bfb74de18c219945013962a8649298caa83b58984ba1047fbf9906d94a7""}}",features,"[3730, 512]",float32,False,False,22ca2bfb74de18c219945013962a8649298caa83b58984ba1047fbf9906d94a7,"[3730, 2]",bfe93b2c8df41858ee1473f3124aa2e92b4dc35f1a74ab5c52e2689f1939dcc8
25030118B2.h5,features_biomedclip_20x/25030118B2.h5,3287618,0dea3fb426e27fa9a2f70e274be9179cc4c129e9a92ef3196d11001437815387,2026-01-07T11:34:16.720097,"[""coords"", ""features""]","{""coords"": {""dtype"": ""int64"", ""has_inf"": false, ""has_nan"": false, ""shape"": [1723, 2], ""summary_hash"": ""28800c90b385b48a6d7b327d1a0c5bc8988ffc8deb46a2c7064045066cc7559f""}, ""features"": {""dtype"": ""float32"", ""has_inf"": false, ""has_nan"": false, ""shape"": [1723, 512], ""summary_hash"": ""dd3e42a56ea092f6dad79b687a26d2e7ba8be8ac4f00d4b3de03d368a80eb018""}}",features,"[1723, 512]",float32,False,False,dd3e42a56ea092f6dad79b687a26d2e7ba8be8ac4f00d4b3de03d368a80eb018,"[1723, 2]",28800c90b385b48a6d7b327d1a0c5bc8988ffc8deb46a2c7064045066cc7559f
25030157B3.h5,features_biomedclip_20x/25030157B3.h5,2404860,58909e755abfa9cf43eecf7bc7f8f087635004bcd7c7b6c2936281e40c37d3a2,2026-01-07T11:34:21.380080,"[""coords"", ""features""]","{""coords"": {""dtype"": ""int64"", ""has_inf"": false, ""has_nan"": false, ""shape"": [1256, 2], ""summary_hash"": ""2480bb48ab1371f02265fc790d2d8973e24b92ec108872e887b097609de32067""}, ""features"": {""dtype"": ""float32"", ""has_inf"": false, ""has_nan"": false, ""shape"": [1256, 512], ""summary_hash"": ""a76203b8826f0ecd2eeaf7e5595d99c96ac7cf5fca6cecf498a4492a7e5ce10f""}}",features,"[1256, 512]",float32,False,False,a76203b8826f0ecd2eeaf7e5595d99c96ac7cf5fca6cecf498a4492a7e5ce10f,"[1256, 2]",2480bb48ab1371f02265fc790d2d8973e24b92ec108872e887b097609de32067
25030157B4.h5,features_biomedclip_20x/25030157B4.h5,5910731,32f34767c0fbeb23bbe18d6dcca84ab7b5b5d677498d76b377864e9e306a57b6,2026-01-07T11:34:30.974046,"[""coords"", ""features""]","{""coords"": {""dtype"": ""int64"", ""has_inf"": false, ""has_nan"": false, ""shape"": [3100, 2], ""summary_hash"": ""0c1f643d4eccdc6e63359f3a2500df5e737b959711b91bf4d63fc48c7a777bb1""}, ""features"": {""dtype"": ""float32"", ""has_inf"": false, ""has_nan"": false, ""shape"": [3100, 512], ""summary_hash"": ""781ef7110efbc63d448e6dc8da1dcb48b6440a54ddeb13c23733d33dc9e91355""}}",features,"[3100, 512]",float32,False,False,781ef7110efbc63d448e6dc8da1dcb48b6440a54ddeb13c23733d33dc9e91355,"[3100, 2]",0c1f643d4eccdc6e63359f3a2500df5e737b959711b91bf4d63fc48c7a777bb1
25030334B2.h5,features_biomedclip_20x/25030334B2.h5,6103294,7536eec2d40d97b2d8b223697d4ba0343f6c326120dc8fb6f9b3676f1b463030,2026-01-07T11:34:31.889043,"[""coords"", ""features""]","{""coords"": {""dtype"": ""int64"", ""has_inf"": false, ""has_nan"": false, ""shape"": [3202, 2], ""summary_hash"": ""2b4a270bea884ba78bb813b1debfe3e48d41d67d2490ec0d7fa858484009a3c9""}, ""features"": {""dtype"": ""float32"", ""has_inf"": false, ""has_nan"": false, ""shape"": [3202, 512], ""summary_hash"": ""98907e0c644a78104e4caa37409ce45cf62621eeb912544e5a5e61daad008d64""}}",features,"[3202, 512]",float32,False,False,98907e0c644a78104e4caa37409ce45cf62621eeb912544e5a5e61daad008d64,"[3202, 2]",2b4a270bea884ba78bb813b1debfe3e48d41d67d2490ec0d7fa858484009a3c9
25030619B2.h5,features_biomedclip_20x/25030619B2.h5,6455402,39443d96d5ca3cbb211e7807aa66f4f6d7cc5724b4f867d0e92e03739f3309fa,2026-01-07T11:34:59.963943,"[""coords"", ""features""]","{""coords"": {""dtype"": ""int64"", ""has_inf"": false, ""has_nan"": false, ""shape"": [3387, 2], ""summary_hash"": ""52e10ef6fea8169d754acfeb18a1fc2b7da91f74c9674ee18973c0c8892ff71d""}, ""features"": {""dtype"": ""float32"", ""has_inf"": false, ""has_nan"": false, ""shape"": [3387, 512], ""summary_hash"": ""703fd14fe37d3c2e2ca26a8b7e323913a185616f9bf0c47115334b1b4d3ee210""}}",features,"[3387, 512]",float32,False,False,703fd14fe37d3c2e2ca26a8b7e323913a185616f9bf0c47115334b1b4d3ee210,"[3387, 2]",52e10ef6fea8169d754acfeb18a1fc2b7da91f74c9674ee18973c0c8892ff71d
25030630B.h5,features_biomedclip_20x/25030630B.h5,8131866,fd356c520e2dd1a9dd89871ffa4bdd6910e1dc7fb4e110e78276f6737676332d,2026-01-07T11:34:18.328091,"[""coords"", ""features""]","{""coords"": {""dtype"": ""int64"", ""has_inf"": false, ""has_nan"": false, ""shape"": [4265, 2], ""summary_hash"": ""42c99c3ad6c06951cb95c734ae569e58ab44e15486c7e32ffceed5aa7266b172""}, ""features"": {""dtype"": ""float32"", ""has_inf"": false, ""has_nan"": false, ""shape"": [4265, 512], ""summary_hash"": ""2f8b058014d59a119c07c56fab29c48e1ad1671528471087f6f5f0668eb7a9b2""}}",features,"[4265, 512]",float32,False,False,2f8b058014d59a119c07c56fab29c48e1ad1671528471087f6f5f0668eb7a9b2,"[4265, 2]",42c99c3ad6c06951cb95c734ae569e58ab44e15486c7e32ffceed5aa7266b172
25030750B2.h5,features_biomedclip_20x/25030750B2.h5,9711783,7b17b7d505589f311fbcba90953b861e19bee4f481b745ab80a001077a421e04,2026-01-07T11:34:55.359959,"[""coords"", ""features""]","{""coords"": {""dtype"": ""int64"", ""has_inf"": false, ""has_nan"": false, ""shape"": [5104, 2], ""summary_hash"": ""770af114af00e483a9ea8079872aaa5643344b07f5c7eb82a790e5830cccbf56""}, ""features"": {""dtype"": ""float32"", ""has_inf"": false, ""has_nan"": false, ""shape"": [5104, 512], ""summary_hash"": ""c2fb6f6bf51c659f0745e38af4c58e5a8aec0d29c6ab484a0d4b4f69621af502""}}",features,"[5104, 512]",float32,False,False,c2fb6f6bf51c659f0745e38af4c58e5a8aec0d29c6ab484a0d4b4f69621af502,"[5104, 2]",770af114af00e483a9ea8079872aaa5643344b07f5c7eb82a790e5830cccbf56
25030988B4.h5,features_biomedclip_20x/25030988B4.h5,3976811,ec01175b60cf43f468bbb030886efcda7563a68eff707d992d7d36275b3ddca9,2026-01-07T11:34:40.684011,"[""coords"", ""features""]","{""coords"": {""dtype"": ""int64"", ""has_inf"": false, ""has_nan"": false, ""shape"": [2083, 2], ""summary_hash"": ""8a0c7591da4d9a0a58b5aa69e23f2da46ba5b9f152ebd6dec73e56e91f3318eb""}, ""features"": {""dtype"": ""float32"", ""has_inf"": false, ""has_nan"": false, ""shape"": [2083, 512], ""summary_hash"": ""bda50d539ab01d1b331e8e1f2ce365fd15797c9f5c585f0992a439295268cc28""}}",features,"[2083, 512]",float32,False,False,bda50d539ab01d1b331e8e1f2ce365fd15797c9f5c585f0992a439295268cc28,"[2083, 2]",8a0c7591da4d9a0a58b5aa69e23f2da46ba5b9f152ebd6dec73e56e91f3318eb
25030998B2.h5,features_biomedclip_20x/25030998B2.h5,5723377,cbc1604653af7cd041976841e16b1e6cbde0ed141659e426045b7db4c6bf2eb7,2026-01-07T11:34:18.779089,"[""coords"", ""features""]","{""coords"": {""dtype"": ""int64"", ""has_inf"": false, ""has_nan"": false, ""shape"": [3001, 2], ""summary_hash"": ""f38e2bd9e07b006b21a2b3de5c933bed8d64b0ba552270c157e3d88fd469c221""}, ""features"": {""dtype"": ""float32"", ""has_inf"": false, ""has_nan"": false, ""shape"": [3001, 512], ""summary_hash"": ""0abf4564e0839b672af65014439b228e3f9d054f80c0e322ce6c3e2ae6a8f0b5""}}",features,"[3001, 512]",float32,False,False,0abf4564e0839b672af65014439b228e3f9d054f80c0e322ce6c3e2ae6a8f0b5,"[3001, 2]",f38e2bd9e07b006b21a2b3de5c933bed8d64b0ba552270c157e3d88fd469c221
25031267B2.h5,features_biomedclip_20x/25031267B2.h5,4469742,f2c20a5640b4e80ad805ef8a771096f241e053670b57b3ab6aa137a75d7dac6f,2026-01-07T11:35:00.813940,"[""coords"", ""features""]","{""coords"": {""dtype"": ""int64"", ""has_inf"": false, ""has_nan"": false, ""shape"": [2345, 2], ""summary_hash"": ""6034694a270bfe2c71dd3b52e7708ee9930518e5f7a742ab9212094bc432441e""}, ""features"": {""dtype"": ""float32"", ""has_inf"": false, ""has_nan"": false, ""shape"": [2345, 512], ""summary_hash"": ""7db13bf6676935e3ce2f50e9c79213718750e7ec7210fc88272fedf36b576e19""}}",features,"[2345, 512]",float32,False,False,7db13bf6676935e3ce2f50e9c79213718750e7ec7210fc88272fedf36b576e19,"[2345, 2]",6034694a270bfe2c71dd3b52e7708ee9930518e5f7a742ab9212094bc432441e
25031271B2.h5,features_biomedclip_20x/25031271B2.h5,3601745,32c63bad0b3218b98504932eb00cbef497ae79aaaccfe90ea27cf8daedf1e1a6,2026-01-07T11:34:18.721090,"[""coords"", ""features""]","{""coords"": {""dtype"": ""int64"", ""has_inf"": false, ""has_nan"": false, ""shape"": [1888, 2], ""summary_hash"": ""5054896898947373d781e6050266b83630093dc3118c444916badaddb2e9862f""}, ""features"": {""dtype"": ""float32"", ""has_inf"": false, ""has_nan"": false, ""shape"": [1888, 512], ""summary_hash"": ""fb6db734d837882d9eab920aaff98821a8f833b4ec364b207df76eeae3d7f5b4""}}",features,"[1888, 512]",float32,False,False,fb6db734d837882d9eab920aaff98821a8f833b4ec364b207df76eeae3d7f5b4,"[1888, 2]",5054896898947373d781e6050266b83630093dc3118c444916badaddb2e9862f
25031281B2.h5,features_biomedclip_20x/25031281B2.h5,5415013,58afb2765c4ffc64ef07896d00a9f14dfe3237f84f0482f31db0c20c717e5b7f,2026-01-07T11:34:41.373009,"[""coords"", ""features""]","{""coords"": {""dtype"": ""int64"", ""has_inf"": false, ""has_nan"": false, ""shape"": [2839, 2], ""summary_hash"": ""48d648603b5ed29697b57ad642294b49cdedbc090ef1b5c209aa0afbd9d73ea7""}, ""features"": {""dtype"": ""float32"", ""has_inf"": false, ""has_nan"": false, ""shape"": [2839, 512], ""summary_hash"": ""232c8fdf7021e30283adebb723e64bb43e7b7e57f96e17f27375ecdb5289a46c""}}",features,"[2839, 512]",float32,False,False,232c8fdf7021e30283adebb723e64bb43e7b7e57f96e17f27375ecdb5289a46c,"[2839, 2]",48d648603b5ed29697b57ad642294b49cdedbc090ef1b5c209aa0afbd9d73ea7
25031302B.h5,features_biomedclip_20x/25031302B.h5,6740792,498446cd9c358402e40e8f476dea6109183acbd7d3adb63cf21302d5ab3c7690,2026-01-07T11:34:35.818029,"[""coords"", ""features""]","{""coords"": {""dtype"": ""int64"", ""has_inf"": false, ""has_nan"": false, ""shape"": [3539, 2], ""summary_hash"": ""9474d9a98e64e61a623d1486194c2dd1d2284ed37d7976c045e1b6fd730eb0ac""}, ""features"": {""dtype"": ""float32"", ""has_inf"": false, ""has_nan"": false, ""shape"": [3539, 512], ""summary_hash"": ""33295ac54a414a07a853c5bf5744258922ac63fc5d739039d02c5773b6336efe""}}",features,"[3539, 512]",float32,False,False,33295ac54a414a07a853c5bf5744258922ac63fc5d739039d02c5773b6336efe,"[3539, 2]",9474d9a98e64e61a623d1486194c2dd1d2284ed37d7976c045e1b6fd730eb0ac
25031385B4.h5,features_biomedclip_20x/25031385B4.h5,4942212,d26540bd2076b8d9600f06b84c476c0d127bc5b59177dd8b5724ed248dce32fa,2026-01-07T11:35:06.737918,"[""coords"", ""features""]","{""coords"": {""dtype"": ""int64"", ""has_inf"": false, ""has_nan"": false, ""shape"": [2588, 2], ""summary_hash"": ""a90f561154e3f5dde046a5f6e2229a178ea4511f17c7fc72f92cb5ada99c4a54""}, ""features"": {""dtype"": ""float32"", ""has_inf"": false, ""has_nan"": false, ""shape"": [2588, 512], ""summary_hash"": ""2bae8e40bf0a61b0f0d66cab9e7fd3bf8773c2ab14aa20b40ac0124b3dfb1736""}}",features,"[2588, 512]",float32,False,False,2bae8e40bf0a61b0f0d66cab9e7fd3bf8773c2ab14aa20b40ac0124b3dfb1736,"[2588, 2]",a90f561154e3f5dde046a5f6e2229a178ea4511f17c7fc72f92cb5ada99c4a54
25031387B2.h5,features_biomedclip_20x/25031387B2.h5,9905702,c9e879310e648494c330866e3723f08f5e7fc530fd79a73127c89132855a4f10,2026-01-07T11:34:39.049017,"[""coords"", ""features""]","{""coords"": {""dtype"": ""int64"", ""has_inf"": false, ""has_nan"": false, ""shape"": [5205, 2], ""summary_hash"": ""71c6559234527b3a6e396b202b5a1764fdeb6e7ccdc9e6a91d0b2dcd69f34320""}, ""features"": {""dtype"": ""float32"", ""has_inf"": false, ""has_nan"": false, ""shape"": [5205, 512], ""summary_hash"": ""016e23c3aa0c97b7cde5816322792c1524acf8b9515a88fa74b751c6563cf05f""}}",features,"[5205, 512]",float32,False,False,016e23c3aa0c97b7cde5816322792c1524acf8b9515a88fa74b751c6563cf05f,"[5205, 2]",71c6559234527b3a6e396b202b5a1764fdeb6e7ccdc9e6a91d0b2dcd69f34320
25031411B3.h5,features_biomedclip_20x/25031411B3.h5,1030460,4d1c2ef40a9aba3df31c061ec92683ce63e940ce1e2c0fc2f7d899d16f555731,2026-01-07T11:34:49.476980,"[""coords"", ""features""]","{""coords"": {""dtype"": ""int64"", ""has_inf"": false, ""has_nan"": false, ""shape"": [537, 2], ""summary_hash"": ""0584122020cebbfd9c37cb8e0d000bbf8f304ab8a8c44fe8be5cd3242d7b4252""}, ""features"": {""dtype"": ""float32"", ""has_inf"": false, ""has_nan"": false, ""shape"": [537, 512], ""summary_hash"": ""387a31c5171ad56cbbb86061fa991d6190066a08a062a90f4b506c8c7e9f1801""}}",features,"[537, 512]",float32,False,False,387a31c5171ad56cbbb86061fa991d6190066a08a062a90f4b506c8c7e9f1801,"[537, 2]",0584122020cebbfd9c37cb8e0d000bbf8f304ab8a8c44fe8be5cd3242d7b4252
25031706B.h5,features_biomedclip_20x/25031706B.h5,3896260,f7521e55057dfdfd6e1feb315f820b8c3be71b398775af0a083f573c4fbfbb32,2026-01-07T11:34:17.543094,"[""coords"", ""features""]","{""coords"": {""dtype"": ""int64"", ""has_inf"": false, ""has_nan"": false, ""shape"": [2044, 2], ""summary_hash"": ""8e4a791edd0e95c0ac31f29ba8d37c1061900630f5742c9ccaa0104f54d8ccce""}, ""features"": {""dtype"": ""float32"", ""has_inf"": false, ""has_nan"": false, ""shape"": [2044, 512], ""summary_hash"": ""c8669b4aa9f358c40a7ecfa98ad789c9447b2260e7f1c597fcb99a50b82be0b1""}}",features,"[2044, 512]",float32,False,False,c8669b4aa9f358c40a7ecfa98ad789c9447b2260e7f1c597fcb99a50b82be0b1,"[2044, 2]",8e4a791edd0e95c0ac31f29ba8d37c1061900630f5742c9ccaa0104f54d8ccce
25031706B2.h5,features_biomedclip_20x/25031706B2.h5,6467201,5ad2549e1d5dbc58b84d40a929a605bc36bb13a1d17ddfbfb6c41f11a7ed6fbb,2026-01-07T11:34:58.625947,"[""coords"", ""features""]","{""coords"": {""dtype"": ""int64"", ""has_inf"": false, ""has_nan"": false, ""shape"": [3393, 2], ""summary_hash"": ""7c0aa4da2a0f8e6f435614bf7d84115248057847a62d593be7cd5e83e9795872""}, ""features"": {""dtype"": ""float32"", ""has_inf"": false, ""has_nan"": false, ""shape"": [3393, 512], ""summary_hash"": ""f54c0e94894d748cec91c4bf98aad51131723839e43a2fea2ddf13273fb87368""}}",features,"[3393, 512]",float32,False,False,f54c0e94894d748cec91c4bf98aad51131723839e43a2fea2ddf13273fb87368,"[3393, 2]",7c0aa4da2a0f8e6f435614bf7d84115248057847a62d593be7cd5e83e9795872
25032143B2.h5,features_biomedclip_20x/25032143B2.h5,2516712,abca24ea6d1d59ea5eb19173a88683015344c8d02c2b46969b1b18f3141d491a,2026-01-07T11:35:00.755940,"[""coords"", ""features""]","{""coords"": {""dtype"": ""int64"", ""has_inf"": false, ""has_nan"": false, ""shape"": [1315, 2], ""summary_hash"": ""452ed9da037782d758454c388daf1e32b04b644922cf6dc95998f471e87185a9""}, ""features"": {""dtype"": ""float32"", ""has_inf"": false, ""has_nan"": false, ""shape"": [1315, 512], ""summary_hash"": ""4b0c8caf096b7256d4f0a7d1906c392bfa58af57719ca782d7fb727a3c1baeb8""}}",features,"[1315, 512]",float32,False,False,4b0c8caf096b7256d4f0a7d1906c392bfa58af57719ca782d7fb727a3c1baeb8,"[1315, 2]",452ed9da037782d758454c388daf1e32b04b644922cf6dc95998f471e87185a9
25032143B3.h5,features_biomedclip_20x/25032143B3.h5,1470499,0292c59e413df6b0bef7e1cd98a7c57aeb8d2d96c7ad72174b4717fb961ed710,2026-01-07T11:35:07.043917,"[""coords"", ""features""]","{""coords"": {""dtype"": ""int64"", ""has_inf"": false, ""has_nan"": false, ""shape"": [770, 2], ""summary_hash"": ""b75730224d62172347787a7bf87e5dbf19881386235ab3f897e01d01cc9eb71a""}, ""features"": {""dtype"": ""float32"", ""has_inf"": false, ""has_nan"": false, ""shape"": [770, 512], ""summary_hash"": ""2801e66c9de578b8d5f6663c8ec182f9cd92a285a14b2493af984cac7d91ebfa""}}",features,"[770, 512]",float32,False,False,2801e66c9de578b8d5f6663c8ec182f9cd92a285a14b2493af984cac7d91ebfa,"[770, 2]",b75730224d62172347787a7bf87e5dbf19881386235ab3f897e01d01cc9eb71a
25032146B2.h5,features_biomedclip_20x/25032146B2.h5,464934,410c720cdca9eb123208245bc3271d10dd33bca1d39ceed98c7d9f5b2be533fa,2026-01-07T11:34:45.047996,"[""coords"", ""features""]","{""coords"": {""dtype"": ""int64"", ""has_inf"": false, ""has_nan"": false, ""shape"": [241, 2], ""summary_hash"": ""6553425be89d10effdc0d75ae0b8acf0313f712d2efc0b32d2bf195f62b45690""}, ""features"": {""dtype"": ""float32"", ""has_inf"": false, ""has_nan"": false, ""shape"": [241, 512], ""summary_hash"": ""828e25b7c58984d16bf259b967008f0cf4e6739b614146e4b2ab8c059001d3d3""}}",features,"[241, 512]",float32,False,False,828e25b7c58984d16bf259b967008f0cf4e6739b614146e4b2ab8c059001d3d3,"[241, 2]",6553425be89d10effdc0d75ae0b8acf0313f712d2efc0b32d2bf195f62b45690
25032179B3.h5,features_biomedclip_20x/25032179B3.h5,1156430,945725d9181fec7e81274cb768fda3cc62ea1177340451c2c7d50368ef994e70,2026-01-07T11:34:37.706022,"[""coords"", ""features""]","{""coords"": {""dtype"": ""int64"", ""has_inf"": false, ""has_nan"": false, ""shape"": [604, 2], ""summary_hash"": ""bc1b4330a3365976875315a102c42651da32bcefcc9bff6b648b24f96f82f946""}, ""features"": {""dtype"": ""float32"", ""has_inf"": false, ""has_nan"": false, ""shape"": [604, 512], ""summary_hash"": ""6b797ea55b5247bcc1e25e712faa55a847bf3ffaf4ab1c8f12199774628961d7""}}",features,"[604, 512]",float32,False,False,6b797ea55b5247bcc1e25e712faa55a847bf3ffaf4ab1c8f12199774628961d7,"[604, 2]",bc1b4330a3365976875315a102c42651da32bcefcc9bff6b648b24f96f82f946
25032245B2.h5,features_biomedclip_20x/25032245B2.h5,1294872,8232a2222460ecc54119788811c86b834c7c9d72d865475a109bf3f8c2b89e33,2026-01-07T11:34:54.268963,"[""coords"", ""features""]","{""coords"": {""dtype"": ""int64"", ""has_inf"": false, ""has_nan"": false, ""shape"": [677, 2], ""summary_hash"": ""a88442a32901faa5bea674a3959268110fd1da87c0922af19ad2887b7a8de395""}, ""features"": {""dtype"": ""float32"", ""has_inf"": false, ""has_nan"": false, ""shape"": [677, 512], ""summary_hash"": ""f0b5dd9c7e238350513080ec1d7fc77be42aec08183e3af83a2a7598a3d56cb9""}}",features,"[677, 512]",float32,False,False,f0b5dd9c7e238350513080ec1d7fc77be42aec08183e3af83a2a7598a3d56cb9,"[677, 2]",a88442a32901faa5bea674a3959268110fd1da87c0922af19ad2887b7a8de395
25032360B2.h5,features_biomedclip_20x/25032360B2.h5,5087372,0a50793fa7bf68b6c1624d84e7ddb69063617d3a5728aa3571eced34b66eec51,2026-01-07T11:34:20.742082,"[""coords"", ""features""]","{""coords"": {""dtype"": ""int64"", ""has_inf"": false, ""has_nan"": false, ""shape"": [2665, 2], ""summary_hash"": ""f3c3bf2fac2c1dbb44bdc6f21ba31147d150e73477d4fb114c550535d60670f1""}, ""features"": {""dtype"": ""float32"", ""has_inf"": false, ""has_nan"": false, ""shape"": [2665, 512], ""summary_hash"": ""f1f06c568ab751f1fee0f5a599dbd888858f198f9a9818c36d1db7fd394570a1""}}",features,"[2665, 512]",float32,False,False,f1f06c568ab751f1fee0f5a599dbd888858f198f9a9818c36d1db7fd394570a1,"[2665, 2]",f3c3bf2fac2c1dbb44bdc6f21ba31147d150e73477d4fb114c550535d60670f1
25032626B2.h5,features_biomedclip_20x/25032626B2.h5,4321073,1e412964c71b4c9da40e530c94a71d613a8e04da5ffcf04b2a842c80f080dbb5,2026-01-07T11:35:02.959932,"[""coords"", ""features""]","{""coords"": {""dtype"": ""int64"", ""has_inf"": false, ""has_nan"": false, ""shape"": [2265, 2], ""summary_hash"": ""169923015924a2123e8792f38f10fcba30751ae09af05ce5076f4ee199b32108""}, ""features"": {""dtype"": ""float32"", ""has_inf"": false, ""has_nan"": false, ""shape"": [2265, 512], ""summary_hash"": ""2ee4aac4e712612c96d129f0c5d43582450a929f803b4beb582a3e2fd3e95064""}}",features,"[2265, 512]",float32,False,False,2ee4aac4e712612c96d129f0c5d43582450a929f803b4beb582a3e2fd3e95064,"[2265, 2]",169923015924a2123e8792f38f10fcba30751ae09af05ce5076f4ee199b32108
25032788B4.h5,features_biomedclip_20x/25032788B4.h5,5500319,5a24b7c42518ed1d4d0c50c5c2fa78d9fca7faaf4fc54ad27a394f4bbfcdb7f4,2026-01-07T11:34:28.019057,"[""coords"", ""features""]","{""coords"": {""dtype"": ""int64"", ""has_inf"": false, ""has_nan"": false, ""shape"": [2883, 2], ""summary_hash"": ""8fc30d3c9d7425d5d16ec3ee0e3e37cd3bd462be8b9a0dbd45c3272b16fb600b""}, ""features"": {""dtype"": ""float32"", ""has_inf"": false, ""has_nan"": false, ""shape"": [2883, 512], ""summary_hash"": ""f12ce2cb2d066b9f3c7b02681440efe57124cc55413998d5a96a0ce98a4bee0f""}}",features,"[2883, 512]",float32,False,False,f12ce2cb2d066b9f3c7b02681440efe57124cc55413998d5a96a0ce98a4bee0f,"[2883, 2]",8fc30d3c9d7425d5d16ec3ee0e3e37cd3bd462be8b9a0dbd45c3272b16fb600b
25032789B2.h5,features_biomedclip_20x/25032789B2.h5,7173676,2afa3bc02445aa5ae04fba7529d61dced71dd184c63b9a4845a99d4a5aab6145,2026-01-07T11:34:37.539023,"[""coords"", ""features""]","{""coords"": {""dtype"": ""int64"", ""has_inf"": false, ""has_nan"": false, ""shape"": [3767, 2], ""summary_hash"": ""0565821e3d062bfe78adc1f4078390532730c5ab8a25b20a6e4b1c681cddf3da""}, ""features"": {""dtype"": ""float32"", ""has_inf"": false, ""has_nan"": false, ""shape"": [3767, 512], ""summary_hash"": ""448d34cc69d56c9f8341dc7d1ca9a9f865124616bf8325e3e004a6b9ce4a52ff""}}",features,"[3767, 512]",float32,False,False,448d34cc69d56c9f8341dc7d1ca9a9f865124616bf8325e3e004a6b9ce4a52ff,"[3767, 2]",0565821e3d062bfe78adc1f4078390532730c5ab8a25b20a6e4b1c681cddf3da
25033169B1.h5,features_biomedclip_20x/25033169B1.h5,9381868,cab180f9cea19681b07df47a8c90567e30fcb76bba39d101bed20e1011814362,2026-01-07T11:34:18.435091,"[""coords"", ""features""]","{""coords"": {""dtype"": ""int64"", ""has_inf"": false, ""has_nan"": false, ""shape"": [4928, 2], ""summary_hash"": ""c27d6386b86cebd9fb04002d01712fc2315fe918160e7cd35366f20c5c1d2958""}, ""features"": {""dtype"": ""float32"", ""has_inf"": false, ""has_nan"": false, ""shape"": [4928, 512], ""summary_hash"": ""1247b829e08b947a7f34d7ecc926cad507b7298e0e76cdc25af1e152a542629a""}}",features,"[4928, 512]",float32,False,False,1247b829e08b947a7f34d7ecc926cad507b7298e0e76cdc25af1e152a542629a,"[4928, 2]",c27d6386b86cebd9fb04002d01712fc2315fe918160e7cd35366f20c5c1d2958
25033178B4.h5,features_biomedclip_20x/25033178B4.h5,7858090,0b1340422de1e0793dd624ada29ac363501a50420a11440e6087259dee776943,2026-01-07T11:34:23.080074,"[""coords"", ""features""]","{""coords"": {""dtype"": ""int64"", ""has_inf"": false, ""has_nan"": false, ""shape"": [4126, 2], ""summary_hash"": ""57b116a679aa09cf0c7fa298f47e231f80d124e6704bb06e222a4b44173d11c7""}, ""features"": {""dtype"": ""float32"", ""has_inf"": false, ""has_nan"": false, ""shape"": [4126, 512], ""summary_hash"": ""c5af3becc318d98268ccb9e6bf91c3367b642c7aabae49ad3ce9191ed2d0a4fe""}}",features,"[4126, 512]",float32,False,False,c5af3becc318d98268ccb9e6bf91c3367b642c7aabae49ad3ce9191ed2d0a4fe,"[4126, 2]",57b116a679aa09cf0c7fa298f47e231f80d124e6704bb06e222a4b44173d11c7
25033211B.h5,features_biomedclip_20x/25033211B.h5,5589458,84c68bf762f351de331c2433ebd4411bb12969b8947e1dd9a25625d22005aeff,2026-01-07T11:35:02.042935,"[""coords"", ""features""]","{""coords"": {""dtype"": ""int64"", ""has_inf"": false, ""has_nan"": false, ""shape"": [2931, 2], ""summary_hash"": ""19bb77a8099b6971404d3925d263d0e730f284c17c46c37887ac94c18e0df90b""}, ""features"": {""dtype"": ""float32"", ""has_inf"": false, ""has_nan"": false, ""shape"": [2931, 512], ""summary_hash"": ""32d3a0bea459b51518e804e3d84909c3c9b10f618c1b1ccf8b59a2547d20ee4e""}}",features,"[2931, 512]",float32,False,False,32d3a0bea459b51518e804e3d84909c3c9b10f618c1b1ccf8b59a2547d20ee4e,"[2931, 2]",19bb77a8099b6971404d3925d263d0e730f284c17c46c37887ac94c18e0df90b
25033447B4.h5,features_biomedclip_20x/25033447B4.h5,2020448,7cb443eea0a512c1a47bd02873aa3fd4f97f391e0f28579cc9e8b7edd3e6351c,2026-01-07T11:34:29.276052,"[""coords"", ""features""]","{""coords"": {""dtype"": ""int64"", ""has_inf"": false, ""has_nan"": false, ""shape"": [1054, 2], ""summary_hash"": ""b735f049388b640c43ff589f4aed97fbc77f301fa84c9eacf9058a9c6a488b9e""}, ""features"": {""dtype"": ""float32"", ""has_inf"": false, ""has_nan"": false, ""shape"": [1054, 512], ""summary_hash"": ""1a572eff54ffbecbcd1f577b49d21b2bae767876ccca71f37ec4e76d133719fb""}}",features,"[1054, 512]",float32,False,False,1a572eff54ffbecbcd1f577b49d21b2bae767876ccca71f37ec4e76d133719fb,"[1054, 2]",b735f049388b640c43ff589f4aed97fbc77f301fa84c9eacf9058a9c6a488b9e
25033482B2.h5,features_biomedclip_20x/25033482B2.h5,2573684,3c7e7a5c1f2cfb03c7f715143c08edc32526f045fb6d303d0dac209fca47f5a1,2026-01-07T11:34:40.170013,"[""coords"", ""features""]","{""coords"": {""dtype"": ""int64"", ""has_inf"": false, ""has_nan"": false, ""shape"": [1345, 2], ""summary_hash"": ""3694fe476bb2d2c0fe2d4b26921df68bf1bc22cb0683936160387b6b480332a4""}, ""features"": {""dtype"": ""float32"", ""has_inf"": false, ""has_nan"": false, ""shape"": [1345, 512], ""summary_hash"": ""8e226d5abf8c98a477381527797d1349b208058cf577a1a0d4547efa4c5524b7""}}",features,"[1345, 512]",float32,False,False,8e226d5abf8c98a477381527797d1349b208058cf577a1a0d4547efa4c5524b7,"[1345, 2]",3694fe476bb2d2c0fe2d4b26921df68bf1bc22cb0683936160387b6b480332a4
25033486B.h5,features_biomedclip_20x/25033486B.h5,7581330,17601b22a13a32571bf3c20133657660037ea1b0da88d8d827aace8168c11bf1,2026-01-07T11:34:35.469030,"[""coords"", ""features""]","{""coords"": {""dtype"": ""int64"", ""has_inf"": false, ""has_nan"": false, ""shape"": [3983, 2], ""summary_hash"": ""f39d027e4e6bbc2816b62a89ab48a141743b23de6ee05b06dd0e7b02485b4faa""}, ""features"": {""dtype"": ""float32"", ""has_inf"": false, ""has_nan"": false, ""shape"": [3983, 512], ""summary_hash"": ""16840571d698d9068934d6bdbd85fe3d97a0fb5e6d8234169ee62dcec6ee7e13""}}",features,"[3983, 512]",float32,False,False,16840571d698d9068934d6bdbd85fe3d97a0fb5e6d8234169ee62dcec6ee7e13,"[3983, 2]",f39d027e4e6bbc2816b62a89ab48a141743b23de6ee05b06dd0e7b02485b4faa
25033894B2.h5,features_biomedclip_20x/25033894B2.h5,2129573,9edc768a9b8e9bae0dd897675a74728b532ef0106a84ae218be8fdc935aa0e56,2026-01-07T11:34:31.530044,"[""coords"", ""features""]","{""coords"": {""dtype"": ""int64"", ""has_inf"": false, ""has_nan"": false, ""shape"": [1110, 2], ""summary_hash"": ""5e19f77cd055320d1738c0c6a102256c1841df7d39fab2a046b791a8d50b1ae3""}, ""features"": {""dtype"": ""float32"", ""has_inf"": false, ""has_nan"": false, ""shape"": [1110, 512], ""summary_hash"": ""abb42d052fb6e96381c633eb6a5c2256cc7337e8a61942e381953a1a06bba665""}}",features,"[1110, 512]",float32,False,False,abb42d052fb6e96381c633eb6a5c2256cc7337e8a61942e381953a1a06bba665,"[1110, 2]",5e19f77cd055320d1738c0c6a102256c1841df7d39fab2a046b791a8d50b1ae3
25034245B2.h5,features_biomedclip_20x/25034245B2.h5,4801258,5bcfcfa70bda921a8e801075016fe356a4c9996a8e759e1ef4db8197fe6370ae,2026-01-07T11:34:16.159099,"[""coords"", ""features""]","{""coords"": {""dtype"": ""int64"", ""has_inf"": false, ""has_nan"": false, ""shape"": [2513, 2], ""summary_hash"": ""ffffc75bddcd77ef80e53a76db1dea0efff4f1bd9161e50231f27e03102de38d""}, ""features"": {""dtype"": ""float32"", ""has_inf"": false, ""has_nan"": false, ""shape"": [2513, 512], ""summary_hash"": ""d4dd30dcc24706f7752cd5e7c68589657c57d9edba1551ce4b6d058e368c4220""}}",features,"[2513, 512]",float32,False,False,d4dd30dcc24706f7752cd5e7c68589657c57d9edba1551ce4b6d058e368c4220,"[2513, 2]",ffffc75bddcd77ef80e53a76db1dea0efff4f1bd9161e50231f27e03102de38d
25034327B2.h5,features_biomedclip_20x/25034327B2.h5,9647045,40326f3fea007bdd3128361973fafb12883586fa6aff2daa736eb3f3986dd200,2026-01-07T11:34:58.409948,"[""coords"", ""features""]","{""coords"": {""dtype"": ""int64"", ""has_inf"": false, ""has_nan"": false, ""shape"": [5068, 2], ""summary_hash"": ""bd4c76b0602202c740fe105dcc306db27b14b9f85cca0ed3f27af876b65b0c8f""}, ""features"": {""dtype"": ""float32"", ""has_inf"": false, ""has_nan"": false, ""shape"": [5068, 512], ""summary_hash"": ""9d2142876dcd23bdba10bed272e6729506d9635650f011e9bedb3eb21f964abf""}}",features,"[5068, 512]",float32,False,False,9d2142876dcd23bdba10bed272e6729506d9635650f011e9bedb3eb21f964abf,"[5068, 2]",bd4c76b0602202c740fe105dcc306db27b14b9f85cca0ed3f27af876b65b0c8f
25034929B2.h5,features_biomedclip_20x/25034929B2.h5,7312680,546b011364e258105a8aecd2b48d726acafb2b5bfa5fc14a3bbe83925d861af6,2026-01-07T11:34:45.047996,"[""coords"", ""features""]","{""coords"": {""dtype"": ""int64"", ""has_inf"": false, ""has_nan"": false, ""shape"": [3840, 2], ""summary_hash"": ""6324baea6e4821e18c46f55abc6b93edbf62ae9325597952217cdf99471606e5""}, ""features"": {""dtype"": ""float32"", ""has_inf"": false, ""has_nan"": false, ""shape"": [3840, 512], ""summary_hash"": ""c0937df3dcd0f28189e7583979f021ceb0198653d155a2acee7506c8cc4702c1""}}",features,"[3840, 512]",float32,False,False,c0937df3dcd0f28189e7583979f021ceb0198653d155a2acee7506c8cc4702c1,"[3840, 2]",6324baea6e4821e18c46f55abc6b93edbf62ae9325597952217cdf99471606e5
25034940B10.h5,features_biomedclip_20x/25034940B10.h5,3223649,7837d09552c5f3ac77be36a5354d5dfb465f33c1cddb698097c586886d9e5e65,2026-01-07T11:34:28.052056,"[""coords"", ""features""]","{""coords"": {""dtype"": ""int64"", ""has_inf"": false, ""has_nan"": false, ""shape"": [1689, 2], ""summary_hash"": ""04da77db1094ffda2bcb6c5349428d5dfbf233d0ebeee547ec0eb2017220692d""}, ""features"": {""dtype"": ""float32"", ""has_inf"": false, ""has_nan"": false, ""shape"": [1689, 512], ""summary_hash"": ""ffdc18608c677477ed1f0d5b8e39296781bd3e39ae27f7b0b28711bc3d6066de""}}",features,"[1689, 512]",float32,False,False,ffdc18608c677477ed1f0d5b8e39296781bd3e39ae27f7b0b28711bc3d6066de,"[1689, 2]",04da77db1094ffda2bcb6c5349428d5dfbf233d0ebeee547ec0eb2017220692d
25034940B11.h5,features_biomedclip_20x/25034940B11.h5,5154038,e822cf693bcfbd03b8f9b04721e4a72e1f10e4a16612c58b69dfb43808a0ee73,2026-01-07T11:34:32.151042,"[""coords"", ""features""]","{""coords"": {""dtype"": ""int64"", ""has_inf"": false, ""has_nan"": false, ""shape"": [2700, 2], ""summary_hash"": ""cf73e2532b92dd0806de29547366bf08395ab74d4f3f4e5372ef29f58fda7280""}, ""features"": {""dtype"": ""float32"", ""has_inf"": false, ""has_nan"": false, ""shape"": [2700, 512], ""summary_hash"": ""87519c9fe54b581888b4fa5390d53db2a3e55829261000fae88db050668c1ae3""}}",features,"[2700, 512]",float32,False,False,87519c9fe54b581888b4fa5390d53db2a3e55829261000fae88db050668c1ae3,"[2700, 2]",cf73e2532b92dd0806de29547366bf08395ab74d4f3f4e5372ef29f58fda7280
25034940B12.h5,features_biomedclip_20x/25034940B12.h5,2781526,a8067c166e991d678b4f1c53c6f4b1109e466292baeae512af0812acaa114a9b,2026-01-07T11:34:40.957010,"[""coords"", ""features""]","{""coords"": {""dtype"": ""int64"", ""has_inf"": false, ""has_nan"": false, ""shape"": [1455, 2], ""summary_hash"": ""61b666a4cab1013deb8a4d600a6af4a3ae7df09d9c655eb65e323c002efb54e3""}, ""features"": {""dtype"": ""float32"", ""has_inf"": false, ""has_nan"": false, ""shape"": [1455, 512], ""summary_hash"": ""8127a8fe8a89c358a572915def3c5e007951a3cb9de0c0cdd1c38a7f80b3f6bd""}}",features,"[1455, 512]",float32,False,False,8127a8fe8a89c358a572915def3c5e007951a3cb9de0c0cdd1c38a7f80b3f6bd,"[1455, 2]",61b666a4cab1013deb8a4d600a6af4a3ae7df09d9c655eb65e323c002efb54e3
25034940B8.h5,features_biomedclip_20x/25034940B8.h5,2660507,a25d9962e0a7afbac68376cf54131bd0468f3f03f0641169e98427dc39a83fb3,2026-01-07T11:34:53.302966,"[""coords"", ""features""]","{""coords"": {""dtype"": ""int64"", ""has_inf"": false, ""has_nan"": false, ""shape"": [1391, 2], ""summary_hash"": ""5d03027652094c93b145867277ffabd71c435cc9a157150011c8a23558a1e88c""}, ""features"": {""dtype"": ""float32"", ""has_inf"": false, ""has_nan"": false, ""shape"": [1391, 512], ""summary_hash"": ""1076abb7935aeb2a7a6f238887f115018e203bdb013cff3254c7709e25bb82db""}}",features,"[1391, 512]",float32,False,False,1076abb7935aeb2a7a6f238887f115018e203bdb013cff3254c7709e25bb82db,"[1391, 2]",5d03027652094c93b145867277ffabd71c435cc9a157150011c8a23558a1e88c
25034940B9.h5,features_biomedclip_20x/25034940B9.h5,3606619,9c35e9aba9579b17a1b7c4fd58c05395e22c26d407451b0127bed494ef820bc3,2026-01-07T11:34:59.451944,"[""coords"", ""features""]","{""coords"": {""dtype"": ""int64"", ""has_inf"": false, ""has_nan"": false, ""shape"": [1891, 2], ""summary_hash"": ""b7ea445d4cf7904c22af2007e1d7144d32fcc0ae704b6447ac235ffb36f4ddb8""}, ""features"": {""dtype"": ""float32"", ""has_inf"": false, ""has_nan"": false, ""shape"": [1891, 512], ""summary_hash"": ""46f657cde501b4c59d1816d9af66ce726941fee274fc2d83eef8f2575a8904e8""}}",features,"[1891, 512]",float32,False,False,46f657cde501b4c59d1816d9af66ce726941fee274fc2d83eef8f2575a8904e8,"[1891, 2]",b7ea445d4cf7904c22af2007e1d7144d32fcc0ae704b6447ac235ffb36f4ddb8
25035354B.h5,features_biomedclip_20x/25035354B.h5,7078650,1e1dc5d7ae43bbf007ab5618dedebbeedfaf88118b55643aaa8f175eb3f91607,2026-01-07T11:34:17.022096,"[""coords"", ""features""]","{""coords"": {""dtype"": ""int64"", ""has_inf"": false, ""has_nan"": false, ""shape"": [3716, 2], ""summary_hash"": ""0fbe5dd73061a2b2e99307f392767a78db96f7234ec7795394fff77e5e968558""}, ""features"": {""dtype"": ""float32"", ""has_inf"": false, ""has_nan"": false, ""shape"": [3716, 512], ""summary_hash"": ""ec0fcb744319e9fc176052f14ceeb980236b82d0c7714a3334157291f98236c7""}}",features,"[3716, 512]",float32,False,False,ec0fcb744319e9fc176052f14ceeb980236b82d0c7714a3334157291f98236c7,"[3716, 2]",0fbe5dd73061a2b2e99307f392767a78db96f7234ec7795394fff77e5e968558
25035354B2.h5,features_biomedclip_20x/25035354B2.h5,3156269,55e3224a8a344871b2b2c1cd237067baa6912245ed3266bfbe34092d5d00873f,2026-01-07T11:35:07.072917,"[""coords"", ""features""]","{""coords"": {""dtype"": ""int64"", ""has_inf"": false, ""has_nan"": false, ""shape"": [1653, 2], ""summary_hash"": ""88003c8070662f0fda4a8d655af1458361e3f55057385520f662c219ffccf56f""}, ""features"": {""dtype"": ""float32"", ""has_inf"": false, ""has_nan"": false, ""shape"": [1653, 512], ""summary_hash"": ""96b7659c356859baa32662c39548257fe0511ab118c0fbb3e35b011c72e1effd""}}",features,"[1653, 512]",float32,False,False,96b7659c356859baa32662c39548257fe0511ab118c0fbb3e35b011c72e1effd,"[1653, 2]",88003c8070662f0fda4a8d655af1458361e3f55057385520f662c219ffccf56f
25035354B3.h5,features_biomedclip_20x/25035354B3.h5,6323609,d0a728fc5d942fbe9b4a6b85b460a2563b63aec96b1094ba53717aa8be31080a,2026-01-07T11:35:01.367938,"[""coords"", ""features""]","{""coords"": {""dtype"": ""int64"", ""has_inf"": false, ""has_nan"": false, ""shape"": [3318, 2], ""summary_hash"": ""d02d3d132949b3fd2704c121e1c1bd98bb0c7f867b9606c9520eb684f071b6d8""}, ""features"": {""dtype"": ""float32"", ""has_inf"": false, ""has_nan"": false, ""shape"": [3318, 512], ""summary_hash"": ""30654bb80fd5859dbcc21dc8bb37a5843a2536dfcf1c744f87d3f51485fa0d2b""}}",features,"[3318, 512]",float32,False,False,30654bb80fd5859dbcc21dc8bb37a5843a2536dfcf1c744f87d3f51485fa0d2b,"[3318, 2]",d02d3d132949b3fd2704c121e1c1bd98bb0c7f867b9606c9520eb684f071b6d8
25035882B3.h5,features_biomedclip_20x/25035882B3.h5,3632909,142f0d45eb5d231e888d8d8843e48d82b1c663c0d64559594428fa33b15f6207,2026-01-07T11:34:39.689015,"[""coords"", ""features""]","{""coords"": {""dtype"": ""int64"", ""has_inf"": false, ""has_nan"": false, ""shape"": [1905, 2], ""summary_hash"": ""7c5bc434cf42315dad3765512e66c62de5cf0dee76320716c12c271053d44de9""}, ""features"": {""dtype"": ""float32"", ""has_inf"": false, ""has_nan"": false, ""shape"": [1905, 512], ""summary_hash"": ""7dd3104f998b00474044e73d99cc58a3dbfbe5fe5a56550c8e82c090c165ae07""}}",features,"[1905, 512]",float32,False,False,7dd3104f998b00474044e73d99cc58a3dbfbe5fe5a56550c8e82c090c165ae07,"[1905, 2]",7c5bc434cf42315dad3765512e66c62de5cf0dee76320716c12c271053d44de9
25035882B4.h5,features_biomedclip_20x/25035882B4.h5,2736505,61f37562c81750076643f98479d30fd66a2cccde7f2ee3c0114180c6165e4235,2026-01-07T11:34:23.238074,"[""coords"", ""features""]","{""coords"": {""dtype"": ""int64"", ""has_inf"": false, ""has_nan"": false, ""shape"": [1431, 2], ""summary_hash"": ""504e105e6af720778b4864c303ec769a7b8f58f923b28a006834356140c3b366""}, ""features"": {""dtype"": ""float32"", ""has_inf"": false, ""has_nan"": false, ""shape"": [1431, 512], ""summary_hash"": ""07f1375e65a61bd18aac95a52000a790fa5ad8e67dba7b0ace080a658262a90e""}}",features,"[1431, 512]",float32,False,False,07f1375e65a61bd18aac95a52000a790fa5ad8e67dba7b0ace080a658262a90e,"[1431, 2]",504e105e6af720778b4864c303ec769a7b8f58f923b28a006834356140c3b366
25036226B4.h5,features_biomedclip_20x/25036226B4.h5,6495685,0de631856e2180130c9362b26103592ed058c1a22187834dfffde2e139438e1e,2026-01-07T11:35:03.625929,"[""coords"", ""features""]","{""coords"": {""dtype"": ""int64"", ""has_inf"": false, ""has_nan"": false, ""shape"": [3409, 2], ""summary_hash"": ""9d771f172924e1f34373576cee3b5f6f974de14f2547f5288c6a806ad470b3fe""}, ""features"": {""dtype"": ""float32"", ""has_inf"": false, ""has_nan"": false, ""shape"": [3409, 512], ""summary_hash"": ""6536d2cc1964cbd7f4484c1c79dae3d64da665f70ef5a519c14cbd06f076c044""}}",features,"[3409, 512]",float32,False,False,6536d2cc1964cbd7f4484c1c79dae3d64da665f70ef5a519c14cbd06f076c044,"[3409, 2]",9d771f172924e1f34373576cee3b5f6f974de14f2547f5288c6a806ad470b3fe
25036333B3.h5,features_biomedclip_20x/25036333B3.h5,1332809,0b0b3c81e20b3ff7e2b9e9b7ad3b9d2b5f2f267509d0d735590125396d80ef24,2026-01-07T11:34:24.832068,"[""coords"", ""features""]","{""coords"": {""dtype"": ""int64"", ""has_inf"": false, ""has_nan"": false, ""shape"": [697, 2], ""summary_hash"": ""caf4db3293d40f515997d5069811ba1668e633ef118a430febed86ec1e130ef1""}, ""features"": {""dtype"": ""float32"", ""has_inf"": false, ""has_nan"": false, ""shape"": [697, 512], ""summary_hash"": ""ba8cfd5db91578e13fa881fc1a4c65923e2a5cfc300b5055d6d959fbcb13e478""}}",features,"[697, 512]",float32,False,False,ba8cfd5db91578e13fa881fc1a4c65923e2a5cfc300b5055d6d959fbcb13e478,"[697, 2]",caf4db3293d40f515997d5069811ba1668e633ef118a430febed86ec1e130ef1
25036340B1.h5,features_biomedclip_20x/25036340B1.h5,2522213,5fc99f4de88b10a0b263aab0253bd2aa656c2743bd944945dffd6937e5a678a6,2026-01-07T11:34:27.435059,"[""coords"", ""features""]","{""coords"": {""dtype"": ""int64"", ""has_inf"": false, ""has_nan"": false, ""shape"": [1318, 2], ""summary_hash"": ""f670eca40234222ca6aac127586ff5fd91f0b2d746425f680cbd42d57338ed33""}, ""features"": {""dtype"": ""float32"", ""has_inf"": false, ""has_nan"": false, ""shape"": [1318, 512], ""summary_hash"": ""9d4bd78776367f96b859e15fd976d64f9f64f21845cee43a9a5183cde6dd4b57""}}",features,"[1318, 512]",float32,False,False,9d4bd78776367f96b859e15fd976d64f9f64f21845cee43a9a5183cde6dd4b57,"[1318, 2]",f670eca40234222ca6aac127586ff5fd91f0b2d746425f680cbd42d57338ed33
25036341B.h5,features_biomedclip_20x/25036341B.h5,2058129,bbd1c83f16f6aa519d667fcd11912be9f89149854d42767b0046a77ba7ec050c,2026-01-07T11:34:20.832082,"[""coords"", ""features""]","{""coords"": {""dtype"": ""int64"", ""has_inf"": false, ""has_nan"": false, ""shape"": [1072, 2], ""summary_hash"": ""b229ca71d91f4461655a794d082200a18a5abfe4102c1f04eba819871e76e54b""}, ""features"": {""dtype"": ""float32"", ""has_inf"": false, ""has_nan"": false, ""shape"": [1072, 512], ""summary_hash"": ""18731619aebc97951fde460d07dbc493ebadcd4b8b2ef6811f77d916374564ba""}}",features,"[1072, 512]",float32,False,False,18731619aebc97951fde460d07dbc493ebadcd4b8b2ef6811f77d916374564ba,"[1072, 2]",b229ca71d91f4461655a794d082200a18a5abfe4102c1f04eba819871e76e54b
25036634B2.h5,features_biomedclip_20x/25036634B2.h5,3934459,ed6975500ce8ef202cb8502428e86e81cad76f969f89a206c5c9d674c3fcac5e,2026-01-07T11:34:16.884096,"[""coords"", ""features""]","{""coords"": {""dtype"": ""int64"", ""has_inf"": false, ""has_nan"": false, ""shape"": [2063, 2], ""summary_hash"": ""b0420c32bd8bca024cf794589bcd1b84a38e7dadb5f6e3e699f3d75e86c796c0""}, ""features"": {""dtype"": ""float32"", ""has_inf"": false, ""has_nan"": false, ""shape"": [2063, 512], ""summary_hash"": ""095f0af07d130f2bdb49222209cb0d8984404f06500b1145e6dd7c142b9789e0""}}",features,"[2063, 512]",float32,False,False,095f0af07d130f2bdb49222209cb0d8984404f06500b1145e6dd7c142b9789e0,"[2063, 2]",b0420c32bd8bca024cf794589bcd1b84a38e7dadb5f6e3e699f3d75e86c796c0
25041732B.h5,features_biomedclip_20x/25041732B.h5,7307462,79cd674a84403e59fa94a1ad07a94e00a0e9d9963c69300d47b435c68cdff80d,2026-01-07T11:35:00.711940,"[""coords"", ""features""]","{""coords"": {""dtype"": ""int64"", ""has_inf"": false, ""has_nan"": false, ""shape"": [3838, 2], ""summary_hash"": ""78644ab6bd0df5bcea6ddf96d1bfd109b2fc33e79645d165c6caa3d2d2d1258e""}, ""features"": {""dtype"": ""float32"", ""has_inf"": false, ""has_nan"": false, ""shape"": [3838, 512], ""summary_hash"": ""00b5b4d73cb5f865e738b044b43bcc19af579d28df49a246d53b4bc8c6626fb5""}}",features,"[3838, 512]",float32,False,False,00b5b4d73cb5f865e738b044b43bcc19af579d28df49a246d53b4bc8c6626fb5,"[3838, 2]",78644ab6bd0df5bcea6ddf96d1bfd109b2fc33e79645d165c6caa3d2d2d1258e
25041763B.h5,features_biomedclip_20x/25041763B.h5,9576659,0246a599c66afbbcdc834c9d172defdfbb7edeafc473709d2fffc288830ada57,2026-01-07T11:34:55.702958,"[""coords"", ""features""]","{""coords"": {""dtype"": ""int64"", ""has_inf"": false, ""has_nan"": false, ""shape"": [5032, 2], ""summary_hash"": ""aedddcf0b4a2d5ad9d42e7daf7818c1c50519c1152c3e75a7bfb26b48e927cde""}, ""features"": {""dtype"": ""float32"", ""has_inf"": false, ""has_nan"": false, ""shape"": [5032, 512], ""summary_hash"": ""feb958008e681b9b6787a1be90ab38c0fba36a08ef4090e68a78ed725e1fa0ee""}}",features,"[5032, 512]",float32,False,False,feb958008e681b9b6787a1be90ab38c0fba36a08ef4090e68a78ed725e1fa0ee,"[5032, 2]",aedddcf0b4a2d5ad9d42e7daf7818c1c50519c1152c3e75a7bfb26b48e927cde
25042220B2.h5,features_biomedclip_20x/25042220B2.h5,9924527,d3f7fba4b19f38b2fb13e8462c9908eb96b4892b4dc7fac75793d6f84e1d31c1,2026-01-07T11:34:32.928039,"[""coords"", ""features""]","{""coords"": {""dtype"": ""int64"", ""has_inf"": false, ""has_nan"": false, ""shape"": [5216, 2], ""summary_hash"": ""9306ab832263f3151d8f687597f620099fe2fda2faf167d6e135ee08a80c228e""}, ""features"": {""dtype"": ""float32"", ""has_inf"": false, ""has_nan"": false, ""shape"": [5216, 512], ""summary_hash"": ""40585260443ed77f223c9d1173b1f0533657a40acfa8d42da7800eac7c87d386""}}",features,"[5216, 512]",float32,False,False,40585260443ed77f223c9d1173b1f0533657a40acfa8d42da7800eac7c87d386,"[5216, 2]",9306ab832263f3151d8f687597f620099fe2fda2faf167d6e135ee08a80c228e
25042465B3.h5,features_biomedclip_20x/25042465B3.h5,5567486,c0e60f21e02e45051d3e0caa132fa805f8961234425396777a16d017806f32d1,2026-01-07T11:34:57.274952,"[""coords"", ""features""]","{""coords"": {""dtype"": ""int64"", ""has_inf"": false, ""has_nan"": false, ""shape"": [2919, 2], ""summary_hash"": ""6f0d2f7c287e58cfdc1703efdc2cf48e60abb8219bf41401646562f1b213a759""}, ""features"": {""dtype"": ""float32"", ""has_inf"": false, ""has_nan"": false, ""shape"": [2919, 512], ""summary_hash"": ""c676929998736cfa5be1205a682ae541caa78bb8bce19066427eb83b8b47a1d1""}}",features,"[2919, 512]",float32,False,False,c676929998736cfa5be1205a682ae541caa78bb8bce19066427eb83b8b47a1d1,"[2919, 2]",6f0d2f7c287e58cfdc1703efdc2cf48e60abb8219bf41401646562f1b213a759
25042830B2.h5,features_biomedclip_20x/25042830B2.h5,4401882,34c0e10f2c326e98540f0222caf56dd189ea76c5357c753506eb928d49807165,2026-01-07T11:34:53.582965,"[""coords"", ""features""]","{""coords"": {""dtype"": ""int64"", ""has_inf"": false, ""has_nan"": false, ""shape"": [2308, 2], ""summary_hash"": ""43585f64052ae8a189dcce6f91999645ca88a59d4146b21bbc5eea67cd0deaf5""}, ""features"": {""dtype"": ""float32"", ""has_inf"": false, ""has_nan"": false, ""shape"": [2308, 512], ""summary_hash"": ""04f9b3fea697e24f2afda35d1f550036aa5383f22ff8f33e14a87d9263487259""}}",features,"[2308, 512]",float32,False,False,04f9b3fea697e24f2afda35d1f550036aa5383f22ff8f33e14a87d9263487259,"[2308, 2]",43585f64052ae8a189dcce6f91999645ca88a59d4146b21bbc5eea67cd0deaf5
25043126B2.h5,features_biomedclip_20x/25043126B2.h5,2341202,558fe06ec49f314eecf2d8d0f48fd09fc264ea43ed2b7a7272653d9c2dc849c6,2026-01-07T11:34:18.435091,"[""coords"", ""features""]","{""coords"": {""dtype"": ""int64"", ""has_inf"": false, ""has_nan"": false, ""shape"": [1222, 2], ""summary_hash"": ""1474509eca703f35b8a4aaf5c3ca34cf3f028bcd0f61eccdfbbb4c9f69656201""}, ""features"": {""dtype"": ""float32"", ""has_inf"": false, ""has_nan"": false, ""shape"": [1222, 512], ""summary_hash"": ""4b7b579dfc9d4db01a0ebe71ec949e72e1e33b653b8b189473309d55063a565f""}}",features,"[1222, 512]",float32,False,False,4b7b579dfc9d4db01a0ebe71ec949e72e1e33b653b8b189473309d55063a565f,"[1222, 2]",1474509eca703f35b8a4aaf5c3ca34cf3f028bcd0f61eccdfbbb4c9f69656201
25043600B3.h5,features_biomedclip_20x/25043600B3.h5,2675021,e5bc77fae1ecd822ff717e2d797c057f3bcb24cd2b0347fc66d8d01fb71218ad,2026-01-07T11:34:22.501076,"[""coords"", ""features""]","{""coords"": {""dtype"": ""int64"", ""has_inf"": false, ""has_nan"": false, ""shape"": [1399, 2], ""summary_hash"": ""fbf594df8b4139b06e1be944a4b835f91bd27ab4896017cb33a811fd5f055352""}, ""features"": {""dtype"": ""float32"", ""has_inf"": false, ""has_nan"": false, ""shape"": [1399, 512], ""summary_hash"": ""0bb9a387c6ff9d513102b38f89ce932614bbad46981145de9ca0a17296735f6b""}}",features,"[1399, 512]",float32,False,False,0bb9a387c6ff9d513102b38f89ce932614bbad46981145de9ca0a17296735f6b,"[1399, 2]",fbf594df8b4139b06e1be944a4b835f91bd27ab4896017cb33a811fd5f055352
25044694B.h5,features_biomedclip_20x/25044694B.h5,8078036,9b7093ed95c4bea114e28974d4eb71b536bf7b65801958a767ed2eae6510e38b,2026-01-07T11:35:02.601933,"[""coords"", ""features""]","{""coords"": {""dtype"": ""int64"", ""has_inf"": false, ""has_nan"": false, ""shape"": [4237, 2], ""summary_hash"": ""580602b929fd4e12c1b54ce7e7288fba2f988bd68b8641bf012f359140571636""}, ""features"": {""dtype"": ""float32"", ""has_inf"": false, ""has_nan"": false, ""shape"": [4237, 512], ""summary_hash"": ""3962cf1150c87e1ee834d9d7f0e6caa6683307372f892597aa9f3e676f0f8e3b""}}",features,"[4237, 512]",float32,False,False,3962cf1150c87e1ee834d9d7f0e6caa6683307372f892597aa9f3e676f0f8e3b,"[4237, 2]",580602b929fd4e12c1b54ce7e7288fba2f988bd68b8641bf012f359140571636
25045403B-1.h5,features_biomedclip_20x/25045403B-1.h5,2139125,d0f0138cbb21f015dd733265aab7acc6fd4d95436475fdde332e5b538ab140d0,2026-01-07T11:34:35.084031,"[""coords"", ""features""]","{""coords"": {""dtype"": ""int64"", ""has_inf"": false, ""has_nan"": false, ""shape"": [1115, 2], ""summary_hash"": ""a6d9342a96ec0b95ebafc2c60944e3d32d5e74f4b6326e4fbf9660da912ba2d6""}, ""features"": {""dtype"": ""float32"", ""has_inf"": false, ""has_nan"": false, ""shape"": [1115, 512], ""summary_hash"": ""cde2379db1e261bee9f5e2c57d98a1c0776118dd51c166384a90054aeb9fc761""}}",features,"[1115, 512]",float32,False,False,cde2379db1e261bee9f5e2c57d98a1c0776118dd51c166384a90054aeb9fc761,"[1115, 2]",a6d9342a96ec0b95ebafc2c60944e3d32d5e74f4b6326e4fbf9660da912ba2d6
25045403B.h5,features_biomedclip_20x/25045403B.h5,1810285,3accabec3e46c99f5452b2ea389fcd0d532900aff6889864079be44f12c1d0a9,2026-01-07T11:34:24.898068,"[""coords"", ""features""]","{""coords"": {""dtype"": ""int64"", ""has_inf"": false, ""has_nan"": false, ""shape"": [945, 2], ""summary_hash"": ""398991d5d4b36e33205237d7ffe811798d3cfd166942ccd791436444c7c0ec1e""}, ""features"": {""dtype"": ""float32"", ""has_inf"": false, ""has_nan"": false, ""shape"": [945, 512], ""summary_hash"": ""a9f63c4bdb49deae0d56358cbd6b3fc207e427c282a1fed465c0870de9dcf72d""}}",features,"[945, 512]",float32,False,False,a9f63c4bdb49deae0d56358cbd6b3fc207e427c282a1fed465c0870de9dcf72d,"[945, 2]",398991d5d4b36e33205237d7ffe811798d3cfd166942ccd791436444c7c0ec1e
25045403B2.h5,features_biomedclip_20x/25045403B2.h5,2088811,49102396b5276dfe236ce5d013a3d55c4bb69f1e20f2932d0963f406c8b96e0f,2026-01-07T11:34:39.330016,"[""coords"", ""features""]","{""coords"": {""dtype"": ""int64"", ""has_inf"": false, ""has_nan"": false, ""shape"": [1088, 2], ""summary_hash"": ""c838614ffc918e5cc6896f2225dc263b4779997d4f47e802b7ad9b0782f9bffb""}, ""features"": {""dtype"": ""float32"", ""has_inf"": false, ""has_nan"": false, ""shape"": [1088, 512], ""summary_hash"": ""4571c1014f8407a84cad4e9020ba0c1586cde8c187e17835dcecf332d28c6850""}}",features,"[1088, 512]",float32,False,False,4571c1014f8407a84cad4e9020ba0c1586cde8c187e17835dcecf332d28c6850,"[1088, 2]",c838614ffc918e5cc6896f2225dc263b4779997d4f47e802b7ad9b0782f9bffb
25045450B2.h5,features_biomedclip_20x/25045450B2.h5,1103591,7b74aed692fc938fb1f0b8403649a99d0bdd6de058a90efef8090d742544b4cb,2026-01-07T11:34:37.441023,"[""coords"", ""features""]","{""coords"": {""dtype"": ""int64"", ""has_inf"": false, ""has_nan"": false, ""shape"": [576, 2], ""summary_hash"": ""07a996c6e0d87ddafde75a89306aa60da511812666fd5502d98c6a8df6505e79""}, ""features"": {""dtype"": ""float32"", ""has_inf"": false, ""has_nan"": false, ""shape"": [576, 512], ""summary_hash"": ""8ff65db6cfbb5ef0ee290912c290d73e05c55b3de00d11974ecda2716cde79d6""}}",features,"[576, 512]",float32,False,False,8ff65db6cfbb5ef0ee290912c290d73e05c55b3de00d11974ecda2716cde79d6,"[576, 2]",07a996c6e0d87ddafde75a89306aa60da511812666fd5502d98c6a8df6505e79
25045450B5.h5,features_biomedclip_20x/25045450B5.h5,4940235,8796bdd5bb6ec31b4076cb24e439c1d11ced8dee5a01e5e07f5734a0eae4f863,2026-01-07T11:34:20.643083,"[""coords"", ""features""]","{""coords"": {""dtype"": ""int64"", ""has_inf"": false, ""has_nan"": false, ""shape"": [2587, 2], ""summary_hash"": ""962ace8f13956486d54283b4e9e1ffc746e56cd396579c900eff0f4851f6b014""}, ""features"": {""dtype"": ""float32"", ""has_inf"": false, ""has_nan"": false, ""shape"": [2587, 512], ""summary_hash"": ""97c720a412fd6878db44e44774f2b99fcbdf71c13cc9cdd36a3bc7868525d5e2""}}",features,"[2587, 512]",float32,False,False,97c720a412fd6878db44e44774f2b99fcbdf71c13cc9cdd36a3bc7868525d5e2,"[2587, 2]",962ace8f13956486d54283b4e9e1ffc746e56cd396579c900eff0f4851f6b014
25045625B1.h5,features_biomedclip_20x/25045625B1.h5,4201660,97bdbff7e3587ffe725ece33ca22032edf6be2a7610392010a127f1d780c1599,2026-01-07T11:35:02.338934,"[""coords"", ""features""]","{""coords"": {""dtype"": ""int64"", ""has_inf"": false, ""has_nan"": false, ""shape"": [2202, 2], ""summary_hash"": ""c2242aa505e4cbeb078a3fce18c6cd239e839b3c57ed2e1a8dee1d25da7690f3""}, ""features"": {""dtype"": ""float32"", ""has_inf"": false, ""has_nan"": false, ""shape"": [2202, 512], ""summary_hash"": ""5bd01ae752675622a4fe7fa5cce5023157f4479de481c6dc90741919144e1fa1""}}",features,"[2202, 512]",float32,False,False,5bd01ae752675622a4fe7fa5cce5023157f4479de481c6dc90741919144e1fa1,"[2202, 2]",c2242aa505e4cbeb078a3fce18c6cd239e839b3c57ed2e1a8dee1d25da7690f3
25045625B2.h5,features_biomedclip_20x/25045625B2.h5,6430895,4688a826c5d8787da6be08d408484117c39a0d4d64c500a1221607f4ec533edf,2026-01-07T11:34:58.183949,"[""coords"", ""features""]","{""coords"": {""dtype"": ""int64"", ""has_inf"": false, ""has_nan"": false, ""shape"": [3377, 2], ""summary_hash"": ""0066eaab089c28a96a466e990316589408ef8649c38aabc5b38f912651863111""}, ""features"": {""dtype"": ""float32"", ""has_inf"": false, ""has_nan"": false, ""shape"": [3377, 512], ""summary_hash"": ""220893f330d654ab65b7066e7d68bc46cc7f173327fee60e6ec79b9f99b76817""}}",features,"[3377, 512]",float32,False,False,220893f330d654ab65b7066e7d68bc46cc7f173327fee60e6ec79b9f99b76817,"[3377, 2]",0066eaab089c28a96a466e990316589408ef8649c38aabc5b38f912651863111
25045625B3.h5,features_biomedclip_20x/25045625B3.h5,4245622,6ee8c5477277ec039faebabcb5287bb1455de4f83a2a491b8d61276415f990a0,2026-01-07T11:34:57.220952,"[""coords"", ""features""]","{""coords"": {""dtype"": ""int64"", ""has_inf"": false, ""has_nan"": false, ""shape"": [2225, 2], ""summary_hash"": ""a1944aff0fbf2db61a02caf8d5586890c28dffa801750d0adaae758609be2458""}, ""features"": {""dtype"": ""float32"", ""has_inf"": false, ""has_nan"": false, ""shape"": [2225, 512], ""summary_hash"": ""3647e892b3e1590c8914eb32bcb7858ba232afb613ae0f7a47fe832f91f7ec1c""}}",features,"[2225, 512]",float32,False,False,3647e892b3e1590c8914eb32bcb7858ba232afb613ae0f7a47fe832f91f7ec1c,"[2225, 2]",a1944aff0fbf2db61a02caf8d5586890c28dffa801750d0adaae758609be2458
25045676B4.h5,features_biomedclip_20x/25045676B4.h5,6622203,963eeadadbbf8a537756e9f998d2893ca3b529b85d220e0a55f90e53744298f0,2026-01-07T11:34:42.862004,"[""coords"", ""features""]","{""coords"": {""dtype"": ""int64"", ""has_inf"": false, ""has_nan"": false, ""shape"": [3477, 2], ""summary_hash"": ""6bfd3018e09f7e06ab8d9ecc440a7b323b8536def7253a024849e477cf0d32f8""}, ""features"": {""dtype"": ""float32"", ""has_inf"": false, ""has_nan"": false, ""shape"": [3477, 512], ""summary_hash"": ""c2c23d0e5dc2810dc2c7a80161d5ff74f7da9140a6fd05ea9192c5c85f88d425""}}",features,"[3477, 512]",float32,False,False,c2c23d0e5dc2810dc2c7a80161d5ff74f7da9140a6fd05ea9192c5c85f88d425,"[3477, 2]",6bfd3018e09f7e06ab8d9ecc440a7b323b8536def7253a024849e477cf0d32f8
25045801B1.h5,features_biomedclip_20x/25045801B1.h5,2952594,691bd94fe0f47f01e429c850bf53afba3c07100ebdcf92cad258e42fdb06b51a,2026-01-07T11:34:30.007049,"[""coords"", ""features""]","{""coords"": {""dtype"": ""int64"", ""has_inf"": false, ""has_nan"": false, ""shape"": [1546, 2], ""summary_hash"": ""812f655bb57e1437f1c650c376bdb360ee898868636ef364919dde9017b445d2""}, ""features"": {""dtype"": ""float32"", ""has_inf"": false, ""has_nan"": false, ""shape"": [1546, 512], ""summary_hash"": ""1cb8acf2091985f3623296c12cbdf624d91ca663bbfbec75ada4020d0f1f5ea3""}}",features,"[1546, 512]",float32,False,False,1cb8acf2091985f3623296c12cbdf624d91ca663bbfbec75ada4020d0f1f5ea3,"[1546, 2]",812f655bb57e1437f1c650c376bdb360ee898868636ef364919dde9017b445d2
25045801B2.h5,features_biomedclip_20x/25045801B2.h5,3309948,544c25fda6d2de2291f24beb0034c619f84c5fd993184f9258b770cbc8c1bda3,2026-01-07T11:34:35.927028,"[""coords"", ""features""]","{""coords"": {""dtype"": ""int64"", ""has_inf"": false, ""has_nan"": false, ""shape"": [1735, 2], ""summary_hash"": ""36d8364620a22ed806b7a6481a3654d1edf20d6576f83cf0c5fb212ec4e417c4""}, ""features"": {""dtype"": ""float32"", ""has_inf"": false, ""has_nan"": false, ""shape"": [1735, 512], ""summary_hash"": ""a4b143677084c48ede6a5451e977da6c625ac19f96b12b3079cf42225ab700be""}}",features,"[1735, 512]",float32,False,False,a4b143677084c48ede6a5451e977da6c625ac19f96b12b3079cf42225ab700be,"[1735, 2]",36d8364620a22ed806b7a6481a3654d1edf20d6576f83cf0c5fb212ec4e417c4
25045807B4.h5,features_biomedclip_20x/25045807B4.h5,1145103,1770edb4e75f5b73b380d8a4136c93f8870ae2c88635f4d1ff9c787ce39be1b6,2026-01-07T11:35:03.981928,"[""coords"", ""features""]","{""coords"": {""dtype"": ""int64"", ""has_inf"": false, ""has_nan"": false, ""shape"": [598, 2], ""summary_hash"": ""af0e7b0cc15a80a6b71613da23004d03eaf86c0a7cbd389a06b97288a43ec542""}, ""features"": {""dtype"": ""float32"", ""has_inf"": false, ""has_nan"": false, ""shape"": [598, 512], ""summary_hash"": ""ec195db382a14de19a72376b6371275d1cad62138f5120eb309f69b6cd964c82""}}",features,"[598, 512]",float32,False,False,ec195db382a14de19a72376b6371275d1cad62138f5120eb309f69b6cd964c82,"[598, 2]",af0e7b0cc15a80a6b71613da23004d03eaf86c0a7cbd389a06b97288a43ec542
25045829B2.h5,features_biomedclip_20x/25045829B2.h5,8298244,a2b0482bad0a6e6a2b01842ac0d7bc93cdbeab8a48fcc1c13e8d4c1cfaa37939,2026-01-07T11:34:16.599097,"[""coords"", ""features""]","{""coords"": {""dtype"": ""int64"", ""has_inf"": false, ""has_nan"": false, ""shape"": [4354, 2], ""summary_hash"": ""f3c4c0fdc497c07d9bb8bfea1808003f865963958fac9968f794f4744dd080bf""}, ""features"": {""dtype"": ""float32"", ""has_inf"": false, ""has_nan"": false, ""shape"": [4354, 512], ""summary_hash"": ""4ef062c2a83c6299b6cafaba10ee384038842805cc2820f5f40c633c118a2286""}}",features,"[4354, 512]",float32,False,False,4ef062c2a83c6299b6cafaba10ee384038842805cc2820f5f40c633c118a2286,"[4354, 2]",f3c4c0fdc497c07d9bb8bfea1808003f865963958fac9968f794f4744dd080bf
25045839B.h5,features_biomedclip_20x/25045839B.h5,6075607,5cc4477fd4de083678d0f22ed0c4737fbd29c0efa963a2b15f43d42aad3fa537,2026-01-07T11:34:38.729018,"[""coords"", ""features""]","{""coords"": {""dtype"": ""int64"", ""has_inf"": false, ""has_nan"": false, ""shape"": [3188, 2], ""summary_hash"": ""4c21c6b254c375e68a60cde8759d67b6556f48a0f2f3ada7621e0867dc8acdb5""}, ""features"": {""dtype"": ""float32"", ""has_inf"": false, ""has_nan"": false, ""shape"": [3188, 512], ""summary_hash"": ""f5f814cab842d8f8803b913dab6bb02d9c262872c17f1a093de06b806df1c2a5""}}",features,"[3188, 512]",float32,False,False,f5f814cab842d8f8803b913dab6bb02d9c262872c17f1a093de06b806df1c2a5,"[3188, 2]",4c21c6b254c375e68a60cde8759d67b6556f48a0f2f3ada7621e0867dc8acdb5
25046521B3.h5,features_biomedclip_20x/25046521B3.h5,4385527,cd35a27b882e4dcde2dccf1a113428983615dff4a1efcdc3f6fbaf9def62c2a9,2026-01-07T11:34:45.101996,"[""coords"", ""features""]","{""coords"": {""dtype"": ""int64"", ""has_inf"": false, ""has_nan"": false, ""shape"": [2300, 2], ""summary_hash"": ""3836cde1bba7f25c1af1df14bffc209511c450fc6ee6c02b435faa16afe54197""}, ""features"": {""dtype"": ""float32"", ""has_inf"": false, ""has_nan"": false, ""shape"": [2300, 512], ""summary_hash"": ""b832d81c708b371a250bd412cfb17f35cfc9867275af6af1b60234ed02fa7d24""}}",features,"[2300, 512]",float32,False,False,b832d81c708b371a250bd412cfb17f35cfc9867275af6af1b60234ed02fa7d24,"[2300, 2]",3836cde1bba7f25c1af1df14bffc209511c450fc6ee6c02b435faa16afe54197
25046631B2.h5,features_biomedclip_20x/25046631B2.h5,6547784,c78978c261dd1b1d887157ecc6cddfb3c63e68bca1e118897b7e86792a69d3c1,2026-01-07T11:34:31.560044,"[""coords"", ""features""]","{""coords"": {""dtype"": ""int64"", ""has_inf"": false, ""has_nan"": false, ""shape"": [3437, 2], ""summary_hash"": ""4f799e7ce742a4124e5d5f7cd4611f95bddf3eb90a8ec6807b82ad2d0d2003a4""}, ""features"": {""dtype"": ""float32"", ""has_inf"": false, ""has_nan"": false, ""shape"": [3437, 512], ""summary_hash"": ""e183954f3ad00480ea379b5d9ab3760224b151912b43e83030619a23f95af562""}}",features,"[3437, 512]",float32,False,False,e183954f3ad00480ea379b5d9ab3760224b151912b43e83030619a23f95af562,"[3437, 2]",4f799e7ce742a4124e5d5f7cd4611f95bddf3eb90a8ec6807b82ad2d0d2003a4
25046855B.h5,features_biomedclip_20x/25046855B.h5,5994309,e2bebd637aa1c033e46622cbfaee0b3903d4dd4b4c52b53f13ff02de9eb7f17d,2026-01-07T11:35:02.662933,"[""coords"", ""features""]","{""coords"": {""dtype"": ""int64"", ""has_inf"": false, ""has_nan"": false, ""shape"": [3144, 2], ""summary_hash"": ""9f4fe8ac801425234c9d0b1f0942696043ee28f579fd7b0031f82ffddfc39254""}, ""features"": {""dtype"": ""float32"", ""has_inf"": false, ""has_nan"": false, ""shape"": [3144, 512], ""summary_hash"": ""206176a23b8c51222581db9efcefd57d0cca42ca1f7a41df357a043524098634""}}",features,"[3144, 512]",float32,False,False,206176a23b8c51222581db9efcefd57d0cca42ca1f7a41df357a043524098634,"[3144, 2]",9f4fe8ac801425234c9d0b1f0942696043ee28f579fd7b0031f82ffddfc39254
25047066B.h5,features_biomedclip_20x/25047066B.h5,4904741,3c10d23d370a31e34fde8c617c3f8fcbe470303614056beff6d2ed1bade283b1,2026-01-07T11:35:04.677926,"[""coords"", ""features""]","{""coords"": {""dtype"": ""int64"", ""has_inf"": false, ""has_nan"": false, ""shape"": [2568, 2], ""summary_hash"": ""0e3e8654004f1c55eba0a3bbbd5b85a531edce7f145527ebdc7537af6cceddb5""}, ""features"": {""dtype"": ""float32"", ""has_inf"": false, ""has_nan"": false, ""shape"": [2568, 512], ""summary_hash"": ""33738055586f6a91777ca526ea1d9f5be2881576b9bb9bafae3850eb317c486b""}}",features,"[2568, 512]",float32,False,False,33738055586f6a91777ca526ea1d9f5be2881576b9bb9bafae3850eb317c486b,"[2568, 2]",0e3e8654004f1c55eba0a3bbbd5b85a531edce7f145527ebdc7537af6cceddb5
25047067B2.h5,features_biomedclip_20x/25047067B2.h5,5308798,63ffed46764457b529922f665e5723087839fb0bc1fbc4680335f46e8817a463,2026-01-07T11:34:22.791075,"[""coords"", ""features""]","{""coords"": {""dtype"": ""int64"", ""has_inf"": false, ""has_nan"": false, ""shape"": [2784, 2], ""summary_hash"": ""e115132a856e1ca53264280280c6883f0b378a3762c56a5844de0245fd149bef""}, ""features"": {""dtype"": ""float32"", ""has_inf"": false, ""has_nan"": false, ""shape"": [2784, 512], ""summary_hash"": ""683b04ba5b1d7362c71085494315155ad85b9485864d79d8bc87fb2ee5be75c1""}}",features,"[2784, 512]",float32,False,False,683b04ba5b1d7362c71085494315155ad85b9485864d79d8bc87fb2ee5be75c1,"[2784, 2]",e115132a856e1ca53264280280c6883f0b378a3762c56a5844de0245fd149bef
25047077B2.h5,features_biomedclip_20x/25047077B2.h5,5219522,7e3609480d485a81b144d14dba2c19cb99af15c05cbe14fbd1e3e189bf336db2,2026-01-07T11:34:16.592097,"[""coords"", ""features""]","{""coords"": {""dtype"": ""int64"", ""has_inf"": false, ""has_nan"": false, ""shape"": [2735, 2], ""summary_hash"": ""f2cff6aaaeec511e1b74964c49235c97dd2ab857387ed7c43f42d5e602ade368""}, ""features"": {""dtype"": ""float32"", ""has_inf"": false, ""has_nan"": false, ""shape"": [2735, 512], ""summary_hash"": ""9cfec603f573ec1588d214cbee7f4c3d88e3271a135ff9bf05399bacd4596d39""}}",features,"[2735, 512]",float32,False,False,9cfec603f573ec1588d214cbee7f4c3d88e3271a135ff9bf05399bacd4596d39,"[2735, 2]",f2cff6aaaeec511e1b74964c49235c97dd2ab857387ed7c43f42d5e602ade368
25047088B.h5,features_biomedclip_20x/25047088B.h5,2160588,d6e31fa152991a3e3ea16f11b1c6811371c261249c0ad475936a808fa2972982,2026-01-07T11:34:15.315102,"[""coords"", ""features""]","{""coords"": {""dtype"": ""int64"", ""has_inf"": false, ""has_nan"": false, ""shape"": [1126, 2], ""summary_hash"": ""c7443701566a1634e8e6bf63f7fbeafbcb782c74cd5016eea9fab9e03ed42f63""}, ""features"": {""dtype"": ""float32"", ""has_inf"": false, ""has_nan"": false, ""shape"": [1126, 512], ""summary_hash"": ""94c28a3f41c271facefa0706ec6100b27ddd6f219b845a715884bf3d3769a43d""}}",features,"[1126, 512]",float32,False,False,94c28a3f41c271facefa0706ec6100b27ddd6f219b845a715884bf3d3769a43d,"[1126, 2]",c7443701566a1634e8e6bf63f7fbeafbcb782c74cd5016eea9fab9e03ed42f63
25047401B2.h5,features_biomedclip_20x/25047401B2.h5,5707574,9c24c31e9ddbbd369ebab1cba4f3673f4d2ca5f5311ef2f3622047a63eda6ff8,2026-01-07T11:34:37.959021,"[""coords"", ""features""]","{""coords"": {""dtype"": ""int64"", ""has_inf"": false, ""has_nan"": false, ""shape"": [2996, 2], ""summary_hash"": ""f931de5ba1d81e11b0375f9c003c8dda8d77783359dcca7475f3917e28af08cb""}, ""features"": {""dtype"": ""float32"", ""has_inf"": false, ""has_nan"": false, ""shape"": [2996, 512], ""summary_hash"": ""35c4810b764595d02f73280bbe03b63a87f5fe6ad1b8801e839c9e9aec9fcbbe""}}",features,"[2996, 512]",float32,False,False,35c4810b764595d02f73280bbe03b63a87f5fe6ad1b8801e839c9e9aec9fcbbe,"[2996, 2]",f931de5ba1d81e11b0375f9c003c8dda8d77783359dcca7475f3917e28af08cb
25047538B2.h5,features_biomedclip_20x/25047538B2.h5,3280248,512d8b38555aac17d94e4eb0597d86d3e87c90d25887365ec41bd663f53bc872,2026-01-07T11:34:41.884007,"[""coords"", ""features""]","{""coords"": {""dtype"": ""int64"", ""has_inf"": false, ""has_nan"": false, ""shape"": [1719, 2], ""summary_hash"": ""6be5c295df439487fc62c4fe7f310f8adfdd6ff8863925e25d3cb2bcf2a848c7""}, ""features"": {""dtype"": ""float32"", ""has_inf"": false, ""has_nan"": false, ""shape"": [1719, 512], ""summary_hash"": ""70b3ab473840850710c5956834d75a07e05fe3918830278f5c00d2b1e1919a5b""}}",features,"[1719, 512]",float32,False,False,70b3ab473840850710c5956834d75a07e05fe3918830278f5c00d2b1e1919a5b,"[1719, 2]",6be5c295df439487fc62c4fe7f310f8adfdd6ff8863925e25d3cb2bcf2a848c7
25047815B.h5,features_biomedclip_20x/25047815B.h5,5509296,d22dc50e3d335849baafe8a0fe92aa151fbdee7ee88cbf2e34c87d5c623165cb,2026-01-07T11:34:21.962078,"[""coords"", ""features""]","{""coords"": {""dtype"": ""int64"", ""has_inf"": false, ""has_nan"": false, ""shape"": [2890, 2], ""summary_hash"": ""f7805cfa74222f52cbe79b8de867d72820c464bfd90b5887e3d9c658a70cada2""}, ""features"": {""dtype"": ""float32"", ""has_inf"": false, ""has_nan"": false, ""shape"": [2890, 512], ""summary_hash"": ""5c70a3368a92c0b166c0c35585e2bc7580e6575631123196f072780f650c027d""}}",features,"[2890, 512]",float32,False,False,5c70a3368a92c0b166c0c35585e2bc7580e6575631123196f072780f650c027d,"[2890, 2]",f7805cfa74222f52cbe79b8de867d72820c464bfd90b5887e3d9c658a70cada2
25047835B3.h5,features_biomedclip_20x/25047835B3.h5,2373277,daea0fc162702c6284b1ed4b7ea49c28b2481a5b9cf02f4743f18e506d0d62bc,2026-01-07T11:34:55.991957,"[""coords"", ""features""]","{""coords"": {""dtype"": ""int64"", ""has_inf"": false, ""has_nan"": false, ""shape"": [1239, 2], ""summary_hash"": ""1f90a1b509f392c73f2f21842c13fe9e1e256f04e81d6c1d73d2c82788946124""}, ""features"": {""dtype"": ""float32"", ""has_inf"": false, ""has_nan"": false, ""shape"": [1239, 512], ""summary_hash"": ""3ec18d24a0e4c0bc4f032f4efdb08725f2dfc6fcfc83850a3e0a330a61c5143d""}}",features,"[1239, 512]",float32,False,False,3ec18d24a0e4c0bc4f032f4efdb08725f2dfc6fcfc83850a3e0a330a61c5143d,"[1239, 2]",1f90a1b509f392c73f2f21842c13fe9e1e256f04e81d6c1d73d2c82788946124
25047844B2.h5,features_biomedclip_20x/25047844B2.h5,2945500,08c71ca18fa7f94424a306a6d7e72633556280901c5e597bd542d676f8d5cb20,2026-01-07T11:34:32.915039,"[""coords"", ""features""]","{""coords"": {""dtype"": ""int64"", ""has_inf"": false, ""has_nan"": false, ""shape"": [1542, 2], ""summary_hash"": ""c69dd89e02a3c4cd9243f7da257e242044c73ce1e2dcc56d59a8106419979e67""}, ""features"": {""dtype"": ""float32"", ""has_inf"": false, ""has_nan"": false, ""shape"": [1542, 512], ""summary_hash"": ""6c0569545f84e044e7ee932f5efb84f91c67df9117488608bbd34fe7f643c94e""}}",features,"[1542, 512]",float32,False,False,6c0569545f84e044e7ee932f5efb84f91c67df9117488608bbd34fe7f643c94e,"[1542, 2]",c69dd89e02a3c4cd9243f7da257e242044c73ce1e2dcc56d59a8106419979e67
25047972B2.h5,features_biomedclip_20x/25047972B2.h5,5792829,91ab028a9821341d74e319ca42a46f90ca684e2248a1030bb8792c9131720668,2026-01-07T11:34:24.931068,"[""coords"", ""features""]","{""coords"": {""dtype"": ""int64"", ""has_inf"": false, ""has_nan"": false, ""shape"": [3038, 2], ""summary_hash"": ""ccb0f7600c070546e5490e8cac78b019ee01e355990f95f3bf56feef6f29e2cb""}, ""features"": {""dtype"": ""float32"", ""has_inf"": false, ""has_nan"": false, ""shape"": [3038, 512], ""summary_hash"": ""ee9c37defed7d9f3db18ca39e73c90c82868982b6534c586706a799f59298fec""}}",features,"[3038, 512]",float32,False,False,ee9c37defed7d9f3db18ca39e73c90c82868982b6534c586706a799f59298fec,"[3038, 2]",ccb0f7600c070546e5490e8cac78b019ee01e355990f95f3bf56feef6f29e2cb
25048256B2.h5,features_biomedclip_20x/25048256B2.h5,7464275,95ad96d8da535a78983e376e59ed10c67a660d00a19072d405cc887c3cc493e3,2026-01-07T11:34:51.080974,"[""coords"", ""features""]","{""coords"": {""dtype"": ""int64"", ""has_inf"": false, ""has_nan"": false, ""shape"": [3921, 2], ""summary_hash"": ""48ac6a355af0711af13516936fe4236e0ab1d4dd8e95baba13c0d19509538901""}, ""features"": {""dtype"": ""float32"", ""has_inf"": false, ""has_nan"": false, ""shape"": [3921, 512], ""summary_hash"": ""996be80dd346499ad4ff1c952515a209db35305315a12f29b362503c83a6d6e6""}}",features,"[3921, 512]",float32,False,False,996be80dd346499ad4ff1c952515a209db35305315a12f29b362503c83a6d6e6,"[3921, 2]",48ac6a355af0711af13516936fe4236e0ab1d4dd8e95baba13c0d19509538901
25048633B2.h5,features_biomedclip_20x/25048633B2.h5,5287837,1d9948e6a3ecf400790c47ff9a91825d92fd18368669605830c235b212ba6bcf,2026-01-07T11:34:32.571040,"[""coords"", ""features""]","{""coords"": {""dtype"": ""int64"", ""has_inf"": false, ""has_nan"": false, ""shape"": [2771, 2], ""summary_hash"": ""a2bd6844f4bd0b859b3a8ddb0cdbac76d2fa317fcf12a4edc2d1cac6a323d517""}, ""features"": {""dtype"": ""float32"", ""has_inf"": false, ""has_nan"": false, ""shape"": [2771, 512], ""summary_hash"": ""c88dbf92347e15ef2165c31bb3ba516f8e403ff7e2be10ab73e430619e49f435""}}",features,"[2771, 512]",float32,False,False,c88dbf92347e15ef2165c31bb3ba516f8e403ff7e2be10ab73e430619e49f435,"[2771, 2]",a2bd6844f4bd0b859b3a8ddb0cdbac76d2fa317fcf12a4edc2d1cac6a323d517
25048669B2.h5,features_biomedclip_20x/25048669B2.h5,9180301,6e9886eca5e357c813e6c3d320eccd040f59d635f586b8753a96c25cd4dfadaa,2026-01-07T11:34:19.776086,"[""coords"", ""features""]","{""coords"": {""dtype"": ""int64"", ""has_inf"": false, ""has_nan"": false, ""shape"": [4821, 2], ""summary_hash"": ""ece186e57803ab6582a2c757cdcccbeb2de52de94feacbc298bcb629baf21134""}, ""features"": {""dtype"": ""float32"", ""has_inf"": false, ""has_nan"": false, ""shape"": [4821, 512], ""summary_hash"": ""dd58c00fae02bd60d94da531774c7b91333775f49628b36033771f691ca01940""}}",features,"[4821, 512]",float32,False,False,dd58c00fae02bd60d94da531774c7b91333775f49628b36033771f691ca01940,"[4821, 2]",ece186e57803ab6582a2c757cdcccbeb2de52de94feacbc298bcb629baf21134
25049669B3.h5,features_biomedclip_20x/25049669B3.h5,8207572,3ed78806c7a69d4315934ee87d59801f3c111fb0eb7a6b4cef8465780404c0db,2026-01-07T11:34:35.385030,"[""coords"", ""features""]","{""coords"": {""dtype"": ""int64"", ""has_inf"": false, ""has_nan"": false, ""shape"": [4306, 2], ""summary_hash"": ""2ec5da858199c6027a44b2861a99edd6bb8515eea530263d0dff4b556705b389""}, ""features"": {""dtype"": ""float32"", ""has_inf"": false, ""has_nan"": false, ""shape"": [4306, 512], ""summary_hash"": ""40f9f8fe0adb6bbd760e680e0eab7d7984c376e03631f0896f5e587d9facbc15""}}",features,"[4306, 512]",float32,False,False,40f9f8fe0adb6bbd760e680e0eab7d7984c376e03631f0896f5e587d9facbc15,"[4306, 2]",2ec5da858199c6027a44b2861a99edd6bb8515eea530263d0dff4b556705b389
25049966B2.h5,features_biomedclip_20x/25049966B2.h5,3646449,4c198a3c865e5ddf655973f0a140a6cbda2ba87d7f7be6a75d54f8feb8718cc2,2026-01-07T11:34:56.452955,"[""coords"", ""features""]","{""coords"": {""dtype"": ""int64"", ""has_inf"": false, ""has_nan"": false, ""shape"": [1912, 2], ""summary_hash"": ""8bc23fc24b09a68e94e7f7dc5176f05524a153abd8ad37f2ef1b5b59fc8bc1b3""}, ""features"": {""dtype"": ""float32"", ""has_inf"": false, ""has_nan"": false, ""shape"": [1912, 512], ""summary_hash"": ""855c5c6870f187cfc764f775c25a31d41b8df43c46aa7752952508838d829fce""}}",features,"[1912, 512]",float32,False,False,855c5c6870f187cfc764f775c25a31d41b8df43c46aa7752952508838d829fce,"[1912, 2]",8bc23fc24b09a68e94e7f7dc5176f05524a153abd8ad37f2ef1b5b59fc8bc1b3
25049999B2.h5,features_biomedclip_20x/25049999B2.h5,5401883,70f689764da39a87fc15edec6dc219299e138011da2ad7ff6a811aa03695b5c3,2026-01-07T11:34:25.522065,"[""coords"", ""features""]","{""coords"": {""dtype"": ""int64"", ""has_inf"": false, ""has_nan"": false, ""shape"": [2832, 2], ""summary_hash"": ""ce62f70a1a9ab76b2e6c7f752fbf114a4508419e905cadbdc7fd7526c6eef695""}, ""features"": {""dtype"": ""float32"", ""has_inf"": false, ""has_nan"": false, ""shape"": [2832, 512], ""summary_hash"": ""9501b96dc9a3b2a14698c42aef3ec38e99cf038f8d1835ed97805a0c451964d1""}}",features,"[2832, 512]",float32,False,False,9501b96dc9a3b2a14698c42aef3ec38e99cf038f8d1835ed97805a0c451964d1,"[2832, 2]",ce62f70a1a9ab76b2e6c7f752fbf114a4508419e905cadbdc7fd7526c6eef695
25050326B.h5,features_biomedclip_20x/25050326B.h5,3608544,308722e81426fc879bbd3c3c0c14b62eec68233c675d012141a5b7007a5287f7,2026-01-07T11:34:31.295045,"[""coords"", ""features""]","{""coords"": {""dtype"": ""int64"", ""has_inf"": false, ""has_nan"": false, ""shape"": [1893, 2], ""summary_hash"": ""6f90e19a3f6998966d92a23bbaf9f2261ae053eb638dacf8b0d5e63391104519""}, ""features"": {""dtype"": ""float32"", ""has_inf"": false, ""has_nan"": false, ""shape"": [1893, 512], ""summary_hash"": ""3ea97c8b78f504a3ac4832999124744c9ef3284250ec245f799ed10cab50a2f4""}}",features,"[1893, 512]",float32,False,False,3ea97c8b78f504a3ac4832999124744c9ef3284250ec245f799ed10cab50a2f4,"[1893, 2]",6f90e19a3f6998966d92a23bbaf9f2261ae053eb638dacf8b0d5e63391104519
25050345B2.h5,features_biomedclip_20x/25050345B2.h5,5863619,1249b9e7e143ee4957acbac15b7315a5f6c2fcc31ad7d733b7086164ec21a804,2026-01-07T11:34:47.598987,"[""coords"", ""features""]","{""coords"": {""dtype"": ""int64"", ""has_inf"": false, ""has_nan"": false, ""shape"": [3075, 2], ""summary_hash"": ""61455361855a32d172d468ed3c1ee496f9693b6797bfcb8c44f3b0021895ad6a""}, ""features"": {""dtype"": ""float32"", ""has_inf"": false, ""has_nan"": false, ""shape"": [3075, 512], ""summary_hash"": ""29b3782e5c3bf2e374064d985ab3ef183a20626a973a4fcdfc5c9ebe68b91797""}}",features,"[3075, 512]",float32,False,False,29b3782e5c3bf2e374064d985ab3ef183a20626a973a4fcdfc5c9ebe68b91797,"[3075, 2]",61455361855a32d172d468ed3c1ee496f9693b6797bfcb8c44f3b0021895ad6a
25050415B2.h5,features_biomedclip_20x/25050415B2.h5,8533661,6d173e32a55ae4e4f0b3319bfe6f00c0254bc77b0223cb6f3cdf5fb28421c807,2026-01-07T11:34:53.185967,"[""coords"", ""features""]","{""coords"": {""dtype"": ""int64"", ""has_inf"": false, ""has_nan"": false, ""shape"": [4480, 2], ""summary_hash"": ""e253ea1e7639b81bcc0dab455637d577ebf5f211cbf8b214367fbc01c157f7bb""}, ""features"": {""dtype"": ""float32"", ""has_inf"": false, ""has_nan"": false, ""shape"": [4480, 512], ""summary_hash"": ""f964fcdec38be1abf8c4d6e1fe71064ac45c924678d36d5b3bf4dd62ec57f7ff""}}",features,"[4480, 512]",float32,False,False,f964fcdec38be1abf8c4d6e1fe71064ac45c924678d36d5b3bf4dd62ec57f7ff,"[4480, 2]",e253ea1e7639b81bcc0dab455637d577ebf5f211cbf8b214367fbc01c157f7bb
25050830B2.h5,features_biomedclip_20x/25050830B2.h5,4105826,9f73f5b935777d12717f607f1386ce399708cfd2d5adbae4b5608210a0b8b9e0,2026-01-07T11:34:32.336041,"[""coords"", ""features""]","{""coords"": {""dtype"": ""int64"", ""has_inf"": false, ""has_nan"": false, ""shape"": [2153, 2], ""summary_hash"": ""dfd56d59d0b7dd5f7656ea3fa8ab021e3fba3e2aae13b849452d4687561aefe6""}, ""features"": {""dtype"": ""float32"", ""has_inf"": false, ""has_nan"": false, ""shape"": [2153, 512], ""summary_hash"": ""067e506d043f177e691c93c9c550019e483e9468c05fc076564986f570ed645e""}}",features,"[2153, 512]",float32,False,False,067e506d043f177e691c93c9c550019e483e9468c05fc076564986f570ed645e,"[2153, 2]",dfd56d59d0b7dd5f7656ea3fa8ab021e3fba3e2aae13b849452d4687561aefe6
25050862B2.h5,features_biomedclip_20x/25050862B2.h5,7672693,2f08df0c286eeb9318f2fbb0789cd95026f1016f472d5c0ab11656f0de7442e2,2026-01-07T11:34:24.422069,"[""coords"", ""features""]","{""coords"": {""dtype"": ""int64"", ""has_inf"": false, ""has_nan"": false, ""shape"": [4031, 2], ""summary_hash"": ""1d10636b93909fc94e0a7a6d3589be1fb6507f5d7fa1fb29cf42c2b7855cce3c""}, ""features"": {""dtype"": ""float32"", ""has_inf"": false, ""has_nan"": false, ""shape"": [4031, 512], ""summary_hash"": ""fc226a8d83739720a4f976ec6d45a99342a8ac9c6cd0a558c37473bda2d36533""}}",features,"[4031, 512]",float32,False,False,fc226a8d83739720a4f976ec6d45a99342a8ac9c6cd0a558c37473bda2d36533,"[4031, 2]",1d10636b93909fc94e0a7a6d3589be1fb6507f5d7fa1fb29cf42c2b7855cce3c
25050888B2.h5,features_biomedclip_20x/25050888B2.h5,2942139,351072294234b6695419afc8df4180aba4e92df0055ff8f1fe4914dec13ca1f9,2026-01-07T11:34:44.277999,"[""coords"", ""features""]","{""coords"": {""dtype"": ""int64"", ""has_inf"": false, ""has_nan"": false, ""shape"": [1540, 2], ""summary_hash"": ""53c23210d57e5c28c3be45ef3b9127deb782c55f8bbdb149166d3d5ce0b9be75""}, ""features"": {""dtype"": ""float32"", ""has_inf"": false, ""has_nan"": false, ""shape"": [1540, 512], ""summary_hash"": ""1ffc7ffae276058169407e45a1937619ab87eee42e8443fba0af19a3884916c0""}}",features,"[1540, 512]",float32,False,False,1ffc7ffae276058169407e45a1937619ab87eee42e8443fba0af19a3884916c0,"[1540, 2]",53c23210d57e5c28c3be45ef3b9127deb782c55f8bbdb149166d3d5ce0b9be75
25050888B3.h5,features_biomedclip_20x/25050888B3.h5,1943411,ba399a93b699b4839ffedc3d067deac15383cc3b4b8dae5958b3b731b86aa4d9,2026-01-07T11:34:43.586001,"[""coords"", ""features""]","{""coords"": {""dtype"": ""int64"", ""has_inf"": false, ""has_nan"": false, ""shape"": [1015, 2], ""summary_hash"": ""060d9973e68b7c5cba28a25e06433bbd820cd40c13b7c0d1593622cf638855cb""}, ""features"": {""dtype"": ""float32"", ""has_inf"": false, ""has_nan"": false, ""shape"": [1015, 512], ""summary_hash"": ""409a4ff0da1b8f17d4334b4778d94c135937ac2866bd4f6328eb7d3fdb066639""}}",features,"[1015, 512]",float32,False,False,409a4ff0da1b8f17d4334b4778d94c135937ac2866bd4f6328eb7d3fdb066639,"[1015, 2]",060d9973e68b7c5cba28a25e06433bbd820cd40c13b7c0d1593622cf638855cb
25050984B2.h5,features_biomedclip_20x/25050984B2.h5,6551256,1d5a27b0684916c7770f8987c88c42efa00181e43b5ca54dc1ed96f63dfb705d,2026-01-07T11:34:39.088017,"[""coords"", ""features""]","{""coords"": {""dtype"": ""int64"", ""has_inf"": false, ""has_nan"": false, ""shape"": [3439, 2], ""summary_hash"": ""e9f2d334bd4a6011a0d5ea8f5d9bb7a5fb4c56e16de5d543edaa5681f1db187b""}, ""features"": {""dtype"": ""float32"", ""has_inf"": false, ""has_nan"": false, ""shape"": [3439, 512], ""summary_hash"": ""399c0f5b001b8b5603e111df76b813e23240a793e61d24f68f931fb85bbd8b53""}}",features,"[3439, 512]",float32,False,False,399c0f5b001b8b5603e111df76b813e23240a793e61d24f68f931fb85bbd8b53,"[3439, 2]",e9f2d334bd4a6011a0d5ea8f5d9bb7a5fb4c56e16de5d543edaa5681f1db187b
25051008B4.h5,features_biomedclip_20x/25051008B4.h5,3792600,65447c31e4b0c210578c89c4ace267c4561dd485ae6f1c20131639e9a2925d33,2026-01-07T11:34:47.917986,"[""coords"", ""features""]","{""coords"": {""dtype"": ""int64"", ""has_inf"": false, ""has_nan"": false, ""shape"": [1989, 2], ""summary_hash"": ""a50a08064becb99339778cdbf2ef35ce4d34231f1190f20dca0ad3743a1be355""}, ""features"": {""dtype"": ""float32"", ""has_inf"": false, ""has_nan"": false, ""shape"": [1989, 512], ""summary_hash"": ""af03231a5bc340e8f4d2b12bf43005b04141f6f25b15e9fc9cc58a11c79c6dc7""}}",features,"[1989, 512]",float32,False,False,af03231a5bc340e8f4d2b12bf43005b04141f6f25b15e9fc9cc58a11c79c6dc7,"[1989, 2]",a50a08064becb99339778cdbf2ef35ce4d34231f1190f20dca0ad3743a1be355
25051207B5.h5,features_biomedclip_20x/25051207B5.h5,3754533,f44d211e45756d16b7259f549cb781fb308e669392157b183a16917c49955b3a,2026-01-07T11:34:16.619097,"[""coords"", ""features""]","{""coords"": {""dtype"": ""int64"", ""has_inf"": false, ""has_nan"": false, ""shape"": [1969, 2], ""summary_hash"": ""306ada9f38f9ea78ce26b5bc84dfccaceb217d6bda4fc6fb67e031f68a1ef2ac""}, ""features"": {""dtype"": ""float32"", ""has_inf"": false, ""has_nan"": false, ""shape"": [1969, 512], ""summary_hash"": ""32045b712b469c91337b69047aeb394476a1eb88a444b686c74ab3bf2e6e434f""}}",features,"[1969, 512]",float32,False,False,32045b712b469c91337b69047aeb394476a1eb88a444b686c74ab3bf2e6e434f,"[1969, 2]",306ada9f38f9ea78ce26b5bc84dfccaceb217d6bda4fc6fb67e031f68a1ef2ac
25052288B.h5,features_biomedclip_20x/25052288B.h5,2297135,21cfc4f6cccb827bcbf4b89b49919922a812c98dce9c12b53efe5ab7d8040799,2026-01-07T11:34:51.381973,"[""coords"", ""features""]","{""coords"": {""dtype"": ""int64"", ""has_inf"": false, ""has_nan"": false, ""shape"": [1199, 2], ""summary_hash"": ""f9a236174acef4e98aa92f709071a3f75efb5a18c49539edba6316283a4ad772""}, ""features"": {""dtype"": ""float32"", ""has_inf"": false, ""has_nan"": false, ""shape"": [1199, 512], ""summary_hash"": ""0b628d36f3771de419daef5ec00b403ae20a1dd3e648bc995e341767f678b721""}}",features,"[1199, 512]",float32,False,False,0b628d36f3771de419daef5ec00b403ae20a1dd3e648bc995e341767f678b721,"[1199, 2]",f9a236174acef4e98aa92f709071a3f75efb5a18c49539edba6316283a4ad772
25052316B.h5,features_biomedclip_20x/25052316B.h5,4850095,4a54819759a12bb0e31c8df86ebedf82b8a506dd99c86e1ba8d2915f116f8ac1,2026-01-07T11:34:57.325952,"[""coords"", ""features""]","{""coords"": {""dtype"": ""int64"", ""has_inf"": false, ""has_nan"": false, ""shape"": [2539, 2], ""summary_hash"": ""f9608091fbc1ca5faa7fa745d0657eb4de852b267aa45efc053850ec9b42cd1a""}, ""features"": {""dtype"": ""float32"", ""has_inf"": false, ""has_nan"": false, ""shape"": [2539, 512], ""summary_hash"": ""744750fbe3cc1cf6a26c28c330b0239f7c6fc61da0be5a3ea8b2526cefa68c6d""}}",features,"[2539, 512]",float32,False,False,744750fbe3cc1cf6a26c28c330b0239f7c6fc61da0be5a3ea8b2526cefa68c6d,"[2539, 2]",f9608091fbc1ca5faa7fa745d0657eb4de852b267aa45efc053850ec9b42cd1a
25052654B2.h5,features_biomedclip_20x/25052654B2.h5,1799530,46cbc0b28307d9b153e43f22e271f22d817a8dbe5ff3743e8ea8068c188b1517,2026-01-07T11:34:52.622969,"[""coords"", ""features""]","{""coords"": {""dtype"": ""int64"", ""has_inf"": false, ""has_nan"": false, ""shape"": [939, 2], ""summary_hash"": ""4a1971d3120ac71c11a13b331d6e857676a2e86886e72bc4974f01a2571441e1""}, ""features"": {""dtype"": ""float32"", ""has_inf"": false, ""has_nan"": false, ""shape"": [939, 512], ""summary_hash"": ""a40a2f9c810be492fbad6a9240247335d43a205f3c9219a27a2910f85690d446""}}",features,"[939, 512]",float32,False,False,a40a2f9c810be492fbad6a9240247335d43a205f3c9219a27a2910f85690d446,"[939, 2]",4a1971d3120ac71c11a13b331d6e857676a2e86886e72bc4974f01a2571441e1
25053425B2.h5,features_biomedclip_20x/25053425B2.h5,2937610,365af47398ab25c0dc1e5b612718c6bd29f889e8675b12db26436ad8e6dbdfeb,2026-01-07T11:34:37.414023,"[""coords"", ""features""]","{""coords"": {""dtype"": ""int64"", ""has_inf"": false, ""has_nan"": false, ""shape"": [1538, 2], ""summary_hash"": ""553dca968f44dfbcc6e56e0120ef0ebc2cdbbb85db1515b645e63375fb54d6c2""}, ""features"": {""dtype"": ""float32"", ""has_inf"": false, ""has_nan"": false, ""shape"": [1538, 512], ""summary_hash"": ""e22a147a44da58009b797f94d22cba2790d33b455be54d6751a065b6387c4974""}}",features,"[1538, 512]",float32,False,False,e22a147a44da58009b797f94d22cba2790d33b455be54d6751a065b6387c4974,"[1538, 2]",553dca968f44dfbcc6e56e0120ef0ebc2cdbbb85db1515b645e63375fb54d6c2
25053683B2.h5,features_biomedclip_20x/25053683B2.h5,6274204,7f17bd3648ca948a91baa6aca1e421314ff38a15151132776ad45e805e38f1c2,2026-01-07T11:34:27.730058,"[""coords"", ""features""]","{""coords"": {""dtype"": ""int64"", ""has_inf"": false, ""has_nan"": false, ""shape"": [3292, 2], ""summary_hash"": ""699543d7d97091b39a6993c71f9112363f21e6c5aadf6c4ad91730a94464f978""}, ""features"": {""dtype"": ""float32"", ""has_inf"": false, ""has_nan"": false, ""shape"": [3292, 512], ""summary_hash"": ""4d4e92ce4f53d0d6cdc705b25f3813be168736b716ea884fc26caea3a38d4ff9""}}",features,"[3292, 512]",float32,False,False,4d4e92ce4f53d0d6cdc705b25f3813be168736b716ea884fc26caea3a38d4ff9,"[3292, 2]",699543d7d97091b39a6993c71f9112363f21e6c5aadf6c4ad91730a94464f978
25054130B1.h5,features_biomedclip_20x/25054130B1.h5,5779541,98b507e15c6ab660308f97f260a1d949131ccbfaf8ee441f5a7c51d603be649f,2026-01-07T11:34:26.773061,"[""coords"", ""features""]","{""coords"": {""dtype"": ""int64"", ""has_inf"": false, ""has_nan"": false, ""shape"": [3032, 2], ""summary_hash"": ""ca84fc236b30307ea4716d957a146a5173334cc2e181a8c1c41e25e5e85e4e48""}, ""features"": {""dtype"": ""float32"", ""has_inf"": false, ""has_nan"": false, ""shape"": [3032, 512], ""summary_hash"": ""c7794e888fc868351f3e2b23826bf06832a15460bcaed2a7d5f5cd972c852673""}}",features,"[3032, 512]",float32,False,False,c7794e888fc868351f3e2b23826bf06832a15460bcaed2a7d5f5cd972c852673,"[3032, 2]",ca84fc236b30307ea4716d957a146a5173334cc2e181a8c1c41e25e5e85e4e48
25054130B2.h5,features_biomedclip_20x/25054130B2.h5,1866480,8e45d267e9a3dac1a7758c7742ff2f02539222d6b3be60a27043fcce3b4861a7,2026-01-07T11:34:19.933085,"[""coords"", ""features""]","{""coords"": {""dtype"": ""int64"", ""has_inf"": false, ""has_nan"": false, ""shape"": [975, 2], ""summary_hash"": ""e5e507cbe330087df6ac497851e4db3409fd746a4851c7bce4c56c86a1ade2d7""}, ""features"": {""dtype"": ""float32"", ""has_inf"": false, ""has_nan"": false, ""shape"": [975, 512], ""summary_hash"": ""ce0ab7d8e3842a23b5de5647b866b67e625cf24e89654598e17e3254caef7d42""}}",features,"[975, 512]",float32,False,False,ce0ab7d8e3842a23b5de5647b866b67e625cf24e89654598e17e3254caef7d42,"[975, 2]",e5e507cbe330087df6ac497851e4db3409fd746a4851c7bce4c56c86a1ade2d7
25054212B.h5,features_biomedclip_20x/25054212B.h5,7132056,5af729fa695d8627f7f2ebed60a5f41b3118827d06396775ab081ef3df76f744,2026-01-07T11:34:40.445012,"[""coords"", ""features""]","{""coords"": {""dtype"": ""int64"", ""has_inf"": false, ""has_nan"": false, ""shape"": [3745, 2], ""summary_hash"": ""c3e36682e0c3a725360ebbd495b6142defba8a61ca9b5e299aa059655ad5a18b""}, ""features"": {""dtype"": ""float32"", ""has_inf"": false, ""has_nan"": false, ""shape"": [3745, 512], ""summary_hash"": ""aa4508c36d676a76b90d279db6a14a6e7ef8f032512770fe63e6ce816d6028ce""}}",features,"[3745, 512]",float32,False,False,aa4508c36d676a76b90d279db6a14a6e7ef8f032512770fe63e6ce816d6028ce,"[3745, 2]",c3e36682e0c3a725360ebbd495b6142defba8a61ca9b5e299aa059655ad5a18b
25054489B3.h5,features_biomedclip_20x/25054489B3.h5,6247102,af4ac8de0a20f5c193aaa8bf39a58973849af26479ba1f0d8c7667d3df8df9ab,2026-01-07T11:34:27.133060,"[""coords"", ""features""]","{""coords"": {""dtype"": ""int64"", ""has_inf"": false, ""has_nan"": false, ""shape"": [3278, 2], ""summary_hash"": ""b5a99000baa0781cc14503c7bede34e5d8edbe94993eee441ac19de3fd9a3ff5""}, ""features"": {""dtype"": ""float32"", ""has_inf"": false, ""has_nan"": false, ""shape"": [3278, 512], ""summary_hash"": ""444890b0627ba31eb84fc68f487105413a4131629e2ed7ed3afc74f24fbeec7c""}}",features,"[3278, 512]",float32,False,False,444890b0627ba31eb84fc68f487105413a4131629e2ed7ed3afc74f24fbeec7c,"[3278, 2]",b5a99000baa0781cc14503c7bede34e5d8edbe94993eee441ac19de3fd9a3ff5
25054693B2.h5,features_biomedclip_20x/25054693B2.h5,7548898,d84198ff553e558d466710ff140401a888715555c5a490339a2dfd7ca2d1eea8,2026-01-07T11:34:57.863950,"[""coords"", ""features""]","{""coords"": {""dtype"": ""int64"", ""has_inf"": false, ""has_nan"": false, ""shape"": [3966, 2], ""summary_hash"": ""9f9d1d4d3c94c5a21a0ac7ba36107485ff4eefef4b8a0875073ff535f036681c""}, ""features"": {""dtype"": ""float32"", ""has_inf"": false, ""has_nan"": false, ""shape"": [3966, 512], ""summary_hash"": ""46ee1f82cba2e16ecd01674afaf824a227164c46fe399fe7a103cb8adefbbaa3""}}",features,"[3966, 512]",float32,False,False,46ee1f82cba2e16ecd01674afaf824a227164c46fe399fe7a103cb8adefbbaa3,"[3966, 2]",9f9d1d4d3c94c5a21a0ac7ba36107485ff4eefef4b8a0875073ff535f036681c
25055380B2.h5,features_biomedclip_20x/25055380B2.h5,9108692,8cd816296add0b7740a1ac4095e55509c9bc061cd6d90da2b45e7a293c58a711,2026-01-07T11:34:53.310966,"[""coords"", ""features""]","{""coords"": {""dtype"": ""int64"", ""has_inf"": false, ""has_nan"": false, ""shape"": [4783, 2], ""summary_hash"": ""5dcf60662d678c872b6b1f7411a34f3386353c641b944a5b6e38a247e8befdb0""}, ""features"": {""dtype"": ""float32"", ""has_inf"": false, ""has_nan"": false, ""shape"": [4783, 512], ""summary_hash"": ""aacfe4e4129212f00e8f33889d9eac5c66a022c9ca72cb34899e10f1801f8648""}}",features,"[4783, 512]",float32,False,False,aacfe4e4129212f00e8f33889d9eac5c66a022c9ca72cb34899e10f1801f8648,"[4783, 2]",5dcf60662d678c872b6b1f7411a34f3386353c641b944a5b6e38a247e8befdb0
25055681B2.h5,features_biomedclip_20x/25055681B2.h5,3647073,0afd2f10ddc4f316a0a47248ac5f33a81d57da334d4082ba2567f2c26c9e6504,2026-01-07T11:34:28.950053,"[""coords"", ""features""]","{""coords"": {""dtype"": ""int64"", ""has_inf"": false, ""has_nan"": false, ""shape"": [1913, 2], ""summary_hash"": ""c17817a4a3285f540de648d1f3df6dedea5c19cf4faf03079713ffadeac0cf38""}, ""features"": {""dtype"": ""float32"", ""has_inf"": false, ""has_nan"": false, ""shape"": [1913, 512], ""summary_hash"": ""a717b54fc0644ed619e00d708841f8fba313eca4e88e103099fde1ac529c72b0""}}",features,"[1913, 512]",float32,False,False,a717b54fc0644ed619e00d708841f8fba313eca4e88e103099fde1ac529c72b0,"[1913, 2]",c17817a4a3285f540de648d1f3df6dedea5c19cf4faf03079713ffadeac0cf38
25055778B2.h5,features_biomedclip_20x/25055778B2.h5,9169235,2de12814642240ece7c440331905bf75d62bec9fd6e571a13496b039aea49dc4,2026-01-07T11:34:51.868971,"[""coords"", ""features""]","{""coords"": {""dtype"": ""int64"", ""has_inf"": false, ""has_nan"": false, ""shape"": [4815, 2], ""summary_hash"": ""1ab079dd62c399fc8c44d8e3b39f3451032591f0bce1cddac533e131d0f575ff""}, ""features"": {""dtype"": ""float32"", ""has_inf"": false, ""has_nan"": false, ""shape"": [4815, 512], ""summary_hash"": ""9abe95804356de9bb06117fe6b1bb272ad6b2e02e38f4568e7ceb58f51aa858f""}}",features,"[4815, 512]",float32,False,False,9abe95804356de9bb06117fe6b1bb272ad6b2e02e38f4568e7ceb58f51aa858f,"[4815, 2]",1ab079dd62c399fc8c44d8e3b39f3451032591f0bce1cddac533e131d0f575ff
25055784B2.h5,features_biomedclip_20x/25055784B2.h5,6724654,501a1d0fb3b57ca2cac9955e21f4ee868ec1aaa62ebdbfc06742644a56a05fcc,2026-01-07T11:35:02.384934,"[""coords"", ""features""]","{""coords"": {""dtype"": ""int64"", ""has_inf"": false, ""has_nan"": false, ""shape"": [3530, 2], ""summary_hash"": ""1b0aff4173d769548491df61ee9da275e516c93993844ec70f03e383d07049cc""}, ""features"": {""dtype"": ""float32"", ""has_inf"": false, ""has_nan"": false, ""shape"": [3530, 512], ""summary_hash"": ""27fce7a84772b0ec7938085f5f567d6b8809d3375f14dedfcdd7490666a91ed9""}}",features,"[3530, 512]",float32,False,False,27fce7a84772b0ec7938085f5f567d6b8809d3375f14dedfcdd7490666a91ed9,"[3530, 2]",1b0aff4173d769548491df61ee9da275e516c93993844ec70f03e383d07049cc
25055857B2.h5,features_biomedclip_20x/25055857B2.h5,6509295,7c51fc6bc87842fef9abf1a282b46136454536f74324bc9350a2b6ccc4d089d3,2026-01-07T11:34:28.680054,"[""coords"", ""features""]","{""coords"": {""dtype"": ""int64"", ""has_inf"": false, ""has_nan"": false, ""shape"": [3413, 2], ""summary_hash"": ""6b453ed57d40a6f39b64190ac46dd4c6827fda44b0db727bb039822a64cc2136""}, ""features"": {""dtype"": ""float32"", ""has_inf"": false, ""has_nan"": false, ""shape"": [3413, 512], ""summary_hash"": ""70809c7aab5798998d1b76702adc63d33fb67ab9ff177fcb5d0b2a2336c6aa12""}}",features,"[3413, 512]",float32,False,False,70809c7aab5798998d1b76702adc63d33fb67ab9ff177fcb5d0b2a2336c6aa12,"[3413, 2]",6b453ed57d40a6f39b64190ac46dd4c6827fda44b0db727bb039822a64cc2136
25057854B3.h5,features_biomedclip_20x/25057854B3.h5,2692385,81b0fdb11106c5765aeccd76dd96b64cf80cddb38a716609fb679003908266b6,2026-01-07T11:34:24.147070,"[""coords"", ""features""]","{""coords"": {""dtype"": ""int64"", ""has_inf"": false, ""has_nan"": false, ""shape"": [1408, 2], ""summary_hash"": ""e91a7574b8f04ab7d499608df3a10132c9490dc7e7f8e888cb8b78a32df42926""}, ""features"": {""dtype"": ""float32"", ""has_inf"": false, ""has_nan"": false, ""shape"": [1408, 512], ""summary_hash"": ""81dc4570df2a3e21285b610e35f3a91064f58a5500f3b12fd971fba1e37d9f2a""}}",features,"[1408, 512]",float32,False,False,81dc4570df2a3e21285b610e35f3a91064f58a5500f3b12fd971fba1e37d9f2a,"[1408, 2]",e91a7574b8f04ab7d499608df3a10132c9490dc7e7f8e888cb8b78a32df42926
25057856B2.h5,features_biomedclip_20x/25057856B2.h5,6610739,71792f27367777425755c830a9e5cccf2afafea2e96dc2a921f8296b3339d1aa,2026-01-07T11:35:03.387930,"[""coords"", ""features""]","{""coords"": {""dtype"": ""int64"", ""has_inf"": false, ""has_nan"": false, ""shape"": [3470, 2], ""summary_hash"": ""5426bb4bc15673943185f86d202eae3e86a87ce0a8bfbe9e46a6781922376438""}, ""features"": {""dtype"": ""float32"", ""has_inf"": false, ""has_nan"": false, ""shape"": [3470, 512], ""summary_hash"": ""ace33fd63932ff2810a35de7f4c03f99b4f51f127e4ebac0ef273add99db7697""}}",features,"[3470, 512]",float32,False,False,ace33fd63932ff2810a35de7f4c03f99b4f51f127e4ebac0ef273add99db7697,"[3470, 2]",5426bb4bc15673943185f86d202eae3e86a87ce0a8bfbe9e46a6781922376438
25057858B2.h5,features_biomedclip_20x/25057858B2.h5,5515951,67fe8bfea4ebc1944494f8e5db805d99decaa08bcf8169bc6fe60346f37636ed,2026-01-07T11:34:18.254091,"[""coords"", ""features""]","{""coords"": {""dtype"": ""int64"", ""has_inf"": false, ""has_nan"": false, ""shape"": [2892, 2], ""summary_hash"": ""3b4fec5838c5a9c992f3d1d7f403a1518361783f37625e7484a783b1e559b900""}, ""features"": {""dtype"": ""float32"", ""has_inf"": false, ""has_nan"": false, ""shape"": [2892, 512], ""summary_hash"": ""91c189deead3799b205f01de6470517e65fc9f7b3ed17aba2f04099ced11eb23""}}",features,"[2892, 512]",float32,False,False,91c189deead3799b205f01de6470517e65fc9f7b3ed17aba2f04099ced11eb23,"[2892, 2]",3b4fec5838c5a9c992f3d1d7f403a1518361783f37625e7484a783b1e559b900
25057865B1.h5,features_biomedclip_20x/25057865B1.h5,8758242,b55e7588ece374eb02ce86a7e6a993090a6a4e3848412819443f613b2f1c9734,2026-01-07T11:34:18.229091,"[""coords"", ""features""]","{""coords"": {""dtype"": ""int64"", ""has_inf"": false, ""has_nan"": false, ""shape"": [4598, 2], ""summary_hash"": ""c93773e63de244b1a02694f5aa591c71585edb8e0cc66809d6085f3dcbff9b55""}, ""features"": {""dtype"": ""float32"", ""has_inf"": false, ""has_nan"": false, ""shape"": [4598, 512], ""summary_hash"": ""dcfa25eb4433f776df05f89f8e63f7d6b7320b56aa3c12612d67feb4fd068465""}}",features,"[4598, 512]",float32,False,False,dcfa25eb4433f776df05f89f8e63f7d6b7320b56aa3c12612d67feb4fd068465,"[4598, 2]",c93773e63de244b1a02694f5aa591c71585edb8e0cc66809d6085f3dcbff9b55
25058118B3.h5,features_biomedclip_20x/25058118B3.h5,2411233,ba2eee05eee2234876cc10100d8ff10a243d3f1b8dfba5cc897b02128b4ddc16,2026-01-07T11:34:36.008028,"[""coords"", ""features""]","{""coords"": {""dtype"": ""int64"", ""has_inf"": false, ""has_nan"": false, ""shape"": [1259, 2], ""summary_hash"": ""6f73c5389a55a5f3edc2fbe4fdfdfdd6049762177a3b410f1b38f35ff09e9b8f""}, ""features"": {""dtype"": ""float32"", ""has_inf"": false, ""has_nan"": false, ""shape"": [1259, 512], ""summary_hash"": ""186432ea4268a865088a1495ad281427014255ff7517d5624759a3e8a4efa321""}}",features,"[1259, 512]",float32,False,False,186432ea4268a865088a1495ad281427014255ff7517d5624759a3e8a4efa321,"[1259, 2]",6f73c5389a55a5f3edc2fbe4fdfdfdd6049762177a3b410f1b38f35ff09e9b8f
25058118B4.h5,features_biomedclip_20x/25058118B4.h5,7462917,0bde04945ffc6a13b836ab2d5edd211e924b9b0d913995592a657e2efc9e5dc8,2026-01-07T11:34:25.494066,"[""coords"", ""features""]","{""coords"": {""dtype"": ""int64"", ""has_inf"": false, ""has_nan"": false, ""shape"": [3920, 2], ""summary_hash"": ""1b5c4058c85cb8589f2eefd080d54943a16f18a28bbe6f4c5bc81df80d6eb397""}, ""features"": {""dtype"": ""float32"", ""has_inf"": false, ""has_nan"": false, ""shape"": [3920, 512], ""summary_hash"": ""2cab31058a5899bf716d03f19555a8a901a33cf78086dffc6e5a9f0dc9392fcf""}}",features,"[3920, 512]",float32,False,False,2cab31058a5899bf716d03f19555a8a901a33cf78086dffc6e5a9f0dc9392fcf,"[3920, 2]",1b5c4058c85cb8589f2eefd080d54943a16f18a28bbe6f4c5bc81df80d6eb397
25058627B2.h5,features_biomedclip_20x/25058627B2.h5,5675489,c31dc84d5c14838874e782cbc21ba1a947cf17854dbe0e88ea0412cb9683baae,2026-01-07T11:34:26.833061,"[""coords"", ""features""]","{""coords"": {""dtype"": ""int64"", ""has_inf"": false, ""has_nan"": false, ""shape"": [2976, 2], ""summary_hash"": ""1305d1976f5392629f8a5d94a999fd19f2f253bd36bc6e3b59932fec1ef21914""}, ""features"": {""dtype"": ""float32"", ""has_inf"": false, ""has_nan"": false, ""shape"": [2976, 512], ""summary_hash"": ""256cde05a88704d45e8aa84ff3d1af22d60df1023ebb62ca6cc6b22b89f996a2""}}",features,"[2976, 512]",float32,False,False,256cde05a88704d45e8aa84ff3d1af22d60df1023ebb62ca6cc6b22b89f996a2,"[2976, 2]",1305d1976f5392629f8a5d94a999fd19f2f253bd36bc6e3b59932fec1ef21914
25058713B2.h5,features_biomedclip_20x/25058713B2.h5,5237991,d89275c9717794f6ad1f99947648f1db51528f85c943d5abf812ce4cf1b2d306,2026-01-07T11:34:45.652994,"[""coords"", ""features""]","{""coords"": {""dtype"": ""int64"", ""has_inf"": false, ""has_nan"": false, ""shape"": [2745, 2], ""summary_hash"": ""944779e130f333a99675daaef9d4ba01e03affeed6af992e11b0fa15cb8309f0""}, ""features"": {""dtype"": ""float32"", ""has_inf"": false, ""has_nan"": false, ""shape"": [2745, 512], ""summary_hash"": ""bf8f8b0d42682afa5b244f53d733e3cadd6f5e62074d9e9be2bcb43a364ef6c3""}}",features,"[2745, 512]",float32,False,False,bf8f8b0d42682afa5b244f53d733e3cadd6f5e62074d9e9be2bcb43a364ef6c3,"[2745, 2]",944779e130f333a99675daaef9d4ba01e03affeed6af992e11b0fa15cb8309f0
25058746B4.h5,features_biomedclip_20x/25058746B4.h5,5021743,27d01eb67df7b05068508c9f3293a472a8a57d00c612da664b8718a4ca81cfd2,2026-01-07T11:34:16.863096,"[""coords"", ""features""]","{""coords"": {""dtype"": ""int64"", ""has_inf"": false, ""has_nan"": false, ""shape"": [2630, 2], ""summary_hash"": ""5f5135fabe452917703d9c045aab0b9c3a10be2ec207c1257a74bd353a1f2b5b""}, ""features"": {""dtype"": ""float32"", ""has_inf"": false, ""has_nan"": false, ""shape"": [2630, 512], ""summary_hash"": ""b3cee691ac26ef388460a10eebd004c9b5f0ab8a7f483718abfeb69daef8c72d""}}",features,"[2630, 512]",float32,False,False,b3cee691ac26ef388460a10eebd004c9b5f0ab8a7f483718abfeb69daef8c72d,"[2630, 2]",5f5135fabe452917703d9c045aab0b9c3a10be2ec207c1257a74bd353a1f2b5b
25059470B2.h5,features_biomedclip_20x/25059470B2.h5,3849410,783afb4c0347dc904522091496b9e39952219aa17e6e24e2282eb5fb7d435869,2026-01-07T11:34:34.791032,"[""coords"", ""features""]","{""coords"": {""dtype"": ""int64"", ""has_inf"": false, ""has_nan"": false, ""shape"": [2019, 2], ""summary_hash"": ""bd1a3129b8a7c402a743b5ba63ef11e6e61571e2d10ca473072f559ea6e6756a""}, ""features"": {""dtype"": ""float32"", ""has_inf"": false, ""has_nan"": false, ""shape"": [2019, 512], ""summary_hash"": ""25c075759fd36c1e30f5f159ef995f940d1dc513f359da46a6653c002fa2bb37""}}",features,"[2019, 512]",float32,False,False,25c075759fd36c1e30f5f159ef995f940d1dc513f359da46a6653c002fa2bb37,"[2019, 2]",bd1a3129b8a7c402a743b5ba63ef11e6e61571e2d10ca473072f559ea6e6756a
25059686B2.h5,features_biomedclip_20x/25059686B2.h5,8185733,04ff0f26f5d4a991f69eb3bba8be8eee7538c65f8572fc47254412f9894dfe2f,2026-01-07T11:35:06.149920,"[""coords"", ""features""]","{""coords"": {""dtype"": ""int64"", ""has_inf"": false, ""has_nan"": false, ""shape"": [4295, 2], ""summary_hash"": ""677f3608901b5479dbac1acf6ecbed60b9d42ffb80aeabcd4adb2cba20d9a94e""}, ""features"": {""dtype"": ""float32"", ""has_inf"": false, ""has_nan"": false, ""shape"": [4295, 512], ""summary_hash"": ""139c029a5abe1fbcbd18d78cc38543d02328c80b301241be29760bde82ff49d2""}}",features,"[4295, 512]",float32,False,False,139c029a5abe1fbcbd18d78cc38543d02328c80b301241be29760bde82ff49d2,"[4295, 2]",677f3608901b5479dbac1acf6ecbed60b9d42ffb80aeabcd4adb2cba20d9a94e
25060539B2.h5,features_biomedclip_20x/25060539B2.h5,8455997,528f8b6c79d84aa8c46d7f4e23912c5f3181ade468de9ccf40d725a72930853d,2026-01-07T11:35:04.023928,"[""coords"", ""features""]","{""coords"": {""dtype"": ""int64"", ""has_inf"": false, ""has_nan"": false, ""shape"": [4445, 2], ""summary_hash"": ""b380c32896f8db08b2d91c194e1dd406b6676dd1fccc658e70cf8436e7e9f247""}, ""features"": {""dtype"": ""float32"", ""has_inf"": false, ""has_nan"": false, ""shape"": [4445, 512], ""summary_hash"": ""6d3e72c46b673580ff7a6dd111aaf8fc81f2cef14c6cfc80b2d816d7f3ca362b""}}",features,"[4445, 512]",float32,False,False,6d3e72c46b673580ff7a6dd111aaf8fc81f2cef14c6cfc80b2d816d7f3ca362b,"[4445, 2]",b380c32896f8db08b2d91c194e1dd406b6676dd1fccc658e70cf8436e7e9f247
25061727B2.h5,features_biomedclip_20x/25061727B2.h5,7669326,c23a3593c2a865ad7c6600699e94a4e16229e50b407772290db4be861ff87c6a,2026-01-07T11:34:38.720018,"[""coords"", ""features""]","{""coords"": {""dtype"": ""int64"", ""has_inf"": false, ""has_nan"": false, ""shape"": [4032, 2], ""summary_hash"": ""99aaaf8d21f185ef52a536e41ea40b2cac357628cc2dc45c493f9cc4e759c4d4""}, ""features"": {""dtype"": ""float32"", ""has_inf"": false, ""has_nan"": false, ""shape"": [4032, 512], ""summary_hash"": ""9de01881b54452185550aa479a68ad335c7979cba8d27276ad7acdf1c8b05a6e""}}",features,"[4032, 512]",float32,False,False,9de01881b54452185550aa479a68ad335c7979cba8d27276ad7acdf1c8b05a6e,"[4032, 2]",99aaaf8d21f185ef52a536e41ea40b2cac357628cc2dc45c493f9cc4e759c4d4
25062444B.h5,features_biomedclip_20x/25062444B.h5,5306613,245467a7c3786a5e93622318fea1e9b281f41038e8889755ccf8497e629c7d7b,2026-01-07T11:34:32.980039,"[""coords"", ""features""]","{""coords"": {""dtype"": ""int64"", ""has_inf"": false, ""has_nan"": false, ""shape"": [2781, 2], ""summary_hash"": ""2bd177876bac9ed6f8eda27c086efadb65e1b7e911062ec6aea0694a24a91146""}, ""features"": {""dtype"": ""float32"", ""has_inf"": false, ""has_nan"": false, ""shape"": [2781, 512], ""summary_hash"": ""ffe144cfabc234b8abc63b15e96e51e475d30aa0660528e233c6aee520bcb262""}}",features,"[2781, 512]",float32,False,False,ffe144cfabc234b8abc63b15e96e51e475d30aa0660528e233c6aee520bcb262,"[2781, 2]",2bd177876bac9ed6f8eda27c086efadb65e1b7e911062ec6aea0694a24a91146
25062891B4.h5,features_biomedclip_20x/25062891B4.h5,1364837,0ced03c4edbcb7be49cf51b46d7609396720be7edb3581475972d2d6594aa3ae,2026-01-07T11:34:43.288002,"[""coords"", ""features""]","{""coords"": {""dtype"": ""int64"", ""has_inf"": false, ""has_nan"": false, ""shape"": [714, 2], ""summary_hash"": ""843be4e564b72b9f8e11fb50a5cacb41d2bf99b4083b63fc61056ce7db8c62df""}, ""features"": {""dtype"": ""float32"", ""has_inf"": false, ""has_nan"": false, ""shape"": [714, 512], ""summary_hash"": ""7df5ac7144896b65fc8093bd1f6cd9460fa397542759446472927da9a1d50340""}}",features,"[714, 512]",float32,False,False,7df5ac7144896b65fc8093bd1f6cd9460fa397542759446472927da9a1d50340,"[714, 2]",843be4e564b72b9f8e11fb50a5cacb41d2bf99b4083b63fc61056ce7db8c62df
25063228B5.h5,features_biomedclip_20x/25063228B5.h5,2378281,1c3c7d520b8c4df37b3f77de3c656ecfddeb163b2b13eab201f2948b093e7e65,2026-01-07T11:35:00.416941,"[""coords"", ""features""]","{""coords"": {""dtype"": ""int64"", ""has_inf"": false, ""has_nan"": false, ""shape"": [1242, 2], ""summary_hash"": ""af186764ecd83a8bd9db371a44e14c7d579a4e642ddffd25f0294f36e366b5dd""}, ""features"": {""dtype"": ""float32"", ""has_inf"": false, ""has_nan"": false, ""shape"": [1242, 512], ""summary_hash"": ""ee3dbf9ad7ce3412461570e0f573dde5d6be5885a412e55cf19832132a63a26a""}}",features,"[1242, 512]",float32,False,False,ee3dbf9ad7ce3412461570e0f573dde5d6be5885a412e55cf19832132a63a26a,"[1242, 2]",af186764ecd83a8bd9db371a44e14c7d579a4e642ddffd25f0294f36e366b5dd
25063371B2.h5,features_biomedclip_20x/25063371B2.h5,6246447,edda1d24e4f7862535ada2d3c2740f3c2ef63a52e70d630366033e8d85b38ef4,2026-01-07T11:34:43.868000,"[""coords"", ""features""]","{""coords"": {""dtype"": ""int64"", ""has_inf"": false, ""has_nan"": false, ""shape"": [3277, 2], ""summary_hash"": ""f80cb47ef25dbd5cbe315d3b089500e0b52d308482587f9c529348e9ab2faf2b""}, ""features"": {""dtype"": ""float32"", ""has_inf"": false, ""has_nan"": false, ""shape"": [3277, 512], ""summary_hash"": ""9c1bce1859e54b421989b208b24c3cc6a109c714a76c06ccb1b6a5a999c3a2d2""}}",features,"[3277, 512]",float32,False,False,9c1bce1859e54b421989b208b24c3cc6a109c714a76c06ccb1b6a5a999c3a2d2,"[3277, 2]",f80cb47ef25dbd5cbe315d3b089500e0b52d308482587f9c529348e9ab2faf2b
25063642B.h5,features_biomedclip_20x/25063642B.h5,3645677,767e5f721b14ac2d3de8b71dbbe921e5418aaa8229a0a22fc00cfe075ddbc66c,2026-01-07T11:34:47.262988,"[""coords"", ""features""]","{""coords"": {""dtype"": ""int64"", ""has_inf"": false, ""has_nan"": false, ""shape"": [1913, 2], ""summary_hash"": ""28260bf37eedaa7d9f60f070ac391c189af4601c90d670e13c5034b8422aeed3""}, ""features"": {""dtype"": ""float32"", ""has_inf"": false, ""has_nan"": false, ""shape"": [1913, 512], ""summary_hash"": ""38da4be5e90e0645734707b6aa75544e65c7520cab5b63f658f1a0c08a61506f""}}",features,"[1913, 512]",float32,False,False,38da4be5e90e0645734707b6aa75544e65c7520cab5b63f658f1a0c08a61506f,"[1913, 2]",28260bf37eedaa7d9f60f070ac391c189af4601c90d670e13c5034b8422aeed3
25063642B2.h5,features_biomedclip_20x/25063642B2.h5,888088,f980cf309b887ef06478f42122b995d3c28dd72c95351d2ee3b64b8645949f27,2026-01-07T11:34:58.847947,"[""coords"", ""features""]","{""coords"": {""dtype"": ""int64"", ""has_inf"": false, ""has_nan"": false, ""shape"": [464, 2], ""summary_hash"": ""1087c21a6a56dea6a6366d2d1aaade125ea27efc35e9c27d1b0879d9a8c2581e""}, ""features"": {""dtype"": ""float32"", ""has_inf"": false, ""has_nan"": false, ""shape"": [464, 512], ""summary_hash"": ""9535442f91a437cfa98236475275bc8bbf0a1cd46cb4eab3fd50ac0d420e7ff5""}}",features,"[464, 512]",float32,False,False,9535442f91a437cfa98236475275bc8bbf0a1cd46cb4eab3fd50ac0d420e7ff5,"[464, 2]",1087c21a6a56dea6a6366d2d1aaade125ea27efc35e9c27d1b0879d9a8c2581e
25063676B.h5,features_biomedclip_20x/25063676B.h5,2071196,c9eaa5b3e92f5f56abe22eb97964debf2bb41b60502c6d74bf4a93bbe873b296,2026-01-07T11:34:58.686947,"[""coords"", ""features""]","{""coords"": {""dtype"": ""int64"", ""has_inf"": false, ""has_nan"": false, ""shape"": [1079, 2], ""summary_hash"": ""697599f74df40a705e2627324acb46666cb13660d70d43a62b3989525cc01dec""}, ""features"": {""dtype"": ""float32"", ""has_inf"": false, ""has_nan"": false, ""shape"": [1079, 512], ""summary_hash"": ""d8ccf5d5f2f0122cbb0cccfcd4307d4fad84db459024bc7eee5ebfbe452c8b72""}}",features,"[1079, 512]",float32,False,False,d8ccf5d5f2f0122cbb0cccfcd4307d4fad84db459024bc7eee5ebfbe452c8b72,"[1079, 2]",697599f74df40a705e2627324acb46666cb13660d70d43a62b3989525cc01dec
25063676B2.h5,features_biomedclip_20x/25063676B2.h5,4644625,6a11a7d76b1cbe4719e0b994ecc57460786888632fc8fe9f17c200de3e239cb7,2026-01-07T11:34:49.419980,"[""coords"", ""features""]","{""coords"": {""dtype"": ""int64"", ""has_inf"": false, ""has_nan"": false, ""shape"": [2436, 2], ""summary_hash"": ""5cde515153085ef30ae8a276a75226e736cb22bfad2adbd90aff64c9147a41ee""}, ""features"": {""dtype"": ""float32"", ""has_inf"": false, ""has_nan"": false, ""shape"": [2436, 512], ""summary_hash"": ""e623fe8667947335297da0cfbf12b7231b012e4a32658434f24a42180861dfed""}}",features,"[2436, 512]",float32,False,False,e623fe8667947335297da0cfbf12b7231b012e4a32658434f24a42180861dfed,"[2436, 2]",5cde515153085ef30ae8a276a75226e736cb22bfad2adbd90aff64c9147a41ee
25063700B.h5,features_biomedclip_20x/25063700B.h5,2918902,185e6bf08d8ede5ef5848e08ff1590ff475952fe7c6f8e6d546adddf3f097529,2026-01-07T11:34:18.494090,"[""coords"", ""features""]","{""coords"": {""dtype"": ""int64"", ""has_inf"": false, ""has_nan"": false, ""shape"": [1530, 2], ""summary_hash"": ""833816efb38f4b299c0f9a489e6d860774b1dbea9f36f0daae8d6fb89ec00516""}, ""features"": {""dtype"": ""float32"", ""has_inf"": false, ""has_nan"": false, ""shape"": [1530, 512], ""summary_hash"": ""ba28e70aa443dd04ba8b14d6f33d922fe8d61453551d3660846f5e5d74f3abbc""}}",features,"[1530, 512]",float32,False,False,ba28e70aa443dd04ba8b14d6f33d922fe8d61453551d3660846f5e5d74f3abbc,"[1530, 2]",833816efb38f4b299c0f9a489e6d860774b1dbea9f36f0daae8d6fb89ec00516
