slide_id,fold_ids,num_folds,status,low_h5_path,high_h5_path,n_low,n_high,low_x_min,low_x_max,low_y_min,low_y_max,low_range_x,low_range_y,high_x_min,high_x_max,high_y_min,high_y_max,high_range_x,high_range_y,range_ratio_x,range_ratio_y
2460239-B2,0,1,ok,/xiangmu/data/VILMIL/features_biomedclip_5x/2460239-B2.h5,/xiangmu/data/VILMIL/features_biomedclip_20x/2460239-B2.h5,187,2592,17328.0,149110.0,2848.0,78472.0,131782.0,75624.0,17328.0,150134.0,2848.0,79496.0,132806.0,76648.0,1.007770408705286,1.0135406749180154
2460242-B2,4,1,ok,/xiangmu/data/VILMIL/features_biomedclip_5x/2460242-B2.h5,/xiangmu/data/VILMIL/features_biomedclip_20x/2460242-B2.h5,426,6128,18401.0,173341.0,4240.0,83856.0,154940.0,79616.0,18401.0,176413.0,1568.0,84208.0,158012.0,82640.0,1.0198270298179941,1.0379823151125402
2460399-B2,3,1,ok,/xiangmu/data/VILMIL/features_biomedclip_5x/2460399-B2.h5,/xiangmu/data/VILMIL/features_biomedclip_20x/2460399-B2.h5,285,4103,8112.0,132645.0,7232.0,73360.0,124533.0,66128.0,8112.0,134693.0,7232.0,76432.0,126581.0,69200.0,1.0164454401644545,1.0464553593031696
2460404-B3,3,1,ok,/xiangmu/data/VILMIL/features_biomedclip_5x/2460404-B3.h5,/xiangmu/data/VILMIL/features_biomedclip_20x/2460404-B3.h5,308,4243,13616.0,164528.0,0.0,80576.0,150912.0,80576.0,13616.0,165904.0,0.0,82624.0,152288.0,82624.0,1.0091178965224767,1.0254169976171565
2460405-B2,4,1,ok,/xiangmu/data/VILMIL/features_biomedclip_5x/2460405-B2.h5,/xiangmu/data/VILMIL/features_biomedclip_20x/2460405-B2.h5,128,1742,8048.0,140829.0,4880.0,73750.0,132781.0,68870.0,8048.0,143901.0,4880.0,74774.0,135853.0,69894.0,1.0231358402181034,1.0148685930013068
2460591-B2,3,1,ok,/xiangmu/data/VILMIL/features_biomedclip_5x/2460591-B2.h5,/xiangmu/data/VILMIL/features_biomedclip_20x/2460591-B2.h5,253,3248,14848.0,174706.0,1152.0,75304.0,159858.0,74152.0,14848.0,179826.0,1152.0,79400.0,164978.0,78248.0,1.0320284252273892,1.0552378897399934
2460602-B,2,1,ok,/xiangmu/data/VILMIL/features_biomedclip_5x/2460602-B.h5,/xiangmu/data/VILMIL/features_biomedclip_20x/2460602-B.h5,252,3707,12704.0,140373.0,9393.0,79025.0,127669.0,69632.0,12704.0,152824.0,9393.0,80049.0,140120.0,70656.0,1.0975256326907863,1.0147058823529411
2460615-B4,3,1,ok,/xiangmu/data/VILMIL/features_biomedclip_5x/2460615-B4.h5,/xiangmu/data/VILMIL/features_biomedclip_20x/2460615-B4.h5,157,2071,16208.0,130308.0,192.0,68674.0,114100.0,68482.0,16208.0,132388.0,192.0,68674.0,116180.0,68482.0,1.0182296231375987,1.0
2460628-B2,0,1,ok,/xiangmu/data/VILMIL/features_biomedclip_5x/2460628-B2.h5,/xiangmu/data/VILMIL/features_biomedclip_20x/2460628-B2.h5,190,2668,8736.0,127619.0,6832.0,65281.0,118883.0,58449.0,8736.0,130691.0,6832.0,69377.0,121955.0,62545.0,1.025840532288048,1.0700781878218617
2460641-B2,0,1,ok,/xiangmu/data/VILMIL/features_biomedclip_5x/2460641-B2.h5,/xiangmu/data/VILMIL/features_biomedclip_20x/2460641-B2.h5,242,3511,7760.0,124614.0,17282.0,78930.0,116854.0,61648.0,7760.0,127547.0,17282.0,82818.0,119787.0,65536.0,1.0250996970578672,1.0630677394238255
2460643-B,4,1,ok,/xiangmu/data/VILMIL/features_biomedclip_5x/2460643-B.h5,/xiangmu/data/VILMIL/features_biomedclip_20x/2460643-B.h5,182,2656,7888.0,110161.0,6177.0,71713.0,102273.0,65536.0,7888.0,113233.0,6177.0,73761.0,105345.0,67584.0,1.0300372532339914,1.03125
2460753-B2,3,1,ok,/xiangmu/data/VILMIL/features_biomedclip_5x/2460753-B2.h5,/xiangmu/data/VILMIL/features_biomedclip_20x/2460753-B2.h5,201,2859,8977.0,133326.0,5664.0,73328.0,124349.0,67664.0,10001.0,134270.0,5664.0,80240.0,124269.0,74576.0,0.9993566494302326,1.1021518089382834
2460770-B2,4,1,ok,/xiangmu/data/VILMIL/features_biomedclip_5x/2460770-B2.h5,/xiangmu/data/VILMIL/features_biomedclip_20x/2460770-B2.h5,181,2521,17505.0,135928.0,0.0,63335.0,118423.0,63335.0,17505.0,135928.0,0.0,69447.0,118423.0,69447.0,1.0,1.0965027236125364
2460943-B3,3,1,ok,/xiangmu/data/VILMIL/features_biomedclip_5x/2460943-B3.h5,/xiangmu/data/VILMIL/features_biomedclip_20x/2460943-B3.h5,98,1349,7936.0,103593.0,6513.0,43377.0,95657.0,36864.0,7936.0,106665.0,6513.0,47473.0,98729.0,40960.0,1.032114743301588,1.1111111111111112
2460949-B3,2,1,ok,/xiangmu/data/VILMIL/features_biomedclip_5x/2460949-B3.h5,/xiangmu/data/VILMIL/features_biomedclip_20x/2460949-B3.h5,200,2813,9664.0,127289.0,11057.0,77321.0,117625.0,66264.0,9664.0,131385.0,7440.0,80393.0,121721.0,72953.0,1.0348225292242295,1.1009447060243873
2460960-B,0,1,ok,/xiangmu/data/VILMIL/features_biomedclip_5x/2460960-B.h5,/xiangmu/data/VILMIL/features_biomedclip_20x/2460960-B.h5,343,4901,8304.0,141654.0,7072.0,82616.0,133350.0,75544.0,8304.0,146774.0,7072.0,83640.0,138470.0,76568.0,1.038395200599925,1.0135550142963041
2460974-B2,4,1,ok,/xiangmu/data/VILMIL/features_biomedclip_5x/2460974-B2.h5,/xiangmu/data/VILMIL/features_biomedclip_20x/2460974-B2.h5,234,3353,8032.0,129072.0,6465.0,67905.0,121040.0,61440.0,8032.0,132528.0,6465.0,70421.0,124496.0,63956.0,1.028552544613351,1.0409505208333334
2461002-B2,2,1,ok,/xiangmu/data/VILMIL/features_biomedclip_5x/2461002-B2.h5,/xiangmu/data/VILMIL/features_biomedclip_20x/2461002-B2.h5,135,1733,8960.0,112321.0,6560.0,47808.0,103361.0,41248.0,8960.0,116417.0,6560.0,49856.0,107457.0,43296.0,1.03962809957334,1.0496508921644685
2461487-B2,4,1,ok,/xiangmu/data/VILMIL/features_biomedclip_5x/2461487-B2.h5,/xiangmu/data/VILMIL/features_biomedclip_20x/2461487-B2.h5,232,3195,7648.0,164883.0,6608.0,49584.0,157235.0,42976.0,7648.0,171027.0,6608.0,52656.0,163379.0,46048.0,1.0390752695010652,1.071481757259866
2461671-B2,0,1,ok,/xiangmu/data/VILMIL/features_biomedclip_5x/2461671-B2.h5,/xiangmu/data/VILMIL/features_biomedclip_20x/2461671-B2.h5,328,4887,7776.0,133683.0,6736.0,73569.0,125907.0,66833.0,7776.0,134707.0,6736.0,75344.0,126931.0,68608.0,1.0081329870459943,1.0265587359537953
2461672-B2,4,1,ok,/xiangmu/data/VILMIL/features_biomedclip_5x/2461672-B2.h5,/xiangmu/data/VILMIL/features_biomedclip_20x/2461672-B2.h5,212,2880,10064.0,164695.0,9584.0,61572.0,154631.0,51988.0,10064.0,166743.0,9584.0,65668.0,156679.0,56084.0,1.0132444335223856,1.078787412479803
2461677-B2,0,1,ok,/xiangmu/data/VILMIL/features_biomedclip_5x/2461677-B2.h5,/xiangmu/data/VILMIL/features_biomedclip_20x/2461677-B2.h5,60,812,54498.0,135398.0,6497.0,38583.0,80900.0,32086.0,54498.0,139494.0,6497.0,39622.0,84996.0,33125.0,1.0506304079110012,1.032381724116437
2461698-B,2,1,ok,/xiangmu/data/VILMIL/features_biomedclip_5x/2461698-B.h5,/xiangmu/data/VILMIL/features_biomedclip_20x/2461698-B.h5,239,3447,9152.0,147544.0,3120.0,72752.0,138392.0,69632.0,9152.0,152264.0,3120.0,78753.0,143112.0,75633.0,1.0341060176888837,1.086181640625
2461700-B2,0,1,ok,/xiangmu/data/VILMIL/features_biomedclip_5x/2461700-B2.h5,/xiangmu/data/VILMIL/features_biomedclip_20x/2461700-B2.h5,74,996,9264.0,99623.0,6769.0,45570.0,90359.0,38801.0,9264.0,101671.0,6769.0,46594.0,92407.0,39825.0,1.0226651468033068,1.0263910723950413
2461703-B3,1,1,ok,/xiangmu/data/VILMIL/features_biomedclip_5x/2461703-B3.h5,/xiangmu/data/VILMIL/features_biomedclip_20x/2461703-B3.h5,253,3694,8016.0,146296.0,6256.0,76209.0,138280.0,69953.0,8016.0,148344.0,6256.0,79281.0,140328.0,73025.0,1.0148105293607175,1.0439152002058525
2461718-B3,3,1,ok,/xiangmu/data/VILMIL/features_biomedclip_5x/2461718-B3.h5,/xiangmu/data/VILMIL/features_biomedclip_20x/2461718-B3.h5,82,1067,13584.0,116401.0,6592.0,72454.0,102817.0,65862.0,13584.0,119441.0,6592.0,73478.0,105857.0,66886.0,1.0295670949356623,1.01554766025933
2461755-B3,3,1,ok,/xiangmu/data/VILMIL/features_biomedclip_5x/2461755-B3.h5,/xiangmu/data/VILMIL/features_biomedclip_20x/2461755-B3.h5,247,3325,35554.0,151673.0,6288.0,76161.0,116119.0,69873.0,35554.0,155769.0,6288.0,80257.0,120215.0,73969.0,1.0352741584064624,1.0586206403045526
2461836-B2,3,1,ok,/xiangmu/data/VILMIL/features_biomedclip_5x/2461836-B2.h5,/xiangmu/data/VILMIL/features_biomedclip_20x/2461836-B2.h5,144,1998,9552.0,123449.0,1296.0,70161.0,113897.0,68865.0,9552.0,124953.0,1296.0,71185.0,115401.0,69889.0,1.0132049132110592,1.0148696725477384
2461857-B2,2,1,ok,/xiangmu/data/VILMIL/features_biomedclip_5x/2461857-B2.h5,/xiangmu/data/VILMIL/features_biomedclip_20x/2461857-B2.h5,159,2091,7920.0,127362.0,5632.0,69047.0,119442.0,63415.0,7920.0,129410.0,5632.0,71095.0,121490.0,65463.0,1.0171463974146449,1.0322951982969328
2461861-B2,1,1,ok,/xiangmu/data/VILMIL/features_biomedclip_5x/2461861-B2.h5,/xiangmu/data/VILMIL/features_biomedclip_20x/2461861-B2.h5,62,890,8288.0,71826.0,6737.0,45586.0,63538.0,38849.0,8288.0,73874.0,6737.0,48658.0,65586.0,41921.0,1.0322326796562686,1.0790753944760483
2462123-B2,2,1,ok,/xiangmu/data/VILMIL/features_biomedclip_5x/2462123-B2.h5,/xiangmu/data/VILMIL/features_biomedclip_20x/2462123-B2.h5,122,1715,10561.0,99544.0,6753.0,57954.0,88983.0,51201.0,10561.0,102616.0,6753.0,61026.0,92055.0,54273.0,1.0345234482991132,1.0599988281478878
2462170-B4,2,1,ok,/xiangmu/data/VILMIL/features_biomedclip_5x/2462170-B4.h5,/xiangmu/data/VILMIL/features_biomedclip_20x/2462170-B4.h5,117,1562,8080.0,123541.0,8273.0,57425.0,115461.0,49152.0,8080.0,125589.0,8273.0,62235.0,117509.0,53962.0,1.0177375910480595,1.0978597005208333
2462290-B2,4,1,ok,/xiangmu/data/VILMIL/features_biomedclip_5x/2462290-B2.h5,/xiangmu/data/VILMIL/features_biomedclip_20x/2462290-B2.h5,286,4236,7744.0,121288.0,5296.0,67473.0,113544.0,62177.0,7744.0,127432.0,5296.0,67473.0,119688.0,62177.0,1.0541111815683788,1.0
2462293-B3,3,1,ok,/xiangmu/data/VILMIL/features_biomedclip_5x/2462293-B3.h5,/xiangmu/data/VILMIL/features_biomedclip_20x/2462293-B3.h5,127,1781,7856.0,85904.0,6528.0,70096.0,78048.0,63568.0,7856.0,89712.0,6528.0,73168.0,81856.0,66640.0,1.048790487904879,1.0483262018625723
2462468-B2,3,1,ok,/xiangmu/data/VILMIL/features_biomedclip_5x/2462468-B2.h5,/xiangmu/data/VILMIL/features_biomedclip_20x/2462468-B2.h5,197,2686,22930.0,148169.0,6816.0,75408.0,125239.0,68592.0,7904.0,152265.0,6816.0,76432.0,144361.0,69616.0,1.1526840680618657,1.0149288546769302
2462478-B2,0,1,ok,/xiangmu/data/VILMIL/features_biomedclip_5x/2462478-B2.h5,/xiangmu/data/VILMIL/features_biomedclip_20x/2462478-B2.h5,152,2029,19184.0,155047.0,208.0,65792.0,135863.0,65584.0,10192.0,156087.0,208.0,68864.0,145895.0,68656.0,1.0738390879047275,1.0468406928519152
2462483-B,4,1,ok,/xiangmu/data/VILMIL/features_biomedclip_5x/2462483-B.h5,/xiangmu/data/VILMIL/features_biomedclip_20x/2462483-B.h5,85,1108,8304.0,121607.0,6672.0,66769.0,113303.0,60097.0,8304.0,123655.0,6672.0,70865.0,115351.0,64193.0,1.0180754260699187,1.0681564803567565
2462598-B,0,1,ok,/xiangmu/data/VILMIL/features_biomedclip_5x/2462598-B.h5,/xiangmu/data/VILMIL/features_biomedclip_20x/2462598-B.h5,195,2744,7936.0,125712.0,10880.0,79250.0,117776.0,68370.0,7936.0,130784.0,6784.0,81298.0,122848.0,74514.0,1.043064800978128,1.0898639754278192
2462609-B2,2,1,ok,/xiangmu/data/VILMIL/features_biomedclip_5x/2462609-B2.h5,/xiangmu/data/VILMIL/features_biomedclip_20x/2462609-B2.h5,61,821,11537.0,111658.0,15824.0,47825.0,100121.0,32001.0,11537.0,113706.0,15824.0,49873.0,102169.0,34049.0,1.0204552491485304,1.063998000062498
2462614-B3,2,1,ok,/xiangmu/data/VILMIL/features_biomedclip_5x/2462614-B3.h5,/xiangmu/data/VILMIL/features_biomedclip_20x/2462614-B3.h5,225,3283,7920.0,125972.0,10961.0,66450.0,118052.0,55489.0,7920.0,134471.0,208.0,71931.0,126551.0,71723.0,1.0719936976925424,1.2925624898628556
2462637-B2,0,1,ok,/xiangmu/data/VILMIL/features_biomedclip_5x/2462637-B2.h5,/xiangmu/data/VILMIL/features_biomedclip_20x/2462637-B2.h5,277,3864,7808.0,132437.0,7104.0,71265.0,124629.0,64161.0,7808.0,134485.0,7104.0,75361.0,126677.0,68257.0,1.016432772468687,1.0638394039993142
2462830-B2,3,1,ok,/xiangmu/data/VILMIL/features_biomedclip_5x/2462830-B2.h5,/xiangmu/data/VILMIL/features_biomedclip_20x/2462830-B2.h5,103,1417,9600.0,149017.0,8977.0,60483.0,139417.0,51506.0,9600.0,152089.0,8977.0,76825.0,142489.0,67848.0,1.0220346155777273,1.3172834232904904
2462830-B4,4,1,ok,/xiangmu/data/VILMIL/features_biomedclip_5x/2462830-B4.h5,/xiangmu/data/VILMIL/features_biomedclip_20x/2462830-B4.h5,210,3080,7920.0,125233.0,6688.0,70896.0,117313.0,64208.0,7920.0,129329.0,6688.0,74992.0,121409.0,68304.0,1.0349151415444153,1.063792673810117
2462840-B5,3,1,ok,/xiangmu/data/VILMIL/features_biomedclip_5x/2462840-B5.h5,/xiangmu/data/VILMIL/features_biomedclip_20x/2462840-B5.h5,286,4219,12336.0,149265.0,2192.0,70937.0,136929.0,68745.0,12336.0,153361.0,2192.0,70937.0,141025.0,68745.0,1.0299133127387186,1.0
2462885-B2,1,1,ok,/xiangmu/data/VILMIL/features_biomedclip_5x/2462885-B2.h5,/xiangmu/data/VILMIL/features_biomedclip_20x/2462885-B2.h5,272,3661,14400.0,158086.0,6416.0,79064.0,143686.0,72648.0,10144.0,158086.0,6416.0,82052.0,147942.0,75636.0,1.0296201439249475,1.0411298315163529
2462920-B3,3,1,ok,/xiangmu/data/VILMIL/features_biomedclip_5x/2462920-B3.h5,/xiangmu/data/VILMIL/features_biomedclip_20x/2462920-B3.h5,273,3827,7808.0,126274.0,10944.0,68577.0,118466.0,57633.0,7808.0,128322.0,80.0,71649.0,120514.0,71569.0,1.017287660594601,1.2418059098086165
2462921-B,3,1,ok,/xiangmu/data/VILMIL/features_biomedclip_5x/2462921-B.h5,/xiangmu/data/VILMIL/features_biomedclip_20x/2462921-B.h5,311,4466,7824.0,126758.0,224.0,70624.0,118934.0,70400.0,7824.0,127845.0,224.0,73696.0,120021.0,73472.0,1.0091395227605227,1.0436363636363637
2462939-B,3,1,ok,/xiangmu/data/VILMIL/features_biomedclip_5x/2462939-B.h5,/xiangmu/data/VILMIL/features_biomedclip_20x/2462939-B.h5,99,1451,8048.0,104528.0,7106.0,39954.0,96480.0,32848.0,8048.0,105552.0,7106.0,42002.0,97504.0,34896.0,1.0106135986733003,1.0623477837311253
2462987-B2,1,1,ok,/xiangmu/data/VILMIL/features_biomedclip_5x/2462987-B2.h5,/xiangmu/data/VILMIL/features_biomedclip_20x/2462987-B2.h5,139,2010,46320.0,156400.0,7984.0,55888.0,110080.0,47904.0,0.0,159472.0,7984.0,70897.0,159472.0,62913.0,1.4486918604651162,1.313314128256513
2463126-B2,2,1,ok,/xiangmu/data/VILMIL/features_biomedclip_5x/2463126-B2.h5,/xiangmu/data/VILMIL/features_biomedclip_20x/2463126-B2.h5,144,2101,7696.0,100033.0,6641.0,58209.0,92337.0,51568.0,7696.0,104129.0,6641.0,59233.0,96433.0,52592.0,1.0443592492716895,1.019857275829972
2463127-B3,0,1,ok,/xiangmu/data/VILMIL/features_biomedclip_5x/2463127-B3.h5,/xiangmu/data/VILMIL/features_biomedclip_20x/2463127-B3.h5,261,3791,7696.0,102290.0,3056.0,75248.0,94594.0,72192.0,7696.0,106386.0,3056.0,78320.0,98690.0,75264.0,1.0433008436053026,1.0425531914893618
2463135-B,1,1,ok,/xiangmu/data/VILMIL/features_biomedclip_5x/2463135-B.h5,/xiangmu/data/VILMIL/features_biomedclip_20x/2463135-B.h5,307,4547,7648.0,110673.0,3552.0,77568.0,103025.0,74016.0,7648.0,113745.0,3552.0,80640.0,106097.0,77088.0,1.02981800533851,1.0415045395590143
2463187-B2,1,1,ok,/xiangmu/data/VILMIL/features_biomedclip_5x/2463187-B2.h5,/xiangmu/data/VILMIL/features_biomedclip_20x/2463187-B2.h5,110,1511,12113.0,97321.0,6561.0,48689.0,85208.0,42128.0,12113.0,99369.0,6561.0,48689.0,87256.0,42128.0,1.0240353018495916,1.0
2463351-B4,2,1,ok,/xiangmu/data/VILMIL/features_biomedclip_5x/2463351-B4.h5,/xiangmu/data/VILMIL/features_biomedclip_20x/2463351-B4.h5,175,2436,7872.0,118987.0,9729.0,77170.0,111115.0,67441.0,7872.0,122059.0,9729.0,79945.0,114187.0,70216.0,1.0276470323538676,1.041147076704082
2463367-B2,1,1,ok,/xiangmu/data/VILMIL/features_biomedclip_5x/2463367-B2.h5,/xiangmu/data/VILMIL/features_biomedclip_20x/2463367-B2.h5,301,4380,7776.0,144332.0,6208.0,73440.0,136556.0,67232.0,7776.0,147404.0,2112.0,74464.0,139628.0,72352.0,1.0224962652684613,1.0761542122798666
2463370-B2,4,1,ok,/xiangmu/data/VILMIL/features_biomedclip_5x/2463370-B2.h5,/xiangmu/data/VILMIL/features_biomedclip_20x/2463370-B2.h5,192,2726,7696.0,116906.0,6368.0,56848.0,109210.0,50480.0,7696.0,119978.0,6368.0,58896.0,112282.0,52528.0,1.02812929218936,1.0405705229793978
2463379-B4,4,1,ok,/xiangmu/data/VILMIL/features_biomedclip_5x/2463379-B4.h5,/xiangmu/data/VILMIL/features_biomedclip_20x/2463379-B4.h5,153,2079,7824.0,107351.0,6192.0,57409.0,99527.0,51217.0,7824.0,112092.0,6192.0,58433.0,104268.0,52241.0,1.0476353150401398,1.0199933615791632
2463404-B2,1,1,ok,/xiangmu/data/VILMIL/features_biomedclip_5x/2463404-B2.h5,/xiangmu/data/VILMIL/features_biomedclip_20x/2463404-B2.h5,217,2935,9504.0,148251.0,4176.0,76684.0,138747.0,72508.0,9504.0,149387.0,4176.0,76684.0,139883.0,72508.0,1.0081875644158071,1.0
2463643-B,1,1,ok,/xiangmu/data/VILMIL/features_biomedclip_5x/2463643-B.h5,/xiangmu/data/VILMIL/features_biomedclip_20x/2463643-B.h5,241,3440,7648.0,150277.0,8208.0,63072.0,142629.0,54864.0,7648.0,158456.0,8208.0,66405.0,150808.0,58197.0,1.057344579293131,1.0607502187226596
2463647-B2,0,1,ok,/xiangmu/data/VILMIL/features_biomedclip_5x/2463647-B2.h5,/xiangmu/data/VILMIL/features_biomedclip_20x/2463647-B2.h5,204,2934,7744.0,112278.0,7056.0,58563.0,104534.0,51507.0,7744.0,114326.0,7056.0,59587.0,106582.0,52531.0,1.0195917117875524,1.0198807929019356
2463656-B2,0,1,ok,/xiangmu/data/VILMIL/features_biomedclip_5x/2463656-B2.h5,/xiangmu/data/VILMIL/features_biomedclip_20x/2463656-B2.h5,157,2076,7856.0,109697.0,11650.0,60802.0,101841.0,49152.0,7856.0,118305.0,9233.0,64474.0,110449.0,55241.0,1.084523914729824,1.1238810221354167
2463720-B7,4,1,ok,/xiangmu/data/VILMIL/features_biomedclip_5x/2463720-B7.h5,/xiangmu/data/VILMIL/features_biomedclip_20x/2463720-B7.h5,207,3024,9200.0,140336.0,6704.0,62736.0,131136.0,56032.0,9200.0,142384.0,6704.0,66832.0,133184.0,60128.0,1.015617374328941,1.073101085094232
2464404-B5,2,1,ok,/xiangmu/data/VILMIL/features_biomedclip_5x/2464404-B5.h5,/xiangmu/data/VILMIL/features_biomedclip_20x/2464404-B5.h5,207,2935,7712.0,124018.0,6528.0,62353.0,116306.0,55825.0,7712.0,124018.0,6528.0,65425.0,116306.0,58897.0,1.0,1.0550291088222123
2464438-B5,1,1,ok,/xiangmu/data/VILMIL/features_biomedclip_5x/2464438-B5.h5,/xiangmu/data/VILMIL/features_biomedclip_20x/2464438-B5.h5,98,1244,7728.0,81538.0,6608.0,56352.0,73810.0,49744.0,7728.0,84610.0,6608.0,58400.0,76882.0,51792.0,1.0416203766427314,1.0411707944676745
2464443-B,4,1,ok,/xiangmu/data/VILMIL/features_biomedclip_5x/2464443-B.h5,/xiangmu/data/VILMIL/features_biomedclip_20x/2464443-B.h5,254,3687,7792.0,113937.0,6464.0,70672.0,106145.0,64208.0,7792.0,118033.0,6464.0,71696.0,110241.0,65232.0,1.0385887229732913,1.0159481684525293
2464548-B,0,1,ok,/xiangmu/data/VILMIL/features_biomedclip_5x/2464548-B.h5,/xiangmu/data/VILMIL/features_biomedclip_20x/2464548-B.h5,337,4999,20176.0,150484.0,240.0,78865.0,130308.0,78625.0,20176.0,152532.0,240.0,81937.0,132356.0,81697.0,1.015716609878135,1.0390715421303656
2464690-B2,3,1,ok,/xiangmu/data/VILMIL/features_biomedclip_5x/2464690-B2.h5,/xiangmu/data/VILMIL/features_biomedclip_20x/2464690-B2.h5,244,3451,8016.0,137808.0,2512.0,73152.0,129792.0,70640.0,8016.0,139856.0,2512.0,75106.0,131840.0,72594.0,1.0157790927021697,1.027661381653454
2464812-B3,4,1,ok,/xiangmu/data/VILMIL/features_biomedclip_5x/2464812-B3.h5,/xiangmu/data/VILMIL/features_biomedclip_20x/2464812-B3.h5,254,3682,7920.0,146901.0,208.0,68752.0,138981.0,68544.0,7920.0,147925.0,208.0,71824.0,140005.0,71616.0,1.0073679135997007,1.0448179271708684
2464817-B,3,1,ok,/xiangmu/data/VILMIL/features_biomedclip_5x/2464817-B.h5,/xiangmu/data/VILMIL/features_biomedclip_20x/2464817-B.h5,265,3919,7856.0,130833.0,22274.0,79219.0,122977.0,56945.0,7856.0,132881.0,6800.0,79219.0,125025.0,72419.0,1.0166535205770184,1.271735885503556
2464879-B2,2,1,ok,/xiangmu/data/VILMIL/features_biomedclip_5x/2464879-B2.h5,/xiangmu/data/VILMIL/features_biomedclip_20x/2464879-B2.h5,268,3955,9824.0,149064.0,4992.0,66800.0,139240.0,61808.0,9824.0,149064.0,5360.0,69872.0,139240.0,64512.0,1.0,1.0437483820864613
2464929-B,1,1,ok,/xiangmu/data/VILMIL/features_biomedclip_5x/2464929-B.h5,/xiangmu/data/VILMIL/features_biomedclip_20x/2464929-B.h5,291,4295,7792.0,144672.0,4272.0,78097.0,136880.0,73825.0,7792.0,148768.0,4272.0,79121.0,140976.0,74849.0,1.0299240210403273,1.0138706400270912
2464943-B2,2,1,ok,/xiangmu/data/VILMIL/features_biomedclip_5x/2464943-B2.h5,/xiangmu/data/VILMIL/features_biomedclip_20x/2464943-B2.h5,323,4501,10784.0,176251.0,6336.0,62932.0,165467.0,56596.0,10784.0,179323.0,224.0,67028.0,168539.0,66804.0,1.0185656354439254,1.1803661036115627
2465202-B3,4,1,ok,/xiangmu/data/VILMIL/features_biomedclip_5x/2465202-B3.h5,/xiangmu/data/VILMIL/features_biomedclip_20x/2465202-B3.h5,269,3876,7888.0,162262.0,7457.0,53249.0,154374.0,45792.0,7888.0,164310.0,7457.0,56321.0,156422.0,48864.0,1.0132664826978637,1.0670859538784068
2465243-B2,0,1,ok,/xiangmu/data/VILMIL/features_biomedclip_5x/2465243-B2.h5,/xiangmu/data/VILMIL/features_biomedclip_20x/2465243-B2.h5,348,5204,8272.0,150500.0,0.0,68944.0,142228.0,68944.0,8272.0,154596.0,0.0,70992.0,146324.0,70992.0,1.0287988300475293,1.0297052680436296
2465263-B2,1,1,ok,/xiangmu/data/VILMIL/features_biomedclip_5x/2465263-B2.h5,/xiangmu/data/VILMIL/features_biomedclip_20x/2465263-B2.h5,163,2322,8384.0,108916.0,5184.0,58432.0,100532.0,53248.0,8384.0,113012.0,5184.0,61504.0,104628.0,56320.0,1.0407432459316437,1.0576923076923077
2465339-B2,2,1,ok,/xiangmu/data/VILMIL/features_biomedclip_5x/2465339-B2.h5,/xiangmu/data/VILMIL/features_biomedclip_20x/2465339-B2.h5,427,6254,8784.0,162036.0,6768.0,75096.0,153252.0,68328.0,8784.0,163060.0,6768.0,79192.0,154276.0,72424.0,1.0066818051314175,1.059946142137923
2465367-B3,3,1,ok,/xiangmu/data/VILMIL/features_biomedclip_5x/2465367-B3.h5,/xiangmu/data/VILMIL/features_biomedclip_20x/2465367-B3.h5,125,1600,7808.0,113654.0,9888.0,59728.0,105846.0,49840.0,7808.0,116726.0,9888.0,61904.0,108918.0,52016.0,1.0290232979989797,1.0436597110754413
2465396-B2,0,1,ok,/xiangmu/data/VILMIL/features_biomedclip_5x/2465396-B2.h5,/xiangmu/data/VILMIL/features_biomedclip_20x/2465396-B2.h5,165,2463,7824.0,114867.0,12496.0,65744.0,107043.0,53248.0,7824.0,126053.0,4048.0,72992.0,118229.0,68944.0,1.1045000607232607,1.2947716346153846
2465397-B,0,1,ok,/xiangmu/data/VILMIL/features_biomedclip_5x/2465397-B.h5,/xiangmu/data/VILMIL/features_biomedclip_20x/2465397-B.h5,157,2289,7760.0,108597.0,9488.0,62416.0,100837.0,52928.0,7760.0,111669.0,9488.0,63440.0,103909.0,53952.0,1.0304650078840107,1.0193470374848852
2465568-B2,0,1,ok,/xiangmu/data/VILMIL/features_biomedclip_5x/2465568-B2.h5,/xiangmu/data/VILMIL/features_biomedclip_20x/2465568-B2.h5,188,2648,8096.0,108564.0,7632.0,78208.0,100468.0,70576.0,8096.0,111636.0,7632.0,81280.0,103540.0,73648.0,1.030576900107497,1.0435275447744277
2465608-B2,0,1,ok,/xiangmu/data/VILMIL/features_biomedclip_5x/2465608-B2.h5,/xiangmu/data/VILMIL/features_biomedclip_20x/2465608-B2.h5,259,3741,7856.0,140834.0,224.0,66496.0,132978.0,66272.0,7856.0,145954.0,224.0,68784.0,138098.0,68560.0,1.0385026094541954,1.034524384355384
2465625-B,4,1,ok,/xiangmu/data/VILMIL/features_biomedclip_5x/2465625-B.h5,/xiangmu/data/VILMIL/features_biomedclip_20x/2465625-B.h5,172,2395,7920.0,118744.0,15154.0,75034.0,110824.0,59880.0,7920.0,122840.0,6320.0,79130.0,114920.0,72810.0,1.0369595033566736,1.215931863727455
2465636-B,1,1,ok,/xiangmu/data/VILMIL/features_biomedclip_5x/2465636-B.h5,/xiangmu/data/VILMIL/features_biomedclip_20x/2465636-B.h5,230,3335,8048.0,124208.0,1344.0,73600.0,116160.0,72256.0,8048.0,127984.0,1344.0,74624.0,119936.0,73280.0,1.0325068870523415,1.0141718334809566
2465639-B2,3,1,ok,/xiangmu/data/VILMIL/features_biomedclip_5x/2465639-B2.h5,/xiangmu/data/VILMIL/features_biomedclip_20x/2465639-B2.h5,137,1782,13184.0,116646.0,112.0,65291.0,103462.0,65179.0,13184.0,120742.0,112.0,69387.0,107558.0,69275.0,1.0395894144710136,1.0628423265162092
2465643-B3,2,1,ok,/xiangmu/data/VILMIL/features_biomedclip_5x/2465643-B3.h5,/xiangmu/data/VILMIL/features_biomedclip_20x/2465643-B3.h5,251,3735,7696.0,137515.0,240.0,67417.0,129819.0,67177.0,7696.0,139895.0,240.0,71513.0,132199.0,71273.0,1.018333217787843,1.0609732497729878
2465661-B2,4,1,ok,/xiangmu/data/VILMIL/features_biomedclip_5x/2465661-B2.h5,/xiangmu/data/VILMIL/features_biomedclip_20x/2465661-B2.h5,189,2618,7808.0,106513.0,4608.0,68327.0,98705.0,63719.0,7808.0,108561.0,4608.0,70144.0,100753.0,65536.0,1.0207486956081253,1.0285158273042578
2465795-B4,3,1,ok,/xiangmu/data/VILMIL/features_biomedclip_5x/2465795-B4.h5,/xiangmu/data/VILMIL/features_biomedclip_20x/2465795-B4.h5,293,4156,16160.0,150117.0,5040.0,78496.0,133957.0,73456.0,16160.0,152165.0,5040.0,79520.0,136005.0,74480.0,1.0152884880969266,1.0139403180135047
2465827-B5,2,1,ok,/xiangmu/data/VILMIL/features_biomedclip_5x/2465827-B5.h5,/xiangmu/data/VILMIL/features_biomedclip_20x/2465827-B5.h5,211,3054,7680.0,119520.0,6896.0,63412.0,111840.0,56516.0,7680.0,124640.0,128.0,67508.0,116960.0,67380.0,1.045779685264664,1.1922287493807064
2465843-B2,4,1,ok,/xiangmu/data/VILMIL/features_biomedclip_5x/2465843-B2.h5,/xiangmu/data/VILMIL/features_biomedclip_20x/2465843-B2.h5,269,3656,7696.0,134790.0,2560.0,74936.0,127094.0,72376.0,7696.0,136838.0,2560.0,79032.0,129142.0,76472.0,1.016114057311911,1.0565933458605063
2465989-B2,1,1,ok,/xiangmu/data/VILMIL/features_biomedclip_5x/2465989-B2.h5,/xiangmu/data/VILMIL/features_biomedclip_20x/2465989-B2.h5,205,2922,7952.0,132980.0,9904.0,65872.0,125028.0,55968.0,7952.0,143080.0,9904.0,72048.0,135128.0,62144.0,1.080781904853313,1.1103487707261293
2466152-B2,3,1,ok,/xiangmu/data/VILMIL/features_biomedclip_5x/2466152-B2.h5,/xiangmu/data/VILMIL/features_biomedclip_20x/2466152-B2.h5,155,2250,7856.0,93745.0,8641.0,61889.0,85889.0,53248.0,7856.0,95793.0,7521.0,62913.0,87937.0,55392.0,1.0238447298257052,1.0402644230769231
2466159-B2,2,1,ok,/xiangmu/data/VILMIL/features_biomedclip_5x/2466159-B2.h5,/xiangmu/data/VILMIL/features_biomedclip_20x/2466159-B2.h5,234,3385,7744.0,100368.0,3488.0,80890.0,92624.0,77402.0,7744.0,103440.0,3488.0,81914.0,95696.0,78426.0,1.0331663499740888,1.0132296323092427
2466264-B2,0,1,ok,/xiangmu/data/VILMIL/features_biomedclip_5x/2466264-B2.h5,/xiangmu/data/VILMIL/features_biomedclip_20x/2466264-B2.h5,188,2653,7936.0,123401.0,5392.0,80145.0,115465.0,74753.0,7936.0,124425.0,5392.0,82193.0,116489.0,76801.0,1.0088684882864938,1.0273968937701496
2466285-B,2,1,ok,/xiangmu/data/VILMIL/features_biomedclip_5x/2466285-B.h5,/xiangmu/data/VILMIL/features_biomedclip_20x/2466285-B.h5,154,2263,7728.0,112822.0,12514.0,63203.0,105094.0,50689.0,7728.0,116918.0,12514.0,64227.0,109190.0,51713.0,1.038974632234,1.0202016216536132
2466580-B5,1,1,ok,/xiangmu/data/VILMIL/features_biomedclip_5x/2466580-B5.h5,/xiangmu/data/VILMIL/features_biomedclip_20x/2466580-B5.h5,102,1408,8417.0,99385.0,6609.0,53126.0,90968.0,46517.0,8417.0,103481.0,6609.0,54150.0,95064.0,47541.0,1.045026822618943,1.022013457445665
2466581-B1,1,1,ok,/xiangmu/data/VILMIL/features_biomedclip_5x/2466581-B1.h5,/xiangmu/data/VILMIL/features_biomedclip_20x/2466581-B1.h5,300,4444,7856.0,121511.0,6432.0,71968.0,113655.0,65536.0,7856.0,123559.0,6432.0,74016.0,115703.0,67584.0,1.0180194448110509,1.03125
2466581-B2,2,1,ok,/xiangmu/data/VILMIL/features_biomedclip_5x/2466581-B2.h5,/xiangmu/data/VILMIL/features_biomedclip_20x/2466581-B2.h5,175,2334,9136.0,113937.0,14385.0,71729.0,104801.0,57344.0,9136.0,114961.0,11249.0,74801.0,105825.0,63552.0,1.009770899132642,1.1082589285714286
2466584-B,2,1,ok,/xiangmu/data/VILMIL/features_biomedclip_5x/2466584-B.h5,/xiangmu/data/VILMIL/features_biomedclip_20x/2466584-B.h5,206,2916,7840.0,81109.0,2192.0,80016.0,73269.0,77824.0,7840.0,84181.0,2192.0,83088.0,76341.0,80896.0,1.0419276911108382,1.0394736842105263
2466703-B4,2,1,ok,/xiangmu/data/VILMIL/features_biomedclip_5x/2466703-B4.h5,/xiangmu/data/VILMIL/features_biomedclip_20x/2466703-B4.h5,73,992,7920.0,81984.0,18688.0,65856.0,74064.0,47168.0,7920.0,85056.0,18688.0,67904.0,77136.0,49216.0,1.0414776409591704,1.0434192672998643
2466718-B,2,1,ok,/xiangmu/data/VILMIL/features_biomedclip_5x/2466718-B.h5,/xiangmu/data/VILMIL/features_biomedclip_20x/2466718-B.h5,317,4685,11120.0,148096.0,128.0,69108.0,136976.0,68980.0,11120.0,152560.0,128.0,72180.0,141440.0,72052.0,1.0325896507417358,1.0445346477239779
2466866-B,1,1,ok,/xiangmu/data/VILMIL/features_biomedclip_5x/2466866-B.h5,/xiangmu/data/VILMIL/features_biomedclip_20x/2466866-B.h5,206,2678,15696.0,137556.0,5520.0,75592.0,121860.0,70072.0,15696.0,140628.0,5520.0,78664.0,124932.0,73144.0,1.02520925652388,1.0438406210754652
2466881-B2,3,1,ok,/xiangmu/data/VILMIL/features_biomedclip_5x/2466881-B2.h5,/xiangmu/data/VILMIL/features_biomedclip_20x/2466881-B2.h5,212,2895,7776.0,116245.0,0.0,72704.0,108469.0,72704.0,7776.0,119317.0,0.0,73728.0,111541.0,73728.0,1.0283214558998424,1.0140845070422535
2466884-B2,1,1,ok,/xiangmu/data/VILMIL/features_biomedclip_5x/2466884-B2.h5,/xiangmu/data/VILMIL/features_biomedclip_20x/2466884-B2.h5,136,1821,7984.0,100855.0,5072.0,56112.0,92871.0,51040.0,7984.0,103927.0,5072.0,57136.0,95943.0,52064.0,1.0330781406467036,1.020062695924765
2466891-B2,4,1,ok,/xiangmu/data/VILMIL/features_biomedclip_5x/2466891-B2.h5,/xiangmu/data/VILMIL/features_biomedclip_20x/2466891-B2.h5,435,6508,7728.0,153876.0,1488.0,81809.0,146148.0,80321.0,7728.0,154900.0,1488.0,82833.0,147172.0,81345.0,1.0070065960533159,1.0127488452584006
2466893-B2,2,1,ok,/xiangmu/data/VILMIL/features_biomedclip_5x/2466893-B2.h5,/xiangmu/data/VILMIL/features_biomedclip_20x/2466893-B2.h5,192,2822,7904.0,119334.0,240.0,67001.0,111430.0,66761.0,7904.0,119382.0,240.0,69049.0,111478.0,68809.0,1.0004307637081575,1.0306765926214407
2466898-B2,2,1,ok,/xiangmu/data/VILMIL/features_biomedclip_5x/2466898-B2.h5,/xiangmu/data/VILMIL/features_biomedclip_20x/2466898-B2.h5,276,4081,63216.0,175296.0,0.0,75001.0,112080.0,75001.0,63216.0,178368.0,0.0,78073.0,115152.0,78073.0,1.0274089935760171,1.0409594538739484
2466899-B2,1,1,ok,/xiangmu/data/VILMIL/features_biomedclip_5x/2466899-B2.h5,/xiangmu/data/VILMIL/features_biomedclip_20x/2466899-B2.h5,218,2867,7760.0,125924.0,6528.0,75082.0,118164.0,68554.0,7760.0,126948.0,6528.0,79178.0,119188.0,72650.0,1.008665921939,1.0597485194153513
2466923-B2,0,1,ok,/xiangmu/data/VILMIL/features_biomedclip_5x/2466923-B2.h5,/xiangmu/data/VILMIL/features_biomedclip_20x/2466923-B2.h5,115,1560,7696.0,95408.0,6673.0,61905.0,87712.0,55232.0,7696.0,97456.0,6673.0,64977.0,89760.0,58304.0,1.0233491426486683,1.0556199304750868
2468105-B2,3,1,ok,/xiangmu/data/VILMIL/features_biomedclip_5x/2468105-B2.h5,/xiangmu/data/VILMIL/features_biomedclip_20x/2468105-B2.h5,299,4143,8000.0,139200.0,0.0,73216.0,131200.0,73216.0,8000.0,143296.0,0.0,75264.0,135296.0,75264.0,1.031219512195122,1.027972027972028
2468321-B2,3,1,ok,/xiangmu/data/VILMIL/features_biomedclip_5x/2468321-B2.h5,/xiangmu/data/VILMIL/features_biomedclip_20x/2468321-B2.h5,141,1885,7808.0,117457.0,6577.0,56533.0,109649.0,49956.0,7808.0,119505.0,6577.0,59605.0,111697.0,53028.0,1.0186777809191145,1.0614941148210426
2468325-B,4,1,ok,/xiangmu/data/VILMIL/features_biomedclip_5x/2468325-B.h5,/xiangmu/data/VILMIL/features_biomedclip_20x/2468325-B.h5,167,2302,7744.0,112979.0,8352.0,65936.0,105235.0,57584.0,7744.0,115027.0,8352.0,69008.0,107283.0,60656.0,1.019461205872571,1.0533481522645178
2468417-B2,2,1,ok,/xiangmu/data/VILMIL/features_biomedclip_5x/2468417-B2.h5,/xiangmu/data/VILMIL/features_biomedclip_20x/2468417-B2.h5,184,2528,7952.0,109319.0,6720.0,57285.0,101367.0,50565.0,7952.0,114439.0,6720.0,59333.0,106487.0,52613.0,1.0505095346611817,1.0405023237417186
2468419-B2,2,1,ok,/xiangmu/data/VILMIL/features_biomedclip_5x/2468419-B2.h5,/xiangmu/data/VILMIL/features_biomedclip_20x/2468419-B2.h5,316,4617,7696.0,132677.0,4336.0,80472.0,124981.0,76136.0,7696.0,133941.0,4336.0,83544.0,126245.0,79208.0,1.010113537257663,1.0403488494273405
2468419-B3,2,1,ok,/xiangmu/data/VILMIL/features_biomedclip_5x/2468419-B3.h5,/xiangmu/data/VILMIL/features_biomedclip_20x/2468419-B3.h5,249,3633,11872.0,125974.0,5168.0,73556.0,114102.0,68388.0,11872.0,125974.0,1072.0,76757.0,114102.0,75685.0,1.0,1.1067000058489793
2468442-B2,2,1,ok,/xiangmu/data/VILMIL/features_biomedclip_5x/2468442-B2.h5,/xiangmu/data/VILMIL/features_biomedclip_20x/2468442-B2.h5,396,5816,9520.0,175338.0,6960.0,75736.0,165818.0,68776.0,9520.0,178410.0,7136.0,79137.0,168890.0,72001.0,1.0185263361034387,1.0468913574502734
2468450-B2,2,1,ok,/xiangmu/data/VILMIL/features_biomedclip_5x/2468450-B2.h5,/xiangmu/data/VILMIL/features_biomedclip_20x/2468450-B2.h5,183,2583,7712.0,124616.0,112.0,71104.0,116904.0,70992.0,7712.0,128712.0,112.0,75200.0,121000.0,75088.0,1.035037295558749,1.0576966418751408
2468673-B2,0,1,ok,/xiangmu/data/VILMIL/features_biomedclip_5x/2468673-B2.h5,/xiangmu/data/VILMIL/features_biomedclip_20x/2468673-B2.h5,158,2236,7888.0,122706.0,8145.0,66690.0,114818.0,58545.0,7888.0,123474.0,4832.0,76938.0,115586.0,72106.0,1.006688846696511,1.2316337859765991
2468698-B2,1,1,ok,/xiangmu/data/VILMIL/features_biomedclip_5x/2468698-B2.h5,/xiangmu/data/VILMIL/features_biomedclip_20x/2468698-B2.h5,276,3932,11968.0,129921.0,4640.0,80496.0,117953.0,75856.0,11968.0,134017.0,4640.0,84592.0,122049.0,79952.0,1.0347256958279993,1.05399704703649
2468720-B2,2,1,ok,/xiangmu/data/VILMIL/features_biomedclip_5x/2468720-B2.h5,/xiangmu/data/VILMIL/features_biomedclip_20x/2468720-B2.h5,244,3495,7696.0,114642.0,6672.0,64016.0,106946.0,57344.0,7696.0,118738.0,6672.0,66064.0,111042.0,59392.0,1.0382997026536758,1.0357142857142858
2468796-B3,0,1,ok,/xiangmu/data/VILMIL/features_biomedclip_5x/2468796-B3.h5,/xiangmu/data/VILMIL/features_biomedclip_20x/2468796-B3.h5,295,4342,25392.0,147474.0,2432.0,74289.0,122082.0,71857.0,25392.0,150546.0,2432.0,78665.0,125154.0,76233.0,1.0251634147540178,1.0608987294209333
2468954-B2,2,1,ok,/xiangmu/data/VILMIL/features_biomedclip_5x/2468954-B2.h5,/xiangmu/data/VILMIL/features_biomedclip_20x/2468954-B2.h5,107,1402,8432.0,101285.0,6305.0,56265.0,92853.0,49960.0,8432.0,105381.0,6305.0,58313.0,96949.0,52008.0,1.044112737337512,1.0409927942353883
2469004-B2,0,1,ok,/xiangmu/data/VILMIL/features_biomedclip_5x/2469004-B2.h5,/xiangmu/data/VILMIL/features_biomedclip_20x/2469004-B2.h5,173,2188,36512.0,150864.0,15553.0,71698.0,114352.0,56145.0,36512.0,164688.0,8561.0,74770.0,128176.0,66209.0,1.1208898838673569,1.179250155846469
2469005-B2,4,1,ok,/xiangmu/data/VILMIL/features_biomedclip_5x/2469005-B2.h5,/xiangmu/data/VILMIL/features_biomedclip_20x/2469005-B2.h5,238,3361,7568.0,134038.0,880.0,69394.0,126470.0,68514.0,7568.0,138134.0,880.0,73490.0,130566.0,72610.0,1.0323871273819878,1.0597834019324517
2469007-B2,4,1,ok,/xiangmu/data/VILMIL/features_biomedclip_5x/2469007-B2.h5,/xiangmu/data/VILMIL/features_biomedclip_20x/2469007-B2.h5,157,2149,7824.0,110455.0,13280.0,72849.0,102631.0,59569.0,7824.0,114551.0,13280.0,73873.0,106727.0,60593.0,1.0399099687229005,1.0171901492386979
2469019-B2,2,1,ok,/xiangmu/data/VILMIL/features_biomedclip_5x/2469019-B2.h5,/xiangmu/data/VILMIL/features_biomedclip_20x/2469019-B2.h5,257,3594,7792.0,126100.0,10848.0,68192.0,118308.0,57344.0,7792.0,129172.0,10848.0,71264.0,121380.0,60416.0,1.0259661223247794,1.0535714285714286
2469023-B2,4,1,ok,/xiangmu/data/VILMIL/features_biomedclip_5x/2469023-B2.h5,/xiangmu/data/VILMIL/features_biomedclip_20x/2469023-B2.h5,173,2504,7712.0,110947.0,6592.0,50881.0,103235.0,44289.0,7712.0,115043.0,6592.0,53953.0,107331.0,47361.0,1.0396764663147189,1.0693625956783852
2469023-B4,2,1,ok,/xiangmu/data/VILMIL/features_biomedclip_5x/2469023-B4.h5,/xiangmu/data/VILMIL/features_biomedclip_20x/2469023-B4.h5,173,2349,8448.0,134161.0,6160.0,74258.0,125713.0,68098.0,8448.0,137233.0,6160.0,76306.0,128785.0,70146.0,1.024436613556275,1.0300743046785514
2469024-B,1,1,ok,/xiangmu/data/VILMIL/features_biomedclip_5x/2469024-B.h5,/xiangmu/data/VILMIL/features_biomedclip_20x/2469024-B.h5,115,1556,7760.0,107571.0,25105.0,57873.0,99811.0,32768.0,7760.0,110643.0,25105.0,59570.0,102883.0,34465.0,1.0307781707427037,1.051788330078125
2469029-B2,0,1,ok,/xiangmu/data/VILMIL/features_biomedclip_5x/2469029-B2.h5,/xiangmu/data/VILMIL/features_biomedclip_20x/2469029-B2.h5,162,2168,7888.0,116437.0,6608.0,61457.0,108549.0,54849.0,7888.0,117461.0,6608.0,64529.0,109573.0,57921.0,1.009433527715594,1.05600831373407
2469033-B2,0,1,ok,/xiangmu/data/VILMIL/features_biomedclip_5x/2469033-B2.h5,/xiangmu/data/VILMIL/features_biomedclip_20x/2469033-B2.h5,79,1058,7696.0,88933.0,6625.0,47585.0,81237.0,40960.0,7696.0,93029.0,6625.0,50833.0,85333.0,44208.0,1.0504203749523,1.079296875
2469047-B2,4,1,ok,/xiangmu/data/VILMIL/features_biomedclip_5x/2469047-B2.h5,/xiangmu/data/VILMIL/features_biomedclip_20x/2469047-B2.h5,212,3009,7968.0,142377.0,6704.0,63969.0,134409.0,57265.0,7968.0,147497.0,96.0,64993.0,139529.0,64897.0,1.0380926872456457,1.1332751244215489
2469072-B2,2,1,ok,/xiangmu/data/VILMIL/features_biomedclip_5x/2469072-B2.h5,/xiangmu/data/VILMIL/features_biomedclip_20x/2469072-B2.h5,203,2721,8320.0,127888.0,8400.0,72550.0,119568.0,64150.0,8320.0,130960.0,4304.0,76646.0,122640.0,72342.0,1.0256924929747089,1.1277007014809042
2469074-B2,4,1,ok,/xiangmu/data/VILMIL/features_biomedclip_5x/2469074-B2.h5,/xiangmu/data/VILMIL/features_biomedclip_20x/2469074-B2.h5,104,1517,9152.0,101379.0,13347.0,50211.0,92227.0,36864.0,9152.0,102403.0,13347.0,50835.0,93251.0,37488.0,1.0111030392401357,1.0169270833333333
2469110-B3,2,1,ok,/xiangmu/data/VILMIL/features_biomedclip_5x/2469110-B3.h5,/xiangmu/data/VILMIL/features_biomedclip_20x/2469110-B3.h5,189,2706,7984.0,112697.0,7777.0,59409.0,104713.0,51632.0,7984.0,113721.0,7777.0,61457.0,105737.0,53680.0,1.0097791105211387,1.0396653238301827
2469230-B,4,1,ok,/xiangmu/data/VILMIL/features_biomedclip_5x/2469230-B.h5,/xiangmu/data/VILMIL/features_biomedclip_20x/2469230-B.h5,319,4468,7744.0,115430.0,0.0,81920.0,107686.0,81920.0,7744.0,116454.0,0.0,81920.0,108710.0,81920.0,1.0095091283918058,1.0
2469256-B2,4,1,ok,/xiangmu/data/VILMIL/features_biomedclip_5x/2469256-B2.h5,/xiangmu/data/VILMIL/features_biomedclip_20x/2469256-B2.h5,195,2709,13537.0,122885.0,6417.0,72081.0,109348.0,65664.0,8784.0,124933.0,6417.0,73105.0,116149.0,66688.0,1.0621959249368986,1.0155945419103314
2469260-B3,2,1,ok,/xiangmu/data/VILMIL/features_biomedclip_5x/2469260-B3.h5,/xiangmu/data/VILMIL/features_biomedclip_20x/2469260-B3.h5,201,3062,7920.0,113892.0,6784.0,64128.0,105972.0,57344.0,7920.0,116964.0,6784.0,66176.0,109044.0,59392.0,1.028988789491564,1.0357142857142858
2469496-B,0,1,ok,/xiangmu/data/VILMIL/features_biomedclip_5x/2469496-B.h5,/xiangmu/data/VILMIL/features_biomedclip_20x/2469496-B.h5,264,3630,9808.0,152118.0,1968.0,72376.0,142310.0,70408.0,9808.0,153526.0,1968.0,77672.0,143718.0,75704.0,1.0098938936125361,1.07521872514487
2469505-B2,1,1,ok,/xiangmu/data/VILMIL/features_biomedclip_5x/2469505-B2.h5,/xiangmu/data/VILMIL/features_biomedclip_20x/2469505-B2.h5,252,3503,8320.0,143632.0,3520.0,75642.0,135312.0,72122.0,8320.0,145792.0,3520.0,77690.0,137472.0,74170.0,1.0159631074849238,1.0283963284434707
2469515-B2,2,1,ok,/xiangmu/data/VILMIL/features_biomedclip_5x/2469515-B2.h5,/xiangmu/data/VILMIL/features_biomedclip_20x/2469515-B2.h5,83,1046,13297.0,103078.0,8656.0,50065.0,89781.0,41409.0,11393.0,104102.0,8656.0,52113.0,92709.0,43457.0,1.0326126908811442,1.0494578473278755
2469569-B2,0,1,ok,/xiangmu/data/VILMIL/features_biomedclip_5x/2469569-B2.h5,/xiangmu/data/VILMIL/features_biomedclip_20x/2469569-B2.h5,67,877,7808.0,64368.0,6864.0,49573.0,56560.0,42709.0,7808.0,67440.0,6864.0,51621.0,59632.0,44757.0,1.0543140028288542,1.0479524222060923
2469661-B,3,1,ok,/xiangmu/data/VILMIL/features_biomedclip_5x/2469661-B.h5,/xiangmu/data/VILMIL/features_biomedclip_20x/2469661-B.h5,94,1184,15793.0,101064.0,7520.0,67409.0,85271.0,59889.0,15793.0,104136.0,7520.0,71505.0,88343.0,63985.0,1.0360263160980874,1.0683931940757068
2469693-B,4,1,ok,/xiangmu/data/VILMIL/features_biomedclip_5x/2469693-B.h5,/xiangmu/data/VILMIL/features_biomedclip_20x/2469693-B.h5,340,4975,8048.0,143812.0,0.0,80361.0,135764.0,80361.0,8048.0,146884.0,0.0,82409.0,138836.0,82409.0,1.022627500662915,1.025484998942273
2469849-B2,0,1,ok,/xiangmu/data/VILMIL/features_biomedclip_5x/2469849-B2.h5,/xiangmu/data/VILMIL/features_biomedclip_20x/2469849-B2.h5,178,2512,7952.0,127782.0,7681.0,62209.0,119830.0,54528.0,7952.0,136763.0,7681.0,65281.0,128811.0,57600.0,1.0749478427772678,1.056338028169014
2469916-B2,3,1,ok,/xiangmu/data/VILMIL/features_biomedclip_5x/2469916-B2.h5,/xiangmu/data/VILMIL/features_biomedclip_20x/2469916-B2.h5,225,2967,26433.0,133701.0,9441.0,84081.0,107268.0,74640.0,26433.0,136773.0,9441.0,87153.0,110340.0,77712.0,1.0286385501733974,1.0411575562700965
2469927-B2,0,1,ok,/xiangmu/data/VILMIL/features_biomedclip_5x/2469927-B2.h5,/xiangmu/data/VILMIL/features_biomedclip_20x/2469927-B2.h5,196,2593,7888.0,135712.0,6928.0,79073.0,127824.0,72145.0,7888.0,137760.0,10000.0,81689.0,129872.0,71689.0,1.016022030291651,0.993679395661515
2469963-B2,4,1,ok,/xiangmu/data/VILMIL/features_biomedclip_5x/2469963-B2.h5,/xiangmu/data/VILMIL/features_biomedclip_20x/2469963-B2.h5,275,4073,8736.0,147493.0,3488.0,69617.0,138757.0,66129.0,8736.0,158489.0,3216.0,78232.0,149753.0,75016.0,1.0792464524312286,1.1343888460433396
2469965-B2,3,1,ok,/xiangmu/data/VILMIL/features_biomedclip_5x/2469965-B2.h5,/xiangmu/data/VILMIL/features_biomedclip_20x/2469965-B2.h5,302,4290,9936.0,132565.0,3072.0,73536.0,122629.0,70464.0,9936.0,133589.0,3072.0,77632.0,123653.0,74560.0,1.008350390201339,1.0581289736603088
2469969-B2,1,1,ok,/xiangmu/data/VILMIL/features_biomedclip_5x/2469969-B2.h5,/xiangmu/data/VILMIL/features_biomedclip_20x/2469969-B2.h5,176,2451,9280.0,116310.0,3344.0,61665.0,107030.0,58321.0,9280.0,117334.0,3344.0,69226.0,108054.0,65882.0,1.00956741100626,1.1296445534198658
2470260-B,1,1,ok,/xiangmu/data/VILMIL/features_biomedclip_5x/2470260-B.h5,/xiangmu/data/VILMIL/features_biomedclip_20x/2470260-B.h5,287,4280,11104.0,135318.0,6464.0,74930.0,124214.0,68466.0,11104.0,139414.0,6464.0,79026.0,128310.0,72562.0,1.0329753489944773,1.0598253147547687
2470270-B2,4,1,ok,/xiangmu/data/VILMIL/features_biomedclip_5x/2470270-B2.h5,/xiangmu/data/VILMIL/features_biomedclip_20x/2470270-B2.h5,176,2510,7968.0,104230.0,6608.0,59856.0,96262.0,53248.0,7968.0,108326.0,6608.0,61904.0,100358.0,55296.0,1.04255053915356,1.0384615384615385
2470405-B2,3,1,ok,/xiangmu/data/VILMIL/features_biomedclip_5x/2470405-B2.h5,/xiangmu/data/VILMIL/features_biomedclip_20x/2470405-B2.h5,253,3708,9249.0,130600.0,1680.0,70217.0,121351.0,68537.0,7952.0,130600.0,1680.0,74313.0,122648.0,72633.0,1.010688004219166,1.0597633395100456
2470647-B2,2,1,ok,/xiangmu/data/VILMIL/features_biomedclip_5x/2470647-B2.h5,/xiangmu/data/VILMIL/features_biomedclip_20x/2470647-B2.h5,318,4267,40979.0,173097.0,6016.0,80866.0,132118.0,74850.0,40979.0,176169.0,1920.0,81890.0,135190.0,79970.0,1.0232519414462828,1.0684034736138945
2470657-B3,4,1,ok,/xiangmu/data/VILMIL/features_biomedclip_5x/2470657-B3.h5,/xiangmu/data/VILMIL/features_biomedclip_20x/2470657-B3.h5,472,7128,7696.0,146960.0,5840.0,83664.0,139264.0,77824.0,7696.0,151056.0,5840.0,84688.0,143360.0,78848.0,1.0294117647058822,1.013157894736842
2471072-B2,1,1,ok,/xiangmu/data/VILMIL/features_biomedclip_5x/2471072-B2.h5,/xiangmu/data/VILMIL/features_biomedclip_20x/2471072-B2.h5,263,3844,11824.0,136065.0,1616.0,75344.0,124241.0,73728.0,11824.0,138113.0,1616.0,76961.0,126289.0,75345.0,1.0164840914029991,1.0219319661458333
2471237-B2,0,1,ok,/xiangmu/data/VILMIL/features_biomedclip_5x/2471237-B2.h5,/xiangmu/data/VILMIL/features_biomedclip_20x/2471237-B2.h5,463,6815,7904.0,153741.0,3136.0,80592.0,145837.0,77456.0,7904.0,157101.0,3136.0,83664.0,149197.0,80528.0,1.0230394207231361,1.039661227019211
2471442-B3,4,1,ok,/xiangmu/data/VILMIL/features_biomedclip_5x/2471442-B3.h5,/xiangmu/data/VILMIL/features_biomedclip_20x/2471442-B3.h5,261,3765,10064.0,135251.0,6416.0,79809.0,125187.0,73393.0,10064.0,139347.0,6416.0,81857.0,129283.0,75441.0,1.0327190522977625,1.0279045685555843
2471452-B2,0,1,ok,/xiangmu/data/VILMIL/features_biomedclip_5x/2471452-B2.h5,/xiangmu/data/VILMIL/features_biomedclip_20x/2471452-B2.h5,132,1772,7824.0,118624.0,6577.0,59643.0,110800.0,53066.0,7824.0,121696.0,6577.0,63739.0,113872.0,57162.0,1.0277256317689532,1.0771868993329061
2471595-B3,4,1,ok,/xiangmu/data/VILMIL/features_biomedclip_5x/2471595-B3.h5,/xiangmu/data/VILMIL/features_biomedclip_20x/2471595-B3.h5,321,4641,7840.0,138744.0,5232.0,74864.0,130904.0,69632.0,7840.0,141816.0,5232.0,77834.0,133976.0,72602.0,1.0234675792947503,1.0426528033088236
2471618-B3,4,1,ok,/xiangmu/data/VILMIL/features_biomedclip_5x/2471618-B3.h5,/xiangmu/data/VILMIL/features_biomedclip_20x/2471618-B3.h5,258,3840,8000.0,124440.0,6912.0,68645.0,116440.0,61733.0,8000.0,126488.0,6912.0,71717.0,118488.0,64805.0,1.0175884575747165,1.0497626877034973
2471884-B2,0,1,ok,/xiangmu/data/VILMIL/features_biomedclip_5x/2471884-B2.h5,/xiangmu/data/VILMIL/features_biomedclip_20x/2471884-B2.h5,140,1810,14144.0,115042.0,13873.0,81923.0,100898.0,68050.0,8784.0,116066.0,8513.0,82947.0,107282.0,74434.0,1.063271819064798,1.0938133725202057
2471885-B2,4,1,ok,/xiangmu/data/VILMIL/features_biomedclip_5x/2471885-B2.h5,/xiangmu/data/VILMIL/features_biomedclip_20x/2471885-B2.h5,128,1739,7808.0,110728.0,9425.0,66769.0,102920.0,57344.0,7808.0,121902.0,1776.0,71116.0,114094.0,69340.0,1.1085697629226583,1.2091936383928572
2471887-B,3,1,ok,/xiangmu/data/VILMIL/features_biomedclip_5x/2471887-B.h5,/xiangmu/data/VILMIL/features_biomedclip_20x/2471887-B.h5,223,3135,7888.0,108608.0,8305.0,65026.0,100720.0,56721.0,7888.0,110656.0,8305.0,68098.0,102768.0,59793.0,1.0203335980937251,1.0541598349817527
2471921-B2,4,1,ok,/xiangmu/data/VILMIL/features_biomedclip_5x/2471921-B2.h5,/xiangmu/data/VILMIL/features_biomedclip_20x/2471921-B2.h5,196,2810,7664.0,117718.0,14464.0,64864.0,110054.0,50400.0,7664.0,119766.0,14464.0,67936.0,112102.0,53472.0,1.0186090464680975,1.0609523809523809
2471957-B,0,1,ok,/xiangmu/data/VILMIL/features_biomedclip_5x/2471957-B.h5,/xiangmu/data/VILMIL/features_biomedclip_20x/2471957-B.h5,85,1104,7840.0,102597.0,6480.0,48000.0,94757.0,41520.0,7840.0,104645.0,6480.0,52096.0,96805.0,45616.0,1.0216131789735852,1.098651252408478
2471959-B2,0,1,ok,/xiangmu/data/VILMIL/features_biomedclip_5x/2471959-B2.h5,/xiangmu/data/VILMIL/features_biomedclip_20x/2471959-B2.h5,167,2280,13553.0,126071.0,17266.0,69410.0,112518.0,52144.0,13553.0,130506.0,17266.0,72568.0,116953.0,55302.0,1.0394159156757141,1.060563056152194
2471963-B,0,1,ok,/xiangmu/data/VILMIL/features_biomedclip_5x/2471963-B.h5,/xiangmu/data/VILMIL/features_biomedclip_20x/2471963-B.h5,280,3985,8896.0,151062.0,1136.0,67170.0,142166.0,66034.0,8896.0,155158.0,1136.0,71770.0,146262.0,70634.0,1.0288113895024127,1.0696610836841627
2472316-B7,4,1,ok,/xiangmu/data/VILMIL/features_biomedclip_5x/2472316-B7.h5,/xiangmu/data/VILMIL/features_biomedclip_20x/2472316-B7.h5,46,609,8384.0,77699.0,6400.0,35072.0,69315.0,28672.0,7856.0,81795.0,6400.0,37120.0,73939.0,30720.0,1.066709947341845,1.0714285714285714
2472453-B2,4,1,ok,/xiangmu/data/VILMIL/features_biomedclip_5x/2472453-B2.h5,/xiangmu/data/VILMIL/features_biomedclip_20x/2472453-B2.h5,84,1089,7840.0,96663.0,6689.0,40801.0,88823.0,34112.0,7840.0,97687.0,6689.0,42849.0,89847.0,36160.0,1.0115285455343774,1.0600375234521575
2472465-B2,1,1,ok,/xiangmu/data/VILMIL/features_biomedclip_5x/2472465-B2.h5,/xiangmu/data/VILMIL/features_biomedclip_20x/2472465-B2.h5,249,3586,9296.0,138720.0,3488.0,75176.0,129424.0,71688.0,9296.0,138800.0,3488.0,79272.0,129504.0,75784.0,1.000618123377426,1.0571364803035375
2472471-B2,1,1,ok,/xiangmu/data/VILMIL/features_biomedclip_5x/2472471-B2.h5,/xiangmu/data/VILMIL/features_biomedclip_20x/2472471-B2.h5,190,2694,8224.0,132344.0,8512.0,69360.0,124120.0,60848.0,8224.0,134392.0,8512.0,71408.0,126168.0,62896.0,1.016500161134386,1.0336576387062846
2472481-B2,2,1,ok,/xiangmu/data/VILMIL/features_biomedclip_5x/2472481-B2.h5,/xiangmu/data/VILMIL/features_biomedclip_20x/2472481-B2.h5,155,2139,11072.0,135736.0,14353.0,74952.0,124664.0,60599.0,11072.0,137784.0,14353.0,78024.0,126712.0,63671.0,1.0164281588910993,1.0506939058400304
2472500-B2,3,1,ok,/xiangmu/data/VILMIL/features_biomedclip_5x/2472500-B2.h5,/xiangmu/data/VILMIL/features_biomedclip_20x/2472500-B2.h5,141,1962,7696.0,106520.0,6368.0,64145.0,98824.0,57777.0,7696.0,110616.0,6368.0,65169.0,102920.0,58801.0,1.0414474216789444,1.0177233155061702
2472505-B,3,1,ok,/xiangmu/data/VILMIL/features_biomedclip_5x/2472505-B.h5,/xiangmu/data/VILMIL/features_biomedclip_20x/2472505-B.h5,112,1592,7808.0,105921.0,6417.0,43281.0,98113.0,36864.0,7808.0,107969.0,6417.0,45329.0,100161.0,38912.0,1.0208738903101526,1.0555555555555556
2472509-B4,2,1,ok,/xiangmu/data/VILMIL/features_biomedclip_5x/2472509-B4.h5,/xiangmu/data/VILMIL/features_biomedclip_20x/2472509-B4.h5,245,3499,7712.0,139034.0,208.0,66069.0,131322.0,65861.0,7712.0,142106.0,208.0,68117.0,134394.0,67909.0,1.023392881619226,1.0310957926542264
2472509-B6,3,1,ok,/xiangmu/data/VILMIL/features_biomedclip_5x/2472509-B6.h5,/xiangmu/data/VILMIL/features_biomedclip_20x/2472509-B6.h5,461,6909,7632.0,147840.0,2432.0,71153.0,140208.0,68721.0,7632.0,151936.0,2432.0,74225.0,144304.0,71793.0,1.0292137395868994,1.0447024926878248
2473212-B4,0,1,ok,/xiangmu/data/VILMIL/features_biomedclip_5x/2473212-B4.h5,/xiangmu/data/VILMIL/features_biomedclip_20x/2473212-B4.h5,187,2489,8432.0,128411.0,6736.0,57106.0,119979.0,50370.0,8432.0,131483.0,6736.0,60178.0,123051.0,53442.0,1.0256044807841371,1.0609886837403215
2473218-B2,2,1,ok,/xiangmu/data/VILMIL/features_biomedclip_5x/2473218-B2.h5,/xiangmu/data/VILMIL/features_biomedclip_20x/2473218-B2.h5,321,4586,10064.0,147878.0,5904.0,76049.0,137814.0,70145.0,10064.0,150950.0,5904.0,77073.0,140886.0,71169.0,1.0222909138403935,1.0145983320265164
2473218-B3,0,1,ok,/xiangmu/data/VILMIL/features_biomedclip_5x/2473218-B3.h5,/xiangmu/data/VILMIL/features_biomedclip_20x/2473218-B3.h5,255,3592,8512.0,117564.0,13201.0,82306.0,109052.0,69105.0,8512.0,120636.0,5984.0,85378.0,112124.0,79394.0,1.0281700473168764,1.1488893712466537
2473228-B2,2,1,ok,/xiangmu/data/VILMIL/features_biomedclip_5x/2473228-B2.h5,/xiangmu/data/VILMIL/features_biomedclip_20x/2473228-B2.h5,188,2583,7760.0,114448.0,8545.0,70803.0,106688.0,62258.0,7760.0,117520.0,6753.0,74081.0,109760.0,67328.0,1.0287942411517697,1.081435317549552
2473266-B,4,1,ok,/xiangmu/data/VILMIL/features_biomedclip_5x/2473266-B.h5,/xiangmu/data/VILMIL/features_biomedclip_20x/2473266-B.h5,201,2728,18097.0,144395.0,6480.0,76962.0,126298.0,70482.0,17905.0,146443.0,6480.0,77986.0,128538.0,71506.0,1.0177358311295508,1.0145285321074884
2473272-B3,1,1,ok,/xiangmu/data/VILMIL/features_biomedclip_5x/2473272-B3.h5,/xiangmu/data/VILMIL/features_biomedclip_20x/2473272-B3.h5,247,3338,9808.0,136773.0,1296.0,81188.0,126965.0,79892.0,8640.0,140869.0,1296.0,83236.0,132229.0,81940.0,1.0414602449493955,1.0256346067190707
2473366-B2,4,1,ok,/xiangmu/data/VILMIL/features_biomedclip_5x/2473366-B2.h5,/xiangmu/data/VILMIL/features_biomedclip_20x/2473366-B2.h5,228,3002,8144.0,105362.0,6608.0,67601.0,97218.0,60993.0,8144.0,125523.0,144.0,68625.0,117379.0,68481.0,1.2073792919006767,1.1227681865132064
2473394-B2,1,1,ok,/xiangmu/data/VILMIL/features_biomedclip_5x/2473394-B2.h5,/xiangmu/data/VILMIL/features_biomedclip_20x/2473394-B2.h5,295,4135,18384.0,163538.0,1376.0,74488.0,145154.0,73112.0,18384.0,166610.0,1376.0,82441.0,148226.0,81065.0,1.0211637295561955,1.1087783127256812
2473534-B2,0,1,ok,/xiangmu/data/VILMIL/features_biomedclip_5x/2473534-B2.h5,/xiangmu/data/VILMIL/features_biomedclip_20x/2473534-B2.h5,228,3213,10720.0,169509.0,3152.0,71062.0,158789.0,67910.0,10720.0,172869.0,3152.0,75158.0,162149.0,72006.0,1.0211601559301966,1.0603151229568546
2473545-B2,2,1,ok,/xiangmu/data/VILMIL/features_biomedclip_5x/2473545-B2.h5,/xiangmu/data/VILMIL/features_biomedclip_20x/2473545-B2.h5,422,6025,17585.0,168427.0,5120.0,82944.0,150842.0,77824.0,18609.0,168779.0,5120.0,84992.0,150170.0,79872.0,0.9955450073586932,1.0263157894736843
2473545-B3,2,1,ok,/xiangmu/data/VILMIL/features_biomedclip_5x/2473545-B3.h5,/xiangmu/data/VILMIL/features_biomedclip_20x/2473545-B3.h5,248,3653,5408.0,126722.0,7776.0,70224.0,121314.0,62448.0,5408.0,129794.0,7776.0,72272.0,124386.0,64496.0,1.025322716256986,1.0327952856776839
2473549-B,0,1,ok,/xiangmu/data/VILMIL/features_biomedclip_5x/2473549-B.h5,/xiangmu/data/VILMIL/features_biomedclip_20x/2473549-B.h5,234,3285,12512.0,145985.0,18706.0,76658.0,133473.0,57952.0,12512.0,150081.0,7809.0,79730.0,137569.0,71921.0,1.03068785447244,1.2410443125345114
2473600-B3,4,1,ok,/xiangmu/data/VILMIL/features_biomedclip_5x/2473600-B3.h5,/xiangmu/data/VILMIL/features_biomedclip_20x/2473600-B3.h5,321,4559,6416.0,157191.0,2896.0,76624.0,150775.0,73728.0,6416.0,160621.0,2896.0,76624.0,154205.0,73728.0,1.0227491294975957,1.0
2473608-B2,4,1,ok,/xiangmu/data/VILMIL/features_biomedclip_5x/2473608-B2.h5,/xiangmu/data/VILMIL/features_biomedclip_20x/2473608-B2.h5,299,4453,14417.0,139512.0,1472.0,79296.0,125095.0,77824.0,14417.0,142584.0,1472.0,82368.0,128167.0,80896.0,1.0245573364243175,1.0394736842105263
2473621-B3,0,1,ok,/xiangmu/data/VILMIL/features_biomedclip_5x/2473621-B3.h5,/xiangmu/data/VILMIL/features_biomedclip_20x/2473621-B3.h5,158,2107,7840.0,127621.0,6529.0,72904.0,119781.0,66375.0,7840.0,128645.0,6529.0,72904.0,120805.0,66375.0,1.0085489351399637,1.0
2473623-B2,2,1,ok,/xiangmu/data/VILMIL/features_biomedclip_5x/2473623-B2.h5,/xiangmu/data/VILMIL/features_biomedclip_20x/2473623-B2.h5,73,947,15392.0,105588.0,9025.0,41793.0,90196.0,32768.0,15392.0,108660.0,9025.0,44865.0,93268.0,35840.0,1.0340591600514435,1.09375
2473738-B3,4,1,ok,/xiangmu/data/VILMIL/features_biomedclip_5x/2473738-B3.h5,/xiangmu/data/VILMIL/features_biomedclip_20x/2473738-B3.h5,264,3919,7664.0,121000.0,0.0,78577.0,113336.0,78577.0,7664.0,124072.0,0.0,78848.0,116408.0,78848.0,1.0271052445824804,1.0034488463545312
2474124-B2,1,1,ok,/xiangmu/data/VILMIL/features_biomedclip_5x/2474124-B2.h5,/xiangmu/data/VILMIL/features_biomedclip_20x/2474124-B2.h5,209,3104,7760.0,148985.0,944.0,60736.0,141225.0,59792.0,7760.0,153081.0,944.0,72627.0,145321.0,71683.0,1.0290033634271551,1.1988727588975114
2474140-B3,4,1,ok,/xiangmu/data/VILMIL/features_biomedclip_5x/2474140-B3.h5,/xiangmu/data/VILMIL/features_biomedclip_20x/2474140-B3.h5,227,3068,7952.0,128388.0,6560.0,64741.0,120436.0,58181.0,7952.0,130436.0,6560.0,67813.0,122484.0,61253.0,1.017004882261118,1.0528007425104415
2474150-B3,0,1,ok,/xiangmu/data/VILMIL/features_biomedclip_5x/2474150-B3.h5,/xiangmu/data/VILMIL/features_biomedclip_20x/2474150-B3.h5,220,3180,9360.0,128501.0,10704.0,63952.0,119141.0,53248.0,9360.0,129525.0,10704.0,68048.0,120165.0,57344.0,1.0085948581932331,1.0769230769230769
2474188-B2,2,1,ok,/xiangmu/data/VILMIL/features_biomedclip_5x/2474188-B2.h5,/xiangmu/data/VILMIL/features_biomedclip_20x/2474188-B2.h5,317,4656,10816.0,145632.0,5632.0,75393.0,134816.0,69761.0,10816.0,149600.0,5632.0,78800.0,138784.0,73168.0,1.0294327082838832,1.0488381760582561
2474189-B7,4,1,ok,/xiangmu/data/VILMIL/features_biomedclip_5x/2474189-B7.h5,/xiangmu/data/VILMIL/features_biomedclip_20x/2474189-B7.h5,61,844,8080.0,105939.0,464.0,69400.0,97859.0,68936.0,8080.0,106243.0,464.0,72472.0,98163.0,72008.0,1.0031065103873942,1.044563072995242
2474291-B2,0,1,ok,/xiangmu/data/VILMIL/features_biomedclip_5x/2474291-B2.h5,/xiangmu/data/VILMIL/features_biomedclip_20x/2474291-B2.h5,316,4662,13264.0,153280.0,7440.0,75000.0,140016.0,67560.0,14288.0,156352.0,7440.0,79096.0,142064.0,71656.0,1.014626899782882,1.0606275902901126
2474337-B3,0,1,ok,/xiangmu/data/VILMIL/features_biomedclip_5x/2474337-B3.h5,/xiangmu/data/VILMIL/features_biomedclip_20x/2474337-B3.h5,301,4367,8352.0,137492.0,6672.0,78424.0,129140.0,71752.0,8352.0,138648.0,6672.0,78424.0,130296.0,71752.0,1.0089515254762274,1.0
2474500-B2,3,1,ok,/xiangmu/data/VILMIL/features_biomedclip_5x/2474500-B2.h5,/xiangmu/data/VILMIL/features_biomedclip_20x/2474500-B2.h5,257,3784,7744.0,119412.0,4976.0,72592.0,111668.0,67616.0,7744.0,123508.0,4976.0,73616.0,115764.0,68640.0,1.0366801590428771,1.0151443445338382
2474612-B2,3,1,ok,/xiangmu/data/VILMIL/features_biomedclip_5x/2474612-B2.h5,/xiangmu/data/VILMIL/features_biomedclip_20x/2474612-B2.h5,268,3923,7760.0,136069.0,7856.0,67568.0,128309.0,59712.0,7760.0,140165.0,7856.0,67568.0,132405.0,59712.0,1.0319229360372226,1.0
2474626-B2,2,1,ok,/xiangmu/data/VILMIL/features_biomedclip_5x/2474626-B2.h5,/xiangmu/data/VILMIL/features_biomedclip_20x/2474626-B2.h5,212,3019,11392.0,132226.0,7969.0,57121.0,120834.0,49152.0,7952.0,136322.0,7969.0,60609.0,128370.0,52640.0,1.0623665524604002,1.0709635416666667
2474631-B3,3,1,ok,/xiangmu/data/VILMIL/features_biomedclip_5x/2474631-B3.h5,/xiangmu/data/VILMIL/features_biomedclip_20x/2474631-B3.h5,293,4105,27858.0,154854.0,7984.0,69424.0,126996.0,61440.0,27858.0,155878.0,7984.0,71472.0,128020.0,63488.0,1.008063246086491,1.0333333333333334
2474638-B3,0,1,ok,/xiangmu/data/VILMIL/features_biomedclip_5x/2474638-B3.h5,/xiangmu/data/VILMIL/features_biomedclip_20x/2474638-B3.h5,155,2249,11793.0,102295.0,9584.0,63441.0,90502.0,53857.0,11793.0,106391.0,9584.0,68561.0,94598.0,58977.0,1.0452586683167222,1.095066565163303
2474704-B2,2,1,ok,/xiangmu/data/VILMIL/features_biomedclip_5x/2474704-B2.h5,/xiangmu/data/VILMIL/features_biomedclip_20x/2474704-B2.h5,144,2111,7649.0,99417.0,6577.0,69185.0,91768.0,62608.0,7649.0,101465.0,6577.0,71233.0,93816.0,64656.0,1.0223171475895738,1.0327114745719397
2474718-B4,1,1,ok,/xiangmu/data/VILMIL/features_biomedclip_5x/2474718-B4.h5,/xiangmu/data/VILMIL/features_biomedclip_20x/2474718-B4.h5,154,2123,7840.0,112019.0,6833.0,56705.0,104179.0,49872.0,7840.0,115091.0,6833.0,58753.0,107251.0,51920.0,1.0294877086552952,1.0410651267244144
2474721-B,3,1,ok,/xiangmu/data/VILMIL/features_biomedclip_5x/2474721-B.h5,/xiangmu/data/VILMIL/features_biomedclip_20x/2474721-B.h5,309,4548,9328.0,126772.0,6624.0,78656.0,117444.0,72032.0,9328.0,127796.0,6624.0,81912.0,118468.0,75288.0,1.00871904907871,1.0452021323856064
2474739-B2,0,1,ok,/xiangmu/data/VILMIL/features_biomedclip_5x/2474739-B2.h5,/xiangmu/data/VILMIL/features_biomedclip_20x/2474739-B2.h5,315,4727,7824.0,131895.0,6352.0,69888.0,124071.0,63536.0,7824.0,134967.0,6352.0,72960.0,127143.0,66608.0,1.0247600164421984,1.0483505414253336
2474901-B,3,1,ok,/xiangmu/data/VILMIL/features_biomedclip_5x/2474901-B.h5,/xiangmu/data/VILMIL/features_biomedclip_20x/2474901-B.h5,250,3626,7952.0,130622.0,6848.0,59639.0,122670.0,52791.0,7952.0,133694.0,6848.0,63735.0,125742.0,56887.0,1.0250427977500611,1.077588982970582
2475011-B2,0,1,ok,/xiangmu/data/VILMIL/features_biomedclip_5x/2475011-B2.h5,/xiangmu/data/VILMIL/features_biomedclip_20x/2475011-B2.h5,183,2646,7856.0,102912.0,6816.0,64160.0,95056.0,57344.0,7856.0,104960.0,6816.0,65184.0,97104.0,58368.0,1.021545194411715,1.0178571428571428
2475022-B,0,1,ok,/xiangmu/data/VILMIL/features_biomedclip_5x/2475022-B.h5,/xiangmu/data/VILMIL/features_biomedclip_20x/2475022-B.h5,224,3274,8544.0,118433.0,6352.0,74657.0,109889.0,68305.0,8544.0,126833.0,6352.0,76705.0,118289.0,70353.0,1.0764407720517977,1.0299831637508234
2475126-B2,0,1,ok,/xiangmu/data/VILMIL/features_biomedclip_5x/2475126-B2.h5,/xiangmu/data/VILMIL/features_biomedclip_20x/2475126-B2.h5,231,3334,7744.0,126310.0,11472.0,76545.0,118566.0,65073.0,7744.0,128358.0,11472.0,78032.0,120614.0,66560.0,1.0172730799723362,1.0228512593548784
2475159-B,1,1,ok,/xiangmu/data/VILMIL/features_biomedclip_5x/2475159-B.h5,/xiangmu/data/VILMIL/features_biomedclip_20x/2475159-B.h5,178,2588,7792.0,102053.0,6768.0,56288.0,94261.0,49520.0,7792.0,104101.0,6768.0,58992.0,96309.0,52224.0,1.0217269072044641,1.0546042003231018
2475184-B2,3,1,ok,/xiangmu/data/VILMIL/features_biomedclip_5x/2475184-B2.h5,/xiangmu/data/VILMIL/features_biomedclip_20x/2475184-B2.h5,243,3242,7696.0,108162.0,1008.0,72480.0,100466.0,71472.0,7696.0,110210.0,1008.0,73504.0,102514.0,72496.0,1.0203850058726336,1.014327289008283
2475349-B2,0,1,ok,/xiangmu/data/VILMIL/features_biomedclip_5x/2475349-B2.h5,/xiangmu/data/VILMIL/features_biomedclip_20x/2475349-B2.h5,132,1861,9616.0,116870.0,17921.0,74882.0,107254.0,56961.0,9424.0,139098.0,8416.0,77954.0,129674.0,69538.0,1.209036492811457,1.2208001966257616
2476242-B2,2,1,ok,/xiangmu/data/VILMIL/features_biomedclip_5x/2476242-B2.h5,/xiangmu/data/VILMIL/features_biomedclip_20x/2476242-B2.h5,240,3500,7776.0,142228.0,6225.0,78331.0,134452.0,72106.0,7776.0,144276.0,6225.0,78331.0,136500.0,72106.0,1.0152322018266742,1.0
2476250-B2,1,1,ok,/xiangmu/data/VILMIL/features_biomedclip_5x/2476250-B2.h5,/xiangmu/data/VILMIL/features_biomedclip_20x/2476250-B2.h5,79,1047,7952.0,99414.0,27552.0,65008.0,91462.0,37456.0,7952.0,109848.0,9232.0,66032.0,101896.0,56800.0,1.1140801644398766,1.5164459632635625
2476252-B2,0,1,ok,/xiangmu/data/VILMIL/features_biomedclip_5x/2476252-B2.h5,/xiangmu/data/VILMIL/features_biomedclip_20x/2476252-B2.h5,120,1594,8576.0,107713.0,6593.0,55122.0,99137.0,48529.0,8208.0,109761.0,6593.0,56146.0,101553.0,49553.0,1.0243703158255748,1.0211007850975706
2476286-B2,2,1,ok,/xiangmu/data/VILMIL/features_biomedclip_5x/2476286-B2.h5,/xiangmu/data/VILMIL/features_biomedclip_20x/2476286-B2.h5,302,4315,7728.0,136080.0,5312.0,78609.0,128352.0,73297.0,7728.0,139856.0,5312.0,79633.0,132128.0,74321.0,1.0294190974819246,1.0139705581401695
2476295-B3,1,1,ok,/xiangmu/data/VILMIL/features_biomedclip_5x/2476295-B3.h5,/xiangmu/data/VILMIL/features_biomedclip_20x/2476295-B3.h5,249,3732,8192.0,131923.0,6672.0,71312.0,123731.0,64640.0,8192.0,135187.0,224.0,71312.0,126995.0,71088.0,1.0263798078088757,1.0997524752475247
2476299-B2,1,1,ok,/xiangmu/data/VILMIL/features_biomedclip_5x/2476299-B2.h5,/xiangmu/data/VILMIL/features_biomedclip_20x/2476299-B2.h5,227,3089,7712.0,129428.0,6641.0,65754.0,121716.0,59113.0,7712.0,131476.0,6641.0,65754.0,123764.0,59113.0,1.0168260540931349,1.0
2476358-B2,2,1,ok,/xiangmu/data/VILMIL/features_biomedclip_5x/2476358-B2.h5,/xiangmu/data/VILMIL/features_biomedclip_20x/2476358-B2.h5,212,3078,7984.0,111895.0,6784.0,64448.0,103911.0,57664.0,7984.0,113943.0,6784.0,67520.0,105959.0,60736.0,1.0197091741971496,1.053274139844617
2476376-B2,2,1,ok,/xiangmu/data/VILMIL/features_biomedclip_5x/2476376-B2.h5,/xiangmu/data/VILMIL/features_biomedclip_20x/2476376-B2.h5,262,3675,9104.0,149826.0,1120.0,77024.0,140722.0,75904.0,9104.0,150082.0,1120.0,78048.0,140978.0,76928.0,1.0018191896078794,1.0134907251264755
2476391-B2,4,1,ok,/xiangmu/data/VILMIL/features_biomedclip_5x/2476391-B2.h5,/xiangmu/data/VILMIL/features_biomedclip_20x/2476391-B2.h5,154,2214,11936.0,122321.0,6736.0,51792.0,110385.0,45056.0,7840.0,126417.0,6736.0,53840.0,118577.0,47104.0,1.0742129818363002,1.0454545454545454
2476681-B2,1,1,ok,/xiangmu/data/VILMIL/features_biomedclip_5x/2476681-B2.h5,/xiangmu/data/VILMIL/features_biomedclip_20x/2476681-B2.h5,172,2291,7696.0,119971.0,11537.0,60689.0,112275.0,49152.0,7696.0,120995.0,11537.0,62737.0,113299.0,51200.0,1.0091204631485193,1.0416666666666667
2476693-B3,4,1,ok,/xiangmu/data/VILMIL/features_biomedclip_5x/2476693-B3.h5,/xiangmu/data/VILMIL/features_biomedclip_20x/2476693-B3.h5,220,3003,8160.0,135362.0,11233.0,79299.0,127202.0,68066.0,8160.0,138434.0,6944.0,81347.0,130274.0,74403.0,1.0241505636703825,1.093100813915905
2476750-B,3,1,ok,/xiangmu/data/VILMIL/features_biomedclip_5x/2476750-B.h5,/xiangmu/data/VILMIL/features_biomedclip_20x/2476750-B.h5,320,4596,9296.0,134298.0,6400.0,81713.0,125002.0,75313.0,9296.0,138394.0,6400.0,83761.0,129098.0,77361.0,1.0327674757203884,1.0271931804602128
2476834-B3,2,1,ok,/xiangmu/data/VILMIL/features_biomedclip_5x/2476834-B3.h5,/xiangmu/data/VILMIL/features_biomedclip_20x/2476834-B3.h5,303,4328,9936.0,131745.0,6144.0,79872.0,121809.0,73728.0,9936.0,132914.0,6144.0,82849.0,122978.0,76705.0,1.0095969920120844,1.0403781467013888
2476856-B2,1,1,ok,/xiangmu/data/VILMIL/features_biomedclip_5x/2476856-B2.h5,/xiangmu/data/VILMIL/features_biomedclip_20x/2476856-B2.h5,260,3535,8256.0,138505.0,6576.0,82161.0,130249.0,75585.0,8256.0,138921.0,6576.0,83185.0,130665.0,76609.0,1.0031938824866218,1.0135476615730634
2476983-B,2,1,ok,/xiangmu/data/VILMIL/features_biomedclip_5x/2476983-B.h5,/xiangmu/data/VILMIL/features_biomedclip_20x/2476983-B.h5,178,2273,18529.0,124788.0,6816.0,65297.0,106259.0,58481.0,18529.0,125812.0,6816.0,69889.0,107283.0,63073.0,1.0096368307625707,1.078521229117149
2476984-B2,3,1,ok,/xiangmu/data/VILMIL/features_biomedclip_5x/2476984-B2.h5,/xiangmu/data/VILMIL/features_biomedclip_20x/2476984-B2.h5,79,1070,7792.0,100105.0,8737.0,50258.0,92313.0,41521.0,7792.0,102153.0,8737.0,54354.0,94361.0,45617.0,1.0221853910066838,1.0986488764721467
2477039-B,4,1,ok,/xiangmu/data/VILMIL/features_biomedclip_5x/2477039-B.h5,/xiangmu/data/VILMIL/features_biomedclip_20x/2477039-B.h5,247,3531,37953.0,152757.0,21586.0,79059.0,114804.0,57473.0,37953.0,156853.0,21586.0,81107.0,118900.0,59521.0,1.0356781993658757,1.0356341238494597
2477053-B3,4,1,ok,/xiangmu/data/VILMIL/features_biomedclip_5x/2477053-B3.h5,/xiangmu/data/VILMIL/features_biomedclip_20x/2477053-B3.h5,396,5849,7760.0,149147.0,2896.0,80720.0,141387.0,77824.0,7760.0,149147.0,2896.0,81744.0,141387.0,78848.0,1.0,1.013157894736842
2477058-B2,3,1,ok,/xiangmu/data/VILMIL/features_biomedclip_5x/2477058-B2.h5,/xiangmu/data/VILMIL/features_biomedclip_20x/2477058-B2.h5,224,3382,7808.0,110516.0,5504.0,74048.0,102708.0,68544.0,7808.0,113588.0,5504.0,75136.0,105780.0,69632.0,1.0299100362191844,1.0158730158730158
2477118-B3,3,1,ok,/xiangmu/data/VILMIL/features_biomedclip_5x/2477118-B3.h5,/xiangmu/data/VILMIL/features_biomedclip_20x/2477118-B3.h5,221,3195,10240.0,121318.0,13089.0,67442.0,111078.0,54353.0,10240.0,124390.0,13089.0,69409.0,114150.0,56320.0,1.0276562415599848,1.0361893547734256
2477118-B4,3,1,ok,/xiangmu/data/VILMIL/features_biomedclip_5x/2477118-B4.h5,/xiangmu/data/VILMIL/features_biomedclip_20x/2477118-B4.h5,167,2364,8400.0,103432.0,6656.0,64000.0,95032.0,57344.0,8400.0,104456.0,6656.0,69353.0,96056.0,62697.0,1.0107753177876926,1.0933489118303572
2477189-B2,4,1,ok,/xiangmu/data/VILMIL/features_biomedclip_5x/2477189-B2.h5,/xiangmu/data/VILMIL/features_biomedclip_20x/2477189-B2.h5,291,4316,7744.0,122936.0,6912.0,77777.0,115192.0,70865.0,7744.0,123960.0,6912.0,81873.0,116216.0,74961.0,1.0088895062157095,1.0578000423340155
2477189-B3,0,1,ok,/xiangmu/data/VILMIL/features_biomedclip_5x/2477189-B3.h5,/xiangmu/data/VILMIL/features_biomedclip_20x/2477189-B3.h5,129,1775,8336.0,106759.0,6528.0,51616.0,98423.0,45088.0,8336.0,110855.0,6528.0,52640.0,102519.0,46112.0,1.0416162888755678,1.0227111426543647
2477274-B3,2,1,ok,/xiangmu/data/VILMIL/features_biomedclip_5x/2477274-B3.h5,/xiangmu/data/VILMIL/features_biomedclip_20x/2477274-B3.h5,127,1675,8464.0,103752.0,5664.0,67104.0,95288.0,61440.0,8464.0,107848.0,5664.0,72224.0,99384.0,66560.0,1.04298547561078,1.0833333333333333
2477285-B2,1,1,ok,/xiangmu/data/VILMIL/features_biomedclip_5x/2477285-B2.h5,/xiangmu/data/VILMIL/features_biomedclip_20x/2477285-B2.h5,221,3146,7856.0,117657.0,6736.0,79537.0,109801.0,72801.0,7856.0,118681.0,6736.0,81585.0,110825.0,74849.0,1.0093259624229287,1.0281314817104161
2477299-B2,1,1,ok,/xiangmu/data/VILMIL/features_biomedclip_5x/2477299-B2.h5,/xiangmu/data/VILMIL/features_biomedclip_20x/2477299-B2.h5,396,5990,9680.0,158848.0,2928.0,75208.0,149168.0,72280.0,9680.0,162288.0,2928.0,78280.0,152608.0,75352.0,1.0230612463799207,1.0425013835085777
2477473-B2,1,1,ok,/xiangmu/data/VILMIL/features_biomedclip_5x/2477473-B2.h5,/xiangmu/data/VILMIL/features_biomedclip_20x/2477473-B2.h5,280,4199,7824.0,130035.0,6672.0,73281.0,122211.0,66609.0,7824.0,133749.0,576.0,76304.0,125925.0,75728.0,1.0303900630876108,1.1369034214595626
2477476-B2,3,1,ok,/xiangmu/data/VILMIL/features_biomedclip_5x/2477476-B2.h5,/xiangmu/data/VILMIL/features_biomedclip_20x/2477476-B2.h5,313,4584,7696.0,137737.0,2304.0,74681.0,130041.0,72377.0,7696.0,137737.0,2304.0,75010.0,130041.0,72706.0,1.0,1.0045456429528719
2477541-B2,0,1,ok,/xiangmu/data/VILMIL/features_biomedclip_5x/2477541-B2.h5,/xiangmu/data/VILMIL/features_biomedclip_20x/2477541-B2.h5,141,1847,21457.0,128599.0,6417.0,56090.0,107142.0,49673.0,21457.0,128599.0,6417.0,57114.0,107142.0,50697.0,1.0,1.0206148209288748
2477577-B3,2,1,ok,/xiangmu/data/VILMIL/features_biomedclip_5x/2477577-B3.h5,/xiangmu/data/VILMIL/features_biomedclip_20x/2477577-B3.h5,254,3569,8592.0,149520.0,5904.0,75032.0,140928.0,69128.0,8592.0,152592.0,5904.0,77080.0,144000.0,71176.0,1.021798365122616,1.0296262006712187
2477668-B3,4,1,ok,/xiangmu/data/VILMIL/features_biomedclip_5x/2477668-B3.h5,/xiangmu/data/VILMIL/features_biomedclip_20x/2477668-B3.h5,316,4604,7776.0,141207.0,4048.0,73457.0,133431.0,69409.0,7776.0,143572.0,4048.0,76777.0,135796.0,72729.0,1.0177245167914504,1.047832413663934
2477670-B2,2,1,ok,/xiangmu/data/VILMIL/features_biomedclip_5x/2477670-B2.h5,/xiangmu/data/VILMIL/features_biomedclip_20x/2477670-B2.h5,262,3685,7680.0,136172.0,208.0,70417.0,128492.0,70209.0,7680.0,139644.0,208.0,72795.0,131964.0,72587.0,1.0270211375027238,1.0338703015282942
2477695-B2,3,1,ok,/xiangmu/data/VILMIL/features_biomedclip_5x/2477695-B2.h5,/xiangmu/data/VILMIL/features_biomedclip_20x/2477695-B2.h5,305,4519,7920.0,139008.0,8913.0,71153.0,131088.0,62240.0,7920.0,141056.0,8913.0,72401.0,133136.0,63488.0,1.0156230928841694,1.020051413881748
2477809-B3,0,1,ok,/xiangmu/data/VILMIL/features_biomedclip_5x/2477809-B3.h5,/xiangmu/data/VILMIL/features_biomedclip_20x/2477809-B3.h5,202,3004,7952.0,100739.0,7392.0,70608.0,92787.0,63216.0,7952.0,103811.0,7392.0,72656.0,95859.0,65264.0,1.033108086262084,1.0323968615540369
2477814-B5,3,1,ok,/xiangmu/data/VILMIL/features_biomedclip_5x/2477814-B5.h5,/xiangmu/data/VILMIL/features_biomedclip_20x/2477814-B5.h5,143,2119,8144.0,113849.0,6641.0,39970.0,105705.0,33329.0,8144.0,116921.0,6641.0,44066.0,108777.0,37425.0,1.0290620122037746,1.122895976476942
2477926-B4,4,1,ok,/xiangmu/data/VILMIL/features_biomedclip_5x/2477926-B4.h5,/xiangmu/data/VILMIL/features_biomedclip_20x/2477926-B4.h5,156,2143,7792.0,126325.0,112.0,69883.0,118533.0,69771.0,7792.0,130005.0,112.0,69883.0,122213.0,69771.0,1.0310462065416381,1.0
2477941-B2,1,1,ok,/xiangmu/data/VILMIL/features_biomedclip_5x/2477941-B2.h5,/xiangmu/data/VILMIL/features_biomedclip_20x/2477941-B2.h5,272,3942,9664.0,137988.0,272.0,68641.0,128324.0,68369.0,9664.0,141060.0,272.0,70689.0,131396.0,70417.0,1.0239394033851812,1.029955096608112
2477949-B2,0,1,ok,/xiangmu/data/VILMIL/features_biomedclip_5x/2477949-B2.h5,/xiangmu/data/VILMIL/features_biomedclip_20x/2477949-B2.h5,188,2718,7824.0,108776.0,11713.0,64961.0,100952.0,53248.0,7824.0,116972.0,11713.0,67009.0,109148.0,55296.0,1.081187098819241,1.0384615384615385
2477977-B3,0,1,ok,/xiangmu/data/VILMIL/features_biomedclip_5x/2477977-B3.h5,/xiangmu/data/VILMIL/features_biomedclip_20x/2477977-B3.h5,192,2568,7856.0,124515.0,7040.0,60288.0,116659.0,53248.0,7856.0,128611.0,7040.0,64384.0,120755.0,57344.0,1.035110878714887,1.0769230769230769
2478091-B4,4,1,ok,/xiangmu/data/VILMIL/features_biomedclip_5x/2478091-B4.h5,/xiangmu/data/VILMIL/features_biomedclip_20x/2478091-B4.h5,273,4055,10032.0,112450.0,7888.0,73424.0,102418.0,65536.0,10032.0,116546.0,7888.0,76753.0,106514.0,68865.0,1.0399929699857446,1.0507965087890625
2481696-B4,3,1,ok,/xiangmu/data/VILMIL/features_biomedclip_5x/2481696-B4.h5,/xiangmu/data/VILMIL/features_biomedclip_20x/2481696-B4.h5,181,2513,9137.0,108376.0,8208.0,61456.0,99239.0,53248.0,9137.0,112472.0,8208.0,64528.0,103335.0,56320.0,1.0412740958695674,1.0576923076923077
2481703-B2,4,1,ok,/xiangmu/data/VILMIL/features_biomedclip_5x/2481703-B2.h5,/xiangmu/data/VILMIL/features_biomedclip_20x/2481703-B2.h5,237,3370,9776.0,122071.0,2512.0,75216.0,112295.0,72704.0,9776.0,123095.0,2512.0,75216.0,113319.0,72704.0,1.0091188387728751,1.0
2481723-B2,1,1,ok,/xiangmu/data/VILMIL/features_biomedclip_5x/2481723-B2.h5,/xiangmu/data/VILMIL/features_biomedclip_20x/2481723-B2.h5,214,3045,7776.0,128277.0,6640.0,61601.0,120501.0,54961.0,7776.0,131349.0,6640.0,65008.0,123573.0,58368.0,1.0254935643687604,1.0619894106730228
2481750-B2,3,1,ok,/xiangmu/data/VILMIL/features_biomedclip_5x/2481750-B2.h5,/xiangmu/data/VILMIL/features_biomedclip_20x/2481750-B2.h5,248,3545,8080.0,135289.0,272.0,70487.0,127209.0,70215.0,8080.0,136313.0,272.0,71249.0,128233.0,70977.0,1.0080497449079862,1.0108523819696646
2482055-B2,4,1,ok,/xiangmu/data/VILMIL/features_biomedclip_5x/2482055-B2.h5,/xiangmu/data/VILMIL/features_biomedclip_20x/2482055-B2.h5,332,4895,16353.0,153205.0,1248.0,80032.0,136852.0,78784.0,16353.0,157301.0,1248.0,81056.0,140948.0,79808.0,1.0299301435127,1.0129975629569457
2482056-B4,0,1,ok,/xiangmu/data/VILMIL/features_biomedclip_5x/2482056-B4.h5,/xiangmu/data/VILMIL/features_biomedclip_20x/2482056-B4.h5,223,3063,7808.0,149111.0,272.0,65447.0,141303.0,65175.0,7808.0,150135.0,272.0,68519.0,142327.0,68247.0,1.0072468383544582,1.0471346375143844
2482056-B9,3,1,ok,/xiangmu/data/VILMIL/features_biomedclip_5x/2482056-B9.h5,/xiangmu/data/VILMIL/features_biomedclip_20x/2482056-B9.h5,187,2621,7856.0,133367.0,5968.0,78486.0,125511.0,72518.0,7856.0,133911.0,5968.0,78486.0,126055.0,72518.0,1.0043342814574021,1.0
2482111-B2,4,1,ok,/xiangmu/data/VILMIL/features_biomedclip_5x/2482111-B2.h5,/xiangmu/data/VILMIL/features_biomedclip_20x/2482111-B2.h5,424,6180,7904.0,126241.0,0.0,86016.0,118337.0,86016.0,7904.0,130337.0,0.0,87040.0,122433.0,87040.0,1.0346130119911778,1.0119047619047619
2482461-B2,1,1,ok,/xiangmu/data/VILMIL/features_biomedclip_5x/2482461-B2.h5,/xiangmu/data/VILMIL/features_biomedclip_20x/2482461-B2.h5,266,3947,7728.0,124565.0,7424.0,65665.0,116837.0,58241.0,7728.0,136585.0,112.0,69761.0,128857.0,69649.0,1.1028783690098172,1.195875757627788
2482483-B2,2,1,ok,/xiangmu/data/VILMIL/features_biomedclip_5x/2482483-B2.h5,/xiangmu/data/VILMIL/features_biomedclip_20x/2482483-B2.h5,339,4942,15857.0,130744.0,0.0,77136.0,114887.0,77136.0,15857.0,134840.0,0.0,79184.0,118983.0,79184.0,1.0356524236858826,1.0265505081933208
2482607-B,4,1,ok,/xiangmu/data/VILMIL/features_biomedclip_5x/2482607-B.h5,/xiangmu/data/VILMIL/features_biomedclip_20x/2482607-B.h5,250,3517,7760.0,135504.0,7696.0,69830.0,127744.0,62134.0,7760.0,137552.0,8720.0,70160.0,129792.0,61440.0,1.0160320641282565,0.9888305919464383
2482883-B2,0,1,ok,/xiangmu/data/VILMIL/features_biomedclip_5x/2482883-B2.h5,/xiangmu/data/VILMIL/features_biomedclip_20x/2482883-B2.h5,390,5651,8096.0,177014.0,14288.0,68368.0,168918.0,54080.0,8096.0,180086.0,14288.0,70416.0,171990.0,56128.0,1.0181863389336838,1.0378698224852072
2482886-B2,4,1,ok,/xiangmu/data/VILMIL/features_biomedclip_5x/2482886-B2.h5,/xiangmu/data/VILMIL/features_biomedclip_20x/2482886-B2.h5,299,4097,9696.0,131516.0,6416.0,75224.0,121820.0,68808.0,9696.0,132540.0,6416.0,81368.0,122844.0,74952.0,1.0084058446888853,1.089291942797349
2482896-B2,0,1,ok,/xiangmu/data/VILMIL/features_biomedclip_5x/2482896-B2.h5,/xiangmu/data/VILMIL/features_biomedclip_20x/2482896-B2.h5,143,1878,8272.0,130952.0,3056.0,67719.0,122680.0,64663.0,8272.0,133786.0,3056.0,78472.0,125514.0,75416.0,1.0231007499184872,1.1662929341354407
2482947-B2,3,1,ok,/xiangmu/data/VILMIL/features_biomedclip_5x/2482947-B2.h5,/xiangmu/data/VILMIL/features_biomedclip_20x/2482947-B2.h5,148,2208,12561.0,113030.0,9216.0,51248.0,100469.0,42032.0,12561.0,114054.0,9216.0,52272.0,101493.0,43056.0,1.0101921985886193,1.0243623905595736
2482952-B2,2,1,ok,/xiangmu/data/VILMIL/features_biomedclip_5x/2482952-B2.h5,/xiangmu/data/VILMIL/features_biomedclip_20x/2482952-B2.h5,235,3325,14576.0,126736.0,2832.0,73777.0,112160.0,70945.0,14576.0,144144.0,2832.0,77873.0,129568.0,75041.0,1.155206847360913,1.0577348650362957
2482956-B,3,1,ok,/xiangmu/data/VILMIL/features_biomedclip_5x/2482956-B.h5,/xiangmu/data/VILMIL/features_biomedclip_20x/2482956-B.h5,100,1329,19681.0,149916.0,8336.0,60358.0,130235.0,52022.0,19681.0,150940.0,8336.0,62406.0,131259.0,54070.0,1.00786270971705,1.0393679597093537
2482957-B2,4,1,ok,/xiangmu/data/VILMIL/features_biomedclip_5x/2482957-B2.h5,/xiangmu/data/VILMIL/features_biomedclip_20x/2482957-B2.h5,143,2109,7808.0,102631.0,6720.0,56336.0,94823.0,49616.0,7808.0,106727.0,6720.0,60432.0,98919.0,53712.0,1.0431962709469222,1.0825540148339245
2482962-B2,1,1,ok,/xiangmu/data/VILMIL/features_biomedclip_5x/2482962-B2.h5,/xiangmu/data/VILMIL/features_biomedclip_20x/2482962-B2.h5,105,1333,49392.0,180832.0,5152.0,77975.0,131440.0,72823.0,45296.0,185952.0,5152.0,77975.0,140656.0,72823.0,1.0701156421180766,1.0
2482964-B2,4,1,ok,/xiangmu/data/VILMIL/features_biomedclip_5x/2482964-B2.h5,/xiangmu/data/VILMIL/features_biomedclip_20x/2482964-B2.h5,475,6988,41138.0,186362.0,0.0,81920.0,145224.0,81920.0,41138.0,186694.0,0.0,82944.0,145556.0,82944.0,1.0022861235057565,1.0125
2482969-B,0,1,ok,/xiangmu/data/VILMIL/features_biomedclip_5x/2482969-B.h5,/xiangmu/data/VILMIL/features_biomedclip_20x/2482969-B.h5,300,4318,15521.0,141658.0,5568.0,78104.0,126137.0,72536.0,15521.0,142682.0,5568.0,79873.0,127161.0,74305.0,1.0081181572417293,1.0243878901510974
2482992-B,3,1,ok,/xiangmu/data/VILMIL/features_biomedclip_5x/2482992-B.h5,/xiangmu/data/VILMIL/features_biomedclip_20x/2482992-B.h5,235,3302,16096.0,157844.0,10914.0,67627.0,141748.0,56713.0,16096.0,157844.0,112.0,68651.0,141748.0,68539.0,1.0,1.2085236189233508
2483014-B4,1,1,ok,/xiangmu/data/VILMIL/features_biomedclip_5x/2483014-B4.h5,/xiangmu/data/VILMIL/features_biomedclip_20x/2483014-B4.h5,281,3930,45795.0,162327.0,7568.0,80433.0,116532.0,72865.0,45795.0,164375.0,7568.0,81457.0,118580.0,73889.0,1.0175745717914393,1.014053386399506
2483055-B2,2,1,ok,/xiangmu/data/VILMIL/features_biomedclip_5x/2483055-B2.h5,/xiangmu/data/VILMIL/features_biomedclip_20x/2483055-B2.h5,270,3762,31457.0,164790.0,3040.0,71536.0,133333.0,68496.0,31457.0,165814.0,3040.0,76656.0,134357.0,73616.0,1.007680019200048,1.0747488904461575
2483073-B3,1,1,ok,/xiangmu/data/VILMIL/features_biomedclip_5x/2483073-B3.h5,/xiangmu/data/VILMIL/features_biomedclip_20x/2483073-B3.h5,231,3203,7872.0,127169.0,128.0,70232.0,119297.0,70104.0,7872.0,131697.0,128.0,70897.0,123825.0,70769.0,1.0379556904197087,1.0094859066529727
2483211-B2,0,1,ok,/xiangmu/data/VILMIL/features_biomedclip_5x/2483211-B2.h5,/xiangmu/data/VILMIL/features_biomedclip_20x/2483211-B2.h5,288,4031,11344.0,128672.0,1520.0,80336.0,117328.0,78816.0,11344.0,132912.0,1520.0,81747.0,121568.0,80227.0,1.0361380062730123,1.0179024563540398
2483215-B5,1,1,ok,/xiangmu/data/VILMIL/features_biomedclip_5x/2483215-B5.h5,/xiangmu/data/VILMIL/features_biomedclip_20x/2483215-B5.h5,228,3269,8160.0,122855.0,6384.0,80596.0,114695.0,74212.0,8160.0,127975.0,6384.0,84692.0,119815.0,78308.0,1.0446401325253933,1.0551932302053577
2483215-B6,4,1,ok,/xiangmu/data/VILMIL/features_biomedclip_5x/2483215-B6.h5,/xiangmu/data/VILMIL/features_biomedclip_20x/2483215-B6.h5,315,4686,7856.0,147073.0,6545.0,76641.0,139217.0,70096.0,7856.0,150145.0,6545.0,80737.0,142289.0,74192.0,1.0220662706422348,1.058434147454919
2483220-B1,1,1,ok,/xiangmu/data/VILMIL/features_biomedclip_5x/2483220-B1.h5,/xiangmu/data/VILMIL/features_biomedclip_20x/2483220-B1.h5,286,3900,7824.0,147320.0,4880.0,74116.0,139496.0,69236.0,7824.0,148344.0,4880.0,79236.0,140520.0,74356.0,1.0073407122784883,1.073949968224623
2483363-B3,3,1,ok,/xiangmu/data/VILMIL/features_biomedclip_5x/2483363-B3.h5,/xiangmu/data/VILMIL/features_biomedclip_20x/2483363-B3.h5,349,5012,7920.0,142438.0,4448.0,75507.0,134518.0,71059.0,7920.0,143462.0,4448.0,77555.0,135542.0,73107.0,1.0076123641445756,1.0288211204773499
2483768-B4,4,1,ok,/xiangmu/data/VILMIL/features_biomedclip_5x/2483768-B4.h5,/xiangmu/data/VILMIL/features_biomedclip_20x/2483768-B4.h5,148,1903,8224.0,111697.0,6608.0,58128.0,103473.0,51520.0,8224.0,114769.0,6608.0,59152.0,106545.0,52544.0,1.02968890435186,1.0198757763975155
2483846-B,0,1,ok,/xiangmu/data/VILMIL/features_biomedclip_5x/2483846-B.h5,/xiangmu/data/VILMIL/features_biomedclip_20x/2483846-B.h5,194,2766,7664.0,130128.0,272.0,65131.0,122464.0,64859.0,7664.0,132176.0,272.0,65131.0,124512.0,64859.0,1.0167232819440815,1.0
2483850-B2,0,1,ok,/xiangmu/data/VILMIL/features_biomedclip_5x/2483850-B2.h5,/xiangmu/data/VILMIL/features_biomedclip_20x/2483850-B2.h5,163,2419,7793.0,90584.0,5136.0,84513.0,82791.0,79377.0,7793.0,92632.0,5136.0,85537.0,84839.0,80401.0,1.0247369883199864,1.0129004623505549
2483862-B2,3,1,ok,/xiangmu/data/VILMIL/features_biomedclip_5x/2483862-B2.h5,/xiangmu/data/VILMIL/features_biomedclip_20x/2483862-B2.h5,198,2674,8032.0,108850.0,6608.0,80129.0,100818.0,73521.0,8032.0,111922.0,6608.0,82177.0,103890.0,75569.0,1.0304707492709635,1.0278559867248813
2483868-B4,1,1,ok,/xiangmu/data/VILMIL/features_biomedclip_5x/2483868-B4.h5,/xiangmu/data/VILMIL/features_biomedclip_20x/2483868-B4.h5,244,3630,7824.0,115124.0,6528.0,72064.0,107300.0,65536.0,7824.0,117172.0,6528.0,76160.0,109348.0,69632.0,1.0190866728797763,1.0625
2483961-B3,0,1,ok,/xiangmu/data/VILMIL/features_biomedclip_5x/2483961-B3.h5,/xiangmu/data/VILMIL/features_biomedclip_20x/2483961-B3.h5,190,2652,8432.0,106291.0,6720.0,63697.0,97859.0,56977.0,8432.0,110387.0,6720.0,65745.0,101955.0,59025.0,1.041856139956468,1.0359443284132193
2483973-B1,1,1,ok,/xiangmu/data/VILMIL/features_biomedclip_5x/2483973-B1.h5,/xiangmu/data/VILMIL/features_biomedclip_20x/2483973-B1.h5,300,4402,7888.0,141198.0,784.0,73456.0,133310.0,72672.0,7888.0,142222.0,784.0,74480.0,134334.0,73696.0,1.0076813442352412,1.0140907089387934
2483993-B2,0,1,ok,/xiangmu/data/VILMIL/features_biomedclip_5x/2483993-B2.h5,/xiangmu/data/VILMIL/features_biomedclip_20x/2483993-B2.h5,228,3420,18337.0,79777.0,6192.0,85322.0,61440.0,79130.0,18337.0,83873.0,6192.0,87370.0,65536.0,81178.0,1.0666666666666667,1.0258814608871478
2484004-B2,1,1,ok,/xiangmu/data/VILMIL/features_biomedclip_5x/2484004-B2.h5,/xiangmu/data/VILMIL/features_biomedclip_20x/2484004-B2.h5,309,4442,8352.0,123742.0,3488.0,81616.0,115390.0,78128.0,8352.0,125790.0,3488.0,83744.0,117438.0,80256.0,1.0177485050697634,1.027237354085603
2484209-B2,3,1,ok,/xiangmu/data/VILMIL/features_biomedclip_5x/2484209-B2.h5,/xiangmu/data/VILMIL/features_biomedclip_20x/2484209-B2.h5,393,5862,9216.0,142874.0,80.0,69216.0,133658.0,69136.0,9216.0,144918.0,80.0,71264.0,135702.0,71184.0,1.0152927621242276,1.0296227725063642
2484220-B3,3,1,ok,/xiangmu/data/VILMIL/features_biomedclip_5x/2484220-B3.h5,/xiangmu/data/VILMIL/features_biomedclip_20x/2484220-B3.h5,378,5652,7776.0,127475.0,8977.0,81313.0,119699.0,72336.0,7776.0,128499.0,8977.0,84385.0,120723.0,75408.0,1.008554791602269,1.0424684804246849
2484228-B,3,1,ok,/xiangmu/data/VILMIL/features_biomedclip_5x/2484228-B.h5,/xiangmu/data/VILMIL/features_biomedclip_20x/2484228-B.h5,467,6897,7664.0,138149.0,0.0,86016.0,130485.0,86016.0,7664.0,139173.0,0.0,87040.0,131509.0,87040.0,1.0078476453232172,1.0119047619047619
2484301-B2,3,1,ok,/xiangmu/data/VILMIL/features_biomedclip_5x/2484301-B2.h5,/xiangmu/data/VILMIL/features_biomedclip_20x/2484301-B2.h5,254,3770,7792.0,103268.0,6720.0,84177.0,95476.0,77457.0,7792.0,107364.0,6720.0,85201.0,99572.0,78481.0,1.042900833717374,1.0132202383257807
2484312-B2,2,1,ok,/xiangmu/data/VILMIL/features_biomedclip_5x/2484312-B2.h5,/xiangmu/data/VILMIL/features_biomedclip_20x/2484312-B2.h5,305,4562,7760.0,143955.0,6528.0,74000.0,136195.0,67472.0,7760.0,147027.0,6528.0,77072.0,139267.0,70544.0,1.022555894122398,1.0455299976286458
2484463-B2,3,1,ok,/xiangmu/data/VILMIL/features_biomedclip_5x/2484463-B2.h5,/xiangmu/data/VILMIL/features_biomedclip_20x/2484463-B2.h5,219,3250,7760.0,135122.0,9648.0,60913.0,127362.0,51265.0,7760.0,136146.0,9648.0,62961.0,128386.0,53313.0,1.00804007474757,1.039949283136643
2484633-B2,2,1,ok,/xiangmu/data/VILMIL/features_biomedclip_5x/2484633-B2.h5,/xiangmu/data/VILMIL/features_biomedclip_20x/2484633-B2.h5,153,2125,7808.0,120759.0,6545.0,52977.0,112951.0,46432.0,7808.0,126824.0,6545.0,54001.0,119016.0,47456.0,1.053695850413011,1.022053756030324
2484660-B2,1,1,ok,/xiangmu/data/VILMIL/features_biomedclip_5x/2484660-B2.h5,/xiangmu/data/VILMIL/features_biomedclip_20x/2484660-B2.h5,201,2946,8896.0,110897.0,6624.0,66656.0,102001.0,60032.0,8896.0,114993.0,6624.0,68704.0,106097.0,62080.0,1.0401564690542249,1.0341151385927505
2484727-B2,0,1,ok,/xiangmu/data/VILMIL/features_biomedclip_5x/2484727-B2.h5,/xiangmu/data/VILMIL/features_biomedclip_20x/2484727-B2.h5,145,2090,7616.0,109109.0,6481.0,55138.0,101493.0,48657.0,7616.0,112181.0,6481.0,55138.0,104565.0,48657.0,1.0302680973072034,1.0
2484734-B4,1,1,ok,/xiangmu/data/VILMIL/features_biomedclip_5x/2484734-B4.h5,/xiangmu/data/VILMIL/features_biomedclip_20x/2484734-B4.h5,190,2582,8256.0,151226.0,5952.0,74280.0,142970.0,68328.0,8256.0,155290.0,5952.0,74280.0,147034.0,68328.0,1.028425543820382,1.0
2484734-B5,2,1,ok,/xiangmu/data/VILMIL/features_biomedclip_5x/2484734-B5.h5,/xiangmu/data/VILMIL/features_biomedclip_20x/2484734-B5.h5,97,1369,7952.0,87106.0,6529.0,51090.0,79154.0,44561.0,7952.0,88130.0,6529.0,52114.0,80178.0,45585.0,1.0129368067311824,1.0229797356432755
2484743-B4,2,1,ok,/xiangmu/data/VILMIL/features_biomedclip_5x/2484743-B4.h5,/xiangmu/data/VILMIL/features_biomedclip_20x/2484743-B4.h5,120,1729,8064.0,112866.0,10594.0,58882.0,104802.0,48288.0,8064.0,115938.0,10594.0,59906.0,107874.0,49312.0,1.0293124177019521,1.0212060967528165
2484771-B3,0,1,ok,/xiangmu/data/VILMIL/features_biomedclip_5x/2484771-B3.h5,/xiangmu/data/VILMIL/features_biomedclip_20x/2484771-B3.h5,95,1210,10545.0,97658.0,6704.0,56132.0,87113.0,49428.0,10545.0,104394.0,6704.0,62276.0,93849.0,55572.0,1.0773248539253613,1.1243020150521972
2484791-B2,3,1,ok,/xiangmu/data/VILMIL/features_biomedclip_5x/2484791-B2.h5,/xiangmu/data/VILMIL/features_biomedclip_20x/2484791-B2.h5,206,2771,9632.0,124646.0,6624.0,76256.0,115014.0,69632.0,9632.0,124646.0,6624.0,78033.0,115014.0,71409.0,1.0,1.0255198759191178
2484791-B3,0,1,ok,/xiangmu/data/VILMIL/features_biomedclip_5x/2484791-B3.h5,/xiangmu/data/VILMIL/features_biomedclip_20x/2484791-B3.h5,79,1067,7697.0,68903.0,6864.0,42768.0,61206.0,35904.0,7697.0,72999.0,6864.0,44816.0,65302.0,37952.0,1.0669215436395125,1.0570409982174689
2484862-B3,2,1,ok,/xiangmu/data/VILMIL/features_biomedclip_5x/2484862-B3.h5,/xiangmu/data/VILMIL/features_biomedclip_20x/2484862-B3.h5,236,3317,9408.0,155777.0,816.0,69467.0,146369.0,68651.0,9408.0,155777.0,816.0,73563.0,146369.0,72747.0,1.0,1.0596640981194738
2484883-B2,3,1,ok,/xiangmu/data/VILMIL/features_biomedclip_5x/2484883-B2.h5,/xiangmu/data/VILMIL/features_biomedclip_20x/2484883-B2.h5,258,3583,8000.0,123587.0,1968.0,72256.0,115587.0,70288.0,8000.0,123907.0,1968.0,75697.0,115907.0,73729.0,1.0027684774239318,1.0489557250170727
2485059-B2,3,1,ok,/xiangmu/data/VILMIL/features_biomedclip_5x/2485059-B2.h5,/xiangmu/data/VILMIL/features_biomedclip_20x/2485059-B2.h5,265,3915,7808.0,135441.0,5856.0,59409.0,127633.0,53553.0,7808.0,139537.0,5856.0,62481.0,131729.0,56625.0,1.0320920138208771,1.0573637331241947
2485164-B2,1,1,ok,/xiangmu/data/VILMIL/features_biomedclip_5x/2485164-B2.h5,/xiangmu/data/VILMIL/features_biomedclip_20x/2485164-B2.h5,146,2004,9425.0,118315.0,7584.0,50992.0,108890.0,43408.0,9425.0,127357.0,7584.0,54064.0,117932.0,46480.0,1.0830379281844063,1.070770364909694
2485259-B6,4,1,ok,/xiangmu/data/VILMIL/features_biomedclip_5x/2485259-B6.h5,/xiangmu/data/VILMIL/features_biomedclip_20x/2485259-B6.h5,174,2328,7824.0,101543.0,7040.0,76672.0,93719.0,69632.0,7696.0,105639.0,7040.0,77696.0,97943.0,70656.0,1.045070903445406,1.0147058823529411
2485275-B2,0,1,ok,/xiangmu/data/VILMIL/features_biomedclip_5x/2485275-B2.h5,/xiangmu/data/VILMIL/features_biomedclip_20x/2485275-B2.h5,320,4591,11296.0,165751.0,2576.0,75163.0,154455.0,72587.0,11296.0,166775.0,2576.0,76187.0,155479.0,73611.0,1.006629762714059,1.0141072092798986
2485276-B3,4,1,ok,/xiangmu/data/VILMIL/features_biomedclip_5x/2485276-B3.h5,/xiangmu/data/VILMIL/features_biomedclip_20x/2485276-B3.h5,147,1711,13697.0,125564.0,80.0,71525.0,111867.0,71445.0,13697.0,126588.0,80.0,71525.0,112891.0,71445.0,1.0091537271939,1.0
2485303-B2,2,1,ok,/xiangmu/data/VILMIL/features_biomedclip_5x/2485303-B2.h5,/xiangmu/data/VILMIL/features_biomedclip_20x/2485303-B2.h5,247,3388,7776.0,138210.0,6689.0,55953.0,130434.0,49264.0,7776.0,142306.0,6689.0,59937.0,134530.0,53248.0,1.0314028550837973,1.0808704124715818
2485318-B2,1,1,ok,/xiangmu/data/VILMIL/features_biomedclip_5x/2485318-B2.h5,/xiangmu/data/VILMIL/features_biomedclip_20x/2485318-B2.h5,116,1626,10080.0,91445.0,15952.0,66512.0,81365.0,50560.0,10080.0,92469.0,15952.0,68144.0,82389.0,52192.0,1.012585263934124,1.0322784810126582
2485322-B2,1,1,ok,/xiangmu/data/VILMIL/features_biomedclip_5x/2485322-B2.h5,/xiangmu/data/VILMIL/features_biomedclip_20x/2485322-B2.h5,95,1214,7889.0,91674.0,6848.0,56352.0,83785.0,49504.0,7889.0,94746.0,6848.0,59424.0,86857.0,52576.0,1.0366652742137614,1.0620555914673562
2485328-B2,1,1,ok,/xiangmu/data/VILMIL/features_biomedclip_5x/2485328-B2.h5,/xiangmu/data/VILMIL/features_biomedclip_20x/2485328-B2.h5,191,2630,7920.0,131856.0,6736.0,75528.0,123936.0,68792.0,7920.0,133904.0,6736.0,78600.0,125984.0,71864.0,1.016524657887942,1.0446563553901616
2485473-B2,2,1,ok,/xiangmu/data/VILMIL/features_biomedclip_5x/2485473-B2.h5,/xiangmu/data/VILMIL/features_biomedclip_20x/2485473-B2.h5,263,3743,7984.0,121431.0,7728.0,66465.0,113447.0,58737.0,7984.0,124503.0,7728.0,70561.0,116519.0,62833.0,1.0270787239856496,1.0697345795665423
2485517-B2,1,1,ok,/xiangmu/data/VILMIL/features_biomedclip_5x/2485517-B2.h5,/xiangmu/data/VILMIL/features_biomedclip_20x/2485517-B2.h5,84,1068,11824.0,98564.0,12082.0,46261.0,86740.0,34179.0,11824.0,99588.0,9666.0,50357.0,87764.0,40691.0,1.0118053954346322,1.1905263465870857
2485536-B2,1,1,ok,/xiangmu/data/VILMIL/features_biomedclip_5x/2485536-B2.h5,/xiangmu/data/VILMIL/features_biomedclip_20x/2485536-B2.h5,192,2655,8512.0,125974.0,6784.0,65992.0,117462.0,59208.0,8512.0,142713.0,640.0,70457.0,134201.0,69817.0,1.1425056614053908,1.1791818673152277
2485632-B,0,1,ok,/xiangmu/data/VILMIL/features_biomedclip_5x/2485632-B.h5,/xiangmu/data/VILMIL/features_biomedclip_20x/2485632-B.h5,148,2029,9024.0,94500.0,8881.0,66001.0,85476.0,57120.0,9024.0,98596.0,8881.0,69073.0,89572.0,60192.0,1.0479198839440311,1.053781512605042
2485635-B2,3,1,ok,/xiangmu/data/VILMIL/features_biomedclip_5x/2485635-B2.h5,/xiangmu/data/VILMIL/features_biomedclip_20x/2485635-B2.h5,253,3774,7824.0,120440.0,7569.0,72001.0,112616.0,64432.0,7824.0,124536.0,7569.0,73025.0,116712.0,65456.0,1.0363713859487107,1.0158927241122424
2485803-B2,3,1,ok,/xiangmu/data/VILMIL/features_biomedclip_5x/2485803-B2.h5,/xiangmu/data/VILMIL/features_biomedclip_20x/2485803-B2.h5,519,7752,7968.0,153422.0,0.0,81920.0,145454.0,81920.0,7968.0,158542.0,0.0,84992.0,150574.0,84992.0,1.035200132000495,1.0375
2485805-B,1,1,ok,/xiangmu/data/VILMIL/features_biomedclip_5x/2485805-B.h5,/xiangmu/data/VILMIL/features_biomedclip_20x/2485805-B.h5,362,5106,14000.0,156305.0,1200.0,79024.0,142305.0,77824.0,12992.0,157329.0,1200.0,80080.0,144337.0,78880.0,1.014279189065739,1.0135690789473684
2485969-B2,0,1,ok,/xiangmu/data/VILMIL/features_biomedclip_5x/2485969-B2.h5,/xiangmu/data/VILMIL/features_biomedclip_20x/2485969-B2.h5,403,5798,15744.0,169633.0,3360.0,78761.0,153889.0,75401.0,15744.0,172705.0,192.0,78761.0,156961.0,78569.0,1.0199624404603318,1.0420153578865001
2486100-B,4,1,ok,/xiangmu/data/VILMIL/features_biomedclip_5x/2486100-B.h5,/xiangmu/data/VILMIL/features_biomedclip_20x/2486100-B.h5,280,4110,7744.0,127552.0,6976.0,70928.0,119808.0,63952.0,7744.0,129600.0,6976.0,74000.0,121856.0,67024.0,1.017094017094017,1.048036027020265
2486102-B2,3,1,ok,/xiangmu/data/VILMIL/features_biomedclip_5x/2486102-B2.h5,/xiangmu/data/VILMIL/features_biomedclip_20x/2486102-B2.h5,77,984,8784.0,109395.0,7264.0,57570.0,100611.0,50306.0,8784.0,112467.0,7264.0,61666.0,103683.0,54402.0,1.0305334406774607,1.0814216992008905
2486104-B1,1,1,ok,/xiangmu/data/VILMIL/features_biomedclip_5x/2486104-B1.h5,/xiangmu/data/VILMIL/features_biomedclip_20x/2486104-B1.h5,111,1420,13697.0,117995.0,12064.0,55216.0,104298.0,43152.0,9200.0,122091.0,9344.0,59312.0,112891.0,49968.0,1.0823889240445645,1.1579532814238043
2486104-B2,4,1,ok,/xiangmu/data/VILMIL/features_biomedclip_5x/2486104-B2.h5,/xiangmu/data/VILMIL/features_biomedclip_20x/2486104-B2.h5,111,1527,11921.0,123128.0,13969.0,46737.0,111207.0,32768.0,8256.0,129272.0,13969.0,50561.0,121016.0,36592.0,1.0882048791892596,1.11669921875
2486165-B2,4,1,ok,/xiangmu/data/VILMIL/features_biomedclip_5x/2486165-B2.h5,/xiangmu/data/VILMIL/features_biomedclip_20x/2486165-B2.h5,247,3554,12801.0,130023.0,7121.0,56273.0,117222.0,49152.0,12801.0,133095.0,7121.0,60395.0,120294.0,53274.0,1.026206684752009,1.0838623046875
2486191-B,1,1,ok,/xiangmu/data/VILMIL/features_biomedclip_5x/2486191-B.h5,/xiangmu/data/VILMIL/features_biomedclip_20x/2486191-B.h5,252,3667,7696.0,131921.0,19329.0,69409.0,124225.0,50080.0,7696.0,139089.0,19329.0,71457.0,131393.0,52128.0,1.0577017508553028,1.040894568690096
2486197-B2,3,1,ok,/xiangmu/data/VILMIL/features_biomedclip_5x/2486197-B2.h5,/xiangmu/data/VILMIL/features_biomedclip_20x/2486197-B2.h5,256,3655,15568.0,110512.0,6096.0,81296.0,94944.0,75200.0,15568.0,113584.0,6096.0,85392.0,98016.0,79296.0,1.0323559150657229,1.054468085106383
2486262-B4,4,1,ok,/xiangmu/data/VILMIL/features_biomedclip_5x/2486262-B4.h5,/xiangmu/data/VILMIL/features_biomedclip_20x/2486262-B4.h5,141,2018,9169.0,102376.0,8800.0,55857.0,93207.0,47057.0,9169.0,107496.0,8800.0,56881.0,98327.0,48081.0,1.0549314965614172,1.0217608432326752
2486653-B2,2,1,ok,/xiangmu/data/VILMIL/features_biomedclip_5x/2486653-B2.h5,/xiangmu/data/VILMIL/features_biomedclip_20x/2486653-B2.h5,244,3569,7824.0,106295.0,4496.0,74449.0,98471.0,69953.0,7824.0,110391.0,4496.0,76497.0,102567.0,72001.0,1.0415960028840978,1.029276800137235
2486653-B3,4,1,ok,/xiangmu/data/VILMIL/features_biomedclip_5x/2486653-B3.h5,/xiangmu/data/VILMIL/features_biomedclip_20x/2486653-B3.h5,318,4719,8960.0,115971.0,0.0,80185.0,107011.0,80185.0,8960.0,116995.0,0.0,80185.0,108035.0,80185.0,1.0095691097176926,1.0
2486687-B3,0,1,ok,/xiangmu/data/VILMIL/features_biomedclip_5x/2486687-B3.h5,/xiangmu/data/VILMIL/features_biomedclip_20x/2486687-B3.h5,211,3060,10641.0,112343.0,8368.0,69808.0,101702.0,61440.0,10641.0,114391.0,8368.0,70832.0,103750.0,62464.0,1.020137263770624,1.0166666666666666
2486812-B2,2,1,ok,/xiangmu/data/VILMIL/features_biomedclip_5x/2486812-B2.h5,/xiangmu/data/VILMIL/features_biomedclip_20x/2486812-B2.h5,294,4161,11601.0,131033.0,7329.0,75321.0,119432.0,67992.0,11601.0,132057.0,7329.0,81465.0,120456.0,74136.0,1.0085739165382812,1.090363572184963
2486813-B2,2,1,ok,/xiangmu/data/VILMIL/features_biomedclip_5x/2486813-B2.h5,/xiangmu/data/VILMIL/features_biomedclip_20x/2486813-B2.h5,108,1446,7712.0,94545.0,6624.0,49476.0,86833.0,42852.0,7712.0,97617.0,6624.0,51524.0,89905.0,44900.0,1.035378254810959,1.0477924017548772
2486833-B2,0,1,ok,/xiangmu/data/VILMIL/features_biomedclip_5x/2486833-B2.h5,/xiangmu/data/VILMIL/features_biomedclip_20x/2486833-B2.h5,154,2205,8112.0,95268.0,12976.0,59072.0,87156.0,46096.0,8112.0,97316.0,12976.0,63168.0,89204.0,50192.0,1.023498095369223,1.0888580354043735
2486845-B2,2,1,ok,/xiangmu/data/VILMIL/features_biomedclip_5x/2486845-B2.h5,/xiangmu/data/VILMIL/features_biomedclip_20x/2486845-B2.h5,154,2100,7920.0,111096.0,9936.0,73860.0,103176.0,63924.0,7920.0,112120.0,10656.0,74884.0,104200.0,64228.0,1.009924788710553,1.0047556473312058
2486859-B2,4,1,ok,/xiangmu/data/VILMIL/features_biomedclip_5x/2486859-B2.h5,/xiangmu/data/VILMIL/features_biomedclip_20x/2486859-B2.h5,60,944,103722.0,141356.0,8593.0,70217.0,37634.0,61624.0,46324.0,145452.0,7601.0,70217.0,99128.0,62616.0,2.634001169155551,1.01609762430222
2487043-B,3,1,ok,/xiangmu/data/VILMIL/features_biomedclip_5x/2487043-B.h5,/xiangmu/data/VILMIL/features_biomedclip_20x/2487043-B.h5,106,1513,18512.0,133860.0,14786.0,61562.0,115348.0,46776.0,19536.0,148135.0,5585.0,78204.0,128599.0,72619.0,1.1148784547629782,1.5524841799213271
2487053-B2,0,1,ok,/xiangmu/data/VILMIL/features_biomedclip_5x/2487053-B2.h5,/xiangmu/data/VILMIL/features_biomedclip_20x/2487053-B2.h5,202,2933,7792.0,113861.0,2672.0,72304.0,106069.0,69632.0,7792.0,114885.0,2672.0,75376.0,107093.0,72704.0,1.0096540930903468,1.0441176470588236
2487063-B2,4,1,ok,/xiangmu/data/VILMIL/features_biomedclip_5x/2487063-B2.h5,/xiangmu/data/VILMIL/features_biomedclip_20x/2487063-B2.h5,121,1409,7856.0,122277.0,6208.0,78322.0,114421.0,72114.0,7856.0,122277.0,6208.0,78322.0,114421.0,72114.0,1.0,1.0
2487140-B2,0,1,ok,/xiangmu/data/VILMIL/features_biomedclip_5x/2487140-B2.h5,/xiangmu/data/VILMIL/features_biomedclip_20x/2487140-B2.h5,140,1907,16737.0,131548.0,6160.0,78757.0,114811.0,72597.0,16737.0,132572.0,6160.0,79781.0,115835.0,73621.0,1.008919006018587,1.014105266057826
2487143-B,3,1,ok,/xiangmu/data/VILMIL/features_biomedclip_5x/2487143-B.h5,/xiangmu/data/VILMIL/features_biomedclip_20x/2487143-B.h5,204,2900,9664.0,121924.0,8257.0,67521.0,112260.0,59264.0,9664.0,122948.0,8257.0,68545.0,113284.0,60288.0,1.0091216818100837,1.0172786177105833
2487146-B2,0,1,ok,/xiangmu/data/VILMIL/features_biomedclip_5x/2487146-B2.h5,/xiangmu/data/VILMIL/features_biomedclip_20x/2487146-B2.h5,156,2196,11376.0,115112.0,9344.0,64609.0,103736.0,55265.0,11376.0,115112.0,9344.0,64609.0,103736.0,55265.0,1.0,1.0
2487237-B2,0,1,ok,/xiangmu/data/VILMIL/features_biomedclip_5x/2487237-B2.h5,/xiangmu/data/VILMIL/features_biomedclip_20x/2487237-B2.h5,191,2685,9568.0,115012.0,4848.0,67319.0,105444.0,62471.0,9568.0,119108.0,4848.0,69985.0,109540.0,65137.0,1.0388452638367285,1.0426758015719293
2487246-B2,2,1,ok,/xiangmu/data/VILMIL/features_biomedclip_5x/2487246-B2.h5,/xiangmu/data/VILMIL/features_biomedclip_20x/2487246-B2.h5,90,1227,8432.0,95800.0,7664.0,61476.0,87368.0,53812.0,8432.0,97848.0,8688.0,63524.0,89416.0,54836.0,1.0234410768244666,1.0190292128149856
2487274-B2,0,1,ok,/xiangmu/data/VILMIL/features_biomedclip_5x/2487274-B2.h5,/xiangmu/data/VILMIL/features_biomedclip_20x/2487274-B2.h5,197,2764,7920.0,94518.0,6480.0,69248.0,86598.0,62768.0,7920.0,97590.0,6480.0,71296.0,89670.0,64816.0,1.0354742603755283,1.0326280907468774
2487376-B2,0,1,ok,/xiangmu/data/VILMIL/features_biomedclip_5x/2487376-B2.h5,/xiangmu/data/VILMIL/features_biomedclip_20x/2487376-B2.h5,344,5115,7488.0,126737.0,6784.0,73296.0,119249.0,66512.0,8512.0,129809.0,6784.0,75344.0,121297.0,68560.0,1.0171741482108865,1.0307914361318258
2487388-B2,2,1,ok,/xiangmu/data/VILMIL/features_biomedclip_5x/2487388-B2.h5,/xiangmu/data/VILMIL/features_biomedclip_20x/2487388-B2.h5,239,3526,7792.0,114845.0,6752.0,72465.0,107053.0,65713.0,7792.0,118941.0,6752.0,75537.0,111149.0,68785.0,1.0382614219125106,1.0467487407362317
2487518-B,4,1,ok,/xiangmu/data/VILMIL/features_biomedclip_5x/2487518-B.h5,/xiangmu/data/VILMIL/features_biomedclip_20x/2487518-B.h5,89,1281,7968.0,90336.0,6417.0,43250.0,82368.0,36833.0,7968.0,93408.0,6417.0,45298.0,85440.0,38881.0,1.0372960372960374,1.0556023131431054
2487558-B2,0,1,ok,/xiangmu/data/VILMIL/features_biomedclip_5x/2487558-B2.h5,/xiangmu/data/VILMIL/features_biomedclip_20x/2487558-B2.h5,137,1895,7776.0,92818.0,6480.0,61488.0,85042.0,55008.0,7776.0,96914.0,6480.0,65584.0,89138.0,59104.0,1.0481644363961338,1.0744618964514252
2487567-B2,2,1,ok,/xiangmu/data/VILMIL/features_biomedclip_5x/2487567-B2.h5,/xiangmu/data/VILMIL/features_biomedclip_20x/2487567-B2.h5,103,1480,8000.0,79953.0,7184.0,46416.0,71953.0,39232.0,8000.0,84049.0,7184.0,50512.0,76049.0,43328.0,1.0569260489486192,1.1044045676998369
2487651-B,3,1,ok,/xiangmu/data/VILMIL/features_biomedclip_5x/2487651-B.h5,/xiangmu/data/VILMIL/features_biomedclip_20x/2487651-B.h5,160,2295,8032.0,108371.0,6512.0,53024.0,100339.0,46512.0,8032.0,110419.0,6512.0,57120.0,102387.0,50608.0,1.0204108073630394,1.088063295493636
2487656-B4,1,1,ok,/xiangmu/data/VILMIL/features_biomedclip_5x/2487656-B4.h5,/xiangmu/data/VILMIL/features_biomedclip_20x/2487656-B4.h5,196,2661,7696.0,147296.0,3200.0,58288.0,139600.0,55088.0,7696.0,147296.0,3200.0,58288.0,139600.0,55088.0,1.0,1.0
2487664-B2,3,1,ok,/xiangmu/data/VILMIL/features_biomedclip_5x/2487664-B2.h5,/xiangmu/data/VILMIL/features_biomedclip_20x/2487664-B2.h5,126,1748,7696.0,125649.0,5280.0,74172.0,117953.0,68892.0,7696.0,126673.0,5280.0,78268.0,118977.0,72988.0,1.008681423957,1.0594553794344772
2487896-B2,3,1,ok,/xiangmu/data/VILMIL/features_biomedclip_5x/2487896-B2.h5,/xiangmu/data/VILMIL/features_biomedclip_20x/2487896-B2.h5,198,2495,7776.0,122262.0,5584.0,78266.0,114486.0,72682.0,7776.0,122262.0,5584.0,78266.0,114486.0,72682.0,1.0,1.0
2487935-B2,4,1,ok,/xiangmu/data/VILMIL/features_biomedclip_5x/2487935-B2.h5,/xiangmu/data/VILMIL/features_biomedclip_20x/2487935-B2.h5,236,3434,9632.0,110725.0,6928.0,78625.0,101093.0,71697.0,9632.0,118712.0,3008.0,79649.0,109080.0,76641.0,1.0790064593987714,1.0689568601196702
2487941-B2,3,1,ok,/xiangmu/data/VILMIL/features_biomedclip_5x/2487941-B2.h5,/xiangmu/data/VILMIL/features_biomedclip_20x/2487941-B2.h5,126,1654,10753.0,84280.0,10065.0,75697.0,73527.0,65632.0,10753.0,86328.0,10065.0,76625.0,75575.0,66560.0,1.0278537136018062,1.0141394441735738
2488039-B2,0,1,ok,/xiangmu/data/VILMIL/features_biomedclip_5x/2488039-B2.h5,/xiangmu/data/VILMIL/features_biomedclip_20x/2488039-B2.h5,232,3196,8384.0,137353.0,272.0,68960.0,128969.0,68688.0,8384.0,140425.0,272.0,70567.0,132041.0,70295.0,1.023819677596942,1.0233956440717447
2488040-B,1,1,ok,/xiangmu/data/VILMIL/features_biomedclip_5x/2488040-B.h5,/xiangmu/data/VILMIL/features_biomedclip_20x/2488040-B.h5,255,3714,7792.0,125590.0,6752.0,74753.0,117798.0,68001.0,7792.0,126614.0,6752.0,75777.0,118822.0,69025.0,1.0086928470771999,1.0150586020793813
2488044-B2,3,1,ok,/xiangmu/data/VILMIL/features_biomedclip_5x/2488044-B2.h5,/xiangmu/data/VILMIL/features_biomedclip_20x/2488044-B2.h5,298,4181,8064.0,139491.0,5232.0,79143.0,131427.0,73911.0,8064.0,143587.0,5232.0,79143.0,135523.0,73911.0,1.031165590023359,1.0
2488044-B3,4,1,ok,/xiangmu/data/VILMIL/features_biomedclip_5x/2488044-B3.h5,/xiangmu/data/VILMIL/features_biomedclip_20x/2488044-B3.h5,283,3998,9056.0,135058.0,3088.0,78617.0,126002.0,75529.0,9056.0,138978.0,3088.0,81689.0,129922.0,78601.0,1.031110617291789,1.040673118934449
2488050-B3,0,1,ok,/xiangmu/data/VILMIL/features_biomedclip_5x/2488050-B3.h5,/xiangmu/data/VILMIL/features_biomedclip_20x/2488050-B3.h5,243,3528,7984.0,122832.0,6304.0,74264.0,114848.0,67960.0,7984.0,126928.0,6304.0,78360.0,118944.0,72056.0,1.0356645305098913,1.0602707474985285
2488065-B3,4,1,ok,/xiangmu/data/VILMIL/features_biomedclip_5x/2488065-B3.h5,/xiangmu/data/VILMIL/features_biomedclip_20x/2488065-B3.h5,162,2276,7904.0,114036.0,9984.0,62353.0,106132.0,52369.0,7904.0,115060.0,9984.0,63377.0,107156.0,53393.0,1.0096483624166133,1.019553552674292
2488302-B2,2,1,ok,/xiangmu/data/VILMIL/features_biomedclip_5x/2488302-B2.h5,/xiangmu/data/VILMIL/features_biomedclip_20x/2488302-B2.h5,244,3415,9617.0,113101.0,8561.0,85642.0,103484.0,77081.0,9617.0,117197.0,8561.0,86666.0,107580.0,78105.0,1.0395809980286808,1.0132847264565847
2488320-B3,2,1,ok,/xiangmu/data/VILMIL/features_biomedclip_5x/2488320-B3.h5,/xiangmu/data/VILMIL/features_biomedclip_20x/2488320-B3.h5,121,1703,7904.0,97844.0,14579.0,51796.0,89940.0,37217.0,7904.0,106022.0,3424.0,53491.0,98118.0,50067.0,1.090927284856571,1.34527232178843
2488330-B2,0,1,ok,/xiangmu/data/VILMIL/features_biomedclip_5x/2488330-B2.h5,/xiangmu/data/VILMIL/features_biomedclip_20x/2488330-B2.h5,277,4011,7840.0,125187.0,176.0,70960.0,117347.0,70784.0,7840.0,126211.0,176.0,74032.0,118371.0,73856.0,1.0087262563167358,1.0433996383363473
2488335-B,2,1,ok,/xiangmu/data/VILMIL/features_biomedclip_5x/2488335-B.h5,/xiangmu/data/VILMIL/features_biomedclip_20x/2488335-B.h5,355,5092,18400.0,169029.0,2704.0,78970.0,150629.0,76266.0,18400.0,169509.0,2704.0,79547.0,151109.0,76843.0,1.0031866373673064,1.00756562557365
2488344-B2,4,1,ok,/xiangmu/data/VILMIL/features_biomedclip_5x/2488344-B2.h5,/xiangmu/data/VILMIL/features_biomedclip_20x/2488344-B2.h5,143,2098,7888.0,100018.0,6257.0,54849.0,92130.0,48592.0,7888.0,104114.0,6257.0,56897.0,96226.0,50640.0,1.0444589167480733,1.0421468554494566
2488369-B2,4,1,ok,/xiangmu/data/VILMIL/features_biomedclip_5x/2488369-B2.h5,/xiangmu/data/VILMIL/features_biomedclip_20x/2488369-B2.h5,367,5365,8272.0,143318.0,6673.0,79130.0,135046.0,72457.0,8272.0,143318.0,6673.0,80154.0,135046.0,73481.0,1.0,1.0141325199773659
2488475-B2,4,1,ok,/xiangmu/data/VILMIL/features_biomedclip_5x/2488475-B2.h5,/xiangmu/data/VILMIL/features_biomedclip_20x/2488475-B2.h5,138,1880,7824.0,94115.0,7280.0,69605.0,86291.0,62325.0,7824.0,95139.0,7280.0,72677.0,87315.0,65397.0,1.0118668227277468,1.0492900120336943
2488477-B2,3,1,ok,/xiangmu/data/VILMIL/features_biomedclip_5x/2488477-B2.h5,/xiangmu/data/VILMIL/features_biomedclip_20x/2488477-B2.h5,159,2259,7888.0,112385.0,6656.0,65089.0,104497.0,58433.0,7888.0,116481.0,6656.0,66113.0,108593.0,59457.0,1.0391972975300727,1.0175243441206168
2488767-B,1,1,ok,/xiangmu/data/VILMIL/features_biomedclip_5x/2488767-B.h5,/xiangmu/data/VILMIL/features_biomedclip_20x/2488767-B.h5,477,7110,8784.0,140515.0,432.0,82976.0,131731.0,82544.0,8784.0,144611.0,432.0,87472.0,135827.0,87040.0,1.0310936681570777,1.054467920139562
2488769-B2,0,1,ok,/xiangmu/data/VILMIL/features_biomedclip_5x/2488769-B2.h5,/xiangmu/data/VILMIL/features_biomedclip_20x/2488769-B2.h5,161,2229,13328.0,137176.0,5648.0,75400.0,123848.0,69752.0,13328.0,141272.0,5648.0,79496.0,127944.0,73848.0,1.0330727989147988,1.0587223305424933
2488806-B2,3,1,ok,/xiangmu/data/VILMIL/features_biomedclip_5x/2488806-B2.h5,/xiangmu/data/VILMIL/features_biomedclip_20x/2488806-B2.h5,311,4653,15888.0,140048.0,7024.0,80609.0,124160.0,73585.0,15888.0,145168.0,7024.0,83906.0,129280.0,76882.0,1.041237113402062,1.0448053271726574
2488916-B2,3,1,ok,/xiangmu/data/VILMIL/features_biomedclip_5x/2488916-B2.h5,/xiangmu/data/VILMIL/features_biomedclip_20x/2488916-B2.h5,463,6989,12368.0,159281.0,3552.0,78449.0,146913.0,74897.0,12368.0,160305.0,3552.0,82545.0,147937.0,78993.0,1.0069701115626255,1.0546884387892705
2488932-B4,1,1,ok,/xiangmu/data/VILMIL/features_biomedclip_5x/2488932-B4.h5,/xiangmu/data/VILMIL/features_biomedclip_20x/2488932-B4.h5,377,5478,11104.0,142065.0,4384.0,83089.0,130961.0,78705.0,11104.0,143985.0,4384.0,86161.0,132881.0,81777.0,1.0146608532311145,1.039031827711073
2488960-B2,3,1,ok,/xiangmu/data/VILMIL/features_biomedclip_5x/2488960-B2.h5,/xiangmu/data/VILMIL/features_biomedclip_20x/2488960-B2.h5,221,3331,9040.0,137748.0,6528.0,52048.0,128708.0,45520.0,9040.0,137748.0,6528.0,55120.0,128708.0,48592.0,1.0,1.0674868189806679
2488987-B2,3,1,ok,/xiangmu/data/VILMIL/features_biomedclip_5x/2488987-B2.h5,/xiangmu/data/VILMIL/features_biomedclip_20x/2488987-B2.h5,262,3617,8288.0,153398.0,1936.0,70480.0,145110.0,68544.0,8288.0,153734.0,1936.0,79137.0,145446.0,77201.0,1.002315484804631,1.126298436041083
2489131-B3,4,1,ok,/xiangmu/data/VILMIL/features_biomedclip_5x/2489131-B3.h5,/xiangmu/data/VILMIL/features_biomedclip_20x/2489131-B3.h5,55,803,12384.0,78628.0,13504.0,50336.0,66244.0,36832.0,8048.0,82724.0,13504.0,51360.0,74676.0,37856.0,1.1272869995773203,1.0278019113814074
2489137-B4,0,1,ok,/xiangmu/data/VILMIL/features_biomedclip_5x/2489137-B4.h5,/xiangmu/data/VILMIL/features_biomedclip_20x/2489137-B4.h5,358,5205,8144.0,122002.0,4416.0,82465.0,113858.0,78049.0,8144.0,125729.0,4416.0,84513.0,117585.0,80097.0,1.0327337560821375,1.0262399262002075
2489182-B2,4,1,ok,/xiangmu/data/VILMIL/features_biomedclip_5x/2489182-B2.h5,/xiangmu/data/VILMIL/features_biomedclip_20x/2489182-B2.h5,275,3726,7888.0,123297.0,192.0,75632.0,115409.0,75440.0,7888.0,124321.0,192.0,76656.0,116433.0,76464.0,1.0088727915500524,1.0135737009544008
2489203-B,0,1,ok,/xiangmu/data/VILMIL/features_biomedclip_5x/2489203-B.h5,/xiangmu/data/VILMIL/features_biomedclip_20x/2489203-B.h5,388,5588,50080.0,183760.0,0.0,86016.0,133680.0,86016.0,50080.0,187600.0,0.0,87040.0,137520.0,87040.0,1.0287253141831239,1.0119047619047619
2489331-B2,1,1,ok,/xiangmu/data/VILMIL/features_biomedclip_5x/2489331-B2.h5,/xiangmu/data/VILMIL/features_biomedclip_20x/2489331-B2.h5,221,3091,8992.0,116182.0,7712.0,77344.0,107190.0,69632.0,8992.0,127675.0,5840.0,78904.0,118683.0,73064.0,1.1072208228379512,1.0492876838235294
2490526B3,2,1,ok,/xiangmu/data/VILMIL/features_biomedclip_5x/2490526B3.h5,/xiangmu/data/VILMIL/features_biomedclip_20x/2490526B3.h5,201,2774,7408.0,100688.0,6240.0,78385.0,93280.0,72145.0,7408.0,102736.0,6240.0,81457.0,95328.0,75217.0,1.0219554030874785,1.0425809134382147
2490547B2,1,1,ok,/xiangmu/data/VILMIL/features_biomedclip_5x/2490547B2.h5,/xiangmu/data/VILMIL/features_biomedclip_20x/2490547B2.h5,189,2521,7712.0,130936.0,160.0,72501.0,123224.0,72341.0,7712.0,131336.0,160.0,74549.0,123624.0,74389.0,1.0032461208855419,1.0283103634177022
2490750B4,1,1,ok,/xiangmu/data/VILMIL/features_biomedclip_5x/2490750B4.h5,/xiangmu/data/VILMIL/features_biomedclip_20x/2490750B4.h5,79,1097,9056.0,86801.0,6929.0,60467.0,77745.0,53538.0,9056.0,89873.0,6929.0,60467.0,80817.0,53538.0,1.0395137950993634,1.0
2490820B2,4,1,ok,/xiangmu/data/VILMIL/features_biomedclip_5x/2490820B2.h5,/xiangmu/data/VILMIL/features_biomedclip_20x/2490820B2.h5,133,1812,46243.0,151208.0,23283.0,60147.0,104965.0,36864.0,46243.0,152232.0,23283.0,63044.0,105989.0,39761.0,1.009755632829991,1.0785861545138888
2490820B3,1,1,ok,/xiangmu/data/VILMIL/features_biomedclip_5x/2490820B3.h5,/xiangmu/data/VILMIL/features_biomedclip_20x/2490820B3.h5,134,1844,7649.0,98649.0,6657.0,59202.0,91000.0,52545.0,7649.0,100697.0,6657.0,60265.0,93048.0,53608.0,1.0225054945054945,1.0202302788086401
2490837B2,2,1,ok,/xiangmu/data/VILMIL/features_biomedclip_5x/2490837B2.h5,/xiangmu/data/VILMIL/features_biomedclip_20x/2490837B2.h5,209,2909,7712.0,104961.0,5648.0,78968.0,97249.0,73320.0,7712.0,104961.0,5648.0,83064.0,97249.0,77416.0,1.0,1.0558647026732133
2490844B1,3,1,ok,/xiangmu/data/VILMIL/features_biomedclip_5x/2490844B1.h5,/xiangmu/data/VILMIL/features_biomedclip_20x/2490844B1.h5,265,3668,21904.0,125522.0,8513.0,77618.0,103618.0,69105.0,21904.0,126546.0,8513.0,80690.0,104642.0,72177.0,1.0098824528556813,1.0444540915997396
2490860B2,0,1,ok,/xiangmu/data/VILMIL/features_biomedclip_5x/2490860B2.h5,/xiangmu/data/VILMIL/features_biomedclip_20x/2490860B2.h5,291,4208,8544.0,108946.0,112.0,70224.0,100402.0,70112.0,8544.0,113042.0,112.0,72816.0,104498.0,72704.0,1.0407960000796797,1.0369694203560018
2490963B2,1,1,ok,/xiangmu/data/VILMIL/features_biomedclip_5x/2490963B2.h5,/xiangmu/data/VILMIL/features_biomedclip_20x/2490963B2.h5,258,3611,7696.0,135515.0,5488.0,77992.0,127819.0,72504.0,7696.0,136539.0,5488.0,77992.0,128843.0,72504.0,1.0080113285192343,1.0
2490964B2,0,1,ok,/xiangmu/data/VILMIL/features_biomedclip_5x/2490964B2.h5,/xiangmu/data/VILMIL/features_biomedclip_20x/2490964B2.h5,113,1439,7968.0,144107.0,208.0,51841.0,136139.0,51633.0,7968.0,145131.0,208.0,52865.0,137163.0,52657.0,1.0075217241202006,1.019832277806829
2490972B8,1,1,ok,/xiangmu/data/VILMIL/features_biomedclip_5x/2490972B8.h5,/xiangmu/data/VILMIL/features_biomedclip_20x/2490972B8.h5,191,2801,7744.0,111767.0,800.0,64864.0,104023.0,64064.0,7744.0,114839.0,800.0,66912.0,107095.0,66112.0,1.0295319304384607,1.031968031968032
2490978B2,0,1,ok,/xiangmu/data/VILMIL/features_biomedclip_5x/2490978B2.h5,/xiangmu/data/VILMIL/features_biomedclip_20x/2490978B2.h5,138,1934,7904.0,109400.0,6544.0,47504.0,101496.0,40960.0,7904.0,112472.0,6544.0,49552.0,104568.0,43008.0,1.0302672026483803,1.05
2490980B,2,1,ok,/xiangmu/data/VILMIL/features_biomedclip_5x/2490980B.h5,/xiangmu/data/VILMIL/features_biomedclip_20x/2490980B.h5,394,5912,8416.0,146480.0,3360.0,74773.0,138064.0,71413.0,8416.0,150576.0,3360.0,78869.0,142160.0,75509.0,1.0296674006257966,1.0573565037178105
2491131B2,2,1,ok,/xiangmu/data/VILMIL/features_biomedclip_5x/2491131B2.h5,/xiangmu/data/VILMIL/features_biomedclip_20x/2491131B2.h5,264,3875,7984.0,111910.0,4816.0,74448.0,103926.0,69632.0,7984.0,113958.0,4816.0,76496.0,105974.0,71680.0,1.0197063295036852,1.0294117647058822
2491191B2,3,1,ok,/xiangmu/data/VILMIL/features_biomedclip_5x/2491191B2.h5,/xiangmu/data/VILMIL/features_biomedclip_20x/2491191B2.h5,223,3305,7920.0,107682.0,6576.0,66737.0,99762.0,60161.0,7920.0,108706.0,6576.0,71857.0,100786.0,65281.0,1.0102644293418335,1.0851049683349678
2491191B3,2,1,ok,/xiangmu/data/VILMIL/features_biomedclip_5x/2491191B3.h5,/xiangmu/data/VILMIL/features_biomedclip_20x/2491191B3.h5,315,4558,15376.0,138256.0,9040.0,70480.0,122880.0,61440.0,15376.0,141328.0,9040.0,73552.0,125952.0,64512.0,1.025,1.05
2491226B2,2,1,ok,/xiangmu/data/VILMIL/features_biomedclip_5x/2491226B2.h5,/xiangmu/data/VILMIL/features_biomedclip_20x/2491226B2.h5,193,2680,7744.0,136177.0,240.0,68917.0,128433.0,68677.0,7744.0,140273.0,240.0,68917.0,132529.0,68677.0,1.0318921149548792,1.0
2491275B2,2,1,ok,/xiangmu/data/VILMIL/features_biomedclip_5x/2491275B2.h5,/xiangmu/data/VILMIL/features_biomedclip_20x/2491275B2.h5,214,3062,9824.0,127745.0,5072.0,77907.0,117921.0,72835.0,9824.0,132305.0,5072.0,82003.0,122481.0,76931.0,1.0386699570051137,1.05623669938903
2491552B,3,1,ok,/xiangmu/data/VILMIL/features_biomedclip_5x/2491552B.h5,/xiangmu/data/VILMIL/features_biomedclip_20x/2491552B.h5,117,1488,11920.0,120531.0,240.0,70441.0,108611.0,70201.0,11920.0,121555.0,240.0,70441.0,109635.0,70201.0,1.009428142637486,1.0
2491560B2,1,1,ok,/xiangmu/data/VILMIL/features_biomedclip_5x/2491560B2.h5,/xiangmu/data/VILMIL/features_biomedclip_20x/2491560B2.h5,128,1611,8720.0,112816.0,9121.0,58675.0,104096.0,49554.0,8720.0,112816.0,9121.0,67207.0,104096.0,58086.0,1.0,1.1721758082092264
2491579B,3,1,ok,/xiangmu/data/VILMIL/features_biomedclip_5x/2491579B.h5,/xiangmu/data/VILMIL/features_biomedclip_20x/2491579B.h5,269,3882,10192.0,146468.0,7857.0,63425.0,136276.0,55568.0,7824.0,153784.0,2688.0,67496.0,145960.0,64808.0,1.071061668965922,1.1662827526634034
25001929B3,0,1,ok,/xiangmu/data/VILMIL/features_biomedclip_5x/25001929B3.h5,/xiangmu/data/VILMIL/features_biomedclip_20x/25001929B3.h5,179,2411,7600.0,133940.0,5328.0,77846.0,126340.0,72518.0,7600.0,133940.0,5328.0,77846.0,126340.0,72518.0,1.0,1.0
25001939B2,2,1,ok,/xiangmu/data/VILMIL/features_biomedclip_5x/25001939B2.h5,/xiangmu/data/VILMIL/features_biomedclip_20x/25001939B2.h5,241,3385,7520.0,131325.0,7121.0,64609.0,123805.0,57488.0,7520.0,135421.0,112.0,68705.0,127901.0,68593.0,1.0330842857719802,1.193170748677985
25001965B2,4,1,ok,/xiangmu/data/VILMIL/features_biomedclip_5x/25001965B2.h5,/xiangmu/data/VILMIL/features_biomedclip_20x/25001965B2.h5,150,2014,7568.0,98176.0,6496.0,60163.0,90608.0,53667.0,7568.0,102272.0,6496.0,60163.0,94704.0,53667.0,1.0452057213491082,1.0
25001966B2,3,1,ok,/xiangmu/data/VILMIL/features_biomedclip_5x/25001966B2.h5,/xiangmu/data/VILMIL/features_biomedclip_20x/25001966B2.h5,259,3708,20832.0,124368.0,5712.0,78392.0,103536.0,72680.0,20832.0,124400.0,5712.0,78817.0,103568.0,73105.0,1.000309071240921,1.0058475509080902
25002073B3,1,1,ok,/xiangmu/data/VILMIL/features_biomedclip_5x/25002073B3.h5,/xiangmu/data/VILMIL/features_biomedclip_20x/25002073B3.h5,172,2331,7952.0,128133.0,5632.0,78200.0,120181.0,72568.0,7952.0,128341.0,5632.0,79224.0,120389.0,73592.0,1.0017307228264034,1.0141109028773012
25002238B,1,1,ok,/xiangmu/data/VILMIL/features_biomedclip_5x/25002238B.h5,/xiangmu/data/VILMIL/features_biomedclip_20x/25002238B.h5,343,4907,7520.0,135177.0,2048.0,81627.0,127657.0,79579.0,7520.0,136201.0,3072.0,83675.0,128681.0,80603.0,1.0080214951001512,1.0128677163573305
25002328B2,1,1,ok,/xiangmu/data/VILMIL/features_biomedclip_5x/25002328B2.h5,/xiangmu/data/VILMIL/features_biomedclip_20x/25002328B2.h5,87,1120,7536.0,113142.0,240.0,46244.0,105606.0,46004.0,7536.0,117210.0,240.0,49316.0,109674.0,49076.0,1.038520538605761,1.066776802017216
25002329B2,2,1,ok,/xiangmu/data/VILMIL/features_biomedclip_5x/25002329B2.h5,/xiangmu/data/VILMIL/features_biomedclip_20x/25002329B2.h5,252,3519,7760.0,129893.0,6384.0,66096.0,122133.0,59712.0,7760.0,129893.0,80.0,69168.0,122133.0,69088.0,1.0,1.1570203644158628
25002366B6,3,1,ok,/xiangmu/data/VILMIL/features_biomedclip_5x/25002366B6.h5,/xiangmu/data/VILMIL/features_biomedclip_20x/25002366B6.h5,246,3546,7760.0,103636.0,6368.0,76000.0,95876.0,69632.0,7760.0,106708.0,6368.0,81264.0,98948.0,74896.0,1.032041386791272,1.0755974264705883
25002379B2,2,1,ok,/xiangmu/data/VILMIL/features_biomedclip_5x/25002379B2.h5,/xiangmu/data/VILMIL/features_biomedclip_20x/25002379B2.h5,177,2523,8064.0,117280.0,6545.0,53634.0,109216.0,47089.0,8064.0,120352.0,6545.0,55682.0,112288.0,49137.0,1.0281277468502783,1.0434921106840238
25002388B2,3,1,ok,/xiangmu/data/VILMIL/features_biomedclip_5x/25002388B2.h5,/xiangmu/data/VILMIL/features_biomedclip_20x/25002388B2.h5,109,1373,7760.0,117608.0,6320.0,60983.0,109848.0,54663.0,7760.0,117608.0,6320.0,62007.0,109848.0,55687.0,1.0,1.0187329637963523
25002391B2,2,1,ok,/xiangmu/data/VILMIL/features_biomedclip_5x/25002391B2.h5,/xiangmu/data/VILMIL/features_biomedclip_20x/25002391B2.h5,220,3101,7616.0,134358.0,6417.0,64594.0,126742.0,58177.0,7616.0,139318.0,6417.0,73837.0,131702.0,67420.0,1.039134619936564,1.1588772195197414
25002472B2,1,1,ok,/xiangmu/data/VILMIL/features_biomedclip_5x/25002472B2.h5,/xiangmu/data/VILMIL/features_biomedclip_20x/25002472B2.h5,363,5416,7584.0,149665.0,4912.0,74976.0,142081.0,70064.0,7584.0,151697.0,4912.0,77528.0,144113.0,72616.0,1.0143017011423061,1.0364238410596027
25002496B2,3,1,ok,/xiangmu/data/VILMIL/features_biomedclip_5x/25002496B2.h5,/xiangmu/data/VILMIL/features_biomedclip_20x/25002496B2.h5,109,1437,7761.0,94473.0,6529.0,49489.0,86712.0,42960.0,7761.0,96428.0,6529.0,50513.0,88667.0,43984.0,1.0225458990681797,1.0238361266294227
25002504B2,1,1,ok,/xiangmu/data/VILMIL/features_biomedclip_5x/25002504B2.h5,/xiangmu/data/VILMIL/features_biomedclip_20x/25002504B2.h5,346,5058,7984.0,144727.0,6512.0,78976.0,136743.0,72464.0,7984.0,145751.0,1408.0,80000.0,137767.0,78592.0,1.007488500325428,1.084566129388386
25002510B2,1,1,ok,/xiangmu/data/VILMIL/features_biomedclip_5x/25002510B2.h5,/xiangmu/data/VILMIL/features_biomedclip_20x/25002510B2.h5,185,2072,7696.0,127108.0,10561.0,70837.0,119412.0,60276.0,7696.0,135766.0,6944.0,79463.0,128070.0,72519.0,1.072505275851673,1.2031156679275334
25002663B5,1,1,ok,/xiangmu/data/VILMIL/features_biomedclip_5x/25002663B5.h5,/xiangmu/data/VILMIL/features_biomedclip_20x/25002663B5.h5,341,5073,7568.0,141672.0,624.0,73234.0,134104.0,72610.0,7568.0,144744.0,624.0,74258.0,137176.0,73634.0,1.022907594106067,1.0141027406693293
25002744B2,3,1,ok,/xiangmu/data/VILMIL/features_biomedclip_5x/25002744B2.h5,/xiangmu/data/VILMIL/features_biomedclip_20x/25002744B2.h5,195,2776,7776.0,106933.0,6944.0,67377.0,99157.0,60433.0,7776.0,108981.0,6944.0,68401.0,101205.0,61457.0,1.020654114182559,1.0169443846904838
25002788B2,1,1,ok,/xiangmu/data/VILMIL/features_biomedclip_5x/25002788B2.h5,/xiangmu/data/VILMIL/features_biomedclip_20x/25002788B2.h5,211,3013,7776.0,114019.0,9425.0,69234.0,106243.0,59809.0,7776.0,118115.0,9425.0,72306.0,110339.0,62881.0,1.0385531282060936,1.0513635071644736
25002789B2,1,1,ok,/xiangmu/data/VILMIL/features_biomedclip_5x/25002789B2.h5,/xiangmu/data/VILMIL/features_biomedclip_20x/25002789B2.h5,249,3576,7600.0,132744.0,2144.0,70780.0,125144.0,68636.0,7600.0,134792.0,2144.0,74876.0,127192.0,72732.0,1.0163651473502524,1.059677137362317
25002801B1,3,1,ok,/xiangmu/data/VILMIL/features_biomedclip_5x/25002801B1.h5,/xiangmu/data/VILMIL/features_biomedclip_20x/25002801B1.h5,168,2401,24402.0,130056.0,11632.0,62657.0,105654.0,51025.0,24402.0,132104.0,11632.0,66753.0,107702.0,55121.0,1.0193840271073504,1.0802743753062225
25002804B2,2,1,ok,/xiangmu/data/VILMIL/features_biomedclip_5x/25002804B2.h5,/xiangmu/data/VILMIL/features_biomedclip_20x/25002804B2.h5,333,4763,7664.0,147985.0,80.0,70432.0,140321.0,70352.0,7664.0,151057.0,80.0,72480.0,143393.0,72400.0,1.0218926604000826,1.0291107573345464
25002897B2,1,1,ok,/xiangmu/data/VILMIL/features_biomedclip_5x/25002897B2.h5,/xiangmu/data/VILMIL/features_biomedclip_20x/25002897B2.h5,177,2569,7568.0,108402.0,3376.0,76096.0,100834.0,72720.0,7568.0,109426.0,928.0,80192.0,101858.0,79264.0,1.0101553047583156,1.08998899889989
25002898B2,4,1,ok,/xiangmu/data/VILMIL/features_biomedclip_5x/25002898B2.h5,/xiangmu/data/VILMIL/features_biomedclip_20x/25002898B2.h5,105,1484,10176.0,92354.0,6560.0,48657.0,82178.0,42097.0,10176.0,96450.0,6560.0,51616.0,86274.0,45056.0,1.0498430236803038,1.0702900444212176
25002906B2,1,1,ok,/xiangmu/data/VILMIL/features_biomedclip_5x/25002906B2.h5,/xiangmu/data/VILMIL/features_biomedclip_20x/25002906B2.h5,186,2697,21810.0,114745.0,11424.0,70208.0,92935.0,58784.0,21810.0,116793.0,11424.0,72869.0,94983.0,61445.0,1.0220369075160058,1.0452674197060425
25002907B3,1,1,ok,/xiangmu/data/VILMIL/features_biomedclip_5x/25002907B3.h5,/xiangmu/data/VILMIL/features_biomedclip_20x/25002907B3.h5,189,2681,9393.0,106776.0,11985.0,78274.0,97383.0,66289.0,9393.0,108824.0,11985.0,79298.0,99431.0,67313.0,1.0210303646426995,1.0154475101449714
25003038B2,1,1,ok,/xiangmu/data/VILMIL/features_biomedclip_5x/25003038B2.h5,/xiangmu/data/VILMIL/features_biomedclip_20x/25003038B2.h5,392,5702,7696.0,161017.0,0.0,81920.0,153321.0,81920.0,7696.0,162041.0,0.0,85985.0,154345.0,85985.0,1.0066787980772367,1.04962158203125
25009124B2,1,1,ok,/xiangmu/data/VILMIL/features_biomedclip_5x/25009124B2.h5,/xiangmu/data/VILMIL/features_biomedclip_20x/25009124B2.h5,223,3331,11232.0,131178.0,10273.0,69353.0,119946.0,59080.0,10848.0,135274.0,1168.0,73818.0,124426.0,72650.0,1.037350140896737,1.22968855788761
25009148B3,2,1,ok,/xiangmu/data/VILMIL/features_biomedclip_5x/25009148B3.h5,/xiangmu/data/VILMIL/features_biomedclip_20x/25009148B3.h5,176,2470,7888.0,101344.0,7056.0,73264.0,93456.0,66208.0,7888.0,102368.0,7056.0,77360.0,94480.0,70304.0,1.0109570279061804,1.0618656355727405
25009148B4,4,1,ok,/xiangmu/data/VILMIL/features_biomedclip_5x/25009148B4.h5,/xiangmu/data/VILMIL/features_biomedclip_20x/25009148B4.h5,124,1748,7616.0,93714.0,6624.0,65824.0,86098.0,59200.0,7616.0,96786.0,6624.0,69920.0,89170.0,63296.0,1.0356802713187299,1.0691891891891891
25009294B2,3,1,ok,/xiangmu/data/VILMIL/features_biomedclip_5x/25009294B2.h5,/xiangmu/data/VILMIL/features_biomedclip_20x/25009294B2.h5,210,3106,8256.0,134465.0,5136.0,73187.0,126209.0,68051.0,8208.0,143969.0,5136.0,75336.0,135761.0,70200.0,1.0756839845018977,1.0315792567339201
25009297B,4,1,ok,/xiangmu/data/VILMIL/features_biomedclip_5x/25009297B.h5,/xiangmu/data/VILMIL/features_biomedclip_20x/25009297B.h5,344,5102,7504.0,142406.0,9153.0,79825.0,134902.0,70672.0,7504.0,146502.0,9153.0,82897.0,138998.0,73744.0,1.0303627818712844,1.0434684174779263
25009367B2,3,1,ok,/xiangmu/data/VILMIL/features_biomedclip_5x/25009367B2.h5,/xiangmu/data/VILMIL/features_biomedclip_20x/25009367B2.h5,252,3738,9072.0,110615.0,7264.0,72864.0,101543.0,65600.0,7712.0,114711.0,7264.0,75936.0,106999.0,68672.0,1.0537309317235064,1.046829268292683
25009529B2,3,1,ok,/xiangmu/data/VILMIL/features_biomedclip_5x/25009529B2.h5,/xiangmu/data/VILMIL/features_biomedclip_20x/25009529B2.h5,170,2464,8112.0,114224.0,6688.0,64193.0,106112.0,57505.0,8112.0,117296.0,6688.0,70374.0,109184.0,63686.0,1.028950542822678,1.1074863055386488
25009539B3,4,1,ok,/xiangmu/data/VILMIL/features_biomedclip_5x/25009539B3.h5,/xiangmu/data/VILMIL/features_biomedclip_20x/25009539B3.h5,222,3086,15536.0,145239.0,7104.0,69906.0,129703.0,62802.0,15536.0,150359.0,7104.0,79417.0,134823.0,72313.0,1.0394748001202747,1.1514442215216076
25009557B,3,1,ok,/xiangmu/data/VILMIL/features_biomedclip_5x/25009557B.h5,/xiangmu/data/VILMIL/features_biomedclip_20x/25009557B.h5,153,2222,12736.0,120244.0,8433.0,53873.0,107508.0,45440.0,7648.0,122292.0,8433.0,56561.0,114644.0,48128.0,1.066376455705622,1.0591549295774647
25009578B4,1,1,ok,/xiangmu/data/VILMIL/features_biomedclip_5x/25009578B4.h5,/xiangmu/data/VILMIL/features_biomedclip_20x/25009578B4.h5,287,4092,7856.0,121299.0,6672.0,76304.0,113443.0,69632.0,7856.0,124213.0,6672.0,77328.0,116357.0,70656.0,1.0256869088440892,1.0147058823529411
25009747B,4,1,ok,/xiangmu/data/VILMIL/features_biomedclip_5x/25009747B.h5,/xiangmu/data/VILMIL/features_biomedclip_20x/25009747B.h5,293,4150,7600.0,117844.0,2000.0,81562.0,110244.0,79562.0,7600.0,119892.0,2000.0,84634.0,112292.0,82634.0,1.018576974710642,1.0386113974007691
25009756B2,0,1,ok,/xiangmu/data/VILMIL/features_biomedclip_5x/25009756B2.h5,/xiangmu/data/VILMIL/features_biomedclip_20x/25009756B2.h5,236,3381,7616.0,140342.0,17890.0,71346.0,132726.0,53456.0,7616.0,142708.0,17890.0,76258.0,135092.0,58368.0,1.0178261983334087,1.0918886560909906
25012148B3,1,1,ok,/xiangmu/data/VILMIL/features_biomedclip_5x/25012148B3.h5,/xiangmu/data/VILMIL/features_biomedclip_20x/25012148B3.h5,239,3493,7440.0,120849.0,4848.0,78576.0,113409.0,73728.0,7440.0,121873.0,4848.0,82672.0,114433.0,77824.0,1.0090292657549225,1.0555555555555556
25012148B4,3,1,ok,/xiangmu/data/VILMIL/features_biomedclip_5x/25012148B4.h5,/xiangmu/data/VILMIL/features_biomedclip_20x/25012148B4.h5,280,4023,7632.0,141891.0,10672.0,64592.0,134259.0,53920.0,7632.0,143939.0,7776.0,68688.0,136307.0,60912.0,1.0152540984217073,1.129673590504451
25012153B2,2,1,ok,/xiangmu/data/VILMIL/features_biomedclip_5x/25012153B2.h5,/xiangmu/data/VILMIL/features_biomedclip_20x/25012153B2.h5,216,3047,7952.0,130532.0,6944.0,60816.0,122580.0,53872.0,7952.0,134628.0,6944.0,62864.0,126676.0,55920.0,1.033414912710067,1.038016038016038
25012170B4,3,1,ok,/xiangmu/data/VILMIL/features_biomedclip_5x/25012170B4.h5,/xiangmu/data/VILMIL/features_biomedclip_20x/25012170B4.h5,202,2651,38000.0,165088.0,17218.0,66370.0,127088.0,49152.0,38000.0,169184.0,17218.0,68418.0,131184.0,51200.0,1.032229636157623,1.0416666666666667
25012170B5,3,1,ok,/xiangmu/data/VILMIL/features_biomedclip_5x/25012170B5.h5,/xiangmu/data/VILMIL/features_biomedclip_20x/25012170B5.h5,271,3902,7664.0,139746.0,6593.0,72129.0,132082.0,65536.0,7664.0,143842.0,6593.0,75201.0,136178.0,68608.0,1.031011038597235,1.046875
25012175B4,1,1,ok,/xiangmu/data/VILMIL/features_biomedclip_5x/25012175B4.h5,/xiangmu/data/VILMIL/features_biomedclip_20x/25012175B4.h5,122,1586,9200.0,113238.0,11840.0,60369.0,104038.0,48529.0,9200.0,117512.0,11840.0,62417.0,108312.0,50577.0,1.0410811434283627,1.042201570195141
25012253B3,0,1,ok,/xiangmu/data/VILMIL/features_biomedclip_5x/25012253B3.h5,/xiangmu/data/VILMIL/features_biomedclip_20x/25012253B3.h5,101,1418,8496.0,95153.0,14370.0,67141.0,86657.0,52771.0,8496.0,98225.0,14370.0,69189.0,89729.0,54819.0,1.03545010789665,1.0388091944439182
25012485B2,2,1,ok,/xiangmu/data/VILMIL/features_biomedclip_5x/25012485B2.h5,/xiangmu/data/VILMIL/features_biomedclip_20x/25012485B2.h5,293,4287,7568.0,149664.0,2800.0,85204.0,142096.0,82404.0,7568.0,151792.0,2800.0,87252.0,144224.0,84452.0,1.0149757910145254,1.0248531624678414
25012628B2,4,1,ok,/xiangmu/data/VILMIL/features_biomedclip_5x/25012628B2.h5,/xiangmu/data/VILMIL/features_biomedclip_20x/25012628B2.h5,173,2487,7648.0,115009.0,9904.0,65296.0,107361.0,55392.0,7648.0,116033.0,9904.0,66320.0,108385.0,56416.0,1.009537914140144,1.0184864240323512
25012737B4,4,1,ok,/xiangmu/data/VILMIL/features_biomedclip_5x/25012737B4.h5,/xiangmu/data/VILMIL/features_biomedclip_20x/25012737B4.h5,122,1619,10864.0,101461.0,6480.0,62241.0,90597.0,55761.0,10864.0,103509.0,6480.0,64615.0,92645.0,58135.0,1.0226056050421095,1.0425745592797833
25012760B2,2,1,ok,/xiangmu/data/VILMIL/features_biomedclip_5x/25012760B2.h5,/xiangmu/data/VILMIL/features_biomedclip_20x/25012760B2.h5,429,6463,25361.0,148581.0,640.0,83072.0,123220.0,82432.0,25361.0,151653.0,640.0,86144.0,126292.0,85504.0,1.024931017691933,1.0372670807453417
25012785B2,0,1,ok,/xiangmu/data/VILMIL/features_biomedclip_5x/25012785B2.h5,/xiangmu/data/VILMIL/features_biomedclip_20x/25012785B2.h5,349,4855,7904.0,161854.0,4192.0,79224.0,153950.0,75032.0,7904.0,162878.0,4192.0,79224.0,154974.0,75032.0,1.0066515102305944,1.0
25012915B2,1,1,ok,/xiangmu/data/VILMIL/features_biomedclip_5x/25012915B2.h5,/xiangmu/data/VILMIL/features_biomedclip_20x/25012915B2.h5,308,4380,7712.0,143696.0,5648.0,78232.0,135984.0,72584.0,7712.0,144720.0,5648.0,78232.0,137008.0,72584.0,1.0075302976820801,1.0
25012919B8,3,1,ok,/xiangmu/data/VILMIL/features_biomedclip_5x/25012919B8.h5,/xiangmu/data/VILMIL/features_biomedclip_20x/25012919B8.h5,210,3023,21296.0,152774.0,4640.0,73238.0,131478.0,68598.0,21296.0,153814.0,4640.0,76310.0,132518.0,71670.0,1.0079100686046334,1.0447826467243944
25012919B9,4,1,ok,/xiangmu/data/VILMIL/features_biomedclip_5x/25012919B9.h5,/xiangmu/data/VILMIL/features_biomedclip_20x/25012919B9.h5,235,3360,8016.0,143363.0,224.0,49425.0,135347.0,49201.0,8016.0,145411.0,224.0,50449.0,137395.0,50225.0,1.0151314768705624,1.0208125851100587
25013023B2,4,1,ok,/xiangmu/data/VILMIL/features_biomedclip_5x/25013023B2.h5,/xiangmu/data/VILMIL/features_biomedclip_20x/25013023B2.h5,352,5101,8512.0,158732.0,0.0,73328.0,150220.0,73328.0,8512.0,161100.0,0.0,74352.0,152588.0,74352.0,1.0157635467980295,1.013964651974689
25013062B2,2,1,ok,/xiangmu/data/VILMIL/features_biomedclip_5x/25013062B2.h5,/xiangmu/data/VILMIL/features_biomedclip_20x/25013062B2.h5,99,1277,7648.0,97584.0,6705.0,43491.0,89936.0,36786.0,7648.0,98608.0,6657.0,46563.0,90960.0,39906.0,1.011385874399573,1.0848148752242701
25013062B3,1,1,ok,/xiangmu/data/VILMIL/features_biomedclip_5x/25013062B3.h5,/xiangmu/data/VILMIL/features_biomedclip_20x/25013062B3.h5,143,2113,7648.0,108338.0,12913.0,60289.0,100690.0,47376.0,7648.0,111410.0,12913.0,64385.0,103762.0,51472.0,1.0305094845565597,1.0864572779466397
25013162B2,1,1,ok,/xiangmu/data/VILMIL/features_biomedclip_5x/25013162B2.h5,/xiangmu/data/VILMIL/features_biomedclip_20x/25013162B2.h5,177,2510,7696.0,97254.0,8544.0,76177.0,89558.0,67633.0,7696.0,101350.0,8544.0,77201.0,93654.0,68657.0,1.0457357243350678,1.0151405379030947
25013189B2,2,1,ok,/xiangmu/data/VILMIL/features_biomedclip_5x/25013189B2.h5,/xiangmu/data/VILMIL/features_biomedclip_20x/25013189B2.h5,251,3510,8144.0,109906.0,224.0,75376.0,101762.0,75152.0,8144.0,114002.0,224.0,77424.0,105858.0,77200.0,1.0402507812346455,1.0272514370875028
25013189B3,4,1,ok,/xiangmu/data/VILMIL/features_biomedclip_5x/25013189B3.h5,/xiangmu/data/VILMIL/features_biomedclip_20x/25013189B3.h5,250,3468,11424.0,135554.0,8080.0,68384.0,124130.0,60304.0,11424.0,136578.0,8080.0,69408.0,125154.0,61328.0,1.008249415934907,1.0169806314672327
25013189B4,1,1,ok,/xiangmu/data/VILMIL/features_biomedclip_5x/25013189B4.h5,/xiangmu/data/VILMIL/features_biomedclip_20x/25013189B4.h5,119,1672,7440.0,90080.0,6544.0,61968.0,82640.0,55424.0,7440.0,93152.0,6544.0,75010.0,85712.0,68466.0,1.0371732817037753,1.235313221709007
25013352B2,1,1,ok,/xiangmu/data/VILMIL/features_biomedclip_5x/25013352B2.h5,/xiangmu/data/VILMIL/features_biomedclip_20x/25013352B2.h5,445,6447,7600.0,154845.0,3344.0,85360.0,147245.0,82016.0,7600.0,157917.0,3344.0,87408.0,150317.0,84064.0,1.0208631872049985,1.0249707374170893
25013465B2,2,1,ok,/xiangmu/data/VILMIL/features_biomedclip_5x/25013465B2.h5,/xiangmu/data/VILMIL/features_biomedclip_20x/25013465B2.h5,347,5209,7936.0,165141.0,6704.0,63504.0,157205.0,56800.0,7936.0,169237.0,224.0,67600.0,161301.0,67376.0,1.0260551509175917,1.1861971830985916
25013629B6,0,1,ok,/xiangmu/data/VILMIL/features_biomedclip_5x/25013629B6.h5,/xiangmu/data/VILMIL/features_biomedclip_20x/25013629B6.h5,375,5266,7568.0,164432.0,3760.0,77697.0,156864.0,73937.0,7568.0,167504.0,3760.0,79745.0,159936.0,75985.0,1.0195838433292534,1.0276992574759594
25013871B6,0,1,ok,/xiangmu/data/VILMIL/features_biomedclip_5x/25013871B6.h5,/xiangmu/data/VILMIL/features_biomedclip_20x/25013871B6.h5,359,5249,7696.0,151255.0,2960.0,73249.0,143559.0,70289.0,7696.0,152279.0,2960.0,75401.0,144583.0,72441.0,1.0071329557882125,1.0306164549218229
25013878B2,4,1,ok,/xiangmu/data/VILMIL/features_biomedclip_5x/25013878B2.h5,/xiangmu/data/VILMIL/features_biomedclip_20x/25013878B2.h5,265,3613,7760.0,123864.0,6288.0,80016.0,116104.0,73728.0,7760.0,125912.0,6288.0,82065.0,118152.0,75777.0,1.0176393578171294,1.0277913411458333
25013977B2,3,1,ok,/xiangmu/data/VILMIL/features_biomedclip_5x/25013977B2.h5,/xiangmu/data/VILMIL/features_biomedclip_20x/25013977B2.h5,340,5069,12560.0,127957.0,3488.0,82256.0,115397.0,78768.0,12560.0,132053.0,3488.0,83280.0,119493.0,79792.0,1.035494856885361,1.013000203128174
25014124B2,0,1,ok,/xiangmu/data/VILMIL/features_biomedclip_5x/25014124B2.h5,/xiangmu/data/VILMIL/features_biomedclip_20x/25014124B2.h5,352,5133,8400.0,137368.0,0.0,81968.0,128968.0,81968.0,8400.0,138392.0,0.0,84016.0,129992.0,84016.0,1.0079399540971403,1.0249853601405428
25014160B2,3,1,ok,/xiangmu/data/VILMIL/features_biomedclip_5x/25014160B2.h5,/xiangmu/data/VILMIL/features_biomedclip_20x/25014160B2.h5,168,2297,7952.0,123362.0,1264.0,73960.0,115410.0,72696.0,7952.0,124738.0,1264.0,74673.0,116786.0,73409.0,1.0119227103370592,1.0098079674259932
25014217B2,1,1,ok,/xiangmu/data/VILMIL/features_biomedclip_5x/25014217B2.h5,/xiangmu/data/VILMIL/features_biomedclip_20x/25014217B2.h5,46,571,7825.0,80937.0,6240.0,36752.0,73112.0,30512.0,7825.0,85033.0,6240.0,39824.0,77208.0,33584.0,1.0560236349710035,1.1006816990036707
25014217B3,0,1,ok,/xiangmu/data/VILMIL/features_biomedclip_5x/25014217B3.h5,/xiangmu/data/VILMIL/features_biomedclip_20x/25014217B3.h5,125,1679,11840.0,115201.0,7744.0,56177.0,103361.0,48433.0,11840.0,119297.0,7744.0,59249.0,107457.0,51505.0,1.03962809957334,1.0634278281337104
25014226B2,2,1,ok,/xiangmu/data/VILMIL/features_biomedclip_5x/25014226B2.h5,/xiangmu/data/VILMIL/features_biomedclip_20x/25014226B2.h5,236,3314,8176.0,143382.0,5792.0,74930.0,135206.0,69138.0,8176.0,147478.0,5792.0,79026.0,139302.0,73234.0,1.0302945135570907,1.0592438311782233
25014265B2,1,1,ok,/xiangmu/data/VILMIL/features_biomedclip_5x/25014265B2.h5,/xiangmu/data/VILMIL/features_biomedclip_20x/25014265B2.h5,199,2711,7776.0,120950.0,8417.0,63457.0,113174.0,55040.0,7776.0,122998.0,8417.0,67553.0,115222.0,59136.0,1.0180960291232968,1.0744186046511628
25014268B,0,1,ok,/xiangmu/data/VILMIL/features_biomedclip_5x/25014268B.h5,/xiangmu/data/VILMIL/features_biomedclip_20x/25014268B.h5,172,2332,15297.0,118807.0,5424.0,75648.0,103510.0,70224.0,7568.0,120855.0,5424.0,77696.0,113287.0,72272.0,1.0944546420635688,1.029163818637503
25014298B2,1,1,ok,/xiangmu/data/VILMIL/features_biomedclip_5x/25014298B2.h5,/xiangmu/data/VILMIL/features_biomedclip_20x/25014298B2.h5,83,1181,7616.0,105323.0,6336.0,45424.0,97707.0,39088.0,7616.0,106347.0,6336.0,46448.0,98731.0,40112.0,1.0104803135906333,1.026197298403602
25014311B2,0,1,ok,/xiangmu/data/VILMIL/features_biomedclip_5x/25014311B2.h5,/xiangmu/data/VILMIL/features_biomedclip_20x/25014311B2.h5,132,1752,7792.0,102582.0,9409.0,71928.0,94790.0,62519.0,7792.0,105654.0,6800.0,74648.0,97862.0,67848.0,1.0324084819073742,1.0852380876213632
25014318B,0,1,ok,/xiangmu/data/VILMIL/features_biomedclip_5x/25014318B.h5,/xiangmu/data/VILMIL/features_biomedclip_20x/25014318B.h5,125,1708,7664.0,105013.0,11313.0,54822.0,97349.0,43509.0,7664.0,109109.0,11313.0,55846.0,101445.0,44533.0,1.0420754193674306,1.0235353605001265
25014627B3,3,1,ok,/xiangmu/data/VILMIL/features_biomedclip_5x/25014627B3.h5,/xiangmu/data/VILMIL/features_biomedclip_20x/25014627B3.h5,147,1862,9536.0,129841.0,8961.0,70343.0,120305.0,61382.0,9536.0,131889.0,8961.0,70343.0,122353.0,61382.0,1.0170233988612276,1.0
25014684B,0,1,ok,/xiangmu/data/VILMIL/features_biomedclip_5x/25014684B.h5,/xiangmu/data/VILMIL/features_biomedclip_20x/25014684B.h5,400,5744,7584.0,153379.0,0.0,85184.0,145795.0,85184.0,7584.0,154403.0,0.0,86208.0,146819.0,86208.0,1.0070235604787545,1.0120210368144253
25015052B3,0,1,ok,/xiangmu/data/VILMIL/features_biomedclip_5x/25015052B3.h5,/xiangmu/data/VILMIL/features_biomedclip_20x/25015052B3.h5,280,4110,7696.0,153552.0,6881.0,61681.0,145856.0,54800.0,7696.0,156624.0,6881.0,64753.0,148928.0,57872.0,1.021061869240895,1.056058394160584
25015064B,0,1,ok,/xiangmu/data/VILMIL/features_biomedclip_5x/25015064B.h5,/xiangmu/data/VILMIL/features_biomedclip_20x/25015064B.h5,74,1022,8640.0,98791.0,7104.0,29040.0,90151.0,21936.0,8640.0,103911.0,7104.0,31330.0,95271.0,24226.0,1.056793601845792,1.1043946024799416
25015070B2,0,1,ok,/xiangmu/data/VILMIL/features_biomedclip_5x/25015070B2.h5,/xiangmu/data/VILMIL/features_biomedclip_20x/25015070B2.h5,218,3053,7328.0,123589.0,6720.0,71296.0,116261.0,64576.0,7328.0,125637.0,6720.0,74368.0,118309.0,67648.0,1.0176155374545204,1.047571853320119
25015087B2,0,1,ok,/xiangmu/data/VILMIL/features_biomedclip_5x/25015087B2.h5,/xiangmu/data/VILMIL/features_biomedclip_20x/25015087B2.h5,225,3171,8272.0,129239.0,7552.0,64896.0,120967.0,57344.0,8272.0,129239.0,7552.0,68992.0,120967.0,61440.0,1.0,1.0714285714285714
25015101B2,1,1,ok,/xiangmu/data/VILMIL/features_biomedclip_5x/25015101B2.h5,/xiangmu/data/VILMIL/features_biomedclip_20x/25015101B2.h5,205,2961,7680.0,110870.0,6368.0,63712.0,103190.0,57344.0,7680.0,111894.0,6368.0,64736.0,104214.0,58368.0,1.009923442194011,1.0178571428571428
25015103B2,2,1,ok,/xiangmu/data/VILMIL/features_biomedclip_5x/25015103B2.h5,/xiangmu/data/VILMIL/features_biomedclip_20x/25015103B2.h5,134,1841,7760.0,110946.0,10704.0,53136.0,103186.0,42432.0,7760.0,111970.0,9744.0,55760.0,104210.0,46016.0,1.009923826875739,1.0844645550527903
25015190B2,1,1,ok,/xiangmu/data/VILMIL/features_biomedclip_5x/25015190B2.h5,/xiangmu/data/VILMIL/features_biomedclip_20x/25015190B2.h5,241,3479,7648.0,121237.0,20674.0,78370.0,113589.0,57696.0,7648.0,128024.0,10129.0,81442.0,120376.0,71313.0,1.0597505040100714,1.236012895174709
25015191B2,4,1,ok,/xiangmu/data/VILMIL/features_biomedclip_5x/25015191B2.h5,/xiangmu/data/VILMIL/features_biomedclip_20x/25015191B2.h5,201,2780,7776.0,126609.0,6624.0,71186.0,118833.0,64562.0,7776.0,126609.0,6624.0,72210.0,118833.0,65586.0,1.0,1.0158607230259287
25015191B3,0,1,ok,/xiangmu/data/VILMIL/features_biomedclip_5x/25015191B3.h5,/xiangmu/data/VILMIL/features_biomedclip_20x/25015191B3.h5,149,2172,7824.0,125730.0,6641.0,53369.0,117906.0,46728.0,7824.0,128802.0,6641.0,57465.0,120978.0,50824.0,1.0260546537071904,1.0876562232494436
25015204B2,0,1,ok,/xiangmu/data/VILMIL/features_biomedclip_5x/25015204B2.h5,/xiangmu/data/VILMIL/features_biomedclip_20x/25015204B2.h5,272,4122,7712.0,148761.0,6800.0,78993.0,141049.0,72193.0,7712.0,149033.0,6800.0,83089.0,141321.0,76289.0,1.001928407858262,1.0567368027371076
25015215B2,1,1,ok,/xiangmu/data/VILMIL/features_biomedclip_5x/25015215B2.h5,/xiangmu/data/VILMIL/features_biomedclip_20x/25015215B2.h5,145,1991,7696.0,118963.0,6912.0,69088.0,111267.0,62176.0,7696.0,122035.0,6912.0,72160.0,114339.0,65248.0,1.0276092642023242,1.049408131755018
25015234B2,2,1,ok,/xiangmu/data/VILMIL/features_biomedclip_5x/25015234B2.h5,/xiangmu/data/VILMIL/features_biomedclip_20x/25015234B2.h5,214,2869,9680.0,135095.0,9665.0,78552.0,125415.0,68887.0,7664.0,136119.0,9665.0,79576.0,128455.0,69911.0,1.0242395247777378,1.0148649237156502
25015408B3,4,1,ok,/xiangmu/data/VILMIL/features_biomedclip_5x/25015408B3.h5,/xiangmu/data/VILMIL/features_biomedclip_20x/25015408B3.h5,149,2090,7520.0,118055.0,6496.0,55552.0,110535.0,49056.0,7520.0,122151.0,6496.0,56576.0,114631.0,50080.0,1.0370561360654995,1.0208741030658839
25015421B3,3,1,ok,/xiangmu/data/VILMIL/features_biomedclip_5x/25015421B3.h5,/xiangmu/data/VILMIL/features_biomedclip_20x/25015421B3.h5,302,4479,7600.0,133585.0,8496.0,66784.0,125985.0,58288.0,7600.0,137681.0,8496.0,69856.0,130081.0,61360.0,1.032511806961146,1.0527038155366457
25015422B,0,1,ok,/xiangmu/data/VILMIL/features_biomedclip_5x/25015422B.h5,/xiangmu/data/VILMIL/features_biomedclip_20x/25015422B.h5,168,2324,7488.0,110758.0,6497.0,55889.0,103270.0,49392.0,7488.0,113830.0,6497.0,62033.0,106342.0,55536.0,1.0297472644524064,1.1243926141885325
25015425B2,1,1,ok,/xiangmu/data/VILMIL/features_biomedclip_5x/25015425B2.h5,/xiangmu/data/VILMIL/features_biomedclip_20x/25015425B2.h5,329,4334,7664.0,135011.0,6784.0,82676.0,127347.0,75892.0,7664.0,141605.0,6784.0,84724.0,133941.0,77940.0,1.0517797827981814,1.0269857165445633
25015471B,1,1,ok,/xiangmu/data/VILMIL/features_biomedclip_5x/25015471B.h5,/xiangmu/data/VILMIL/features_biomedclip_20x/25015471B.h5,388,5827,13088.0,145745.0,2240.0,81329.0,132657.0,79089.0,13088.0,149841.0,2240.0,82353.0,136753.0,80113.0,1.0308766216633876,1.0129474389611703
25015488B2,4,1,ok,/xiangmu/data/VILMIL/features_biomedclip_5x/25015488B2.h5,/xiangmu/data/VILMIL/features_biomedclip_20x/25015488B2.h5,183,2604,10561.0,112330.0,6912.0,67936.0,101769.0,61024.0,10561.0,116426.0,6912.0,71008.0,105865.0,64096.0,1.0402480126561133,1.0503408495018354
25015495B3,4,1,ok,/xiangmu/data/VILMIL/features_biomedclip_5x/25015495B3.h5,/xiangmu/data/VILMIL/features_biomedclip_20x/25015495B3.h5,144,2146,7584.0,137926.0,6480.0,43633.0,130342.0,37153.0,7584.0,139974.0,6480.0,48897.0,132390.0,42417.0,1.0157125101655644,1.1416843861868489
25015495B4,2,1,ok,/xiangmu/data/VILMIL/features_biomedclip_5x/25015495B4.h5,/xiangmu/data/VILMIL/features_biomedclip_20x/25015495B4.h5,219,3259,7888.0,125124.0,6608.0,57824.0,117236.0,51216.0,7888.0,127172.0,6608.0,59872.0,119284.0,53264.0,1.0174690368146304,1.0399875039050297
25015496B,1,1,ok,/xiangmu/data/VILMIL/features_biomedclip_5x/25015496B.h5,/xiangmu/data/VILMIL/features_biomedclip_20x/25015496B.h5,99,1195,7840.0,100161.0,10336.0,54419.0,92321.0,44083.0,7840.0,102209.0,6240.0,59252.0,94369.0,53012.0,1.0221834685499507,1.20254973572579
25015594B2,1,1,ok,/xiangmu/data/VILMIL/features_biomedclip_5x/25015594B2.h5,/xiangmu/data/VILMIL/features_biomedclip_20x/25015594B2.h5,162,2247,7760.0,126752.0,6849.0,58689.0,118992.0,51840.0,7760.0,126752.0,6849.0,60737.0,118992.0,53888.0,1.0,1.039506172839506
25015607B2,0,1,ok,/xiangmu/data/VILMIL/features_biomedclip_5x/25015607B2.h5,/xiangmu/data/VILMIL/features_biomedclip_20x/25015607B2.h5,185,2657,17520.0,127362.0,18114.0,73666.0,109842.0,55552.0,17520.0,130434.0,14993.0,75714.0,112914.0,60721.0,1.0279674441470477,1.0930479550691243
25015608B2,2,1,ok,/xiangmu/data/VILMIL/features_biomedclip_5x/25015608B2.h5,/xiangmu/data/VILMIL/features_biomedclip_20x/25015608B2.h5,206,2952,7632.0,114977.0,13585.0,72850.0,107345.0,59265.0,7632.0,117025.0,13585.0,75025.0,109393.0,61440.0,1.0190786715729656,1.0366995697291825
25015622B2,0,1,ok,/xiangmu/data/VILMIL/features_biomedclip_5x/25015622B2.h5,/xiangmu/data/VILMIL/features_biomedclip_20x/25015622B2.h5,289,3802,7808.0,143580.0,8528.0,71920.0,135772.0,63392.0,7808.0,153086.0,8528.0,78609.0,145278.0,70081.0,1.0700144359661785,1.1055180464411913
25015625B2,4,1,ok,/xiangmu/data/VILMIL/features_biomedclip_5x/25015625B2.h5,/xiangmu/data/VILMIL/features_biomedclip_20x/25015625B2.h5,199,2904,10832.0,116752.0,7760.0,76257.0,105920.0,68497.0,7888.0,119824.0,7760.0,78305.0,111936.0,70545.0,1.056797583081571,1.0298991196694747
25015640B3,4,1,ok,/xiangmu/data/VILMIL/features_biomedclip_5x/25015640B3.h5,/xiangmu/data/VILMIL/features_biomedclip_20x/25015640B3.h5,144,1971,8176.0,113840.0,7073.0,63411.0,105664.0,56338.0,8176.0,116912.0,7073.0,65459.0,108736.0,58386.0,1.0290732889158085,1.036352018176009
25015640B5,2,1,ok,/xiangmu/data/VILMIL/features_biomedclip_5x/25015640B5.h5,/xiangmu/data/VILMIL/features_biomedclip_20x/25015640B5.h5,126,1768,7728.0,98689.0,9408.0,54464.0,90961.0,45056.0,7728.0,101761.0,9408.0,61460.0,94033.0,52052.0,1.03377271577929,1.1552734375
25015784B2,1,1,ok,/xiangmu/data/VILMIL/features_biomedclip_5x/25015784B2.h5,/xiangmu/data/VILMIL/features_biomedclip_20x/25015784B2.h5,51,658,7777.0,81865.0,6688.0,39456.0,74088.0,32768.0,7777.0,83913.0,6688.0,40480.0,76136.0,33792.0,1.0276428031530072,1.03125
25015798B2,1,1,ok,/xiangmu/data/VILMIL/features_biomedclip_5x/25015798B2.h5,/xiangmu/data/VILMIL/features_biomedclip_20x/25015798B2.h5,36,432,10880.0,81409.0,8832.0,45120.0,70529.0,36288.0,10880.0,85505.0,8832.0,48192.0,74625.0,39360.0,1.0580754016078493,1.0846560846560847
25015811B3,0,1,ok,/xiangmu/data/VILMIL/features_biomedclip_5x/25015811B3.h5,/xiangmu/data/VILMIL/features_biomedclip_20x/25015811B3.h5,114,1417,21473.0,119992.0,13266.0,68138.0,98519.0,54872.0,21473.0,123496.0,14290.0,69162.0,102023.0,54872.0,1.0355667434708027,1.0
25015811B4,3,1,ok,/xiangmu/data/VILMIL/features_biomedclip_5x/25015811B4.h5,/xiangmu/data/VILMIL/features_biomedclip_20x/25015811B4.h5,278,3983,8080.0,120712.0,6624.0,77376.0,112632.0,70752.0,8080.0,124808.0,6624.0,80448.0,116728.0,73824.0,1.036366219191704,1.0434192672998643
25015820B,0,1,ok,/xiangmu/data/VILMIL/features_biomedclip_5x/25015820B.h5,/xiangmu/data/VILMIL/features_biomedclip_20x/25015820B.h5,300,4362,8528.0,120729.0,2096.0,82976.0,112201.0,80880.0,8528.0,122777.0,2096.0,84000.0,114249.0,81904.0,1.018252956747266,1.0126607319485659
25015863B2,2,1,ok,/xiangmu/data/VILMIL/features_biomedclip_5x/25015863B2.h5,/xiangmu/data/VILMIL/features_biomedclip_20x/25015863B2.h5,363,5419,17153.0,152855.0,2912.0,82817.0,135702.0,79905.0,10864.0,167453.0,2912.0,85889.0,156589.0,82977.0,1.1539181441688406,1.0384456542143796
25015867B2,4,1,ok,/xiangmu/data/VILMIL/features_biomedclip_5x/25015867B2.h5,/xiangmu/data/VILMIL/features_biomedclip_20x/25015867B2.h5,173,2343,18096.0,137685.0,13409.0,76387.0,119589.0,62978.0,18048.0,139733.0,11793.0,81209.0,121685.0,69416.0,1.0175266955990936,1.1022261742195687
25015870B3,0,1,ok,/xiangmu/data/VILMIL/features_biomedclip_5x/25015870B3.h5,/xiangmu/data/VILMIL/features_biomedclip_20x/25015870B3.h5,180,2419,16960.0,156480.0,8977.0,76841.0,139520.0,67864.0,17984.0,157504.0,8977.0,78889.0,139520.0,69912.0,1.0,1.0301780030649534
25016027B,0,1,ok,/xiangmu/data/VILMIL/features_biomedclip_5x/25016027B.h5,/xiangmu/data/VILMIL/features_biomedclip_20x/25016027B.h5,172,2444,7952.0,125425.0,16723.0,65875.0,117473.0,49152.0,7952.0,126449.0,16723.0,66979.0,118497.0,50256.0,1.0087168966485915,1.0224609375
25016031B2,0,1,ok,/xiangmu/data/VILMIL/features_biomedclip_5x/25016031B2.h5,/xiangmu/data/VILMIL/features_biomedclip_20x/25016031B2.h5,240,3474,8496.0,123623.0,7121.0,72210.0,115127.0,65089.0,8496.0,126695.0,7121.0,73234.0,118199.0,66113.0,1.0266835755296324,1.0157323049977722
25016077B2,3,1,ok,/xiangmu/data/VILMIL/features_biomedclip_5x/25016077B2.h5,/xiangmu/data/VILMIL/features_biomedclip_20x/25016077B2.h5,127,1776,7824.0,94744.0,6576.0,55920.0,86920.0,49344.0,7824.0,96792.0,6576.0,56944.0,88968.0,50368.0,1.0235618959963184,1.020752269779507
25016088B2,3,1,ok,/xiangmu/data/VILMIL/features_biomedclip_5x/25016088B2.h5,/xiangmu/data/VILMIL/features_biomedclip_20x/25016088B2.h5,228,3359,7568.0,131911.0,6368.0,55792.0,124343.0,49424.0,7568.0,136007.0,6368.0,57568.0,128439.0,51200.0,1.032941138624611,1.0359339592101005
25016772B2,4,1,ok,/xiangmu/data/VILMIL/features_biomedclip_5x/25016772B2.h5,/xiangmu/data/VILMIL/features_biomedclip_20x/25016772B2.h5,345,4967,8016.0,137704.0,5072.0,82896.0,129688.0,77824.0,8016.0,138728.0,6096.0,85552.0,130712.0,79456.0,1.0078958731725371,1.020970394736842
25016785B2,3,1,ok,/xiangmu/data/VILMIL/features_biomedclip_5x/25016785B2.h5,/xiangmu/data/VILMIL/features_biomedclip_20x/25016785B2.h5,420,6163,8320.0,143574.0,0.0,79584.0,135254.0,79584.0,8320.0,150764.0,0.0,80608.0,142444.0,80608.0,1.0531592411315007,1.0128669079211903
25016801B2,2,1,ok,/xiangmu/data/VILMIL/features_biomedclip_5x/25016801B2.h5,/xiangmu/data/VILMIL/features_biomedclip_20x/25016801B2.h5,370,5448,7680.0,137888.0,4144.0,82640.0,130208.0,78496.0,7680.0,138912.0,4144.0,83664.0,131232.0,79520.0,1.0078643401327108,1.0130452507134122
25016827B2,3,1,ok,/xiangmu/data/VILMIL/features_biomedclip_5x/25016827B2.h5,/xiangmu/data/VILMIL/features_biomedclip_20x/25016827B2.h5,277,3978,8304.0,125058.0,8017.0,75393.0,116754.0,67376.0,8304.0,140563.0,8017.0,78465.0,132259.0,70448.0,1.1328005892731727,1.0455948705770601
25016829B2,2,1,ok,/xiangmu/data/VILMIL/features_biomedclip_5x/25016829B2.h5,/xiangmu/data/VILMIL/features_biomedclip_20x/25016829B2.h5,201,2897,7456.0,117072.0,5888.0,64450.0,109616.0,58562.0,7456.0,117072.0,5888.0,68546.0,109616.0,62658.0,1.0,1.069942966428742
25016903B4,3,1,ok,/xiangmu/data/VILMIL/features_biomedclip_5x/25016903B4.h5,/xiangmu/data/VILMIL/features_biomedclip_20x/25016903B4.h5,274,3930,7696.0,112277.0,9280.0,73345.0,104581.0,64065.0,7696.0,113301.0,9280.0,75393.0,105605.0,66113.0,1.0097914535145007,1.031967532974323
25016905B4,3,1,ok,/xiangmu/data/VILMIL/features_biomedclip_5x/25016905B4.h5,/xiangmu/data/VILMIL/features_biomedclip_20x/25016905B4.h5,165,2378,9792.0,121827.0,10577.0,52177.0,112035.0,41600.0,9792.0,122851.0,10577.0,54225.0,113059.0,43648.0,1.0091400008925782,1.0492307692307692
25016915B2,1,1,ok,/xiangmu/data/VILMIL/features_biomedclip_5x/25016915B2.h5,/xiangmu/data/VILMIL/features_biomedclip_20x/25016915B2.h5,193,2497,7552.0,133411.0,19922.0,70839.0,125859.0,50917.0,7552.0,151958.0,8977.0,78361.0,144406.0,69384.0,1.1473633192699768,1.3626882966396292
25016926B2,3,1,ok,/xiangmu/data/VILMIL/features_biomedclip_5x/25016926B2.h5,/xiangmu/data/VILMIL/features_biomedclip_20x/25016926B2.h5,292,4024,61921.0,186658.0,8481.0,78018.0,124737.0,69537.0,61921.0,193699.0,8481.0,78018.0,131778.0,69537.0,1.0564467639914379,1.0
25017073B2,4,1,ok,/xiangmu/data/VILMIL/features_biomedclip_5x/25017073B2.h5,/xiangmu/data/VILMIL/features_biomedclip_20x/25017073B2.h5,148,2194,7680.0,125712.0,6512.0,39616.0,118032.0,33104.0,7680.0,128784.0,6512.0,40304.0,121104.0,33792.0,1.0260268401789345,1.0207829869502174
25017089B2,2,1,ok,/xiangmu/data/VILMIL/features_biomedclip_5x/25017089B2.h5,/xiangmu/data/VILMIL/features_biomedclip_20x/25017089B2.h5,308,4519,7632.0,131012.0,7280.0,78128.0,123380.0,70848.0,7632.0,133060.0,7280.0,79152.0,125428.0,71872.0,1.0165991246555357,1.014453477868112
25017211B2,0,1,ok,/xiangmu/data/VILMIL/features_biomedclip_5x/25017211B2.h5,/xiangmu/data/VILMIL/features_biomedclip_20x/25017211B2.h5,264,3869,7776.0,122080.0,5744.0,73698.0,114304.0,67954.0,7776.0,123104.0,5744.0,75376.0,115328.0,69632.0,1.0089585666293392,1.0246931747947141
25017218B3,3,1,ok,/xiangmu/data/VILMIL/features_biomedclip_5x/25017218B3.h5,/xiangmu/data/VILMIL/features_biomedclip_20x/25017218B3.h5,157,1970,7968.0,113155.0,6529.0,63873.0,105187.0,57344.0,7968.0,116227.0,6529.0,65921.0,108259.0,59392.0,1.029205129911491,1.0357142857142858
25017220B2,3,1,ok,/xiangmu/data/VILMIL/features_biomedclip_5x/25017220B2.h5,/xiangmu/data/VILMIL/features_biomedclip_20x/25017220B2.h5,259,3397,7536.0,126227.0,2224.0,81408.0,118691.0,79184.0,7536.0,145989.0,2224.0,85145.0,138453.0,82921.0,1.1664995661002098,1.0471938775510203
25017227B2,4,1,ok,/xiangmu/data/VILMIL/features_biomedclip_5x/25017227B2.h5,/xiangmu/data/VILMIL/features_biomedclip_20x/25017227B2.h5,314,4567,7552.0,121319.0,7120.0,69216.0,113767.0,62096.0,7552.0,124391.0,6608.0,70608.0,116839.0,64000.0,1.0270025578594848,1.030662200463798
25017242B2,2,1,ok,/xiangmu/data/VILMIL/features_biomedclip_5x/25017242B2.h5,/xiangmu/data/VILMIL/features_biomedclip_20x/25017242B2.h5,279,4033,7904.0,127426.0,7728.0,69841.0,119522.0,62113.0,7904.0,131522.0,7728.0,71889.0,123618.0,64161.0,1.0342698415354494,1.0329721636372418
25017320B2,4,1,ok,/xiangmu/data/VILMIL/features_biomedclip_5x/25017320B2.h5,/xiangmu/data/VILMIL/features_biomedclip_20x/25017320B2.h5,283,4129,7808.0,119092.0,6448.0,65952.0,111284.0,59504.0,7808.0,134424.0,6448.0,76592.0,126616.0,70144.0,1.1377736242406815,1.1788115084700188
25017322B2,1,1,ok,/xiangmu/data/VILMIL/features_biomedclip_5x/25017322B2.h5,/xiangmu/data/VILMIL/features_biomedclip_20x/25017322B2.h5,333,4954,10000.0,136146.0,5488.0,75313.0,126146.0,69825.0,10000.0,154132.0,5488.0,79409.0,144132.0,73921.0,1.142580819050941,1.0586609380594343
25017338B3,1,1,ok,/xiangmu/data/VILMIL/features_biomedclip_5x/25017338B3.h5,/xiangmu/data/VILMIL/features_biomedclip_20x/25017338B3.h5,309,4511,7536.0,126145.0,4352.0,82321.0,118609.0,77969.0,7536.0,129217.0,4352.0,83946.0,121681.0,79594.0,1.0259002267956057,1.0208416165399068
25017341B3,3,1,ok,/xiangmu/data/VILMIL/features_biomedclip_5x/25017341B3.h5,/xiangmu/data/VILMIL/features_biomedclip_20x/25017341B3.h5,119,1641,7632.0,94724.0,11826.0,58563.0,87092.0,46737.0,7632.0,97796.0,11826.0,61635.0,90164.0,49809.0,1.0352730445965186,1.0657295076705822
25017341B4,4,1,ok,/xiangmu/data/VILMIL/features_biomedclip_5x/25017341B4.h5,/xiangmu/data/VILMIL/features_biomedclip_20x/25017341B4.h5,108,1485,7616.0,97042.0,6401.0,44977.0,89426.0,38576.0,7616.0,100114.0,6401.0,46001.0,92498.0,39600.0,1.034352425469103,1.0265450020738283
25017342B2,3,1,ok,/xiangmu/data/VILMIL/features_biomedclip_5x/25017342B2.h5,/xiangmu/data/VILMIL/features_biomedclip_20x/25017342B2.h5,133,1906,7568.0,88388.0,9617.0,57713.0,80820.0,48096.0,7568.0,93508.0,6656.0,59761.0,85940.0,53105.0,1.0633506557782728,1.104145874916833
25017354B5,2,1,ok,/xiangmu/data/VILMIL/features_biomedclip_5x/25017354B5.h5,/xiangmu/data/VILMIL/features_biomedclip_20x/25017354B5.h5,119,1549,7680.0,96321.0,6624.0,54640.0,88641.0,48016.0,7680.0,98369.0,6624.0,58736.0,90689.0,52112.0,1.0231044324860956,1.085304898367211
25017355B1,0,1,ok,/xiangmu/data/VILMIL/features_biomedclip_5x/25017355B1.h5,/xiangmu/data/VILMIL/features_biomedclip_20x/25017355B1.h5,321,4467,7856.0,127811.0,1136.0,83616.0,119955.0,82480.0,7856.0,130883.0,1136.0,86688.0,123027.0,85552.0,1.0256096036013505,1.0372453928225025
25017355B4,0,1,ok,/xiangmu/data/VILMIL/features_biomedclip_5x/25017355B4.h5,/xiangmu/data/VILMIL/features_biomedclip_20x/25017355B4.h5,142,1808,7728.0,117271.0,12017.0,59106.0,109543.0,47089.0,7728.0,142346.0,128.0,67496.0,134618.0,67368.0,1.2289055439416485,1.430652594024082
25017372B2,1,1,ok,/xiangmu/data/VILMIL/features_biomedclip_5x/25017372B2.h5,/xiangmu/data/VILMIL/features_biomedclip_20x/25017372B2.h5,152,1867,11472.0,120673.0,8528.0,69136.0,109201.0,60608.0,7888.0,123745.0,8528.0,73232.0,115857.0,64704.0,1.0609518227855057,1.0675818373812038
25017383B2,4,1,ok,/xiangmu/data/VILMIL/features_biomedclip_5x/25017383B2.h5,/xiangmu/data/VILMIL/features_biomedclip_20x/25017383B2.h5,174,2570,7632.0,112579.0,10002.0,55202.0,104947.0,45200.0,7632.0,115651.0,10002.0,60322.0,108019.0,50320.0,1.0292719182063328,1.1132743362831858
25017499B,3,1,ok,/xiangmu/data/VILMIL/features_biomedclip_5x/25017499B.h5,/xiangmu/data/VILMIL/features_biomedclip_20x/25017499B.h5,42,597,7552.0,88436.0,9059.0,27733.0,80884.0,18674.0,7552.0,90484.0,9059.0,31829.0,82932.0,22770.0,1.0253202116611444,1.2193424011995289
25017500B,4,1,ok,/xiangmu/data/VILMIL/features_biomedclip_5x/25017500B.h5,/xiangmu/data/VILMIL/features_biomedclip_20x/25017500B.h5,36,489,7920.0,98240.0,7569.0,27649.0,90320.0,20080.0,7920.0,99264.0,7569.0,31745.0,91344.0,24176.0,1.0113374667847652,1.2039840637450199
25017515B2,3,1,ok,/xiangmu/data/VILMIL/features_biomedclip_5x/25017515B2.h5,/xiangmu/data/VILMIL/features_biomedclip_20x/25017515B2.h5,412,6028,8080.0,164938.0,1872.0,79696.0,156858.0,77824.0,8080.0,169034.0,1872.0,83792.0,160954.0,81920.0,1.026112789911895,1.0526315789473684
25017518B2,2,1,ok,/xiangmu/data/VILMIL/features_biomedclip_5x/25017518B2.h5,/xiangmu/data/VILMIL/features_biomedclip_20x/25017518B2.h5,328,4794,7584.0,167350.0,17569.0,70817.0,159766.0,53248.0,7584.0,168651.0,6928.0,76149.0,161067.0,69221.0,1.0081431593705794,1.2999737079326923
25017538B4,2,1,ok,/xiangmu/data/VILMIL/features_biomedclip_5x/25017538B4.h5,/xiangmu/data/VILMIL/features_biomedclip_20x/25017538B4.h5,226,3081,7728.0,128278.0,12162.0,74731.0,120550.0,62569.0,7728.0,130053.0,12162.0,75755.0,122325.0,63593.0,1.0147241808378267,1.0163659320110598
25017539B2,1,1,ok,/xiangmu/data/VILMIL/features_biomedclip_5x/25017539B2.h5,/xiangmu/data/VILMIL/features_biomedclip_20x/25017539B2.h5,275,4009,14800.0,158084.0,11792.0,68513.0,143284.0,56721.0,7536.0,159108.0,7696.0,70561.0,151572.0,62865.0,1.057843164624103,1.1083196699635056
25017539B3,3,1,ok,/xiangmu/data/VILMIL/features_biomedclip_5x/25017539B3.h5,/xiangmu/data/VILMIL/features_biomedclip_20x/25017539B3.h5,333,4823,48803.0,185224.0,20002.0,78018.0,136421.0,58016.0,48803.0,188296.0,20002.0,83138.0,139493.0,63136.0,1.0225185272062218,1.0882515168229454
25017589B6,1,1,ok,/xiangmu/data/VILMIL/features_biomedclip_5x/25017589B6.h5,/xiangmu/data/VILMIL/features_biomedclip_20x/25017589B6.h5,153,2176,7600.0,96134.0,6192.0,75584.0,88534.0,69392.0,7600.0,100230.0,6192.0,78656.0,92630.0,72464.0,1.0462647118621096,1.044270232879871
25017592B3,1,1,ok,/xiangmu/data/VILMIL/features_biomedclip_5x/25017592B3.h5,/xiangmu/data/VILMIL/features_biomedclip_20x/25017592B3.h5,97,1178,7856.0,89426.0,6561.0,56984.0,81570.0,50423.0,7856.0,91474.0,6561.0,61080.0,83618.0,54519.0,1.0251072698295942,1.0812327707593756
25017711B,0,1,ok,/xiangmu/data/VILMIL/features_biomedclip_5x/25017711B.h5,/xiangmu/data/VILMIL/features_biomedclip_20x/25017711B.h5,384,5679,7696.0,132167.0,0.0,81232.0,124471.0,81232.0,7696.0,137052.0,0.0,83280.0,129356.0,83280.0,1.0392460894505549,1.0252117392160724
25017716B2,3,1,ok,/xiangmu/data/VILMIL/features_biomedclip_5x/25017716B2.h5,/xiangmu/data/VILMIL/features_biomedclip_20x/25017716B2.h5,218,3169,7520.0,114117.0,6544.0,67984.0,106597.0,61440.0,7520.0,117189.0,6544.0,70032.0,109669.0,63488.0,1.0288188222933103,1.0333333333333334
25017718B2,3,1,ok,/xiangmu/data/VILMIL/features_biomedclip_5x/25017718B2.h5,/xiangmu/data/VILMIL/features_biomedclip_20x/25017718B2.h5,214,3188,72145.0,188723.0,11809.0,69153.0,116578.0,57344.0,72145.0,191123.0,11809.0,70177.0,118978.0,58368.0,1.0205870747482373,1.0178571428571428
25017730B2,4,1,ok,/xiangmu/data/VILMIL/features_biomedclip_5x/25017730B2.h5,/xiangmu/data/VILMIL/features_biomedclip_20x/25017730B2.h5,153,2270,7632.0,129296.0,12097.0,70306.0,121664.0,58209.0,7632.0,131664.0,12097.0,72354.0,124032.0,60257.0,1.0194634402945817,1.0351835626793107
25017738B2,1,1,ok,/xiangmu/data/VILMIL/features_biomedclip_5x/25017738B2.h5,/xiangmu/data/VILMIL/features_biomedclip_20x/25017738B2.h5,334,4902,47440.0,174769.0,6736.0,76368.0,127329.0,69632.0,47440.0,176817.0,6736.0,77536.0,129377.0,70800.0,1.0160843170055525,1.0167738970588236
25017739B2,2,1,ok,/xiangmu/data/VILMIL/features_biomedclip_5x/25017739B2.h5,/xiangmu/data/VILMIL/features_biomedclip_20x/25017739B2.h5,281,4162,8208.0,114439.0,1152.0,75696.0,106231.0,74544.0,8208.0,117511.0,1152.0,77744.0,109303.0,76592.0,1.0289181124153965,1.0274737068040352
25017748B2,1,1,ok,/xiangmu/data/VILMIL/features_biomedclip_5x/25017748B2.h5,/xiangmu/data/VILMIL/features_biomedclip_20x/25017748B2.h5,192,2671,7792.0,130691.0,10577.0,65169.0,122899.0,54592.0,7792.0,132739.0,10577.0,66193.0,124947.0,55616.0,1.0166640900251427,1.018757327080891
25017767B2,1,1,ok,/xiangmu/data/VILMIL/features_biomedclip_5x/25017767B2.h5,/xiangmu/data/VILMIL/features_biomedclip_20x/25017767B2.h5,210,2984,7568.0,111572.0,6465.0,68049.0,104004.0,61584.0,7568.0,115671.0,6465.0,71121.0,108103.0,64656.0,1.0394119456943964,1.0498830865159783
25017923B,0,1,ok,/xiangmu/data/VILMIL/features_biomedclip_5x/25017923B.h5,/xiangmu/data/VILMIL/features_biomedclip_20x/25017923B.h5,119,1532,9072.0,108632.0,8112.0,45137.0,99560.0,37025.0,9072.0,111704.0,8112.0,54837.0,102632.0,46725.0,1.0308557653676176,1.2619851451721809
25017930B,4,1,ok,/xiangmu/data/VILMIL/features_biomedclip_5x/25017930B.h5,/xiangmu/data/VILMIL/features_biomedclip_20x/25017930B.h5,115,1492,7664.0,116833.0,35476.0,80873.0,109169.0,45397.0,7664.0,120337.0,35476.0,81897.0,112673.0,46421.0,1.0320970238804057,1.0225565566006565
25017932B2,2,1,ok,/xiangmu/data/VILMIL/features_biomedclip_5x/25017932B2.h5,/xiangmu/data/VILMIL/features_biomedclip_20x/25017932B2.h5,93,1261,7856.0,103925.0,13792.0,51056.0,96069.0,37264.0,7856.0,105973.0,13792.0,52080.0,98117.0,38288.0,1.0213180110129179,1.0274796049806785
25017948B3,0,1,ok,/xiangmu/data/VILMIL/features_biomedclip_5x/25017948B3.h5,/xiangmu/data/VILMIL/features_biomedclip_20x/25017948B3.h5,288,4183,7712.0,123496.0,4592.0,78400.0,115784.0,73808.0,7712.0,124520.0,4592.0,81472.0,116808.0,76880.0,1.0088440544462103,1.0416215044439627
25018002B2,1,1,ok,/xiangmu/data/VILMIL/features_biomedclip_5x/25018002B2.h5,/xiangmu/data/VILMIL/features_biomedclip_20x/25018002B2.h5,249,3688,7776.0,125170.0,6368.0,70288.0,117394.0,63920.0,7776.0,125170.0,6368.0,74384.0,117394.0,68016.0,1.0,1.0640801001251565
25018050B2,4,1,ok,/xiangmu/data/VILMIL/features_biomedclip_5x/25018050B2.h5,/xiangmu/data/VILMIL/features_biomedclip_20x/25018050B2.h5,195,2805,11249.0,115112.0,8561.0,70001.0,103863.0,61440.0,11249.0,117160.0,8561.0,72049.0,105911.0,63488.0,1.0197182827378373,1.0333333333333334
25018453B2,4,1,ok,/xiangmu/data/VILMIL/features_biomedclip_5x/25018453B2.h5,/xiangmu/data/VILMIL/features_biomedclip_20x/25018453B2.h5,168,2250,8064.0,100769.0,10912.0,66881.0,92705.0,55969.0,8064.0,102817.0,10912.0,68929.0,94753.0,58017.0,1.0220915808208835,1.0365916846825922
25018457B2,4,1,ok,/xiangmu/data/VILMIL/features_biomedclip_5x/25018457B2.h5,/xiangmu/data/VILMIL/features_biomedclip_20x/25018457B2.h5,282,4148,7856.0,141621.0,4384.0,74201.0,133765.0,69817.0,7856.0,144693.0,4384.0,77273.0,136837.0,72889.0,1.022965648712294,1.044000744804274
25018478B2,4,1,ok,/xiangmu/data/VILMIL/features_biomedclip_5x/25018478B2.h5,/xiangmu/data/VILMIL/features_biomedclip_20x/25018478B2.h5,229,3256,8032.0,130386.0,512.0,65040.0,122354.0,64528.0,8032.0,132434.0,512.0,68112.0,124402.0,67600.0,1.016738316687644,1.0476072402677907
25018571B2,4,1,ok,/xiangmu/data/VILMIL/features_biomedclip_5x/25018571B2.h5,/xiangmu/data/VILMIL/features_biomedclip_20x/25018571B2.h5,339,4925,7664.0,145410.0,5168.0,76256.0,137746.0,71088.0,7664.0,146434.0,5168.0,77611.0,138770.0,72443.0,1.0074339726743426,1.0190608822867433
25018584B,3,1,ok,/xiangmu/data/VILMIL/features_biomedclip_5x/25018584B.h5,/xiangmu/data/VILMIL/features_biomedclip_20x/25018584B.h5,246,3393,8144.0,140402.0,6576.0,62992.0,132258.0,56416.0,8144.0,144498.0,6576.0,67088.0,136354.0,60512.0,1.0309697712047665,1.0726035167328418
25018592B,3,1,ok,/xiangmu/data/VILMIL/features_biomedclip_5x/25018592B.h5,/xiangmu/data/VILMIL/features_biomedclip_20x/25018592B.h5,98,1359,7552.0,86341.0,21105.0,62065.0,78789.0,40960.0,7552.0,89413.0,21105.0,64113.0,81861.0,43008.0,1.0389902143700263,1.05
25018910B2,4,1,ok,/xiangmu/data/VILMIL/features_biomedclip_5x/25018910B2.h5,/xiangmu/data/VILMIL/features_biomedclip_20x/25018910B2.h5,145,2088,7712.0,94263.0,6417.0,70178.0,86551.0,63761.0,7712.0,96311.0,6417.0,71202.0,88599.0,64785.0,1.0236623493662695,1.0160599739652765
25018956B3,3,1,ok,/xiangmu/data/VILMIL/features_biomedclip_5x/25018956B3.h5,/xiangmu/data/VILMIL/features_biomedclip_20x/25018956B3.h5,108,1526,7680.0,88097.0,6417.0,49298.0,80417.0,42881.0,7680.0,91169.0,6417.0,51346.0,83489.0,44929.0,1.038200877923822,1.0477600802220097
25019081B3,1,1,ok,/xiangmu/data/VILMIL/features_biomedclip_5x/25019081B3.h5,/xiangmu/data/VILMIL/features_biomedclip_20x/25019081B3.h5,301,4444,8528.0,112294.0,2640.0,81088.0,103766.0,78448.0,8528.0,114342.0,2640.0,85184.0,105814.0,82544.0,1.0197367153017367,1.0522129308586579
25019094B8,2,1,ok,/xiangmu/data/VILMIL/features_biomedclip_5x/25019094B8.h5,/xiangmu/data/VILMIL/features_biomedclip_20x/25019094B8.h5,265,3900,7664.0,139047.0,2720.0,71489.0,131383.0,68769.0,7664.0,142119.0,2720.0,73537.0,134455.0,70817.0,1.023382020504936,1.0297808605621719
25019102B4,3,1,ok,/xiangmu/data/VILMIL/features_biomedclip_5x/25019102B4.h5,/xiangmu/data/VILMIL/features_biomedclip_20x/25019102B4.h5,312,4517,10096.0,133578.0,6240.0,79968.0,123482.0,73728.0,10096.0,138698.0,6240.0,83040.0,128602.0,76800.0,1.0414635331465314,1.0416666666666667
25019107B,2,1,ok,/xiangmu/data/VILMIL/features_biomedclip_5x/25019107B.h5,/xiangmu/data/VILMIL/features_biomedclip_20x/25019107B.h5,235,3417,7696.0,100066.0,736.0,72897.0,92370.0,72161.0,7696.0,104162.0,736.0,74945.0,96466.0,74209.0,1.0443434015372957,1.0283809814165545
25019273B,0,1,ok,/xiangmu/data/VILMIL/features_biomedclip_5x/25019273B.h5,/xiangmu/data/VILMIL/features_biomedclip_20x/25019273B.h5,379,5410,8032.0,135202.0,6768.0,84497.0,127170.0,77729.0,8032.0,138274.0,6768.0,86545.0,130242.0,79777.0,1.0241566407171503,1.0263479525016403
25019283B2,1,1,ok,/xiangmu/data/VILMIL/features_biomedclip_5x/25019283B2.h5,/xiangmu/data/VILMIL/features_biomedclip_20x/25019283B2.h5,166,2178,7680.0,99440.0,7712.0,74134.0,91760.0,66422.0,7680.0,101488.0,7712.0,76182.0,93808.0,68470.0,1.0223190932868351,1.0308331576887175
25019284B2,4,1,ok,/xiangmu/data/VILMIL/features_biomedclip_5x/25019284B2.h5,/xiangmu/data/VILMIL/features_biomedclip_20x/25019284B2.h5,244,3526,8016.0,102487.0,6448.0,72097.0,94471.0,65649.0,8016.0,104535.0,6448.0,75169.0,96519.0,68721.0,1.0216786103672026,1.0467943152218617
25019294B1,1,1,ok,/xiangmu/data/VILMIL/features_biomedclip_5x/25019294B1.h5,/xiangmu/data/VILMIL/features_biomedclip_20x/25019294B1.h5,35,453,7616.0,63874.0,33364.0,61108.0,56258.0,27744.0,7616.0,67970.0,33364.0,62132.0,60354.0,28768.0,1.0728074229442923,1.0369088811995386
25019294B2,2,1,ok,/xiangmu/data/VILMIL/features_biomedclip_5x/25019294B2.h5,/xiangmu/data/VILMIL/features_biomedclip_20x/25019294B2.h5,38,464,7729.0,56106.0,14417.0,39249.0,48377.0,24832.0,7729.0,59178.0,13905.0,43345.0,51449.0,29440.0,1.0635012505942907,1.1855670103092784
25019335B6,4,1,ok,/xiangmu/data/VILMIL/features_biomedclip_5x/25019335B6.h5,/xiangmu/data/VILMIL/features_biomedclip_20x/25019335B6.h5,150,1992,8528.0,93522.0,11728.0,69904.0,84994.0,58176.0,8528.0,95570.0,11728.0,71952.0,87042.0,60224.0,1.0240958185283666,1.0352035203520351
25019339B2,3,1,ok,/xiangmu/data/VILMIL/features_biomedclip_5x/25019339B2.h5,/xiangmu/data/VILMIL/features_biomedclip_20x/25019339B2.h5,227,3354,7728.0,104245.0,4112.0,69553.0,96517.0,65441.0,7728.0,105269.0,4112.0,73649.0,97541.0,69537.0,1.0106095299273703,1.0625907305817455
25019339B3,3,1,ok,/xiangmu/data/VILMIL/features_biomedclip_5x/25019339B3.h5,/xiangmu/data/VILMIL/features_biomedclip_20x/25019339B3.h5,211,3018,7776.0,96117.0,7808.0,69617.0,88341.0,61809.0,7776.0,97141.0,7808.0,73713.0,89365.0,65905.0,1.0115914467800908,1.066268666375447
25019352B2,4,1,ok,/xiangmu/data/VILMIL/features_biomedclip_5x/25019352B2.h5,/xiangmu/data/VILMIL/features_biomedclip_20x/25019352B2.h5,232,3152,7696.0,119024.0,7217.0,67042.0,111328.0,59825.0,7696.0,121072.0,7217.0,69090.0,113376.0,61873.0,1.0183960908306984,1.0342331801086502
25019376B2,3,1,ok,/xiangmu/data/VILMIL/features_biomedclip_5x/25019376B2.h5,/xiangmu/data/VILMIL/features_biomedclip_20x/25019376B2.h5,412,6083,7632.0,145122.0,6288.0,84112.0,137490.0,77824.0,7632.0,149218.0,6288.0,86160.0,141586.0,79872.0,1.0297912575460033,1.0263157894736843
25019379B,2,1,ok,/xiangmu/data/VILMIL/features_biomedclip_5x/25019379B.h5,/xiangmu/data/VILMIL/features_biomedclip_20x/25019379B.h5,219,3103,13184.0,135334.0,2960.0,71394.0,122150.0,68434.0,13184.0,137558.0,2960.0,75490.0,124374.0,72530.0,1.0182071223905034,1.05985328930064
25019384B2,0,1,ok,/xiangmu/data/VILMIL/features_biomedclip_5x/25019384B2.h5,/xiangmu/data/VILMIL/features_biomedclip_20x/25019384B2.h5,226,3241,7680.0,131171.0,6800.0,80034.0,123491.0,73234.0,7680.0,135267.0,6800.0,81058.0,127587.0,74258.0,1.0331684090338566,1.0139825763989403
25019457B2,1,1,ok,/xiangmu/data/VILMIL/features_biomedclip_5x/25019457B2.h5,/xiangmu/data/VILMIL/features_biomedclip_20x/25019457B2.h5,192,2629,7680.0,107985.0,13472.0,77072.0,100305.0,63600.0,7680.0,112081.0,13472.0,77072.0,104401.0,63600.0,1.040835451871791,1.0
25019468B2,3,1,ok,/xiangmu/data/VILMIL/features_biomedclip_5x/25019468B2.h5,/xiangmu/data/VILMIL/features_biomedclip_20x/25019468B2.h5,185,2556,8192.0,128982.0,6768.0,81508.0,120790.0,74740.0,8192.0,132054.0,6768.0,85604.0,123862.0,78836.0,1.0254325689212682,1.0548033181696548
25019474B2,1,1,ok,/xiangmu/data/VILMIL/features_biomedclip_5x/25019474B2.h5,/xiangmu/data/VILMIL/features_biomedclip_20x/25019474B2.h5,251,3619,7728.0,125512.0,6816.0,74648.0,117784.0,67832.0,7728.0,128584.0,6816.0,78744.0,120856.0,71928.0,1.026081640969911,1.0603844793018045
25019503B,1,1,ok,/xiangmu/data/VILMIL/features_biomedclip_5x/25019503B.h5,/xiangmu/data/VILMIL/features_biomedclip_20x/25019503B.h5,109,1589,62049.0,140370.0,8401.0,45265.0,78321.0,36864.0,62049.0,141394.0,8401.0,47313.0,79345.0,38912.0,1.0130743989479194,1.0555555555555556
25019508B4,4,1,ok,/xiangmu/data/VILMIL/features_biomedclip_5x/25019508B4.h5,/xiangmu/data/VILMIL/features_biomedclip_20x/25019508B4.h5,178,2594,8288.0,110421.0,6753.0,60690.0,102133.0,53937.0,8288.0,111445.0,6753.0,61714.0,103157.0,54961.0,1.0100261423829713,1.0189851122606004
25019621B2,1,1,ok,/xiangmu/data/VILMIL/features_biomedclip_5x/25019621B2.h5,/xiangmu/data/VILMIL/features_biomedclip_20x/25019621B2.h5,124,1765,7696.0,107446.0,15457.0,72801.0,99750.0,57344.0,7696.0,111542.0,15457.0,73825.0,103846.0,58368.0,1.041062656641604,1.0178571428571428
25019621B4,2,1,ok,/xiangmu/data/VILMIL/features_biomedclip_5x/25019621B4.h5,/xiangmu/data/VILMIL/features_biomedclip_20x/25019621B4.h5,181,2623,8128.0,92919.0,6160.0,75473.0,84791.0,69313.0,8128.0,97015.0,6160.0,76497.0,88887.0,70337.0,1.0483070137160784,1.014773563400805
25019629B2,1,1,ok,/xiangmu/data/VILMIL/features_biomedclip_5x/25019629B2.h5,/xiangmu/data/VILMIL/features_biomedclip_20x/25019629B2.h5,166,2187,8144.0,113139.0,6464.0,64865.0,104995.0,58401.0,8144.0,114163.0,6464.0,65889.0,106019.0,59425.0,1.0097528453735891,1.0175339463365354
25019675B2,4,1,ok,/xiangmu/data/VILMIL/features_biomedclip_5x/25019675B2.h5,/xiangmu/data/VILMIL/features_biomedclip_20x/25019675B2.h5,172,2526,9489.0,96631.0,14801.0,76050.0,87142.0,61249.0,9489.0,98679.0,14801.0,77074.0,89190.0,62273.0,1.0235018705102017,1.0167186403043316
25019705B2,4,1,ok,/xiangmu/data/VILMIL/features_biomedclip_5x/25019705B2.h5,/xiangmu/data/VILMIL/features_biomedclip_20x/25019705B2.h5,276,4073,7664.0,124432.0,3120.0,70673.0,116768.0,67553.0,7664.0,125456.0,3120.0,71697.0,117792.0,68577.0,1.0087695258975062,1.0151584681657366
25019716B2,1,1,ok,/xiangmu/data/VILMIL/features_biomedclip_5x/25019716B2.h5,/xiangmu/data/VILMIL/features_biomedclip_20x/25019716B2.h5,186,2594,8161.0,93704.0,7360.0,72208.0,85543.0,64848.0,8161.0,100733.0,8384.0,75280.0,92572.0,66896.0,1.0821692014542394,1.0315815445349124
25019773B3,3,1,ok,/xiangmu/data/VILMIL/features_biomedclip_5x/25019773B3.h5,/xiangmu/data/VILMIL/features_biomedclip_20x/25019773B3.h5,139,1993,7569.0,99001.0,6513.0,48033.0,91432.0,41520.0,7569.0,101049.0,6513.0,50081.0,93480.0,43568.0,1.0223991600314988,1.049325626204239
25019776B2,4,1,ok,/xiangmu/data/VILMIL/features_biomedclip_5x/25019776B2.h5,/xiangmu/data/VILMIL/features_biomedclip_20x/25019776B2.h5,287,4229,7616.0,112256.0,10304.0,71744.0,104640.0,61440.0,7616.0,115328.0,10304.0,73792.0,107712.0,63488.0,1.0293577981651376,1.0333333333333334
25019790B2,2,1,ok,/xiangmu/data/VILMIL/features_biomedclip_5x/25019790B2.h5,/xiangmu/data/VILMIL/features_biomedclip_20x/25019790B2.h5,438,6505,8176.0,152632.0,6240.0,79009.0,144456.0,72769.0,8176.0,157752.0,6240.0,80033.0,149576.0,73793.0,1.0354433183806835,1.0140719262323241
25019806B2,3,1,ok,/xiangmu/data/VILMIL/features_biomedclip_5x/25019806B2.h5,/xiangmu/data/VILMIL/features_biomedclip_20x/25019806B2.h5,220,3141,7776.0,136218.0,1424.0,71795.0,128442.0,70371.0,7776.0,141338.0,1424.0,72819.0,133562.0,71395.0,1.0398623503215458,1.0145514487501954
25020232B,2,1,ok,/xiangmu/data/VILMIL/features_biomedclip_5x/25020232B.h5,/xiangmu/data/VILMIL/features_biomedclip_20x/25020232B.h5,341,4933,7520.0,137843.0,6672.0,76929.0,130323.0,70257.0,7520.0,140915.0,6672.0,80001.0,133395.0,73329.0,1.0235722013765798,1.0437251804090695
25020257B2,1,1,ok,/xiangmu/data/VILMIL/features_biomedclip_5x/25020257B2.h5,/xiangmu/data/VILMIL/features_biomedclip_20x/25020257B2.h5,287,4243,7616.0,128564.0,12673.0,77010.0,120948.0,64337.0,7616.0,131636.0,12673.0,79058.0,124020.0,66385.0,1.0253993451731322,1.0318323826103175
25020263B2,2,1,ok,/xiangmu/data/VILMIL/features_biomedclip_5x/25020263B2.h5,/xiangmu/data/VILMIL/features_biomedclip_20x/25020263B2.h5,348,4827,7632.0,148375.0,7072.0,81200.0,140743.0,74128.0,7632.0,150423.0,7072.0,82224.0,142791.0,75152.0,1.0145513453599824,1.013813943449169
25020282B2,4,1,ok,/xiangmu/data/VILMIL/features_biomedclip_5x/25020282B2.h5,/xiangmu/data/VILMIL/features_biomedclip_20x/25020282B2.h5,342,5158,56674.0,178934.0,1968.0,76256.0,122260.0,74288.0,56674.0,185273.0,1968.0,79792.0,128599.0,77824.0,1.0518485195485032,1.047598535429679
25020291B2,3,1,ok,/xiangmu/data/VILMIL/features_biomedclip_5x/25020291B2.h5,/xiangmu/data/VILMIL/features_biomedclip_20x/25020291B2.h5,159,2136,8928.0,123190.0,16818.0,63122.0,114262.0,46304.0,8928.0,124214.0,15857.0,67218.0,115286.0,51361.0,1.008961859585864,1.109213026952315
25020353B2,4,1,ok,/xiangmu/data/VILMIL/features_biomedclip_5x/25020353B2.h5,/xiangmu/data/VILMIL/features_biomedclip_20x/25020353B2.h5,94,1279,11633.0,104215.0,19408.0,64832.0,92582.0,45424.0,11633.0,107287.0,13984.0,65856.0,95654.0,51872.0,1.033181395951697,1.141951391334977
25020556B4,0,1,ok,/xiangmu/data/VILMIL/features_biomedclip_5x/25020556B4.h5,/xiangmu/data/VILMIL/features_biomedclip_20x/25020556B4.h5,152,2208,7728.0,100004.0,10865.0,67937.0,92276.0,57072.0,7728.0,101028.0,10865.0,67937.0,93300.0,57072.0,1.011097143352551,1.0
25020573B3,1,1,ok,/xiangmu/data/VILMIL/features_biomedclip_5x/25020573B3.h5,/xiangmu/data/VILMIL/features_biomedclip_20x/25020573B3.h5,286,4278,15137.0,138172.0,3888.0,76121.0,123035.0,72233.0,15137.0,143532.0,3888.0,79193.0,128395.0,75305.0,1.0435648392733774,1.042529037974333
25020714B2,1,1,ok,/xiangmu/data/VILMIL/features_biomedclip_5x/25020714B2.h5,/xiangmu/data/VILMIL/features_biomedclip_20x/25020714B2.h5,515,7718,7856.0,160772.0,1056.0,80672.0,152916.0,79616.0,7856.0,162104.0,1056.0,81696.0,154248.0,80640.0,1.008710664678647,1.0128617363344052
25020714B4,3,1,ok,/xiangmu/data/VILMIL/features_biomedclip_5x/25020714B4.h5,/xiangmu/data/VILMIL/features_biomedclip_20x/25020714B4.h5,340,4936,7888.0,139720.0,6800.0,78610.0,131832.0,71810.0,7888.0,141768.0,6800.0,80658.0,133880.0,73858.0,1.0155349232356332,1.0285197047764936
25020717B2,3,1,ok,/xiangmu/data/VILMIL/features_biomedclip_5x/25020717B2.h5,/xiangmu/data/VILMIL/features_biomedclip_20x/25020717B2.h5,219,3029,7584.0,128546.0,3056.0,81953.0,120962.0,78897.0,7584.0,134690.0,3056.0,84001.0,127106.0,80945.0,1.0507928109654272,1.0259578944700052
25020760B3,3,1,ok,/xiangmu/data/VILMIL/features_biomedclip_5x/25020760B3.h5,/xiangmu/data/VILMIL/features_biomedclip_20x/25020760B3.h5,319,4559,11552.0,141058.0,0.0,76144.0,129506.0,76144.0,11552.0,142082.0,0.0,79448.0,130530.0,79448.0,1.007906969561256,1.0433914687959656
25020799B3,2,1,ok,/xiangmu/data/VILMIL/features_biomedclip_5x/25020799B3.h5,/xiangmu/data/VILMIL/features_biomedclip_20x/25020799B3.h5,324,4645,7632.0,154901.0,5552.0,74569.0,147269.0,69017.0,7632.0,157877.0,5552.0,77641.0,150245.0,72089.0,1.0202079188423905,1.0445107727081733
25020799B5,4,1,ok,/xiangmu/data/VILMIL/features_biomedclip_5x/25020799B5.h5,/xiangmu/data/VILMIL/features_biomedclip_20x/25020799B5.h5,282,3920,7824.0,142151.0,7408.0,75640.0,134327.0,68232.0,7824.0,144199.0,7408.0,78712.0,136375.0,71304.0,1.015246376380028,1.045022863172705
25021120B4,1,1,ok,/xiangmu/data/VILMIL/features_biomedclip_5x/25021120B4.h5,/xiangmu/data/VILMIL/features_biomedclip_20x/25021120B4.h5,281,4056,8448.0,128550.0,1712.0,73168.0,120102.0,71456.0,8448.0,131958.0,1712.0,78152.0,123510.0,76440.0,1.0283758805015737,1.0697492163009403
25021164B2,4,1,ok,/xiangmu/data/VILMIL/features_biomedclip_5x/25021164B2.h5,/xiangmu/data/VILMIL/features_biomedclip_20x/25021164B2.h5,355,5257,10448.0,139962.0,3392.0,77120.0,129514.0,73728.0,10448.0,144058.0,3392.0,79184.0,133610.0,75792.0,1.0316259246104669,1.0279947916666667
25021171B2,0,1,ok,/xiangmu/data/VILMIL/features_biomedclip_5x/25021171B2.h5,/xiangmu/data/VILMIL/features_biomedclip_20x/25021171B2.h5,136,1875,10176.0,87572.0,14848.0,71600.0,77396.0,56752.0,10176.0,89620.0,14848.0,71600.0,79444.0,56752.0,1.0264613158302756,1.0
25021196B2,2,1,ok,/xiangmu/data/VILMIL/features_biomedclip_5x/25021196B2.h5,/xiangmu/data/VILMIL/features_biomedclip_20x/25021196B2.h5,120,1453,7888.0,103637.0,6432.0,56721.0,95749.0,50289.0,7888.0,105685.0,6432.0,58769.0,97797.0,52337.0,1.0213892573290582,1.040724611744119
25021197B2,2,1,ok,/xiangmu/data/VILMIL/features_biomedclip_5x/25021197B2.h5,/xiangmu/data/VILMIL/features_biomedclip_20x/25021197B2.h5,228,3106,9296.0,129228.0,5904.0,77985.0,119932.0,72081.0,9296.0,129239.0,5904.0,79009.0,119943.0,73105.0,1.000091718640563,1.014206240201995
25021260B2,0,1,ok,/xiangmu/data/VILMIL/features_biomedclip_5x/25021260B2.h5,/xiangmu/data/VILMIL/features_biomedclip_20x/25021260B2.h5,260,3839,10464.0,133445.0,4768.0,74305.0,122981.0,69537.0,10464.0,137541.0,4768.0,77448.0,127077.0,72680.0,1.0333059578308845,1.0451989588276744
25021277B3,4,1,ok,/xiangmu/data/VILMIL/features_biomedclip_5x/25021277B3.h5,/xiangmu/data/VILMIL/features_biomedclip_20x/25021277B3.h5,121,1635,7712.0,108071.0,6736.0,62480.0,100359.0,55744.0,7712.0,109095.0,6736.0,67600.0,101383.0,60864.0,1.0102033699020516,1.0918484500574053
25021277B4,0,1,ok,/xiangmu/data/VILMIL/features_biomedclip_5x/25021277B4.h5,/xiangmu/data/VILMIL/features_biomedclip_20x/25021277B4.h5,89,1059,7584.0,112617.0,6368.0,55138.0,105033.0,48770.0,7584.0,114665.0,6368.0,58210.0,107081.0,51842.0,1.019498633762722,1.0629895427516916
25021291B2,1,1,ok,/xiangmu/data/VILMIL/features_biomedclip_5x/25021291B2.h5,/xiangmu/data/VILMIL/features_biomedclip_20x/25021291B2.h5,267,3862,7520.0,128994.0,4384.0,72768.0,121474.0,68384.0,7520.0,135138.0,4384.0,75984.0,127618.0,71600.0,1.0505787246653604,1.0470285446888161
25021419B1,4,1,ok,/xiangmu/data/VILMIL/features_biomedclip_5x/25021419B1.h5,/xiangmu/data/VILMIL/features_biomedclip_20x/25021419B1.h5,317,4554,7808.0,178056.0,2800.0,75273.0,170248.0,72473.0,7808.0,181128.0,2800.0,75273.0,173320.0,72473.0,1.0180442648371788,1.0
25021421B2,1,1,ok,/xiangmu/data/VILMIL/features_biomedclip_5x/25021421B2.h5,/xiangmu/data/VILMIL/features_biomedclip_20x/25021421B2.h5,337,4940,7664.0,144113.0,848.0,72272.0,136449.0,71424.0,7664.0,147185.0,848.0,73296.0,139521.0,72448.0,1.0225139062946595,1.014336917562724
25021474B,4,1,ok,/xiangmu/data/VILMIL/features_biomedclip_5x/25021474B.h5,/xiangmu/data/VILMIL/features_biomedclip_20x/25021474B.h5,171,2233,7600.0,119152.0,5552.0,78385.0,111552.0,72833.0,7600.0,120176.0,5552.0,80433.0,112576.0,74881.0,1.0091795754446358,1.0281191218266446
25021481B2,4,1,ok,/xiangmu/data/VILMIL/features_biomedclip_5x/25021481B2.h5,/xiangmu/data/VILMIL/features_biomedclip_20x/25021481B2.h5,170,2451,7536.0,103032.0,11489.0,68833.0,95496.0,57344.0,7536.0,105080.0,11489.0,69857.0,97544.0,58368.0,1.0214459244366256,1.0178571428571428
25021487B,4,1,ok,/xiangmu/data/VILMIL/features_biomedclip_5x/25021487B.h5,/xiangmu/data/VILMIL/features_biomedclip_20x/25021487B.h5,240,3366,9760.0,115190.0,2992.0,70648.0,105430.0,67656.0,9760.0,117238.0,2992.0,74744.0,107478.0,71752.0,1.0194252110405009,1.0605415632020812
25021538B2,4,1,ok,/xiangmu/data/VILMIL/features_biomedclip_5x/25021538B2.h5,/xiangmu/data/VILMIL/features_biomedclip_20x/25021538B2.h5,269,3677,10881.0,128619.0,6720.0,80209.0,117738.0,73489.0,10881.0,128619.0,6720.0,86353.0,117738.0,79633.0,1.0,1.083604348950183
25021554B2,4,1,ok,/xiangmu/data/VILMIL/features_biomedclip_5x/25021554B2.h5,/xiangmu/data/VILMIL/features_biomedclip_20x/25021554B2.h5,270,3937,11120.0,120938.0,7264.0,75704.0,109818.0,68440.0,11120.0,125530.0,7264.0,78776.0,114410.0,71512.0,1.0418146387659581,1.0448860315604909
25021555B2,1,1,ok,/xiangmu/data/VILMIL/features_biomedclip_5x/25021555B2.h5,/xiangmu/data/VILMIL/features_biomedclip_20x/25021555B2.h5,56,654,7648.0,95968.0,6593.0,47553.0,88320.0,40960.0,7648.0,99040.0,6593.0,50706.0,91392.0,44113.0,1.0347826086956522,1.0769775390625
25021558B2,2,1,ok,/xiangmu/data/VILMIL/features_biomedclip_5x/25021558B2.h5,/xiangmu/data/VILMIL/features_biomedclip_20x/25021558B2.h5,79,1047,7680.0,96531.0,6337.0,38418.0,88851.0,32081.0,7680.0,98579.0,6337.0,41490.0,90899.0,35153.0,1.0230498249879012,1.095757613540725
25021575B4,2,1,ok,/xiangmu/data/VILMIL/features_biomedclip_5x/25021575B4.h5,/xiangmu/data/VILMIL/features_biomedclip_20x/25021575B4.h5,95,1255,7728.0,90833.0,7120.0,43984.0,83105.0,36864.0,7728.0,91857.0,7120.0,46032.0,84129.0,38912.0,1.0123217616268576,1.0555555555555556
25021622B4,0,1,ok,/xiangmu/data/VILMIL/features_biomedclip_5x/25021622B4.h5,/xiangmu/data/VILMIL/features_biomedclip_20x/25021622B4.h5,139,1976,7697.0,94760.0,8593.0,57745.0,87063.0,49152.0,7697.0,98856.0,8593.0,61458.0,91159.0,52865.0,1.0470463916933714,1.0755411783854167
25021640B3,0,1,ok,/xiangmu/data/VILMIL/features_biomedclip_5x/25021640B3.h5,/xiangmu/data/VILMIL/features_biomedclip_20x/25021640B3.h5,392,5874,8336.0,133113.0,6784.0,80545.0,124777.0,73761.0,8336.0,134137.0,6784.0,86522.0,125801.0,79738.0,1.0082066406469141,1.0810319816705305
25021658B3,2,1,ok,/xiangmu/data/VILMIL/features_biomedclip_5x/25021658B3.h5,/xiangmu/data/VILMIL/features_biomedclip_20x/25021658B3.h5,245,3291,7920.0,127500.0,6160.0,63361.0,119580.0,57201.0,7920.0,129548.0,6160.0,65409.0,121628.0,59249.0,1.0171266098009701,1.0358035698676598
25021662B2,1,1,ok,/xiangmu/data/VILMIL/features_biomedclip_5x/25021662B2.h5,/xiangmu/data/VILMIL/features_biomedclip_20x/25021662B2.h5,243,3524,46001.0,165540.0,4352.0,73928.0,119539.0,69576.0,46001.0,168612.0,4352.0,74952.0,122611.0,70600.0,1.0256987259388148,1.0147177187535932
25021665B2,3,1,ok,/xiangmu/data/VILMIL/features_biomedclip_5x/25021665B2.h5,/xiangmu/data/VILMIL/features_biomedclip_20x/25021665B2.h5,167,1990,7552.0,133803.0,5872.0,74792.0,126251.0,68920.0,7552.0,136875.0,5872.0,78888.0,129323.0,73016.0,1.0243324805348077,1.0594312246082414
25021665B3,1,1,ok,/xiangmu/data/VILMIL/features_biomedclip_5x/25021665B3.h5,/xiangmu/data/VILMIL/features_biomedclip_20x/25021665B3.h5,242,2896,7840.0,140979.0,6177.0,76509.0,133139.0,70332.0,7840.0,143283.0,6177.0,77533.0,135443.0,71356.0,1.017305222361592,1.0145595177159756
25021667B2,4,1,ok,/xiangmu/data/VILMIL/features_biomedclip_5x/25021667B2.h5,/xiangmu/data/VILMIL/features_biomedclip_20x/25021667B2.h5,244,3355,7648.0,130389.0,7120.0,75795.0,122741.0,68675.0,7648.0,131413.0,7120.0,80915.0,123765.0,73795.0,1.0083427705493682,1.0745540589734255
25021668B2,4,1,ok,/xiangmu/data/VILMIL/features_biomedclip_5x/25021668B2.h5,/xiangmu/data/VILMIL/features_biomedclip_20x/25021668B2.h5,174,2528,7744.0,104640.0,6864.0,74650.0,96896.0,67786.0,7744.0,113728.0,6208.0,76698.0,105984.0,70490.0,1.0937912813738442,1.039890242823002
25021672B,3,1,ok,/xiangmu/data/VILMIL/features_biomedclip_5x/25021672B.h5,/xiangmu/data/VILMIL/features_biomedclip_20x/25021672B.h5,73,987,7696.0,85281.0,6432.0,55040.0,77585.0,48608.0,7696.0,89377.0,6432.0,58112.0,81681.0,51680.0,1.0527937101243796,1.0631994733377221
25021735B5,4,1,ok,/xiangmu/data/VILMIL/features_biomedclip_5x/25021735B5.h5,/xiangmu/data/VILMIL/features_biomedclip_20x/25021735B5.h5,156,2142,7616.0,116609.0,6529.0,64250.0,108993.0,57721.0,7616.0,120609.0,256.0,67322.0,112993.0,67066.0,1.036699604561761,1.1618994819909565
25021890B4,1,1,ok,/xiangmu/data/VILMIL/features_biomedclip_5x/25021890B4.h5,/xiangmu/data/VILMIL/features_biomedclip_20x/25021890B4.h5,106,1454,7568.0,91620.0,6705.0,63858.0,84052.0,57153.0,7568.0,94950.0,6705.0,65906.0,87382.0,59201.0,1.039618331509066,1.0358336395289836
25021890B6,2,1,ok,/xiangmu/data/VILMIL/features_biomedclip_5x/25021890B6.h5,/xiangmu/data/VILMIL/features_biomedclip_20x/25021890B6.h5,284,3970,9552.0,129973.0,2800.0,74762.0,120421.0,71962.0,9552.0,133045.0,2800.0,77834.0,123493.0,75034.0,1.025510500660184,1.0426891970762346
25021893B2,3,1,ok,/xiangmu/data/VILMIL/features_biomedclip_5x/25021893B2.h5,/xiangmu/data/VILMIL/features_biomedclip_20x/25021893B2.h5,317,4645,7696.0,131075.0,1088.0,69760.0,123379.0,68672.0,7696.0,134166.0,1088.0,70784.0,126470.0,69696.0,1.0250528858233574,1.0149114631873253
25021894B2,3,1,ok,/xiangmu/data/VILMIL/features_biomedclip_5x/25021894B2.h5,/xiangmu/data/VILMIL/features_biomedclip_20x/25021894B2.h5,250,3640,16112.0,124263.0,6096.0,74074.0,108151.0,67978.0,11440.0,130135.0,6096.0,77146.0,118695.0,71050.0,1.0974933195254784,1.0451910912353997
25021894B3,1,1,ok,/xiangmu/data/VILMIL/features_biomedclip_5x/25021894B3.h5,/xiangmu/data/VILMIL/features_biomedclip_20x/25021894B3.h5,195,2791,7584.0,103894.0,7808.0,66417.0,96310.0,58609.0,7584.0,112906.0,6240.0,75336.0,105322.0,69096.0,1.0935728377115563,1.1789315634117628
25021901B2,2,1,ok,/xiangmu/data/VILMIL/features_biomedclip_5x/25021901B2.h5,/xiangmu/data/VILMIL/features_biomedclip_20x/25021901B2.h5,318,4812,7712.0,127280.0,5280.0,75888.0,119568.0,70608.0,7712.0,132400.0,5280.0,77988.0,124688.0,72708.0,1.042820821624515,1.0297416723317472
25021911B2,2,1,ok,/xiangmu/data/VILMIL/features_biomedclip_5x/25021911B2.h5,/xiangmu/data/VILMIL/features_biomedclip_20x/25021911B2.h5,299,4120,7488.0,137705.0,4272.0,77057.0,130217.0,72785.0,7488.0,140777.0,4272.0,79105.0,133289.0,74833.0,1.0235913897570978,1.0281376657278285
25021918B4,1,1,ok,/xiangmu/data/VILMIL/features_biomedclip_5x/25021918B4.h5,/xiangmu/data/VILMIL/features_biomedclip_20x/25021918B4.h5,288,4212,7664.0,134331.0,4800.0,74706.0,126667.0,69906.0,7664.0,136379.0,4800.0,76754.0,128715.0,71954.0,1.016168378504267,1.0292964838497412
25021922B2,3,1,ok,/xiangmu/data/VILMIL/features_biomedclip_5x/25021922B2.h5,/xiangmu/data/VILMIL/features_biomedclip_20x/25021922B2.h5,423,6173,7568.0,141314.0,0.0,76112.0,133746.0,76112.0,7568.0,145346.0,0.0,80208.0,137778.0,80208.0,1.0301466959759544,1.0538154298927895
25021973B2,2,1,ok,/xiangmu/data/VILMIL/features_biomedclip_5x/25021973B2.h5,/xiangmu/data/VILMIL/features_biomedclip_20x/25021973B2.h5,273,3837,7696.0,129101.0,3376.0,74224.0,121405.0,70848.0,7696.0,131453.0,3376.0,78320.0,123757.0,74944.0,1.0193731724393558,1.057813911472448
25022013B,0,1,ok,/xiangmu/data/VILMIL/features_biomedclip_5x/25022013B.h5,/xiangmu/data/VILMIL/features_biomedclip_20x/25022013B.h5,169,2339,7696.0,122979.0,4464.0,74661.0,115283.0,70197.0,7696.0,127075.0,4464.0,76709.0,119379.0,72245.0,1.0355299567152139,1.029175035970198
25022019B2,1,1,ok,/xiangmu/data/VILMIL/features_biomedclip_5x/25022019B2.h5,/xiangmu/data/VILMIL/features_biomedclip_20x/25022019B2.h5,112,1494,7713.0,84505.0,6624.0,54336.0,76792.0,47712.0,7713.0,86553.0,6624.0,55360.0,78840.0,48736.0,1.0266694447338265,1.0214621059691482
25022038B2,2,1,ok,/xiangmu/data/VILMIL/features_biomedclip_5x/25022038B2.h5,/xiangmu/data/VILMIL/features_biomedclip_20x/25022038B2.h5,111,1581,7697.0,95913.0,6465.0,52626.0,88216.0,46161.0,7697.0,98985.0,6465.0,55698.0,91288.0,49233.0,1.0348236147637617,1.0665496847988563
25022262B2,1,1,ok,/xiangmu/data/VILMIL/features_biomedclip_5x/25022262B2.h5,/xiangmu/data/VILMIL/features_biomedclip_20x/25022262B2.h5,242,3520,7648.0,133381.0,8769.0,62418.0,125733.0,53649.0,7648.0,137477.0,8769.0,65490.0,129829.0,56721.0,1.0325769686558024,1.057261085947548
25022278B2,0,1,ok,/xiangmu/data/VILMIL/features_biomedclip_5x/25022278B2.h5,/xiangmu/data/VILMIL/features_biomedclip_20x/25022278B2.h5,201,2839,7552.0,123510.0,4641.0,45601.0,115958.0,40960.0,7552.0,124534.0,4641.0,48881.0,116982.0,44240.0,1.0088307835595647,1.080078125
25022330B2,4,1,ok,/xiangmu/data/VILMIL/features_biomedclip_5x/25022330B2.h5,/xiangmu/data/VILMIL/features_biomedclip_20x/25022330B2.h5,269,3644,7776.0,142330.0,208.0,66882.0,134554.0,66674.0,7776.0,145402.0,208.0,72002.0,137626.0,71794.0,1.022830982356526,1.0767915529291778
25022343B3,3,1,ok,/xiangmu/data/VILMIL/features_biomedclip_5x/25022343B3.h5,/xiangmu/data/VILMIL/features_biomedclip_20x/25022343B3.h5,268,3850,7552.0,124812.0,5824.0,74310.0,117260.0,68486.0,7552.0,128908.0,5824.0,77382.0,121356.0,71558.0,1.0349309227358008,1.0448558829541805
25022344B2,1,1,ok,/xiangmu/data/VILMIL/features_biomedclip_5x/25022344B2.h5,/xiangmu/data/VILMIL/features_biomedclip_20x/25022344B2.h5,419,6174,7632.0,143883.0,1280.0,77745.0,136251.0,76465.0,7632.0,146907.0,1280.0,80817.0,139275.0,79537.0,1.0221943325186604,1.040175243575492
25022354B2,2,1,ok,/xiangmu/data/VILMIL/features_biomedclip_5x/25022354B2.h5,/xiangmu/data/VILMIL/features_biomedclip_20x/25022354B2.h5,312,4538,8272.0,136157.0,5840.0,82353.0,127885.0,76513.0,8272.0,140253.0,6864.0,84401.0,131981.0,77537.0,1.0320287758533058,1.0133833466208357
25022406B2,1,1,ok,/xiangmu/data/VILMIL/features_biomedclip_5x/25022406B2.h5,/xiangmu/data/VILMIL/features_biomedclip_20x/25022406B2.h5,217,3157,8272.0,128045.0,6497.0,64705.0,119773.0,58208.0,8272.0,131117.0,6497.0,67777.0,122845.0,61280.0,1.0256485184473962,1.0527762506871907
25022458B2,2,1,ok,/xiangmu/data/VILMIL/features_biomedclip_5x/25022458B2.h5,/xiangmu/data/VILMIL/features_biomedclip_20x/25022458B2.h5,327,4696,7696.0,132513.0,5984.0,74427.0,124817.0,68443.0,7696.0,135905.0,5984.0,75451.0,128209.0,69467.0,1.027175785349752,1.0149613547039142
25022584B2,2,1,ok,/xiangmu/data/VILMIL/features_biomedclip_5x/25022584B2.h5,/xiangmu/data/VILMIL/features_biomedclip_20x/25022584B2.h5,210,2946,7616.0,127143.0,6992.0,62852.0,119527.0,55860.0,7616.0,128167.0,6992.0,65924.0,120551.0,58932.0,1.0085671019936917,1.0549946294307198
25022584B3,4,1,ok,/xiangmu/data/VILMIL/features_biomedclip_5x/25022584B3.h5,/xiangmu/data/VILMIL/features_biomedclip_20x/25022584B3.h5,80,1145,7888.0,97747.0,7185.0,43154.0,89859.0,35969.0,7888.0,107813.0,7185.0,58076.0,99925.0,50891.0,1.1120199423541326,1.4148572381773195
25022613B2,4,1,ok,/xiangmu/data/VILMIL/features_biomedclip_5x/25022613B2.h5,/xiangmu/data/VILMIL/features_biomedclip_20x/25022613B2.h5,115,1531,7760.0,87526.0,6608.0,60657.0,79766.0,54049.0,7760.0,90598.0,6608.0,62705.0,82838.0,56097.0,1.038512649499787,1.0378915428592574
25023016B6,4,1,ok,/xiangmu/data/VILMIL/features_biomedclip_5x/25023016B6.h5,/xiangmu/data/VILMIL/features_biomedclip_20x/25023016B6.h5,362,5337,8048.0,139015.0,5520.0,74857.0,130967.0,69337.0,8048.0,143111.0,5520.0,76905.0,135063.0,71385.0,1.031275054021242,1.0295368994908922
25023174B2,3,1,ok,/xiangmu/data/VILMIL/features_biomedclip_5x/25023174B2.h5,/xiangmu/data/VILMIL/features_biomedclip_20x/25023174B2.h5,120,1416,20273.0,140391.0,2704.0,78361.0,120118.0,75657.0,20273.0,142743.0,2704.0,80409.0,122470.0,77705.0,1.0195807456001598,1.027069537518009
25023184B2,1,1,ok,/xiangmu/data/VILMIL/features_biomedclip_5x/25023184B2.h5,/xiangmu/data/VILMIL/features_biomedclip_20x/25023184B2.h5,394,5792,20960.0,160659.0,6192.0,84065.0,139699.0,77873.0,20960.0,162707.0,6192.0,86064.0,141747.0,79872.0,1.0146600906234118,1.0256700011557278
25023327B3,2,1,ok,/xiangmu/data/VILMIL/features_biomedclip_5x/25023327B3.h5,/xiangmu/data/VILMIL/features_biomedclip_20x/25023327B3.h5,38,510,48400.0,115937.0,25265.0,51601.0,67537.0,26336.0,48400.0,120033.0,25265.0,54673.0,71633.0,29408.0,1.0606482372625377,1.1166464155528555
25023573B,2,1,ok,/xiangmu/data/VILMIL/features_biomedclip_5x/25023573B.h5,/xiangmu/data/VILMIL/features_biomedclip_20x/25023573B.h5,191,2681,10097.0,114668.0,4400.0,74673.0,104571.0,70273.0,10097.0,117276.0,4400.0,76008.0,107179.0,71608.0,1.0249399929234682,1.0189973389495255
25023590B3,2,1,ok,/xiangmu/data/VILMIL/features_biomedclip_5x/25023590B3.h5,/xiangmu/data/VILMIL/features_biomedclip_20x/25023590B3.h5,222,2995,10960.0,112150.0,2752.0,72584.0,101190.0,69832.0,10960.0,117270.0,2752.0,75656.0,106310.0,72904.0,1.0505978851665185,1.0439912933898499
25023590B4,2,1,ok,/xiangmu/data/VILMIL/features_biomedclip_5x/25023590B4.h5,/xiangmu/data/VILMIL/features_biomedclip_20x/25023590B4.h5,166,2256,9105.0,105079.0,112.0,65110.0,95974.0,64998.0,9105.0,107292.0,112.0,69206.0,98187.0,69094.0,1.0230583282972472,1.0630173236099572
25023687B2,0,1,ok,/xiangmu/data/VILMIL/features_biomedclip_5x/25023687B2.h5,/xiangmu/data/VILMIL/features_biomedclip_20x/25023687B2.h5,234,3293,9664.0,116154.0,0.0,77824.0,106490.0,77824.0,7712.0,119226.0,0.0,79872.0,111514.0,79872.0,1.0471781387923749,1.0263157894736843
25023687B3,4,1,ok,/xiangmu/data/VILMIL/features_biomedclip_5x/25023687B3.h5,/xiangmu/data/VILMIL/features_biomedclip_20x/25023687B3.h5,88,1213,7920.0,95814.0,7920.0,40450.0,87894.0,32530.0,7920.0,97862.0,7920.0,42498.0,89942.0,34578.0,1.023300794138394,1.062957270212112
25023687B4,0,1,ok,/xiangmu/data/VILMIL/features_biomedclip_5x/25023687B4.h5,/xiangmu/data/VILMIL/features_biomedclip_20x/25023687B4.h5,64,882,7728.0,87560.0,6368.0,43232.0,79832.0,36864.0,7728.0,89608.0,6368.0,47586.0,81880.0,41218.0,1.0256538731335805,1.1181098090277777
25023690B3,0,1,ok,/xiangmu/data/VILMIL/features_biomedclip_5x/25023690B3.h5,/xiangmu/data/VILMIL/features_biomedclip_20x/25023690B3.h5,170,2315,7632.0,115345.0,9520.0,70994.0,107713.0,61474.0,7632.0,115345.0,9520.0,73042.0,107713.0,63522.0,1.0,1.0333148973549793
25023814B,2,1,ok,/xiangmu/data/VILMIL/features_biomedclip_5x/25023814B.h5,/xiangmu/data/VILMIL/features_biomedclip_20x/25023814B.h5,287,4032,15665.0,152316.0,4432.0,79680.0,136651.0,75248.0,15665.0,155388.0,4432.0,81728.0,139723.0,77296.0,1.0224806258278387,1.027216670210504
25023828B,2,1,ok,/xiangmu/data/VILMIL/features_biomedclip_5x/25023828B.h5,/xiangmu/data/VILMIL/features_biomedclip_20x/25023828B.h5,256,3791,13569.0,122490.0,4704.0,71185.0,108921.0,66481.0,13569.0,122554.0,3232.0,75281.0,108985.0,72049.0,1.0005875818253596,1.0837532528090732
25023846B4,4,1,ok,/xiangmu/data/VILMIL/features_biomedclip_5x/25023846B4.h5,/xiangmu/data/VILMIL/features_biomedclip_20x/25023846B4.h5,211,3119,7616.0,126658.0,20258.0,81683.0,119042.0,61425.0,7616.0,130754.0,19394.0,83731.0,123138.0,64337.0,1.0344080240587357,1.0474074074074073
25023869B3,3,1,ok,/xiangmu/data/VILMIL/features_biomedclip_5x/25023869B3.h5,/xiangmu/data/VILMIL/features_biomedclip_20x/25023869B3.h5,136,1964,0.0,122741.0,3440.0,75944.0,122741.0,72504.0,0.0,130048.0,3440.0,76968.0,130048.0,73528.0,1.0595318597697592,1.0141233587112435
25023869B4,2,1,ok,/xiangmu/data/VILMIL/features_biomedclip_5x/25023869B4.h5,/xiangmu/data/VILMIL/features_biomedclip_20x/25023869B4.h5,202,2761,28529.0,135012.0,5520.0,78534.0,106483.0,73014.0,25457.0,139108.0,5520.0,81606.0,113651.0,76086.0,1.0673159095818112,1.0420741227709753
25023930B2,0,1,ok,/xiangmu/data/VILMIL/features_biomedclip_5x/25023930B2.h5,/xiangmu/data/VILMIL/features_biomedclip_20x/25023930B2.h5,138,1892,10768.0,111732.0,9088.0,61745.0,100964.0,52657.0,10768.0,112756.0,9088.0,62769.0,101988.0,53681.0,1.010142228913276,1.0194466072886796
25023934B2,1,1,ok,/xiangmu/data/VILMIL/features_biomedclip_5x/25023934B2.h5,/xiangmu/data/VILMIL/features_biomedclip_20x/25023934B2.h5,359,5427,7600.0,121105.0,0.0,73728.0,113505.0,73728.0,7600.0,124177.0,0.0,78848.0,116577.0,78848.0,1.0270648870093828,1.0694444444444444
25023935B2,4,1,ok,/xiangmu/data/VILMIL/features_biomedclip_5x/25023935B2.h5,/xiangmu/data/VILMIL/features_biomedclip_20x/25023935B2.h5,130,1863,9648.0,92514.0,6512.0,48800.0,82866.0,42288.0,9648.0,96610.0,6512.0,51872.0,86962.0,45360.0,1.0494291989476987,1.072644721906924
25023936B2,0,1,ok,/xiangmu/data/VILMIL/features_biomedclip_5x/25023936B2.h5,/xiangmu/data/VILMIL/features_biomedclip_20x/25023936B2.h5,235,3380,7825.0,98328.0,9248.0,79536.0,90503.0,70288.0,7825.0,102424.0,9248.0,81584.0,94599.0,72336.0,1.045258168237517,1.0291372638288185
25023961B2,0,1,ok,/xiangmu/data/VILMIL/features_biomedclip_5x/25023961B2.h5,/xiangmu/data/VILMIL/features_biomedclip_20x/25023961B2.h5,49,622,10272.0,85476.0,30003.0,70520.0,75204.0,40517.0,10272.0,90741.0,27011.0,72568.0,80469.0,45557.0,1.070009573958832,1.1243922304217984
25023972B3,0,1,ok,/xiangmu/data/VILMIL/features_biomedclip_5x/25023972B3.h5,/xiangmu/data/VILMIL/features_biomedclip_20x/25023972B3.h5,267,3897,41008.0,166192.0,4800.0,73057.0,125184.0,68257.0,41008.0,169264.0,4800.0,75105.0,128256.0,70305.0,1.0245398773006136,1.0300042486484902
25023977B2,0,1,ok,/xiangmu/data/VILMIL/features_biomedclip_5x/25023977B2.h5,/xiangmu/data/VILMIL/features_biomedclip_20x/25023977B2.h5,200,2514,11377.0,117741.0,4976.0,77696.0,106364.0,72720.0,11377.0,120029.0,4976.0,78720.0,108652.0,73744.0,1.0215110375691023,1.014081408140814
25024142B2,3,1,ok,/xiangmu/data/VILMIL/features_biomedclip_5x/25024142B2.h5,/xiangmu/data/VILMIL/features_biomedclip_20x/25024142B2.h5,131,1713,8048.0,125560.0,208.0,60706.0,117512.0,60498.0,8048.0,126584.0,1232.0,64802.0,118536.0,63570.0,1.0087140036762203,1.050778538133492
25024243B2,2,1,ok,/xiangmu/data/VILMIL/features_biomedclip_5x/25024243B2.h5,/xiangmu/data/VILMIL/features_biomedclip_20x/25024243B2.h5,281,4146,16144.0,143888.0,6720.0,79153.0,127744.0,72433.0,16144.0,148784.0,6720.0,81201.0,132640.0,74481.0,1.0383266533066133,1.0282744053124957
25024254B2,4,1,ok,/xiangmu/data/VILMIL/features_biomedclip_5x/25024254B2.h5,/xiangmu/data/VILMIL/features_biomedclip_20x/25024254B2.h5,135,1785,8992.0,134512.0,6400.0,81783.0,125520.0,75383.0,8992.0,139632.0,6400.0,85879.0,130640.0,79479.0,1.0407903123008286,1.0543358582173699
25024302B4,2,1,ok,/xiangmu/data/VILMIL/features_biomedclip_5x/25024302B4.h5,/xiangmu/data/VILMIL/features_biomedclip_20x/25024302B4.h5,166,2287,8352.0,93494.0,7857.0,68370.0,85142.0,60513.0,8352.0,100874.0,112.0,70418.0,92522.0,70306.0,1.086678724953607,1.1618329945631518
25024310B3,0,1,ok,/xiangmu/data/VILMIL/features_biomedclip_5x/25024310B3.h5,/xiangmu/data/VILMIL/features_biomedclip_20x/25024310B3.h5,405,5984,28176.0,173107.0,8177.0,70433.0,144931.0,62256.0,28176.0,175923.0,8177.0,76314.0,147747.0,68137.0,1.0194299356245387,1.094464790542277
25024431B,4,1,ok,/xiangmu/data/VILMIL/features_biomedclip_5x/25024431B.h5,/xiangmu/data/VILMIL/features_biomedclip_20x/25024431B.h5,196,2750,9152.0,104209.0,7024.0,67504.0,95057.0,60480.0,9152.0,113170.0,7024.0,75601.0,104018.0,68577.0,1.0942697539371113,1.1338789682539683
25024433B2,1,1,ok,/xiangmu/data/VILMIL/features_biomedclip_5x/25024433B2.h5,/xiangmu/data/VILMIL/features_biomedclip_20x/25024433B2.h5,177,2336,7632.0,99491.0,5504.0,74530.0,91859.0,69026.0,7632.0,102563.0,5504.0,78626.0,94931.0,73122.0,1.033442558704101,1.0593399588560832
25024688B2,0,1,ok,/xiangmu/data/VILMIL/features_biomedclip_5x/25024688B2.h5,/xiangmu/data/VILMIL/features_biomedclip_20x/25024688B2.h5,171,2465,7648.0,106483.0,16146.0,77778.0,98835.0,61632.0,7648.0,110579.0,16146.0,80658.0,102931.0,64512.0,1.0414428087216068,1.0467289719626167
25024695B2,2,1,ok,/xiangmu/data/VILMIL/features_biomedclip_5x/25024695B2.h5,/xiangmu/data/VILMIL/features_biomedclip_20x/25024695B2.h5,124,1743,7600.0,109782.0,6544.0,37553.0,102182.0,31009.0,7600.0,111830.0,6544.0,39601.0,104230.0,33057.0,1.0200426689632225,1.0660453416749975
25024698B4,3,1,ok,/xiangmu/data/VILMIL/features_biomedclip_5x/25024698B4.h5,/xiangmu/data/VILMIL/features_biomedclip_20x/25024698B4.h5,311,4574,7712.0,124951.0,6656.0,73697.0,117239.0,67041.0,7712.0,126999.0,6656.0,75745.0,119287.0,69089.0,1.0174685898037343,1.0305484703390462
25024709B2,4,1,ok,/xiangmu/data/VILMIL/features_biomedclip_5x/25024709B2.h5,/xiangmu/data/VILMIL/features_biomedclip_20x/25024709B2.h5,239,3587,7632.0,128017.0,1200.0,73521.0,120385.0,72321.0,7632.0,132113.0,1200.0,78601.0,124481.0,77401.0,1.0340241724467334,1.0702423915598511
25024732B2,4,1,ok,/xiangmu/data/VILMIL/features_biomedclip_5x/25024732B2.h5,/xiangmu/data/VILMIL/features_biomedclip_20x/25024732B2.h5,192,2729,7712.0,109797.0,6944.0,64288.0,102085.0,57344.0,7712.0,111845.0,6944.0,68384.0,104133.0,61440.0,1.0200617132781507,1.0714285714285714
25024765B2,1,1,ok,/xiangmu/data/VILMIL/features_biomedclip_5x/25024765B2.h5,/xiangmu/data/VILMIL/features_biomedclip_20x/25024765B2.h5,375,5583,8080.0,135056.0,2896.0,76624.0,126976.0,73728.0,8080.0,140067.0,2896.0,79625.0,131987.0,76729.0,1.0394641507056452,1.0407036675347223
25024855B3,4,1,ok,/xiangmu/data/VILMIL/features_biomedclip_5x/25024855B3.h5,/xiangmu/data/VILMIL/features_biomedclip_20x/25024855B3.h5,126,1763,7488.0,115792.0,16529.0,61841.0,108304.0,45312.0,7488.0,116816.0,16529.0,67729.0,109328.0,51200.0,1.0094548677795834,1.1299435028248588
25024855B4,0,1,ok,/xiangmu/data/VILMIL/features_biomedclip_5x/25024855B4.h5,/xiangmu/data/VILMIL/features_biomedclip_20x/25024855B4.h5,157,1867,7520.0,118612.0,8160.0,67552.0,111092.0,59392.0,7520.0,120660.0,8160.0,70624.0,113140.0,62464.0,1.0184351708493862,1.0517241379310345
25024875B2,1,1,ok,/xiangmu/data/VILMIL/features_biomedclip_5x/25024875B2.h5,/xiangmu/data/VILMIL/features_biomedclip_20x/25024875B2.h5,76,1097,7681.0,36353.0,4672.0,66112.0,28672.0,61440.0,7681.0,40449.0,4672.0,70208.0,32768.0,65536.0,1.1428571428571428,1.0666666666666667
25024878B3,3,1,ok,/xiangmu/data/VILMIL/features_biomedclip_5x/25024878B3.h5,/xiangmu/data/VILMIL/features_biomedclip_20x/25024878B3.h5,324,4685,8704.0,150918.0,1872.0,79696.0,142214.0,77824.0,8704.0,152918.0,1872.0,80720.0,144214.0,78848.0,1.014063313035285,1.013157894736842
25024982B1,3,1,ok,/xiangmu/data/VILMIL/features_biomedclip_5x/25024982B1.h5,/xiangmu/data/VILMIL/features_biomedclip_20x/25024982B1.h5,173,2477,7616.0,105025.0,6464.0,64848.0,97409.0,58384.0,7616.0,107073.0,6464.0,67904.0,99457.0,61440.0,1.0210247513063475,1.05234310770074
25024982B2,3,1,ok,/xiangmu/data/VILMIL/features_biomedclip_5x/25024982B2.h5,/xiangmu/data/VILMIL/features_biomedclip_20x/25024982B2.h5,261,3821,8736.0,134310.0,6528.0,66513.0,125574.0,59985.0,8736.0,135334.0,6528.0,68561.0,126598.0,62033.0,1.0081545542867154,1.0341418688005335
25024983B2,0,1,ok,/xiangmu/data/VILMIL/features_biomedclip_5x/25024983B2.h5,/xiangmu/data/VILMIL/features_biomedclip_20x/25024983B2.h5,291,4255,7632.0,135120.0,160.0,74850.0,127488.0,74690.0,7632.0,136144.0,160.0,78946.0,128512.0,78786.0,1.0080321285140563,1.0548400053554692
25025076B,0,1,ok,/xiangmu/data/VILMIL/features_biomedclip_5x/25025076B.h5,/xiangmu/data/VILMIL/features_biomedclip_20x/25025076B.h5,270,3951,7728.0,127905.0,6448.0,67888.0,120177.0,61440.0,7728.0,129953.0,6448.0,70960.0,122225.0,64512.0,1.017041530409313,1.05
25025083B2,4,1,ok,/xiangmu/data/VILMIL/features_biomedclip_5x/25025083B2.h5,/xiangmu/data/VILMIL/features_biomedclip_20x/25025083B2.h5,217,3283,7488.0,123189.0,6288.0,71168.0,115701.0,64880.0,7488.0,127285.0,6288.0,72192.0,119797.0,65904.0,1.035401595491828,1.015782983970407
25025087B,0,1,ok,/xiangmu/data/VILMIL/features_biomedclip_5x/25025087B.h5,/xiangmu/data/VILMIL/features_biomedclip_20x/25025087B.h5,170,2204,7472.0,113858.0,6576.0,77973.0,106386.0,71397.0,7472.0,115906.0,6576.0,81030.0,108434.0,74454.0,1.0192506532814467,1.0428169250808859
25025096B2,3,1,ok,/xiangmu/data/VILMIL/features_biomedclip_5x/25025096B2.h5,/xiangmu/data/VILMIL/features_biomedclip_20x/25025096B2.h5,330,4868,11440.0,154912.0,16050.0,82019.0,143472.0,65969.0,11440.0,159008.0,16050.0,85682.0,147568.0,69632.0,1.02854912456786,1.055526080431718
25025097B,3,1,ok,/xiangmu/data/VILMIL/features_biomedclip_5x/25025097B.h5,/xiangmu/data/VILMIL/features_biomedclip_20x/25025097B.h5,261,3783,7776.0,121991.0,9505.0,63714.0,114215.0,54209.0,7776.0,124039.0,9505.0,67810.0,116263.0,58305.0,1.0179310948649476,1.0755594089542326
25025102B2,3,1,ok,/xiangmu/data/VILMIL/features_biomedclip_5x/25025102B2.h5,/xiangmu/data/VILMIL/features_biomedclip_20x/25025102B2.h5,401,5777,7696.0,147856.0,2752.0,84282.0,140160.0,81530.0,7696.0,150480.0,2752.0,85306.0,142784.0,82554.0,1.0187214611872146,1.0125597939408806
25025109B2,2,1,ok,/xiangmu/data/VILMIL/features_biomedclip_5x/25025109B2.h5,/xiangmu/data/VILMIL/features_biomedclip_20x/25025109B2.h5,359,5272,7792.0,143941.0,14880.0,80416.0,136149.0,65536.0,7792.0,166171.0,3856.0,81472.0,158379.0,77616.0,1.1632769979948439,1.184326171875
25025240B,1,1,ok,/xiangmu/data/VILMIL/features_biomedclip_5x/25025240B.h5,/xiangmu/data/VILMIL/features_biomedclip_20x/25025240B.h5,146,2110,10176.0,100513.0,8368.0,54928.0,90337.0,46560.0,10176.0,101537.0,8368.0,61072.0,91361.0,52704.0,1.0113353332521557,1.131958762886598
25025245B2,2,1,ok,/xiangmu/data/VILMIL/features_biomedclip_5x/25025245B2.h5,/xiangmu/data/VILMIL/features_biomedclip_20x/25025245B2.h5,247,3596,11760.0,128375.0,6657.0,65411.0,116615.0,58754.0,7664.0,132471.0,6657.0,70145.0,124807.0,63488.0,1.0702482527976676,1.080573237566804
25025251B,4,1,ok,/xiangmu/data/VILMIL/features_biomedclip_5x/25025251B.h5,/xiangmu/data/VILMIL/features_biomedclip_20x/25025251B.h5,206,2941,17264.0,137937.0,6401.0,64114.0,120673.0,57713.0,17264.0,138961.0,6401.0,68210.0,121697.0,61809.0,1.008485742461031,1.070971878086393
25025262B2,2,1,ok,/xiangmu/data/VILMIL/features_biomedclip_5x/25025262B2.h5,/xiangmu/data/VILMIL/features_biomedclip_20x/25025262B2.h5,196,2904,8320.0,128662.0,6544.0,47824.0,120342.0,41280.0,8320.0,129686.0,6544.0,51920.0,121366.0,45376.0,1.0085090824483556,1.0992248062015504
25025291B,2,1,ok,/xiangmu/data/VILMIL/features_biomedclip_5x/25025291B.h5,/xiangmu/data/VILMIL/features_biomedclip_20x/25025291B.h5,238,3428,7616.0,111984.0,16658.0,86307.0,104368.0,69649.0,7616.0,114032.0,16658.0,87331.0,106416.0,70673.0,1.019622872911237,1.0147022929259573
25025293B2,4,1,ok,/xiangmu/data/VILMIL/features_biomedclip_5x/25025293B2.h5,/xiangmu/data/VILMIL/features_biomedclip_20x/25025293B2.h5,203,2659,7712.0,132773.0,6993.0,63425.0,125061.0,56432.0,7712.0,134821.0,6993.0,66497.0,127109.0,59504.0,1.0163760085078481,1.0544371987524808
25025297B,4,1,ok,/xiangmu/data/VILMIL/features_biomedclip_5x/25025297B.h5,/xiangmu/data/VILMIL/features_biomedclip_20x/25025297B.h5,310,4651,7872.0,136709.0,6736.0,82680.0,128837.0,75944.0,7872.0,137733.0,6736.0,85752.0,129861.0,79016.0,1.007948027352391,1.040450858527336
25025298B2,2,1,ok,/xiangmu/data/VILMIL/features_biomedclip_5x/25025298B2.h5,/xiangmu/data/VILMIL/features_biomedclip_20x/25025298B2.h5,386,5726,7600.0,149489.0,0.0,78832.0,141889.0,78832.0,7600.0,151537.0,0.0,80880.0,143937.0,80880.0,1.0144338179844807,1.0259792977471078
25025506B,0,1,ok,/xiangmu/data/VILMIL/features_biomedclip_5x/25025506B.h5,/xiangmu/data/VILMIL/features_biomedclip_20x/25025506B.h5,218,3046,13153.0,127623.0,1232.0,70897.0,114470.0,69665.0,13153.0,129671.0,1232.0,73969.0,116518.0,72737.0,1.0178911505197867,1.0440967487260462
25025509B2,3,1,ok,/xiangmu/data/VILMIL/features_biomedclip_5x/25025509B2.h5,/xiangmu/data/VILMIL/features_biomedclip_20x/25025509B2.h5,229,3442,7536.0,141778.0,6944.0,75297.0,134242.0,68353.0,7536.0,141778.0,6944.0,77345.0,134242.0,70401.0,1.0,1.0299621084663437
25025510B1,1,1,ok,/xiangmu/data/VILMIL/features_biomedclip_5x/25025510B1.h5,/xiangmu/data/VILMIL/features_biomedclip_20x/25025510B1.h5,336,5062,7568.0,140593.0,1600.0,75328.0,133025.0,73728.0,7568.0,141617.0,1600.0,78400.0,134049.0,76800.0,1.0076978011651945,1.0416666666666667
25025510B3,0,1,ok,/xiangmu/data/VILMIL/features_biomedclip_5x/25025510B3.h5,/xiangmu/data/VILMIL/features_biomedclip_20x/25025510B3.h5,325,4841,7616.0,141143.0,14737.0,84369.0,133527.0,69632.0,7616.0,144215.0,14737.0,87441.0,136599.0,72704.0,1.0230065829382822,1.0441176470588236
25025567B3,3,1,ok,/xiangmu/data/VILMIL/features_biomedclip_5x/25025567B3.h5,/xiangmu/data/VILMIL/features_biomedclip_20x/25025567B3.h5,287,4188,7904.0,136005.0,1776.0,82705.0,128101.0,80929.0,7904.0,138053.0,1776.0,83729.0,130149.0,81953.0,1.0159873849540597,1.0126530662679634
25025567B4,2,1,ok,/xiangmu/data/VILMIL/features_biomedclip_5x/25025567B4.h5,/xiangmu/data/VILMIL/features_biomedclip_20x/25025567B4.h5,105,1402,7824.0,118806.0,7776.0,56224.0,110982.0,48448.0,7824.0,121878.0,7776.0,58272.0,114054.0,50496.0,1.0276801643509759,1.0422721268163804
25025569B,4,1,ok,/xiangmu/data/VILMIL/features_biomedclip_5x/25025569B.h5,/xiangmu/data/VILMIL/features_biomedclip_20x/25025569B.h5,51,628,7568.0,105844.0,15872.0,48416.0,98276.0,32544.0,7568.0,106868.0,15872.0,51488.0,99300.0,35616.0,1.0104196344987586,1.0943952802359882
25025570B2,3,1,ok,/xiangmu/data/VILMIL/features_biomedclip_5x/25025570B2.h5,/xiangmu/data/VILMIL/features_biomedclip_20x/25025570B2.h5,422,6303,11408.0,148151.0,7728.0,81825.0,136743.0,74097.0,11408.0,149175.0,7728.0,85552.0,137767.0,77824.0,1.007488500325428,1.0502989324803973
25025575B2,1,1,ok,/xiangmu/data/VILMIL/features_biomedclip_5x/25025575B2.h5,/xiangmu/data/VILMIL/features_biomedclip_20x/25025575B2.h5,385,5776,11072.0,149793.0,944.0,80016.0,138721.0,79072.0,11072.0,151841.0,944.0,83088.0,140769.0,82144.0,1.0147634460535895,1.0388506677458518
25025602B2,4,1,ok,/xiangmu/data/VILMIL/features_biomedclip_5x/25025602B2.h5,/xiangmu/data/VILMIL/features_biomedclip_20x/25025602B2.h5,506,7540,7712.0,171805.0,2320.0,81856.0,164093.0,79536.0,7712.0,175837.0,2320.0,82880.0,168125.0,80560.0,1.0245714320537744,1.0128746731040033
25025616B,1,1,ok,/xiangmu/data/VILMIL/features_biomedclip_5x/25025616B.h5,/xiangmu/data/VILMIL/features_biomedclip_20x/25025616B.h5,136,1913,7793.0,93144.0,6769.0,62385.0,85351.0,55616.0,7793.0,94168.0,6769.0,65457.0,86375.0,58688.0,1.0119975161392367,1.0552359033371692
25025675B2,4,1,ok,/xiangmu/data/VILMIL/features_biomedclip_5x/25025675B2.h5,/xiangmu/data/VILMIL/features_biomedclip_20x/25025675B2.h5,310,4414,7632.0,123152.0,7136.0,76097.0,115520.0,68961.0,7632.0,125200.0,7136.0,80193.0,117568.0,73057.0,1.0177285318559557,1.0593958904308232
25025788B2,3,1,ok,/xiangmu/data/VILMIL/features_biomedclip_5x/25025788B2.h5,/xiangmu/data/VILMIL/features_biomedclip_20x/25025788B2.h5,445,6674,7488.0,154770.0,10193.0,83921.0,147282.0,73728.0,7488.0,166979.0,10129.0,86993.0,159491.0,76864.0,1.08289539794408,1.0425347222222223
25025951B,1,1,ok,/xiangmu/data/VILMIL/features_biomedclip_5x/25025951B.h5,/xiangmu/data/VILMIL/features_biomedclip_20x/25025951B.h5,265,3887,7696.0,122688.0,7568.0,80032.0,114992.0,72464.0,7696.0,125760.0,7568.0,81056.0,118064.0,73488.0,1.0267149019062196,1.0141311547803047
25025953B2,3,1,ok,/xiangmu/data/VILMIL/features_biomedclip_5x/25025953B2.h5,/xiangmu/data/VILMIL/features_biomedclip_20x/25025953B2.h5,410,5950,8704.0,157568.0,7344.0,76976.0,148864.0,69632.0,8704.0,168592.0,7344.0,79207.0,159888.0,71863.0,1.0740541702493551,1.0320398667279411
25025954B3,0,1,ok,/xiangmu/data/VILMIL/features_biomedclip_5x/25025954B3.h5,/xiangmu/data/VILMIL/features_biomedclip_20x/25025954B3.h5,40,435,6352.0,89367.0,11600.0,36961.0,83015.0,25361.0,6352.0,90391.0,9104.0,39009.0,84039.0,29905.0,1.0123351201590074,1.1791727455541974
25025960B2,1,1,ok,/xiangmu/data/VILMIL/features_biomedclip_5x/25025960B2.h5,/xiangmu/data/VILMIL/features_biomedclip_20x/25025960B2.h5,195,2649,7760.0,116848.0,7184.0,72496.0,109088.0,65312.0,7760.0,119920.0,7184.0,74544.0,112160.0,67360.0,1.0281607509533588,1.0313571778539932
25025975B2,4,1,ok,/xiangmu/data/VILMIL/features_biomedclip_5x/25025975B2.h5,/xiangmu/data/VILMIL/features_biomedclip_20x/25025975B2.h5,154,2129,7952.0,115666.0,10112.0,61314.0,107714.0,51202.0,7952.0,121394.0,10112.0,65410.0,113442.0,55298.0,1.0531778598882224,1.0799968751220654
25026075B2,3,1,ok,/xiangmu/data/VILMIL/features_biomedclip_5x/25026075B2.h5,/xiangmu/data/VILMIL/features_biomedclip_20x/25026075B2.h5,196,2883,8144.0,143457.0,6528.0,41648.0,135313.0,35120.0,8144.0,145505.0,6528.0,42672.0,137361.0,36144.0,1.0151352789458514,1.0291571753986333
25026081B2,2,1,ok,/xiangmu/data/VILMIL/features_biomedclip_5x/25026081B2.h5,/xiangmu/data/VILMIL/features_biomedclip_20x/25026081B2.h5,240,3397,38897.0,152228.0,8081.0,76609.0,113331.0,68528.0,38897.0,156324.0,8081.0,78657.0,117427.0,70576.0,1.0361419205689528,1.029885594209666
25026103B2,1,1,ok,/xiangmu/data/VILMIL/features_biomedclip_5x/25026103B2.h5,/xiangmu/data/VILMIL/features_biomedclip_20x/25026103B2.h5,213,3274,7712.0,133079.0,7040.0,68000.0,125367.0,60960.0,7712.0,134103.0,7040.0,71072.0,126391.0,64032.0,1.0081680186971054,1.0503937007874016
25026103B3,1,1,ok,/xiangmu/data/VILMIL/features_biomedclip_5x/25026103B3.h5,/xiangmu/data/VILMIL/features_biomedclip_20x/25026103B3.h5,174,2557,7568.0,128675.0,6320.0,55472.0,121107.0,49152.0,7568.0,130723.0,6320.0,57520.0,123155.0,51200.0,1.0169106657748932,1.0416666666666667
25026144B2,0,1,ok,/xiangmu/data/VILMIL/features_biomedclip_5x/25026144B2.h5,/xiangmu/data/VILMIL/features_biomedclip_20x/25026144B2.h5,282,4093,9856.0,118417.0,48.0,69904.0,108561.0,69856.0,9856.0,122513.0,48.0,71728.0,112657.0,71680.0,1.0377299398494855,1.026110856619331
25026144B3,1,1,ok,/xiangmu/data/VILMIL/features_biomedclip_5x/25026144B3.h5,/xiangmu/data/VILMIL/features_biomedclip_20x/25026144B3.h5,252,3365,7600.0,117575.0,10784.0,73488.0,109975.0,62704.0,7600.0,120647.0,7952.0,78608.0,113047.0,70656.0,1.0279336212775632,1.1268180658331206
25026163B,2,1,ok,/xiangmu/data/VILMIL/features_biomedclip_5x/25026163B.h5,/xiangmu/data/VILMIL/features_biomedclip_20x/25026163B.h5,336,4868,7696.0,139219.0,6752.0,72288.0,131523.0,65536.0,7696.0,142291.0,6752.0,75360.0,134595.0,68608.0,1.0233571314522936,1.046875
25026180B2,1,1,ok,/xiangmu/data/VILMIL/features_biomedclip_5x/25026180B2.h5,/xiangmu/data/VILMIL/features_biomedclip_20x/25026180B2.h5,415,6279,7744.0,150710.0,7888.0,78864.0,142966.0,70976.0,7744.0,151734.0,7888.0,81936.0,143990.0,74048.0,1.0071625421428871,1.043282236248873
25026254B2,2,1,ok,/xiangmu/data/VILMIL/features_biomedclip_5x/25026254B2.h5,/xiangmu/data/VILMIL/features_biomedclip_20x/25026254B2.h5,379,5696,7856.0,148162.0,6657.0,76444.0,140306.0,69787.0,7856.0,152258.0,6657.0,77859.0,144402.0,71202.0,1.0291933345687283,1.0202759826328687
25026285B2,4,1,ok,/xiangmu/data/VILMIL/features_biomedclip_5x/25026285B2.h5,/xiangmu/data/VILMIL/features_biomedclip_20x/25026285B2.h5,368,5526,9904.0,133713.0,2160.0,85616.0,123809.0,83456.0,9904.0,135761.0,2160.0,86640.0,125857.0,84480.0,1.0165416084452665,1.0122699386503067
25026291B2,3,1,ok,/xiangmu/data/VILMIL/features_biomedclip_5x/25026291B2.h5,/xiangmu/data/VILMIL/features_biomedclip_20x/25026291B2.h5,450,6838,7632.0,155590.0,6624.0,80352.0,147958.0,73728.0,7632.0,169547.0,6624.0,84448.0,161915.0,77824.0,1.094330823612106,1.0555555555555556
25026294B3,2,1,ok,/xiangmu/data/VILMIL/features_biomedclip_5x/25026294B3.h5,/xiangmu/data/VILMIL/features_biomedclip_20x/25026294B3.h5,416,5954,4176.0,156949.0,6656.0,76288.0,152773.0,69632.0,4176.0,158997.0,6656.0,78336.0,154821.0,71680.0,1.0134055101359534,1.0294117647058822
25026499B3,0,1,ok,/xiangmu/data/VILMIL/features_biomedclip_5x/25026499B3.h5,/xiangmu/data/VILMIL/features_biomedclip_20x/25026499B3.h5,296,4304,8032.0,145991.0,4112.0,69648.0,137959.0,65536.0,8032.0,150087.0,4112.0,73744.0,142055.0,69632.0,1.0296899803564827,1.0625
25026509B,1,1,ok,/xiangmu/data/VILMIL/features_biomedclip_5x/25026509B.h5,/xiangmu/data/VILMIL/features_biomedclip_20x/25026509B.h5,202,2939,8080.0,122690.0,6497.0,63025.0,114610.0,56528.0,8080.0,123714.0,6497.0,64049.0,115634.0,57552.0,1.0089346479364802,1.0181149165015568
25026669B2,3,1,ok,/xiangmu/data/VILMIL/features_biomedclip_5x/25026669B2.h5,/xiangmu/data/VILMIL/features_biomedclip_20x/25026669B2.h5,233,3176,7520.0,139777.0,6800.0,78849.0,132257.0,72049.0,7520.0,140817.0,6800.0,80897.0,133297.0,74097.0,1.007863477925554,1.0284250995850046
25026740B2,4,1,ok,/xiangmu/data/VILMIL/features_biomedclip_5x/25026740B2.h5,/xiangmu/data/VILMIL/features_biomedclip_20x/25026740B2.h5,333,4969,8000.0,118082.0,7104.0,82240.0,110082.0,75136.0,8000.0,118082.0,6624.0,83264.0,110082.0,76640.0,1.0,1.0200170357751277
25026752B,1,1,ok,/xiangmu/data/VILMIL/features_biomedclip_5x/25026752B.h5,/xiangmu/data/VILMIL/features_biomedclip_20x/25026752B.h5,148,2142,8192.0,95924.0,6640.0,55328.0,87732.0,48688.0,8192.0,98996.0,6640.0,59424.0,90804.0,52784.0,1.0350157297223361,1.0841275057509037
25026782B3,0,1,ok,/xiangmu/data/VILMIL/features_biomedclip_5x/25026782B3.h5,/xiangmu/data/VILMIL/features_biomedclip_20x/25026782B3.h5,205,2791,7504.0,134097.0,6640.0,61345.0,126593.0,54705.0,7504.0,135121.0,6640.0,62369.0,127617.0,55729.0,1.0080889148689105,1.018718581482497
25026797B2,1,1,ok,/xiangmu/data/VILMIL/features_biomedclip_5x/25026797B2.h5,/xiangmu/data/VILMIL/features_biomedclip_20x/25026797B2.h5,76,1002,22337.0,108918.0,6928.0,69153.0,86581.0,62225.0,21857.0,124441.0,5488.0,71201.0,102584.0,65713.0,1.184832700015015,1.0560546404178386
25026798B2,1,1,ok,/xiangmu/data/VILMIL/features_biomedclip_5x/25026798B2.h5,/xiangmu/data/VILMIL/features_biomedclip_20x/25026798B2.h5,410,5921,7600.0,157076.0,5072.0,83136.0,149476.0,78064.0,7600.0,160148.0,5072.0,86992.0,152548.0,81920.0,1.020551794267976,1.0493953679032588
25027122B2,1,1,ok,/xiangmu/data/VILMIL/features_biomedclip_5x/25027122B2.h5,/xiangmu/data/VILMIL/features_biomedclip_20x/25027122B2.h5,247,3580,9552.0,116662.0,6353.0,59682.0,107110.0,53329.0,9552.0,119734.0,6353.0,63778.0,110182.0,57425.0,1.028680795443936,1.076806240507041
25027131B2,0,1,ok,/xiangmu/data/VILMIL/features_biomedclip_5x/25027131B2.h5,/xiangmu/data/VILMIL/features_biomedclip_20x/25027131B2.h5,315,4565,7552.0,166167.0,4512.0,72720.0,158615.0,68208.0,7552.0,172311.0,4512.0,74768.0,164759.0,70256.0,1.0387353024619361,1.0300258034248182
25027135B3,0,1,ok,/xiangmu/data/VILMIL/features_biomedclip_5x/25027135B3.h5,/xiangmu/data/VILMIL/features_biomedclip_20x/25027135B3.h5,196,2843,13120.0,107904.0,14049.0,78930.0,94784.0,64881.0,13120.0,109952.0,13425.0,81633.0,96832.0,68208.0,1.0216070222822418,1.0512784944744995
25027167B2,1,1,ok,/xiangmu/data/VILMIL/features_biomedclip_5x/25027167B2.h5,/xiangmu/data/VILMIL/features_biomedclip_20x/25027167B2.h5,239,3488,7696.0,112565.0,12625.0,66930.0,104869.0,54305.0,7696.0,113589.0,12625.0,70002.0,105893.0,57377.0,1.00976456340768,1.0565693766688151
25027181B2,3,1,ok,/xiangmu/data/VILMIL/features_biomedclip_5x/25027181B2.h5,/xiangmu/data/VILMIL/features_biomedclip_20x/25027181B2.h5,135,1769,9104.0,101841.0,0.0,76952.0,92737.0,76952.0,9104.0,104913.0,0.0,81048.0,95809.0,81048.0,1.033125936788984,1.0532279862771599
25027181B3,0,1,ok,/xiangmu/data/VILMIL/features_biomedclip_5x/25027181B3.h5,/xiangmu/data/VILMIL/features_biomedclip_20x/25027181B3.h5,185,2519,9376.0,103670.0,7089.0,72625.0,94294.0,65536.0,7888.0,105718.0,7089.0,75697.0,97830.0,68608.0,1.037499734871784,1.046875
25027181B4,3,1,ok,/xiangmu/data/VILMIL/features_biomedclip_5x/25027181B4.h5,/xiangmu/data/VILMIL/features_biomedclip_20x/25027181B4.h5,406,6197,7696.0,133648.0,4208.0,83648.0,125952.0,79440.0,7696.0,136720.0,4208.0,86720.0,129024.0,82512.0,1.024390243902439,1.0386706948640483
25027181B5,1,1,ok,/xiangmu/data/VILMIL/features_biomedclip_5x/25027181B5.h5,/xiangmu/data/VILMIL/features_biomedclip_20x/25027181B5.h5,316,4677,7696.0,132704.0,3632.0,77360.0,125008.0,73728.0,7696.0,135776.0,3632.0,78384.0,128080.0,74752.0,1.0245744272366568,1.0138888888888888
25027181B6,3,1,ok,/xiangmu/data/VILMIL/features_biomedclip_5x/25027181B6.h5,/xiangmu/data/VILMIL/features_biomedclip_20x/25027181B6.h5,145,2130,7824.0,101783.0,12992.0,66432.0,93959.0,53440.0,7824.0,105879.0,12992.0,68480.0,98055.0,55488.0,1.0435934822635404,1.038323353293413
25027193B,4,1,ok,/xiangmu/data/VILMIL/features_biomedclip_5x/25027193B.h5,/xiangmu/data/VILMIL/features_biomedclip_20x/25027193B.h5,295,4317,7760.0,130840.0,5520.0,75554.0,123080.0,70034.0,7760.0,132472.0,5520.0,76578.0,124712.0,71058.0,1.0132596685082873,1.0146214695719222
25027290B2,0,1,ok,/xiangmu/data/VILMIL/features_biomedclip_5x/25027290B2.h5,/xiangmu/data/VILMIL/features_biomedclip_20x/25027290B2.h5,420,6087,8240.0,163094.0,3520.0,81344.0,154854.0,77824.0,8240.0,167190.0,3520.0,85210.0,158950.0,81690.0,1.0264507213246026,1.0496761924342106
25027606B3,1,1,ok,/xiangmu/data/VILMIL/features_biomedclip_5x/25027606B3.h5,/xiangmu/data/VILMIL/features_biomedclip_20x/25027606B3.h5,152,2077,11169.0,94648.0,2224.0,77809.0,83479.0,75585.0,11169.0,95672.0,2224.0,79857.0,84503.0,77633.0,1.012266558056517,1.0270953231461268
25027636B2,4,1,ok,/xiangmu/data/VILMIL/features_biomedclip_5x/25027636B2.h5,/xiangmu/data/VILMIL/features_biomedclip_20x/25027636B2.h5,344,4805,7680.0,133078.0,2976.0,73777.0,125398.0,70801.0,7680.0,137174.0,592.0,75825.0,129494.0,75233.0,1.0326639978309065,1.0625979859041539
25027718B2,2,1,ok,/xiangmu/data/VILMIL/features_biomedclip_5x/25027718B2.h5,/xiangmu/data/VILMIL/features_biomedclip_20x/25027718B2.h5,237,3523,7856.0,97688.0,4224.0,77952.0,89832.0,73728.0,7856.0,101784.0,4224.0,79104.0,93928.0,74880.0,1.0455962240626948,1.015625
25027723B4,0,1,ok,/xiangmu/data/VILMIL/features_biomedclip_5x/25027723B4.h5,/xiangmu/data/VILMIL/features_biomedclip_20x/25027723B4.h5,248,3532,7776.0,142304.0,6192.0,75649.0,134528.0,69457.0,7776.0,144352.0,6192.0,77697.0,136576.0,71505.0,1.0152235965746907,1.029485868954893
25027770B,3,1,ok,/xiangmu/data/VILMIL/features_biomedclip_5x/25027770B.h5,/xiangmu/data/VILMIL/features_biomedclip_20x/25027770B.h5,218,3071,7632.0,142802.0,7216.0,75090.0,135170.0,67874.0,7632.0,146450.0,7216.0,79186.0,138818.0,71970.0,1.026988237034845,1.0603471137696319
25028010B2,4,1,ok,/xiangmu/data/VILMIL/features_biomedclip_5x/25028010B2.h5,/xiangmu/data/VILMIL/features_biomedclip_20x/25028010B2.h5,144,1946,7968.0,95025.0,13634.0,71874.0,87057.0,58240.0,7968.0,98097.0,13634.0,72898.0,90129.0,59264.0,1.0352872256108068,1.0175824175824175
25028010B2a,2,1,ok,/xiangmu/data/VILMIL/features_biomedclip_5x/25028010B2a.h5,/xiangmu/data/VILMIL/features_biomedclip_20x/25028010B2a.h5,132,1839,11808.0,99442.0,6785.0,64129.0,87634.0,57344.0,11808.0,100466.0,6785.0,66177.0,88658.0,59392.0,1.0116849624574937,1.0357142857142858
25028010B3,2,1,ok,/xiangmu/data/VILMIL/features_biomedclip_5x/25028010B3.h5,/xiangmu/data/VILMIL/features_biomedclip_20x/25028010B3.h5,239,3182,7728.0,151212.0,7281.0,73431.0,143484.0,66150.0,7728.0,153260.0,7281.0,77578.0,145532.0,70297.0,1.0142733684592011,1.0626908541194255
25028014B4,2,1,ok,/xiangmu/data/VILMIL/features_biomedclip_5x/25028014B4.h5,/xiangmu/data/VILMIL/features_biomedclip_20x/25028014B4.h5,167,2330,7664.0,111058.0,6112.0,75792.0,103394.0,69680.0,7664.0,112082.0,6112.0,76816.0,104418.0,70704.0,1.009903862893398,1.0146957520091848
25028014B5,1,1,ok,/xiangmu/data/VILMIL/features_biomedclip_5x/25028014B5.h5,/xiangmu/data/VILMIL/features_biomedclip_20x/25028014B5.h5,177,2594,7680.0,110117.0,6448.0,62065.0,102437.0,55617.0,7680.0,119831.0,240.0,65137.0,112151.0,64897.0,1.0948290168591428,1.1668554578636028
25028014B6,3,1,ok,/xiangmu/data/VILMIL/features_biomedclip_5x/25028014B6.h5,/xiangmu/data/VILMIL/features_biomedclip_20x/25028014B6.h5,81,1074,8320.0,92304.0,7313.0,52369.0,83984.0,45056.0,8320.0,96400.0,7313.0,55560.0,88080.0,48247.0,1.0487711945132405,1.0708229758522727
25028014B7,0,1,ok,/xiangmu/data/VILMIL/features_biomedclip_5x/25028014B7.h5,/xiangmu/data/VILMIL/features_biomedclip_20x/25028014B7.h5,97,1311,8544.0,104656.0,6433.0,54417.0,96112.0,47984.0,8544.0,113968.0,6433.0,64844.0,105424.0,58411.0,1.0968869652072581,1.217301600533511
25028134B,3,1,ok,/xiangmu/data/VILMIL/features_biomedclip_5x/25028134B.h5,/xiangmu/data/VILMIL/features_biomedclip_20x/25028134B.h5,290,4196,7648.0,131115.0,5936.0,75152.0,123467.0,69216.0,7648.0,137259.0,5936.0,78224.0,129611.0,72288.0,1.0497622846590586,1.044382801664355
25028147B3,2,1,ok,/xiangmu/data/VILMIL/features_biomedclip_5x/25028147B3.h5,/xiangmu/data/VILMIL/features_biomedclip_20x/25028147B3.h5,138,1958,7728.0,110966.0,11906.0,53426.0,103238.0,41520.0,7728.0,117290.0,11906.0,65434.0,109562.0,53528.0,1.061256514074275,1.2892100192678226
25028151B2,2,1,ok,/xiangmu/data/VILMIL/features_biomedclip_5x/25028151B2.h5,/xiangmu/data/VILMIL/features_biomedclip_20x/25028151B2.h5,178,2445,7728.0,129865.0,5664.0,74369.0,122137.0,68705.0,7728.0,132361.0,5664.0,77441.0,124633.0,71777.0,1.0204360676944741,1.0447129029910487
25028151B3,3,1,ok,/xiangmu/data/VILMIL/features_biomedclip_5x/25028151B3.h5,/xiangmu/data/VILMIL/features_biomedclip_20x/25028151B3.h5,283,4005,25793.0,157495.0,5392.0,74737.0,131702.0,69345.0,25793.0,160567.0,6416.0,77809.0,134774.0,71393.0,1.0233253860989202,1.0295334919604875
25028186B2,4,1,ok,/xiangmu/data/VILMIL/features_biomedclip_5x/25028186B2.h5,/xiangmu/data/VILMIL/features_biomedclip_20x/25028186B2.h5,286,4181,11136.0,145698.0,4192.0,71888.0,134562.0,67696.0,11136.0,145698.0,4192.0,75984.0,134562.0,71792.0,1.0,1.0605057905932405
25028210B2,3,1,ok,/xiangmu/data/VILMIL/features_biomedclip_5x/25028210B2.h5,/xiangmu/data/VILMIL/features_biomedclip_20x/25028210B2.h5,133,1784,15713.0,112985.0,6736.0,61635.0,97272.0,54899.0,15713.0,116057.0,6736.0,64707.0,100344.0,57971.0,1.0315815445349124,1.0559573034117198
25028514B,0,1,ok,/xiangmu/data/VILMIL/features_biomedclip_5x/25028514B.h5,/xiangmu/data/VILMIL/features_biomedclip_20x/25028514B.h5,128,1741,7552.0,83408.0,7696.0,74657.0,75856.0,66961.0,7552.0,87504.0,7696.0,78753.0,79952.0,71057.0,1.05399704703649,1.0611699347381311
25028520B3,3,1,ok,/xiangmu/data/VILMIL/features_biomedclip_5x/25028520B3.h5,/xiangmu/data/VILMIL/features_biomedclip_20x/25028520B3.h5,151,2200,68434.0,181254.0,6800.0,66322.0,112820.0,59522.0,68434.0,187606.0,6800.0,78792.0,119172.0,71992.0,1.0563020741003368,1.2095023688720137
25028738B2,0,1,ok,/xiangmu/data/VILMIL/features_biomedclip_5x/25028738B2.h5,/xiangmu/data/VILMIL/features_biomedclip_20x/25028738B2.h5,212,3080,7808.0,111028.0,9921.0,67650.0,103220.0,57729.0,7808.0,113076.0,9921.0,71746.0,105268.0,61825.0,1.0198411160627785,1.0709522077292175
25028862B2,2,1,ok,/xiangmu/data/VILMIL/features_biomedclip_5x/25028862B2.h5,/xiangmu/data/VILMIL/features_biomedclip_20x/25028862B2.h5,189,2597,7552.0,105559.0,8209.0,69137.0,98007.0,60928.0,7552.0,106583.0,8209.0,73233.0,99031.0,65024.0,1.0104482332894589,1.0672268907563025
25028868B2,4,1,ok,/xiangmu/data/VILMIL/features_biomedclip_5x/25028868B2.h5,/xiangmu/data/VILMIL/features_biomedclip_20x/25028868B2.h5,120,1658,8080.0,104584.0,6449.0,39953.0,96504.0,33504.0,8080.0,108680.0,6449.0,43313.0,100600.0,36864.0,1.042443836524911,1.1002865329512894
25028879B3,2,1,ok,/xiangmu/data/VILMIL/features_biomedclip_5x/25028879B3.h5,/xiangmu/data/VILMIL/features_biomedclip_20x/25028879B3.h5,283,4014,7680.0,158512.0,3792.0,77241.0,150832.0,73449.0,7680.0,159536.0,3792.0,79289.0,151856.0,75497.0,1.0067890102895938,1.02788329316941
25028885B2,2,1,ok,/xiangmu/data/VILMIL/features_biomedclip_5x/25028885B2.h5,/xiangmu/data/VILMIL/features_biomedclip_20x/25028885B2.h5,252,3730,9888.0,113366.0,4112.0,86290.0,103478.0,82178.0,9888.0,113366.0,4112.0,87314.0,103478.0,83202.0,1.0,1.012460755920076
25029134B,3,1,ok,/xiangmu/data/VILMIL/features_biomedclip_5x/25029134B.h5,/xiangmu/data/VILMIL/features_biomedclip_20x/25029134B.h5,267,3786,25728.0,144336.0,6720.0,76816.0,118608.0,70096.0,25728.0,147408.0,6720.0,77840.0,121680.0,71120.0,1.0259004451639013,1.0146085368637296
25029179B,2,1,ok,/xiangmu/data/VILMIL/features_biomedclip_5x/25029179B.h5,/xiangmu/data/VILMIL/features_biomedclip_20x/25029179B.h5,355,5002,7456.0,156727.0,1920.0,77129.0,149271.0,75209.0,7456.0,160231.0,1920.0,80201.0,152775.0,78281.0,1.0234740840484755,1.0408461753247618
25029425B,0,1,ok,/xiangmu/data/VILMIL/features_biomedclip_5x/25029425B.h5,/xiangmu/data/VILMIL/features_biomedclip_20x/25029425B.h5,361,5429,12592.0,157936.0,0.0,74688.0,145344.0,74688.0,12592.0,159984.0,0.0,76736.0,147392.0,76736.0,1.0140907089387934,1.027420736932305
25029425B2,0,1,ok,/xiangmu/data/VILMIL/features_biomedclip_5x/25029425B2.h5,/xiangmu/data/VILMIL/features_biomedclip_20x/25029425B2.h5,281,4198,12144.0,139426.0,5696.0,75328.0,127282.0,69632.0,12144.0,140450.0,5696.0,76352.0,128306.0,70656.0,1.008045128140664,1.0147058823529411
25029425B3,4,1,ok,/xiangmu/data/VILMIL/features_biomedclip_5x/25029425B3.h5,/xiangmu/data/VILMIL/features_biomedclip_20x/25029425B3.h5,243,3572,14288.0,134562.0,7041.0,60289.0,120274.0,53248.0,14288.0,135586.0,7041.0,63281.0,121298.0,56240.0,1.0085138932770175,1.0561899038461537
25029560B2,1,1,ok,/xiangmu/data/VILMIL/features_biomedclip_5x/25029560B2.h5,/xiangmu/data/VILMIL/features_biomedclip_20x/25029560B2.h5,42,536,7584.0,87799.0,7170.0,29555.0,80215.0,22385.0,7584.0,91895.0,7170.0,33651.0,84311.0,26481.0,1.0510627688088263,1.1829796738887648
25029565B5,3,1,ok,/xiangmu/data/VILMIL/features_biomedclip_5x/25029565B5.h5,/xiangmu/data/VILMIL/features_biomedclip_20x/25029565B5.h5,76,975,7696.0,109911.0,20017.0,59122.0,102215.0,39105.0,7696.0,112983.0,20017.0,63218.0,105287.0,43201.0,1.0300542973144842,1.104743638920854
25029737B2,0,1,ok,/xiangmu/data/VILMIL/features_biomedclip_5x/25029737B2.h5,/xiangmu/data/VILMIL/features_biomedclip_20x/25029737B2.h5,239,3259,7600.0,129673.0,6416.0,75553.0,122073.0,69137.0,7600.0,131355.0,6416.0,78216.0,123755.0,71800.0,1.0137786406494476,1.0385177256751088
25029906B2,1,1,ok,/xiangmu/data/VILMIL/features_biomedclip_5x/25029906B2.h5,/xiangmu/data/VILMIL/features_biomedclip_20x/25029906B2.h5,264,3730,7744.0,127157.0,10785.0,83506.0,119413.0,72721.0,7744.0,135013.0,6592.0,86578.0,127269.0,79986.0,1.065788481991073,1.0999023665791174
25030118B2,2,1,ok,/xiangmu/data/VILMIL/features_biomedclip_5x/25030118B2.h5,/xiangmu/data/VILMIL/features_biomedclip_20x/25030118B2.h5,134,1723,7664.0,109876.0,6945.0,76529.0,102212.0,69584.0,7664.0,109876.0,6945.0,77553.0,102212.0,70608.0,1.0,1.0147160266727984
25030157B3,3,1,ok,/xiangmu/data/VILMIL/features_biomedclip_5x/25030157B3.h5,/xiangmu/data/VILMIL/features_biomedclip_20x/25030157B3.h5,93,1256,7648.0,99889.0,15441.0,69153.0,92241.0,53712.0,7648.0,101937.0,15441.0,71201.0,94289.0,55760.0,1.0222027081232858,1.0381292820971104
25030157B4,3,1,ok,/xiangmu/data/VILMIL/features_biomedclip_5x/25030157B4.h5,/xiangmu/data/VILMIL/features_biomedclip_20x/25030157B4.h5,214,3100,17232.0,149684.0,10977.0,72417.0,132452.0,61440.0,17232.0,153780.0,2352.0,76513.0,136548.0,74161.0,1.0309244103524295,1.2070475260416667
25030334B2,0,1,ok,/xiangmu/data/VILMIL/features_biomedclip_5x/25030334B2.h5,/xiangmu/data/VILMIL/features_biomedclip_20x/25030334B2.h5,228,3202,7648.0,124357.0,6496.0,79137.0,116709.0,72641.0,7648.0,146921.0,4720.0,82209.0,139273.0,77489.0,1.1933355610964023,1.066739169339629
25030619B2,3,1,ok,/xiangmu/data/VILMIL/features_biomedclip_5x/25030619B2.h5,/xiangmu/data/VILMIL/features_biomedclip_20x/25030619B2.h5,255,3387,29616.0,187460.0,688.0,74344.0,157844.0,73656.0,12240.0,188484.0,688.0,77416.0,176244.0,76728.0,1.1165707914143077,1.0417073965461063
25030630B,4,1,ok,/xiangmu/data/VILMIL/features_biomedclip_5x/25030630B.h5,/xiangmu/data/VILMIL/features_biomedclip_20x/25030630B.h5,305,4265,8400.0,125027.0,1616.0,73456.0,116627.0,71840.0,8400.0,127075.0,1616.0,77552.0,118675.0,75936.0,1.0175602562013941,1.0570155902004454
25030750B2,0,1,ok,/xiangmu/data/VILMIL/features_biomedclip_5x/25030750B2.h5,/xiangmu/data/VILMIL/features_biomedclip_20x/25030750B2.h5,336,5104,12064.0,146502.0,0.0,75888.0,134438.0,75888.0,12064.0,149574.0,0.0,76912.0,137510.0,76912.0,1.0228506820988112,1.0134935694707992
25030988B4,0,1,ok,/xiangmu/data/VILMIL/features_biomedclip_5x/25030988B4.h5,/xiangmu/data/VILMIL/features_biomedclip_20x/25030988B4.h5,144,2083,7696.0,102880.0,11393.0,69953.0,95184.0,58560.0,7696.0,108000.0,11393.0,71809.0,100304.0,60416.0,1.0537905530341234,1.0316939890710382
25030998B2,0,1,ok,/xiangmu/data/VILMIL/features_biomedclip_5x/25030998B2.h5,/xiangmu/data/VILMIL/features_biomedclip_20x/25030998B2.h5,226,3001,8224.0,135292.0,5440.0,79168.0,127068.0,73728.0,8224.0,138268.0,5440.0,82240.0,130044.0,76800.0,1.0234205307394466,1.0416666666666667
25031267B2,0,1,ok,/xiangmu/data/VILMIL/features_biomedclip_5x/25031267B2.h5,/xiangmu/data/VILMIL/features_biomedclip_20x/25031267B2.h5,162,2345,7648.0,112370.0,6480.0,61620.0,104722.0,55140.0,7648.0,118514.0,6480.0,64692.0,110866.0,58212.0,1.0586696205190886,1.0557127312295973
25031271B2,1,1,ok,/xiangmu/data/VILMIL/features_biomedclip_5x/25031271B2.h5,/xiangmu/data/VILMIL/features_biomedclip_20x/25031271B2.h5,143,1888,7616.0,110184.0,20464.0,63008.0,102568.0,42544.0,7616.0,119547.0,6720.0,66080.0,111931.0,59360.0,1.0912857811403167,1.3952613764573147
25031281B2,3,1,ok,/xiangmu/data/VILMIL/features_biomedclip_5x/25031281B2.h5,/xiangmu/data/VILMIL/features_biomedclip_20x/25031281B2.h5,192,2839,7728.0,118160.0,5888.0,74146.0,110432.0,68258.0,7728.0,121232.0,5888.0,76194.0,113504.0,70306.0,1.0278180237612287,1.0300038090773243
25031302B,4,1,ok,/xiangmu/data/VILMIL/features_biomedclip_5x/25031302B.h5,/xiangmu/data/VILMIL/features_biomedclip_20x/25031302B.h5,245,3539,7552.0,114567.0,2128.0,71760.0,107015.0,69632.0,7552.0,117639.0,2128.0,78497.0,110087.0,76369.0,1.028706256132318,1.0967514935661764
25031385B4,4,1,ok,/xiangmu/data/VILMIL/features_biomedclip_5x/25031385B4.h5,/xiangmu/data/VILMIL/features_biomedclip_20x/25031385B4.h5,185,2588,76114.0,184261.0,11585.0,71640.0,108147.0,60055.0,76114.0,185285.0,6832.0,77784.0,109171.0,70952.0,1.009468593673426,1.1814503371909084
25031387B2,4,1,ok,/xiangmu/data/VILMIL/features_biomedclip_5x/25031387B2.h5,/xiangmu/data/VILMIL/features_biomedclip_20x/25031387B2.h5,350,5205,7552.0,144907.0,6784.0,78865.0,137355.0,72081.0,7552.0,146955.0,6784.0,79889.0,139403.0,73105.0,1.014910269010957,1.014206240201995
25031411B3,0,1,ok,/xiangmu/data/VILMIL/features_biomedclip_5x/25031411B3.h5,/xiangmu/data/VILMIL/features_biomedclip_20x/25031411B3.h5,45,537,8432.0,86964.0,21425.0,56593.0,78532.0,35168.0,8432.0,87988.0,21425.0,60689.0,79556.0,39264.0,1.0130392706158,1.1164695177434032
25031706B,0,1,ok,/xiangmu/data/VILMIL/features_biomedclip_5x/25031706B.h5,/xiangmu/data/VILMIL/features_biomedclip_20x/25031706B.h5,144,2044,7824.0,104977.0,7616.0,56880.0,97153.0,49264.0,7824.0,108049.0,7616.0,57904.0,100225.0,50288.0,1.0316202278879705,1.0207859694706074
25031706B2,3,1,ok,/xiangmu/data/VILMIL/features_biomedclip_5x/25031706B2.h5,/xiangmu/data/VILMIL/features_biomedclip_20x/25031706B2.h5,257,3393,7696.0,139572.0,6816.0,78643.0,131876.0,71827.0,7696.0,145716.0,6816.0,79667.0,138020.0,72851.0,1.0465892201765294,1.0142564773692344
25032143B2,2,1,ok,/xiangmu/data/VILMIL/features_biomedclip_5x/25032143B2.h5,/xiangmu/data/VILMIL/features_biomedclip_20x/25032143B2.h5,95,1315,12400.0,91444.0,22499.0,69028.0,79044.0,46529.0,12400.0,93492.0,16354.0,71076.0,81092.0,54722.0,1.025909619958504,1.176083732725827
25032143B3,2,1,ok,/xiangmu/data/VILMIL/features_biomedclip_5x/25032143B3.h5,/xiangmu/data/VILMIL/features_biomedclip_20x/25032143B3.h5,63,770,7728.0,81936.0,6736.0,52676.0,74208.0,45940.0,7728.0,83488.0,6736.0,53700.0,75760.0,46964.0,1.0209141871496334,1.0222899434044406
25032146B2,1,1,ok,/xiangmu/data/VILMIL/features_biomedclip_5x/25032146B2.h5,/xiangmu/data/VILMIL/features_biomedclip_20x/25032146B2.h5,20,241,7744.0,67540.0,6930.0,23459.0,59796.0,16529.0,7744.0,70612.0,6930.0,24483.0,62868.0,17553.0,1.0513746738912302,1.0619517212172545
25032179B3,0,1,ok,/xiangmu/data/VILMIL/features_biomedclip_5x/25032179B3.h5,/xiangmu/data/VILMIL/features_biomedclip_20x/25032179B3.h5,47,604,8096.0,83969.0,8145.0,54594.0,75873.0,46449.0,8096.0,83969.0,8145.0,56642.0,75873.0,48497.0,1.0,1.0440913690283968
25032245B2,4,1,ok,/xiangmu/data/VILMIL/features_biomedclip_5x/25032245B2.h5,/xiangmu/data/VILMIL/features_biomedclip_20x/25032245B2.h5,62,677,7984.0,96787.0,6448.0,39008.0,88803.0,32560.0,7984.0,98835.0,6448.0,39008.0,90851.0,32560.0,1.023062283931849,1.0
25032360B2,4,1,ok,/xiangmu/data/VILMIL/features_biomedclip_5x/25032360B2.h5,/xiangmu/data/VILMIL/features_biomedclip_20x/25032360B2.h5,189,2665,7760.0,143653.0,10673.0,69969.0,135893.0,59296.0,7760.0,144677.0,10561.0,72017.0,136917.0,61456.0,1.0075353403045042,1.0364274150026984
25032626B2,2,1,ok,/xiangmu/data/VILMIL/features_biomedclip_5x/25032626B2.h5,/xiangmu/data/VILMIL/features_biomedclip_20x/25032626B2.h5,159,2265,7744.0,97813.0,6800.0,57776.0,90069.0,50976.0,7744.0,101909.0,6800.0,60048.0,94165.0,53248.0,1.045476245989186,1.0445699937225361
25032788B4,3,1,ok,/xiangmu/data/VILMIL/features_biomedclip_5x/25032788B4.h5,/xiangmu/data/VILMIL/features_biomedclip_20x/25032788B4.h5,210,2883,7696.0,134429.0,6272.0,74520.0,126733.0,68248.0,7696.0,138525.0,6272.0,78616.0,130829.0,72344.0,1.0323199166752148,1.060016410737311
25032789B2,0,1,ok,/xiangmu/data/VILMIL/features_biomedclip_5x/25032789B2.h5,/xiangmu/data/VILMIL/features_biomedclip_20x/25032789B2.h5,254,3767,7856.0,115189.0,7216.0,80001.0,107333.0,72785.0,7856.0,118261.0,7216.0,81025.0,110405.0,73809.0,1.0286212068981582,1.0140688328639142
25033169B1,3,1,ok,/xiangmu/data/VILMIL/features_biomedclip_5x/25033169B1.h5,/xiangmu/data/VILMIL/features_biomedclip_20x/25033169B1.h5,335,4928,7648.0,137305.0,6784.0,72320.0,129657.0,65536.0,7648.0,138329.0,6784.0,75392.0,130681.0,68608.0,1.0078977610156028,1.046875
25033178B4,2,1,ok,/xiangmu/data/VILMIL/features_biomedclip_5x/25033178B4.h5,/xiangmu/data/VILMIL/features_biomedclip_20x/25033178B4.h5,294,4126,7632.0,142864.0,6416.0,76196.0,135232.0,69780.0,7632.0,146960.0,6416.0,78244.0,139328.0,71828.0,1.0302886890676763,1.0293493837775867
25033211B,1,1,ok,/xiangmu/data/VILMIL/features_biomedclip_5x/25033211B.h5,/xiangmu/data/VILMIL/features_biomedclip_20x/25033211B.h5,217,2931,7968.0,128770.0,16306.0,77362.0,120802.0,61056.0,7968.0,130818.0,16306.0,81458.0,122850.0,65152.0,1.0169533616993096,1.0670859538784068
25033447B4,0,1,ok,/xiangmu/data/VILMIL/features_biomedclip_5x/25033447B4.h5,/xiangmu/data/VILMIL/features_biomedclip_20x/25033447B4.h5,75,1054,13345.0,108728.0,9953.0,50437.0,95383.0,40484.0,13345.0,111800.0,9953.0,63991.0,98455.0,54038.0,1.0322069970539824,1.3347989329117675
25033482B2,1,1,ok,/xiangmu/data/VILMIL/features_biomedclip_5x/25033482B2.h5,/xiangmu/data/VILMIL/features_biomedclip_20x/25033482B2.h5,101,1345,7536.0,94069.0,9761.0,69091.0,86533.0,59330.0,7536.0,97141.0,9761.0,72163.0,89605.0,62402.0,1.0355009071683634,1.051778189785943
25033486B,3,1,ok,/xiangmu/data/VILMIL/features_biomedclip_5x/25033486B.h5,/xiangmu/data/VILMIL/features_biomedclip_20x/25033486B.h5,281,3983,7776.0,140485.0,6784.0,76592.0,132709.0,69808.0,7776.0,142485.0,6784.0,83089.0,134709.0,76305.0,1.0150705679343526,1.0930695622278248
25033894B2,4,1,ok,/xiangmu/data/VILMIL/features_biomedclip_5x/25033894B2.h5,/xiangmu/data/VILMIL/features_biomedclip_20x/25033894B2.h5,89,1110,11377.0,106120.0,6176.0,44946.0,94743.0,38770.0,11377.0,108168.0,7024.0,53187.0,96791.0,46163.0,1.0216163727135514,1.190688676811968
25034245B2,1,1,ok,/xiangmu/data/VILMIL/features_biomedclip_5x/25034245B2.h5,/xiangmu/data/VILMIL/features_biomedclip_20x/25034245B2.h5,174,2513,7968.0,110745.0,10256.0,67600.0,102777.0,57344.0,7968.0,114841.0,10256.0,71696.0,106873.0,61440.0,1.039853274565321,1.0714285714285714
25034327B2,0,1,ok,/xiangmu/data/VILMIL/features_biomedclip_5x/25034327B2.h5,/xiangmu/data/VILMIL/features_biomedclip_20x/25034327B2.h5,336,5068,11232.0,139668.0,2176.0,83376.0,128436.0,81200.0,11232.0,144967.0,2176.0,87472.0,133735.0,85296.0,1.0412579027686941,1.0504433497536947
25034929B2,3,1,ok,/xiangmu/data/VILMIL/features_biomedclip_5x/25034929B2.h5,/xiangmu/data/VILMIL/features_biomedclip_20x/25034929B2.h5,274,3840,8816.0,126150.0,5440.0,76401.0,117334.0,70961.0,8816.0,126202.0,6464.0,79473.0,117386.0,73009.0,1.0004431793001176,1.0288609236059243
25034940B10,2,1,ok,/xiangmu/data/VILMIL/features_biomedclip_5x/25034940B10.h5,/xiangmu/data/VILMIL/features_biomedclip_20x/25034940B10.h5,125,1689,8416.0,88020.0,6513.0,63857.0,79604.0,57344.0,8416.0,91092.0,6513.0,66929.0,82676.0,60416.0,1.0385910255766042,1.0535714285714286
25034940B11,0,1,ok,/xiangmu/data/VILMIL/features_biomedclip_5x/25034940B11.h5,/xiangmu/data/VILMIL/features_biomedclip_20x/25034940B11.h5,188,2700,7680.0,112181.0,9056.0,69104.0,104501.0,60048.0,7680.0,115253.0,9056.0,74224.0,107573.0,65168.0,1.0293968478770539,1.0852651212363442
25034940B12,0,1,ok,/xiangmu/data/VILMIL/features_biomedclip_5x/25034940B12.h5,/xiangmu/data/VILMIL/features_biomedclip_20x/25034940B12.h5,110,1455,7648.0,80246.0,6448.0,60800.0,72598.0,54352.0,7648.0,81270.0,6448.0,62848.0,73622.0,56400.0,1.0141050717650624,1.0376803061524875
25034940B8,1,1,ok,/xiangmu/data/VILMIL/features_biomedclip_5x/25034940B8.h5,/xiangmu/data/VILMIL/features_biomedclip_20x/25034940B8.h5,100,1391,7537.0,89817.0,6544.0,48304.0,82280.0,41760.0,7537.0,90841.0,6544.0,50352.0,83304.0,43808.0,1.0124453087019931,1.0490421455938697
25034940B9,4,1,ok,/xiangmu/data/VILMIL/features_biomedclip_5x/25034940B9.h5,/xiangmu/data/VILMIL/features_biomedclip_20x/25034940B9.h5,134,1891,7936.0,96933.0,7137.0,67858.0,88997.0,60721.0,7936.0,97957.0,7137.0,70930.0,90021.0,63793.0,1.0115060058204208,1.0505920521730538
25035354B,2,1,ok,/xiangmu/data/VILMIL/features_biomedclip_5x/25035354B.h5,/xiangmu/data/VILMIL/features_biomedclip_20x/25035354B.h5,268,3716,9680.0,129910.0,3088.0,78202.0,120230.0,75114.0,9680.0,131163.0,3088.0,81274.0,121483.0,78186.0,1.0104216917574649,1.0408978352903586
25035354B2,1,1,ok,/xiangmu/data/VILMIL/features_biomedclip_5x/25035354B2.h5,/xiangmu/data/VILMIL/features_biomedclip_20x/25035354B2.h5,127,1653,8112.0,85905.0,5536.0,79264.0,77793.0,73728.0,8112.0,87953.0,5536.0,82520.0,79841.0,76984.0,1.0263262761430978,1.0441623263888888
25035354B3,0,1,ok,/xiangmu/data/VILMIL/features_biomedclip_5x/25035354B3.h5,/xiangmu/data/VILMIL/features_biomedclip_20x/25035354B3.h5,241,3318,8048.0,127544.0,1296.0,71024.0,119496.0,69728.0,8048.0,132664.0,1296.0,74096.0,124616.0,72800.0,1.0428466224810873,1.044056906837999
25035882B3,2,1,ok,/xiangmu/data/VILMIL/features_biomedclip_5x/25035882B3.h5,/xiangmu/data/VILMIL/features_biomedclip_20x/25035882B3.h5,137,1905,9488.0,118388.0,15057.0,59265.0,108900.0,44208.0,7664.0,119412.0,15057.0,62337.0,111748.0,47280.0,1.0261524334251606,1.0694896851248643
25035882B4,4,1,ok,/xiangmu/data/VILMIL/features_biomedclip_5x/25035882B4.h5,/xiangmu/data/VILMIL/features_biomedclip_20x/25035882B4.h5,114,1431,8128.0,122809.0,4848.0,74268.0,114681.0,69420.0,8128.0,126905.0,4848.0,78364.0,118777.0,73516.0,1.035716465674349,1.0590031691155286
25036226B4,2,1,ok,/xiangmu/data/VILMIL/features_biomedclip_5x/25036226B4.h5,/xiangmu/data/VILMIL/features_biomedclip_20x/25036226B4.h5,241,3409,20240.0,136868.0,6160.0,74280.0,116628.0,68120.0,20240.0,136868.0,6160.0,76328.0,116628.0,70168.0,1.0,1.030064591896653
25036333B3,1,1,ok,/xiangmu/data/VILMIL/features_biomedclip_5x/25036333B3.h5,/xiangmu/data/VILMIL/features_biomedclip_20x/25036333B3.h5,59,697,7856.0,84820.0,6546.0,32455.0,76964.0,25909.0,7856.0,86405.0,6546.0,33862.0,78549.0,27316.0,1.0205940439686088,1.0543054537033463
25036340B1,4,1,ok,/xiangmu/data/VILMIL/features_biomedclip_5x/25036340B1.h5,/xiangmu/data/VILMIL/features_biomedclip_20x/25036340B1.h5,101,1318,8064.0,88786.0,6592.0,56160.0,80722.0,49568.0,8064.0,91858.0,6592.0,58208.0,83794.0,51616.0,1.0380565397289463,1.0413169786959329
25036341B,2,1,ok,/xiangmu/data/VILMIL/features_biomedclip_5x/25036341B.h5,/xiangmu/data/VILMIL/features_biomedclip_20x/25036341B.h5,77,1072,11632.0,117251.0,5472.0,55024.0,105619.0,49552.0,11632.0,120323.0,5472.0,58096.0,108691.0,52624.0,1.0290856758727123,1.0619954794962867
25036634B2,3,1,ok,/xiangmu/data/VILMIL/features_biomedclip_5x/25036634B2.h5,/xiangmu/data/VILMIL/features_biomedclip_20x/25036634B2.h5,147,2063,7888.0,112784.0,20897.0,63090.0,104896.0,42193.0,7888.0,117904.0,20897.0,65089.0,110016.0,44192.0,1.048810250152532,1.0473775270779513
25041732B,4,1,ok,/xiangmu/data/VILMIL/features_biomedclip_5x/25041732B.h5,/xiangmu/data/VILMIL/features_biomedclip_20x/25041732B.h5,253,3838,7712.0,122856.0,11472.0,66368.0,115144.0,54896.0,7712.0,125469.0,8848.0,76192.0,117757.0,67344.0,1.0226933231431945,1.2267560477994754
25041763B,1,1,ok,/xiangmu/data/VILMIL/features_biomedclip_5x/25041763B.h5,/xiangmu/data/VILMIL/features_biomedclip_20x/25041763B.h5,337,5032,7568.0,139216.0,6784.0,78817.0,131648.0,72033.0,7568.0,141264.0,6784.0,80865.0,133696.0,74081.0,1.0155566358774915,1.0284314133799786
25042220B2,2,1,ok,/xiangmu/data/VILMIL/features_biomedclip_5x/25042220B2.h5,/xiangmu/data/VILMIL/features_biomedclip_20x/25042220B2.h5,356,5216,7744.0,137952.0,4224.0,73856.0,130208.0,69632.0,7744.0,141792.0,4224.0,75904.0,134048.0,71680.0,1.0294912754976653,1.0294117647058822
25042465B3,2,1,ok,/xiangmu/data/VILMIL/features_biomedclip_5x/25042465B3.h5,/xiangmu/data/VILMIL/features_biomedclip_20x/25042465B3.h5,197,2919,10609.0,105228.0,6641.0,74972.0,94619.0,68331.0,7504.0,109596.0,6641.0,78044.0,102092.0,71403.0,1.07897990889779,1.0449576326996532
25042830B2,2,1,ok,/xiangmu/data/VILMIL/features_biomedclip_5x/25042830B2.h5,/xiangmu/data/VILMIL/features_biomedclip_20x/25042830B2.h5,157,2308,10833.0,114313.0,11712.0,56768.0,103480.0,45056.0,10833.0,118409.0,11712.0,60592.0,107576.0,48880.0,1.039582528024739,1.0848721590909092
25043126B2,1,1,ok,/xiangmu/data/VILMIL/features_biomedclip_5x/25043126B2.h5,/xiangmu/data/VILMIL/features_biomedclip_20x/25043126B2.h5,84,1222,14801.0,97349.0,22882.0,63891.0,82548.0,41009.0,14801.0,120824.0,2736.0,80665.0,106023.0,77929.0,1.2843799970926006,1.9002901802043455
25043600B3,3,1,ok,/xiangmu/data/VILMIL/features_biomedclip_5x/25043600B3.h5,/xiangmu/data/VILMIL/features_biomedclip_20x/25043600B3.h5,102,1399,9408.0,106464.0,27009.0,67969.0,97056.0,40960.0,9408.0,110560.0,27009.0,68993.0,101152.0,41984.0,1.0422024398285525,1.025
25044694B,0,1,ok,/xiangmu/data/VILMIL/features_biomedclip_5x/25044694B.h5,/xiangmu/data/VILMIL/features_biomedclip_20x/25044694B.h5,290,4237,7712.0,134948.0,6016.0,75986.0,127236.0,69970.0,7712.0,136996.0,6016.0,77010.0,129284.0,70994.0,1.016096073438335,1.014634843504359
25045403B,2,1,ok,/xiangmu/data/VILMIL/features_biomedclip_5x/25045403B.h5,/xiangmu/data/VILMIL/features_biomedclip_20x/25045403B.h5,74,945,7904.0,81303.0,6336.0,53872.0,73399.0,47536.0,7904.0,82327.0,6336.0,53872.0,74423.0,47536.0,1.0139511437485524,1.0
25045403B-1,1,1,ok,/xiangmu/data/VILMIL/features_biomedclip_5x/25045403B-1.h5,/xiangmu/data/VILMIL/features_biomedclip_20x/25045403B-1.h5,83,1115,7648.0,84163.0,18530.0,62022.0,76515.0,43492.0,7648.0,86211.0,18530.0,64070.0,78563.0,45540.0,1.026765993596027,1.0470891198381311
25045403B2,3,1,ok,/xiangmu/data/VILMIL/features_biomedclip_5x/25045403B2.h5,/xiangmu/data/VILMIL/features_biomedclip_20x/25045403B2.h5,79,1088,7537.0,74648.0,14353.0,62562.0,67111.0,48209.0,7537.0,74648.0,14353.0,65634.0,67111.0,51281.0,1.0,1.063722541434172
25045450B2,3,1,ok,/xiangmu/data/VILMIL/features_biomedclip_5x/25045450B2.h5,/xiangmu/data/VILMIL/features_biomedclip_20x/25045450B2.h5,48,576,7872.0,68597.0,23860.0,53844.0,60725.0,29984.0,7872.0,70645.0,23860.0,54868.0,62773.0,31008.0,1.0337258130918072,1.0341515474919958
25045450B5,1,1,ok,/xiangmu/data/VILMIL/features_biomedclip_5x/25045450B5.h5,/xiangmu/data/VILMIL/features_biomedclip_20x/25045450B5.h5,186,2587,7488.0,126534.0,6801.0,64235.0,119046.0,57434.0,7488.0,128134.0,112.0,67307.0,120646.0,67195.0,1.0134401827864858,1.1699515966152454
25045625B1,0,1,ok,/xiangmu/data/VILMIL/features_biomedclip_5x/25045625B1.h5,/xiangmu/data/VILMIL/features_biomedclip_20x/25045625B1.h5,153,2202,7552.0,105047.0,11473.0,67250.0,97495.0,55777.0,7552.0,108119.0,11473.0,69298.0,100567.0,57825.0,1.0315093081696498,1.0367176434731162
25045625B2,2,1,ok,/xiangmu/data/VILMIL/features_biomedclip_5x/25045625B2.h5,/xiangmu/data/VILMIL/features_biomedclip_20x/25045625B2.h5,232,3377,9633.0,126590.0,6528.0,71121.0,116957.0,64593.0,9633.0,129662.0,6528.0,78584.0,120029.0,72056.0,1.0262660635960226,1.1155388354775286
25045625B3,0,1,ok,/xiangmu/data/VILMIL/features_biomedclip_5x/25045625B3.h5,/xiangmu/data/VILMIL/features_biomedclip_20x/25045625B3.h5,154,2225,8560.0,99556.0,19809.0,66833.0,90996.0,47024.0,8560.0,101604.0,19809.0,68881.0,93044.0,49072.0,1.0225064838014857,1.0435522286492005
25045676B4,4,1,ok,/xiangmu/data/VILMIL/features_biomedclip_5x/25045676B4.h5,/xiangmu/data/VILMIL/features_biomedclip_20x/25045676B4.h5,245,3477,13841.0,133688.0,9489.0,79121.0,119847.0,69632.0,13841.0,133688.0,9489.0,81169.0,119847.0,71680.0,1.0,1.0294117647058822
25045801B1,2,1,ok,/xiangmu/data/VILMIL/features_biomedclip_5x/25045801B1.h5,/xiangmu/data/VILMIL/features_biomedclip_20x/25045801B1.h5,109,1546,7728.0,97251.0,14800.0,55760.0,89523.0,40960.0,7728.0,100323.0,14800.0,57808.0,92595.0,43008.0,1.034315203914078,1.05
25045801B2,0,1,ok,/xiangmu/data/VILMIL/features_biomedclip_5x/25045801B2.h5,/xiangmu/data/VILMIL/features_biomedclip_20x/25045801B2.h5,136,1735,7552.0,105825.0,6577.0,65923.0,98273.0,59346.0,7552.0,106849.0,6577.0,67971.0,99297.0,61394.0,1.010419952581075,1.034509486738786
25045807B4,4,1,ok,/xiangmu/data/VILMIL/features_biomedclip_5x/25045807B4.h5,/xiangmu/data/VILMIL/features_biomedclip_20x/25045807B4.h5,50,598,7857.0,66744.0,13888.0,49713.0,58887.0,35825.0,7857.0,70840.0,13888.0,51761.0,62983.0,37873.0,1.0695569480530507,1.0571667829727844
25045829B2,0,1,ok,/xiangmu/data/VILMIL/features_biomedclip_5x/25045829B2.h5,/xiangmu/data/VILMIL/features_biomedclip_20x/25045829B2.h5,298,4354,8880.0,132918.0,2640.0,73888.0,124038.0,71248.0,8880.0,135990.0,2640.0,76960.0,127110.0,74320.0,1.0247666037827117,1.0431169997754324
25045839B,1,1,ok,/xiangmu/data/VILMIL/features_biomedclip_5x/25045839B.h5,/xiangmu/data/VILMIL/features_biomedclip_20x/25045839B.h5,240,3188,27826.0,141032.0,12640.0,70048.0,113206.0,57408.0,27826.0,143080.0,12640.0,73056.0,115254.0,60416.0,1.0180909139091567,1.052396878483835
25046521B3,3,1,ok,/xiangmu/data/VILMIL/features_biomedclip_5x/25046521B3.h5,/xiangmu/data/VILMIL/features_biomedclip_20x/25046521B3.h5,162,2300,8209.0,92697.0,6736.0,64080.0,84488.0,57344.0,8209.0,96793.0,6736.0,67152.0,88584.0,60416.0,1.0484802575513683,1.0535714285714286
25046631B2,0,1,ok,/xiangmu/data/VILMIL/features_biomedclip_5x/25046631B2.h5,/xiangmu/data/VILMIL/features_biomedclip_20x/25046631B2.h5,240,3437,12401.0,148823.0,18450.0,73417.0,136422.0,54967.0,12401.0,150871.0,17378.0,75465.0,138470.0,58087.0,1.0150122414273357,1.0567613295249878
25046855B,2,1,ok,/xiangmu/data/VILMIL/features_biomedclip_5x/25046855B.h5,/xiangmu/data/VILMIL/features_biomedclip_20x/25046855B.h5,228,3144,7520.0,121929.0,3120.0,76818.0,114409.0,73698.0,7520.0,125001.0,3120.0,79890.0,117481.0,76770.0,1.0268510344465906,1.04168362777823
25047066B,1,1,ok,/xiangmu/data/VILMIL/features_biomedclip_5x/25047066B.h5,/xiangmu/data/VILMIL/features_biomedclip_20x/25047066B.h5,194,2568,7856.0,120256.0,18482.0,75811.0,112400.0,57329.0,7856.0,120256.0,18482.0,76835.0,112400.0,58353.0,1.0,1.0178618151371905
25047067B2,3,1,ok,/xiangmu/data/VILMIL/features_biomedclip_5x/25047067B2.h5,/xiangmu/data/VILMIL/features_biomedclip_20x/25047067B2.h5,194,2784,15232.0,110787.0,12881.0,73874.0,95555.0,60993.0,15232.0,115781.0,12881.0,75922.0,100549.0,63041.0,1.0522630945528753,1.0335776236617318
25047077B2,1,1,ok,/xiangmu/data/VILMIL/features_biomedclip_5x/25047077B2.h5,/xiangmu/data/VILMIL/features_biomedclip_20x/25047077B2.h5,189,2735,7568.0,139028.0,6448.0,75720.0,131460.0,69272.0,7568.0,141076.0,6448.0,77768.0,133508.0,71320.0,1.0155788833105126,1.0295646148515996
25047088B,4,1,ok,/xiangmu/data/VILMIL/features_biomedclip_5x/25047088B.h5,/xiangmu/data/VILMIL/features_biomedclip_20x/25047088B.h5,81,1126,7840.0,115041.0,8449.0,51057.0,107201.0,42608.0,7840.0,116065.0,8449.0,53105.0,108225.0,44656.0,1.009552149700096,1.048066090874953
25047401B2,1,1,ok,/xiangmu/data/VILMIL/features_biomedclip_5x/25047401B2.h5,/xiangmu/data/VILMIL/features_biomedclip_20x/25047401B2.h5,209,2996,9360.0,128324.0,8592.0,70000.0,118964.0,61408.0,9360.0,142229.0,4528.0,80336.0,132869.0,75808.0,1.1168840993914124,1.2344971339239188
25047538B2,0,1,ok,/xiangmu/data/VILMIL/features_biomedclip_5x/25047538B2.h5,/xiangmu/data/VILMIL/features_biomedclip_20x/25047538B2.h5,122,1719,8144.0,103011.0,6305.0,55251.0,94867.0,48946.0,8144.0,123237.0,6305.0,63931.0,115093.0,57626.0,1.2132037484056626,1.177338291178033
25047815B,2,1,ok,/xiangmu/data/VILMIL/features_biomedclip_5x/25047815B.h5,/xiangmu/data/VILMIL/features_biomedclip_20x/25047815B.h5,203,2890,9088.0,122865.0,13809.0,67057.0,113777.0,53248.0,9088.0,126961.0,13809.0,69649.0,117873.0,55840.0,1.0360002460954323,1.0486778846153846
25047835B3,3,1,ok,/xiangmu/data/VILMIL/features_biomedclip_5x/25047835B3.h5,/xiangmu/data/VILMIL/features_biomedclip_20x/25047835B3.h5,94,1239,7696.0,89027.0,14753.0,59809.0,81331.0,45056.0,7696.0,91075.0,14753.0,60833.0,83379.0,46080.0,1.0251810502760326,1.0227272727272727
25047844B2,2,1,ok,/xiangmu/data/VILMIL/features_biomedclip_5x/25047844B2.h5,/xiangmu/data/VILMIL/features_biomedclip_20x/25047844B2.h5,119,1542,8721.0,100633.0,6992.0,67328.0,91912.0,60336.0,8721.0,103705.0,6992.0,68352.0,94984.0,61360.0,1.0334232744364173,1.016971625563511
25047972B2,1,1,ok,/xiangmu/data/VILMIL/features_biomedclip_5x/25047972B2.h5,/xiangmu/data/VILMIL/features_biomedclip_20x/25047972B2.h5,211,3038,7504.0,115127.0,6688.0,79042.0,107623.0,72354.0,7504.0,118199.0,6688.0,82114.0,110695.0,75426.0,1.0285440844429166,1.0424579152500206
25048256B2,3,1,ok,/xiangmu/data/VILMIL/features_biomedclip_5x/25048256B2.h5,/xiangmu/data/VILMIL/features_biomedclip_20x/25048256B2.h5,274,3921,7632.0,139068.0,7856.0,81345.0,131436.0,73489.0,7632.0,141116.0,3488.0,82369.0,133484.0,78881.0,1.0155817279892876,1.0733715249901346
25048633B2,1,1,ok,/xiangmu/data/VILMIL/features_biomedclip_5x/25048633B2.h5,/xiangmu/data/VILMIL/features_biomedclip_20x/25048633B2.h5,191,2771,7696.0,129319.0,12945.0,69074.0,121623.0,56129.0,7696.0,136317.0,3344.0,80231.0,128621.0,76887.0,1.0575384590085757,1.3698266493256606
25048669B2,4,1,ok,/xiangmu/data/VILMIL/features_biomedclip_5x/25048669B2.h5,/xiangmu/data/VILMIL/features_biomedclip_20x/25048669B2.h5,347,4821,8272.0,142915.0,4624.0,73200.0,134643.0,68576.0,8272.0,146851.0,2704.0,80025.0,138579.0,77321.0,1.029232860230387,1.1275227484834345
25049669B3,2,1,ok,/xiangmu/data/VILMIL/features_biomedclip_5x/25049669B3.h5,/xiangmu/data/VILMIL/features_biomedclip_20x/25049669B3.h5,287,4306,8000.0,126135.0,7777.0,73457.0,118135.0,65680.0,8000.0,128183.0,7777.0,78252.0,120183.0,70475.0,1.0173360985313413,1.0730054811205847
25049966B2,1,1,ok,/xiangmu/data/VILMIL/features_biomedclip_5x/25049966B2.h5,/xiangmu/data/VILMIL/features_biomedclip_20x/25049966B2.h5,132,1912,10720.0,94609.0,7104.0,63088.0,83889.0,55984.0,10720.0,94609.0,7104.0,65136.0,83889.0,58032.0,1.0,1.0365818805372964
25049999B2,0,1,ok,/xiangmu/data/VILMIL/features_biomedclip_5x/25049999B2.h5,/xiangmu/data/VILMIL/features_biomedclip_20x/25049999B2.h5,201,2832,8928.0,124376.0,9664.0,67153.0,115448.0,57489.0,8928.0,128472.0,7360.0,70225.0,119544.0,62865.0,1.0354791767722265,1.0935135417210249
25050326B,4,1,ok,/xiangmu/data/VILMIL/features_biomedclip_5x/25050326B.h5,/xiangmu/data/VILMIL/features_biomedclip_20x/25050326B.h5,126,1893,7520.0,44384.0,13729.0,83361.0,36864.0,69632.0,7520.0,47456.0,13729.0,85409.0,39936.0,71680.0,1.0833333333333333,1.0294117647058822
25050345B2,4,1,ok,/xiangmu/data/VILMIL/features_biomedclip_5x/25050345B2.h5,/xiangmu/data/VILMIL/features_biomedclip_20x/25050345B2.h5,220,3075,8064.0,121816.0,8705.0,65953.0,113752.0,57248.0,8064.0,122840.0,8705.0,69025.0,114776.0,60320.0,1.0090020395245798,1.0536612632755729
25050415B2,2,1,ok,/xiangmu/data/VILMIL/features_biomedclip_5x/25050415B2.h5,/xiangmu/data/VILMIL/features_biomedclip_20x/25050415B2.h5,314,4480,9184.0,161222.0,6512.0,71817.0,152038.0,65305.0,9184.0,161222.0,6512.0,73953.0,152038.0,67441.0,1.0,1.0327080621698186
25050830B2,4,1,ok,/xiangmu/data/VILMIL/features_biomedclip_5x/25050830B2.h5,/xiangmu/data/VILMIL/features_biomedclip_20x/25050830B2.h5,166,2153,58480.0,165505.0,14482.0,63634.0,107025.0,49152.0,14000.0,167553.0,14482.0,70682.0,153553.0,56200.0,1.4347395468348516,1.1433919270833333
25050862B2,3,1,ok,/xiangmu/data/VILMIL/features_biomedclip_5x/25050862B2.h5,/xiangmu/data/VILMIL/features_biomedclip_20x/25050862B2.h5,282,4031,8736.0,127808.0,6752.0,78881.0,119072.0,72129.0,8736.0,133952.0,6752.0,84001.0,125216.0,77249.0,1.0515990325181404,1.0709839315670535
25050888B2,0,1,ok,/xiangmu/data/VILMIL/features_biomedclip_5x/25050888B2.h5,/xiangmu/data/VILMIL/features_biomedclip_20x/25050888B2.h5,108,1540,9425.0,105417.0,7072.0,56544.0,95992.0,49472.0,9425.0,108489.0,7072.0,58592.0,99064.0,51520.0,1.0320026668889075,1.0413971539456663
25050888B3,1,1,ok,/xiangmu/data/VILMIL/features_biomedclip_5x/25050888B3.h5,/xiangmu/data/VILMIL/features_biomedclip_20x/25050888B3.h5,81,1015,23952.0,148849.0,7937.0,72365.0,124897.0,64428.0,23952.0,151921.0,7937.0,75437.0,127969.0,67500.0,1.0245962673242752,1.047681132426895
25050984B2,3,1,ok,/xiangmu/data/VILMIL/features_biomedclip_5x/25050984B2.h5,/xiangmu/data/VILMIL/features_biomedclip_20x/25050984B2.h5,243,3439,8208.0,116038.0,11121.0,75473.0,107830.0,64352.0,8208.0,118086.0,11121.0,77521.0,109878.0,66400.0,1.0189928591301123,1.031824962705122
25051008B4,0,1,ok,/xiangmu/data/VILMIL/features_biomedclip_5x/25051008B4.h5,/xiangmu/data/VILMIL/features_biomedclip_20x/25051008B4.h5,153,1989,8272.0,127666.0,176.0,69505.0,119394.0,69329.0,8272.0,130738.0,176.0,71553.0,122466.0,71377.0,1.0257299361776975,1.0295403078076995
25051207B5,3,1,ok,/xiangmu/data/VILMIL/features_biomedclip_5x/25051207B5.h5,/xiangmu/data/VILMIL/features_biomedclip_20x/25051207B5.h5,140,1969,8096.0,109460.0,6496.0,51552.0,101364.0,45056.0,8096.0,109460.0,6496.0,52576.0,101364.0,46080.0,1.0,1.0227272727272727
25052288B,4,1,ok,/xiangmu/data/VILMIL/features_biomedclip_5x/25052288B.h5,/xiangmu/data/VILMIL/features_biomedclip_20x/25052288B.h5,96,1199,8224.0,92119.0,8353.0,57505.0,83895.0,49152.0,8224.0,94167.0,8353.0,59553.0,85943.0,51200.0,1.0244114667143454,1.0416666666666667
25052316B,4,1,ok,/xiangmu/data/VILMIL/features_biomedclip_5x/25052316B.h5,/xiangmu/data/VILMIL/features_biomedclip_20x/25052316B.h5,180,2539,7552.0,101346.0,18752.0,72000.0,93794.0,53248.0,7552.0,104418.0,17776.0,74048.0,96866.0,56272.0,1.0327526280998784,1.0567908653846154
25052654B2,2,1,ok,/xiangmu/data/VILMIL/features_biomedclip_5x/25052654B2.h5,/xiangmu/data/VILMIL/features_biomedclip_20x/25052654B2.h5,69,939,13009.0,95898.0,8624.0,48193.0,82889.0,39569.0,13009.0,99994.0,8624.0,54337.0,86985.0,45713.0,1.0494154833572609,1.1552730673001592
25053425B2,1,1,ok,/xiangmu/data/VILMIL/features_biomedclip_5x/25053425B2.h5,/xiangmu/data/VILMIL/features_biomedclip_20x/25053425B2.h5,117,1538,7665.0,92104.0,8465.0,54194.0,84439.0,45729.0,7665.0,94152.0,6640.0,56242.0,86487.0,49602.0,1.0242541953362783,1.0846946139211442
25053683B2,2,1,ok,/xiangmu/data/VILMIL/features_biomedclip_5x/25053683B2.h5,/xiangmu/data/VILMIL/features_biomedclip_20x/25053683B2.h5,232,3292,7888.0,108578.0,14081.0,79304.0,100690.0,65223.0,7888.0,111650.0,14081.0,83400.0,103762.0,69319.0,1.0305094845565597,1.062799932539135
25054130B1,3,1,ok,/xiangmu/data/VILMIL/features_biomedclip_5x/25054130B1.h5,/xiangmu/data/VILMIL/features_biomedclip_20x/25054130B1.h5,215,3032,7696.0,117393.0,14256.0,69520.0,109697.0,55264.0,7696.0,119441.0,14256.0,72592.0,111745.0,58336.0,1.018669608102318,1.0555877243775333
25054130B2,4,1,ok,/xiangmu/data/VILMIL/features_biomedclip_5x/25054130B2.h5,/xiangmu/data/VILMIL/features_biomedclip_20x/25054130B2.h5,71,975,7584.0,87476.0,27877.0,64967.0,79892.0,37090.0,7584.0,114966.0,4112.0,68039.0,107382.0,63927.0,1.3440895208531518,1.7235643030466432
25054212B,2,1,ok,/xiangmu/data/VILMIL/features_biomedclip_5x/25054212B.h5,/xiangmu/data/VILMIL/features_biomedclip_20x/25054212B.h5,256,3745,7888.0,145559.0,12113.0,70354.0,137671.0,58241.0,7888.0,159579.0,2736.0,80137.0,151691.0,77401.0,1.10183698818197,1.3289778678250717
25054489B3,2,1,ok,/xiangmu/data/VILMIL/features_biomedclip_5x/25054489B3.h5,/xiangmu/data/VILMIL/features_biomedclip_20x/25054489B3.h5,220,3278,7696.0,120146.0,2528.0,77616.0,112450.0,75088.0,7696.0,124242.0,2528.0,78640.0,116546.0,76112.0,1.0364250778123612,1.013637332196889
25054693B2,0,1,ok,/xiangmu/data/VILMIL/features_biomedclip_5x/25054693B2.h5,/xiangmu/data/VILMIL/features_biomedclip_20x/25054693B2.h5,269,3966,8048.0,142195.0,6848.0,62176.0,134147.0,55328.0,8048.0,143219.0,6848.0,64224.0,135171.0,57376.0,1.0076334170723162,1.0370156159629844
25055380B2,4,1,ok,/xiangmu/data/VILMIL/features_biomedclip_5x/25055380B2.h5,/xiangmu/data/VILMIL/features_biomedclip_20x/25055380B2.h5,319,4783,9440.0,148795.0,944.0,68048.0,139355.0,67104.0,9440.0,156701.0,944.0,81689.0,147261.0,80745.0,1.056732804707402,1.2032814735336195
25055681B2,2,1,ok,/xiangmu/data/VILMIL/features_biomedclip_5x/25055681B2.h5,/xiangmu/data/VILMIL/features_biomedclip_20x/25055681B2.h5,139,1913,7632.0,116579.0,6480.0,40528.0,108947.0,34048.0,7632.0,118627.0,6480.0,42576.0,110995.0,36096.0,1.0187981312014098,1.0601503759398496
25055778B2,0,1,ok,/xiangmu/data/VILMIL/features_biomedclip_5x/25055778B2.h5,/xiangmu/data/VILMIL/features_biomedclip_20x/25055778B2.h5,345,4815,20977.0,160166.0,0.0,73728.0,139189.0,73728.0,20977.0,161190.0,0.0,75776.0,140213.0,75776.0,1.0073569032035579,1.0277777777777777
25055784B2,0,1,ok,/xiangmu/data/VILMIL/features_biomedclip_5x/25055784B2.h5,/xiangmu/data/VILMIL/features_biomedclip_20x/25055784B2.h5,254,3530,7792.0,122441.0,1216.0,75271.0,114649.0,74055.0,7792.0,124489.0,1216.0,77319.0,116697.0,76103.0,1.017863217298014,1.0276551211937073
25055857B2,3,1,ok,/xiangmu/data/VILMIL/features_biomedclip_5x/25055857B2.h5,/xiangmu/data/VILMIL/features_biomedclip_20x/25055857B2.h5,258,3413,7552.0,150912.0,0.0,81920.0,143360.0,81920.0,7552.0,163185.0,0.0,83968.0,155633.0,83968.0,1.0856096540178573,1.025
25057854B3,0,1,ok,/xiangmu/data/VILMIL/features_biomedclip_5x/25057854B3.h5,/xiangmu/data/VILMIL/features_biomedclip_20x/25057854B3.h5,102,1408,7856.0,106167.0,7728.0,69168.0,98311.0,61440.0,7856.0,107191.0,7728.0,72240.0,99335.0,64512.0,1.0104159249727904,1.05
25057856B2,1,1,ok,/xiangmu/data/VILMIL/features_biomedclip_5x/25057856B2.h5,/xiangmu/data/VILMIL/features_biomedclip_20x/25057856B2.h5,229,3470,12112.0,114818.0,8736.0,66769.0,102706.0,58033.0,12112.0,115842.0,8736.0,70865.0,103730.0,62129.0,1.0099702062196951,1.0705805317664088
25057858B2,4,1,ok,/xiangmu/data/VILMIL/features_biomedclip_5x/25057858B2.h5,/xiangmu/data/VILMIL/features_biomedclip_20x/25057858B2.h5,212,2892,8512.0,115223.0,0.0,75633.0,106711.0,75633.0,8512.0,116247.0,0.0,77681.0,107735.0,77681.0,1.0095960116576548,1.027078127272487
25057865B1,0,1,ok,/xiangmu/data/VILMIL/features_biomedclip_5x/25057865B1.h5,/xiangmu/data/VILMIL/features_biomedclip_20x/25057865B1.h5,310,4598,8800.0,154390.0,6800.0,75032.0,145590.0,68232.0,8800.0,157462.0,6800.0,79128.0,148662.0,72328.0,1.0211003502987843,1.0600304842302732
25058118B3,4,1,ok,/xiangmu/data/VILMIL/features_biomedclip_5x/25058118B3.h5,/xiangmu/data/VILMIL/features_biomedclip_20x/25058118B3.h5,96,1259,7600.0,101993.0,10960.0,54704.0,94393.0,43744.0,7600.0,103017.0,10960.0,58800.0,95417.0,47840.0,1.0108482620533301,1.093635698610095
25058118B4,2,1,ok,/xiangmu/data/VILMIL/features_biomedclip_5x/25058118B4.h5,/xiangmu/data/VILMIL/features_biomedclip_20x/25058118B4.h5,275,3920,7696.0,127664.0,6032.0,77265.0,119968.0,71233.0,7696.0,129712.0,6032.0,79313.0,122016.0,73281.0,1.017071218991731,1.0287507194699086
25058627B2,4,1,ok,/xiangmu/data/VILMIL/features_biomedclip_5x/25058627B2.h5,/xiangmu/data/VILMIL/features_biomedclip_20x/25058627B2.h5,209,2976,7616.0,120963.0,6625.0,61057.0,113347.0,54432.0,7616.0,121987.0,6625.0,65153.0,114371.0,58528.0,1.0090342046988452,1.0752498530276309
25058713B2,3,1,ok,/xiangmu/data/VILMIL/features_biomedclip_5x/25058713B2.h5,/xiangmu/data/VILMIL/features_biomedclip_20x/25058713B2.h5,187,2745,7744.0,122689.0,8992.0,73461.0,114945.0,64469.0,7744.0,123713.0,8992.0,76533.0,115969.0,67541.0,1.008908608464918,1.0476508089159131
25058746B4,2,1,ok,/xiangmu/data/VILMIL/features_biomedclip_5x/25058746B4.h5,/xiangmu/data/VILMIL/features_biomedclip_20x/25058746B4.h5,182,2630,8416.0,110551.0,11377.0,76913.0,102135.0,65536.0,8416.0,114647.0,11377.0,81009.0,106231.0,69632.0,1.0401037842071768,1.0625
25059470B2,4,1,ok,/xiangmu/data/VILMIL/features_biomedclip_5x/25059470B2.h5,/xiangmu/data/VILMIL/features_biomedclip_20x/25059470B2.h5,144,2019,13904.0,99860.0,8289.0,78472.0,85956.0,70183.0,13904.0,103956.0,8289.0,79496.0,90052.0,71207.0,1.0476522872167155,1.0145904278813958
25059686B2,0,1,ok,/xiangmu/data/VILMIL/features_biomedclip_5x/25059686B2.h5,/xiangmu/data/VILMIL/features_biomedclip_20x/25059686B2.h5,291,4295,15633.0,142109.0,6352.0,76193.0,126476.0,69841.0,15633.0,146205.0,6352.0,78648.0,130572.0,72296.0,1.032385590942155,1.0351512721753697
25060539B2,3,1,ok,/xiangmu/data/VILMIL/features_biomedclip_5x/25060539B2.h5,/xiangmu/data/VILMIL/features_biomedclip_20x/25060539B2.h5,295,4445,15056.0,130515.0,5664.0,75296.0,115459.0,69632.0,15056.0,132563.0,5664.0,76320.0,117507.0,70656.0,1.0177378983015617,1.0147058823529411
25061727B2,1,1,ok,/xiangmu/data/VILMIL/features_biomedclip_5x/25061727B2.h5,/xiangmu/data/VILMIL/features_biomedclip_20x/25061727B2.h5,282,4032,7760.0,143102.0,10273.0,76645.0,135342.0,66372.0,7760.0,144126.0,10273.0,79717.0,136366.0,69444.0,1.0075660179397379,1.0462845778340264
25062444B,2,1,ok,/xiangmu/data/VILMIL/features_biomedclip_5x/25062444B.h5,/xiangmu/data/VILMIL/features_biomedclip_20x/25062444B.h5,191,2781,10160.0,123040.0,7264.0,63703.0,112880.0,56439.0,10160.0,126432.0,112.0,67799.0,116272.0,67687.0,1.030049610205528,1.1992948138698418
25062891B4,0,1,ok,/xiangmu/data/VILMIL/features_biomedclip_5x/25062891B4.h5,/xiangmu/data/VILMIL/features_biomedclip_20x/25062891B4.h5,55,714,7824.0,90517.0,7040.0,50864.0,82693.0,43824.0,7824.0,116647.0,272.0,62992.0,108823.0,62720.0,1.3159880521930514,1.4311792625045636
25063228B5,4,1,ok,/xiangmu/data/VILMIL/features_biomedclip_5x/25063228B5.h5,/xiangmu/data/VILMIL/features_biomedclip_20x/25063228B5.h5,101,1242,7936.0,98695.0,6577.0,51049.0,90759.0,44472.0,7936.0,99719.0,6577.0,52651.0,91783.0,46074.0,1.0112826276181976,1.0360226659471128
25063371B2,3,1,ok,/xiangmu/data/VILMIL/features_biomedclip_5x/25063371B2.h5,/xiangmu/data/VILMIL/features_biomedclip_20x/25063371B2.h5,237,3277,7616.0,138856.0,18082.0,79161.0,131240.0,61079.0,7616.0,140904.0,18082.0,82233.0,133288.0,64151.0,1.0156049984760744,1.0502955189181225
25063642B,0,1,ok,/xiangmu/data/VILMIL/features_biomedclip_5x/25063642B.h5,/xiangmu/data/VILMIL/features_biomedclip_20x/25063642B.h5,131,1913,7600.0,96720.0,7968.0,49296.0,89120.0,41328.0,7600.0,100816.0,7968.0,52368.0,93216.0,44400.0,1.0459605026929981,1.0743321718931476
25063642B2,4,1,ok,/xiangmu/data/VILMIL/features_biomedclip_5x/25063642B2.h5,/xiangmu/data/VILMIL/features_biomedclip_20x/25063642B2.h5,35,464,7937.0,70729.0,6768.0,32768.0,62792.0,26000.0,7937.0,74825.0,6768.0,32768.0,66888.0,26000.0,1.0652312396483627,1.0
25063676B,1,1,ok,/xiangmu/data/VILMIL/features_biomedclip_5x/25063676B.h5,/xiangmu/data/VILMIL/features_biomedclip_20x/25063676B.h5,75,1079,7696.0,98929.0,27602.0,60450.0,91233.0,32848.0,7696.0,102001.0,27602.0,62498.0,94305.0,34896.0,1.0336720265693335,1.0623477837311253
25063676B2,1,1,ok,/xiangmu/data/VILMIL/features_biomedclip_5x/25063676B2.h5,/xiangmu/data/VILMIL/features_biomedclip_20x/25063676B2.h5,184,2436,7648.0,124355.0,14161.0,72322.0,116707.0,58161.0,7648.0,126403.0,14161.0,77442.0,118755.0,63281.0,1.0175482190442733,1.0880314987706539
25063700B,3,1,ok,/xiangmu/data/VILMIL/features_biomedclip_5x/25063700B.h5,/xiangmu/data/VILMIL/features_biomedclip_20x/25063700B.h5,107,1530,7552.0,52608.0,7201.0,56353.0,45056.0,49152.0,7552.0,54656.0,7201.0,59425.0,47104.0,52224.0,1.0454545454545454,1.0625
