slide_id,fold_ids,num_folds,status,scale_ratio,n_low,n_high,n_low_sampled,n_high_sampled,nearest_dist_mean,nearest_dist_median,nearest_dist_p10,nearest_dist_p90,nearest_dist_min,nearest_dist_max,coverage_256,coverage_512,coverage_1024
2460239-B2,0,1,ok,1.0,187,2592,187,2000,2162.368309321765,2048.0,1024.0,3238.1723240124206,0.0,27062.577944460503,0.0505,0.051,0.253
2460239-B2,0,1,ok,2.0,187,2592,187,2000,8495.82430982176,5981.721027958129,2149.709050080964,18781.643037779948,26.30589287593181,43107.71077197211,0.0035,0.0065,0.019
2460239-B2,0,1,ok,4.0,187,2592,187,2000,29164.99513429977,26730.717142676967,6297.897671823904,59974.270858650256,475.0,79403.82303768503,0.0,0.0005,0.0035
2460239-B2,0,1,ok,8.0,187,2592,187,2000,126979.8606058246,130800.96952756439,88919.58530676848,166312.40527888306,59738.93688374443,186892.1420311726,0.0,0.0,0.0
2460242-B2,4,1,ok,1.0,426,6128,426,2000,1688.8864500435586,1448.1546878700494,1024.0,2289.7336089597848,0.0,7265.152028691485,0.0665,0.067,0.295
2460242-B2,4,1,ok,2.0,426,6128,426,2000,5459.730813377016,3877.838702163874,1679.921724366942,12138.217053485747,241.99380157351138,32064.5603899383,0.0065,0.0065,0.0435
2460242-B2,4,1,ok,4.0,426,6128,426,2000,26990.51270932338,22514.99733954377,4997.073588257792,59114.31060760363,399.89123521277634,77222.0582541025,0.0,0.0005,0.0055
2460242-B2,4,1,ok,8.0,426,6128,426,2000,128001.56200301387,127161.68382868118,91423.87137376018,165315.40468431826,63130.25006286606,185037.52073836268,0.0,0.0,0.0
2460399-B2,3,1,ok,1.0,285,4103,285,2000,1702.6660222006306,1448.1546878700494,1024.0,2289.7336089597848,0.0,5514.408762505732,0.068,0.0685,0.286
2460399-B2,3,1,ok,2.0,285,4103,285,2000,7538.940749140469,4353.235118851267,1908.740160419956,18127.616845136927,376.59527347007423,29948.3502049779,0.0,0.01,0.028
2460399-B2,3,1,ok,4.0,285,4103,285,2000,39855.655992420354,37888.61992825406,10933.209272670125,70809.65291107034,534.9476609912413,83867.2474807657,0.0,0.0,0.001
2460399-B2,3,1,ok,8.0,285,4103,285,2000,151271.10512957931,150513.65041238288,124140.12194967711,179799.12444896097,99553.33505714411,194623.40677318338,0.0,0.0,0.0
2460404-B3,3,1,ok,1.0,308,4243,308,2000,1877.1734683145785,2048.0,1024.0,2896.309375740099,0.0,12863.297594318496,0.051,0.051,0.274
2460404-B3,3,1,ok,2.0,308,4243,308,2000,12292.446518329618,11589.402055326236,2921.6543258914116,23082.62778771189,192.66551326067673,37729.13570438634,0.0005,0.0035,0.016
2460404-B3,3,1,ok,4.0,308,4243,308,2000,31942.329950846335,18953.49997600091,4616.103984963944,73887.22904513653,273.408119850161,88536.78322595643,0.0,0.001,0.003
2460404-B3,3,1,ok,8.0,308,4243,308,2000,140173.03729449445,131958.4587847658,98298.957698511,189391.95220007954,60184.33006190233,203816.96321945335,0.0,0.0,0.0
2460405-B2,4,1,ok,1.0,128,1742,128,1742,2305.873463123371,2048.0,1024.0,3072.0,0.0,24560.16302877487,0.0505166475315729,0.0505166475315729,0.25487944890929964
2460405-B2,4,1,ok,2.0,128,1742,128,1742,14088.024662148768,11841.950128124246,4437.670218922239,25946.682424325038,193.63109254456012,58717.55731465675,0.000574052812858783,0.000574052812858783,0.006888633754305396
2460405-B2,4,1,ok,4.0,128,1742,128,1742,62552.04768809419,64886.84477480121,35876.854465088625,87199.06640818535,24778.177919290192,100693.53546280913,0.0,0.0,0.0
2460405-B2,4,1,ok,8.0,128,1742,128,1742,187235.6454135223,187698.96108591958,159461.17890877422,216324.9693062444,122690.80779341214,229926.72767644914,0.0,0.0,0.0
2460591-B2,3,1,ok,1.0,253,3248,253,2000,2002.0842492795164,2048.0,1024.0,3238.1723240124206,0.0,17022.76102751842,0.0475,0.0475,0.248
2460591-B2,3,1,ok,2.0,253,3248,253,2000,14182.347231175758,10697.258818380804,3067.4527383750315,29939.073700189572,65.11528238439882,37918.860755565955,0.002,0.003,0.0105
2460591-B2,3,1,ok,4.0,253,3248,253,2000,23851.047444007094,17566.533253125017,4818.270560571737,61210.81447385399,573.0314127515175,82410.82322729217,0.0,0.0,0.0055
2460591-B2,3,1,ok,8.0,253,3248,253,2000,119146.9994226883,123104.77830351917,72589.73015096482,168954.05478203992,38738.18668962191,189177.76381224088,0.0,0.0,0.0
2460602-B,2,1,ok,1.0,252,3707,252,2000,1776.9613031437777,1448.1546878700494,1024.0,2896.309375740099,0.0,16485.091840811805,0.064,0.064,0.295
2460602-B,2,1,ok,2.0,252,3707,252,2000,9762.05986217368,6382.951746645121,2232.9444686332886,23058.255195468773,435.4595273960601,34259.128783435226,0.0,0.0065,0.021
2460602-B,2,1,ok,4.0,252,3707,252,2000,45089.99743462614,56777.45510823662,6210.302417105002,86422.7179140305,469.34528867348826,101208.82353332639,0.0,0.0005,0.001
2460602-B,2,1,ok,8.0,252,3707,252,2000,160927.75924185073,175551.06410648086,111296.78459956577,206780.9794011103,80904.07208540247,221757.40521795434,0.0,0.0,0.0
2460615-B4,3,1,ok,1.0,157,2071,157,2000,1835.4397867695754,2048.0,1024.0,2896.309375740099,0.0,6228.748831025377,0.0505,0.0515,0.2625
2460615-B4,3,1,ok,2.0,157,2071,157,2000,11180.392573821597,10140.043705473981,2682.216544207901,21431.052428327122,171.5925406304132,45013.639177475976,0.003,0.0045,0.016
2460615-B4,3,1,ok,4.0,157,2071,157,2000,46723.85422241879,47092.563471745634,26336.621759323712,66873.454128199,2698.6492917754244,79786.32103311946,0.0,0.0,0.0
2460615-B4,3,1,ok,8.0,157,2071,157,2000,149545.0553104831,151156.76405026147,125361.31923710613,172584.62712965577,102078.59319171675,186985.8419453195,0.0,0.0,0.0
2460628-B2,0,1,ok,1.0,190,2668,190,2000,1813.0920490279614,1533.3116158777511,1024.0,2896.309375740099,0.0,8444.120321264969,0.057,0.058,0.2945
2460628-B2,0,1,ok,2.0,190,2668,190,2000,7913.486879346992,4148.723297594092,1856.1381952861161,20722.794341887897,543.5301279598032,40005.76848405739,0.0,0.0,0.0415
2460628-B2,0,1,ok,4.0,190,2668,190,2000,17667.23833169813,15293.6307115713,5032.706727000889,34231.18949507313,490.03775364761435,42098.79147909118,0.0,0.001,0.0045
2460628-B2,0,1,ok,8.0,190,2668,190,2000,68525.6378172783,68081.07683577604,49180.18473501642,88522.4282227892,36744.09036838441,101472.61329541089,0.0,0.0,0.0
2460641-B2,0,1,ok,1.0,242,3511,242,2000,1755.515481316444,1448.1546878700494,1024.0,2896.309375740099,0.0,7541.626482397547,0.058,0.058,0.294
2460641-B2,0,1,ok,2.0,242,3511,242,2000,11208.125129146496,9823.773115510236,2481.3552748447773,22781.200728491145,439.71354311642483,31030.984902190907,0.0,0.003,0.0115
2460641-B2,0,1,ok,4.0,242,3511,242,2000,34497.84854388511,36024.4650809382,9065.419710848351,57604.5806859142,598.511486940727,68910.90854139133,0.0,0.0,0.0015
2460641-B2,0,1,ok,8.0,242,3511,242,2000,128735.43679822811,131060.3396430663,103292.87578620884,150064.9217069934,90532.75619354576,158844.46733833698,0.0,0.0,0.0
2460643-B,4,1,ok,1.0,182,2656,182,2000,1770.772752028466,1448.1546878700494,1024.0,2896.309375740099,0.0,6859.891617219619,0.053,0.0535,0.2785
2460643-B,4,1,ok,2.0,182,2656,182,2000,19575.015622959203,19628.8860071518,2940.0518702907266,38796.128067115154,305.785872793365,47042.3601555024,0.0,0.0035,0.007
2460643-B,4,1,ok,4.0,182,2656,182,2000,27247.84278789685,25581.388418744762,7442.440795867979,49274.85458700185,495.4563552927745,59638.43546740642,0.0,0.001,0.003
2460643-B,4,1,ok,8.0,182,2656,182,2000,70792.48145350242,56770.39045796284,29086.88112034371,112805.74573817577,16437.381938739516,122627.36440126241,0.0,0.0,0.0
2460753-B2,3,1,ok,1.0,201,2859,201,2000,1999.1640073247631,2048.0,1024.0,2896.309375740099,0.0,27003.476979826133,0.0515,0.0515,0.272
2460753-B2,3,1,ok,2.0,201,2859,201,2000,9754.92476768727,6287.051767633715,2370.6001349869193,23449.361347270344,437.79561441384953,34462.923149378956,0.0,0.0065,0.0255
2460753-B2,3,1,ok,4.0,201,2859,201,2000,12686.522973827123,11228.137095128204,4497.632377151339,22771.576663532072,98.812954616285,50468.80482040366,0.0005,0.002,0.0055
2460753-B2,3,1,ok,8.0,201,2859,201,2000,35830.739712431794,35480.27330035392,12933.856934172609,57249.83130498276,487.60742406161125,79787.81190758398,0.0,0.0005,0.001
2460770-B2,4,1,ok,1.0,181,2521,181,2000,1924.0820386723085,2048.0,1024.0,3072.0,0.0,12507.12948681671,0.057,0.0575,0.268
2460770-B2,4,1,ok,2.0,181,2521,181,2000,12287.753323151164,10099.001799353178,2489.72307697061,26752.38735849511,197.3854097951518,38411.4468355463,0.0005,0.007,0.017
2460770-B2,4,1,ok,4.0,181,2521,181,2000,27811.50811146877,26343.690869041264,4626.748551681061,58185.930546905416,250.3197954617253,70524.856164334,0.0015,0.0015,0.005
2460770-B2,4,1,ok,8.0,181,2521,181,2000,109278.84145217524,120666.61206742463,65119.428560375934,151596.91232823482,46760.20078015063,162784.82873105834,0.0,0.0,0.0
2460943-B3,3,1,ok,1.0,98,1349,98,1349,1825.5219605238335,2048.0,1024.0,2896.309375740099,0.0,5514.408762505732,0.05263157894736842,0.054114158636026685,0.26612305411415865
2460943-B3,3,1,ok,2.0,98,1349,98,1349,11307.111639496323,7560.738654390852,2450.63824522106,25479.379196977676,449.106891508024,33600.20025237945,0.0,0.005930318754633061,0.02223869532987398
2460943-B3,3,1,ok,4.0,98,1349,98,1349,21744.02862723813,21254.811619960314,5092.67230183482,40824.334422008644,242.5633937757303,47452.566052849026,0.002223869532987398,0.002223869532987398,0.005930318754633061
2460943-B3,3,1,ok,8.0,98,1349,98,1349,75362.4353756266,85166.46861881735,40088.42186604266,104809.0203911215,29330.952200704294,111613.76840246905,0.0,0.0,0.0
2460949-B3,2,1,ok,1.0,200,2813,200,2000,1744.3726303072526,1448.1546878700494,1024.0,2896.309375740099,0.0,5221.395981919011,0.061,0.061,0.288
2460949-B3,2,1,ok,2.0,200,2813,200,2000,19940.42284112864,19350.645361536874,4391.276708929954,36105.16428435135,350.56097900365353,58447.51164078758,0.0,0.001,0.006
2460949-B3,2,1,ok,4.0,200,2813,200,2000,40034.74325712486,39317.978123849534,11912.116489110116,66956.04198246001,238.20999139414786,81626.35499028485,0.0005,0.0005,0.0015
2460949-B3,2,1,ok,8.0,200,2813,200,2000,140633.67967456998,138956.47421643557,105929.95495083352,175928.57744480626,87494.75450562737,190822.1676980953,0.0,0.0,0.0
2460960-B,0,1,ok,1.0,343,4901,343,2000,1727.9782588044218,1448.1546878700494,1024.0,2896.309375740099,0.0,6531.636318718304,0.0665,0.0665,0.2965
2460960-B,0,1,ok,2.0,343,4901,343,2000,7129.9189285717,4388.826722485179,1939.7257538116053,17161.29881448371,227.06827167175956,30814.08251108574,0.005,0.009,0.0295
2460960-B,0,1,ok,4.0,343,4901,343,2000,43602.301642162856,43362.250036092606,11714.586263732384,74300.16577675327,310.64449134018133,89590.64152577544,0.0,0.001,0.0015
2460960-B,0,1,ok,8.0,343,4901,343,2000,153394.8275478943,149032.35858122434,112740.81343198902,194970.20793325364,87336.18780322393,210015.78824697918,0.0,0.0,0.0
2460974-B2,4,1,ok,1.0,234,3353,234,2000,1771.8202912562333,1448.1546878700494,1024.0,2896.309375740099,0.0,5221.395981919011,0.0525,0.0525,0.272
2460974-B2,4,1,ok,2.0,234,3353,234,2000,5326.121531388271,3998.287758528643,1734.3958602349119,11837.290610608494,358.66558240232644,25947.269779304333,0.0,0.0125,0.036
2460974-B2,4,1,ok,4.0,234,3353,234,2000,16386.13808742377,11229.886241632192,4685.081109223191,34863.08621171878,483.8605170914444,45660.026554963806,0.0,0.0005,0.0055
2460974-B2,4,1,ok,8.0,234,3353,234,2000,61072.86901119733,71109.39738965355,18208.062203755937,97132.27874154237,4188.568371174094,109925.88128825714,0.0,0.0,0.0
2461002-B2,2,1,ok,1.0,135,1733,135,1733,1810.0434036369238,1883.2145390262895,1024.0,2896.309375740099,0.0,6228.748831025377,0.06174264281592614,0.06347374495095211,0.27986151182919794
2461002-B2,2,1,ok,2.0,135,1733,135,1733,9468.421178425138,8681.205446249962,2616.206974785386,17599.994016769142,357.77087639996637,28321.600678633968,0.0,0.0051933064050779,0.015579919215233698
2461002-B2,2,1,ok,4.0,135,1733,135,1733,30522.33100899987,33233.2748912893,7115.713842490631,57851.269698890275,357.9511139806664,74149.56588544535,0.0,0.0005770340450086555,0.0017311021350259665
2461002-B2,2,1,ok,8.0,135,1733,135,1733,105553.54214785686,117345.41368114903,63820.87734620139,142935.9428893607,53066.57434770027,158236.20635303413,0.0,0.0,0.0
2461487-B2,4,1,ok,1.0,232,3195,232,2000,1735.2570381496298,1448.1546878700494,1024.0,2896.309375740099,0.0,6228.748831025377,0.059,0.059,0.2885
2461487-B2,4,1,ok,2.0,232,3195,232,2000,4896.425063420739,4013.531892237057,1873.519754164448,9688.661578430423,83.54639429682169,18848.375314599398,0.005,0.005,0.0365
2461487-B2,4,1,ok,4.0,232,3195,232,2000,21351.942316374134,20913.097227688595,7717.828821535733,34876.212609943905,456.0043859438196,48736.59881444334,0.0,0.0005,0.0025
2461487-B2,4,1,ok,8.0,232,3195,232,2000,71073.66380253602,72467.1744718611,41710.32586200445,98031.00550693739,10970.265675907762,114372.93330154648,0.0,0.0,0.0
2461671-B2,0,1,ok,1.0,328,4887,328,2000,1703.541336280183,1448.1546878700494,1024.0,2896.309375740099,0.0,4579.4672179195695,0.062,0.062,0.303
2461671-B2,0,1,ok,2.0,328,4887,328,2000,6958.98715195181,4374.44213586144,1736.0552986584269,17536.289248190475,489.2872367025324,31212.646315235754,0.0,0.0045,0.0355
2461671-B2,0,1,ok,4.0,328,4887,328,2000,14196.098234277017,10548.606438402021,4580.289292173585,31700.659526409436,511.3531069623025,46763.21562938118,0.0,0.001,0.007
2461671-B2,0,1,ok,8.0,328,4887,328,2000,53870.042728120905,53707.021380245176,15916.456738105913,92942.33875581225,304.38462510448846,110933.82012713706,0.0,0.0005,0.001
2461672-B2,4,1,ok,1.0,212,2880,212,2000,1796.558037684899,2048.0,1024.0,2896.309375740099,0.0,5514.408762505732,0.0595,0.06,0.275
2461672-B2,4,1,ok,2.0,212,2880,212,2000,7267.894269824236,4731.078523973154,2064.5580640902303,16483.65182058742,183.7879212570837,29299.452639938514,0.005,0.009,0.0225
2461672-B2,4,1,ok,4.0,212,2880,212,2000,33752.49555619845,32874.206524312314,6031.839686198565,67049.89015666141,576.3210910594892,80561.67270482906,0.0,0.0,0.0035
2461672-B2,4,1,ok,8.0,212,2880,212,2000,121346.27755218037,132266.34934712178,71708.03868810985,170906.15615792945,48877.46909364273,184656.5623556336,0.0,0.0,0.0
2461677-B2,0,1,ok,1.0,60,812,60,812,2047.4181634244578,2048.0,1024.0,3238.1723240124206,0.0,10350.222123220352,0.046798029556650245,0.046798029556650245,0.2512315270935961
2461677-B2,0,1,ok,2.0,60,812,60,812,24347.009271925785,26316.138780443667,3098.2073798911215,47770.55425008096,236.31546711969574,55454.80499469816,0.003694581280788177,0.003694581280788177,0.008620689655172414
2461677-B2,0,1,ok,4.0,60,812,60,812,127573.73594179949,139161.06764314105,94833.94595676778,160311.0785528724,85776.70572480619,168340.13600148956,0.0,0.0,0.0
2461677-B2,0,1,ok,8.0,60,812,60,812,352981.4154514097,364926.7081072711,319946.53699734167,385868.1660735559,310833.94654541835,394111.535955242,0.0,0.0,0.0
2461698-B,2,1,ok,1.0,239,3447,239,2000,1958.477605245891,2048.0,1024.0,2896.309375740099,0.0,25542.558877293402,0.056,0.057,0.278
2461698-B,2,1,ok,2.0,239,3447,239,2000,9476.899974352587,5754.249299430813,2120.549221310366,22954.430808759997,286.2167011199731,44887.86312579381,0.0,0.005,0.0245
2461698-B,2,1,ok,4.0,239,3447,239,2000,20787.439036149375,14306.248999481242,4762.82531697311,46585.07811128477,183.3712082089225,64920.93406598522,0.001,0.001,0.004
2461698-B,2,1,ok,8.0,239,3447,239,2000,82145.11507643142,72725.2717020854,38147.31578760113,130087.2600625824,16628.161203211857,148297.40841970232,0.0,0.0,0.0
2461700-B2,0,1,ok,1.0,74,996,74,996,1786.9331228974927,1448.1546878700494,1024.0,2896.309375740099,0.0,6761.886792900336,0.055220883534136546,0.055220883534136546,0.286144578313253
2461700-B2,0,1,ok,2.0,74,996,74,996,19347.559406977514,18842.01410968991,10542.508819987204,28924.595779370884,3823.6612036110105,35143.950617424896,0.0,0.0,0.0
2461700-B2,0,1,ok,4.0,74,996,74,996,43421.599276742214,59954.401681611336,9039.086071058291,73401.4999095044,923.0845031740051,81402.02651040083,0.0,0.0,0.001004016064257028
2461700-B2,0,1,ok,8.0,74,996,74,996,146922.13804754172,162901.81305286544,112708.54772557394,176509.81648898777,106245.75536462621,185621.18021659058,0.0,0.0,0.0
2461703-B3,1,1,ok,1.0,253,3694,253,2000,1934.9751909770043,1630.7638970517942,1024.0,2896.309375740099,0.0,21248.906842470744,0.052,0.0525,0.2765
2461703-B3,1,1,ok,2.0,253,3694,253,2000,7379.033112062758,4952.931455209127,2088.7378964341124,16245.886287867399,283.6511942509673,37297.549731852356,0.0,0.0065,0.024
2461703-B3,1,1,ok,4.0,253,3694,253,2000,34051.7865382354,33438.035234321986,8187.834054604104,61661.023262244074,174.26990560621763,74574.05796253815,0.0005,0.0005,0.001
2461703-B3,1,1,ok,8.0,253,3694,253,2000,128372.77216995033,127691.10463218532,94799.21892937696,161728.15595743697,68589.63980077457,176801.0234840285,0.0,0.0,0.0
2461718-B3,3,1,ok,1.0,82,1067,82,1067,2103.4988711045416,2048.0,1024.0,3238.1723240124206,0.0,9021.574142022,0.04217432052483599,0.04498594189315839,0.22586691658856609
2461718-B3,3,1,ok,2.0,82,1067,82,1067,46351.57340568954,43776.662561232326,25627.29661589677,71562.75614039156,17172.08572072711,81392.35426623315,0.0,0.0,0.0
2461718-B3,3,1,ok,4.0,82,1067,82,1067,116237.88042922494,115946.66705860932,101575.89333846762,132397.8933057862,83749.5761481812,143410.47231286843,0.0,0.0,0.0
2461718-B3,3,1,ok,8.0,82,1067,82,1067,288299.9433712662,290218.533429552,270119.5624104836,303691.3720548334,256250.38642897693,315241.00577336067,0.0,0.0,0.0
2461755-B3,3,1,ok,1.0,247,3325,247,2000,1837.6189294690523,2048.0,1024.0,2896.309375740099,0.0,6559.175634178429,0.055,0.055,0.277
2461755-B3,3,1,ok,2.0,247,3325,247,2000,15949.997218889235,5909.071416051764,1949.836146962098,39755.69278732292,372.1088550411022,47933.541043824414,0.0,0.005,0.0225
2461755-B3,3,1,ok,4.0,247,3325,247,2000,97412.30443896232,87529.04944982038,57272.537547754015,139137.71501297256,30316.865025922452,148136.61007664513,0.0,0.0,0.0
2461755-B3,3,1,ok,8.0,247,3325,247,2000,297662.2356055793,288243.7565972284,258300.3254424353,339141.90496861417,228916.3419264776,348365.41516775166,0.0,0.0,0.0
2461836-B2,3,1,ok,1.0,144,1998,144,1998,1970.4773881114409,2048.0,1024.0,3238.1723240124206,0.0,10323.139299651051,0.053553553553553554,0.053553553553553554,0.2577577577577578
2461836-B2,3,1,ok,2.0,144,1998,144,1998,14023.729699046788,13469.628778670662,3170.827021456705,25184.615335021037,312.87697262662203,55021.98877721524,0.0,0.001001001001001001,0.011011011011011011
2461836-B2,3,1,ok,4.0,144,1998,144,1998,52203.11883448668,52066.78897335987,29970.907047443226,75099.31958029067,482.5453346577915,83701.51922157686,0.0,0.0005005005005005005,0.002002002002002002
2461836-B2,3,1,ok,8.0,144,1998,144,1998,163240.57169362978,163373.25478870707,138294.36359235368,188517.06623957137,102361.75732176544,197365.6715844982,0.0,0.0,0.0
2461857-B2,2,1,ok,1.0,159,2091,159,2000,1872.5140257237756,2048.0,1024.0,3072.0,0.0,6510.613642353538,0.0535,0.0535,0.258
2461857-B2,2,1,ok,2.0,159,2091,159,2000,22137.65862364823,23233.378842267637,2832.4709162117347,43397.30679733263,509.65184194702954,50724.433954456304,0.0,0.0035,0.018
2461857-B2,2,1,ok,4.0,159,2091,159,2000,29914.30687395539,30664.853541014512,10554.111976165788,47540.118572126485,494.87473162407474,55352.23316181561,0.0,0.0005,0.002
2461857-B2,2,1,ok,8.0,159,2091,159,2000,73686.79941178775,74788.00197252174,54427.70150251443,92236.37327741478,34456.09812500539,105314.71381055926,0.0,0.0,0.0
2461861-B2,1,1,ok,1.0,62,890,62,890,1802.9932419454908,2048.0,1024.0,2896.309375740099,0.0,4579.4672179195695,0.058426966292134834,0.058426966292134834,0.2797752808988764
2461861-B2,1,1,ok,2.0,62,890,62,890,16380.436273284227,15013.935290202237,3528.6172929350105,31179.323447432445,503.24149272491434,35925.484394785824,0.0,0.0022471910112359553,0.0044943820224719105
2461861-B2,1,1,ok,4.0,62,890,62,890,34210.11449444535,35484.86912972575,20799.597515221776,44940.07838245439,12005.00783006825,52067.273137739794,0.0,0.0,0.0
2461861-B2,1,1,ok,8.0,62,890,62,890,98642.134924527,100530.49521523417,79110.48058903642,115569.12074216476,72999.1803036171,123347.81990777138,0.0,0.0,0.0
2462123-B2,2,1,ok,1.0,122,1715,122,1715,1801.48479428923,2048.0,1024.0,2896.309375740099,0.0,5970.894740321588,0.05481049562682216,0.05481049562682216,0.27580174927113704
2462123-B2,2,1,ok,2.0,122,1715,122,1715,10566.033000445223,9976.29415163767,2858.262653400242,19139.079373996796,523.8673496220202,27310.60814042778,0.0,0.0,0.013994169096209912
2462123-B2,2,1,ok,4.0,122,1715,122,1715,48120.94033365269,49100.68200137346,29329.618472915645,65781.63961171798,14753.393779059787,73675.10633178618,0.0,0.0,0.0
2462123-B2,2,1,ok,8.0,122,1715,122,1715,145126.74823477212,147553.13550379063,122289.93794895231,166133.48078103032,103972.68166205968,174888.5055256634,0.0,0.0,0.0
2462170-B4,2,1,ok,1.0,117,1562,117,1562,2049.9932681635783,2048.0,1024.0,3233.5124979172247,0.0,14671.898104880636,0.05057618437900128,0.05121638924455826,0.24583866837387963
2462170-B4,2,1,ok,2.0,117,1562,117,1562,13525.473971377301,7247.957875306845,2271.471989701832,32092.981471546373,138.2208377922808,42032.91896835146,0.005761843790012804,0.005761843790012804,0.019206145966709345
2462170-B4,2,1,ok,4.0,117,1562,117,1562,23566.48372423564,22263.136400474617,11977.348582011662,36947.40225368881,3470.2917744766073,44205.89206203173,0.0,0.0,0.0
2462170-B4,2,1,ok,8.0,117,1562,117,1562,58593.58763424201,62819.11346917198,22277.076940962303,89779.53322690631,4222.160229077054,101622.42878912116,0.0,0.0,0.0
2462290-B2,4,1,ok,1.0,286,4236,286,2000,1734.0629696586366,1448.1546878700494,1024.0,2896.309375740099,0.0,7384.16901215025,0.061,0.061,0.2965
2462290-B2,4,1,ok,2.0,286,4236,286,2000,6345.659793364025,4113.4321435997945,1842.1642163498889,15162.488219254448,388.6000514668005,26778.24079359957,0.0,0.0075,0.0335
2462290-B2,4,1,ok,4.0,286,4236,286,2000,11868.06631485787,9021.238154498747,3827.2965082213304,24615.311665160338,450.7948535642349,36004.085670934626,0.0,0.002,0.0085
2462290-B2,4,1,ok,8.0,286,4236,286,2000,57693.29182283142,58207.371519921726,39215.52584464418,75849.14876041189,23742.74021674836,88096.20704661467,0.0,0.0,0.0
2462293-B3,3,1,ok,1.0,127,1781,127,1781,1768.9014451994437,1448.1546878700494,1024.0,2896.309375740099,0.0,5221.395981919011,0.05446378439079169,0.05558674901740595,0.2841100505334082
2462293-B3,3,1,ok,2.0,127,1781,127,1781,17315.200934716875,13235.598059778033,2623.8536544555986,35087.86867280485,546.1135413080324,42239.60302843766,0.0,0.0,0.019651880965749578
2462293-B3,3,1,ok,4.0,127,1781,127,1781,26139.483219196787,25797.582522399265,6920.013872818464,46741.53202452825,524.1068593330943,58921.9785139637,0.0,0.0,0.0022459292532285235
2462293-B3,3,1,ok,8.0,127,1781,127,1781,96060.19119363475,97173.4956456749,63985.568372876085,126116.83218349563,47253.44102814101,137827.76776832744,0.0,0.0,0.0
2462468-B2,3,1,ok,1.0,197,2686,197,2000,2134.684164599615,2048.0,1024.0,3238.1723240124206,0.0,18153.844000651763,0.0465,0.047,0.247
2462468-B2,3,1,ok,2.0,197,2686,197,2000,8699.475700598554,6700.407154335788,2653.3193015193615,18127.314953494573,128.06248474865697,38620.87829141124,0.001,0.004,0.0195
2462468-B2,3,1,ok,4.0,197,2686,197,2000,46156.97691201928,45801.67803584311,7336.917102583336,82812.04362243571,360.6272313622475,101279.83096352403,0.0,0.0005,0.002
2462468-B2,3,1,ok,8.0,197,2686,197,2000,173898.5202409703,177886.41386925848,126223.63530266489,215064.24704861894,107859.05314344271,231700.39965438127,0.0,0.0,0.0
2462478-B2,0,1,ok,1.0,152,2029,152,2000,2270.2974952364257,2048.0,1024.0,4100.8772128839,0.0,12802.752243170216,0.053,0.0535,0.252
2462478-B2,0,1,ok,2.0,152,2029,152,2000,13424.151384667359,12440.563371487644,3110.5397232943756,24373.538337272887,112.0044641967453,55869.0380174923,0.0015,0.0015,0.0085
2462478-B2,0,1,ok,4.0,152,2029,152,2000,57873.61730876726,63848.54672077323,22406.14051616783,85849.43528828122,2025.4542700342558,109566.14959009922,0.0,0.0,0.0
2462478-B2,0,1,ok,8.0,152,2029,152,2000,183014.9334089337,192623.97619897826,140842.99684522726,215539.3049544931,94103.71504356244,239977.5542837288,0.0,0.0,0.0
2462483-B,4,1,ok,1.0,85,1108,85,1108,2227.4692210660196,2048.0,1024.0,3692.084506075125,0.0,9609.921591771705,0.04783393501805054,0.04783393501805054,0.22202166064981949
2462483-B,4,1,ok,2.0,85,1108,85,1108,23401.050263786703,22613.076778461484,12463.543430745201,36139.302336756984,1696.9342945441347,46477.06849619498,0.0,0.0,0.0
2462483-B,4,1,ok,4.0,85,1108,85,1108,92914.43016485585,95035.47187167087,76303.96602766619,106641.38546807745,60454.10825576704,115331.67899584225,0.0,0.0,0.0
2462483-B,4,1,ok,8.0,85,1108,85,1108,238285.50403542334,238962.99477895637,221329.9391439901,254524.55615587026,208225.9613256714,261429.65537214786,0.0,0.0,0.0
2462598-B,0,1,ok,1.0,195,2744,195,2000,2080.502751673815,2048.0,1024.0,3238.1723240124206,0.0,15055.643061656318,0.0585,0.059,0.266
2462598-B,0,1,ok,2.0,195,2744,195,2000,18645.287578329775,17798.301399642667,3483.419584259123,34778.90616586346,140.60227594174995,63306.34104100473,0.0005,0.0035,0.0115
2462598-B,0,1,ok,4.0,195,2744,195,2000,52808.5983962068,52547.21707752603,32294.1489642569,74923.44874595765,9024.062111931633,87995.44045005969,0.0,0.0,0.0
2462598-B,0,1,ok,8.0,195,2744,195,2000,159106.1562276889,158005.59760630762,126289.56817419443,191989.1832918507,102089.16353854605,207251.99410379626,0.0,0.0,0.0
2462609-B2,2,1,ok,1.0,61,821,61,821,1924.1733325476052,2048.0,1024.0,3072.0,0.0,7439.95551061967,0.0535931790499391,0.05481120584652863,0.26674786845310594
2462609-B2,2,1,ok,2.0,61,821,61,821,21436.393504509822,12318.233720789682,3190.466110147544,46483.7809563723,294.15982050579237,53714.909699263204,0.0,0.0036540803897685747,0.010962241169305725
2462609-B2,2,1,ok,4.0,61,821,61,821,34963.905109062034,34664.06107195174,25124.11502919058,44426.56585872917,16888.663298200958,57319.30977428113,0.0,0.0,0.0
2462609-B2,2,1,ok,8.0,61,821,61,821,106777.24662297053,104955.55541275555,93285.88319783438,121962.85172953279,86514.25262926334,135651.8181264077,0.0,0.0,0.0
2462614-B3,2,1,ok,1.0,225,3283,225,2000,2073.7276484580434,1448.1546878700494,1024.0,2896.309375740099,0.0,33676.91069560865,0.0605,0.0605,0.283
2462614-B3,2,1,ok,2.0,225,3283,225,2000,7475.004070214357,4706.869129262041,1997.391298669342,18017.601865953195,200.06249023742558,24925.624906910558,0.0005,0.009,0.024
2462614-B3,2,1,ok,4.0,225,3283,225,2000,18928.55947686026,17770.363755421553,5974.291066141127,34680.365295519674,390.08204265256813,52791.03303592382,0.0,0.0005,0.0025
2462614-B3,2,1,ok,8.0,225,3283,225,2000,72135.6584265518,72560.90763689544,51133.985337568025,91415.36520761163,34109.88000565232,106891.18625967251,0.0,0.0,0.0
2462637-B2,0,1,ok,1.0,277,3864,277,2000,1762.8668988402487,2048.0,1024.0,2896.309375740099,0.0,4579.4672179195695,0.061,0.061,0.277
2462637-B2,0,1,ok,2.0,277,3864,277,2000,10561.624234896495,7277.035995809005,2266.372652500025,24090.463518138793,271.64130760986995,34857.65432440915,0.0,0.002,0.0225
2462637-B2,0,1,ok,4.0,277,3864,277,2000,53628.282351769616,51358.4409242025,17871.599801109,87911.22804016771,483.26493768946244,102824.78740556676,0.0,0.0005,0.0005
2462637-B2,0,1,ok,8.0,277,3864,277,2000,187316.401497891,185116.76449911302,155721.69700796623,219519.7323052047,135277.51446933078,234803.82685339692,0.0,0.0,0.0
2462830-B2,3,1,ok,1.0,103,1417,103,1417,1922.3082373526622,1896.6931749758578,1024.0,2896.309375740099,0.0,30172.72708921088,0.05575158786167961,0.05575158786167961,0.2766407904022583
2462830-B2,3,1,ok,2.0,103,1417,103,1417,30326.918973193824,30836.236605656017,14434.355129343327,44742.30966941436,5206.016519374482,70450.0691979788,0.0,0.0,0.0
2462830-B2,3,1,ok,4.0,103,1417,103,1417,87965.60168305837,87898.79199397452,77155.90394474399,98182.42539816609,59477.597816320726,126576.31848809634,0.0,0.0,0.0
2462830-B2,3,1,ok,8.0,103,1417,103,1417,224407.22505995334,224398.6718320766,212244.8076972027,235803.9353695519,192810.1025620805,260641.2102220215,0.0,0.0,0.0
2462830-B4,4,1,ok,1.0,210,3080,210,2000,1798.0997012977743,2048.0,1024.0,2896.309375740099,0.0,5514.408762505732,0.056,0.0565,0.2765
2462830-B4,4,1,ok,2.0,210,3080,210,2000,16870.47254647449,16009.741034757559,2927.89607585011,33617.06092150234,186.33571852975479,39383.35365354251,0.0005,0.0025,0.011
2462830-B4,4,1,ok,4.0,210,3080,210,2000,38204.81332637262,35626.96930425595,7259.564148275148,71012.78972439165,556.0728369557355,84387.85580875959,0.0,0.0,0.0035
2462830-B4,4,1,ok,8.0,210,3080,210,2000,139480.76129165178,137925.00029763352,95557.17262117962,180164.07723792072,78793.02040790161,194489.14630899072,0.0,0.0,0.0
2462840-B5,3,1,ok,1.0,286,4219,286,2000,1754.3455113509847,1448.1546878700494,1024.0,2896.309375740099,0.0,4579.4672179195695,0.058,0.058,0.2835
2462840-B5,3,1,ok,2.0,286,4219,286,2000,9060.04500413626,5613.306531287869,2044.108118471232,20969.406381679,412.84621834285946,34202.315769549874,0.0,0.0065,0.0245
2462840-B5,3,1,ok,4.0,286,4219,286,2000,55639.95627112698,54981.29656724344,24842.25127017262,85962.53737740841,5879.660024185072,98921.20923239869,0.0,0.0,0.0
2462840-B5,3,1,ok,8.0,286,4219,286,2000,189938.8230438949,190332.17368250096,171285.05923920817,208815.79198620308,141041.61207955616,219941.2765353516,0.0,0.0,0.0
2462885-B2,1,1,ok,1.0,272,3661,272,2000,1796.308991301495,1448.1546878700494,1024.0,2896.309375740099,0.0,8352.422403111566,0.052,0.052,0.2805
2462885-B2,1,1,ok,2.0,272,3661,272,2000,9653.372823917718,5518.299194498247,2124.8096385323556,22633.89551987156,146.696966567138,48483.21317734624,0.001,0.006,0.02
2462885-B2,1,1,ok,4.0,272,3661,272,2000,60014.13301000978,60860.590135991166,32642.377262003476,85032.59881359043,16344.108785736835,102762.58823132084,0.0,0.0,0.0
2462885-B2,1,1,ok,8.0,272,3661,272,2000,193593.07047258902,194186.08563406405,165984.80806877092,220419.384735449,130474.34091038743,239464.37551335272,0.0,0.0,0.0
2462920-B3,3,1,ok,1.0,273,3827,273,2000,1747.6833791810318,1448.1546878700494,1024.0,2896.309375740099,0.0,16016.011051444739,0.059,0.059,0.2815
2462920-B3,3,1,ok,2.0,273,3827,273,2000,5843.774928706343,4051.311516040207,1805.2204851485594,14025.45963644682,420.21542094501956,36717.04488381384,0.0,0.009,0.0335
2462920-B3,3,1,ok,4.0,273,3827,273,2000,16789.609450244174,13266.487289407094,4826.029941888052,34886.99230705305,143.10835055998655,50460.13428440317,0.0005,0.0005,0.0025
2462920-B3,3,1,ok,8.0,273,3827,273,2000,70948.88821449358,69514.8976865834,41185.31867607334,103046.0914786532,21491.786826599597,117295.16955100922,0.0,0.0,0.0
2462921-B,3,1,ok,1.0,311,4466,311,2000,1751.3897441173187,1448.1546878700494,1024.0,2896.309375740099,0.0,6064.730579341509,0.061,0.0615,0.279
2462921-B,3,1,ok,2.0,311,4466,311,2000,7597.799922823194,4874.641608661934,2112.303008566716,17154.565749918132,369.38868417968627,32394.481073170475,0.0,0.0095,0.02
2462921-B,3,1,ok,4.0,311,4466,311,2000,33430.96690205446,31981.01436861799,5715.305780822583,66559.18024745207,518.7147578390266,77284.54645011511,0.0,0.0,0.0045
2462921-B,3,1,ok,8.0,311,4466,311,2000,129655.6899096657,133687.93594628043,90271.75998932989,170308.78229676827,66041.78344805658,182129.9256684634,0.0,0.0,0.0
2462939-B,3,1,ok,1.0,99,1451,99,1451,1817.2095636124911,2048.0,1024.0,2896.309375740099,0.0,5120.0,0.05444521019986216,0.05444521019986216,0.27015851137146796
2462939-B,3,1,ok,2.0,99,1451,99,1451,8783.36815151614,7338.656280273658,2450.1722388436287,17331.320549802316,24.08318915758459,25009.62510714625,0.0034458993797381117,0.004824259131633356,0.015161957270847692
2462939-B,3,1,ok,4.0,99,1451,99,1451,24798.99845710857,23591.657593310396,13035.504900079628,38837.7154837923,3060.27515102809,46115.891967953954,0.0,0.0,0.0
2462939-B,3,1,ok,8.0,99,1451,99,1451,84968.16655822693,85235.86083333705,71993.61241110213,97900.95388707916,64200.38208609042,106670.96576388535,0.0,0.0,0.0
2462987-B2,1,1,ok,1.0,139,2010,139,2000,2498.5598014527973,1448.1546878700494,1024.0,2896.309375740099,0.0,60930.40804885521,0.0565,0.0565,0.28
2462987-B2,1,1,ok,2.0,139,2010,139,2000,19148.865625374958,16024.509228054381,3349.545640829514,38242.943773612875,457.6111886744029,93008.66695636488,0.0,0.003,0.0125
2462987-B2,1,1,ok,4.0,139,2010,139,2000,107610.97941895491,114694.50974772846,70171.81937415805,140989.1992954997,55936.09610975725,191974.59057125243,0.0,0.0,0.0
2462987-B2,1,1,ok,8.0,139,2010,139,2000,311101.1079844993,321642.82048080524,269724.9311853761,347864.8673787562,256196.05792439508,397099.4759817746,0.0,0.0,0.0
2463126-B2,2,1,ok,1.0,144,2101,144,2000,1750.3869798511996,1448.1546878700494,1024.0,2896.309375740099,0.0,5792.618751480198,0.057,0.0575,0.2865
2463126-B2,2,1,ok,2.0,144,2101,144,2000,9718.374937924116,8097.503528257544,2678.220259269794,19521.41533258937,408.5119337302155,27697.418255137065,0.0,0.001,0.0195
2463126-B2,2,1,ok,4.0,144,2101,144,2000,26976.9174388716,24587.473436691293,5996.466459507632,51792.30641533056,398.20848810641894,61844.025297517626,0.0,0.001,0.0025
2463126-B2,2,1,ok,8.0,144,2101,144,2000,104760.73941529533,103962.58039035281,75222.58957754224,134498.04024345506,61117.49643105483,144226.72279782273,0.0,0.0,0.0
2463127-B3,0,1,ok,1.0,261,3791,261,2000,1688.7644279250587,1448.1546878700494,1024.0,2289.7336089597848,0.0,5120.0,0.0665,0.067,0.31
2463127-B3,0,1,ok,2.0,261,3791,261,2000,7402.871693459036,4408.166965984841,1902.4655732681588,18317.75543018303,142.89856542317,28134.460080122382,0.001,0.001,0.0305
2463127-B3,0,1,ok,4.0,261,3791,261,2000,8341.14834544151,7579.3741166405025,3389.5563131477843,14944.832232012051,180.49930747789588,27761.037444591297,0.001,0.001,0.009
2463127-B3,0,1,ok,8.0,261,3791,261,2000,28355.64843927857,28676.148603703812,10527.190495641007,46183.053679590055,263.0361191927831,65866.11001114306,0.0,0.0005,0.001
2463135-B,1,1,ok,1.0,307,4547,307,2000,1673.5645157995787,1448.1546878700494,1024.0,2289.7336089597848,0.0,4579.4672179195695,0.058,0.058,0.3135
2463135-B,1,1,ok,2.0,307,4547,307,2000,5548.994470828914,3878.3419137564442,1740.2563915941435,12650.159193828986,148.48905683584903,22875.894059030787,0.0035,0.0035,0.0375
2463135-B,1,1,ok,4.0,307,4547,307,2000,12353.910148785371,8276.12836585884,3706.7075687191727,29146.630343611003,488.4588007191599,41602.670683503,0.0,0.002,0.0095
2463135-B,1,1,ok,8.0,307,4547,307,2000,50630.85990215777,52117.01809536596,16122.81516526078,83797.70368417482,586.4887040685438,97475.93426071893,0.0,0.0,0.0015
2463187-B2,1,1,ok,1.0,110,1511,110,1511,1679.334553949845,1448.1546878700494,1024.0,2289.7336089597848,0.0,4096.0,0.056915949702183985,0.056915949702183985,0.2984778292521509
2463187-B2,1,1,ok,2.0,110,1511,110,1511,8233.458489161007,6514.279852754255,2292.69492083007,16993.255662173742,494.96868587820785,23647.646521377133,0.0,0.0066181336863004635,0.026472534745201854
2463187-B2,1,1,ok,4.0,110,1511,110,1511,20118.04239133276,18224.75903818758,5614.69233351214,38702.84932663227,359.06823863995544,47974.17190530755,0.0,0.0013236267372600927,0.003970880211780278
2463187-B2,1,1,ok,8.0,110,1511,110,1511,84243.00850452401,83421.82382326582,63206.7676281583,105937.60987486927,51762.257002568964,115626.46106320128,0.0,0.0,0.0
2463351-B4,2,1,ok,1.0,175,2436,175,2000,1831.998963932116,2048.0,1024.0,2896.309375740099,0.0,5221.395981919011,0.054,0.0545,0.2685
2463351-B4,2,1,ok,2.0,175,2436,175,2000,16244.2528738641,17083.083679476607,3744.152374036078,27207.007815169894,504.052576622717,46271.2486323851,0.0,0.002,0.0075
2463351-B4,2,1,ok,4.0,175,2436,175,2000,28313.180244096326,23450.638305693734,6988.277504844429,53084.265775834625,521.4786668695086,80270.77357295119,0.0,0.0,0.0025
2463351-B4,2,1,ok,8.0,175,2436,175,2000,49044.18481086992,48166.06178590263,33156.835631616144,64702.156056717504,23527.2309462886,97859.94817595194,0.0,0.0,0.0
2463367-B2,1,1,ok,1.0,301,4380,301,2000,1765.7563688326845,1448.1546878700494,1024.0,2896.309375740099,0.0,5221.395981919011,0.0555,0.0555,0.2775
2463367-B2,1,1,ok,2.0,301,4380,301,2000,7229.875998689642,4336.118079573018,1814.4409607369428,17698.891304235553,413.574660732497,43957.891123210175,0.0,0.0045,0.031
2463367-B2,1,1,ok,4.0,301,4380,301,2000,27878.32928284599,24857.785581181604,5094.515089780381,57936.0545839877,358.8927416373867,71995.44341137153,0.0,0.0015,0.0045
2463367-B2,1,1,ok,8.0,301,4380,301,2000,115994.34601807586,119358.63209562685,77282.0561394513,154136.18969502638,39729.002315688726,168357.48708031967,0.0,0.0,0.0
2463370-B2,4,1,ok,1.0,192,2726,192,2000,1728.3886155748007,1448.1546878700494,1024.0,2896.309375740099,0.0,4579.4672179195695,0.055,0.0555,0.287
2463370-B2,4,1,ok,2.0,192,2726,192,2000,10421.314145936884,6443.4723558031965,2171.4741536569113,24579.749968773132,145.89036979869508,35072.952541809194,0.007,0.007,0.0205
2463370-B2,4,1,ok,4.0,192,2726,192,2000,50354.56660803375,59948.79720273833,13347.342332900284,84656.96886589234,398.9235515734813,104627.19554685579,0.0,0.0005,0.0015
2463370-B2,4,1,ok,8.0,192,2726,192,2000,167450.7800619554,179253.42395776676,127712.10886519589,202734.8286920105,117817.2324407597,222436.22668980877,0.0,0.0,0.0
2463379-B4,4,1,ok,1.0,153,2079,153,2000,1822.8171264005775,2048.0,1024.0,2896.309375740099,0.0,8900.465718152056,0.0565,0.0565,0.278
2463379-B4,4,1,ok,2.0,153,2079,153,2000,7477.028645836212,4815.6034928137515,2077.0905586304143,19023.560344334757,373.6964008389698,25751.156575967612,0.0,0.0075,0.016
2463379-B4,4,1,ok,4.0,153,2079,153,2000,15501.321738329194,13468.022177621722,5042.92281584951,29615.87218135709,210.77238908357992,40232.71704719929,0.0005,0.0005,0.002
2463379-B4,4,1,ok,8.0,153,2079,153,2000,44539.367468269804,44977.49263896742,26937.093415418618,60997.48721327895,9715.23921475946,78178.11817254237,0.0,0.0,0.0
2463404-B2,1,1,ok,1.0,217,2935,217,2000,1768.8562667093406,1448.1546878700494,1024.0,2896.309375740099,0.0,7240.773439350247,0.059,0.059,0.291
2463404-B2,1,1,ok,2.0,217,2935,217,2000,14244.948005516697,13418.739270627713,2725.9715699177787,27891.93487800317,296.42705679475347,53391.04648721544,0.0,0.0045,0.0205
2463404-B2,1,1,ok,4.0,217,2935,217,2000,45331.524179150656,45489.904713388416,19611.964435007525,71884.99865348509,3165.963518425315,85485.00884365632,0.0,0.0,0.0
2463404-B2,1,1,ok,8.0,217,2935,217,2000,143943.0998612724,142613.01872592786,103392.45703751815,181539.40526345975,64591.893802550796,194807.72434634104,0.0,0.0,0.0
2463643-B,1,1,ok,1.0,241,3440,241,2000,1978.5153924010745,2048.0,1024.0,2896.309375740099,0.0,26790.56912422728,0.058,0.058,0.27
2463643-B,1,1,ok,2.0,241,3440,241,2000,7661.155857380791,5294.830025600444,2110.0959693814875,17585.50525682704,370.63324189824095,33545.375016535436,0.0,0.006,0.023
2463643-B,1,1,ok,4.0,241,3440,241,2000,19272.055755813548,16215.106043439864,5347.061272820384,39977.56924038706,127.09445306542689,54936.00640745558,0.002,0.002,0.004
2463643-B,1,1,ok,8.0,241,3440,241,2000,83565.9512166158,85175.56117557606,53629.86552964984,113520.95246230817,33067.10790196204,127083.50791507134,0.0,0.0,0.0
2463647-B2,0,1,ok,1.0,204,2934,204,2000,1774.8328981226864,1899.8997945167607,1024.0,2896.309375740099,0.0,5221.395981919011,0.0535,0.054,0.2755
2463647-B2,0,1,ok,2.0,204,2934,204,2000,5845.130847404041,4025.4232075646405,1731.62582563324,13043.713117095602,461.78783006917797,21813.023632683296,0.0,0.004,0.031
2463647-B2,0,1,ok,4.0,204,2934,204,2000,27624.624874273435,26376.401661250715,5261.0542669696915,55510.27223368273,497.7750495956984,65526.64190998956,0.0,0.0015,0.006
2463647-B2,0,1,ok,8.0,204,2934,204,2000,111514.52759931386,113164.50689943183,78450.35519300733,142768.8133549205,65293.9996783778,153637.84950330437,0.0,0.0,0.0
2463656-B2,0,1,ok,1.0,157,2076,157,2000,1912.337041091874,2048.0,1024.0,2896.309375740099,0.0,15301.46192362024,0.051,0.0535,0.264
2463656-B2,0,1,ok,2.0,157,2076,157,2000,9103.419850749866,7252.73844746211,2457.0820092133677,19190.37816868864,269.5366394388711,29947.23207576954,0.0,0.005,0.0175
2463656-B2,0,1,ok,4.0,157,2076,157,2000,38907.24676130916,39672.046196953095,20843.821690896886,57807.14561366959,2745.8078956838913,67912.4879532476,0.0,0.0,0.0
2463656-B2,0,1,ok,8.0,157,2076,157,2000,125379.49757090842,126038.10805109021,106323.05157336313,142746.1109871708,96954.19209606152,149606.10192101123,0.0,0.0,0.0
2463720-B7,4,1,ok,1.0,207,3024,207,2000,1763.172170369781,1448.1546878700494,1024.0,2896.309375740099,0.0,9954.599389227073,0.067,0.067,0.2995
2463720-B7,4,1,ok,2.0,207,3024,207,2000,18186.123845042897,16176.947167281174,3178.2460571831125,37847.617094450296,81.58431221748455,46092.159506796816,0.0005,0.004,0.007
2463720-B7,4,1,ok,4.0,207,3024,207,2000,38803.74180374882,37148.850268003254,10474.884897203156,71817.32695920617,2578.43363304158,86607.43838724247,0.0,0.0,0.0
2463720-B7,4,1,ok,8.0,207,3024,207,2000,141825.76597452737,138000.1012521321,104134.68883187986,183132.48706316523,88636.21363754208,197890.9113628011,0.0,0.0,0.0
2464404-B5,2,1,ok,1.0,207,2935,207,2000,1756.256647586082,1448.1546878700494,1024.0,2896.309375740099,0.0,6476.344648024841,0.0645,0.0645,0.29
2464404-B5,2,1,ok,2.0,207,2935,207,2000,9291.354181426246,6220.609271688848,2211.7144933286486,20607.300949263466,420.97980949209426,29797.465143867525,0.0,0.0055,0.0105
2464404-B5,2,1,ok,4.0,207,2935,207,2000,40705.94231899197,40798.30918283269,19876.964456375124,61157.46105903406,7555.640277302778,76506.68849845744,0.0,0.0,0.0
2464404-B5,2,1,ok,8.0,207,2935,207,2000,137065.70406355345,138085.48075785086,118145.76159078965,153674.35495725268,109093.87020360035,165164.87995939088,0.0,0.0,0.0
2464438-B5,1,1,ok,1.0,98,1244,98,1244,1767.5170797498813,1448.1546878700494,1024.0,2896.309375740099,0.0,4579.4672179195695,0.05466237942122187,0.05466237942122187,0.2821543408360129
2464438-B5,1,1,ok,2.0,98,1244,98,1244,15422.076941399417,6690.717151397151,2173.29243315298,33254.183870742425,656.1950929411161,38911.883274907166,0.0,0.0,0.03135048231511254
2464438-B5,1,1,ok,4.0,98,1244,98,1244,15212.757687363439,15145.257256543697,7004.45572475121,23441.661584850528,2424.9907216317342,28977.948029493047,0.0,0.0,0.0
2464438-B5,1,1,ok,8.0,98,1244,98,1244,37793.1422585981,39637.10192416781,15616.471566640263,58106.41231820427,5412.259047754459,69631.97426470113,0.0,0.0,0.0
2464443-B,4,1,ok,1.0,254,3687,254,2000,1738.0081219059884,1448.1546878700494,1024.0,2896.309375740099,0.0,5173.356453986135,0.059,0.059,0.29
2464443-B,4,1,ok,2.0,254,3687,254,2000,10499.575163291764,7258.888069119126,2296.9893338890365,24022.173111465778,22.627416997969522,36900.794137796,0.002,0.0065,0.0185
2464443-B,4,1,ok,4.0,254,3687,254,2000,57005.944287646205,56033.6218529879,24365.00591978112,89639.26768090737,12081.712502787012,102742.38011648357,0.0,0.0,0.0
2464443-B,4,1,ok,8.0,254,3687,254,2000,191350.44363662653,189958.40657662542,159464.4169736135,224166.174932794,147146.03717735657,238981.7771128167,0.0,0.0,0.0
2464548-B,0,1,ok,1.0,337,4999,337,2000,1742.4135225854177,1448.1546878700494,1024.0,2896.309375740099,0.0,5221.395981919011,0.0555,0.056,0.2805
2464548-B,0,1,ok,2.0,337,4999,337,2000,8461.039669234711,4401.238462069512,1744.0828535364942,22999.977065205956,304.4749579193665,33884.57821782647,0.0,0.0025,0.032
2464548-B,0,1,ok,4.0,337,4999,337,2000,61547.3149663128,61430.82558668006,33737.17852275074,90232.3849387929,11008.90003588006,104421.3828341686,0.0,0.0,0.0
2464548-B,0,1,ok,8.0,337,4999,337,2000,197064.5022570891,197614.97134905524,163012.73617795066,229764.6256511756,140604.66259694236,245580.05095080505,0.0,0.0,0.0
2464690-B2,3,1,ok,1.0,244,3451,244,2000,1736.8483095038591,1448.1546878700494,1024.0,2896.309375740099,0.0,5221.395981919011,0.057,0.057,0.288
2464690-B2,3,1,ok,2.0,244,3451,244,2000,10007.155214449707,7210.108459655791,2268.6736213038666,21897.555800866157,423.62247343595925,40072.951076755,0.0,0.0055,0.016
2464690-B2,3,1,ok,4.0,244,3451,244,2000,33530.88003794054,33562.924262954955,6947.909121011245,59685.67978511259,693.7903141439782,74952.85515575774,0.0,0.0,0.0025
2464690-B2,3,1,ok,8.0,244,3451,244,2000,126394.42081560388,130117.51762106849,90122.24893579457,161555.05132462096,58648.67060726952,177880.80791361388,0.0,0.0,0.0
2464812-B3,4,1,ok,1.0,254,3682,254,2000,1815.347598016847,2048.0,1024.0,2896.309375740099,0.0,8198.606954842999,0.058,0.058,0.2785
2464812-B3,4,1,ok,2.0,254,3682,254,2000,15422.447351818284,13201.871382497256,2397.303693735944,33309.520608977306,240.25195108468944,43701.41599536564,0.009,0.009,0.0145
2464812-B3,4,1,ok,4.0,254,3682,254,2000,83902.45767551253,88933.47742996742,53055.22489821337,111467.55845037184,21561.585099430886,119742.34312055197,0.0,0.0,0.0
2464812-B3,4,1,ok,8.0,254,3682,254,2000,242827.16553813862,247063.2178342903,214154.5252774017,269097.7179055171,176082.0254313313,276753.14747984346,0.0,0.0,0.0
2464817-B,3,1,ok,1.0,265,3919,265,2000,1777.5188061810732,1448.1546878700494,1024.0,2896.309375740099,0.0,14675.190663156645,0.0605,0.0605,0.2995
2464817-B,3,1,ok,2.0,265,3919,265,2000,14023.281199834197,10497.225585286127,2630.2093072605458,30811.349728750552,433.9043673437731,59130.71114065854,0.0,0.0045,0.0195
2464817-B,3,1,ok,4.0,265,3919,265,2000,59106.99198610422,58833.573776461824,40280.70951413152,77576.1873550125,25787.12122358756,96789.13040212728,0.0,0.0,0.0
2464817-B,3,1,ok,8.0,265,3919,265,2000,172450.75912715332,173365.43222359344,147111.236882148,196539.79366977443,129302.63615255491,213577.04886293376,0.0,0.0,0.0
2464879-B2,2,1,ok,1.0,268,3955,268,2000,1755.9742856756923,1448.1546878700494,1024.0,2896.309375740099,0.0,5332.526980709989,0.056,0.056,0.284
2464879-B2,2,1,ok,2.0,268,3955,268,2000,11148.441393852187,7264.297419571972,2232.0360660168553,26337.38046849687,513.2182771492068,37164.22758513891,0.0,0.0,0.0155
2464879-B2,2,1,ok,4.0,268,3955,268,2000,31580.852091078825,29641.92221841289,5770.414196572027,62291.44145880843,602.9610269329188,78718.18789199863,0.0,0.0,0.0035
2464879-B2,2,1,ok,8.0,268,3955,268,2000,115882.950266891,132315.89984182053,64630.45915598972,165684.50030858497,47822.30843445347,183021.23592905825,0.0,0.0,0.0
2464929-B,1,1,ok,1.0,291,4295,291,2000,1739.8163305985192,1448.1546878700494,1024.0,2896.309375740099,0.0,5221.395981919011,0.0625,0.063,0.296
2464929-B,1,1,ok,2.0,291,4295,291,2000,14705.668787705752,11969.194440265566,2651.502970015308,32312.580296442848,375.4943408361836,48031.723194155755,0.0,0.0035,0.0125
2464929-B,1,1,ok,4.0,291,4295,291,2000,70087.58988445494,79008.05325086505,29025.131696751243,111974.43219749337,14795.922140914368,126417.26784343981,0.0,0.0,0.0
2464929-B,1,1,ok,8.0,291,4295,291,2000,233089.18376798744,241058.580394517,192622.91517726993,274132.5925653341,171598.9795773856,285720.9390174266,0.0,0.0,0.0
2464943-B2,2,1,ok,1.0,323,4501,323,2000,1749.0094476428367,1448.1546878700494,1024.0,2896.309375740099,0.0,9275.271424599929,0.0585,0.0585,0.2965
2464943-B2,2,1,ok,2.0,323,4501,323,2000,6687.357750108181,4278.153339935351,1737.9355569180348,16239.218550896305,346.8083043988422,31767.054899691284,0.0,0.005,0.0365
2464943-B2,2,1,ok,4.0,323,4501,323,2000,33564.25298141227,30392.519233483858,7514.693160846938,63341.92132977769,299.866637023861,82912.02974237212,0.0,0.0005,0.0025
2464943-B2,2,1,ok,8.0,323,4501,323,2000,130194.65077330843,130570.8866178779,91576.85519989891,169255.3291349775,60590.19511439124,188810.4385355852,0.0,0.0,0.0
2465202-B3,4,1,ok,1.0,269,3876,269,2000,1821.0459221967494,2048.0,1024.0,2896.309375740099,0.0,8204.577380950223,0.0515,0.0515,0.267
2465202-B3,4,1,ok,2.0,269,3876,269,2000,6197.798051047651,4443.717475267752,1927.1550427798225,13601.754718574983,419.4484473686844,21852.551727429913,0.0,0.0075,0.0185
2465202-B3,4,1,ok,4.0,269,3876,269,2000,28366.81693055285,27572.919062446388,9634.567468518566,48484.586666985066,417.1390655404981,60170.384816785074,0.0,0.0005,0.0005
2465202-B3,4,1,ok,8.0,269,3876,269,2000,104939.70322442746,104951.69365208095,87432.93579621935,122664.9028004264,73776.88497761342,138992.78318315666,0.0,0.0,0.0
2465243-B2,0,1,ok,1.0,348,5204,348,2000,1726.3130913035511,1448.1546878700494,1024.0,2896.309375740099,0.0,6228.748831025377,0.0605,0.0605,0.281
2465243-B2,0,1,ok,2.0,348,5204,348,2000,5816.155117754609,3887.1856142973156,1796.5845373931058,13972.58721581618,81.58431221748455,28578.651612698595,0.0065,0.012,0.0355
2465243-B2,0,1,ok,4.0,348,5204,348,2000,26567.786500774975,26348.691019903243,6900.2449231893215,48099.9765565448,364.07142156450567,62689.645716019164,0.0,0.0015,0.0025
2465243-B2,0,1,ok,8.0,348,5204,348,2000,108116.4347745486,109058.46644754158,83920.18262519815,130830.14545395305,58296.999794157506,148087.7525793406,0.0,0.0,0.0
2465263-B2,1,1,ok,1.0,163,2322,163,2000,1778.8370244531445,1565.4476547970137,1024.0,2896.309375740099,0.0,5514.408762505732,0.056,0.056,0.2745
2465263-B2,1,1,ok,2.0,163,2322,163,2000,12964.14755125998,8231.151005129523,2240.9140992014845,30554.27257534974,202.3857702507763,39115.05101620091,0.006,0.006,0.0205
2465263-B2,1,1,ok,4.0,163,2322,163,2000,15708.431615430109,10894.506347095568,4885.126815140013,34325.22076002865,416.17304093369626,45948.701831499005,0.0,0.002,0.005
2465263-B2,1,1,ok,8.0,163,2322,163,2000,64524.66194159206,63885.01654292525,31490.414067697562,96614.48987721436,16225.34954939338,108437.87264604558,0.0,0.0,0.0
2465339-B2,2,1,ok,1.0,427,6254,427,2000,1719.1642046442637,1448.1546878700494,1024.0,2896.309375740099,0.0,5573.155120755208,0.06,0.06,0.2945
2465339-B2,2,1,ok,2.0,427,6254,427,2000,5475.719831899539,3891.0877656511425,1684.0961967773694,12848.927564548692,375.5156454796524,24302.783400260967,0.0,0.01,0.039
2465339-B2,2,1,ok,4.0,427,6254,427,2000,27232.13897614781,24995.881177928644,6109.253956094451,53512.508017747525,132.06059215375342,72684.49392408259,0.001,0.001,0.003
2465339-B2,2,1,ok,8.0,427,6254,427,2000,113718.36347686246,111775.53598744556,79268.01178344595,149955.20227601082,54041.08615673819,170147.66382469083,0.0,0.0,0.0
2465367-B3,3,1,ok,1.0,125,1600,125,1600,1859.761860129122,2048.0,1024.0,2896.309375740099,0.0,12427.726421192252,0.054375,0.054375,0.273125
2465367-B3,3,1,ok,2.0,125,1600,125,1600,8819.605422869707,4786.860796504134,1812.737156898374,23863.75961786494,260.49184248263896,35838.870420257386,0.0,0.000625,0.035
2465367-B3,3,1,ok,4.0,125,1600,125,1600,20929.744385193033,19976.064146247103,6159.143785981044,38246.23274087277,512.4304830901456,47375.40290066144,0.0,0.0,0.003125
2465367-B3,3,1,ok,8.0,125,1600,125,1600,77358.03016860546,79473.60921562031,46237.79108273007,101430.7048401235,21755.819543285423,110622.77812457975,0.0,0.0,0.0
2465396-B2,0,1,ok,1.0,165,2463,165,2000,2202.3936191934936,2048.0,1024.0,3072.0,0.0,30363.555012547527,0.0515,0.0515,0.253
2465396-B2,0,1,ok,2.0,165,2463,165,2000,10227.770802965284,7835.8952249952,2854.3748877819116,21111.574076794936,207.01932276963907,47242.062878329096,0.002,0.002,0.0165
2465396-B2,0,1,ok,4.0,165,2463,165,2000,49067.24487084877,50435.094633686815,20820.11279490333,76433.20744283861,6583.928310666816,86007.57399206188,0.0,0.0,0.0
2465396-B2,0,1,ok,8.0,165,2463,165,2000,162461.28136490332,165884.38419680152,131209.36079792478,192898.74262985174,92140.59965617763,202276.0790602784,0.0,0.0,0.0
2465397-B,0,1,ok,1.0,157,2289,157,2000,1771.787031037313,1448.1546878700494,1024.0,2896.309375740099,0.0,5051.1949081380735,0.0605,0.061,0.2825
2465397-B,0,1,ok,2.0,157,2289,157,2000,8815.515889931929,6581.1561294350095,2252.6342357338,19134.829891311572,383.24013359772226,26641.08105914623,0.0,0.0045,0.012
2465397-B,0,1,ok,4.0,157,2289,157,2000,37333.62248502801,38330.57969897616,21153.986173473822,52050.377135281764,7114.982501735334,61752.66997466587,0.0,0.0,0.0
2465397-B,0,1,ok,8.0,157,2289,157,2000,109346.7802607573,109993.07554257588,93283.14999813745,123693.68885408825,83000.57638354086,130941.37436272769,0.0,0.0,0.0
2465568-B2,0,1,ok,1.0,188,2648,188,2000,1789.8187514154486,1448.1546878700494,1024.0,2896.309375740099,0.0,9106.792300255893,0.0595,0.06,0.2975
2465568-B2,0,1,ok,2.0,188,2648,188,2000,14363.277877087645,13221.577515561446,2711.544181454144,29638.533027125348,395.8181400592954,37229.38559793863,0.0,0.0045,0.015
2465568-B2,0,1,ok,4.0,188,2648,188,2000,17921.17411120224,17834.805125193943,4607.293348594161,33063.08646363627,406.8414924758781,45511.79576769082,0.0,0.0015,0.0025
2465568-B2,0,1,ok,8.0,188,2648,188,2000,53844.81794234388,57886.08719292579,16498.395594632188,86460.88358659986,1896.5610984094344,101490.728010001,0.0,0.0,0.0
2465608-B2,0,1,ok,1.0,259,3741,259,2000,1914.2780501199675,2048.0,1024.0,3072.0,0.0,8422.744505207314,0.0545,0.0555,0.263
2465608-B2,0,1,ok,2.0,259,3741,259,2000,9274.860099991896,7368.097503457157,2510.686103215898,19005.820826801206,194.0,43750.34044438969,0.0055,0.008,0.0155
2465608-B2,0,1,ok,4.0,259,3741,259,2000,37904.19397895172,37534.99687709517,18810.512201492333,57287.37483495869,3403.115190527644,70554.72633353488,0.0,0.0,0.0
2465608-B2,0,1,ok,8.0,259,3741,259,2000,122781.10250516915,122572.06471800106,95172.302939655,151594.8373929247,67942.0544361149,167430.25141234184,0.0,0.0,0.0
2465625-B,4,1,ok,1.0,172,2395,172,2000,2120.1697929422076,2048.0,1024.0,3072.0,0.0,19435.752828228702,0.053,0.054,0.268
2465625-B,4,1,ok,2.0,172,2395,172,2000,15877.306850317676,13995.815696128611,2945.7129866977875,32467.04841587169,293.027302482209,60424.754960198225,0.0,0.0045,0.01
2465625-B,4,1,ok,4.0,172,2395,172,2000,52776.69775327285,53388.54424783736,34497.97990747848,70574.57463622213,11733.66319612081,83473.3161675035,0.0,0.0,0.0
2465625-B,4,1,ok,8.0,172,2395,172,2000,154757.11167697728,156092.8465092713,129939.52399607685,176362.56979657046,100734.86183045074,191168.8698324076,0.0,0.0,0.0
2465636-B,1,1,ok,1.0,230,3335,230,2000,1749.0675097112053,1448.1546878700494,1024.0,2896.309375740099,0.0,5792.618751480198,0.053,0.053,0.2875
2465636-B,1,1,ok,2.0,230,3335,230,2000,13877.238277712751,11371.297767102213,2913.9773506326364,29473.790528693862,192.66551326067673,51719.88306251282,0.0035,0.004,0.0105
2465636-B,1,1,ok,4.0,230,3335,230,2000,32443.46126655426,33755.81342546725,7148.864008071354,59670.79263731766,144.88616221019868,73253.62844255567,0.001,0.001,0.0025
2465636-B,1,1,ok,8.0,230,3335,230,2000,112008.81161967143,106768.35226213145,69462.35430127163,153790.2909586834,44189.57288772998,167988.9192536222,0.0,0.0,0.0
2465639-B2,3,1,ok,1.0,137,1782,137,1782,1801.9058008439463,2048.0,1024.0,2896.309375740099,0.0,4579.4672179195695,0.057800224466891134,0.057800224466891134,0.2772166105499439
2465639-B2,3,1,ok,2.0,137,1782,137,1782,13009.614050535609,12345.323795272523,3499.416154378036,23047.240898021246,194.91793144808406,53083.60326880609,0.0005611672278338945,0.0005611672278338945,0.008978675645342313
2465639-B2,3,1,ok,4.0,137,1782,137,1782,55104.62524715755,57574.20180075778,29711.202225770598,75424.6579375737,9170.305392951752,85078.17271780112,0.0,0.0,0.0
2465639-B2,3,1,ok,8.0,137,1782,137,1782,164605.53966990177,171714.71343109946,133530.46222365444,190889.46348889658,102958.51598095224,201046.00458850208,0.0,0.0,0.0
2465643-B3,2,1,ok,1.0,251,3735,251,2000,1731.2394140537938,1448.1546878700494,1024.0,2896.309375740099,0.0,5514.408762505732,0.0545,0.0545,0.2895
2465643-B3,2,1,ok,2.0,251,3735,251,2000,11922.593732307425,8984.994713409686,2578.390389370857,25754.90760358652,508.26862976186123,55728.86186707925,0.0,0.004,0.0115
2465643-B3,2,1,ok,4.0,251,3735,251,2000,38591.67630650808,37819.58061447527,8585.981450491017,70409.44619362756,615.9691550719078,81811.28123309156,0.0,0.0,0.0025
2465643-B3,2,1,ok,8.0,251,3735,251,2000,147579.86088516784,147156.23716926225,115049.57236285621,181637.3056248483,86773.14235407175,193238.60173629905,0.0,0.0,0.0
2465661-B2,4,1,ok,1.0,189,2618,189,2000,1781.8379811569528,1448.1546878700494,1024.0,2896.309375740099,0.0,6476.344648024841,0.055,0.055,0.2845
2465661-B2,4,1,ok,2.0,189,2618,189,2000,10227.429826262041,7689.594007488302,2588.6397972680556,23295.12777385005,279.5460606054036,34600.09991315054,0.0,0.0005,0.0205
2465661-B2,4,1,ok,4.0,189,2618,189,2000,17369.34274656058,15809.125440534397,5563.567380736931,32792.24103351279,515.8003489723519,41234.48032896741,0.0,0.0,0.0035
2465661-B2,4,1,ok,8.0,189,2618,189,2000,45326.24533632959,58920.19488142767,9482.749003397144,80391.76451010205,1017.3858658345908,89419.24625045774,0.0,0.0,0.0005
2465795-B4,3,1,ok,1.0,293,4156,293,2000,1886.8710764660825,1448.1546878700494,1024.0,2896.309375740099,0.0,13479.885199807897,0.0575,0.0575,0.288
2465795-B4,3,1,ok,2.0,293,4156,293,2000,9478.118564862913,6750.271919368428,2141.4520774465163,20695.91186683979,290.36700914532287,35177.93514406438,0.0,0.0085,0.018
2465795-B4,3,1,ok,4.0,293,4156,293,2000,43313.26553700711,42271.52385397002,18009.531415981015,70428.90077416837,680.864891149485,85950.41547310867,0.0,0.0,0.001
2465795-B4,3,1,ok,8.0,293,4156,293,2000,147595.6859096525,147541.55326610117,104217.79623030074,187412.95641443928,78352.26930344774,203009.4779265244,0.0,0.0,0.0
2465827-B5,2,1,ok,1.0,211,3054,211,2000,1772.8300818851963,1448.1546878700494,1024.0,2896.309375740099,0.0,16463.4713229015,0.057,0.057,0.2875
2465827-B5,2,1,ok,2.0,211,3054,211,2000,14501.753848421089,10955.318439651022,2561.7993676320557,33509.36416859719,520.9222590751906,45099.581195394705,0.0,0.0,0.012
2465827-B5,2,1,ok,4.0,211,3054,211,2000,20175.704646729104,17684.93808191135,5822.7031523168,38946.482050097926,467.2986197283275,50530.18867963982,0.0,0.001,0.0065
2465827-B5,2,1,ok,8.0,211,3054,211,2000,86255.83852341557,85933.99140842143,64527.77936743211,108814.57287075336,40425.723493834965,121868.33971134586,0.0,0.0,0.0
2465843-B2,4,1,ok,1.0,269,3656,269,2000,1828.0539219780956,1448.1546878700494,1024.0,2896.309375740099,0.0,15177.286483426476,0.0595,0.0595,0.288
2465843-B2,4,1,ok,2.0,269,3656,269,2000,13859.318513977682,10119.21459402853,2611.745967738823,32008.996930530822,541.6788716573686,51669.85121906197,0.0,0.0,0.0185
2465843-B2,4,1,ok,4.0,269,3656,269,2000,32381.596863062667,33315.34689332041,6594.059960281325,58990.18647098217,483.50801441134354,72251.67818812239,0.0,0.001,0.0035
2465843-B2,4,1,ok,8.0,269,3656,269,2000,107829.48682152778,110022.0346460207,62895.46245011754,149411.89769087316,33104.12447112897,161451.95877721644,0.0,0.0,0.0
2465989-B2,1,1,ok,1.0,205,2922,205,2000,1735.0275115106956,1448.1546878700494,1024.0,2289.7336089597848,0.0,10911.021217099707,0.0575,0.0575,0.2925
2465989-B2,1,1,ok,2.0,205,2922,205,2000,10377.260571489083,8402.69393864253,2389.2023773636256,21766.92830878992,340.3762623920769,31248.669987697078,0.0,0.005,0.0145
2465989-B2,1,1,ok,4.0,205,2922,205,2000,27566.233994896254,18113.212519336805,4536.789651195204,61331.0575809679,420.76121494263225,71532.8382213372,0.0,0.002,0.006
2465989-B2,1,1,ok,8.0,205,2922,205,2000,114750.79329283551,114137.3693888689,70788.32964471029,158112.39020226194,45082.933001303274,168743.61446881478,0.0,0.0,0.0
2466152-B2,3,1,ok,1.0,155,2250,155,2000,1759.059426244035,1448.1546878700494,1024.0,2896.309375740099,0.0,6258.434308994542,0.0605,0.061,0.2825
2466152-B2,3,1,ok,2.0,155,2250,155,2000,11524.81976285592,6378.943811544524,2258.466957916365,27386.627607985178,560.8003209699509,35621.61189502799,0.0,0.0,0.029
2466152-B2,3,1,ok,4.0,155,2250,155,2000,14433.879119786312,13618.915845213192,5005.2004448641055,25052.90060428288,295.85469406450187,34768.106448295395,0.0,0.001,0.0025
2466152-B2,3,1,ok,8.0,155,2250,155,2000,42819.63872868359,43428.452419792666,21457.583450149734,62501.99908454066,10021.092255837186,80384.97561733784,0.0,0.0,0.0
2466159-B2,2,1,ok,1.0,234,3385,234,2000,1729.8271763013092,1448.1546878700494,1024.0,2896.309375740099,0.0,5514.408762505732,0.056,0.056,0.283
2466159-B2,2,1,ok,2.0,234,3385,234,2000,12219.992975250952,8820.507071591746,2529.7731443131756,28679.769106462485,452.40800169758273,38916.35671539668,0.0,0.0045,0.0115
2466159-B2,2,1,ok,4.0,234,3385,234,2000,19284.169201426153,17349.255835639633,5440.001470588037,36752.259590397975,429.34368517540815,53558.10161870938,0.0,0.0015,0.004
2466159-B2,2,1,ok,8.0,234,3385,234,2000,79444.80290722531,82044.47081976046,48432.69827156066,104483.6700870843,32177.345571069098,124530.98654150299,0.0,0.0,0.0
2466264-B2,0,1,ok,1.0,188,2653,188,2000,1763.2276890202022,1448.1546878700494,1024.0,2896.309375740099,0.0,8239.168950810512,0.054,0.054,0.2815
2466264-B2,0,1,ok,2.0,188,2653,188,2000,17965.32250590098,16061.987965580596,3273.026886537903,36425.31523733311,319.4010018769509,66630.3898607835,0.0,0.003,0.0085
2466264-B2,0,1,ok,4.0,188,2653,188,2000,16650.134670254767,13089.562226243886,4303.947408294839,33293.56082235251,346.2441335243097,43085.91316196049,0.0,0.002,0.0045
2466264-B2,0,1,ok,8.0,188,2653,188,2000,49276.54228506044,55395.45913033992,11514.695195704626,85589.03333650305,425.1176307799995,103241.22301193453,0.0,0.0005,0.001
2466285-B,2,1,ok,1.0,154,2263,154,2000,1818.4524650336343,2048.0,1024.0,2896.309375740099,0.0,7141.957294747708,0.055,0.055,0.275
2466285-B,2,1,ok,2.0,154,2263,154,2000,8630.539374268505,5892.357363669659,2126.73952330792,19401.687684322722,115.43396380615195,25836.09159683407,0.0025,0.0035,0.03
2466285-B,2,1,ok,4.0,154,2263,154,2000,34158.39336798811,32765.785359346413,21089.019261689915,49695.19034788683,8386.695237100248,63252.72178333514,0.0,0.0,0.0
2466285-B,2,1,ok,8.0,154,2263,154,2000,92111.2389368582,94959.41696591774,62260.43008309117,121972.5337601126,48815.16433445656,136360.86906807247,0.0,0.0,0.0
2466580-B5,1,1,ok,1.0,102,1408,102,1408,1974.7957593656365,2048.0,1024.0,3238.1723240124206,0.0,7603.646296350193,0.04971590909090909,0.05113636363636364,0.25142045454545453
2466580-B5,1,1,ok,2.0,102,1408,102,1408,14271.612182992765,7794.38140558442,2481.4524892600216,31926.843975318854,500.4338118073158,39733.79710020174,0.0,0.004971590909090909,0.02130681818181818
2466580-B5,1,1,ok,4.0,102,1408,102,1408,17900.18859514208,18093.70233830162,7460.957022442272,28303.880727816242,471.4764044997374,33632.397030244516,0.0,0.0007102272727272727,0.0014204545454545455
2466580-B5,1,1,ok,8.0,102,1408,102,1408,51187.90126429494,50653.21653431467,33693.39567277514,71317.21584234867,19541.880487813858,82231.96635129188,0.0,0.0,0.0
2466581-B1,1,1,ok,1.0,300,4444,300,2000,1685.6774578438433,1448.1546878700494,1024.0,2289.7336089597848,0.0,4579.4672179195695,0.0585,0.0585,0.29
2466581-B1,1,1,ok,2.0,300,4444,300,2000,5667.528440561885,4108.03529682986,1887.0749475750065,13315.46962550266,327.00152904841286,19926.172186348285,0.0,0.012,0.0325
2466581-B1,1,1,ok,4.0,300,4444,300,2000,16954.486182073466,10122.184744411654,4109.834711568313,40543.15417866951,449.695452500912,56046.98600281731,0.0,0.001,0.0025
2466581-B1,1,1,ok,8.0,300,4444,300,2000,77341.18372522881,77871.31367599641,39609.33180837146,116079.69138241124,22950.037952038336,132699.74914821805,0.0,0.0,0.0
2466581-B2,2,1,ok,1.0,175,2334,175,2000,1733.5173451383237,1448.1546878700494,1024.0,2896.309375740099,0.0,4222.060160632484,0.056,0.0565,0.2805
2466581-B2,2,1,ok,2.0,175,2334,175,2000,8363.92303954327,6103.441842401147,2241.5068592355456,17796.57351456762,93.81364506296512,28113.524236566285,0.0065,0.007,0.018
2466581-B2,2,1,ok,4.0,175,2334,175,2000,38931.49726594761,38484.792389594324,21419.858487408892,56437.174578155216,12271.410839834187,69667.18579790632,0.0,0.0,0.0
2466581-B2,2,1,ok,8.0,175,2334,175,2000,121430.42813738486,123544.13710156572,93174.3194229944,143493.01483709572,77984.61800252662,159727.92472514004,0.0,0.0,0.0
2466584-B,2,1,ok,1.0,206,2916,206,2000,1762.9817794099129,1448.1546878700494,1024.0,2896.309375740099,0.0,8808.78107345165,0.0595,0.0595,0.291
2466584-B,2,1,ok,2.0,206,2916,206,2000,6356.660970577127,4334.5746042720275,1936.2644447492187,13641.693479916634,367.90351996141595,19539.247708138613,0.0,0.0075,0.0255
2466584-B,2,1,ok,4.0,206,2916,206,2000,16873.363596402505,16485.325345155397,3780.218243892661,33421.84004509626,378.72681447185647,40310.74496954875,0.0,0.003,0.0065
2466584-B,2,1,ok,8.0,206,2916,206,2000,52210.933770694195,64260.91813847667,19809.710427883045,81419.64493983479,12209.910441931996,88242.29190133266,0.0,0.0,0.0
2466703-B4,2,1,ok,1.0,73,992,73,992,1890.6799744613588,2048.0,1024.0,3072.0,0.0,5514.408762505732,0.05342741935483871,0.05342741935483871,0.26411290322580644
2466703-B4,2,1,ok,2.0,73,992,73,992,19642.916342817378,19022.008306169988,4481.396436763036,35838.331272220625,419.980951949014,43425.69782974132,0.0,0.0030241935483870967,0.007056451612903226
2466703-B4,2,1,ok,4.0,73,992,73,992,53140.64860498307,53743.07466093857,36591.18109217626,68662.8083599642,27539.044573114734,77494.76575872721,0.0,0.0,0.0
2466703-B4,2,1,ok,8.0,73,992,73,992,152441.1904377696,152485.17370189924,131118.28242589036,173499.35690932398,120842.15423435648,182736.19612983082,0.0,0.0,0.0
2466718-B,2,1,ok,1.0,317,4685,317,2000,1717.5829223877583,1448.1546878700494,1024.0,2896.309375740099,0.0,6144.0,0.0635,0.0635,0.286
2466718-B,2,1,ok,2.0,317,4685,317,2000,8343.855184705095,4690.6477164673115,1945.0367605780616,21369.785031647763,147.5127113166862,36321.029955110025,0.002,0.002,0.031
2466718-B,2,1,ok,4.0,317,4685,317,2000,57026.06207668252,57120.151873151306,30290.501479288265,83836.3201985195,10139.93609447318,95449.85398103028,0.0,0.0,0.0
2466718-B,2,1,ok,8.0,317,4685,317,2000,185136.99331414932,186012.14721599492,159059.63934167402,210097.39478538127,132458.70511219715,222474.3501619906,0.0,0.0,0.0
2466866-B,1,1,ok,1.0,206,2678,206,2000,1904.6250867097424,2048.0,1024.0,3072.0,0.0,8441.306356246052,0.0515,0.0535,0.2635
2466866-B,1,1,ok,2.0,206,2678,206,2000,15719.613072023241,14067.842055833362,3739.611623017479,29778.48260908356,339.8146553637733,47307.72807903588,0.0,0.001,0.0065
2466866-B,1,1,ok,4.0,206,2678,206,2000,51293.951079187456,34832.112705871914,12178.146651595544,96530.62790144587,597.8444613777065,106678.94142706892,0.0,0.0,0.0015
2466866-B,1,1,ok,8.0,206,2678,206,2000,181379.6504124545,163490.45773157445,139113.59569482543,230479.01689414712,117632.56997957666,241421.96460140074,0.0,0.0,0.0
2466881-B2,3,1,ok,1.0,212,2895,212,2000,1788.7999429442907,1448.1546878700494,1024.0,2896.309375740099,0.0,6422.128307656271,0.06,0.061,0.2805
2466881-B2,3,1,ok,2.0,212,2895,212,2000,11850.595586753618,8889.094926340238,2461.2047862784602,27139.432908583178,341.0,38980.53905476424,0.0,0.006,0.0115
2466881-B2,3,1,ok,4.0,212,2895,212,2000,26148.086497366414,21495.25784483352,5367.582044086518,54714.43246530114,149.0,70787.94202404814,0.001,0.001,0.003
2466881-B2,3,1,ok,8.0,212,2895,212,2000,115236.19743824856,115092.02659742751,93674.45102100966,136921.9012602304,83558.39075161752,151061.56117292048,0.0,0.0,0.0
2466884-B2,1,1,ok,1.0,136,1821,136,1821,1734.740943527341,1448.1546878700494,1024.0,2896.309375740099,0.0,4579.4672179195695,0.05875892366831411,0.05875892366831411,0.29214717188358047
2466884-B2,1,1,ok,2.0,136,1821,136,1821,11134.711199237308,9844.201592815945,2871.5431391500983,22552.78220087269,294.15642097360376,34146.57934552157,0.0,0.003844041735310269,0.013179571663920923
2466884-B2,1,1,ok,4.0,136,1821,136,1821,23365.808549176825,22209.210341657807,4872.487762939995,44740.26303007169,392.8371163726768,53428.23822661571,0.0,0.0016474464579901153,0.004942339373970346
2466884-B2,1,1,ok,8.0,136,1821,136,1821,80376.26081399577,68399.02561440477,43960.7805321971,116725.52803907121,32301.461282734563,122963.75687168963,0.0,0.0,0.0
2466891-B2,4,1,ok,1.0,435,6508,435,2000,1722.119126320722,1448.1546878700494,1024.0,2289.7336089597848,0.0,6144.0,0.056,0.056,0.2915
2466891-B2,4,1,ok,2.0,435,6508,435,2000,7224.761980980979,4156.021655381502,1923.1151811579045,19096.35935248325,292.7456233660889,37013.26032653703,0.0,0.011,0.0315
2466891-B2,4,1,ok,4.0,435,6508,435,2000,39605.99652885324,38561.42488708189,6016.367342508268,82262.31258742163,256.632032295269,99842.89482982752,0.0,0.0005,0.0025
2466891-B2,4,1,ok,8.0,435,6508,435,2000,156701.7733166885,159278.2904390645,107324.87033107298,205948.4221622303,77007.41772712549,227053.47500533878,0.0,0.0,0.0
2466893-B2,2,1,ok,1.0,192,2822,192,2000,1753.0114627594878,1448.1546878700494,1024.0,2896.309375740099,0.0,5221.395981919011,0.057,0.057,0.287
2466893-B2,2,1,ok,2.0,192,2822,192,2000,8611.437610023975,5404.701749403014,2157.610020369761,19692.64424954038,406.5870140572618,44687.47735104321,0.0,0.0065,0.018
2466893-B2,2,1,ok,4.0,192,2822,192,2000,17247.252686712443,14129.477871250176,4711.942184639222,35130.07956579682,408.6967090643134,47298.99797035874,0.0,0.002,0.003
2466893-B2,2,1,ok,8.0,192,2822,192,2000,65346.67461102831,61124.84613013419,34246.36207023689,97169.49135610007,12277.328903307918,112303.10749485074,0.0,0.0,0.0
2466898-B2,2,1,ok,1.0,276,4081,276,2000,1729.3975167639437,1448.1546878700494,1024.0,2896.309375740099,0.0,4579.4672179195695,0.058,0.058,0.2885
2466898-B2,2,1,ok,2.0,276,4081,276,2000,24422.95027726718,27452.725806171155,2054.489717667139,55035.72541540631,289.0830330545188,63730.28366483237,0.0,0.0075,0.0265
2466898-B2,2,1,ok,4.0,276,4081,276,2000,137209.85972295233,154233.70308001342,92103.77394747263,181488.00070528078,74567.77760534371,189758.67385708616,0.0,0.0,0.0
2466898-B2,2,1,ok,8.0,276,4081,276,2000,389981.56854993437,406794.9306272142,344947.21042885486,434342.78646553244,327788.8050574638,442544.46075394505,0.0,0.0,0.0
2466899-B2,1,1,ok,1.0,218,2867,218,2000,1866.9483075556168,2048.0,1024.0,3072.0,0.0,8287.18052174562,0.0555,0.056,0.272
2466899-B2,1,1,ok,2.0,218,2867,218,2000,8867.500926055896,4858.79007572873,2098.229348705808,21431.75420789762,294.7032405658275,44405.304187675596,0.0,0.009,0.0205
2466899-B2,1,1,ok,4.0,218,2867,218,2000,18927.498012279055,18085.114430721424,5278.541743413087,33963.037635018416,276.739950133695,48416.46307817208,0.0,0.001,0.0035
2466899-B2,1,1,ok,8.0,218,2867,218,2000,60003.646161134755,58760.37324993491,25704.87899101779,98035.24381364876,11398.313734934654,113854.21956607493,0.0,0.0,0.0
2466923-B2,0,1,ok,1.0,115,1560,115,1560,1743.8397297463216,1448.1546878700494,1024.0,2896.309375740099,0.0,4579.4672179195695,0.05705128205128205,0.05705128205128205,0.2878205128205128
2466923-B2,0,1,ok,2.0,115,1560,115,1560,16896.099278385613,15580.29246354328,3032.951419598002,35068.90569007773,679.8830781833005,43665.98201117204,0.0,0.0,0.01217948717948718
2466923-B2,0,1,ok,4.0,115,1560,115,1560,17228.811112046267,16949.747082409733,6078.435657908548,29989.844231185954,326.7919827657955,35801.64612137269,0.0,0.000641025641025641,0.0019230769230769232
2466923-B2,0,1,ok,8.0,115,1560,115,1560,46227.73446765821,48422.63515746262,24701.87031256432,62993.5207167548,14350.495496671883,80406.15588995659,0.0,0.0,0.0
2468105-B2,3,1,ok,1.0,299,4143,299,2000,1739.166428989409,1448.1546878700494,1024.0,2896.309375740099,0.0,6476.344648024841,0.0635,0.0635,0.2835
2468105-B2,3,1,ok,2.0,299,4143,299,2000,9120.675084821723,5108.2165799002505,2120.709315299954,22107.485041086515,202.3857702507763,30756.04551953973,0.004,0.0065,0.021
2468105-B2,3,1,ok,4.0,299,4143,299,2000,17527.761000988794,8925.648435828067,4060.2714574076904,41510.87473130775,409.7999511957023,54795.73706046849,0.0,0.001,0.0055
2468105-B2,3,1,ok,8.0,299,4143,299,2000,60434.47089819916,50647.29544978002,15515.036875277561,108662.04119691365,1558.501844721398,120087.91233092529,0.0,0.0,0.0
2468321-B2,3,1,ok,1.0,141,1885,141,1885,1800.600560848852,2048.0,1024.0,2896.309375740099,0.0,6869.200826879354,0.052519893899204244,0.052519893899204244,0.2710875331564987
2468321-B2,3,1,ok,2.0,141,1885,141,1885,20941.15875607008,21726.428353505322,7914.124279189987,31975.268552706555,439.11843504913344,41035.894750815416,0.0,0.0005305039787798408,0.0015915119363395225
2468321-B2,3,1,ok,4.0,141,1885,141,1885,85216.99285548848,85919.90317150038,72554.83165038281,96493.32033817135,61810.572048800845,104883.12357095398,0.0,0.0,0.0
2468321-B2,3,1,ok,8.0,141,1885,141,1885,212293.5371899567,213275.78027052205,198503.03358437622,224834.96013025925,186885.03345640068,231180.07272470524,0.0,0.0,0.0
2468325-B,4,1,ok,1.0,167,2302,167,2000,1730.8122045317552,1448.1546878700494,1024.0,2896.309375740099,0.0,4579.4672179195695,0.0565,0.0565,0.2925
2468325-B,4,1,ok,2.0,167,2302,167,2000,15162.79136575017,12221.161974215054,2296.9336080958024,32895.08913196619,600.5863801319507,37336.6296416803,0.0,0.0,0.026
2468325-B,4,1,ok,4.0,167,2302,167,2000,23254.41276155951,21945.841339915765,5462.9766890194705,44105.71315470942,365.20679073642646,56911.820072810886,0.0,0.0015,0.002
2468325-B,4,1,ok,8.0,167,2302,167,2000,89214.57467877133,89376.76876959781,61969.26179665153,117271.40086637255,37601.487324306734,130833.45578253294,0.0,0.0,0.0
2468417-B2,2,1,ok,1.0,184,2528,184,2000,1814.9841629522477,2048.0,1024.0,2896.309375740099,0.0,6476.344648024841,0.054,0.054,0.2655
2468417-B2,2,1,ok,2.0,184,2528,184,2000,8616.081396358726,6382.415843550152,2312.0968837832033,18274.32571296633,264.8471257159496,26099.70515159127,0.0,0.005,0.0155
2468417-B2,2,1,ok,4.0,184,2528,184,2000,24705.373608491653,22975.73536228925,5700.36464930179,47651.27773443655,338.16120416156554,57119.06329764171,0.0,0.0005,0.003
2468417-B2,2,1,ok,8.0,184,2528,184,2000,86457.31106124097,89196.30715765335,52480.29629196672,119304.71934391625,26351.26566220302,128610.75289414957,0.0,0.0,0.0
2468419-B2,2,1,ok,1.0,316,4617,316,2000,1696.1555860660599,1448.1546878700494,1024.0,2289.7336089597848,0.0,5221.395981919011,0.058,0.058,0.3045
2468419-B2,2,1,ok,2.0,316,4617,316,2000,3929.296615319137,3576.062639272416,1538.8307249337076,6503.831432121633,193.68531178176625,26499.44008842451,0.0065,0.0065,0.048
2468419-B2,2,1,ok,4.0,316,4617,316,2000,9531.612358308726,7481.9469391328885,3407.7370790599443,21102.83461980072,372.5077180408481,38634.54371414266,0.0,0.0025,0.0085
2468419-B2,2,1,ok,8.0,316,4617,316,2000,36213.318495497195,28496.945230387937,9594.670681590138,72584.91811376826,591.1429607125505,88186.33653803746,0.0,0.0,0.001
2468419-B3,2,1,ok,1.0,249,3633,249,2000,1828.7990395124955,1448.1546878700494,1024.0,2896.309375740099,0.0,11671.000385571067,0.0575,0.0575,0.281
2468419-B3,2,1,ok,2.0,249,3633,249,2000,8710.35278251426,5363.200536992813,2152.9611199108845,19414.990644520833,243.21184181696418,43428.022704240175,0.001,0.002,0.0295
2468419-B3,2,1,ok,4.0,249,3633,249,2000,21111.132323381662,15210.687917884607,4460.789167849115,50133.159261725676,272.02941017470886,63836.1181777213,0.0,0.0025,0.003
2468419-B3,2,1,ok,8.0,249,3633,249,2000,99340.26834991336,100736.71652477502,62608.86419878889,137399.078470199,37662.63193139853,150880.33934214225,0.0,0.0,0.0
2468442-B2,2,1,ok,1.0,396,5816,396,2000,1820.1006201046587,1448.1546878700494,1024.0,2896.309375740099,0.0,10185.719071327267,0.05,0.05,0.2725
2468442-B2,2,1,ok,2.0,396,5816,396,2000,9253.281194975916,5298.446659163419,2068.2903567922954,23847.721442064405,289.0,36357.00368567245,0.0,0.007,0.016
2468442-B2,2,1,ok,4.0,396,5816,396,2000,12234.970933599974,8363.71095865944,3701.802398832223,26973.6650090773,157.0,50710.76328551958,0.001,0.001,0.007
2468442-B2,2,1,ok,8.0,396,5816,396,2000,54856.56952313583,53674.948057729875,19131.832358768155,91423.56937536492,2854.2354492928575,118781.39915407631,0.0,0.0,0.0
2468450-B2,2,1,ok,1.0,183,2583,183,2000,1784.8751514651706,1448.1546878700494,1024.0,2896.309375740099,0.0,5120.0,0.059,0.059,0.2805
2468450-B2,2,1,ok,2.0,183,2583,183,2000,19061.993992768137,16940.174094394955,2667.5411899350306,39170.34122787073,656.5851049178622,54441.86918172446,0.0,0.0,0.0195
2468450-B2,2,1,ok,4.0,183,2583,183,2000,29552.929046184665,28349.63985661899,8254.841003920063,51870.61810989069,573.6061366477873,61556.797317599296,0.0,0.0,0.0015
2468450-B2,2,1,ok,8.0,183,2583,183,2000,98331.94559640883,99879.65423872313,63781.27655782466,132943.88209566282,41622.13949330332,145669.69760385994,0.0,0.0,0.0
2468673-B2,0,1,ok,1.0,158,2236,158,2000,2044.4841136637046,2048.0,1024.0,3072.0,0.0,27297.070923452575,0.0545,0.0545,0.271
2468673-B2,0,1,ok,2.0,158,2236,158,2000,13123.487104947968,12155.415529750784,3466.3596607711133,23417.494939561777,304.2367499169027,46901.53451647398,0.0,0.0015,0.006
2468673-B2,0,1,ok,4.0,158,2236,158,2000,40646.74876019994,43566.30153065592,11947.989286888707,66223.61734339135,3150.2764958015987,76415.91522713054,0.0,0.0,0.0
2468673-B2,0,1,ok,8.0,158,2236,158,2000,126219.41711076962,118444.0559398406,91915.58994590366,160619.26413049139,48736.28996959042,173251.95785329526,0.0,0.0,0.0
2468698-B2,1,1,ok,1.0,276,3932,276,2000,1751.1302985067407,1448.1546878700494,1024.0,2896.309375740099,0.0,4579.4672179195695,0.0575,0.0575,0.283
2468698-B2,1,1,ok,2.0,276,3932,276,2000,9672.817718633272,5283.804689804498,2040.23552561953,24150.318504290524,512.2499389946279,34513.98788897046,0.0,0.0,0.032
2468698-B2,1,1,ok,4.0,276,3932,276,2000,59982.06153110621,64138.45520927411,24460.338981170506,91949.70841340214,2353.2379820154188,103070.61532755104,0.0,0.0,0.0
2468698-B2,1,1,ok,8.0,276,3932,276,2000,191721.05576760956,200141.73249876418,153808.19049703644,228065.93617298183,135744.42786722406,238373.35099377195,0.0,0.0,0.0
2468720-B2,2,1,ok,1.0,244,3495,244,2000,1765.5359539917906,1448.1546878700494,1024.0,2896.309375740099,0.0,8771.187490870321,0.059,0.059,0.279
2468720-B2,2,1,ok,2.0,244,3495,244,2000,4372.676568280061,3638.5139823834675,1609.0941551071521,8828.129053483795,467.5745929795587,17237.859785947905,0.0,0.002,0.042
2468720-B2,2,1,ok,4.0,244,3495,244,2000,10960.999959235158,8590.398477369952,3662.887384549171,22082.905225266477,433.33358974351387,38767.36937167648,0.0,0.002,0.0085
2468720-B2,2,1,ok,8.0,244,3495,244,2000,46755.45308167855,45057.00567059467,19977.84233582887,75094.80933100848,5812.068134493951,91494.44398432071,0.0,0.0,0.0
2468796-B3,0,1,ok,1.0,295,4342,295,2000,1723.9779347386482,1448.1546878700494,1024.0,2289.7336089597848,0.0,9272.714381452715,0.0595,0.06,0.303
2468796-B3,0,1,ok,2.0,295,4342,295,2000,8551.565075548828,4862.980978782459,2018.3656754909405,21024.314914213923,202.74368054269902,36800.550879028975,0.001,0.0065,0.0365
2468796-B3,0,1,ok,4.0,295,4342,295,2000,57514.17709219797,58171.6581410775,20445.823508817695,93579.17035735946,205.10485123467947,110401.65263708691,0.0005,0.0005,0.0005
2468796-B3,0,1,ok,8.0,295,4342,295,2000,202739.022362512,203218.28483545597,165013.78676973382,240250.50493357892,144744.72979697742,257603.8561532028,0.0,0.0,0.0
2468954-B2,2,1,ok,1.0,107,1402,107,1402,2004.1871513935948,2048.0,1024.0,3072.0,0.0,12266.283585503801,0.04778887303851641,0.04778887303851641,0.2524964336661912
2468954-B2,2,1,ok,2.0,107,1402,107,1402,9730.297503053278,8620.631630818938,2872.3243199804547,18736.718158401018,318.90437438203946,25304.57353918457,0.0,0.0014265335235378032,0.015691868758915834
2468954-B2,2,1,ok,4.0,107,1402,107,1402,42393.701768350635,43832.03249733671,23773.288627054073,59085.455868589415,14359.015356214366,67705.17808853323,0.0,0.0,0.0
2468954-B2,2,1,ok,8.0,107,1402,107,1402,132976.99065448716,135893.56187736877,112175.86939675854,152251.70174062692,97555.7569854286,161578.89289136746,0.0,0.0,0.0
2469004-B2,0,1,ok,1.0,173,2188,173,2000,1878.965296547739,2048.0,1024.0,2896.309375740099,0.0,21339.939667206185,0.0575,0.058,0.274
2469004-B2,0,1,ok,2.0,173,2188,173,2000,22263.945351221882,18757.203277002827,3294.2428568640776,46622.07378443096,206.6204249342257,60227.275714579686,0.0015,0.0025,0.008
2469004-B2,0,1,ok,4.0,173,2188,173,2000,123613.9411878618,128126.35300603935,87398.27104087149,160266.91905617437,76233.15124012649,175121.0981349763,0.0,0.0,0.0
2469004-B2,0,1,ok,8.0,173,2188,173,2000,350950.1203093408,353670.8805780902,315140.6560561752,386615.7196397051,306191.811680195,400864.7299476471,0.0,0.0,0.0
2469005-B2,4,1,ok,1.0,238,3361,238,2000,1760.9121059797494,1448.1546878700494,1024.0,2896.309375740099,0.0,6476.344648024841,0.0555,0.0555,0.2955
2469005-B2,4,1,ok,2.0,238,3361,238,2000,7528.511205872384,5070.70419172722,2174.4500454137824,16552.20063282787,430.8131845707603,30022.770092048468,0.0,0.002,0.0255
2469005-B2,4,1,ok,4.0,238,3361,238,2000,35357.83205379,36032.42485008444,9005.881098112988,59124.07841174476,869.7453650350774,72787.10215415915,0.0,0.0,0.0005
2469005-B2,4,1,ok,8.0,238,3361,238,2000,121246.63252841582,121555.33163772729,85771.87196798716,155943.54343560195,49192.64766202364,170225.9039276925,0.0,0.0,0.0
2469007-B2,4,1,ok,1.0,157,2149,157,2000,1831.9393573371924,2048.0,1024.0,2896.309375740099,0.0,5854.536702421465,0.0535,0.054,0.27
2469007-B2,4,1,ok,2.0,157,2149,157,2000,20602.883487160892,20609.494846849575,3385.2905799939385,37839.088189099915,145.00344823486094,46730.367310775546,0.002,0.002,0.008
2469007-B2,4,1,ok,4.0,157,2149,157,2000,55463.680997679345,57401.23916389182,24590.72981976417,84955.06200252846,12947.967601133392,94300.05397665476,0.0,0.0,0.0
2469007-B2,4,1,ok,8.0,157,2149,157,2000,176472.82881253093,176978.62291671737,142548.21006223472,210110.91187751514,127955.40060896218,219097.543651224,0.0,0.0,0.0
2469019-B2,2,1,ok,1.0,257,3594,257,2000,1664.21388022429,1448.1546878700494,1024.0,2289.7336089597848,0.0,4344.464063610148,0.0625,0.0625,0.2985
2469019-B2,2,1,ok,2.0,257,3594,257,2000,12320.872073170513,10659.465652648823,2615.6452358834904,25555.358789113157,462.77424301704605,36694.62674561495,0.0,0.0015,0.0185
2469019-B2,2,1,ok,4.0,257,3594,257,2000,39434.343040506785,40072.21835208798,7990.706677202494,74862.82207519216,772.5800929353538,89259.2563715383,0.0,0.0,0.001
2469019-B2,2,1,ok,8.0,257,3594,257,2000,152759.6118737775,159204.4845494823,110450.16557801986,193016.1441795568,96265.9590094027,207020.4163844716,0.0,0.0,0.0
2469023-B2,4,1,ok,1.0,173,2504,173,2000,1758.5108033487993,1448.1546878700494,1024.0,2896.309375740099,0.0,6228.748831025377,0.0525,0.0525,0.2845
2469023-B2,4,1,ok,2.0,173,2504,173,2000,9126.675072468488,6860.948729678773,2381.894414116629,19534.66334640964,297.5315109362368,31535.613597962543,0.0,0.0025,0.0235
2469023-B2,4,1,ok,4.0,173,2504,173,2000,31751.47034227542,32219.754422516133,17132.376072325762,44969.15361829773,7829.794952615298,54060.374036811845,0.0,0.0,0.0
2469023-B2,4,1,ok,8.0,173,2504,173,2000,95627.45918215973,96290.59757480069,75979.89599256209,113634.21631807348,63698.2858874554,127238.41602676449,0.0,0.0,0.0
2469023-B4,2,1,ok,1.0,173,2349,173,2000,1755.4917972152289,1448.1546878700494,1024.0,2896.309375740099,0.0,7248.070639832368,0.0575,0.0575,0.286
2469023-B4,2,1,ok,2.0,173,2349,173,2000,17087.026445588668,16111.405059514695,4377.916056755771,30374.70850888943,130.49521064008442,64922.84113468849,0.0005,0.0015,0.008
2469023-B4,2,1,ok,4.0,173,2349,173,2000,73289.39251857178,74179.12674797692,50455.68238264135,95680.14397884755,31940.301892749856,109127.50902041153,0.0,0.0,0.0
2469023-B4,2,1,ok,8.0,173,2349,173,2000,209685.19820828747,210176.69643183035,180009.67328017557,239181.80328531028,151290.08154204953,252410.98058721612,0.0,0.0,0.0
2469024-B,1,1,ok,1.0,115,1556,115,1556,1796.874361290248,2014.785596533785,1024.0,2896.309375740099,0.0,4579.4672179195695,0.056555269922879174,0.05719794344473008,0.2795629820051414
2469024-B,1,1,ok,2.0,115,1556,115,1556,22331.32653487091,22824.048599992944,5849.718283815042,38567.30029960574,467.2344165405626,47525.362123817635,0.0,0.0019280205655526992,0.005141388174807198
2469024-B,1,1,ok,4.0,115,1556,115,1556,69385.67812226167,69065.34735562798,57623.93608562331,81424.91029325257,52685.55570552521,86519.22659155016,0.0,0.0,0.0
2469024-B,1,1,ok,8.0,115,1556,115,1556,182930.20024413924,182719.01563854757,171065.35185277887,195126.8247090592,165768.25011442933,200132.1011182364,0.0,0.0,0.0
2469029-B2,0,1,ok,1.0,162,2168,162,2000,1836.4973206338805,2048.0,1024.0,2896.309375740099,0.0,5792.618751480198,0.0545,0.0545,0.2655
2469029-B2,0,1,ok,2.0,162,2168,162,2000,11486.532320868026,9786.438033948598,2769.3979490134675,23692.159685841627,289.0674661735561,31491.219411131096,0.0,0.002,0.0145
2469029-B2,0,1,ok,4.0,162,2168,162,2000,50455.862675348275,49598.13420847402,18140.803139649986,80266.9127958976,6568.526851585521,90561.61694669547,0.0,0.0,0.0
2469029-B2,0,1,ok,8.0,162,2168,162,2000,162553.18032255923,153537.4543203286,128100.66351927139,197063.8344704009,120630.14545709542,205797.30863157564,0.0,0.0,0.0
2469033-B2,0,1,ok,1.0,79,1058,79,1058,1741.8122198869435,1448.1546878700494,1024.0,2896.309375740099,0.0,4579.4672179195695,0.05860113421550094,0.05860113421550094,0.2835538752362949
2469033-B2,0,1,ok,2.0,79,1058,79,1058,19820.29091226554,26684.570021314637,2287.895321031974,39148.69824982838,617.0129658281096,44916.95432684634,0.0,0.0,0.024574669187145556
2469033-B2,0,1,ok,4.0,79,1058,79,1058,19677.471499957323,18817.11053999995,10071.06815779116,30387.851292973115,4088.7485860590646,38127.68790524807,0.0,0.0,0.0
2469033-B2,0,1,ok,8.0,79,1058,79,1058,58485.362220843876,58986.15254124535,39568.7328409854,75040.51439492506,30596.487134963714,88029.62656401537,0.0,0.0,0.0
2469047-B2,4,1,ok,1.0,212,3009,212,2000,1804.0141597691425,1448.1546878700494,1024.0,2896.309375740099,0.0,15185.192030395929,0.061,0.061,0.283
2469047-B2,4,1,ok,2.0,212,3009,212,2000,6286.410075600393,4236.738368131787,1947.8644716714764,13962.370090189072,117.45637488020819,30484.69493040729,0.004,0.01,0.028
2469047-B2,4,1,ok,4.0,212,3009,212,2000,34985.91274419556,35270.95658028304,7875.740217823326,60529.8186351157,632.5345840347387,72865.42115434454,0.0,0.0,0.003
2469047-B2,4,1,ok,8.0,212,3009,212,2000,130447.34793704239,130791.46986438692,104131.8096508613,156481.17661605682,67790.19553003222,169924.9694188585,0.0,0.0,0.0
2469072-B2,2,1,ok,1.0,203,2721,203,2000,1829.2231071772596,2048.0,1024.0,2896.309375740099,0.0,10421.058727403852,0.0515,0.0525,0.2705
2469072-B2,2,1,ok,2.0,203,2721,203,2000,13148.132685247272,10481.209265748133,2976.7317648723406,27397.6688510403,116.49892703368559,49593.43843695454,0.0035,0.005,0.0125
2469072-B2,2,1,ok,4.0,203,2721,203,2000,37980.99425320937,39657.53044246248,10064.256071056112,64953.23551811962,410.1621630526151,78339.35085255685,0.0,0.0005,0.0015
2469072-B2,2,1,ok,8.0,203,2721,203,2000,126696.26924283414,134676.1862767983,87020.78635895938,162438.18600108713,53756.39872610516,177067.22132568748,0.0,0.0,0.0
2469074-B2,4,1,ok,1.0,104,1517,104,1517,1780.2954098289285,1448.1546878700494,1024.0,2896.309375740099,0.0,5221.395981919011,0.053394858272907054,0.053394858272907054,0.2801582069874753
2469074-B2,4,1,ok,2.0,104,1517,104,1517,12670.386981712349,11765.01874201652,3008.203616778625,24712.105332342362,72.94518489934754,33814.25856055401,0.003955174686882004,0.003955174686882004,0.011865524060646011
2469074-B2,4,1,ok,4.0,104,1517,104,1517,36212.38776156659,36163.550503234605,14092.942206470138,56580.70679836417,2857.2535764261456,65530.396374507,0.0,0.0,0.0
2469074-B2,4,1,ok,8.0,104,1517,104,1517,115448.67381038789,122626.05684355997,81784.12494921924,144131.21419064482,71542.52018205677,153135.8139985549,0.0,0.0,0.0
2469110-B3,2,1,ok,1.0,189,2706,189,2000,1710.111713347939,1448.1546878700494,1024.0,2896.309375740099,0.0,4579.4672179195695,0.057,0.057,0.3055
2469110-B3,2,1,ok,2.0,189,2706,189,2000,8221.542355497577,4709.377979385442,1928.798540095886,20052.821896182093,464.2079275497134,32293.74109637965,0.0,0.0075,0.0345
2469110-B3,2,1,ok,4.0,189,2706,189,2000,12945.626933601245,9656.803301300073,4455.0405160896125,27066.32159561062,394.7986828752092,41518.24515800252,0.0,0.0015,0.0045
2469110-B3,2,1,ok,8.0,189,2706,189,2000,51055.61156282958,51027.25004714975,16419.763348420965,84284.73470690391,2825.9826609517618,98852.5915947579,0.0,0.0,0.0
2469230-B,4,1,ok,1.0,319,4468,319,2000,1747.8402992443196,1448.1546878700494,1024.0,2896.309375740099,0.0,7798.5516604046425,0.056,0.056,0.291
2469230-B,4,1,ok,2.0,319,4468,319,2000,5825.351098415824,4534.886101084295,2050.43995279062,12020.154408326043,100.0,22235.781254545567,0.0035,0.0055,0.0205
2469230-B,4,1,ok,4.0,319,4468,319,2000,18551.81219623181,13497.073969677935,5142.637844530762,38987.42242298068,482.0,52155.546914973485,0.0,0.0025,0.0035
2469230-B,4,1,ok,8.0,319,4468,319,2000,75214.99909518106,80015.71969333981,34960.00739999279,108777.01797165425,15845.629428962422,125768.3139824972,0.0,0.0,0.0
2469256-B2,4,1,ok,1.0,195,2709,195,2000,1843.967188577736,2048.0,1024.0,2896.309375740099,0.0,5514.408762505732,0.053,0.0545,0.2615
2469256-B2,4,1,ok,2.0,195,2709,195,2000,8332.82828972813,6438.805706620704,2355.702381813027,17152.55718544614,459.8108306684391,28341.31927063382,0.0,0.0045,0.024
2469256-B2,4,1,ok,4.0,195,2709,195,2000,25485.967837374366,24610.190171607584,7710.637928866639,45997.51841398448,333.0015014981164,64996.27454708462,0.0,0.0005,0.0015
2469256-B2,4,1,ok,8.0,195,2709,195,2000,94183.66753576022,95729.1496765516,64414.5010467501,122834.20535362899,44919.712487948986,145023.5607375574,0.0,0.0,0.0
2469260-B3,2,1,ok,1.0,201,3062,201,2000,1826.3965901997815,2048.0,1024.0,2896.309375740099,0.0,8535.104275871503,0.0555,0.0555,0.2725
2469260-B3,2,1,ok,2.0,201,3062,201,2000,6301.898419479763,4531.842892245935,1900.1684135886483,13333.752060091712,459.30382101611127,23593.83275349726,0.0,0.007,0.0285
2469260-B3,2,1,ok,4.0,201,3062,201,2000,20615.390591587246,19352.227480064485,5531.9131952612415,38185.779127651826,318.8228348158268,51475.043739660876,0.0,0.0015,0.005
2469260-B3,2,1,ok,8.0,201,3062,201,2000,80545.81078754125,82523.11993476476,53941.57275931859,103464.34413392235,34101.3081274018,119128.89691422481,0.0,0.0,0.0
2469496-B,0,1,ok,1.0,264,3630,264,2000,1903.6187542806351,2038.755266061724,1024.0,2896.309375740099,0.0,20558.548319373138,0.0585,0.0595,0.2895
2469496-B,0,1,ok,2.0,264,3630,264,2000,10213.577822773266,5170.377162258088,2070.4395668553093,26242.807856588202,421.028502598102,39162.8632763234,0.0,0.001,0.031
2469496-B,0,1,ok,4.0,264,3630,264,2000,12480.007005027428,9203.037668825273,3851.991137669305,27133.57439812892,419.980951949014,48364.48548263488,0.0,0.0005,0.0085
2469496-B,0,1,ok,8.0,264,3630,264,2000,49873.96295591734,50570.44146415304,13102.640009913472,92174.68973138105,547.3874313500448,113924.48642851105,0.0,0.0,0.0005
2469505-B2,1,1,ok,1.0,252,3503,252,2000,1881.7408905153768,2048.0,1024.0,3072.0,0.0,6476.344648024841,0.053,0.0535,0.2695
2469505-B2,1,1,ok,2.0,252,3503,252,2000,8424.642940462687,5709.220951348918,2220.544978152886,19401.831274160046,270.1184925176357,33332.33194662504,0.0,0.0065,0.0245
2469505-B2,1,1,ok,4.0,252,3503,252,2000,27765.321470878756,26564.41188876616,5837.041716486186,53317.54361371124,327.1452276894774,70654.77722702124,0.0,0.002,0.0055
2469505-B2,1,1,ok,8.0,252,3503,252,2000,112048.75477750938,113569.8394057019,76277.77238101495,146845.7411001621,42163.42078152578,164922.68923650257,0.0,0.0,0.0
2469515-B2,2,1,ok,1.0,83,1046,83,1046,1783.5583835171808,1596.2355715871013,1024.0,2896.309375740099,0.0,5792.618751480198,0.055449330783938815,0.055449330783938815,0.27246653919694075
2469515-B2,2,1,ok,2.0,83,1046,83,1046,24828.2565159992,28852.415514129836,5249.06427952356,39111.91830927372,520.2470566951821,44263.982570482745,0.0,0.0,0.0076481835564053535
2469515-B2,2,1,ok,4.0,83,1046,83,1046,23126.56167794655,20816.63208425868,10225.128770729569,41505.33470145424,1722.9663374541012,50187.46689164537,0.0,0.0,0.0
2469515-B2,2,1,ok,8.0,83,1046,83,1046,67287.26642615264,59339.011928276224,35928.39314883339,108416.85669660711,29468.701854679653,118274.55807991844,0.0,0.0,0.0
2469569-B2,0,1,ok,1.0,67,877,67,877,1801.6995220077806,2048.0,1024.0,2896.309375740099,0.0,4579.4672179195695,0.05701254275940707,0.05701254275940707,0.2782212086659065
2469569-B2,0,1,ok,2.0,67,877,67,877,15176.123690683853,15538.517850811897,3867.9880377694235,25869.87744486709,384.42164351139235,32896.530212166756,0.0,0.002280501710376283,0.005701254275940707
2469569-B2,0,1,ok,4.0,67,877,67,877,41999.50081852488,42310.03705978051,22989.468542878953,60427.845865920004,14365.487530884568,67349.76718593763,0.0,0.0,0.0
2469569-B2,0,1,ok,8.0,67,877,67,877,128959.72605132026,129212.59205278718,108637.36937836146,148768.5286685365,102309.74592872371,156209.85301830355,0.0,0.0,0.0
2469661-B,3,1,ok,1.0,94,1184,94,1184,2153.7373180614045,2048.0,1024.0,3238.1723240124206,0.0,10369.697584790021,0.05067567567567568,0.05152027027027027,0.24070945945945946
2469661-B,3,1,ok,2.0,94,1184,94,1184,20944.126137601852,21438.12994541305,11958.538956866703,29336.965790299193,2533.306337575462,34090.94478010253,0.0,0.0,0.0
2469661-B,3,1,ok,4.0,94,1184,94,1184,39996.35271869206,26484.030272066582,11836.879571128773,75836.2027459077,4188.0,90647.12295489582,0.0,0.0,0.0
2469661-B,3,1,ok,8.0,94,1184,94,1184,152359.6838374921,136950.08544745785,123123.140456652,189876.55022455155,114806.99407266092,204963.24299737258,0.0,0.0,0.0
2469693-B,4,1,ok,1.0,340,4975,340,2000,1805.6245931956385,1448.1546878700494,1024.0,2896.309375740099,0.0,5514.408762505732,0.0545,0.055,0.2785
2469693-B,4,1,ok,2.0,340,4975,340,2000,9722.74000584804,6094.837241469209,2185.9553975321637,23633.17549547669,151.47607071745688,34121.37218811694,0.003,0.007,0.019
2469693-B,4,1,ok,4.0,340,4975,340,2000,24385.9071118114,19297.619562687687,6133.667910695176,50222.268323133714,188.01063799689632,63910.50205560898,0.001,0.001,0.0015
2469693-B,4,1,ok,8.0,340,4975,340,2000,88830.97486738661,88985.32185638926,42255.16643571913,136073.94491627792,15267.773642545268,149564.62624898978,0.0,0.0,0.0
2469849-B2,0,1,ok,1.0,178,2512,178,2000,2020.3936396448573,2048.0,1024.0,3072.0,0.0,22149.20957957642,0.0485,0.0485,0.2565
2469849-B2,0,1,ok,2.0,178,2512,178,2000,5062.3349983610005,4150.296495432585,1838.0996744689648,9520.80674102778,367.0054495508207,21647.949602676,0.0,0.0055,0.0335
2469849-B2,0,1,ok,4.0,178,2512,178,2000,20063.545963579476,20145.042054698642,6293.178519106107,33379.46933370871,382.890323722081,40560.06322726827,0.0,0.0005,0.0025
2469849-B2,0,1,ok,8.0,178,2512,178,2000,68772.62131202602,71020.65079194316,49453.8896178561,83875.78099312118,30873.832965798076,97047.94057062725,0.0,0.0,0.0
2469916-B2,3,1,ok,1.0,225,2967,225,2000,1818.410189753985,1448.1546878700494,1024.0,2896.309375740099,0.0,7727.865552660709,0.0575,0.0575,0.284
2469916-B2,3,1,ok,2.0,225,2967,225,2000,7747.448085704214,4973.253361734148,2055.87572581613,17718.452081357904,183.43936327844142,29749.470751594894,0.002,0.008,0.028
2469916-B2,3,1,ok,4.0,225,2967,225,2000,43892.648509349136,52940.316904204476,7056.691723505671,73408.85130003249,552.7576322403879,94285.97241371592,0.0,0.0,0.0025
2469916-B2,3,1,ok,8.0,225,2967,225,2000,167404.92421186258,177326.74802244385,123081.60262809187,201868.28806438204,108411.04804400702,223433.13115560997,0.0,0.0,0.0
2469927-B2,0,1,ok,1.0,196,2593,196,2000,1817.0499497219669,2048.0,1024.0,2896.309375740099,0.0,7454.8325266232505,0.055,0.055,0.2805
2469927-B2,0,1,ok,2.0,196,2593,196,2000,13123.036167000024,11282.4253155073,2484.009863104412,28921.17181014363,378.20761494184643,45835.252153773516,0.0,0.007,0.0195
2469927-B2,0,1,ok,4.0,196,2593,196,2000,31722.037956779466,29765.917140425416,5807.807129045983,63884.68304248559,160.0,74954.33709265929,0.002,0.002,0.005
2469927-B2,0,1,ok,8.0,196,2593,196,2000,128487.72108228413,129208.09282824522,93955.30314705083,162711.02477337362,80258.27449553099,172985.66835723704,0.0,0.0,0.0
2469963-B2,4,1,ok,1.0,275,4073,275,2000,1969.196297573909,1448.1546878700494,1024.0,2896.309375740099,0.0,28063.304456175505,0.052,0.052,0.2755
2469963-B2,4,1,ok,2.0,275,4073,275,2000,10729.396131381234,8404.949137264306,2655.705179420336,22093.72053831699,179.0474797365213,38457.15571905962,0.0015,0.0035,0.018
2469963-B2,4,1,ok,4.0,275,4073,275,2000,21286.35801790571,8891.45533644521,3980.7609825258287,53963.985777349975,380.0552591400361,65303.791742899586,0.0,0.0015,0.0035
2469963-B2,4,1,ok,8.0,275,4073,275,2000,82725.49228694591,67049.04100737623,36256.53601586962,141226.44484765036,17274.433854688265,150359.1229556757,0.0,0.0,0.0
2469965-B2,3,1,ok,1.0,302,4290,302,2000,1720.1252042808267,1448.1546878700494,1024.0,2896.309375740099,0.0,6476.344648024841,0.0625,0.063,0.292
2469965-B2,3,1,ok,2.0,302,4290,302,2000,8903.208822582179,5311.445754217961,2126.0743166691045,21160.95268706935,359.5552808679077,34833.888686163074,0.0,0.0095,0.0245
2469965-B2,3,1,ok,4.0,302,4290,302,2000,17044.109412999183,13710.53638098867,4400.396840263419,35645.32567691095,444.190274544592,54133.71297075418,0.0,0.0015,0.008
2469965-B2,3,1,ok,8.0,302,4290,302,2000,76237.82703897658,78015.65460555043,40544.149364628116,108329.02792434374,25283.008543288513,128237.38886923736,0.0,0.0,0.0
2469969-B2,1,1,ok,1.0,176,2451,176,2000,1904.1036461744961,2048.0,1024.0,2896.309375740099,0.0,9318.864415796594,0.053,0.054,0.271
2469969-B2,1,1,ok,2.0,176,2451,176,2000,9481.82087493201,7929.93599288723,2769.4282803495744,18822.62475525996,163.783393541592,25809.53438169701,0.001,0.003,0.0135
2469969-B2,1,1,ok,4.0,176,2451,176,2000,36222.431615229434,36079.501742416454,6223.910784911187,66279.44186317627,591.8217637093114,75996.11511781375,0.0,0.0,0.0045
2469969-B2,1,1,ok,8.0,176,2451,176,2000,123748.04118200477,109133.72538253883,87041.74867160128,161036.03495620794,77110.05717155189,168576.09762062947,0.0,0.0,0.0
2470260-B,1,1,ok,1.0,287,4280,287,2000,1745.3110456609106,1448.1546878700494,1024.0,2896.309375740099,0.0,7320.902744880579,0.06,0.06,0.288
2470260-B,1,1,ok,2.0,287,4280,287,2000,8194.499401053406,4946.044884551696,2068.398414232616,19301.483725163795,386.6574711550263,31256.678774303582,0.0,0.008,0.021
2470260-B,1,1,ok,4.0,287,4280,287,2000,29098.91702075077,28576.727393637888,11175.26881108459,46982.06039594647,414.2764777295472,69202.0919914998,0.0,0.0005,0.0015
2470260-B,1,1,ok,8.0,287,4280,287,2000,103638.57201095832,103970.42950332534,73594.00645579587,132398.90382863086,52092.687010750364,157502.24785697504,0.0,0.0,0.0
2470270-B2,4,1,ok,1.0,176,2510,176,2000,1731.2332866224176,1448.1546878700494,1024.0,2896.309375740099,0.0,5514.408762505732,0.058,0.058,0.29
2470270-B2,4,1,ok,2.0,176,2510,176,2000,9632.502243011988,6795.104119879254,2317.759948434538,20993.753832985658,433.9631320746038,30414.411912775824,0.0,0.002,0.028
2470270-B2,4,1,ok,4.0,176,2510,176,2000,26578.091011808785,24469.692635444408,5150.226791122892,54782.837827561176,578.8022114677863,64636.04938422521,0.0,0.0,0.006
2470270-B2,4,1,ok,8.0,176,2510,176,2000,110165.22151710917,112594.31457174316,77466.82537323082,142394.28744962576,65753.7294151442,151932.16928616533,0.0,0.0,0.0
2470405-B2,3,1,ok,1.0,253,3708,253,2000,1760.8802081633935,1448.1546878700494,1024.0,2896.309375740099,0.0,6476.344648024841,0.061,0.061,0.2805
2470405-B2,3,1,ok,2.0,253,3708,253,2000,7730.811802505186,4748.760048686394,2063.984980565508,18039.070158863622,448.21646556100546,35487.44404715561,0.0,0.003,0.0285
2470405-B2,3,1,ok,4.0,253,3708,253,2000,33844.679604745696,22821.162656346336,6693.809455622539,69710.39246885762,640.0695274733831,87333.83202402148,0.0,0.0,0.002
2470405-B2,3,1,ok,8.0,253,3708,253,2000,136603.0950664054,126045.24367043634,96228.84024330994,180658.58128967936,77542.06183743117,196797.51236232638,0.0,0.0,0.0
2470647-B2,2,1,ok,1.0,318,4267,318,2000,1765.6606042468466,1448.1546878700494,1024.0,2896.309375740099,0.0,6476.344648024841,0.056,0.056,0.283
2470647-B2,2,1,ok,2.0,318,4267,318,2000,17047.871663696602,11801.872553748392,2844.671082137839,39003.7046061012,134.6291201783626,59043.59657913803,0.0035,0.0035,0.014
2470647-B2,2,1,ok,4.0,318,4267,318,2000,116288.11556276449,116409.21070994253,77993.47391960204,152457.4279678405,53379.38071015811,170893.58354543333,0.0,0.0,0.0
2470647-B2,2,1,ok,8.0,318,4267,318,2000,344830.4640160507,344132.6596301503,310192.5005903635,378877.37173380185,287820.31945816474,397545.20400201034,0.0,0.0,0.0
2470657-B3,4,1,ok,1.0,472,7128,472,2000,1697.6633499709785,1448.1546878700494,1024.0,2289.7336089597848,0.0,5221.395981919011,0.056,0.0565,0.297
2470657-B3,4,1,ok,2.0,472,7128,472,2000,5543.145667444719,3807.1259501098725,1710.8781370980225,12814.491796399887,557.8969438883852,26492.801739340444,0.0,0.0,0.0435
2470657-B3,4,1,ok,4.0,472,7128,472,2000,28063.683291059628,21147.869533474466,4761.713977130504,63527.89194947446,477.32588448564155,80802.77222967043,0.0,0.0015,0.002
2470657-B3,4,1,ok,8.0,472,7128,472,2000,128932.45185175297,128793.83269504429,85518.44201662739,171597.487260239,61824.153208919895,188068.9915961693,0.0,0.0,0.0
2471072-B2,1,1,ok,1.0,263,3844,263,2000,1797.176949466263,2048.0,1024.0,2896.309375740099,0.0,6556.799219131237,0.0605,0.0605,0.29
2471072-B2,1,1,ok,2.0,263,3844,263,2000,10008.372145394507,7290.928404531209,2612.964791190268,23301.539184142923,350.1842372237791,37518.13472175822,0.0,0.004,0.012
2471072-B2,1,1,ok,4.0,263,3844,263,2000,57505.40935921292,59736.45683367395,19711.02351697259,93047.49090907522,3988.593862503426,109973.10191587759,0.0,0.0,0.0
2471072-B2,1,1,ok,8.0,263,3844,263,2000,197089.06068870987,198384.17556774596,158059.69785640377,234527.63222708448,143511.23474139578,250333.43444494184,0.0,0.0,0.0
2471237-B2,0,1,ok,1.0,463,6815,463,2000,1738.343145539777,1448.1546878700494,1024.0,2896.309375740099,0.0,11310.449681599755,0.0605,0.0605,0.3075
2471237-B2,0,1,ok,2.0,463,6815,463,2000,6206.788474590789,4105.395474250928,1767.6198686369194,15122.692204306155,343.5345688573422,31913.980525782114,0.0,0.011,0.0365
2471237-B2,0,1,ok,4.0,463,6815,463,2000,21113.333112101598,14511.205427650519,4448.179852478989,49357.287775819415,195.30488985173923,66745.6276920069,0.0005,0.001,0.003
2471237-B2,0,1,ok,8.0,463,6815,463,2000,92441.29661533097,92958.09566816984,51132.97718670891,133899.87206023338,13112.680008297311,154328.85490406517,0.0,0.0,0.0
2471442-B3,4,1,ok,1.0,261,3765,261,2000,1722.8209290317382,1448.1546878700494,1024.0,2896.309375740099,0.0,7384.16901215025,0.063,0.063,0.295
2471442-B3,4,1,ok,2.0,261,3765,261,2000,17120.516827619747,16852.174130015388,3623.3920571751546,30800.536737863436,186.93581786270923,45592.62323007967,0.0005,0.003,0.007
2471442-B3,4,1,ok,4.0,261,3765,261,2000,62272.301909491536,72049.9903799292,19178.201427662607,100472.00224468899,3370.9738948855716,112262.2900577037,0.0,0.0,0.0
2471442-B3,4,1,ok,8.0,261,3765,261,2000,201593.6879939273,213132.00700320193,157550.14312855946,240561.0588768487,133693.62944059825,249905.94618175854,0.0,0.0,0.0
2471452-B2,0,1,ok,1.0,132,1772,132,1772,1909.2286378257486,2048.0,1024.0,3072.0,0.0,7240.773439350247,0.05417607223476298,0.05417607223476298,0.26241534988713316
2471452-B2,0,1,ok,2.0,132,1772,132,1772,15955.173511544583,15256.350054977107,3559.329808627393,29349.37678844705,400.4996878900157,44571.91071740138,0.0,0.000564334085778781,0.009593679458239277
2471452-B2,0,1,ok,4.0,132,1772,132,1772,35537.22174793413,39333.45395886729,7569.716750100883,63981.29144620161,606.6638278321858,76432.96368060053,0.0,0.0,0.0039503386004514675
2471452-B2,0,1,ok,8.0,132,1772,132,1772,120578.19960938771,130525.7400820243,80370.24797867407,159874.22899875205,55888.67957824733,171216.3698978576,0.0,0.0,0.0
2471595-B3,4,1,ok,1.0,321,4641,321,2000,1754.467379325605,1448.1546878700494,1024.0,2896.309375740099,0.0,6476.344648024841,0.0595,0.0595,0.2905
2471595-B3,4,1,ok,2.0,321,4641,321,2000,6541.565237443594,4150.543578858075,1780.2232556069534,15137.025664426821,355.1408171415953,28513.692500270812,0.0,0.0055,0.0365
2471595-B3,4,1,ok,4.0,321,4641,321,2000,24768.817241430814,23794.36397609488,5665.85957371733,46136.13324425453,159.84992962150469,62937.81296645126,0.0005,0.001,0.0035
2471595-B3,4,1,ok,8.0,321,4641,321,2000,95309.97260229298,98025.10073759277,57045.21847792694,132648.30266298706,30042.343250818503,150679.1608849744,0.0,0.0,0.0
2471618-B3,4,1,ok,1.0,258,3840,258,2000,1755.6933984616967,1448.1546878700494,1024.0,2896.309375740099,0.0,8352.56631221806,0.057,0.057,0.294
2471618-B3,4,1,ok,2.0,258,3840,258,2000,5528.933217753091,4013.8001943295585,1878.2119156261363,12234.488780983864,336.47585351700945,20828.597264338277,0.0,0.0095,0.029
2471618-B3,4,1,ok,4.0,258,3840,258,2000,17755.607516535274,14621.610530201564,5194.316894453013,36562.099728900284,307.8701024783017,53475.48522454004,0.0,0.0005,0.0025
2471618-B3,4,1,ok,8.0,258,3840,258,2000,67494.08209743646,63849.8122680611,27198.79045070323,108108.91708169032,6453.580711512021,125368.81653744682,0.0,0.0,0.0
2471884-B2,0,1,ok,1.0,140,1810,140,1810,1936.0597966971275,2048.0,1024.0,3072.0,0.0,8749.059835205151,0.051933701657458566,0.051933701657458566,0.26353591160220996
2471884-B2,0,1,ok,2.0,140,1810,140,1810,19971.55807485056,18783.94189125169,4706.313312987141,37662.5884697744,496.0090724976711,45942.23270586661,0.0,0.0016574585635359116,0.0033149171270718232
2471884-B2,0,1,ok,4.0,140,1810,140,1810,74981.1191351644,75502.96667134814,53792.85500795922,93796.11159180725,33993.79463961033,106240.20902181999,0.0,0.0,0.0
2471884-B2,0,1,ok,8.0,140,1810,140,1810,203734.03307141544,205920.84715217512,177349.4447689446,225417.98865575882,156593.71691737827,238929.1709461195,0.0,0.0,0.0
2471885-B2,4,1,ok,1.0,128,1739,128,1739,2190.285908603841,2048.0,1024.0,3238.1723240124206,0.0,33586.418162703805,0.0488786658999425,0.0488786658999425,0.25244393329499715
2471885-B2,4,1,ok,2.0,128,1739,128,1739,12265.191219943623,11484.423407380973,2416.17404174451,23879.466602785535,312.01442274356486,37377.38278692075,0.0,0.005750431282346176,0.016101207590569294
2471885-B2,4,1,ok,4.0,128,1739,128,1739,65506.74091075058,60207.18609103069,39454.87171342681,91459.07220122284,8730.441684130305,103774.89550946317,0.0,0.0,0.0
2471885-B2,4,1,ok,8.0,128,1739,128,1739,201222.65169124832,192096.03177837902,176112.71476669706,229384.45558109062,139739.8947902853,241334.70021942555,0.0,0.0,0.0
2471887-B,3,1,ok,1.0,223,3135,223,2000,1734.8345379761904,1448.1546878700494,1024.0,2896.309375740099,0.0,5880.685759331134,0.058,0.058,0.287
2471887-B,3,1,ok,2.0,223,3135,223,2000,4832.794290856393,3892.178824257693,1720.2790471315984,9777.900951728112,324.32237048961025,16838.895005314334,0.0,0.0125,0.0405
2471887-B,3,1,ok,4.0,223,3135,223,2000,21091.78480240895,20058.830553223306,8508.447390470266,36099.143402444366,972.9671114688307,50288.02267936173,0.0,0.0,0.0005
2471887-B,3,1,ok,8.0,223,3135,223,2000,75417.25548890705,75682.43158547612,48315.753934639106,103033.54248679859,31827.51168407609,119269.29858517657,0.0,0.0,0.0
2471921-B2,4,1,ok,1.0,196,2810,196,2000,1720.3915034640297,1448.1546878700494,1024.0,2896.309375740099,0.0,5343.6059922116265,0.0625,0.0625,0.286
2471921-B2,4,1,ok,2.0,196,2810,196,2000,8304.215265119776,5441.930475032082,2208.9499767989314,18733.540402177052,96.51942809610924,29686.623519693174,0.004,0.004,0.018
2471921-B2,4,1,ok,4.0,196,2810,196,2000,45393.06655236806,42742.66552477056,13866.068078833801,76039.55105591417,3383.7594477149228,89901.76754658387,0.0,0.0,0.0
2471921-B2,4,1,ok,8.0,196,2810,196,2000,160788.1422680378,159061.44449322956,132016.20065910876,188927.5562321381,120614.65292409543,202124.31184793185,0.0,0.0,0.0
2471957-B,0,1,ok,1.0,85,1104,85,1104,1770.6683651515223,1448.1546878700494,1024.0,2896.309375740099,0.0,5120.0,0.057065217391304345,0.057065217391304345,0.27445652173913043
2471957-B,0,1,ok,2.0,85,1104,85,1104,20314.998861306245,20721.96498887111,12323.292665830788,27807.025004978546,2294.1510412350794,32297.738868224198,0.0,0.0,0.0
2471957-B,0,1,ok,4.0,85,1104,85,1104,50822.89971367869,39408.29558065101,16019.369057487876,85057.27402554815,8759.566713028677,93053.45388538783,0.0,0.0,0.0
2471957-B,0,1,ok,8.0,85,1104,85,1104,167325.0557803849,153069.9653237382,130398.56684480007,203602.98831407868,124954.34721929446,214249.7557151466,0.0,0.0,0.0
2471959-B2,0,1,ok,1.0,167,2280,167,2000,1854.4392444278672,2048.0,1024.0,2896.309375740099,0.0,7363.473433102071,0.053,0.054,0.2755
2471959-B2,0,1,ok,2.0,167,2280,167,2000,17921.497294764802,17698.74221744822,3995.304075982311,31159.5410803736,459.5758914477564,38327.76050071279,0.0,0.0005,0.0085
2471959-B2,0,1,ok,4.0,167,2280,167,2000,58589.036169271276,49273.33457222693,18729.457270659906,97985.21097193004,2991.8831862223497,109737.0201390579,0.0,0.0,0.0
2471959-B2,0,1,ok,8.0,167,2280,167,2000,196411.27556886518,183058.0960312289,158098.96023163476,236808.1828850917,139783.33104129403,247178.11399879237,0.0,0.0,0.0
2471963-B,0,1,ok,1.0,280,3985,280,2000,1982.7394123035756,2048.0,1024.0,2896.309375740099,0.0,26960.94527274591,0.051,0.051,0.272
2471963-B,0,1,ok,2.0,280,3985,280,2000,8441.029475509058,6229.158691187759,2325.235219815053,18422.682289498927,523.255195865268,36981.23983859925,0.0,0.0,0.024
2471963-B,0,1,ok,4.0,280,3985,280,2000,44304.71587289376,43829.258126648274,25500.932238283327,63606.85565564003,2380.2067137120675,74884.0368837044,0.0,0.0,0.0
2471963-B,0,1,ok,8.0,280,3985,280,2000,143017.94204783632,142191.58698978508,124613.13072840072,162386.76308864268,106749.06894207555,175850.15749779696,0.0,0.0,0.0
2472316-B7,4,1,ok,1.0,46,609,46,609,1882.8735129797574,2048.0,1024.0,3072.0,0.0,5001.039991841697,0.052545155993431854,0.052545155993431854,0.2660098522167488
2472316-B7,4,1,ok,2.0,46,609,46,609,17144.84112718505,17614.510637539723,4027.934458255248,29901.265772560913,320.0,34996.19557894829,0.0,0.0016420361247947454,0.0049261083743842365
2472316-B7,4,1,ok,4.0,46,609,46,609,28558.299347395736,29453.540517228146,14002.554592873259,41603.31000788702,4945.295238911424,46611.73208538812,0.0,0.0,0.0
2472316-B7,4,1,ok,8.0,46,609,46,609,83090.01383663932,76806.07774128295,63511.19139933187,106728.28236096154,58138.55128054018,111815.03355094967,0.0,0.0,0.0
2472453-B2,4,1,ok,1.0,84,1089,84,1089,1781.6885204494386,1448.1546878700494,1024.0,2896.309375740099,0.0,9649.805801154756,0.06152433425160698,0.06152433425160698,0.29935720844811753
2472453-B2,4,1,ok,2.0,84,1089,84,1089,10912.27243444996,9848.761241902455,2538.648656273648,22103.93635341165,386.24474106452243,30728.410599964325,0.0,0.005509641873278237,0.014692378328741965
2472453-B2,4,1,ok,4.0,84,1089,84,1089,25999.637247904626,27688.547975652316,7385.046137348566,45122.54782136398,897.7627749021453,53139.51637905637,0.0,0.0,0.0009182736455463728
2472453-B2,4,1,ok,8.0,84,1089,84,1089,87257.79076700313,98877.29050191454,54245.54691931528,116751.88383001836,43691.59555337846,125217.97794645943,0.0,0.0,0.0
2472465-B2,1,1,ok,1.0,249,3586,249,2000,1668.9666534424696,1448.1546878700494,1024.0,2289.7336089597848,0.0,4222.060160632484,0.07,0.07,0.3175
2472465-B2,1,1,ok,2.0,249,3586,249,2000,16256.228466782633,14510.92006292626,2981.714942780413,33486.29245436491,208.0,54635.9893110759,0.004,0.0045,0.0105
2472465-B2,1,1,ok,4.0,249,3586,249,2000,30377.508301648184,18293.061731472797,4624.637757053504,63791.88757771834,521.1679191968745,77042.15324093687,0.0,0.0,0.007
2472465-B2,1,1,ok,8.0,249,3586,249,2000,110790.65935170597,96201.45905830388,64300.149494678255,157285.58487218525,35282.48970806907,168110.5137461664,0.0,0.0,0.0
2472471-B2,1,1,ok,1.0,190,2694,190,2000,1893.3432000995845,2048.0,1024.0,2896.309375740099,0.0,12511.443761612805,0.0525,0.0535,0.2755
2472471-B2,1,1,ok,2.0,190,2694,190,2000,8701.44958990207,6351.678492128705,2326.640195186004,18539.29880011647,237.45315327449327,27837.70220402539,0.003,0.0055,0.017
2472471-B2,1,1,ok,4.0,190,2694,190,2000,37512.810102096686,38330.602517944724,17573.173524819435,56628.8385115528,367.6424893833682,65457.343423026265,0.0,0.0005,0.0015
2472471-B2,1,1,ok,8.0,190,2694,190,2000,118273.57292325974,118653.46248877452,96920.69649591918,139593.48193740533,73030.96018128202,147592.61466618173,0.0,0.0,0.0
2472481-B2,2,1,ok,1.0,155,2139,155,2000,1820.31792901567,2048.0,1024.0,2896.309375740099,0.0,5120.0,0.0575,0.0575,0.2795
2472481-B2,2,1,ok,2.0,155,2139,155,2000,16355.359964710482,16406.38125852255,3921.3632833492998,28095.400436973367,269.04646438858845,37753.32790629192,0.0,0.0025,0.005
2472481-B2,2,1,ok,4.0,155,2139,155,2000,73708.079304037,73258.85449774606,48083.4871884481,99337.11058813821,20930.716949020163,108962.94403144585,0.0,0.0,0.0
2472481-B2,2,1,ok,8.0,155,2139,155,2000,216668.78977888226,216080.97303579657,186858.14555537928,246256.47204428297,144448.39742967035,256486.433239655,0.0,0.0,0.0
2472500-B2,3,1,ok,1.0,141,1962,141,1962,1762.5180348764738,1448.1546878700494,1024.0,2896.309375740099,0.0,4579.4672179195695,0.05657492354740061,0.05708460754332314,0.28338430173292556
2472500-B2,3,1,ok,2.0,141,1962,141,1962,11098.24030636,9454.701675131677,2706.2248613151123,22755.23495504523,299.127063302537,34080.81696497313,0.0,0.0045871559633027525,0.01834862385321101
2472500-B2,3,1,ok,4.0,141,1962,141,1962,18840.717224634263,14114.441428134394,4636.265846562295,39962.54907982351,469.40068172085137,49876.8663911437,0.0,0.0020387359836901123,0.00815494393476045
2472500-B2,3,1,ok,8.0,141,1962,141,1962,77858.80671518744,77348.42356504028,49481.16768640135,105981.86763776916,31623.34556937327,117286.30631493175,0.0,0.0,0.0
2472505-B,3,1,ok,1.0,112,1592,112,1592,1806.5436937461418,2048.0,1024.0,2896.309375740099,0.0,6476.344648024841,0.05527638190954774,0.05527638190954774,0.2770100502512563
2472505-B,3,1,ok,2.0,112,1592,112,1592,10142.462288859235,9469.758286249971,2483.7717286417446,19245.63828507644,198.64037857394453,27694.5435961671,0.005025125628140704,0.005025125628140704,0.01507537688442211
2472505-B,3,1,ok,4.0,112,1592,112,1592,45147.862147977015,44881.94075139643,27613.51860955065,63325.06532691152,17615.56158627933,72977.9011550757,0.0,0.0,0.0
2472505-B,3,1,ok,8.0,112,1592,112,1592,138464.69227487504,138521.08446818998,128633.00001088725,148779.17284232922,115642.28742981522,154717.75308929483,0.0,0.0,0.0
2472509-B4,2,1,ok,1.0,245,3499,245,2000,1729.2809990184535,1448.1546878700494,1024.0,2896.309375740099,0.0,6228.748831025377,0.0605,0.0615,0.2945
2472509-B4,2,1,ok,2.0,245,3499,245,2000,7943.488245436175,5393.462060680505,2220.636170109818,18028.643010177107,461.12145905390264,41011.64410262042,0.0,0.0055,0.0225
2472509-B4,2,1,ok,4.0,245,3499,245,2000,34623.50572574377,34682.7171155316,7142.5994380683405,64012.72513665987,508.0088581904847,73062.19684624874,0.0,0.0005,0.0005
2472509-B4,2,1,ok,8.0,245,3499,245,2000,128473.35981718548,133797.97281197796,94728.96548853732,161568.34937394632,54307.911145614875,171514.12303364408,0.0,0.0,0.0
2472509-B6,3,1,ok,1.0,461,6909,461,2000,1663.816146324295,1448.1546878700494,1024.0,2289.7336089597848,0.0,4579.4672179195695,0.0665,0.0665,0.3095
2472509-B6,3,1,ok,2.0,461,6909,461,2000,4048.6620535607217,3638.1667086597336,1618.4637777843532,7019.7131855549,625.460630255814,21721.42472307008,0.0,0.0,0.051
2472509-B6,3,1,ok,4.0,461,6909,461,2000,14209.96448490843,10386.30433060314,3872.377176877273,31636.756486719685,525.6700486046357,49266.51383038991,0.0,0.0,0.0075
2472509-B6,3,1,ok,8.0,461,6909,461,2000,66719.48768740291,65710.94891170146,36522.69102988286,98156.2345976764,16762.763047898756,118220.60863064443,0.0,0.0,0.0
2473212-B4,0,1,ok,1.0,187,2489,187,2000,1814.0067238786617,1576.882274736905,1024.0,2896.309375740099,0.0,6722.671269666545,0.054,0.055,0.277
2473212-B4,0,1,ok,2.0,187,2489,187,2000,4024.7260767291277,3725.011677834044,1653.660182746141,6853.567829970022,318.7883310285996,15523.045996195464,0.0,0.015,0.0415
2473212-B4,0,1,ok,4.0,187,2489,187,2000,13171.997777766395,11645.312391626521,4623.73885508254,25767.184091398114,407.9215610874228,40004.4861484309,0.0,0.002,0.007
2473212-B4,0,1,ok,8.0,187,2489,187,2000,49256.6537338297,53898.32768553686,19420.012568319675,80149.54893498016,3351.0781847041408,94708.4452411716,0.0,0.0,0.0
2473218-B2,2,1,ok,1.0,321,4586,321,2000,1763.537106660894,1448.1546878700494,1024.0,2896.309375740099,0.0,5701.834529342289,0.059,0.059,0.291
2473218-B2,2,1,ok,2.0,321,4586,321,2000,10828.977123326582,6642.244682734593,2169.9917050532704,24862.52193482016,297.6172038038124,48302.73834887625,0.0,0.007,0.0255
2473218-B2,2,1,ok,4.0,321,4586,321,2000,26932.291589272623,16297.012491210864,5285.216078837269,62446.77221442274,232.56181973832247,78354.68077913405,0.0005,0.0005,0.004
2473218-B2,2,1,ok,8.0,321,4586,321,2000,122398.39452567101,119666.32195861102,80599.51692317252,165204.26529344954,63043.58115621288,180425.47403290923,0.0,0.0,0.0
2473218-B3,0,1,ok,1.0,255,3592,255,2000,1777.9541837373135,1448.1546878700494,1024.0,2896.309375740099,0.0,10903.588858719866,0.057,0.057,0.2855
2473218-B3,0,1,ok,2.0,255,3592,255,2000,7793.829884340777,4678.6931936172095,1947.9312102843878,18834.641042387375,357.9413359756037,36172.16902537087,0.0,0.007,0.0295
2473218-B3,0,1,ok,4.0,255,3592,255,2000,46516.62736336191,47106.19324462549,27592.39320090415,65340.472199963,6186.500141436998,79063.40405016723,0.0,0.0,0.0
2473218-B3,0,1,ok,8.0,255,3592,255,2000,145349.47823770356,145489.00718232285,121115.41443154102,168064.59372752413,91052.96260968118,185887.9908869855,0.0,0.0,0.0
2473228-B2,2,1,ok,1.0,188,2583,188,2000,1752.9751198842293,1448.1546878700494,1024.0,2896.309375740099,0.0,6432.11069556487,0.0575,0.058,0.2835
2473228-B2,2,1,ok,2.0,188,2583,188,2000,5771.460321428846,4062.77048305647,1740.225560092714,12484.057734231514,177.99157283422156,23179.92029753338,0.001,0.0015,0.036
2473228-B2,2,1,ok,4.0,188,2583,188,2000,15714.547407984632,13181.903376950098,4626.7363227225305,30449.62389670839,522.8546643188716,45396.0119063338,0.0,0.0,0.007
2473228-B2,2,1,ok,8.0,188,2583,188,2000,60310.3956542913,63827.23013022366,34470.33885709719,84012.23255879649,13941.743685780484,104508.03904485052,0.0,0.0,0.0
2473266-B,4,1,ok,1.0,201,2728,201,2000,1846.1128281804213,2048.0,1024.0,2896.309375740099,0.0,7446.2401922043855,0.052,0.0535,0.2645
2473266-B,4,1,ok,2.0,201,2728,201,2000,11589.520922612985,11275.62673305458,2915.8108649224832,21794.627799105085,181.02486017119307,30530.636318295103,0.002,0.0045,0.0115
2473266-B,4,1,ok,4.0,201,2728,201,2000,36117.06430063203,29416.561491785542,6905.7076789234625,74528.97549295283,303.7976300105055,83229.72191471026,0.0,0.001,0.0025
2473266-B,4,1,ok,8.0,201,2728,201,2000,136231.0021092869,138188.57866969518,83963.97705550503,184331.5729469048,65708.80405242513,194039.56044580188,0.0,0.0,0.0
2473272-B3,1,1,ok,1.0,247,3338,247,2000,1763.2529862857991,1448.1546878700494,1024.0,2896.309375740099,0.0,5970.894740321588,0.059,0.059,0.2735
2473272-B3,1,1,ok,2.0,247,3338,247,2000,21215.20715747047,10632.249425144804,2602.2513329807325,48403.61848508574,112.44998888394787,61555.45157010872,0.0015,0.0015,0.019
2473272-B3,1,1,ok,4.0,247,3338,247,2000,49699.48006601875,51057.29600922589,19648.747438128685,75456.28796031613,2941.437063749622,97161.71950413393,0.0,0.0,0.0
2473272-B3,1,1,ok,8.0,247,3338,247,2000,137603.64384628122,138792.51274474428,115211.20985562076,156719.6932525923,100606.4816401011,172744.60613286888,0.0,0.0,0.0
2473366-B2,4,1,ok,1.0,228,3002,228,2000,1789.2420570707634,1448.1546878700494,1024.0,2829.529961157438,0.0,21171.89686825439,0.0595,0.0595,0.285
2473366-B2,4,1,ok,2.0,228,3002,228,2000,4389.16990421604,3935.968495808878,1618.0605674695864,8024.076270823951,50.92150822589606,21921.586096813342,0.0045,0.011,0.028
2473366-B2,4,1,ok,4.0,228,3002,228,2000,14127.698756613332,11654.245972413384,4426.383326408747,27620.63145770329,152.76452467768817,41549.193506011645,0.001,0.0015,0.0055
2473366-B2,4,1,ok,8.0,228,3002,228,2000,53172.670463208735,54464.010081162225,30425.731325996414,71801.26792757986,19732.311065863523,90879.11030044254,0.0,0.0,0.0
2473394-B2,1,1,ok,1.0,295,4135,295,2000,1828.5226202344033,1448.1546878700494,1024.0,2896.309375740099,0.0,26780.313086295315,0.057,0.0585,0.28
2473394-B2,1,1,ok,2.0,295,4135,295,2000,5902.392496674281,4129.0714496136,1800.2063808802632,12656.647265370082,389.6254611803495,26838.971142724527,0.0,0.013,0.0295
2473394-B2,1,1,ok,4.0,295,4135,295,2000,24673.950181730645,13012.224928079897,4265.706358964691,57636.21993884894,358.66558240232644,77335.19935967063,0.0,0.0015,0.0045
2473394-B2,1,1,ok,8.0,295,4135,295,2000,103690.2255213488,90246.22224487516,57412.565970322205,156407.8263634589,29621.93572337905,175665.6012428159,0.0,0.0,0.0
2473534-B2,0,1,ok,1.0,228,3213,228,2000,1763.3304087372971,1448.1546878700494,1024.0,2896.309375740099,0.0,5514.408762505732,0.063,0.063,0.294
2473534-B2,0,1,ok,2.0,228,3213,228,2000,8680.962900835188,6084.18936103178,2320.8621242977792,20479.946543607708,185.16209115258988,38919.388291698524,0.0005,0.0005,0.022
2473534-B2,0,1,ok,4.0,228,3213,228,2000,30565.175636885062,31164.06558264412,13879.846684625834,45311.356203776624,648.0007716044789,58241.03303513769,0.0,0.0,0.001
2473534-B2,0,1,ok,8.0,228,3213,228,2000,92556.76279765303,89944.02940162287,67600.2248665514,120943.63463787867,37779.67661322685,138577.81519781586,0.0,0.0,0.0
2473545-B2,2,1,ok,1.0,422,6025,422,2000,1698.8758420979302,1448.1546878700494,1024.0,2289.7336089597848,0.0,6228.748831025377,0.0625,0.0625,0.3075
2473545-B2,2,1,ok,2.0,422,6025,422,2000,5909.4992503368385,4106.136778490547,1988.257528591304,13700.294814030378,68.0,40320.87083632991,0.008,0.008,0.028
2473545-B2,2,1,ok,4.0,422,6025,422,2000,25223.916197210863,20153.505332617562,5090.690573740232,56767.765482428316,418.91765300593386,74786.94801233702,0.0,0.002,0.005
2473545-B2,2,1,ok,8.0,422,6025,422,2000,109529.0752342201,105340.41861797593,64311.524746062,157503.39191160924,28873.048626703763,176560.44988898278,0.0,0.0,0.0
2473545-B3,2,1,ok,1.0,248,3653,248,2000,1717.1225245322053,1448.1546878700494,1024.0,2289.7336089597848,0.0,4579.4672179195695,0.0565,0.0565,0.2885
2473545-B3,2,1,ok,2.0,248,3653,248,2000,13357.261514516713,10137.524944482258,2491.8941011225525,29508.802279997744,488.20077836890016,38967.02364820798,0.0,0.0005,0.0215
2473545-B3,2,1,ok,4.0,248,3653,248,2000,20039.81586653277,14787.050826326737,4818.6840527264285,45717.41111213345,478.40150501435505,60245.736778630235,0.0,0.001,0.0065
2473545-B3,2,1,ok,8.0,248,3653,248,2000,89728.4897132771,89858.59317307374,58165.81527606711,122759.75468837802,39184.66317323654,137490.60302435217,0.0,0.0,0.0
2473549-B,0,1,ok,1.0,234,3285,234,2000,1866.076927169777,2048.0,1024.0,2896.309375740099,0.0,15602.193756007518,0.056,0.0565,0.2695
2473549-B,0,1,ok,2.0,234,3285,234,2000,9219.899758163547,7343.8817468942725,2451.7872131372983,18718.19701180974,353.9095929753812,36102.59787051342,0.0,0.0035,0.0165
2473549-B,0,1,ok,4.0,234,3285,234,2000,44661.2394556647,45231.055892129814,25674.961687699884,62826.193730440864,11482.432015910219,78011.12446952678,0.0,0.0,0.0
2473549-B,0,1,ok,8.0,234,3285,234,2000,122595.11458850316,123056.43366461217,88737.72853251263,155373.9016347831,72098.90099717194,172893.2533675042,0.0,0.0,0.0
2473600-B3,4,1,ok,1.0,321,4559,321,2000,1806.8112984244624,2048.0,1024.0,2896.309375740099,0.0,5514.408762505732,0.062,0.062,0.279
2473600-B3,4,1,ok,2.0,321,4559,321,2000,9581.39901120837,6263.725127209145,2239.2250891770573,21823.014775570966,68.70953354520753,30744.098880923473,0.0035,0.005,0.0205
2473600-B3,4,1,ok,4.0,321,4559,321,2000,38860.986052812776,34904.96241224161,7261.051232431844,76150.88324463647,759.4004213851873,92355.49542934627,0.0,0.0,0.0025
2473600-B3,4,1,ok,8.0,321,4559,321,2000,153198.32090404964,150879.3799408108,109062.66534187243,194529.24835861966,95229.45318020051,212254.4887628999,0.0,0.0,0.0
2473608-B2,4,1,ok,1.0,299,4453,299,2000,1706.2273646412934,1448.1546878700494,1024.0,2289.7336089597848,0.0,4222.060160632484,0.0595,0.0595,0.2925
2473608-B2,4,1,ok,2.0,299,4453,299,2000,11785.591288772082,7686.476439867614,2355.297221159147,29062.554357155233,87.09190547921202,39090.737163681115,0.003,0.003,0.015
2473608-B2,4,1,ok,4.0,299,4453,299,2000,14874.107364613012,8760.693354930727,3530.2296473190336,35563.41893659407,261.27571643763605,50420.55367605556,0.0,0.0025,0.0065
2473608-B2,4,1,ok,8.0,299,4453,299,2000,63831.060942008226,62909.75349661084,25916.82163369613,103368.20624671866,8857.022524528205,121059.4171512485,0.0,0.0,0.0
2473621-B3,0,1,ok,1.0,158,2107,158,2000,1926.2805916509556,2048.0,1024.0,3072.0,0.0,8740.875070609349,0.053,0.0535,0.2645
2473621-B3,0,1,ok,2.0,158,2107,158,2000,16876.860563119382,6768.905802486848,2204.925622328336,37976.22613872719,521.6598508606926,46932.861834752846,0.0,0.0,0.0265
2473621-B3,0,1,ok,4.0,158,2107,158,2000,11836.518168759063,11426.323772483407,5016.5303746713225,19368.675723932174,134.8517704741024,28739.095758217587,0.0005,0.001,0.0035
2473621-B3,0,1,ok,8.0,158,2107,158,2000,30938.117990801984,28209.063828798266,13346.3261039466,54546.00999487761,566.0141340991406,69492.56478933556,0.0,0.0,0.001
2473623-B2,2,1,ok,1.0,73,947,73,947,1703.5771621190236,1448.1546878700494,1024.0,2289.7336089597848,0.0,4579.4672179195695,0.0559662090813094,0.0559662090813094,0.2946145723336853
2473623-B2,2,1,ok,2.0,73,947,73,947,24814.719969238115,23645.89742428906,14002.207130416711,37931.020975495805,7064.063490654653,45073.44993452354,0.0,0.0,0.0
2473623-B2,2,1,ok,4.0,73,947,73,947,51617.45836968547,47181.854403997306,27846.629873211696,77689.54005859143,20186.256537555448,83709.79169129499,0.0,0.0,0.0
2473623-B2,2,1,ok,8.0,73,947,73,947,156219.7792164411,144152.6668535827,131861.88333520788,189906.2264044884,126048.22468008028,195873.90160253612,0.0,0.0,0.0
2473738-B3,4,1,ok,1.0,264,3919,264,2000,1686.2888871155528,1448.1546878700494,1024.0,2289.7336089597848,0.0,4579.4672179195695,0.067,0.067,0.3025
2473738-B3,4,1,ok,2.0,264,3919,264,2000,13029.266948638242,7765.258076844581,2338.4030875792137,31261.43414040951,521.8467207906934,41031.112536708046,0.0,0.0,0.022
2473738-B3,4,1,ok,4.0,264,3919,264,2000,13518.704874674924,9311.930036249198,3923.898627900937,29735.575252987263,239.63305281200255,44249.96896044109,0.002,0.003,0.008
2473738-B3,4,1,ok,8.0,264,3919,264,2000,52682.73363604724,53807.83619241277,18601.277450778412,84717.75070038004,3769.434970920708,103263.3927052564,0.0,0.0,0.0
2474124-B2,1,1,ok,1.0,209,3104,209,2000,2128.0849879592583,2048.0,1024.0,3072.0,0.0,28171.831481108926,0.0455,0.0465,0.246
2474124-B2,1,1,ok,2.0,209,3104,209,2000,12201.41827048077,9983.862192632536,2612.285015077796,24509.018687849522,329.607342151233,45768.473701883486,0.0,0.0035,0.017
2474124-B2,1,1,ok,4.0,209,3104,209,2000,35536.52743284036,31641.717002609555,7473.649242505297,68447.78944225772,242.78591392418136,83025.80815625946,0.0005,0.001,0.0035
2474124-B2,1,1,ok,8.0,209,3104,209,2000,136047.85210498245,128338.04439561206,97725.63741073043,176668.24191919708,60541.83487473765,188246.61582349893,0.0,0.0,0.0
2474140-B3,4,1,ok,1.0,227,3068,227,2000,1850.4902311069993,2048.0,1024.0,2896.309375740099,0.0,8825.691644284883,0.0555,0.0555,0.2705
2474140-B3,4,1,ok,2.0,227,3068,227,2000,6317.537909682465,4711.511434773347,1940.5666636161925,13822.594980682896,102.61578825892242,23239.78381999282,0.0025,0.007,0.026
2474140-B3,4,1,ok,4.0,227,3068,227,2000,29673.10602856478,29895.857269168846,6869.077695936973,53963.18820902767,1148.8781484561364,63881.997213612536,0.0,0.0,0.0
2474140-B3,4,1,ok,8.0,227,3068,227,2000,108563.45777597549,110441.1609649158,76413.8784807123,139106.03222018736,55914.9855494929,150876.11871996179,0.0,0.0,0.0
2474150-B3,0,1,ok,1.0,220,3180,220,2000,1778.4711451672981,1448.1546878700494,1024.0,2896.309375740099,0.0,5514.408762505732,0.0585,0.0585,0.275
2474150-B3,0,1,ok,2.0,220,3180,220,2000,11213.377312581562,8122.108100733454,2416.4767741486776,25211.06324492307,439.11843504913344,34961.26028906853,0.0,0.0055,0.0185
2474150-B3,0,1,ok,4.0,220,3180,220,2000,32055.951783575372,26365.794570370937,5281.18896921001,65696.9832317948,485.8240422210494,78123.80738289705,0.0,0.001,0.002
2474150-B3,0,1,ok,8.0,220,3180,220,2000,130113.62649837995,123874.80686174752,92695.89119059143,168864.9481117948,79639.15334180795,181282.61392643256,0.0,0.0,0.0
2474188-B2,2,1,ok,1.0,317,4656,317,2000,1795.1190393843715,1448.1546878700494,1024.0,2896.309375740099,0.0,8275.032326220848,0.056,0.056,0.2715
2474188-B2,2,1,ok,2.0,317,4656,317,2000,9274.027085683298,7321.445832052941,2576.4471661573034,19753.610621364936,472.4743379274688,27747.38618320652,0.0,0.003,0.0115
2474188-B2,2,1,ok,4.0,317,4656,317,2000,33029.15610910926,16458.2162288091,5109.154987968881,70511.24997462568,244.75293665245368,84129.33281561194,0.0005,0.001,0.0025
2474188-B2,2,1,ok,8.0,317,4656,317,2000,129000.01671544413,115775.81339661083,81214.9566430644,178737.7648556169,57977.10776677291,194231.70328244564,0.0,0.0,0.0
2474189-B7,4,1,ok,1.0,61,844,61,844,1829.821049561917,1448.1546878700494,1024.0,2896.309375740099,0.0,6476.344648024841,0.05924170616113744,0.05924170616113744,0.28791469194312796
2474189-B7,4,1,ok,2.0,61,844,61,844,28097.952038428255,31042.366018072786,5579.154429996827,42471.61165669997,1001.2836760878507,78899.54411148393,0.0,0.0,0.001184834123222749
2474189-B7,4,1,ok,4.0,61,844,61,844,56746.03552178988,55765.90120368876,38204.26165220707,72288.17506062727,31774.613325735372,100038.62354610843,0.0,0.0,0.0
2474189-B7,4,1,ok,8.0,61,844,61,844,156914.7725758206,156320.58134667447,136395.12285725275,175429.00893997305,123994.59398296363,195988.04153570186,0.0,0.0,0.0
2474291-B2,0,1,ok,1.0,316,4662,316,2000,1753.164952191256,1448.1546878700494,1024.0,2896.309375740099,0.0,5120.0,0.0615,0.0615,0.2815
2474291-B2,0,1,ok,2.0,316,4662,316,2000,9601.184267511215,5468.996343023096,2153.6947323146796,22653.158822078276,230.0630348404541,42640.5021077379,0.0035,0.0075,0.02
2474291-B2,0,1,ok,4.0,316,4662,316,2000,28114.207170353307,21451.291831043633,4995.265858790701,61285.24551687618,335.393798392278,75566.99010149868,0.0,0.001,0.004
2474291-B2,0,1,ok,8.0,316,4662,316,2000,114967.20741497207,112680.37744488928,69954.79061262587,160393.28404081106,35627.807566562384,177042.04892906093,0.0,0.0,0.0
2474337-B3,0,1,ok,1.0,301,4367,301,2000,1739.2422001781927,1448.1546878700494,1024.0,2896.309375740099,0.0,5120.0,0.059,0.059,0.289
2474337-B3,0,1,ok,2.0,301,4367,301,2000,9154.727024624928,6417.5503893619725,2259.1476268716924,19803.41784741394,88.68483523128404,33316.375553172045,0.0015,0.0035,0.0225
2474337-B3,0,1,ok,4.0,301,4367,301,2000,42910.9377047848,42566.22086794602,17074.050245917093,70832.33908321819,1078.295414067963,84927.16298099213,0.0,0.0,0.0
2474337-B3,0,1,ok,8.0,301,4367,301,2000,152803.04801255785,153436.00584443938,122955.98846580822,183415.42104537855,94844.97498549936,196633.11901101502,0.0,0.0,0.0
2474500-B2,3,1,ok,1.0,257,3784,257,2000,1785.2367172104953,1448.1546878700494,1024.0,2896.309375740099,0.0,5792.618751480198,0.055,0.055,0.274
2474500-B2,3,1,ok,2.0,257,3784,257,2000,13693.808095515415,10232.809975759346,2626.389156237133,31600.938283375264,461.78783006917797,46096.73463489578,0.0,0.0025,0.0115
2474500-B2,3,1,ok,4.0,257,3784,257,2000,32596.728325151576,32029.667419360114,7601.2893643118205,58182.40530116556,480.41648597857255,74712.88188793148,0.0,0.0005,0.001
2474500-B2,3,1,ok,8.0,257,3784,257,2000,121464.41577459982,122004.10067887077,84791.5759146772,157297.60398698077,67147.29659487416,175411.55519520372,0.0,0.0,0.0
2474612-B2,3,1,ok,1.0,268,3923,268,2000,1704.8347951060914,1448.1546878700494,1024.0,2896.309375740099,0.0,4579.4672179195695,0.0615,0.0615,0.293
2474612-B2,3,1,ok,2.0,268,3923,268,2000,14447.65884903721,11607.510370445507,2596.243440049488,31847.082168499302,415.3372123949406,42562.21903284649,0.0,0.006,0.01
2474612-B2,3,1,ok,4.0,268,3923,268,2000,31429.70570096007,29972.452812719683,8472.00145236096,58327.095315985,950.2973218945742,73080.33935334455,0.0,0.0,0.0005
2474612-B2,3,1,ok,8.0,268,3923,268,2000,115472.4306910731,114103.8371661669,77869.78503651079,155623.01407275046,58726.17100577902,170419.3416252979,0.0,0.0,0.0
2474626-B2,2,1,ok,1.0,212,3019,212,2000,1823.8694780297712,2048.0,1024.0,2896.309375740099,0.0,5120.0,0.053,0.054,0.268
2474626-B2,2,1,ok,2.0,212,3019,212,2000,6836.171661654994,5387.262106116613,2213.255746632097,13830.208955445962,231.5879962346926,19562.773653038057,0.0025,0.007,0.0205
2474626-B2,2,1,ok,4.0,212,3019,212,2000,23392.313918999425,23156.351980840256,7495.197166637103,39178.706224482885,305.17699782257506,54592.66122841054,0.0,0.001,0.0035
2474626-B2,2,1,ok,8.0,212,3019,212,2000,89383.82766007881,88873.04188682165,72281.55346985796,106939.03129892239,60006.11479674384,128434.28894574844,0.0,0.0,0.0
2474631-B3,3,1,ok,1.0,293,4105,293,2000,1698.3504871001905,1448.1546878700494,1024.0,2289.7336089597848,0.0,4579.4672179195695,0.0545,0.0555,0.295
2474631-B3,3,1,ok,2.0,293,4105,293,2000,8652.65939464506,4208.616399720934,1930.9862764918864,25862.01310964258,195.96938536414305,40528.089271516365,0.006,0.008,0.0255
2474631-B3,3,1,ok,4.0,293,4105,293,2000,63257.261390214844,65212.73136606904,22202.56826214918,106849.92632562992,6978.9079374928,122577.12610434297,0.0,0.0,0.0
2474631-B3,3,1,ok,8.0,293,4105,293,2000,225635.81527678424,226848.35836129752,183467.60430855365,268733.91792755725,170707.51886194118,286210.97047457844,0.0,0.0,0.0
2474638-B3,0,1,ok,1.0,155,2249,155,2000,1793.5561438001037,2048.0,1024.0,2896.309375740099,0.0,5514.408762505732,0.059,0.059,0.28
2474638-B3,0,1,ok,2.0,155,2249,155,2000,6667.507860920867,4726.426239771441,2060.3458447551957,14405.820005125719,278.21214926742505,21730.227449338858,0.0,0.0035,0.027
2474638-B3,0,1,ok,4.0,155,2249,155,2000,30388.321929560687,30512.309829936483,5130.6399211014605,60688.277167050815,524.3605629717017,69434.35029580099,0.0,0.0,0.005
2474638-B3,0,1,ok,8.0,155,2249,155,2000,122560.6867221069,125381.34936942506,88487.63822606365,155932.5638104238,75511.73600176333,165278.25309156676,0.0,0.0,0.0
2474704-B2,2,1,ok,1.0,144,2111,144,2000,1760.2274597868397,1448.1546878700494,1024.0,2896.309375740099,0.0,5792.618751480198,0.057,0.057,0.2855
2474704-B2,2,1,ok,2.0,144,2111,144,2000,9705.924796280508,8692.172225629218,2593.987278303423,19167.947736059108,338.54098717880527,26565.725926463972,0.0,0.0035,0.0155
2474704-B2,2,1,ok,4.0,144,2111,144,2000,47467.53999824712,46993.76963707515,26152.469290680758,68249.24406913624,14948.88256693456,77637.84037439476,0.0,0.0,0.0
2474704-B2,2,1,ok,8.0,144,2111,144,2000,149109.5782912042,150243.92645984312,125954.72474119873,169682.7664667063,113049.78323729771,177824.8383156864,0.0,0.0,0.0
2474718-B4,1,1,ok,1.0,154,2123,154,2000,1811.3968613983434,2048.0,1024.0,2896.309375740099,0.0,4579.4672179195695,0.0575,0.058,0.275
2474718-B4,1,1,ok,2.0,154,2123,154,2000,16990.851616690747,14678.086665580882,2537.8998634057543,37088.09657904803,325.35826407208407,45604.458839021434,0.0,0.005,0.018
2474718-B4,1,1,ok,4.0,154,2123,154,2000,13028.421382195658,10091.105429608797,4391.31818105026,27149.040866429903,145.79780519610026,42477.18570009082,0.0005,0.0015,0.005
2474718-B4,1,1,ok,8.0,154,2123,154,2000,49608.97932867346,48420.12448864734,16764.974283190906,83151.72236059024,6939.066940158454,98701.34694622966,0.0,0.0,0.0
2474721-B,3,1,ok,1.0,309,4548,309,2000,1742.7704549948153,1448.1546878700494,1024.0,2896.309375740099,0.0,8444.120321264969,0.057,0.057,0.28
2474721-B,3,1,ok,2.0,309,4548,309,2000,8624.998797780774,4767.060310086291,2006.5532636837727,21678.95891915544,222.27910383119686,32644.45288253427,0.006,0.009,0.027
2474721-B,3,1,ok,4.0,309,4548,309,2000,20737.971385167344,14711.700701087331,4629.928390708049,48269.73831474004,434.234959440163,65294.94926868387,0.0,0.0015,0.005
2474721-B,3,1,ok,8.0,309,4548,309,2000,98315.5161433768,96680.66018229644,62877.79769233031,135027.88863385987,44910.93630731829,152587.79904042132,0.0,0.0,0.0
2474739-B2,0,1,ok,1.0,315,4727,315,2000,1718.9069024213236,1448.1546878700494,1024.0,2896.309375740099,0.0,4579.4672179195695,0.0555,0.0555,0.299
2474739-B2,0,1,ok,2.0,315,4727,315,2000,8266.795366664473,4965.519509578026,1962.3376365957006,18997.93673007677,422.715034035933,28127.66325168161,0.0,0.0015,0.024
2474739-B2,0,1,ok,4.0,315,4727,315,2000,34866.16762633595,28172.523772684755,5590.353208876877,70500.13591098168,511.5789284167205,83436.77385901255,0.0,0.002,0.003
2474739-B2,0,1,ok,8.0,315,4727,315,2000,140458.8809622293,136680.3814144752,102238.08898544672,179460.95768037665,77739.10964887623,192602.20891775878,0.0,0.0,0.0
2474901-B,3,1,ok,1.0,250,3626,250,2000,1749.5429068571193,1448.1546878700494,1024.0,2896.309375740099,0.0,8405.739051386261,0.0585,0.0585,0.2925
2474901-B,3,1,ok,2.0,250,3626,250,2000,6766.605417965275,4525.05911563595,1911.096282242211,15325.963599570825,379.5589545775465,25248.358699131317,0.0,0.0095,0.027
2474901-B,3,1,ok,4.0,250,3626,250,2000,19518.690984876514,16417.367332369693,4751.6970652599475,42116.25746053848,410.96228537421774,53752.05893730956,0.0,0.0015,0.006
2474901-B,3,1,ok,8.0,250,3626,250,2000,86835.53382932377,87083.09240304484,67087.89813128127,107246.56147082293,39696.884575492826,116666.26096691366,0.0,0.0,0.0
2475011-B2,0,1,ok,1.0,183,2646,183,2000,1747.7778537680406,1448.1546878700494,1024.0,2896.309375740099,0.0,5520.133694033144,0.06,0.06,0.288
2475011-B2,0,1,ok,2.0,183,2646,183,2000,7573.434477254858,5085.408144878836,2194.184145587568,16646.975479325894,302.7358584641073,23944.543950553747,0.0,0.008,0.026
2475011-B2,0,1,ok,4.0,183,2646,183,2000,28040.61385340468,28133.828144881918,4725.16338341861,55141.72225114184,202.07176942858692,64514.29559407744,0.0005,0.0005,0.003
2475011-B2,0,1,ok,8.0,183,2646,183,2000,107141.13148158975,113192.9846581114,70489.1322022497,141240.68860497716,56396.55366243579,152113.34973630685,0.0,0.0,0.0
2475022-B,0,1,ok,1.0,224,3274,224,2000,1794.6751718974397,1448.1546878700494,1024.0,2896.309375740099,0.0,12737.387487236148,0.0545,0.0545,0.284
2475022-B,0,1,ok,2.0,224,3274,224,2000,11072.17374507282,9078.259518540333,2585.4612741249866,22896.40630465018,408.8618348537804,30524.230375228137,0.0,0.0035,0.01
2475022-B,0,1,ok,4.0,224,3274,224,2000,47494.91288401464,54652.972175568444,13524.926037716628,81838.24034858317,3398.7482990065623,92340.96261140014,0.0,0.0,0.0
2475022-B,0,1,ok,8.0,224,3274,224,2000,168738.32220109904,176765.02826207512,133144.5445672447,204446.04243708545,113918.39715340099,215558.30691485773,0.0,0.0,0.0
2475126-B2,0,1,ok,1.0,231,3334,231,2000,1864.0761224931866,2048.0,1024.0,2896.309375740099,0.0,6757.246850604172,0.052,0.052,0.265
2475126-B2,0,1,ok,2.0,231,3334,231,2000,9488.103165410126,7220.355946904557,2300.0521733212922,20663.172360506505,394.0812099047606,29839.576689356705,0.0,0.0075,0.0225
2475126-B2,0,1,ok,4.0,231,3334,231,2000,29067.40230582189,27563.039092233645,6737.645628246154,56041.20312083585,305.52904935537634,69582.57253077095,0.0,0.001,0.0035
2475126-B2,0,1,ok,8.0,231,3334,231,2000,123409.39582396358,123349.56259138767,101395.79441691704,146998.85103519412,80595.1535143398,159862.09176662238,0.0,0.0,0.0
2475159-B,1,1,ok,1.0,178,2588,178,2000,1722.046935382525,1448.1546878700494,1024.0,2896.309375740099,0.0,5221.395981919011,0.062,0.062,0.3025
2475159-B,1,1,ok,2.0,178,2588,178,2000,7056.821418528751,4744.344001018476,1957.3042686307103,15565.875375286021,401.2779585275025,24371.3279285311,0.0,0.005,0.0245
2475159-B,1,1,ok,4.0,178,2588,178,2000,24048.13511241839,21973.538980160167,6308.2594271320195,46179.41834913409,355.5629339512205,57454.24447331981,0.0,0.0005,0.002
2475159-B,1,1,ok,8.0,178,2588,178,2000,93123.40870914469,90471.81017715795,63629.46603559931,123685.55790664844,49825.62450185647,135203.8484659368,0.0,0.0,0.0
2475184-B2,3,1,ok,1.0,243,3242,243,2000,1796.4279894410342,2048.0,1024.0,2896.309375740099,0.0,4633.944540022032,0.0535,0.0535,0.28
2475184-B2,3,1,ok,2.0,243,3242,243,2000,6506.16008734191,4692.693895834247,1898.8838827058382,13727.043591047355,325.3459696999488,28418.677590626907,0.0,0.0005,0.037
2475184-B2,3,1,ok,4.0,243,3242,243,2000,21300.257135645934,18825.520766788042,4904.790098150644,42662.210395484464,468.6704599182671,56837.578555036984,0.0,0.002,0.0065
2475184-B2,3,1,ok,8.0,243,3242,243,2000,88107.87496099273,86966.66332393052,56939.513258521096,118986.99803663729,33648.13486658659,133752.9462254944,0.0,0.0,0.0
2475349-B2,0,1,ok,1.0,132,1861,132,1861,2088.0126557177177,2048.0,1024.0,3072.0,0.0,35959.768909157356,0.05212251477700161,0.05212251477700161,0.2584631918323482
2475349-B2,0,1,ok,2.0,132,1861,132,1861,15869.32092436751,10069.010080439884,3007.447422649314,37964.27257303899,420.5948168962618,52309.64136753377,0.0,0.0021493820526598604,0.008597528210639442
2475349-B2,0,1,ok,4.0,132,1861,132,1861,39298.98471230251,38879.8976336101,17938.6404167094,61191.70852329586,9042.633465976602,94532.71875916825,0.0,0.0,0.0
2475349-B2,0,1,ok,8.0,132,1861,132,1861,110991.5295768102,109975.00170493293,96446.8787468003,128047.85019671357,85847.33542749012,145740.40411979103,0.0,0.0,0.0
2476242-B2,2,1,ok,1.0,240,3500,240,2000,1747.3316914797472,1448.1546878700494,1024.0,2896.309375740099,0.0,7230.776721763714,0.058,0.058,0.293
2476242-B2,2,1,ok,2.0,240,3500,240,2000,15965.97889189132,14911.555921499272,3318.1910702978307,30816.164938822105,346.30766667805665,44480.88768223944,0.0,0.0045,0.008
2476242-B2,2,1,ok,4.0,240,3500,240,2000,63187.24979232155,53875.07067195965,27880.837674511506,100395.7596706821,5100.865514792563,113444.25423969254,0.0,0.0,0.0
2476242-B2,2,1,ok,8.0,240,3500,240,2000,204048.31205444652,189943.06107779485,164125.38912278973,246972.0478666425,133066.10410243474,262001.66888781454,0.0,0.0,0.0
2476250-B2,1,1,ok,1.0,79,1047,79,1047,2024.5863518388057,2048.0,1024.0,2896.309375740099,0.0,24725.4001383193,0.05826170009551098,0.05826170009551098,0.276981852913085
2476250-B2,1,1,ok,2.0,79,1047,79,1047,27665.12078791573,26524.902111035208,10102.852976040947,46834.85469055117,2662.0653635851995,73686.63868029264,0.0,0.0,0.0
2476250-B2,1,1,ok,4.0,79,1047,79,1047,75378.3843325849,75659.02119377437,63191.31728506066,88062.43434712995,47297.265586923735,107305.63303014432,0.0,0.0,0.0
2476250-B2,1,1,ok,8.0,79,1047,79,1047,198261.63470415052,198689.77734146264,179059.4381991859,217265.17996533608,165934.16690965125,226106.7749184,0.0,0.0,0.0
2476252-B2,0,1,ok,1.0,120,1594,120,1594,1763.6970695426844,1448.1546878700494,1024.0,2896.309375740099,0.0,5120.0,0.05834378920953576,0.05834378920953576,0.2860727728983689
2476252-B2,0,1,ok,2.0,120,1594,120,1594,14896.85960047372,14768.669676040561,4546.625023501168,24378.19785936044,499.78495375511255,32817.35653583329,0.0,0.0012547051442910915,0.005018820577164366
2476252-B2,0,1,ok,4.0,120,1594,120,1594,45102.555548886696,57652.7410707269,12944.617820969559,74137.66241355034,806.7322976055935,80890.08900971738,0.0,0.0,0.0006273525721455458
2476252-B2,0,1,ok,8.0,120,1594,120,1594,150787.0831963494,166411.14655172586,114480.74756055984,183509.27913192022,102555.15308847235,190557.17278549238,0.0,0.0,0.0
2476286-B2,2,1,ok,1.0,302,4315,302,2000,1729.981288664956,1448.1546878700494,1024.0,2896.309375740099,0.0,4579.4672179195695,0.0565,0.0565,0.2965
2476286-B2,2,1,ok,2.0,302,4315,302,2000,9487.807356774088,6099.2488062055645,2264.7640053656805,21419.092884620488,385.25316351718647,36090.24959736355,0.0,0.0055,0.022
2476286-B2,2,1,ok,4.0,302,4315,302,2000,44090.967795295386,46446.06646303984,11164.64534103482,75259.54283894254,951.9075585370672,88651.09123411849,0.0,0.0,0.0005
2476286-B2,2,1,ok,8.0,302,4315,302,2000,155669.97397949203,153301.7767181027,118210.41014547354,193051.47975440274,83254.68510540413,206398.73383574813,0.0,0.0,0.0
2476295-B3,1,1,ok,1.0,249,3732,249,2000,1797.0700674642446,1448.1546878700494,1024.0,2896.309375740099,0.0,22267.258138351925,0.0625,0.0625,0.294
2476295-B3,1,1,ok,2.0,249,3732,249,2000,8719.335772952074,4612.026019007265,1967.479605993414,23301.17438352153,364.24716882907956,34103.67727973041,0.0,0.008,0.018
2476295-B3,1,1,ok,4.0,249,3732,249,2000,14224.714742346308,12125.744018409758,4417.8321362669485,27304.225019206326,80.0,53870.37576442177,0.0005,0.0015,0.004
2476295-B3,1,1,ok,8.0,249,3732,249,2000,51497.07723105016,51936.79995059426,32075.13855334232,70327.98550325273,11221.445361449656,87065.12725540577,0.0,0.0,0.0
2476299-B2,1,1,ok,1.0,227,3089,227,2000,1692.2069856469502,1448.1546878700494,1024.0,2289.7336089597848,0.0,5514.408762505732,0.0635,0.0635,0.3
2476299-B2,1,1,ok,2.0,227,3089,227,2000,6178.070240586061,3922.868465804073,1644.880846748481,14264.264961111596,468.7344664092881,27100.800357185024,0.0,0.0005,0.0435
2476299-B2,1,1,ok,4.0,227,3089,227,2000,10685.014240167186,8111.813900232784,3667.1263954218975,22345.747840103133,391.7397095010921,39249.6140235799,0.0,0.0005,0.0145
2476299-B2,1,1,ok,8.0,227,3089,227,2000,41621.50360649817,41297.66249228488,9984.22121616016,75353.94317856092,565.1548460377917,92237.62712147359,0.0,0.0,0.001
2476358-B2,2,1,ok,1.0,212,3078,212,2000,1735.5253996597914,1448.1546878700494,1024.0,2896.309375740099,0.0,6228.748831025377,0.0655,0.066,0.2925
2476358-B2,2,1,ok,2.0,212,3078,212,2000,8175.539677988309,5360.147575414756,2106.790581497859,18170.57062930901,329.84845004941286,31011.142787714227,0.0,0.007,0.027
2476358-B2,2,1,ok,4.0,212,3078,212,2000,34462.597819206414,34255.02312092585,13672.82849744281,55964.95550454157,1008.5558983021218,68434.07294615745,0.0,0.0,0.0005
2476358-B2,2,1,ok,8.0,212,3078,212,2000,124702.94881648017,124789.61500941403,106441.35238864181,142582.64618596665,94106.38414581658,153712.77382182653,0.0,0.0,0.0
2476376-B2,2,1,ok,1.0,262,3675,262,2000,1773.696081179786,1448.1546878700494,1024.0,2896.309375740099,0.0,9865.54413096409,0.058,0.058,0.2905
2476376-B2,2,1,ok,2.0,262,3675,262,2000,14792.022154706416,13329.469306765368,2739.3840548561275,30114.66358964975,323.9753077010654,41682.508945599715,0.0,0.0015,0.012
2476376-B2,2,1,ok,4.0,262,3675,262,2000,70851.20251346451,70901.58848326466,35584.077403414376,106333.2645665838,2260.252198317701,120600.02520729421,0.0,0.0,0.0
2476376-B2,2,1,ok,8.0,262,3675,262,2000,227496.46882339145,226404.14674852218,200776.99588424544,256211.6852456974,161813.85534001715,269140.1400311741,0.0,0.0,0.0
2476391-B2,4,1,ok,1.0,154,2214,154,2000,1782.5537258632628,1448.1546878700494,1024.0,2896.309375740099,0.0,6556.799219131237,0.0565,0.0565,0.282
2476391-B2,4,1,ok,2.0,154,2214,154,2000,19061.731099472956,18281.68902397454,4256.96147818792,35434.6758623239,352.4599268001967,44229.49225347268,0.0,0.002,0.005
2476391-B2,4,1,ok,4.0,154,2214,154,2000,48971.83701948223,49662.93781984568,25859.826071658692,72347.27728433227,12119.34127747874,88418.63389580276,0.0,0.0,0.0
2476391-B2,4,1,ok,8.0,154,2214,154,2000,152137.59918708657,149043.45004703436,123187.44774871849,181942.59660816574,113398.35018641144,197761.62718788497,0.0,0.0,0.0
2476681-B2,1,1,ok,1.0,172,2291,172,2000,1763.996808794074,1448.1546878700494,1024.0,2896.309375740099,0.0,7920.349550367079,0.0585,0.0585,0.2885
2476681-B2,1,1,ok,2.0,172,2291,172,2000,13525.79095315757,11945.762470432768,2514.7566482663883,28940.805732504323,445.4581910797017,40786.83023967418,0.0,0.0055,0.0185
2476681-B2,1,1,ok,4.0,172,2291,172,2000,33028.41448727062,35745.23941871305,6240.227426341104,60997.73128059766,234.6955474652214,72067.73275884292,0.0005,0.0005,0.002
2476681-B2,1,1,ok,8.0,172,2291,172,2000,122086.27699577043,129037.58640206081,85546.50694516923,157055.28050905734,73591.18948624218,170233.7001213332,0.0,0.0,0.0
2476693-B3,4,1,ok,1.0,220,3003,220,2000,1921.0215869052029,1804.5009576704938,1024.0,2896.309375740099,0.0,18492.340495459193,0.056,0.0565,0.272
2476693-B3,4,1,ok,2.0,220,3003,220,2000,10241.289423088208,8092.238157466623,2384.5242712121844,22487.599373882185,145.5609837834301,38594.29228525897,0.0065,0.007,0.017
2476693-B3,4,1,ok,4.0,220,3003,220,2000,37864.27403438671,27400.11257970117,8512.4151015878,74988.7746480437,433.0288673980062,88598.0114054486,0.0,0.0005,0.0015
2476693-B3,4,1,ok,8.0,220,3003,220,2000,149441.03395853023,143786.67573414493,109257.35200696989,192410.7489973323,93571.15723341248,208180.10168361434,0.0,0.0,0.0
2476750-B,3,1,ok,1.0,320,4596,320,2000,1718.4372392568594,1448.1546878700494,1024.0,2289.7336089597848,0.0,7168.0,0.0575,0.0575,0.2875
2476750-B,3,1,ok,2.0,320,4596,320,2000,8695.899941772073,4548.2903381380565,2094.891405300046,23084.83195780601,221.92115717073935,36960.098281795734,0.003,0.007,0.0245
2476750-B,3,1,ok,4.0,320,4596,320,2000,57447.44470862908,55540.4074398822,26889.803112832513,89760.48970946443,3365.412901859146,106206.37951177885,0.0,0.0,0.0
2476750-B,3,1,ok,8.0,320,4596,320,2000,193549.8719539033,192854.38397110184,165116.66974894478,223332.4995077149,133289.47254753468,240533.02439581972,0.0,0.0,0.0
2476834-B3,2,1,ok,1.0,303,4328,303,2000,1753.3824006280172,1448.1546878700494,1024.0,2896.309375740099,0.0,13750.400175994879,0.059,0.059,0.288
2476834-B3,2,1,ok,2.0,303,4328,303,2000,10596.876835019999,6515.105294621108,2256.795294217001,25100.400436592012,239.0188277102873,37493.66497156553,0.0005,0.005,0.0205
2476834-B3,2,1,ok,4.0,303,4328,303,2000,55053.77387482478,67668.50799584523,11531.756121956614,97206.50344888555,411.92353659386833,113561.54648911752,0.0,0.0005,0.001
2476834-B3,2,1,ok,8.0,303,4328,303,2000,193211.40604871506,206191.63192614552,148927.4087344254,236176.92166935487,126070.33949347484,250874.08178805557,0.0,0.0,0.0
2476856-B2,1,1,ok,1.0,260,3535,260,2000,1722.066698480182,1448.1546878700494,1024.0,2506.7147834898615,0.0,6476.344648024841,0.0605,0.0605,0.295
2476856-B2,1,1,ok,2.0,260,3535,260,2000,12761.413060714445,11120.073718903714,2593.384004563001,26500.21620151168,243.24884377936928,37334.028258413266,0.003,0.005,0.016
2476856-B2,1,1,ok,4.0,260,3535,260,2000,60588.80457599206,58524.722260677794,32976.823762468026,89885.20000139989,13084.661287171326,102057.17637677421,0.0,0.0,0.0
2476856-B2,1,1,ok,8.0,260,3535,260,2000,191473.05497388655,192995.49754967095,157936.07560407676,222367.37596765102,133908.7565209983,235161.74355961898,0.0,0.0,0.0
2476983-B,2,1,ok,1.0,178,2273,178,2000,1808.9205175246248,2048.0,1024.0,2896.309375740099,0.0,6231.371036938821,0.053,0.055,0.2675
2476983-B,2,1,ok,2.0,178,2273,178,2000,15008.521719594553,14376.086704444198,2827.5998942065285,29101.75369286188,231.81458107720488,38648.086162189196,0.0005,0.001,0.0175
2476983-B,2,1,ok,4.0,178,2273,178,2000,42107.568034533804,43997.52248941877,7717.536802940461,77987.35206524041,661.7083949898173,90637.03601177612,0.0,0.0,0.0015
2476983-B,2,1,ok,8.0,178,2273,178,2000,157021.16992967058,164349.7518743346,115439.8186915245,197139.28894433758,102548.94862454709,207886.20352731444,0.0,0.0,0.0
2476984-B2,3,1,ok,1.0,79,1070,79,1070,1713.8814992073476,1448.1546878700494,1024.0,2896.309375740099,0.0,5120.0,0.058878504672897194,0.058878504672897194,0.297196261682243
2476984-B2,3,1,ok,2.0,79,1070,79,1070,19413.83696204347,19060.622420291835,3016.891280772312,37181.78031805658,624.0520811598981,42646.63533035168,0.0,0.0,0.014953271028037384
2476984-B2,3,1,ok,4.0,79,1070,79,1070,25729.99589419873,28676.53996515228,4971.253865977878,48902.13351198152,332.77770358003255,58099.583001945895,0.0,0.001869158878504673,0.003738317757009346
2476984-B2,3,1,ok,8.0,79,1070,79,1070,82250.57597679629,98325.92966377802,42358.25556916488,120728.04475526063,31458.232706240826,130033.5242350987,0.0,0.0,0.0
2477039-B,4,1,ok,1.0,247,3531,247,2000,1694.7242982370944,1448.1546878700494,1024.0,2289.7336089597848,0.0,5514.408762505732,0.06,0.06,0.3
2477039-B,4,1,ok,2.0,247,3531,247,2000,17493.46689729706,14263.173640173687,2309.9251070110477,40765.15767876581,69.35416353759881,54924.01446544125,0.007,0.007,0.0205
2477039-B,4,1,ok,4.0,247,3531,247,2000,113034.54228888446,115829.3334735649,77970.72124163568,147597.70424298433,62005.757361716016,161057.00848146906,0.0,0.0,0.0
2477039-B,4,1,ok,8.0,247,3531,247,2000,326737.2498958546,330636.3738153657,290277.13739931636,363252.9743980427,274315.2020322607,376508.1351856823,0.0,0.0,0.0
2477053-B3,4,1,ok,1.0,396,5849,396,2000,1702.7363217742409,1448.1546878700494,1024.0,2289.7336089597848,0.0,4579.4672179195695,0.06,0.06,0.289
2477053-B3,4,1,ok,2.0,396,5849,396,2000,8238.230680908762,4516.026572109602,1970.0406087185106,20706.26262752407,392.04591567825315,40485.04001480053,0.0,0.003,0.026
2477053-B3,4,1,ok,4.0,396,5849,396,2000,23276.56318296127,13818.302251374607,4639.472814878863,55335.92949575736,614.0521150521347,69263.1443698595,0.0,0.0,0.006
2477053-B3,4,1,ok,8.0,396,5849,396,2000,105986.96538435903,105366.24050053366,64790.78220078603,148505.50298221275,29109.55899700303,163907.2002811347,0.0,0.0,0.0
2477058-B2,3,1,ok,1.0,224,3382,224,2000,1735.1660396086168,1448.1546878700494,1024.0,2896.309375740099,0.0,4579.4672179195695,0.0545,0.0545,0.2885
2477058-B2,3,1,ok,2.0,224,3382,224,2000,9357.293446896652,5834.856678755063,2179.7614548385795,21669.85254107278,543.0580079512685,32948.99452183632,0.0,0.0,0.0305
2477058-B2,3,1,ok,4.0,224,3382,224,2000,17986.017329472616,11343.66428210858,4529.739948385558,42179.05881215178,476.40319058545356,55951.37546119845,0.0,0.001,0.0065
2477058-B2,3,1,ok,8.0,224,3382,224,2000,81452.93191763024,81463.73431377776,51727.5770736696,113813.37930584437,34496.083719749986,127757.2097378461,0.0,0.0,0.0
2477118-B3,3,1,ok,1.0,221,3195,221,2000,1683.1708505862136,1448.1546878700494,1024.0,2289.7336089597848,0.0,4579.4672179195695,0.059,0.059,0.3025
2477118-B3,3,1,ok,2.0,221,3195,221,2000,11790.022193348528,9411.030336790973,2487.8426612163416,26349.699833917795,142.0,35894.420025959465,0.005,0.006,0.01
2477118-B3,3,1,ok,4.0,221,3195,221,2000,29395.268037662427,28285.321255088384,6988.09194272657,53627.84922034446,596.0041946161117,67960.9278630008,0.0,0.0,0.0035
2477118-B3,3,1,ok,8.0,221,3195,221,2000,109312.38676863538,110234.7266785837,71791.57094563603,146246.43093384104,58542.88442671748,160991.26178771319,0.0,0.0,0.0
2477118-B4,3,1,ok,1.0,167,2364,167,2000,1720.9808478307384,1448.1546878700494,1024.0,2350.391185637899,0.0,5753.4759059198295,0.057,0.057,0.294
2477118-B4,3,1,ok,2.0,167,2364,167,2000,13382.9217329491,12079.414387055418,2662.2577400731943,27294.951187068546,354.44745731913497,37803.775525732875,0.0,0.0045,0.014
2477118-B4,3,1,ok,4.0,167,2364,167,2000,26829.20085171835,25591.839403005797,5758.8331725118505,50013.75583269776,436.51345912812354,60728.59972862869,0.0,0.001,0.003
2477118-B4,3,1,ok,8.0,167,2364,167,2000,96402.2290268622,93483.52986883439,59667.406881542316,131502.01876617115,43834.1912780423,142216.8484568548,0.0,0.0,0.0
2477189-B2,4,1,ok,1.0,291,4316,291,2000,1699.4395897899776,1448.1546878700494,1024.0,2289.7336089597848,0.0,4579.4672179195695,0.0585,0.0585,0.3065
2477189-B2,4,1,ok,2.0,291,4316,291,2000,9000.406590587423,6260.317273772642,2180.473401739299,19785.864162149846,177.2794404323299,31884.369603302493,0.004,0.0065,0.0155
2477189-B2,4,1,ok,4.0,291,4316,291,2000,36292.47592945831,36355.96036387145,5242.1018685256395,71788.51351857216,211.2439348241743,85427.00374588821,0.0015,0.0015,0.003
2477189-B2,4,1,ok,8.0,291,4316,291,2000,139649.5407969448,146017.16302647482,98198.59095155497,181074.83834347292,79807.75952249255,194780.21669820577,0.0,0.0,0.0
2477189-B3,0,1,ok,1.0,129,1775,129,1775,1780.686958579453,1448.1546878700494,1024.0,2896.309375740099,0.0,4579.4672179195695,0.05464788732394366,0.05464788732394366,0.27830985915492956
2477189-B3,0,1,ok,2.0,129,1775,129,1775,14712.419552433072,12093.004920200769,2901.4754867136135,30896.17168841473,440.21812775032333,39694.818011926945,0.0,0.003943661971830986,0.011267605633802818
2477189-B3,0,1,ok,4.0,129,1775,129,1775,27461.89371250627,28337.02990787849,7443.85917929097,46340.959348398275,404.357515077932,55242.70811609438,0.0,0.0005633802816901409,0.0016901408450704226
2477189-B3,0,1,ok,8.0,129,1775,129,1775,92129.59079555052,96181.3819821695,59827.4500174083,123539.13399407202,49583.56164093096,132291.17848140895,0.0,0.0,0.0
2477274-B3,2,1,ok,1.0,127,1675,127,1675,1765.1502216173208,1448.1546878700494,1024.0,2896.309375740099,0.0,5514.408762505732,0.056716417910447764,0.056716417910447764,0.2829850746268657
2477274-B3,2,1,ok,2.0,127,1675,127,1675,15526.648330155784,13836.17765136022,4508.727647574202,28723.802306870548,378.8627719900703,35082.29919774358,0.0,0.001791044776119403,0.007164179104477612
2477274-B3,2,1,ok,4.0,127,1675,127,1675,25315.134892363476,19560.43437656741,5284.229864993129,53706.01550698631,523.2064602047647,65690.16611335368,0.0,0.0,0.00417910447761194
2477274-B3,2,1,ok,8.0,127,1675,127,1675,101062.29309975788,106700.58099654378,60304.90823647772,139797.84823188407,50736.44213974803,153713.39065936967,0.0,0.0,0.0
2477285-B2,1,1,ok,1.0,221,3146,221,2000,1714.1454126315462,1448.1546878700494,1024.0,2896.309375740099,0.0,4579.4672179195695,0.0615,0.0615,0.294
2477285-B2,1,1,ok,2.0,221,3146,221,2000,15353.046763524622,12013.086734236917,2850.3564326139076,34305.85795458263,354.80980820715763,43376.309686279215,0.0,0.003,0.012
2477285-B2,1,1,ok,4.0,221,3146,221,2000,13779.769614896506,11884.43577035349,4571.586376740573,25397.120738820828,373.48360071092816,42918.04628591567,0.0,0.002,0.006
2477285-B2,1,1,ok,8.0,221,3146,221,2000,36001.501556469564,35835.18662345934,17534.95627527284,55220.42283929195,845.1485076600443,80634.19215816575,0.0,0.0,0.0005
2477299-B2,1,1,ok,1.0,396,5990,396,2000,1758.1661697963627,1448.1546878700494,1024.0,2896.309375740099,0.0,12038.221795597554,0.0605,0.0605,0.3015
2477299-B2,1,1,ok,2.0,396,5990,396,2000,7454.470950207027,4177.961225286803,1913.1210102865946,18961.89020113765,393.40564307086396,37474.36713274822,0.0,0.0095,0.0265
2477299-B2,1,1,ok,4.0,396,5990,396,2000,40357.794286534234,42394.563170891925,6439.311283115075,78684.66322635741,112.0,98697.5883798586,0.0005,0.0005,0.001
2477299-B2,1,1,ok,8.0,396,5990,396,2000,155328.54285790998,162983.61358061354,104804.96766496054,201259.15252203651,72920.37564357441,220158.3680172071,0.0,0.0,0.0
2477473-B2,1,1,ok,1.0,280,4199,280,2000,1905.8528319202953,2048.0,1024.0,2896.309375740099,0.0,14661.909425446605,0.052,0.052,0.2665
2477473-B2,1,1,ok,2.0,280,4199,280,2000,9796.599827278309,7289.075730159483,2643.582447809412,21602.300566072696,499.0040079999358,41991.889847921826,0.0,0.0035,0.024
2477473-B2,1,1,ok,4.0,280,4199,280,2000,26241.48546018535,20688.45393429845,5997.4964880091575,54522.53533091588,510.929545045107,71872.34467442954,0.0,0.0015,0.0045
2477473-B2,1,1,ok,8.0,280,4199,280,2000,104912.90166885676,105980.4391378119,58844.51164720055,148173.57518557788,37699.50782172096,163668.8713256128,0.0,0.0,0.0
2477476-B2,3,1,ok,1.0,313,4584,313,2000,1717.5332757747033,1448.1546878700494,1024.0,2289.7336089597848,0.0,12336.194713119601,0.065,0.065,0.291
2477476-B2,3,1,ok,2.0,313,4584,313,2000,6727.157417683789,4158.1920350075225,1856.7565807073365,15832.361573688242,199.1808223700264,37823.7349953703,0.004,0.0105,0.0235
2477476-B2,3,1,ok,4.0,313,4584,313,2000,14334.495510309,11053.166530382736,4221.905305158811,28453.182777255013,127.73801313626261,59369.975450559185,0.001,0.0035,0.0065
2477476-B2,3,1,ok,8.0,313,4584,313,2000,58090.077785180314,57492.74548075599,36079.68022445801,78688.83009682964,24927.606483575593,101150.66046744332,0.0,0.0,0.0
2477541-B2,0,1,ok,1.0,141,1847,141,1847,1751.448002875642,1448.1546878700494,1024.0,2896.309375740099,0.0,5482.721222166963,0.057390362750406064,0.057390362750406064,0.2869518137520303
2477541-B2,0,1,ok,2.0,141,1847,141,1847,11120.253353175902,10200.193037389048,2987.2643854378102,20774.338434842604,381.2951612596205,28345.20109295399,0.0,0.0027070925825663237,0.008121277747698972
2477541-B2,0,1,ok,4.0,141,1847,141,1847,37172.74041686591,23860.07430835034,5410.33766583851,72930.35921818558,376.0558469163855,80571.14948913165,0.0,0.0010828370330265296,0.0032485110990795887
2477541-B2,0,1,ok,8.0,141,1847,141,1847,136541.00013165383,119954.3556941556,94669.46186741695,179287.64427865774,76093.10447734407,187431.45213650775,0.0,0.0,0.0
2477577-B3,2,1,ok,1.0,254,3569,254,2000,1780.4189503728305,1448.1546878700494,1024.0,2896.309375740099,0.0,8255.751934257714,0.061,0.061,0.289
2477577-B3,2,1,ok,2.0,254,3569,254,2000,9042.67506657153,5841.769013446226,2401.54616861721,19862.868667591887,422.715034035933,42563.68705833647,0.0,0.002,0.0205
2477577-B3,2,1,ok,4.0,254,3569,254,2000,28941.84131666032,19852.426930535832,4774.599459640567,61458.844685087235,432.2961947554015,75276.20479274975,0.0,0.002,0.003
2477577-B3,2,1,ok,8.0,254,3569,254,2000,97551.7108121857,79707.0015879276,50244.68458797375,147464.90889608554,20935.74932979472,160068.63247994593,0.0,0.0,0.0
2477668-B3,4,1,ok,1.0,316,4604,316,2000,1723.8212200909084,1448.1546878700494,1024.0,2289.7336089597848,0.0,6869.200826879354,0.0565,0.0565,0.2935
2477668-B3,4,1,ok,2.0,316,4604,316,2000,11092.76287884734,7340.5103364820625,2358.512242919252,24716.7669863794,111.80339887498948,44596.227519825035,0.003,0.006,0.018
2477668-B3,4,1,ok,4.0,316,4604,316,2000,45788.38582836416,44466.96359617704,8908.833603600211,83616.93180290039,674.3055687149558,93429.70067917375,0.0,0.0,0.0005
2477668-B3,4,1,ok,8.0,316,4604,316,2000,170357.2124133536,170270.95437774184,130973.19433369396,208885.41640679887,101845.06516272646,219063.90698834896,0.0,0.0,0.0
2477670-B2,2,1,ok,1.0,262,3685,262,2000,1740.5789081536288,1448.1546878700494,1024.0,2896.309375740099,0.0,7240.773439350247,0.059,0.059,0.2975
2477670-B2,2,1,ok,2.0,262,3685,262,2000,9219.410903070288,6698.006419823738,2514.6745316243214,19568.747162273856,493.4713770828051,39563.0600434294,0.0,0.0025,0.022
2477670-B2,2,1,ok,4.0,262,3685,262,2000,33748.887378136926,35079.57477246428,12808.948431182294,52563.99920868748,456.8785396579708,67733.58000283169,0.0,0.001,0.001
2477670-B2,2,1,ok,8.0,262,3685,262,2000,110331.92237607551,111150.00889411307,79407.02520944815,139913.27342098803,56739.179911239466,157330.73791220837,0.0,0.0,0.0
2477695-B2,3,1,ok,1.0,305,4519,305,2000,1697.3144710285922,1448.1546878700494,1024.0,2350.391185637899,0.0,4579.4672179195695,0.062,0.062,0.294
2477695-B2,3,1,ok,2.0,305,4519,305,2000,8489.855803000039,4721.264343372441,2173.623932514546,20127.853415150814,298.63857754817946,30606.709346154807,0.0,0.008,0.0235
2477695-B2,3,1,ok,4.0,305,4519,305,2000,20860.19885411906,15563.705044893497,4733.86195404978,47404.71363459869,389.5959445374143,59618.76678530008,0.0,0.002,0.005
2477695-B2,3,1,ok,8.0,305,4519,305,2000,84904.99119336354,87010.03113202052,41520.70038319736,128331.10110813394,27800.841731861285,142241.74380609934,0.0,0.0,0.0
2477809-B3,0,1,ok,1.0,202,3004,202,2000,1761.1231894750272,1448.1546878700494,1024.0,2896.309375740099,0.0,5120.0,0.056,0.056,0.2785
2477809-B3,0,1,ok,2.0,202,3004,202,2000,8725.456054555045,4970.83362114618,2109.6957126562115,22118.243200492507,244.75293665245368,31871.390697614686,0.0085,0.009,0.0235
2477809-B3,0,1,ok,4.0,202,3004,202,2000,17081.530444222153,14653.56621000683,5270.205037166205,33526.00451214675,526.6735231621199,43806.474772572146,0.0,0.0,0.0045
2477809-B3,0,1,ok,8.0,202,3004,202,2000,62471.42185779201,65471.73670673504,27827.67913196768,92229.00124624926,7367.26658944822,104354.55869294834,0.0,0.0,0.0
2477814-B5,3,1,ok,1.0,143,2119,143,2000,1710.867946221093,1448.1546878700494,1024.0,2896.309375740099,0.0,4344.464063610148,0.0595,0.0595,0.296
2477814-B5,3,1,ok,2.0,143,2119,143,2000,10037.743591437316,5530.142017846163,2068.267149088821,24129.568989575735,288.19611378365255,33774.133312344224,0.0,0.007,0.0155
2477814-B5,3,1,ok,4.0,143,2119,143,2000,13755.98904261421,11339.758253796348,4643.433819052766,27809.49081069642,388.54214700595867,40879.46116327856,0.0,0.001,0.003
2477814-B5,3,1,ok,8.0,143,2119,143,2000,50313.27987376398,46820.14270182635,20490.330403558608,81918.52454556139,10639.57090300168,94729.71851008531,0.0,0.0,0.0
2477926-B4,4,1,ok,1.0,156,2143,156,2000,1771.4709174946267,1448.1546878700494,1024.0,2896.309375740099,0.0,6476.344648024841,0.0575,0.058,0.2835
2477926-B4,4,1,ok,2.0,156,2143,156,2000,14152.422918075006,10433.683056837643,2261.780714392976,32613.942375450057,288.0277764383151,46472.509346924664,0.0,0.0065,0.019
2477926-B4,4,1,ok,4.0,156,2143,156,2000,24689.768733167133,24534.92940996734,7901.735938937836,41030.31960814273,416.96522636785915,68745.83164818068,0.0,0.0005,0.0015
2477926-B4,4,1,ok,8.0,156,2143,156,2000,74325.25393011006,72026.79475613526,52044.97052429343,101672.8781307133,27417.988584139428,118375.5734431728,0.0,0.0,0.0
2477941-B2,1,1,ok,1.0,272,3942,272,2000,1715.8929093324202,1448.1546878700494,1024.0,2896.309375740099,0.0,4579.4672179195695,0.061,0.061,0.298
2477941-B2,1,1,ok,2.0,272,3942,272,2000,10884.181417481657,7224.000069213732,2284.1663687218584,25096.46825019486,337.34255586866,36424.77865409754,0.0,0.0085,0.0215
2477941-B2,1,1,ok,4.0,272,3942,272,2000,60578.645955874534,54401.904588203404,27475.93719053481,95156.92373418494,2277.555048730985,104251.1162578128,0.0,0.0,0.0
2477941-B2,1,1,ok,8.0,272,3942,272,2000,200961.44763029506,194731.74179293003,167422.60333746637,235939.2449108943,134840.76885348881,244526.75596956664,0.0,0.0,0.0
2477949-B2,0,1,ok,1.0,188,2718,188,2000,1747.4184216119247,1448.1546878700494,1024.0,2289.7336089597848,0.0,15561.558822945726,0.059,0.059,0.298
2477949-B2,0,1,ok,2.0,188,2718,188,2000,12405.804396698228,8586.273125278445,2581.732945135883,29669.638505453397,580.538543078752,38250.713980264474,0.0,0.0,0.018
2477949-B2,0,1,ok,4.0,188,2718,188,2000,20656.950523676554,20320.100885576332,5760.347543791905,37116.91615706196,710.5181208104407,49422.77637891259,0.0,0.0,0.002
2477949-B2,0,1,ok,8.0,188,2718,188,2000,73438.87839510062,75761.7295986664,41825.26763620453,101410.68920875371,28495.01465168951,116266.45556221278,0.0,0.0,0.0
2477977-B3,0,1,ok,1.0,192,2568,192,2000,1814.7149404600325,2048.0,1024.0,2896.309375740099,0.0,5120.0,0.0545,0.0545,0.271
2477977-B3,0,1,ok,2.0,192,2568,192,2000,12236.716044355462,10469.111473656381,2456.4038755872375,25788.635190719186,260.969346858975,36028.45465739545,0.0,0.001,0.0235
2477977-B3,0,1,ok,4.0,192,2568,192,2000,31898.034489245194,29340.812533993412,11070.066829153871,57512.171206965104,1392.8075961883608,68192.23650827123,0.0,0.0,0.0
2477977-B3,0,1,ok,8.0,192,2568,192,2000,106374.76666213875,104904.61302234279,64638.31570438781,148687.2474156409,44013.558013412185,159123.08976386802,0.0,0.0,0.0
2478091-B4,4,1,ok,1.0,273,4055,273,2000,1674.8123552097964,1448.1546878700494,1024.0,2289.7336089597848,0.0,4579.4672179195695,0.061,0.061,0.303
2478091-B4,4,1,ok,2.0,273,4055,273,2000,9843.99723187434,6475.7869019911395,2222.7784415006367,22420.969708818568,213.243991709028,33425.90182777422,0.0005,0.004,0.0175
2478091-B4,4,1,ok,4.0,273,4055,273,2000,53421.80280919765,43859.84053737255,19536.466195946403,88714.75145060025,6875.432495487102,100718.5634975003,0.0,0.0,0.0
2478091-B4,4,1,ok,8.0,273,4055,273,2000,182634.92837334026,172616.15177461668,147839.74236620252,218829.85882088647,136906.10833706436,229734.0775440161,0.0,0.0,0.0
2481696-B4,3,1,ok,1.0,181,2513,181,2000,1736.4539848311651,1448.1546878700494,1024.0,2896.309375740099,0.0,4579.4672179195695,0.0565,0.057,0.282
2481696-B4,3,1,ok,2.0,181,2513,181,2000,10945.747891070232,9090.061534754268,2568.0070093362283,22656.486843858267,80.60397012554654,32229.895749133288,0.003,0.003,0.0105
2481696-B4,3,1,ok,4.0,181,2513,181,2000,33902.76036264321,41647.65835860283,5194.49708826562,64554.8531841049,502.29871590518724,76563.01504643087,0.0,0.001,0.0035
2481696-B4,3,1,ok,8.0,181,2513,181,2000,117874.18777585129,129927.08256827097,77800.3649927698,155091.23342477588,65352.20516554893,165560.79115841407,0.0,0.0,0.0
2481703-B2,4,1,ok,1.0,237,3370,237,2000,1696.2053460914758,1448.1546878700494,1024.0,2289.7336089597848,0.0,5221.395981919011,0.0575,0.0575,0.303
2481703-B2,4,1,ok,2.0,237,3370,237,2000,11716.251239747155,9436.609560642,2601.269736498963,24829.295534928347,463.3270982793905,44650.92215173165,0.0,0.0065,0.02
2481703-B2,4,1,ok,4.0,237,3370,237,2000,56223.29369218802,58806.96638412817,24969.569611800307,84113.04252152109,4054.13184294739,95405.29662445372,0.0,0.0,0.0
2481703-B2,4,1,ok,8.0,237,3370,237,2000,180698.80023379863,176978.602026974,150066.19607135878,213528.57221855343,120807.66764158639,224542.16102995002,0.0,0.0,0.0
2481723-B2,1,1,ok,1.0,214,3045,214,2000,1883.0092505813466,2048.0,1024.0,2896.309375740099,0.0,9084.902310977262,0.0545,0.0545,0.2725
2481723-B2,1,1,ok,2.0,214,3045,214,2000,11541.520340439874,9443.332716298402,2636.9074689871086,24338.399639253195,193.65174928205528,36664.82397339444,0.0025,0.004,0.0125
2481723-B2,1,1,ok,4.0,214,3045,214,2000,58692.167811565945,58833.02207298823,32837.65364638588,84309.9259280596,19003.651254430028,98694.58836734666,0.0,0.0,0.0
2481723-B2,1,1,ok,8.0,214,3045,214,2000,184123.08610418838,184787.80158347715,157289.59167063667,209993.8665521421,143697.55026791515,225567.8280362694,0.0,0.0,0.0
2481750-B2,3,1,ok,1.0,248,3545,248,2000,1713.3211313668146,1448.1546878700494,1024.0,2896.309375740099,0.0,4579.4672179195695,0.06,0.06,0.2935
2481750-B2,3,1,ok,2.0,248,3545,248,2000,11054.139130854495,8307.168967551868,2548.97684380961,22757.642768281814,406.89310635595683,51375.83670364892,0.0,0.0055,0.0155
2481750-B2,3,1,ok,4.0,248,3545,248,2000,29990.420476816904,31823.691677363564,4883.264686661988,61131.69384672575,546.2325512087319,73767.84281107859,0.0,0.0,0.0045
2481750-B2,3,1,ok,8.0,248,3545,248,2000,103009.10918472974,113962.7470510041,55618.519581686,147729.60656593845,29243.13119349568,158698.37015231125,0.0,0.0,0.0
2482055-B2,4,1,ok,1.0,332,4895,332,2000,1785.4178187028417,1448.1546878700494,1024.0,2896.309375740099,0.0,6476.344648024841,0.057,0.057,0.2845
2482055-B2,4,1,ok,2.0,332,4895,332,2000,11151.321616249556,5839.184940536819,2208.2176070306114,29169.869310400198,104.48444860360799,40885.681809161506,0.002,0.0045,0.0165
2482055-B2,4,1,ok,4.0,332,4895,332,2000,63407.51096594348,70441.04731366858,20590.126896471116,108106.63624177739,605.9909240244444,121797.62234543005,0.0,0.0,0.0005
2482055-B2,4,1,ok,8.0,332,4895,332,2000,215127.26798303344,223153.83458305642,167820.2525246527,263081.50987940683,139791.08424001868,279003.349859818,0.0,0.0,0.0
2482056-B4,0,1,ok,1.0,223,3063,223,2000,1799.1759990224991,1448.1546878700494,1024.0,2896.309375740099,0.0,5514.408762505732,0.0535,0.0545,0.276
2482056-B4,0,1,ok,2.0,223,3063,223,2000,9849.526327357367,7940.6587508548355,2558.452657369294,19768.237958907717,272.02941017470886,38207.07558816822,0.0,0.004,0.0135
2482056-B4,0,1,ok,4.0,223,3063,223,2000,40972.67479014668,34919.35050665278,9478.768696407778,75078.13134492452,611.5815562948248,88369.66864258346,0.0,0.0,0.001
2482056-B4,0,1,ok,8.0,223,3063,223,2000,147350.2558176724,135759.01593894948,107544.57073327519,188387.12237526113,68533.60380134697,201429.63785898042,0.0,0.0,0.0
2482056-B9,3,1,ok,1.0,187,2621,187,2000,1789.8161080435498,1448.1546878700494,1024.0,2896.309375740099,0.0,5221.395981919011,0.058,0.058,0.285
2482056-B9,3,1,ok,2.0,187,2621,187,2000,13102.531289206128,11336.202582875801,3050.6606635665476,25523.24142812873,353.8601418639856,50460.98933829974,0.0,0.003,0.0125
2482056-B9,3,1,ok,4.0,187,2621,187,2000,49376.7882969225,52929.69294320815,15783.022654475417,82321.56646338246,3815.361712865505,93292.64293072632,0.0,0.0,0.0
2482056-B9,3,1,ok,8.0,187,2621,187,2000,168539.9027968731,176245.37674205774,133566.30603849096,204285.10471739576,93184.22263988685,216251.9699632815,0.0,0.0,0.0
2482111-B2,4,1,ok,1.0,424,6180,424,2000,1700.8398548131368,1448.1546878700494,1024.0,2350.391185637899,0.0,4877.955309348375,0.058,0.058,0.2975
2482111-B2,4,1,ok,2.0,424,6180,424,2000,6476.735258150313,4263.41471123793,2054.1628465143654,14548.353225693598,159.0,26832.429632815587,0.005,0.0095,0.0215
2482111-B2,4,1,ok,4.0,424,6180,424,2000,21465.649582483715,15536.872379048018,4513.0,46418.518779496175,417.0,69768.99024638382,0.0,0.0025,0.004
2482111-B2,4,1,ok,8.0,424,6180,424,2000,62669.19473597655,69066.15878663497,18435.196268143143,105682.74576296739,1503.0,121141.30327844422,0.0,0.0,0.0
2482461-B2,1,1,ok,1.0,266,3947,266,2000,1774.1193187451279,1448.1546878700494,1024.0,2289.7336089597848,0.0,27578.427801453803,0.056,0.056,0.2845
2482461-B2,1,1,ok,2.0,266,3947,266,2000,10764.924479416904,7311.737481611331,2126.4348097226025,24718.890791754842,459.0043572777932,43169.06819703201,0.0,0.007,0.019
2482461-B2,1,1,ok,4.0,266,3947,266,2000,36839.42389771925,36633.09600248138,11533.539656150666,63967.199946598506,1600.2627909190414,78537.00035651986,0.0,0.0,0.0
2482461-B2,1,1,ok,8.0,266,3947,266,2000,135223.37680460082,135264.1239776803,102929.20136758486,168516.96048452478,68229.36131168164,181845.50819033172,0.0,0.0,0.0
2482483-B2,2,1,ok,1.0,339,4942,339,2000,1692.8852800170118,1448.1546878700494,1024.0,2289.7336089597848,0.0,4579.4672179195695,0.0625,0.0625,0.2935
2482483-B2,2,1,ok,2.0,339,4942,339,2000,7440.892008434689,4418.286093045583,1871.6156744533123,17264.582067074996,461.202775360253,28241.363724154682,0.0,0.0055,0.0355
2482483-B2,2,1,ok,4.0,339,4942,339,2000,39280.80958344938,35026.32387676009,7490.440074798762,74741.36290310946,753.2861342146157,90490.32642774585,0.0,0.0,0.0015
2482483-B2,2,1,ok,8.0,339,4942,339,2000,156013.2041282336,150950.20999435277,113071.7541008883,197147.68220629945,92994.94145382318,214082.05204780714,0.0,0.0,0.0
2482607-B,4,1,ok,1.0,250,3517,250,2000,1754.7816391414888,1448.1546878700494,1024.0,2896.309375740099,0.0,4579.4672179195695,0.0525,0.0525,0.274
2482607-B,4,1,ok,2.0,250,3517,250,2000,10100.374134506543,8046.753444712967,2516.6461809320754,20806.479278374958,81.58431221748455,32584.307895058933,0.0005,0.006,0.016
2482607-B,4,1,ok,4.0,250,3517,250,2000,43659.725564798275,46009.589706929575,10499.398616337383,73248.18867020693,204.6264889988586,85402.9337727926,0.0005,0.0005,0.001
2482607-B,4,1,ok,8.0,250,3517,250,2000,147335.73973063965,142971.64584538183,106826.79519425606,187413.46915559022,92931.748202646,199489.776582661,0.0,0.0,0.0
2482883-B2,0,1,ok,1.0,390,5651,390,2000,1733.0633446074435,1448.1546878700494,1024.0,2896.309375740099,0.0,6476.344648024841,0.0545,0.0545,0.291
2482883-B2,0,1,ok,2.0,390,5651,390,2000,6060.771346963082,4242.77644944911,1999.1928371220222,13673.433703253595,107.33126291998991,24892.858413609312,0.0115,0.0115,0.032
2482883-B2,0,1,ok,4.0,390,5651,390,2000,32059.544217330018,31747.720309926313,10702.190755628537,54047.48994711982,250.63918289046507,70717.69227003946,0.0005,0.0005,0.0015
2482883-B2,0,1,ok,8.0,390,5651,390,2000,119030.33741705987,118009.35142617977,91022.98959550992,148638.72418707164,76669.11412035488,168957.30679671714,0.0,0.0,0.0
2482886-B2,4,1,ok,1.0,299,4097,299,2000,1755.6542254541782,1448.1546878700494,1024.0,2896.309375740099,0.0,6476.344648024841,0.057,0.057,0.286
2482886-B2,4,1,ok,2.0,299,4097,299,2000,5498.392336493468,3862.500744336498,1681.5231190798418,12416.834376191027,111.36426715962351,25427.702412919654,0.004,0.004,0.0375
2482886-B2,4,1,ok,4.0,299,4097,299,2000,12700.108781799987,9015.783310260686,3943.569956270587,27220.337156489335,373.0763996824243,40097.56102308469,0.0,0.0015,0.007
2482886-B2,4,1,ok,8.0,299,4097,299,2000,56651.81804248961,58112.38195153176,31579.02611433238,80464.50249508185,3847.3826167928764,97283.0591624256,0.0,0.0,0.0
2482896-B2,0,1,ok,1.0,143,1878,143,1878,1968.8593448074103,1448.1546878700494,1024.0,2896.309375740099,0.0,26438.761790220055,0.0617678381256656,0.06230031948881789,0.2933972310969116
2482896-B2,0,1,ok,2.0,143,1878,143,1878,17366.546992985703,14333.766619696893,3080.4099993935806,34849.6332156617,114.28473213863697,70085.52275612988,0.001597444089456869,0.003727369542066028,0.007987220447284345
2482896-B2,0,1,ok,4.0,143,1878,143,1878,42808.34727275878,43230.2665910752,27523.997471238534,56158.56531183474,12501.525746883857,86834.79913030259,0.0,0.0,0.0
2482896-B2,0,1,ok,8.0,143,1878,143,1878,120160.07229955182,119081.70183868521,98362.47800908325,144123.00937684116,72584.88286137824,156335.33825722194,0.0,0.0,0.0
2482947-B2,3,1,ok,1.0,148,2208,148,2000,1779.2641938904208,1448.1546878700494,1024.0,2896.309375740099,0.0,4579.4672179195695,0.0565,0.0565,0.2835
2482947-B2,3,1,ok,2.0,148,2208,148,2000,11436.798380424192,9858.80198814281,3060.1045733765372,23165.1163295682,183.17205026968497,31324.073553738184,0.001,0.004,0.011
2482947-B2,3,1,ok,4.0,148,2208,148,2000,25819.849699736027,25429.134548301412,6234.957534549349,47350.39613559002,727.7829346721452,56286.80194326198,0.0,0.0,0.001
2482947-B2,3,1,ok,8.0,148,2208,148,2000,89781.92614138608,87873.3930563303,55152.16250934227,123774.67596750498,42785.50787357794,134576.5795411668,0.0,0.0,0.0
2482952-B2,2,1,ok,1.0,235,3325,235,2000,1728.7126613042103,1448.1546878700494,1024.0,2896.309375740099,0.0,21543.986632004766,0.0625,0.0625,0.295
2482952-B2,2,1,ok,2.0,235,3325,235,2000,12028.60525783205,11131.01185876648,2938.516632588626,22581.25743550092,339.4112549695428,41360.99922632431,0.0,0.0025,0.011
2482952-B2,2,1,ok,4.0,235,3325,235,2000,34145.72748640417,36975.89227215911,5391.261169707882,69536.79152793865,176.63804799646084,79728.00160545854,0.002,0.002,0.0035
2482952-B2,2,1,ok,8.0,235,3325,235,2000,136569.7233086015,139957.69032578147,95456.28718892128,176686.14498470796,80251.56188511224,186529.62359904122,0.0,0.0,0.0
2482956-B,3,1,ok,1.0,100,1329,100,1329,1742.1805040344416,1448.1546878700494,1024.0,2896.309375740099,0.0,5221.395981919011,0.06170052671181339,0.06170052671181339,0.29194883370955604
2482956-B,3,1,ok,2.0,100,1329,100,1329,8265.000260687442,7372.424431623562,2342.224134029632,15646.591742567072,72.13875518748573,34524.86826911871,0.003762227238525207,0.006019563581640331,0.01580135440180587
2482956-B,3,1,ok,4.0,100,1329,100,1329,40153.023763027,42258.50222144651,16766.296843422355,58771.25152444517,2060.4164627569835,72135.96951590794,0.0,0.0,0.0
2482956-B,3,1,ok,8.0,100,1329,100,1329,126510.99182950042,122221.67560625242,95634.87112940315,156164.22522531636,53963.86720760476,169900.76530139585,0.0,0.0,0.0
2482957-B2,4,1,ok,1.0,143,2109,143,2000,1757.9871332715438,1448.1546878700494,1024.0,2896.309375740099,0.0,5514.408762505732,0.058,0.058,0.288
2482957-B2,4,1,ok,2.0,143,2109,143,2000,14924.344654936835,14845.020662934008,3600.0,26593.760013234747,384.33318878285803,36613.588529397115,0.0,0.002,0.005
2482957-B2,4,1,ok,4.0,143,2109,143,2000,62988.68539016426,64014.35048677436,48261.691936441224,75692.32693885945,34206.22259180338,85513.95816473472,0.0,0.0,0.0
2482957-B2,4,1,ok,8.0,143,2109,143,2000,164425.2449108687,165387.43023720174,150182.71684311438,176844.6799322093,138492.91031673786,183500.6573939178,0.0,0.0,0.0
2482962-B2,1,1,ok,1.0,105,1333,105,1333,1967.396589615228,2048.0,1024.0,3238.1723240124206,0.0,8156.422990502639,0.05101275318829707,0.051762940735183796,0.25431357839459867
2482962-B2,1,1,ok,2.0,105,1333,105,1333,21820.66103169375,15968.465204896806,3395.322103898256,48923.89697531647,349.9957142594749,62208.15310712897,0.0,0.0037509377344336083,0.009752438109527382
2482962-B2,1,1,ok,4.0,105,1333,105,1333,133213.73869113217,130970.6758973168,105805.14587716677,167983.5811478443,63606.26479365063,182962.8800412805,0.0,0.0,0.0
2482962-B2,1,1,ok,8.0,105,1333,105,1333,370602.6928759396,365740.59942122916,341630.4003464522,409164.8359344432,292748.0067515405,424687.72425041907,0.0,0.0,0.0
2482964-B2,4,1,ok,1.0,475,6988,475,2000,1700.4438713318477,1448.1546878700494,1024.0,2289.7336089597848,0.0,5514.408762505732,0.0605,0.0605,0.31
2482964-B2,4,1,ok,2.0,475,6988,475,2000,8780.655785468123,4192.962198732538,2018.0,25484.983576866896,30.0,44130.018128253694,0.0125,0.0125,0.0215
2482964-B2,4,1,ok,4.0,475,6988,475,2000,66435.89196998584,68409.12852695941,18534.765342822102,114398.25217196284,3180.9841244495387,136031.5388283173,0.0,0.0,0.0
2482964-B2,4,1,ok,8.0,475,6988,475,2000,248849.27979984964,252979.08938439167,199483.31986971438,298374.53034194745,168933.36467376715,319845.5757455463,0.0,0.0,0.0
2482969-B,0,1,ok,1.0,300,4318,300,2000,1716.8269655176261,1448.1546878700494,1024.0,2896.309375740099,0.0,4344.464063610148,0.059,0.059,0.297
2482969-B,0,1,ok,2.0,300,4318,300,2000,12959.42565708537,9420.40914489534,2540.5298659925256,28824.718174561884,161.00310556011024,41168.40754753577,0.0015,0.0015,0.014
2482969-B,0,1,ok,4.0,300,4318,300,2000,40016.182630862895,32899.9801659394,6725.951233840459,80362.58308697272,472.6309342393915,96636.69308290718,0.0,0.0005,0.001
2482969-B,0,1,ok,8.0,300,4318,300,2000,153525.91476566606,146978.01640076528,111666.9693240567,199573.46747807,81400.49535475812,215026.4100662986,0.0,0.0,0.0
2482992-B,3,1,ok,1.0,235,3302,235,2000,1838.8877934910925,1448.1546878700494,1024.0,2896.309375740099,0.0,35470.9572467392,0.0565,0.0565,0.3015
2482992-B,3,1,ok,2.0,235,3302,235,2000,15444.959586724182,14243.861763819452,2885.9751590471515,29705.940134724606,504.3213261403884,60391.62127315345,0.0,0.003,0.016
2482992-B,3,1,ok,4.0,235,3302,235,2000,47075.64439134237,44181.353267106126,10653.723011836142,86891.49746878081,815.357590263315,96612.63405994062,0.0,0.0,0.0005
2482992-B,3,1,ok,8.0,235,3302,235,2000,175758.8647069021,174044.04296454322,135501.38432248044,217944.77384134592,105271.74971947602,227960.02808387263,0.0,0.0,0.0
2483014-B4,1,1,ok,1.0,281,3930,281,2000,1700.4508046196672,1448.1546878700494,1024.0,2289.7336089597848,0.0,4750.778462525905,0.059,0.0595,0.3005
2483014-B4,1,1,ok,2.0,281,3930,281,2000,12018.049385071938,5179.78114800997,2117.855991327078,32668.028299853053,252.3529274646918,46015.171856682224,0.007,0.0075,0.024
2483014-B4,1,1,ok,4.0,281,3930,281,2000,77983.38998480604,89948.69973205958,32701.652911441382,124954.06246353051,19485.611358127822,138780.59536188768,0.0,0.0,0.0
2483014-B4,1,1,ok,8.0,281,3930,281,2000,262304.8395474936,274098.19961559045,216390.5880132722,309490.7623139118,203546.8450111669,324426.1525231898,0.0,0.0,0.0
2483055-B2,2,1,ok,1.0,270,3762,270,2000,1739.451887067004,1448.1546878700494,1024.0,2896.309375740099,0.0,6476.344648024841,0.06,0.06,0.296
2483055-B2,2,1,ok,2.0,270,3762,270,2000,11339.132870332793,6828.80516635231,2335.49330977419,28771.696109197317,290.98625397087056,39699.41058756414,0.0,0.001,0.0215
2483055-B2,2,1,ok,4.0,270,3762,270,2000,70158.5917719681,66545.51380412084,32739.065350128734,110065.3952394457,1634.7048663290875,122130.88405886531,0.0,0.0,0.0
2483055-B2,2,1,ok,8.0,270,3762,270,2000,233335.5067167834,227882.64511537965,193682.50590190894,275369.14508885535,155366.39782140797,288222.8821745421,0.0,0.0,0.0
2483073-B3,1,1,ok,1.0,231,3203,231,2000,1809.4425121183247,2048.0,1024.0,2896.309375740099,0.0,5514.408762505732,0.052,0.052,0.278
2483073-B3,1,1,ok,2.0,231,3203,231,2000,9097.286403168284,5876.8941058436885,2044.9977995098186,20518.035822173624,264.25934231356894,45569.1334677323,0.0,0.0035,0.0295
2483073-B3,1,1,ok,4.0,231,3203,231,2000,16162.510028813715,8944.363252909623,3867.9775076905503,40436.74756526562,524.4444679849336,59483.68784801426,0.0,0.0,0.009
2483073-B3,1,1,ok,8.0,231,3203,231,2000,74104.45518092674,67459.6732248739,40686.988784768284,117858.35879181432,19086.760254165714,137242.9376543653,0.0,0.0,0.0
2483211-B2,0,1,ok,1.0,288,4031,288,2000,1835.6640653865102,1448.1546878700494,1024.0,2896.309375740099,0.0,11788.672910892048,0.0525,0.0525,0.27
2483211-B2,0,1,ok,2.0,288,4031,288,2000,10159.833613178567,7253.101957093944,2177.999081726161,22172.210013503747,240.53274205396653,47818.9251238461,0.0035,0.0055,0.018
2483211-B2,0,1,ok,4.0,288,4031,288,2000,33746.64215092714,28322.847166805586,8286.857064050278,67691.59390053338,502.41019097944263,81878.20496322571,0.0,0.001,0.001
2483211-B2,0,1,ok,8.0,288,4031,288,2000,139825.86240285536,137474.73542905465,104756.94972124943,177201.99091446088,82054.9794223361,191176.74837699276,0.0,0.0,0.0
2483215-B5,1,1,ok,1.0,228,3269,228,2000,1747.1378031102288,1448.1546878700494,1024.0,2896.309375740099,0.0,5221.395981919011,0.0585,0.0585,0.286
2483215-B5,1,1,ok,2.0,228,3269,228,2000,12901.517620178469,9293.747923570561,2480.206443020419,29746.637608307934,433.1835638617883,37047.066078166026,0.0,0.0065,0.0135
2483215-B5,1,1,ok,4.0,228,3269,228,2000,27344.21325217681,26388.189401540007,10013.973487082938,46082.7867913187,736.2126051623947,62633.616022069175,0.0,0.0,0.002
2483215-B5,1,1,ok,8.0,228,3269,228,2000,91588.91166899941,90879.57487013782,51721.55326148691,129176.02488243136,24879.11222290699,145885.9302331791,0.0,0.0,0.0
2483215-B6,4,1,ok,1.0,315,4686,315,2000,1722.5902565282574,1448.1546878700494,1024.0,2896.309375740099,0.0,4579.4672179195695,0.059,0.0595,0.288
2483215-B6,4,1,ok,2.0,315,4686,315,2000,11207.809594916467,5465.570887432783,2204.613798378301,27627.419732730395,371.7216700704978,45471.86419094779,0.0,0.0055,0.018
2483215-B6,4,1,ok,4.0,315,4686,315,2000,71125.68848982087,70364.69109851157,49470.93255096777,94897.69168947038,35827.055391142596,115347.97805336685,0.0,0.0,0.0
2483215-B6,4,1,ok,8.0,315,4686,315,2000,209588.9688095174,209843.75189817103,188608.9491262852,229410.109000335,172434.34493452864,246135.13417226725,0.0,0.0,0.0
2483220-B1,1,1,ok,1.0,286,3900,286,2000,1718.1262638815529,1448.1546878700494,1024.0,2289.7336089597848,0.0,4579.4672179195695,0.057,0.057,0.2845
2483220-B1,1,1,ok,2.0,286,3900,286,2000,15684.962545097016,12070.747856565344,2503.424854074913,35820.649475045415,207.21245136332902,55162.21376993494,0.001,0.003,0.0135
2483220-B1,1,1,ok,4.0,286,3900,286,2000,42768.81630289172,45260.79114805734,8732.958776955265,74569.86466050545,515.1087263869639,86861.61868167091,0.0,0.0,0.002
2483220-B1,1,1,ok,8.0,286,3900,286,2000,144618.93423643566,138012.5595047094,102386.23970280896,188993.29153922846,63274.43983157812,199526.96764096827,0.0,0.0,0.0
2483363-B3,3,1,ok,1.0,349,5012,349,2000,1717.433042087275,1448.1546878700494,1024.0,2896.309375740099,0.0,7575.607236387061,0.0625,0.063,0.3035
2483363-B3,3,1,ok,2.0,349,5012,349,2000,9292.073498090085,4905.980432084906,2116.903398835195,23925.371624740226,62.369864518050704,35950.23810769548,0.0015,0.006,0.0255
2483363-B3,3,1,ok,4.0,349,5012,349,2000,16229.068616311342,9457.064449394431,3938.8746225164373,39881.24243919861,230.5558500667463,57565.520791529365,0.0025,0.0025,0.0095
2483363-B3,3,1,ok,8.0,349,5012,349,2000,65423.7167208511,63642.07671600275,19770.77935989098,111812.52482485605,868.5274894901139,129869.37437286745,0.0,0.0,0.0005
2483768-B4,4,1,ok,1.0,148,1903,148,1903,1700.5993987298652,1448.1546878700494,1024.0,2289.7336089597848,0.0,4579.4672179195695,0.05727798213347346,0.05727798213347346,0.29374671571203365
2483768-B4,4,1,ok,2.0,148,1903,148,1903,14143.575509033737,11919.711447849733,2731.177035638664,29535.821896028516,158.39191898578665,40127.934222932534,0.0010509721492380452,0.004729374671571204,0.009984235417761429
2483768-B4,4,1,ok,4.0,148,1903,148,1903,16344.019467007132,12289.48823181828,4942.7872699255,33657.0991781307,564.978760662735,42892.708564510125,0.0,0.0,0.004729374671571204
2483768-B4,4,1,ok,8.0,148,1903,148,1903,67053.08070477273,68088.49653943021,40847.0591150489,91896.33189181342,26608.02226772971,102013.2521587269,0.0,0.0,0.0
2483846-B,0,1,ok,1.0,194,2766,194,2000,1695.2517127320762,1448.1546878700494,1024.0,2289.7336089597848,0.0,4222.060160632484,0.057,0.057,0.2895
2483846-B,0,1,ok,2.0,194,2766,194,2000,5956.28413065018,4128.899247983656,1859.9271491109537,12311.571326281353,437.1921774231556,40123.24617973974,0.0,0.0085,0.024
2483846-B,0,1,ok,4.0,194,2766,194,2000,18650.84355814952,15599.285400299592,5330.452657265714,36613.10255432034,433.60927111859587,47431.19253191933,0.0,0.0015,0.006
2483846-B,0,1,ok,8.0,194,2766,194,2000,67328.12793720809,75169.6297128344,34149.074743663565,100456.07948058788,4319.0305625221035,112520.66541306979,0.0,0.0,0.0
2483850-B2,0,1,ok,1.0,163,2419,163,2000,1859.877587421149,2048.0,1024.0,2896.309375740099,0.0,9684.33152055422,0.0535,0.0535,0.2775
2483850-B2,0,1,ok,2.0,163,2419,163,2000,18377.70603989801,19946.45119464505,2646.4831380532164,36263.44281780206,399.32067314377804,44351.8856983556,0.0,0.0035,0.0085
2483850-B2,0,1,ok,4.0,163,2419,163,2000,17184.139745045562,10496.406289773657,4366.836955967099,33679.02135652607,481.4156208516712,40588.43314295342,0.0,0.002,0.0035
2483850-B2,0,1,ok,8.0,163,2419,163,2000,47560.89092644745,31878.474133811855,13627.42888687097,82352.80823109367,5155.483391496863,88370.50304824568,0.0,0.0,0.0
2483862-B2,3,1,ok,1.0,198,2674,198,2000,1719.935471891169,1448.1546878700494,1024.0,2896.309375740099,0.0,5120.0,0.0615,0.0615,0.289
2483862-B2,3,1,ok,2.0,198,2674,198,2000,11433.297270309233,10448.084417729406,2790.4990593082093,21396.494267207236,490.81157280569494,30416.91116796707,0.0,0.002,0.015
2483862-B2,3,1,ok,4.0,198,2674,198,2000,26907.726071662957,9681.722419073994,4034.6426111862747,58082.209544501275,455.7246975971348,66926.04921852179,0.0,0.0015,0.0045
2483862-B2,3,1,ok,8.0,198,2674,198,2000,100722.44429397905,82389.25394940889,60492.31011646279,145217.62472963185,50835.70089022084,154057.90163441797,0.0,0.0,0.0
2483868-B4,1,1,ok,1.0,244,3630,244,2000,1751.5083854541676,1448.1546878700494,1024.0,2896.309375740099,0.0,5792.618751480198,0.06,0.06,0.293
2483868-B4,1,1,ok,2.0,244,3630,244,2000,9375.098959250852,6519.004832027662,2141.225817143068,20729.881813459528,295.70255325241953,29876.010443163257,0.0,0.0035,0.0275
2483868-B4,1,1,ok,4.0,244,3630,244,2000,35957.13274975203,34222.43741000723,11658.784385298119,63068.78880838277,1258.6786722591276,74593.21663529467,0.0,0.0,0.0
2483868-B4,1,1,ok,8.0,244,3630,244,2000,131248.42151213269,132911.94638184644,98211.31181789088,161677.33596495324,79528.77949522424,172020.72656514388,0.0,0.0,0.0
2483961-B3,0,1,ok,1.0,190,2652,190,2000,1733.7544807783006,1448.1546878700494,1024.0,2896.309375740099,0.0,4579.4672179195695,0.0535,0.0535,0.284
2483961-B3,0,1,ok,2.0,190,2652,190,2000,9777.077702220058,6752.880052244375,2297.5258431625966,21844.527552056315,318.24675960644123,32572.111460573138,0.0,0.008,0.019
2483961-B3,0,1,ok,4.0,190,2652,190,2000,33173.58135218772,32937.18485015331,16681.31745338448,50882.093513615844,3334.982008946975,64158.1259779305,0.0,0.0,0.0
2483961-B3,0,1,ok,8.0,190,2652,190,2000,117544.6857237537,117848.51739839095,99902.35255257014,134230.70652761662,92654.29031081076,142650.0221416036,0.0,0.0,0.0
2483973-B1,1,1,ok,1.0,300,4402,300,2000,1784.9000677413214,1448.1546878700494,1024.0,2896.309375740099,0.0,5514.408762505732,0.0545,0.0545,0.2895
2483973-B1,1,1,ok,2.0,300,4402,300,2000,7110.474401064728,4547.980935484828,1846.9434208984312,16110.522997708991,515.2397500193478,36819.86686559309,0.0,0.0,0.0335
2483973-B1,1,1,ok,4.0,300,4402,300,2000,23735.81900998204,18641.779310375237,5016.236445872121,50242.86615075818,204.4309174268902,66007.81409045447,0.0015,0.0015,0.004
2483973-B1,1,1,ok,8.0,300,4402,300,2000,102843.15466587678,102690.18647166094,67170.9013730518,136697.46519855116,45310.99932687426,153285.5380034268,0.0,0.0,0.0
2483993-B2,0,1,ok,1.0,228,3420,228,2000,1706.3582565401955,1448.1546878700494,1024.0,2896.309375740099,0.0,6476.344648024841,0.065,0.065,0.305
2483993-B2,0,1,ok,2.0,228,3420,228,2000,6484.413317607648,4246.854953962991,2098.151805756676,14805.147246819262,106.4377752492037,26807.737483793742,0.0095,0.01,0.0245
2483993-B2,0,1,ok,4.0,228,3420,228,2000,40855.728068947334,40938.082903080896,20205.778116489753,61381.414948615595,7479.8979271110375,71579.63917902911,0.0,0.0,0.0
2483993-B2,0,1,ok,8.0,228,3420,228,2000,134540.6958960253,134364.37604676443,111186.17090285904,157674.24025319776,96710.42790206235,170044.85088646464,0.0,0.0,0.0
2484004-B2,1,1,ok,1.0,309,4442,309,2000,1710.262837589501,1448.1546878700494,1024.0,2896.309375740099,0.0,4579.4672179195695,0.06,0.06,0.3005
2484004-B2,1,1,ok,2.0,309,4442,309,2000,6774.632329802106,4354.6242088152685,1908.0900369006333,15346.039164697731,198.07069445023916,36088.117102448,0.005,0.01,0.0315
2484004-B2,1,1,ok,4.0,309,4442,309,2000,22680.47580303555,18457.330136964338,3716.5919872915833,48614.12765250505,628.1401117585152,60835.64428852546,0.0,0.0,0.0075
2484004-B2,1,1,ok,8.0,309,4442,309,2000,85620.04410415473,92996.41954564654,46217.475391665655,122906.305515056,14111.940369771975,140374.54994406927,0.0,0.0,0.0
2484209-B2,3,1,ok,1.0,393,5862,393,2000,1696.934729775787,1448.1546878700494,1024.0,2289.7336089597848,0.0,4579.4672179195695,0.054,0.054,0.298
2484209-B2,3,1,ok,2.0,393,5862,393,2000,5365.230711494844,3819.8136080180666,1774.895100545605,12794.493335822835,416.0,34857.39135391517,0.0,0.0115,0.0215
2484209-B2,3,1,ok,4.0,393,5862,393,2000,18635.284138740535,13090.234073539603,4472.1614461018735,42026.95596346911,499.31553150287647,60443.527627033814,0.0,0.002,0.004
2484209-B2,3,1,ok,8.0,393,5862,393,2000,70857.82996244848,69484.20654518306,25423.731682801874,117930.28112825048,652.950227812197,134151.9119804112,0.0,0.0,0.001
2484220-B3,3,1,ok,1.0,378,5652,378,2000,1705.2357657739071,1448.1546878700494,1024.0,2896.309375740099,0.0,5221.395981919011,0.0605,0.0605,0.303
2484220-B3,3,1,ok,2.0,378,5652,378,2000,6249.328645994082,4025.2404897099004,1741.2274406291672,14960.962870082927,310.8858311341963,27954.42807499377,0.0,0.0055,0.038
2484220-B3,3,1,ok,4.0,378,5652,378,2000,30988.6930130129,29344.527533012442,5604.873771995227,61866.01898195189,181.9505427307102,78413.87842085099,0.0005,0.0005,0.0035
2484220-B3,3,1,ok,8.0,378,5652,378,2000,124782.24174393633,125309.03260150293,87510.29821942514,162647.80944463398,69372.63271636734,178838.0626628459,0.0,0.0,0.0
2484228-B,3,1,ok,1.0,467,6897,467,2000,1691.2680328728563,1448.1546878700494,1024.0,2289.7336089597848,0.0,5120.0,0.0535,0.0535,0.304
2484228-B,3,1,ok,2.0,467,6897,467,2000,4342.410138228708,3647.681044170392,1777.5784089597848,7801.71878498578,429.0,21706.914681732178,0.0,0.0145,0.026
2484228-B,3,1,ok,4.0,467,6897,467,2000,7855.038400947266,7175.274993478839,3189.4088794006952,13927.400331720202,397.0,24083.444271947483,0.0,0.002,0.005
2484228-B,3,1,ok,8.0,467,6897,467,2000,21283.041417777742,16210.969125872765,7168.592121190883,44425.36212570473,333.0,55803.56175012488,0.0,0.0005,0.0005
2484301-B2,3,1,ok,1.0,254,3770,254,2000,1717.5271681551185,1448.1546878700494,1024.0,2896.309375740099,0.0,4984.807418546879,0.0535,0.0535,0.298
2484301-B2,3,1,ok,2.0,254,3770,254,2000,7056.858432870138,4352.029411665321,1742.921995378848,17063.81578076838,388.53699952514177,26330.21414648958,0.0,0.0025,0.04
2484301-B2,3,1,ok,4.0,254,3770,254,2000,14069.364470592358,10540.997343705196,4451.385514645974,29209.347550338684,422.621580139964,40473.53940539424,0.0,0.0015,0.0035
2484301-B2,3,1,ok,8.0,254,3770,254,2000,45242.66056250967,41354.512488180684,10373.846389469085,81487.8516910692,721.5434844830907,95091.40293422955,0.0,0.0,0.0005
2484312-B2,2,1,ok,1.0,305,4562,305,2000,1671.1229475203627,1448.1546878700494,1024.0,2289.7336089597848,0.0,4579.4672179195695,0.062,0.062,0.2975
2484312-B2,2,1,ok,2.0,305,4562,305,2000,10700.391934410292,5580.036648625169,2143.343182973739,27064.150919620588,577.9965397820301,37112.28940661031,0.0,0.0,0.0295
2484312-B2,2,1,ok,4.0,305,4562,305,2000,13585.812061077058,8382.540486034051,3826.1416596879944,34454.15319218242,365.0,50085.06300285545,0.0,0.004,0.0095
2484312-B2,2,1,ok,8.0,305,4562,305,2000,63827.113476200655,63369.83490287394,28160.67040664962,100852.29824704202,10759.722347718829,115313.94475951293,0.0,0.0,0.0
2484463-B2,3,1,ok,1.0,219,3250,219,2000,1783.3085924096383,1448.1546878700494,1024.0,2896.309375740099,0.0,6476.344648024841,0.059,0.0595,0.282
2484463-B2,3,1,ok,2.0,219,3250,219,2000,11382.029579179578,9405.173870610077,2618.11688050782,23607.25781396505,505.8458263146984,31727.115989323705,0.0,0.0025,0.0235
2484463-B2,3,1,ok,4.0,219,3250,219,2000,53975.03177808044,53750.01989188534,23281.322300419743,83263.09598280725,4506.800639034303,96626.27307828859,0.0,0.0,0.0
2484463-B2,3,1,ok,8.0,219,3250,219,2000,181624.33732596334,181995.60369955012,156491.10757370235,205223.19629755968,135614.59981875107,216236.92609959104,0.0,0.0,0.0
2484633-B2,2,1,ok,1.0,153,2125,153,2000,1846.6032577363383,2048.0,1024.0,2896.309375740099,0.0,6228.748831025377,0.0505,0.0505,0.2695
2484633-B2,2,1,ok,2.0,153,2125,153,2000,15868.488896963063,15195.955487425552,3612.3212758557343,29778.448652701532,83.81527307120105,43181.94420125152,0.0005,0.0005,0.0095
2484633-B2,2,1,ok,4.0,153,2125,153,2000,30366.534020994593,16370.146770791103,5610.298476908337,64245.56612759166,255.48581173912575,76247.60870348656,0.001,0.001,0.003
2484633-B2,2,1,ok,8.0,153,2125,153,2000,123402.09580494107,113785.4588120793,87244.10379460045,163235.1227140613,67079.28923296668,175092.5393299212,0.0,0.0,0.0
2484660-B2,1,1,ok,1.0,201,2946,201,2000,1697.507366351675,1448.1546878700494,1024.0,2289.7336089597848,0.0,4579.4672179195695,0.0575,0.0575,0.291
2484660-B2,1,1,ok,2.0,201,2946,201,2000,13427.06078378624,9898.769266934147,2530.4292126040596,30881.19532984434,334.0898082851376,38873.44266977135,0.0,0.007,0.019
2484660-B2,1,1,ok,4.0,201,2946,201,2000,23058.918348733576,23296.460472340645,7582.820900093909,38687.37530560394,472.84775562542325,45826.37982647113,0.0,0.0005,0.0015
2484660-B2,1,1,ok,8.0,201,2946,201,2000,63670.37163983092,64640.013089595464,28209.97097969722,96770.65906726656,15809.646706995069,109409.51622231038,0.0,0.0,0.0
2484727-B2,0,1,ok,1.0,145,2090,145,2000,1685.1940564968158,1448.1546878700494,1024.0,2289.7336089597848,0.0,4579.4672179195695,0.0595,0.0595,0.2985
2484727-B2,0,1,ok,2.0,145,2090,145,2000,17206.180150026627,13877.39517173015,2342.5458373316837,37667.262297650464,560.6005708166912,47054.463008305596,0.0,0.0,0.026
2484727-B2,0,1,ok,4.0,145,2090,145,2000,12774.598575802673,9319.70112181716,4301.51470992628,27896.523169304448,320.2639536382451,37377.536475803216,0.0,0.0005,0.0045
2484727-B2,0,1,ok,8.0,145,2090,145,2000,52496.4689891223,50880.930340542516,28874.606353783733,78708.10421244107,17050.840595114365,88828.8440597985,0.0,0.0,0.0
2484734-B4,1,1,ok,1.0,190,2582,190,2000,1754.6539917126167,1448.1546878700494,1024.0,2896.309375740099,0.0,4579.4672179195695,0.062,0.062,0.2925
2484734-B4,1,1,ok,2.0,190,2582,190,2000,15099.558970263459,13091.52714107794,3538.192193473371,29651.822827756183,438.693514882543,54468.01645002322,0.0,0.002,0.0035
2484734-B4,1,1,ok,4.0,190,2582,190,2000,49256.4412518633,48808.102562512824,35187.73631596038,63707.53707189715,17572.783615580087,85967.84871101522,0.0,0.0,0.0
2484734-B4,1,1,ok,8.0,190,2582,190,2000,143566.4502430418,142866.90498450576,128975.82044961018,158160.88998748802,121269.90619275667,194789.0862753866,0.0,0.0,0.0
2484734-B5,2,1,ok,1.0,97,1369,97,1369,1788.990509916535,2048.0,1024.0,2896.309375740099,0.0,5120.0,0.0577063550036523,0.0577063550036523,0.28268809349890434
2484734-B5,2,1,ok,2.0,97,1369,97,1369,15500.59226804991,14887.897265900245,4410.407118123321,27953.28812501313,264.0075756488817,35893.99611355637,0.0,0.002191380569758948,0.005843681519357195
2484734-B5,2,1,ok,4.0,97,1369,97,1369,38584.58480199866,40448.76705166673,16865.50814532429,56635.91935324632,9338.227080126077,62342.049789848905,0.0,0.0,0.0
2484734-B5,2,1,ok,8.0,97,1369,97,1369,117271.61385568604,117783.02059295303,91155.83735327506,141636.91339745943,79391.09373852964,148410.91928830574,0.0,0.0,0.0
2484743-B4,2,1,ok,1.0,120,1729,120,1729,1795.6002691926444,1448.1546878700494,1024.0,2896.309375740099,0.0,6476.344648024841,0.055523423944476576,0.055523423944476576,0.28050896471949105
2484743-B4,2,1,ok,2.0,120,1729,120,1729,22714.239909627202,14230.410394644281,2560.4757370457546,47237.33606924316,376.4306044943742,56136.93550595722,0.0,0.00578368999421631,0.017929438982070563
2484743-B4,2,1,ok,4.0,120,1729,120,1729,20602.600618750253,18544.805094688916,5663.042998247497,40728.65429466037,310.9340766143203,49523.73398684715,0.0,0.000578368999421631,0.002313475997686524
2484743-B4,2,1,ok,8.0,120,1729,120,1729,86003.02446229807,85692.73224725653,66957.95295936849,106771.28380488533,57222.52374720989,116318.0437421469,0.0,0.0,0.0
2484771-B3,0,1,ok,1.0,95,1210,95,1210,1932.211436558046,2048.0,1024.0,3072.0,0.0,7444.209628966664,0.05289256198347107,0.05289256198347107,0.2528925619834711
2484771-B3,0,1,ok,2.0,95,1210,95,1210,12049.822863743106,10047.288321300928,3079.267942403989,24883.73434846166,500.4687802450818,33992.494142089665,0.0,0.0008264462809917355,0.01487603305785124
2484771-B3,0,1,ok,4.0,95,1210,95,1210,22262.00288298998,21391.192077060274,4127.830465397803,45721.86644395546,620.8977371516182,54752.082782301535,0.0,0.0,0.009917355371900827
2484771-B3,0,1,ok,8.0,95,1210,95,1210,85727.54718099379,94060.21887575698,51227.703864785275,118352.19635310465,40073.206809537965,127754.85982537025,0.0,0.0,0.0
2484791-B2,3,1,ok,1.0,206,2771,206,2000,1946.0140688864446,2048.0,1024.0,2910.16486290369,0.0,15345.00935157747,0.0535,0.0535,0.264
2484791-B2,3,1,ok,2.0,206,2771,206,2000,10915.849852362357,7043.449226053951,2339.295834220204,25665.453109139427,399.74116625636645,41117.23236065385,0.0,0.0045,0.023
2484791-B2,3,1,ok,4.0,206,2771,206,2000,55343.625609178765,67174.5852610941,8151.031530863922,87379.78461874588,372.2002149381432,108046.4101439747,0.0,0.0005,0.001
2484791-B2,3,1,ok,8.0,206,2771,206,2000,176285.90115905638,189299.01301628523,127795.03104769732,210965.26606470576,111624.24871415709,227195.5859628439,0.0,0.0,0.0
2484791-B3,0,1,ok,1.0,79,1067,79,1067,1795.014147169868,2048.0,1024.0,2896.309375740099,0.0,4579.4672179195695,0.05435801312089972,0.05435801312089972,0.2755388940955951
2484791-B3,0,1,ok,2.0,79,1067,79,1067,7134.377154767196,5771.612686242901,2400.3785118185006,13978.379913280365,451.159616987159,19894.191137113365,0.0,0.004686035613870665,0.023430178069353328
2484791-B3,0,1,ok,4.0,79,1067,79,1067,28851.52290743303,27495.888438091977,9146.36242818577,49932.79620650139,232.01939574095957,57331.90756463629,0.0009372071227741331,0.0009372071227741331,0.0018744142455482662
2484791-B3,0,1,ok,8.0,79,1067,79,1067,104356.76984285061,102313.59824089856,82694.55015993949,126588.36386543409,75976.63262477484,134101.38666322583,0.0,0.0,0.0
2484862-B3,2,1,ok,1.0,236,3317,236,2000,1790.1499117176074,1448.1546878700494,1024.0,2896.309375740099,0.0,8255.751934257714,0.0525,0.0525,0.2885
2484862-B3,2,1,ok,2.0,236,3317,236,2000,6925.6222226634545,4548.941084179007,1910.0746058727655,15410.005094093902,441.56200017664565,40234.72113734604,0.0,0.01,0.03
2484862-B3,2,1,ok,4.0,236,3317,236,2000,17359.97631012585,14711.838100027393,5122.275897562808,33519.76821035217,394.70748662775577,46139.49719058499,0.0,0.0005,0.003
2484862-B3,2,1,ok,8.0,236,3317,236,2000,72894.5016774717,72634.29596638904,53315.48798725504,94144.03401069647,30967.626612318873,107700.83818151092,0.0,0.0,0.0
2484883-B2,3,1,ok,1.0,258,3583,258,2000,1694.3588927881906,1448.1546878700494,1024.0,2289.7336089597848,0.0,5514.408762505732,0.0585,0.0585,0.305
2484883-B2,3,1,ok,2.0,258,3583,258,2000,6341.27456955983,4453.205586990118,2103.9956573847776,13466.176713914401,197.9090700296477,21949.448854128434,0.002,0.002,0.0275
2484883-B2,3,1,ok,4.0,258,3583,258,2000,24347.67978515374,24368.98071673815,5314.189933117409,47461.88569938016,415.234873294621,57884.243106392954,0.0,0.0015,0.0045
2484883-B2,3,1,ok,8.0,258,3583,258,2000,84981.58063201945,82705.49271544104,50915.75256181851,119438.83915189939,12245.195384312983,134610.19087721405,0.0,0.0,0.0
2485059-B2,3,1,ok,1.0,265,3915,265,2000,1748.3686090860624,1448.1546878700494,1024.0,2896.309375740099,0.0,6351.770934156867,0.0595,0.0595,0.281
2485059-B2,3,1,ok,2.0,265,3915,265,2000,8681.119795501474,5317.876267834746,2076.2278295023407,20458.400287055785,431.335136523794,28827.595668040023,0.0,0.0065,0.0235
2485059-B2,3,1,ok,4.0,265,3915,265,2000,37829.656822228244,39357.15110760444,5223.063730524757,76048.26356714695,279.5460606054036,87477.72873137482,0.0,0.002,0.0055
2485059-B2,3,1,ok,8.0,265,3915,265,2000,144529.025735591,149676.4505240129,100689.86877927408,188191.3729597551,83719.69117238787,198320.42016897807,0.0,0.0,0.0
2485164-B2,1,1,ok,1.0,146,2004,146,2000,2065.7073913259064,2048.0,1024.0,3238.1723240124206,0.0,13884.23710543723,0.0505,0.0505,0.253
2485164-B2,1,1,ok,2.0,146,2004,146,2000,7583.303937414547,5860.856251436304,2373.033213358615,15607.97797055338,385.61249979740023,21139.689922040012,0.0,0.004,0.0195
2485164-B2,1,1,ok,4.0,146,2004,146,2000,25849.175022716357,21772.774726326992,5235.9633306584565,51833.49405238098,368.7166934110795,59402.26562177574,0.0,0.0005,0.002
2485164-B2,1,1,ok,8.0,146,2004,146,2000,87349.16858673046,96697.50429395007,46804.286791376624,126924.05130616917,24026.262339365232,133075.82807181776,0.0,0.0,0.0
2485259-B6,4,1,ok,1.0,174,2328,174,2000,1791.7094549951864,1448.1546878700494,1024.0,2896.309375740099,0.0,8276.068631904885,0.059,0.059,0.2815
2485259-B6,4,1,ok,2.0,174,2328,174,2000,12103.475535975667,11365.811719365196,3226.149166893098,22415.42868926118,209.1721778822413,33837.56988910404,0.0015,0.0025,0.0095
2485259-B6,4,1,ok,4.0,174,2328,174,2000,24459.757149238205,18838.82144169358,4613.373602907096,49125.31046212329,411.80699362686886,57242.57548363805,0.0,0.0005,0.006
2485259-B6,4,1,ok,8.0,174,2328,174,2000,86653.9131775085,84376.68666026587,50530.463356658554,120180.4232974663,32368.403127123835,130633.21280593231,0.0,0.0,0.0
2485275-B2,0,1,ok,1.0,320,4591,320,2000,1729.4077095222783,1448.1546878700494,1024.0,2896.309375740099,0.0,5514.408762505732,0.0535,0.0535,0.298
2485275-B2,0,1,ok,2.0,320,4591,320,2000,12044.074066414498,10228.072308970684,2276.713640315795,26185.392704480222,44.553338819890925,35226.636299822894,0.0075,0.0075,0.021
2485275-B2,0,1,ok,4.0,320,4591,320,2000,27881.905089039297,23199.751644580574,6121.74689120679,58235.03344129728,133.6600164596728,71742.01207800071,0.0015,0.0015,0.0025
2485275-B2,0,1,ok,8.0,320,4591,320,2000,113316.19253941992,112036.8659424735,74930.06788885088,155907.49238071384,47703.7785715136,170865.7222060645,0.0,0.0,0.0
2485276-B3,4,1,ok,1.0,147,1711,147,1711,2181.7942829753656,2048.0,1024.0,3238.1723240124206,0.0,13131.952368174354,0.049094097019286964,0.052600818234950324,0.23378141437755698
2485276-B3,4,1,ok,2.0,147,1711,147,1711,12391.260959384326,10265.50597876208,2979.7766694838056,24847.804349680475,243.21184181696418,42022.53114699304,0.0011689070718877848,0.0035067212156633548,0.011104617182933957
2485276-B3,4,1,ok,4.0,147,1711,147,1711,52188.2752420851,46739.362468908366,25362.363395393575,84042.31746566726,4201.556021285448,95804.94741400363,0.0,0.0,0.0
2485276-B3,4,1,ok,8.0,147,1711,147,1711,178374.72372957514,172201.1695256452,150777.91562758785,212009.6939411026,117887.38474069224,223667.7970674366,0.0,0.0,0.0
2485303-B2,2,1,ok,1.0,247,3388,247,2000,1684.968978160941,1448.1546878700494,1024.0,2289.7336089597848,0.0,5120.0,0.057,0.057,0.299
2485303-B2,2,1,ok,2.0,247,3388,247,2000,10935.982009027406,8576.063490903038,2428.519380841763,23359.63776733371,486.59325930390776,31913.149719198824,0.0,0.0015,0.022
2485303-B2,2,1,ok,4.0,247,3388,247,2000,30592.31819456484,31235.17313862691,4768.595285825795,64259.88886172912,648.3802896448966,76118.34539058241,0.0,0.0,0.0045
2485303-B2,2,1,ok,8.0,247,3388,247,2000,119458.33641975743,127655.6208688728,69471.32088856846,165387.4723889625,51731.94375818485,179871.56480389,0.0,0.0,0.0
2485318-B2,1,1,ok,1.0,116,1626,116,1626,1929.7798352722018,2048.0,1024.0,2896.309375740099,0.0,14298.316544264922,0.05166051660516605,0.05227552275522755,0.27183271832718325
2485318-B2,1,1,ok,2.0,116,1626,116,1626,10654.859919783887,8963.791591451816,2748.136823376886,21830.998717420145,460.677761564415,29766.405644618902,0.0,0.0036900369003690036,0.012915129151291513
2485318-B2,1,1,ok,4.0,116,1626,116,1626,35489.4116239836,35339.87987466622,15615.784496275277,56173.76376566085,3165.108686917402,65316.20368637479,0.0,0.0,0.0
2485318-B2,1,1,ok,8.0,116,1626,116,1626,122996.789921935,122895.2821442122,101411.0526017702,145365.5423169216,92359.57692085861,154507.0128634943,0.0,0.0,0.0
2485322-B2,1,1,ok,1.0,95,1214,95,1214,2027.5828740129502,2048.0,1024.0,3238.1723240124206,0.0,5970.894740321588,0.04118616144975288,0.044481054365733116,0.2158154859967051
2485322-B2,1,1,ok,2.0,95,1214,95,1214,17005.087194705826,11336.811583622124,2440.374151641506,35922.47319978232,358.71018942873644,43486.629163456666,0.0,0.006589785831960461,0.023887973640856673
2485322-B2,1,1,ok,4.0,95,1214,95,1214,17089.74298919799,16685.4506125315,6818.068137796342,28055.612089960185,414.42490272665805,36053.076928328876,0.0,0.0008237232289950577,0.002471169686985173
2485322-B2,1,1,ok,8.0,95,1214,95,1214,46282.82287760661,49680.64960135064,21425.732621174182,67787.58928200067,4720.061440278082,79494.16532677099,0.0,0.0,0.0
2485328-B2,1,1,ok,1.0,191,2630,191,2000,1771.4145997858438,1495.102797470769,1024.0,2896.309375740099,0.0,5221.395981919011,0.056,0.056,0.285
2485328-B2,1,1,ok,2.0,191,2630,191,2000,11280.305847329279,9564.89602661733,2482.631668210168,23208.944568851035,137.18600511714013,35994.07440121221,0.0015,0.004,0.0155
2485328-B2,1,1,ok,4.0,191,2630,191,2000,47283.787721726156,47756.81169130124,27156.449946221524,68792.84116377703,2204.5770569431224,79480.52161378913,0.0,0.0,0.0
2485328-B2,1,1,ok,8.0,191,2630,191,2000,152066.03572711896,151785.17504178005,131489.63167819244,175414.4361668166,87915.03862252465,187204.4066254852,0.0,0.0,0.0
2485473-B2,2,1,ok,1.0,263,3743,263,2000,1736.4593055840437,1448.1546878700494,1024.0,2896.309375740099,0.0,5705.010604722835,0.063,0.063,0.2875
2485473-B2,2,1,ok,2.0,263,3743,263,2000,5818.579714588407,4130.983539061854,1953.0207372170937,13729.312239207196,95.42536350467836,24518.63687075609,0.01,0.01,0.0325
2485473-B2,2,1,ok,4.0,263,3743,263,2000,19024.46724946148,13052.84555183275,4512.009973393233,43777.87154520838,496.86416654856487,59452.672210759374,0.0,0.002,0.008
2485473-B2,2,1,ok,8.0,263,3743,263,2000,87852.87585280633,87515.51207916267,55849.14540405005,120607.60260970474,44450.211630542326,134927.7717929115,0.0,0.0,0.0
2485517-B2,1,1,ok,1.0,84,1068,84,1068,1907.1901321069247,2048.0,1024.0,3072.0,0.0,5514.408762505732,0.052434456928838954,0.0552434456928839,0.25374531835205993
2485517-B2,1,1,ok,2.0,84,1068,84,1068,10170.155961539132,7387.9581071889625,2586.3580081359164,25383.13848586245,301.3254055004324,33727.06479965311,0.0,0.003745318352059925,0.014044943820224719
2485517-B2,1,1,ok,4.0,84,1068,84,1068,26986.609965743122,27326.569750935338,12184.497035167271,39590.97607861846,3653.944717698942,52099.21584822558,0.0,0.0,0.0
2485517-B2,1,1,ok,8.0,84,1068,84,1068,87443.34160718013,90544.91921850518,62882.572983825536,108743.02586480236,53916.717110744044,122549.26690927205,0.0,0.0,0.0
2485536-B2,1,1,ok,1.0,192,2655,192,2000,2028.7599667038905,2048.0,1024.0,2896.309375740099,0.0,30578.599722681873,0.0535,0.0545,0.2745
2485536-B2,1,1,ok,2.0,192,2655,192,2000,17418.7938972297,8848.892535545718,2419.183539957231,42450.819475169745,589.4276885250641,50910.83445593875,0.0,0.0,0.0235
2485536-B2,1,1,ok,4.0,192,2655,192,2000,22546.32505080473,21726.267403345264,5350.0059813050675,43156.51755775453,247.2973918180295,55100.000226860255,0.0005,0.001,0.0025
2485536-B2,1,1,ok,8.0,192,2655,192,2000,80276.21659743018,87233.342516555,34241.13470761741,117516.47693970491,10431.577541292592,129888.5669525998,0.0,0.0,0.0
2485632-B,0,1,ok,1.0,148,2029,148,2000,1778.2540557692475,1448.1546878700494,1024.0,2896.309375740099,0.0,5792.618751480198,0.06,0.06,0.2865
2485632-B,0,1,ok,2.0,148,2029,148,2000,9537.28228104894,7089.736878051258,2577.2017771218457,20538.468745028094,365.2738698565776,30210.17446159489,0.0,0.006,0.0165
2485632-B,0,1,ok,4.0,148,2029,148,2000,19823.466416672516,19717.88504059171,6387.101455276877,34529.16311564638,245.65219315121126,45878.11723469044,0.0005,0.0005,0.0015
2485632-B,0,1,ok,8.0,148,2029,148,2000,61514.54511152341,58507.0993308951,28756.97532422654,95306.47368181343,17189.286925291577,109209.9108368833,0.0,0.0,0.0
2485635-B2,3,1,ok,1.0,253,3774,253,2000,1765.5837531742761,1448.1546878700494,1024.0,2896.309375740099,0.0,4579.4672179195695,0.059,0.059,0.2915
2485635-B2,3,1,ok,2.0,253,3774,253,2000,6226.4954667836755,4334.730556793582,1791.7949101389925,13664.700703431778,544.2655601817921,25238.193299045794,0.0,0.0,0.0395
2485635-B2,3,1,ok,4.0,253,3774,253,2000,19306.04681978166,14188.410259231176,4861.322556671178,41396.253309205924,264.9849052304678,58266.838124270995,0.0,0.0015,0.004
2485635-B2,3,1,ok,8.0,253,3774,253,2000,82115.08631360978,80186.01313369421,46213.241021872185,119708.78888217351,28476.790567056534,137462.4087123458,0.0,0.0,0.0
2485803-B2,3,1,ok,1.0,519,7752,519,2000,1718.868797428623,1448.1546878700494,1024.0,2289.7336089597848,0.0,14443.903212082252,0.058,0.058,0.2935
2485803-B2,3,1,ok,2.0,519,7752,519,2000,4399.212774582448,3572.696460658252,1583.6161150986056,8007.786808279762,184.0,22995.608711230063,0.0125,0.0125,0.025
2485803-B2,3,1,ok,4.0,519,7752,519,2000,7931.877134862058,7221.94433653431,3372.2522711577526,13862.380990208507,352.0,24735.608017592775,0.0,0.0035,0.0075
2485803-B2,3,1,ok,8.0,519,7752,519,2000,19719.96938601135,15906.801369465365,6954.013795512907,41441.26498067373,504.0,56708.19849016542,0.0,0.001,0.001
2485805-B,1,1,ok,1.0,362,5106,362,2000,1726.0304572552561,1448.1546878700494,1024.0,2896.309375740099,0.0,4579.4672179195695,0.0615,0.062,0.293
2485805-B,1,1,ok,2.0,362,5106,362,2000,6709.878520908652,4074.8439233914223,1736.939837760652,15640.819102048,147.29901561110313,35744.813791653745,0.0055,0.011,0.036
2485805-B,1,1,ok,4.0,362,5106,362,2000,31463.24587287341,19993.18506382181,4448.6259676443915,67695.93949320895,646.7155479807177,89895.78401682695,0.0,0.0,0.0065
2485805-B,1,1,ok,8.0,362,5106,362,2000,121445.24191360545,113274.18300349891,72167.2499001235,171223.87747062757,46303.0,191109.92660769876,0.0,0.0,0.0
2485969-B2,0,1,ok,1.0,403,5798,403,2000,1727.2772129493928,1448.1546878700494,1024.0,2896.309375740099,0.0,8678.860754730427,0.066,0.066,0.3075
2485969-B2,0,1,ok,2.0,403,5798,403,2000,6423.1359752622975,4098.624159397883,1749.9879262834922,14789.904122575545,295.0254226333724,29501.078217583843,0.0,0.005,0.035
2485969-B2,0,1,ok,4.0,403,5798,403,2000,21756.943570664436,12581.953274877676,4599.340740442143,51741.36353717579,422.03554352684563,74573.44599788856,0.0,0.0015,0.004
2485969-B2,0,1,ok,8.0,403,5798,403,2000,91904.05750651518,85436.12122424561,41684.814132565334,144003.783507453,14925.610372778729,168468.38250544225,0.0,0.0,0.0
2486100-B,4,1,ok,1.0,280,4110,280,2000,1713.9882583804088,1448.1546878700494,1024.0,2289.7336089597848,0.0,4579.4672179195695,0.05,0.05,0.2915
2486100-B,4,1,ok,2.0,280,4110,280,2000,8609.479221574426,4792.428664054263,1971.8336643844987,20354.661880478387,524.1068593330943,33601.100934344395,0.0,0.0,0.031
2486100-B,4,1,ok,4.0,280,4110,280,2000,55431.46321247473,54266.90514914693,34656.16251116098,78718.17640353012,19338.699025529095,90247.97837070923,0.0,0.0,0.0
2486100-B,4,1,ok,8.0,280,4110,280,2000,174558.62925490004,175783.12820062632,155424.19703108407,191762.2939870922,137848.7203277564,199733.6344635024,0.0,0.0,0.0
2486102-B2,3,1,ok,1.0,77,984,77,984,2764.227684947102,2289.7336089597848,1024.0,5724.783330999764,0.0,16520.86202351439,0.047764227642276426,0.047764227642276426,0.21443089430894308
2486102-B2,3,1,ok,2.0,77,984,77,984,19842.397388699734,19140.620722934553,4341.544751702341,35748.815673207035,203.64675298172568,48312.40544622054,0.0010162601626016261,0.0020325203252032522,0.009146341463414634
2486102-B2,3,1,ok,4.0,77,984,77,984,58646.01053594955,58939.639672518286,38130.33755416275,76715.15512635252,28647.75544436248,87859.47011563409,0.0,0.0,0.0
2486102-B2,3,1,ok,8.0,77,984,77,984,147171.7443851591,147540.15987843456,129565.82447090533,165013.1009493418,122919.39183871681,177410.72526766808,0.0,0.0,0.0
2486104-B1,1,1,ok,1.0,111,1420,111,1420,1885.4855837645869,2048.0,1024.0,3072.0,0.0,6154.69649942221,0.05140845070422535,0.05211267605633803,0.2633802816901408
2486104-B1,1,1,ok,2.0,111,1420,111,1420,10983.68632537881,8550.455610672783,3004.8980238040094,22917.728767757122,241.53053637169774,31428.437123089654,0.0035211267605633804,0.004225352112676056,0.009154929577464789
2486104-B1,1,1,ok,4.0,111,1420,111,1420,28412.938874722262,27300.513183413535,16657.979967071125,42765.444907533725,2897.7232442039735,60936.43127062824,0.0,0.0,0.0
2486104-B1,1,1,ok,8.0,111,1420,111,1420,86231.58396237079,91473.48524210021,53815.668791109696,116543.75282306861,42065.21717523874,137632.65310237973,0.0,0.0,0.0
2486104-B2,4,1,ok,1.0,111,1527,111,1527,1979.9075936220845,2048.0,1024.0,3072.0,0.0,12325.524816412484,0.05239030779305828,0.05304518664047151,0.2639161755075311
2486104-B2,4,1,ok,2.0,111,1527,111,1527,12192.299927340671,11754.594846271819,2617.406941472378,23882.792805128858,367.3935219897052,31339.479590446295,0.0,0.0032743942370661427,0.009823182711198428
2486104-B2,4,1,ok,4.0,111,1527,111,1527,36029.159648731504,36149.93955734919,13635.559137783826,58238.53337273418,5449.664301587759,68149.17908529786,0.0,0.0,0.0
2486104-B2,4,1,ok,8.0,111,1527,111,1527,128145.05235586013,128630.53815093833,107457.07892122412,149168.34429842758,94602.42864218655,159595.61167525878,0.0,0.0,0.0
2486165-B2,4,1,ok,1.0,247,3554,247,2000,1752.598060366152,1448.1546878700494,1024.0,2896.309375740099,0.0,8535.946813330083,0.062,0.062,0.293
2486165-B2,4,1,ok,2.0,247,3554,247,2000,5285.520133438963,3913.308830133395,1650.115753515492,11634.588360384607,116.18089343777659,22334.373911081548,0.008,0.008,0.0415
2486165-B2,4,1,ok,4.0,247,3554,247,2000,29090.709885003467,27282.21197043964,7140.741679371522,54568.82487129551,181.33394607739612,68773.27540549454,0.0005,0.0005,0.002
2486165-B2,4,1,ok,8.0,247,3554,247,2000,111654.89585892727,109857.36475186145,77792.12669682606,147307.11727517005,58476.94672261882,161371.58084991298,0.0,0.0,0.0
2486191-B,1,1,ok,1.0,252,3667,252,2000,1705.3843354567175,1448.1546878700494,1024.0,2289.7336089597848,0.0,7168.0,0.063,0.063,0.295
2486191-B,1,1,ok,2.0,252,3667,252,2000,10750.54561338335,7873.821998098154,2362.9748200097265,24500.441289939572,209.3083849252103,32849.74181024868,0.004,0.004,0.0185
2486191-B,1,1,ok,4.0,252,3667,252,2000,65352.211905148906,64886.65192403448,42001.33871170967,89291.38282987723,24417.553890592728,98656.79407420455,0.0,0.0,0.0
2486191-B,1,1,ok,8.0,252,3667,252,2000,197160.67157649552,196232.08270537585,169789.24779544811,224202.47856725717,154329.50686761102,234620.11136515983,0.0,0.0,0.0
2486197-B2,3,1,ok,1.0,256,3655,256,2000,1682.9169484432873,1448.1546878700494,1024.0,2289.7336089597848,0.0,4579.4672179195695,0.0635,0.065,0.305
2486197-B2,3,1,ok,2.0,256,3655,256,2000,6500.648753542941,4330.121476356062,1936.5949499056328,14763.706904743032,450.8480897153719,22892.472125133187,0.0,0.0045,0.031
2486197-B2,3,1,ok,4.0,256,3655,256,2000,28481.864830570146,30401.45680719922,4735.1891197712475,55157.727921723585,415.38415954390945,67501.72643718086,0.0,0.0015,0.006
2486197-B2,3,1,ok,8.0,256,3655,256,2000,108834.61297563279,113999.92830203148,66498.8694673575,144614.74067634888,46405.875490071296,158884.34878237694,0.0,0.0,0.0
2486262-B4,4,1,ok,1.0,141,2018,141,2000,1854.1505978681228,2048.0,1024.0,2896.309375740099,0.0,8233.851346727119,0.0545,0.0545,0.2705
2486262-B4,4,1,ok,2.0,141,2018,141,2000,10815.037728500381,7623.757303707043,2505.5793741168927,25967.02478144156,465.37941510126984,33960.531091253564,0.0,0.004,0.012
2486262-B4,4,1,ok,4.0,141,2018,141,2000,33781.318509314246,34404.39088256032,18794.828991942362,47991.08286949326,5796.155967535726,59080.02127623178,0.0,0.0,0.0
2486262-B4,4,1,ok,8.0,141,2018,141,2000,104278.02445681593,105587.99364485967,81233.7859543069,125096.12930873471,66024.35671780529,138865.56826657933,0.0,0.0,0.0
2486653-B2,2,1,ok,1.0,244,3569,244,2000,1745.8273903991026,1448.1546878700494,1024.0,2896.309375740099,0.0,5514.408762505732,0.052,0.052,0.283
2486653-B2,2,1,ok,2.0,244,3569,244,2000,8320.975175754556,4761.650239150288,1923.172639156454,20744.636053688675,476.689626486669,29207.00554661501,0.0,0.0105,0.027
2486653-B2,2,1,ok,4.0,244,3569,244,2000,18865.525000717233,16039.859076499979,5580.728607708565,37951.24346849716,501.10378166603374,53692.2731964293,0.0,0.002,0.0055
2486653-B2,2,1,ok,8.0,244,3569,244,2000,81167.95881173103,82287.15078912632,53785.58009393869,106320.10594670856,29983.236149555305,124266.84662048845,0.0,0.0,0.0
2486653-B3,4,1,ok,1.0,318,4719,318,2000,1712.7819927009223,1448.1546878700494,1024.0,2289.7336089597848,0.0,4579.4672179195695,0.061,0.061,0.296
2486653-B3,4,1,ok,2.0,318,4719,318,2000,7570.566286496934,4761.875260860998,1992.7180155351914,17265.102260274565,362.03867196751236,29188.043733693426,0.0,0.0035,0.0225
2486653-B3,4,1,ok,4.0,318,4719,318,2000,15181.106591382684,9274.343588632028,3910.225696810863,34074.35901795803,259.0,43985.83626577992,0.0,0.002,0.004
2486653-B3,4,1,ok,8.0,318,4719,318,2000,47798.38678129849,44484.17170954801,10670.90891161573,86318.24991257614,259.0,96675.17240739735,0.0,0.0005,0.0015
2486687-B3,0,1,ok,1.0,211,3060,211,2000,1736.3274484371113,1448.1546878700494,1024.0,2896.309375740099,0.0,7240.773439350247,0.0605,0.0605,0.289
2486687-B3,0,1,ok,2.0,211,3060,211,2000,6893.658163366234,4833.350080430757,1996.2827955978582,14829.269131903551,313.1149948501349,23023.711625191972,0.0,0.0065,0.0275
2486687-B3,0,1,ok,4.0,211,3060,211,2000,29377.960150829516,28869.310639031217,7025.858602366541,52941.227264226116,281.44093518889537,68717.05914108956,0.0,0.001,0.002
2486687-B3,0,1,ok,8.0,211,3060,211,2000,108019.16833259442,108797.78808588648,70473.73793524233,143871.77365739955,51605.150450318426,159525.20538460373,0.0,0.0,0.0
2486812-B2,2,1,ok,1.0,294,4161,294,2000,1797.6420435522743,1448.1546878700494,1024.0,2896.309375740099,0.0,6086.666411098936,0.0545,0.056,0.279
2486812-B2,2,1,ok,2.0,294,4161,294,2000,6919.714537064521,4914.991861641279,2008.1678216722823,15721.271981324593,148.70776711389354,27303.72621090389,0.0015,0.007,0.0305
2486812-B2,2,1,ok,4.0,294,4161,294,2000,19621.455452211136,14109.093961196824,4266.8598523973105,43999.5054278085,370.6669664267373,59000.38333773773,0.0,0.001,0.0035
2486812-B2,2,1,ok,8.0,294,4161,294,2000,77000.921406802,84005.30337696109,30497.863844792028,120796.52626989647,9409.21091271739,133359.7737325615,0.0,0.0,0.0
2486813-B2,2,1,ok,1.0,108,1446,108,1446,1838.8500329542128,2048.0,1024.0,2896.309375740099,0.0,4579.4672179195695,0.05739972337482711,0.05739972337482711,0.2710926694329184
2486813-B2,2,1,ok,2.0,108,1446,108,1446,12203.274040487004,9771.351610825637,2974.7954551531775,25324.902515682334,678.8225099390856,32048.875190870585,0.0,0.0,0.01590594744121715
2486813-B2,2,1,ok,4.0,108,1446,108,1446,16158.913205215293,14044.841177678358,5607.11842214876,30814.553157546572,368.9132689400044,40277.74293577037,0.0,0.0006915629322268327,0.002074688796680498
2486813-B2,2,1,ok,8.0,108,1446,108,1446,50635.64690515013,48011.943453854095,18025.45135112684,82607.92306917658,5618.980779465258,92486.36656286157,0.0,0.0,0.0
2486833-B2,0,1,ok,1.0,154,2205,154,2000,1744.320246784587,1448.1546878700494,1024.0,2896.309375740099,0.0,5221.395981919011,0.059,0.059,0.296
2486833-B2,0,1,ok,2.0,154,2205,154,2000,9647.663139705888,8610.307575313682,2280.378915882183,19169.84966033902,150.94369811290565,27060.84403709537,0.007,0.007,0.019
2486833-B2,0,1,ok,4.0,154,2205,154,2000,42515.138456670764,41494.133199980104,14088.354995764332,70862.3437742475,1066.9807870810046,81658.03269734092,0.0,0.0,0.0
2486833-B2,0,1,ok,8.0,154,2205,154,2000,150365.11963563264,149127.86303319343,122685.25938634927,177992.2507532563,112257.50633253885,188947.43057263308,0.0,0.0,0.0
2486845-B2,2,1,ok,1.0,154,2100,154,2000,1971.9910195657867,2048.0,1024.0,3072.0,0.0,11817.567346962742,0.0515,0.0515,0.259
2486845-B2,2,1,ok,2.0,154,2100,154,2000,11977.614302498807,11004.33569323731,3121.722858008864,22780.25646955835,114.54256850621083,32045.48467413155,0.001,0.0035,0.013
2486845-B2,2,1,ok,4.0,154,2100,154,2000,35041.95392487454,33569.956724765376,9144.148237992811,63304.23768432862,1482.1605850919125,73628.56663007912,0.0,0.0,0.0
2486845-B2,2,1,ok,8.0,154,2100,154,2000,128477.1924424383,123990.74776583156,95547.35033195766,162190.75055130298,77301.95291194136,172849.05155655323,0.0,0.0,0.0
2486859-B2,4,1,ok,1.0,60,944,60,944,4457.23620487053,2289.7336089597848,1024.0,4882.400191273821,0.0,60471.78016232034,0.03283898305084746,0.034957627118644065,0.1663135593220339
2486859-B2,4,1,ok,2.0,60,944,60,944,93070.41417781088,92964.82991535323,74624.5783091057,106578.75484939039,68140.49886080965,167775.42667506466,0.0,0.0,0.0
2486859-B2,4,1,ok,4.0,60,944,60,944,306758.9228134264,306615.08419472957,289105.3168317563,319624.70291673596,282784.6250010775,382777.1608494948,0.0,0.0,0.0
2486859-B2,4,1,ok,8.0,60,944,60,944,736224.3377799899,735862.3689152823,719025.186824118,748724.8527173672,712853.5338546061,812897.8167641982,0.0,0.0,0.0
2487043-B,3,1,ok,1.0,106,1513,106,1513,2665.884403657264,2048.0,1024.0,4096.0,0.0,26801.758244562985,0.048909451421017845,0.0495703899537343,0.24454725710508923
2487043-B,3,1,ok,2.0,106,1513,106,1513,29861.67567415632,29883.11362626057,9512.557253488614,48574.84154827938,94.87360012142472,62171.62215995333,0.0006609385327164573,0.0013218770654329147,0.0019828155981493722
2487043-B,3,1,ok,4.0,106,1513,106,1513,49320.72289834951,47885.80938023289,27483.348192625577,74123.03922450007,4079.663834190263,88552.26913524012,0.0,0.0,0.0
2487043-B,3,1,ok,8.0,106,1513,106,1513,151618.85309049758,144440.1785930771,125735.32366646318,193521.90276192286,84451.88775273174,208087.2548355617,0.0,0.0,0.0
2487053-B2,0,1,ok,1.0,202,2933,202,2000,1767.2807413070998,1448.1546878700494,1024.0,2896.309375740099,0.0,5221.395981919011,0.059,0.059,0.282
2487053-B2,0,1,ok,2.0,202,2933,202,2000,14418.658914399804,13074.662891212694,2832.72307153382,30098.393277044168,115.20850663036997,39896.094959281414,0.0015,0.0045,0.015
2487053-B2,0,1,ok,4.0,202,2933,202,2000,23300.23504462086,15385.980547296102,4641.443657220138,49461.34167205738,472.2298169323915,59346.72627870892,0.0,0.0015,0.0065
2487053-B2,0,1,ok,8.0,202,2933,202,2000,92863.22801096812,96607.81817671936,55791.1102940903,125658.94443151786,41467.597289932295,139815.29209639409,0.0,0.0,0.0
2487063-B2,4,1,ok,1.0,121,1409,121,1409,1888.3043569590466,2048.0,1024.0,3072.0,0.0,5405.141348753055,0.054648687012065295,0.05535841022001419,0.2590489709013485
2487063-B2,4,1,ok,2.0,121,1409,121,1409,15631.521072132171,15195.561457215064,3090.3203717414153,30901.73525141113,217.6235281397671,39414.95798551611,0.0035486160397444995,0.0035486160397444995,0.0120652945351313
2487063-B2,4,1,ok,4.0,121,1409,121,1409,47625.54305648729,49401.69130707976,19146.39429550665,70804.01343951689,6506.142098048582,80403.02481872184,0.0,0.0,0.0
2487063-B2,4,1,ok,8.0,121,1409,121,1409,146483.093539188,149421.52359349036,115871.08934390264,174948.25497310393,72902.15446061933,183882.41181798765,0.0,0.0,0.0
2487140-B2,0,1,ok,1.0,140,1907,140,1907,1986.9153700957713,2048.0,1024.0,3072.0,0.0,9976.715692050166,0.051389617199790245,0.051389617199790245,0.2658626114315679
2487140-B2,0,1,ok,2.0,140,1907,140,1907,23996.10165540912,23910.762367603424,8037.497073260688,39008.39754991335,199.86495440671933,56045.087741924355,0.0005243838489774515,0.0005243838489774515,0.0015731515469323545
2487140-B2,0,1,ok,4.0,140,1907,140,1907,78670.06554293532,80785.78786519323,54080.585973009154,98669.85048052095,34361.48461577293,116585.06611054436,0.0,0.0,0.0
2487140-B2,0,1,ok,8.0,140,1907,140,1907,233211.008989759,234362.45291641747,209260.84725006405,255737.24374829477,188775.05481657264,273921.75631738344,0.0,0.0,0.0
2487143-B,3,1,ok,1.0,204,2900,204,2000,1822.6035137549966,2048.0,1024.0,2896.309375740099,0.0,5514.408762505732,0.056,0.056,0.271
2487143-B,3,1,ok,2.0,204,2900,204,2000,5850.057617730127,4502.246661390289,1855.2113087193059,11990.542554686372,85.5102333057278,21555.964395034614,0.0065,0.009,0.0235
2487143-B,3,1,ok,4.0,204,2900,204,2000,13989.30327910412,10767.948224634303,4033.3838151110785,29570.508224200166,215.6687274502263,45665.91766295735,0.0005,0.002,0.0055
2487143-B,3,1,ok,8.0,204,2900,204,2000,60624.82389361484,59290.67592534211,34434.77509471661,90389.47058105352,20910.706946442533,108187.43411320928,0.0,0.0,0.0
2487146-B2,0,1,ok,1.0,156,2196,156,2000,1774.8040672491775,1448.1546878700494,1024.0,2896.309375740099,0.0,6476.344648024841,0.0575,0.0575,0.2865
2487146-B2,0,1,ok,2.0,156,2196,156,2000,9361.773172138412,7440.687015850939,2482.5277440544346,19434.977213028942,446.2824217914033,28028.540186745366,0.0,0.006,0.02
2487146-B2,0,1,ok,4.0,156,2196,156,2000,31527.18206666428,32673.22585073999,10092.112853640916,51859.24400834637,637.1130198010397,68413.50416401721,0.0,0.0,0.002
2487146-B2,0,1,ok,8.0,156,2196,156,2000,114073.47893747588,111723.09541947678,87786.34765708879,143120.36219842863,57745.132721295224,159637.48532221373,0.0,0.0,0.0
2487237-B2,0,1,ok,1.0,191,2685,191,2000,1721.9343840169724,1448.1546878700494,1024.0,2896.309375740099,0.0,5221.395981919011,0.057,0.057,0.2905
2487237-B2,0,1,ok,2.0,191,2685,191,2000,18129.366461439124,17053.840830269997,3047.349175923232,35390.42992968141,498.5107822304348,45572.573725871574,0.0,0.0035,0.0145
2487237-B2,0,1,ok,4.0,191,2685,191,2000,37419.993756698095,36739.60125216734,12170.374757888669,64175.28741844539,368.91191360540256,77469.37754364623,0.0,0.0005,0.001
2487237-B2,0,1,ok,8.0,191,2685,191,2000,143301.37255935208,142990.40477201252,119116.55966046121,167022.6201168717,108323.59262875286,179624.91261793283,0.0,0.0,0.0
2487246-B2,2,1,ok,1.0,90,1227,90,1227,1810.54848283401,2048.0,1024.0,2896.309375740099,0.0,5221.395981919011,0.05460472697636512,0.05460472697636512,0.2705786471067645
2487246-B2,2,1,ok,2.0,90,1227,90,1227,20945.78957028194,19768.117462216782,8558.362518613008,34790.690766353,2331.1458555826143,39018.16566677629,0.0,0.0,0.0
2487246-B2,2,1,ok,4.0,90,1227,90,1227,29732.13381905442,26126.954357521277,5861.193723855072,55381.949193170716,318.22004965118083,62834.54973181554,0.0,0.0008149959250203749,0.0024449877750611247
2487246-B2,2,1,ok,8.0,90,1227,90,1227,97547.79459548257,84921.26273201547,63431.87252635963,132062.71561978813,55868.21063896713,139432.10046829245,0.0,0.0,0.0
2487274-B2,0,1,ok,1.0,197,2764,197,2000,1680.110600617414,1448.1546878700494,1024.0,2289.7336089597848,0.0,4579.4672179195695,0.061,0.061,0.298
2487274-B2,0,1,ok,2.0,197,2764,197,2000,7718.648885592556,4506.265859888873,1904.6049459139815,18987.26575515436,172.9855485293497,28391.939771702815,0.0015,0.008,0.0305
2487274-B2,0,1,ok,4.0,197,2764,197,2000,12342.464086937196,10516.583486135274,4631.694283663105,23078.741975885423,208.61447696648477,38445.766060777096,0.0005,0.0015,0.003
2487274-B2,0,1,ok,8.0,197,2764,197,2000,44622.45446005234,44670.053249256074,16463.586314951597,74935.28203067606,3658.0,91276.73683913115,0.0,0.0,0.0
2487376-B2,0,1,ok,1.0,344,5115,344,2000,1688.6468214264992,1448.1546878700494,1024.0,2289.7336089597848,0.0,4579.4672179195695,0.065,0.065,0.298
2487376-B2,0,1,ok,2.0,344,5115,344,2000,5481.086518794076,3909.704976081955,1781.1816302668294,11882.38827998088,501.42297514174595,24402.502842946255,0.0,0.0035,0.0335
2487376-B2,0,1,ok,4.0,344,5115,344,2000,14900.515193559546,10870.784332328556,4235.167056917589,31764.986257463246,279.42798714516766,49205.098922774254,0.0,0.0005,0.005
2487376-B2,0,1,ok,8.0,344,5115,344,2000,69618.97379827053,70267.92307971578,42042.44389048622,95834.75335834495,25192.736115793377,115358.07044156035,0.0,0.0,0.0
2487388-B2,2,1,ok,1.0,239,3526,239,2000,1761.926243430825,1448.1546878700494,1024.0,2896.309375740099,0.0,5432.066641711974,0.0545,0.0545,0.2805
2487388-B2,2,1,ok,2.0,239,3526,239,2000,8242.447203687301,4924.234650274018,2063.067582295121,19271.639220058143,505.42754179011655,30572.45260033941,0.0,0.002,0.031
2487388-B2,2,1,ok,4.0,239,3526,239,2000,18798.820708994925,12595.474496822877,4321.018514193152,40640.98570227031,631.6209306221573,53317.63955765484,0.0,0.0,0.006
2487388-B2,2,1,ok,8.0,239,3526,239,2000,72337.31815786657,82542.40285347859,31121.555451851847,111781.577993045,11409.95013135465,122267.81358967698,0.0,0.0,0.0
2487518-B,4,1,ok,1.0,89,1281,89,1281,1786.3493571105473,1700.5222727150622,1024.0,2896.309375740099,0.0,5221.395981919011,0.05776736924277908,0.05776736924277908,0.28337236533957844
2487518-B,4,1,ok,2.0,89,1281,89,1281,7342.715245898944,4822.055993038654,1972.555956113793,16621.874743842825,353.1359511576243,23921.690910134257,0.0,0.0078064012490242,0.02576112412177986
2487518-B,4,1,ok,4.0,89,1281,89,1281,16095.672971883116,13965.719494533749,6297.626537037585,29558.475349719916,198.72594194015034,38656.450858815275,0.00078064012490242,0.00078064012490242,0.00234192037470726
2487518-B,4,1,ok,8.0,89,1281,89,1281,56270.055813932166,64080.631839893715,23932.319987832354,82542.92740750112,13891.832564496306,91351.57273413523,0.0,0.0,0.0
2487558-B2,0,1,ok,1.0,137,1895,137,1895,1673.0387386761965,1448.1546878700494,1024.0,2289.7336089597848,0.0,4222.060160632484,0.06121372031662269,0.06121372031662269,0.3029023746701847
2487558-B2,0,1,ok,2.0,137,1895,137,1895,14889.729589122519,14170.4843953903,3084.5161695150828,28732.92625595828,418.7600745056768,37107.919639882806,0.0,0.0036939313984168864,0.007387862796833773
2487558-B2,0,1,ok,4.0,137,1895,137,1895,36574.98139806352,36181.311474295675,13622.530621615098,58835.50710242923,2801.703053501566,68732.34440930994,0.0,0.0,0.0
2487558-B2,0,1,ok,8.0,137,1895,137,1895,125268.42565513465,125450.73450562177,98576.94017231108,150377.13536065537,83993.81351028182,160374.062740831,0.0,0.0,0.0
2487567-B2,2,1,ok,1.0,103,1480,103,1480,1822.6534400389278,2048.0,1024.0,2896.309375740099,0.0,4579.4672179195695,0.052702702702702706,0.05337837837837838,0.26554054054054055
2487567-B2,2,1,ok,2.0,103,1480,103,1480,8634.489403904376,7283.931839871982,2531.3208014789434,17271.09114019761,192.66551326067673,24749.003717321633,0.0033783783783783786,0.0033783783783783786,0.012837837837837839
2487567-B2,2,1,ok,4.0,103,1480,103,1480,19999.610365055672,17762.3637075085,4258.063527003796,40271.246338721794,323.43314610596116,47656.652001583156,0.0,0.002702702702702703,0.007432432432432433
2487567-B2,2,1,ok,8.0,103,1480,103,1480,80250.5745946007,80500.33870817695,53890.52575704663,105745.21622933798,46267.99050099323,113560.09778086668,0.0,0.0,0.0
2487651-B,3,1,ok,1.0,160,2295,160,2000,1679.7003641732474,1448.1546878700494,1024.0,2289.7336089597848,0.0,4222.060160632484,0.063,0.063,0.298
2487651-B,3,1,ok,2.0,160,2295,160,2000,9200.572695368617,6212.719855264681,2238.4566111497447,21065.804241372763,160.3277892319357,29022.16713134979,0.0015,0.006,0.018
2487651-B,3,1,ok,4.0,160,2295,160,2000,19111.394160776108,12520.231909057566,4558.502897334298,42229.137646093135,584.8016757841926,51157.494856570134,0.0,0.0,0.007
2487651-B,3,1,ok,8.0,160,2295,160,2000,80902.98564706474,79834.26960388248,54054.61333001771,108582.7527291879,40959.821593849745,116475.60980737556,0.0,0.0,0.0
2487656-B4,1,1,ok,1.0,196,2661,196,2000,1740.0320638935743,1448.1546878700494,1024.0,2896.309375740099,0.0,5792.618751480198,0.061,0.0615,0.2965
2487656-B4,1,1,ok,2.0,196,2661,196,2000,15103.527561937164,13878.05970431209,3195.4043297946805,28494.97960638369,502.41019097944263,54792.868441066305,0.0,0.002,0.007
2487656-B4,1,1,ok,4.0,196,2661,196,2000,44409.52677665903,42069.62603280238,18868.02291504089,75910.71840576494,692.6355463012276,91383.63267018882,0.0,0.0,0.0005
2487656-B4,1,1,ok,8.0,196,2661,196,2000,154974.86644160526,151158.79996862923,119633.0761350382,193754.92190842185,98039.17714872968,206385.18148355515,0.0,0.0,0.0
2487664-B2,3,1,ok,1.0,126,1748,126,1748,1781.4482979925488,1448.1546878700494,1024.0,2896.309375740099,0.0,6556.799219131237,0.06064073226544622,0.06064073226544622,0.2906178489702517
2487664-B2,3,1,ok,2.0,126,1748,126,1748,32261.51995179549,45970.78930347691,2817.9567065517526,60319.36028123979,530.4337847460322,67321.17279132918,0.0,0.0,0.016590389016018305
2487664-B2,3,1,ok,4.0,126,1748,126,1748,59165.320132655106,59959.16162999024,37346.01479138153,78886.03695152525,27124.844700016256,100423.5862384928,0.0,0.0,0.0
2487664-B2,3,1,ok,8.0,126,1748,126,1748,155296.3809177883,154881.89952200046,135488.7477773578,176233.42368157045,117045.92664847418,190016.86098080876,0.0,0.0,0.0
2487896-B2,3,1,ok,1.0,198,2495,198,2000,1761.7156332210297,1448.1546878700494,1024.0,2896.309375740099,0.0,10095.721172853378,0.0615,0.0615,0.2935
2487896-B2,3,1,ok,2.0,198,2495,198,2000,14505.429739894289,14167.76993743193,3750.9634588428494,25827.03233488303,406.2819218227658,42817.08303936642,0.0,0.003,0.009
2487896-B2,3,1,ok,4.0,198,2495,198,2000,43849.23037431419,32771.47536255836,11906.092767990682,82426.77330001174,462.24344235478344,96660.1540449838,0.0,0.0005,0.001
2487896-B2,3,1,ok,8.0,198,2495,198,2000,147263.0739369956,139304.9067649568,105842.23943467195,190741.9133951911,87043.43306648699,203960.07986858604,0.0,0.0,0.0
2487935-B2,4,1,ok,1.0,236,3434,236,2000,1855.435027947599,1448.1546878700494,1024.0,2896.309375740099,0.0,15995.348605141433,0.062,0.062,0.296
2487935-B2,4,1,ok,2.0,236,3434,236,2000,8511.053195749006,5083.058587898313,2116.9858289558765,20517.918349096584,384.78695404080423,30178.85990225608,0.0,0.007,0.0245
2487935-B2,4,1,ok,4.0,236,3434,236,2000,47122.094986920936,47618.28025525172,22382.00643325758,73291.5991335354,1936.8988099536848,87700.2842013639,0.0,0.0,0.0
2487935-B2,4,1,ok,8.0,236,3434,236,2000,157738.00507704754,158448.99354553982,134300.19004011797,180620.6515126344,110778.36207942416,196744.01183517632,0.0,0.0,0.0
2487941-B2,3,1,ok,1.0,126,1654,126,1654,1828.1138996509019,2048.0,1024.0,2896.309375740099,0.0,5514.408762505732,0.05501813784764208,0.05501813784764208,0.2714631197097944
2487941-B2,3,1,ok,2.0,126,1654,126,1654,13450.876616210227,8755.149399733295,2497.865088430518,30162.238726593223,517.0705947933996,38912.185919066535,0.0,0.0,0.010882708585247884
2487941-B2,3,1,ok,4.0,126,1654,126,1654,21623.929304700985,21346.707146536675,9752.853522593656,34468.483804317206,338.74031351464504,42203.01242802462,0.0,0.0006045949214026602,0.0018137847642079807
2487941-B2,3,1,ok,8.0,126,1654,126,1654,55134.598389128405,57752.90090482726,24130.0498628198,82005.99166537986,7452.236241558637,101370.79627782352,0.0,0.0,0.0
2488039-B2,0,1,ok,1.0,232,3196,232,2000,1803.7946517699845,2048.0,1024.0,2896.309375740099,0.0,5514.408762505732,0.056,0.056,0.28
2488039-B2,0,1,ok,2.0,232,3196,232,2000,7439.586317522522,4804.1390463623975,2002.5583636938024,16810.82318032047,332.938432746957,36381.09135251443,0.0,0.01,0.027
2488039-B2,0,1,ok,4.0,232,3196,232,2000,33349.34922526751,28744.557211588646,7082.5904865381,65357.618284421165,667.7125129874383,76606.35754296115,0.0,0.0,0.002
2488039-B2,0,1,ok,8.0,232,3196,232,2000,127986.58500538034,125958.34194219986,85912.1690958365,166590.9403691414,58332.9790941625,176239.94189740304,0.0,0.0,0.0
2488040-B,1,1,ok,1.0,255,3714,255,2000,1840.9839644772928,2048.0,1024.0,2896.309375740099,0.0,5812.616622485953,0.0515,0.0515,0.2625
2488040-B,1,1,ok,2.0,255,3714,255,2000,8053.731913720116,5329.030399613048,2024.3677736609661,18311.920888085704,477.83365306349026,24685.069920905633,0.0,0.002,0.027
2488040-B,1,1,ok,4.0,255,3714,255,2000,29190.695863951718,25076.86098536299,4741.831397255706,63901.66555366635,438.7311249501225,74535.90168502693,0.0,0.002,0.0055
2488040-B,1,1,ok,8.0,255,3714,255,2000,119514.52965904611,122190.20095964403,77776.12577757343,162794.74964397572,66495.67640831997,174467.71309328268,0.0,0.0,0.0
2488044-B2,3,1,ok,1.0,298,4181,298,2000,1745.2202234564825,1448.1546878700494,1024.0,2896.309375740099,0.0,6476.344648024841,0.063,0.063,0.287
2488044-B2,3,1,ok,2.0,298,4181,298,2000,10423.823516369148,7033.814343981965,2414.3978545384766,23791.400991294988,316.07752213657966,36405.40713959947,0.0,0.005,0.016
2488044-B2,3,1,ok,4.0,298,4181,298,2000,29337.213690682394,28703.995423209963,6047.1971193272675,55409.20132565894,447.4472035894291,71613.08356019869,0.0,0.001,0.0015
2488044-B2,3,1,ok,8.0,298,4181,298,2000,114348.04614783809,114549.59804792845,78123.52944549429,150301.01780085627,37112.62353970681,167679.83697809346,0.0,0.0,0.0
2488044-B3,4,1,ok,1.0,283,3998,283,2000,1864.9106686938094,1448.1546878700494,1024.0,2896.309375740099,0.0,15267.237929632196,0.058,0.058,0.2795
2488044-B3,4,1,ok,2.0,283,3998,283,2000,7424.262293263202,4446.406414173135,1953.485128978071,18909.13435353401,106.89246933250256,33496.14336009446,0.002,0.002,0.029
2488044-B3,4,1,ok,4.0,283,3998,283,2000,15943.238294570234,13318.82901316485,4840.807798183241,31403.786011733,666.8208155119335,51553.00287083188,0.0,0.0,0.003
2488044-B3,4,1,ok,8.0,283,3998,283,2000,67918.89227467695,68286.59191469786,37467.404621718335,98276.33428338669,13557.08423666387,121879.89163516679,0.0,0.0,0.0
2488050-B3,0,1,ok,1.0,243,3528,243,2000,1686.8436432962394,1448.1546878700494,1024.0,2289.7336089597848,0.0,4579.4672179195695,0.0645,0.0645,0.3065
2488050-B3,0,1,ok,2.0,243,3528,243,2000,9419.572063799895,6965.901101152288,2355.33045139853,20100.814809355365,379.984210198266,37996.80344450043,0.0,0.002,0.014
2488050-B3,0,1,ok,4.0,243,3528,243,2000,48579.86159430006,49880.364112544325,19855.145871330245,75179.40069446337,6635.08251644243,86502.84270473427,0.0,0.0,0.0
2488050-B3,0,1,ok,8.0,243,3528,243,2000,162403.44538369725,165877.02853224106,130453.8806778332,192383.0923250921,99258.56497048504,203781.6913562158,0.0,0.0,0.0
2488065-B3,4,1,ok,1.0,162,2276,162,2000,1757.095257995032,1448.1546878700494,1024.0,2896.309375740099,0.0,5120.0,0.058,0.058,0.2885
2488065-B3,4,1,ok,2.0,162,2276,162,2000,8836.77841879597,6505.44686506594,2220.947545530961,18751.144631728486,385.33102652135346,26470.764269283954,0.0,0.006,0.017
2488065-B3,4,1,ok,4.0,162,2276,162,2000,26464.333896550404,24548.502513946187,4802.364521774664,53486.169206632745,512.1728223949412,64155.65870599413,0.0,0.0,0.004
2488065-B3,4,1,ok,8.0,162,2276,162,2000,102834.52375104981,107861.69802059708,66802.54621992093,138425.6910027936,55265.65067924198,149696.53698065295,0.0,0.0,0.0
2488302-B2,2,1,ok,1.0,244,3415,244,2000,1749.6290365346933,1448.1546878700494,1024.0,2896.309375740099,0.0,9355.171083416913,0.062,0.062,0.2915
2488302-B2,2,1,ok,2.0,244,3415,244,2000,10566.323634901315,9418.445647978526,2546.119596562581,20949.348679458242,109.04127658827184,34395.51973731463,0.0005,0.0065,0.0185
2488302-B2,2,1,ok,4.0,244,3415,244,2000,38147.384337524716,38776.30778077372,6812.522073358735,70011.59467033435,704.5175654304156,82343.18473316416,0.0,0.0,0.0035
2488302-B2,2,1,ok,8.0,244,3415,244,2000,140882.120271158,138471.50325760504,102646.40841792944,177746.55901805338,86645.21416096794,192615.1608778499,0.0,0.0,0.0
2488320-B3,2,1,ok,1.0,121,1703,121,1703,1753.9225183072397,1448.1546878700494,1024.0,2896.309375740099,0.0,19852.856016200793,0.059307105108631825,0.059307105108631825,0.2953611274221961
2488320-B3,2,1,ok,2.0,121,1703,121,1703,7405.891407081528,5237.155334721322,2168.6145346741546,15497.651428449617,159.86244086714052,41745.36688064916,0.002935995302407516,0.007046388725778039,0.020551967116852612
2488320-B3,2,1,ok,4.0,121,1703,121,1703,30998.59566202467,31289.193294171073,15818.416102758203,44808.89464762834,5660.808422831496,59868.57329183651,0.0,0.0,0.0
2488320-B3,2,1,ok,8.0,121,1703,121,1703,98023.8215377558,98464.69759258899,75889.86531177162,119310.14742540906,65932.79220539654,129820.02295871003,0.0,0.0,0.0
2488330-B2,0,1,ok,1.0,277,4011,277,2000,1739.8727142051314,1448.1546878700494,1024.0,2896.309375740099,0.0,5221.395981919011,0.058,0.058,0.286
2488330-B2,0,1,ok,2.0,277,4011,277,2000,9391.327253380214,6233.176477527329,2432.6841143066645,22234.710055136842,436.28545701180553,34030.399718487,0.0,0.0075,0.0195
2488330-B2,0,1,ok,4.0,277,4011,277,2000,20329.73581605281,12664.871746367895,4589.073217982036,47252.76764470432,381.33581001526727,62407.16471688166,0.0,0.001,0.002
2488330-B2,0,1,ok,8.0,277,4011,277,2000,89133.83743353297,86051.11045284694,47632.018996353974,131313.14429942388,34886.021627580296,146382.25466223698,0.0,0.0,0.0
2488335-B,2,1,ok,1.0,355,5092,355,2000,1734.9938422057721,1448.1546878700494,1024.0,2896.309375740099,0.0,9616.823020103884,0.0625,0.0625,0.2975
2488335-B,2,1,ok,2.0,355,5092,355,2000,8370.753317648923,5494.795810582956,2255.293550737908,18977.839663985727,501.23148344851603,41460.00787505955,0.0,0.0035,0.026
2488335-B,2,1,ok,4.0,355,5092,355,2000,21258.834098221225,17379.782831029333,5424.539150932547,44547.02218789664,541.1330705103875,58724.107562397236,0.0,0.0,0.004
2488335-B,2,1,ok,8.0,355,5092,355,2000,62414.938607976954,53423.832159714744,15196.582824727459,112251.62291490893,842.1359747689205,135513.70658350395,0.0,0.0,0.0005
2488344-B2,4,1,ok,1.0,143,2098,143,2000,1711.2745063849156,1448.1546878700494,1024.0,2896.309375740099,0.0,4579.4672179195695,0.062,0.062,0.295
2488344-B2,4,1,ok,2.0,143,2098,143,2000,11942.489422369725,10346.668549144206,2596.810543724744,25555.26069244234,274.5268657162719,34063.93008741064,0.0,0.0005,0.0185
2488344-B2,4,1,ok,4.0,143,2098,143,2000,27912.818575719433,27527.73450160025,5799.755598298949,53722.13172412124,204.38444167793205,62511.837287029084,0.0005,0.0005,0.0025
2488344-B2,4,1,ok,8.0,143,2098,143,2000,108146.87539104577,107977.80870138202,78213.28186336611,138997.45402764628,70461.02233859511,148598.40597058905,0.0,0.0,0.0
2488369-B2,4,1,ok,1.0,367,5365,367,2000,1682.131113508063,1448.1546878700494,1024.0,2289.7336089597848,0.0,4579.4672179195695,0.0585,0.0585,0.3045
2488369-B2,4,1,ok,2.0,367,5365,367,2000,10876.70169218085,6985.938903548949,2338.978623245625,25089.11123670357,93.81364506296512,51094.02975886713,0.005,0.0085,0.019
2488369-B2,4,1,ok,4.0,367,5365,367,2000,39383.17141659626,34702.03922626037,8048.424056341475,76317.1345243105,819.4711709389171,90440.26205733816,0.0,0.0,0.0015
2488369-B2,4,1,ok,8.0,367,5365,367,2000,151347.87539037858,149494.81030309346,109073.4237991032,194378.72695371034,78976.4366377719,206354.4139217768,0.0,0.0,0.0
2488475-B2,4,1,ok,1.0,138,1880,138,1880,1754.111188924214,1448.1546878700494,1024.0,2896.309375740099,0.0,4579.4672179195695,0.059574468085106386,0.059574468085106386,0.28829787234042553
2488475-B2,4,1,ok,2.0,138,1880,138,1880,16440.80952925982,15320.260707307401,2614.6938351661656,33882.578978655765,197.57024067404484,39765.585233968326,0.0005319148936170213,0.005851063829787234,0.02074468085106383
2488475-B2,4,1,ok,4.0,138,1880,138,1880,25341.784494640193,25559.04505475178,11237.847881155893,38310.44384617214,358.23037280498704,48786.64735355361,0.0,0.0005319148936170213,0.0010638297872340426
2488475-B2,4,1,ok,8.0,138,1880,138,1880,74088.82876306638,75887.50684765083,43139.56803623391,101861.57512314737,27682.90290052689,113719.28610398502,0.0,0.0,0.0
2488477-B2,3,1,ok,1.0,159,2259,159,2000,1806.8458265302875,2048.0,1024.0,2896.309375740099,0.0,5514.408762505732,0.0555,0.0555,0.28
2488477-B2,3,1,ok,2.0,159,2259,159,2000,11085.173630413732,9662.904384384867,2814.9543513172644,21861.57034615766,569.5770360539477,30455.642794070198,0.0,0.0,0.0145
2488477-B2,3,1,ok,4.0,159,2259,159,2000,31019.534860441792,27244.210372315654,6877.787814154348,58683.68876239184,451.4177665976385,67331.01324055654,0.0,0.0005,0.0015
2488477-B2,3,1,ok,8.0,159,2259,159,2000,118022.40692172154,116305.33823688082,87132.69631194675,147255.08478725067,73034.14742433843,155427.7594768708,0.0,0.0,0.0
2488767-B,1,1,ok,1.0,477,7110,477,2000,1726.6697644059336,1448.1546878700494,1024.0,2896.309375740099,0.0,4579.4672179195695,0.0565,0.0565,0.295
2488767-B,1,1,ok,2.0,477,7110,477,2000,6430.3475589772615,4074.85165374152,1927.0130274738349,15603.444163889613,374.04946196993785,27699.34584065118,0.0,0.0115,0.021
2488767-B,1,1,ok,4.0,477,7110,477,2000,30549.265490776503,24688.449119685516,5661.638610701624,66171.42919147044,317.90721916936707,81942.90461046643,0.0,0.0015,0.0045
2488767-B,1,1,ok,8.0,477,7110,477,2000,131641.05363232936,130216.27279266214,87186.48038660342,174180.47938349872,69672.49426423601,189356.92029603777,0.0,0.0,0.0
2488769-B2,0,1,ok,1.0,161,2229,161,2000,1886.6149929319242,2048.0,1024.0,3072.0,0.0,5792.618751480198,0.055,0.055,0.2615
2488769-B2,0,1,ok,2.0,161,2229,161,2000,14121.001566139379,12819.84461684306,3568.035874259114,25198.33972135619,462.33537610699875,58353.509234663856,0.0,0.0035,0.009
2488769-B2,0,1,ok,4.0,161,2229,161,2000,36762.87894502527,40843.91021028088,5325.126934480603,73166.60356477162,451.83404032896857,81637.64151419369,0.0,0.0015,0.005
2488769-B2,0,1,ok,8.0,161,2229,161,2000,141931.03060125848,152123.80873503457,99582.71439904028,183991.38400611395,63722.322619314495,192838.89400222144,0.0,0.0,0.0
2488806-B2,3,1,ok,1.0,311,4653,311,2000,1725.113903787149,1448.1546878700494,1024.0,2896.309375740099,0.0,5514.408762505732,0.0635,0.0635,0.2845
2488806-B2,3,1,ok,2.0,311,4653,311,2000,8386.341902477721,5648.340287199418,2160.4038367785897,18964.75046782971,359.1225417597731,35132.13554567954,0.0,0.009,0.0235
2488806-B2,3,1,ok,4.0,311,4653,311,2000,44942.75915266464,45487.273257054934,22743.628392580125,65589.1602822392,3648.59644246935,78270.56113252287,0.0,0.0,0.0
2488806-B2,3,1,ok,8.0,311,4653,311,2000,148289.9637084533,150078.40247258803,122083.13181613946,171220.58251819867,99986.21937547193,188333.96092048826,0.0,0.0,0.0
2488916-B2,3,1,ok,1.0,463,6989,463,2000,1741.6943410423235,1448.1546878700494,1024.0,2289.7336089597848,0.0,14564.613039830478,0.0565,0.0565,0.3005
2488916-B2,3,1,ok,2.0,463,6989,463,2000,4920.2280629540255,3729.424888638998,1582.8284809163627,11005.33507574275,486.6210024238576,22895.35149326168,0.0,0.0045,0.038
2488916-B2,3,1,ok,4.0,463,6989,463,2000,21686.364354423084,9881.754921855432,3982.4818894754562,52537.35904647618,362.6596200295809,69159.82001133317,0.0,0.0035,0.0075
2488916-B2,3,1,ok,8.0,463,6989,463,2000,79918.42595306694,66777.06035912893,25876.07860038497,135299.67823999492,7529.5982628557285,151151.59013387852,0.0,0.0,0.0
2488932-B4,1,1,ok,1.0,377,5478,377,2000,1757.3559806345272,1448.1546878700494,1024.0,2896.309375740099,0.0,5221.395981919011,0.054,0.054,0.2845
2488932-B4,1,1,ok,2.0,377,5478,377,2000,6357.56647488494,4034.950146665108,1819.0464535024937,15174.960847099283,178.88543819998318,30144.74788416715,0.0055,0.011,0.0315
2488932-B4,1,1,ok,4.0,377,5478,377,2000,30665.610223815158,21999.58385043309,4566.122424990377,66846.22479363543,294.7032405658275,83691.60149023318,0.0,0.002,0.0045
2488932-B4,1,1,ok,8.0,377,5478,377,2000,130610.70868906152,125594.07599895187,84997.3674490975,176004.29598539486,56110.45821413331,191660.1819471118,0.0,0.0,0.0
2488960-B2,3,1,ok,1.0,221,3331,221,2000,1742.7158885570284,1448.1546878700494,1024.0,2896.309375740099,0.0,5120.0,0.0545,0.0545,0.2815
2488960-B2,3,1,ok,2.0,221,3331,221,2000,7583.268728261053,4805.984602555443,2055.1126489805856,17498.880200811378,248.90158697766472,28362.258020122445,0.0055,0.0085,0.025
2488960-B2,3,1,ok,4.0,221,3331,221,2000,26154.506347049548,23273.130683563526,4547.141519680248,56372.69162018353,221.44976857066254,67565.33454368445,0.0015,0.0015,0.0075
2488960-B2,3,1,ok,8.0,221,3331,221,2000,101025.63075584992,113434.45477107064,52055.442263125326,147081.55129738426,36396.3024495621,159249.351144675,0.0,0.0,0.0
2488987-B2,3,1,ok,1.0,262,3617,262,2000,1930.3942991281292,2048.0,1024.0,3072.0,0.0,19489.680679785393,0.053,0.054,0.2655
2488987-B2,3,1,ok,2.0,262,3617,262,2000,11675.38289383781,7472.616676907762,2528.455655138132,29149.297934766055,318.7977415227404,39735.67404738467,0.0,0.0045,0.0185
2488987-B2,3,1,ok,4.0,262,3617,262,2000,12812.148937902735,11334.298390284244,4476.873831924369,23724.05327002886,309.01132665324747,35038.77623433786,0.0,0.002,0.003
2488987-B2,3,1,ok,8.0,262,3617,262,2000,39313.21148212168,37948.62984501809,19338.219568609544,61438.09964998451,7086.565317556877,83703.57908715731,0.0,0.0,0.0
2489131-B3,4,1,ok,1.0,55,803,55,803,2099.062414660123,2048.0,1024.0,3692.084506075125,0.0,8669.652818884964,0.049813200498132,0.05105853051058531,0.2590286425902864
2489131-B3,4,1,ok,2.0,55,803,55,803,21416.74835748465,20828.288455847734,13469.416152190019,30452.91780466757,8804.930436976774,36547.954251914016,0.0,0.0,0.0
2489131-B3,4,1,ok,4.0,55,803,55,803,67519.89690034799,69863.04316303435,47055.48930815631,86030.99749290713,38760.973568784364,94727.3740372866,0.0,0.0,0.0
2489131-B3,4,1,ok,8.0,55,803,55,803,183361.49219528734,187063.6741219417,160504.41714553605,205463.63377300958,152878.80444325827,213788.10668743946,0.0,0.0,0.0
2489137-B4,0,1,ok,1.0,358,5205,358,2000,1701.5298910451124,1448.1546878700494,1024.0,2896.309375740099,0.0,5221.395981919011,0.0585,0.0585,0.301
2489137-B4,0,1,ok,2.0,358,5205,358,2000,6794.017517652247,4180.419237349288,1900.2486679379622,16229.828259262698,298.37727795527593,27965.234506436736,0.0,0.007,0.0195
2489137-B4,0,1,ok,4.0,358,5205,358,2000,19748.917719712816,18117.195226431475,5337.536604089943,38013.59831067763,206.34194920083507,49570.35316598017,0.0005,0.0005,0.001
2489137-B4,0,1,ok,8.0,358,5205,358,2000,76168.41189069404,77982.40309884987,48083.474860197464,101103.07690532738,27116.075250670034,120504.91900748285,0.0,0.0,0.0
2489182-B2,4,1,ok,1.0,275,3726,275,2000,1758.722291883728,1448.1546878700494,1024.0,2896.309375740099,0.0,5514.408762505732,0.0565,0.0565,0.279
2489182-B2,4,1,ok,2.0,275,3726,275,2000,7320.580810175265,4584.8864762390795,2063.0620446317166,17511.295583137187,21.93171219946131,36328.97511628975,0.005,0.005,0.032
2489182-B2,4,1,ok,4.0,275,3726,275,2000,18000.792018772856,14790.092995864828,4667.7856625704335,36267.98996222328,294.15642097360376,51858.60592997078,0.0,0.002,0.0045
2489182-B2,4,1,ok,8.0,275,3726,275,2000,59370.35293505949,60440.26834231145,26776.90981660172,90113.21191416048,8755.262703083215,112254.94412274232,0.0,0.0,0.0
2489203-B,0,1,ok,1.0,388,5588,388,2000,1720.281910051634,1448.1546878700494,1024.0,2350.391185637899,0.0,5792.618751480198,0.0575,0.0575,0.3
2489203-B,0,1,ok,2.0,388,5588,388,2000,17717.982122942514,7866.081834156501,2196.899633574552,43300.904621171154,97.32420048477151,59051.951093930846,0.007,0.0075,0.021
2489203-B,0,1,ok,4.0,388,5588,388,2000,116050.60765392556,115886.38085489834,73339.81479532795,156226.9824065135,38691.01477087413,169979.2446623999,0.0,0.0,0.0
2489203-B,0,1,ok,8.0,388,5588,388,2000,342749.27861630573,339985.2744403125,299844.5142702272,385548.0142135213,262453.3756688986,399856.78748271865,0.0,0.0,0.0
2489331-B2,1,1,ok,1.0,221,3091,221,2000,2288.01586184027,2048.0,1024.0,3238.1723240124206,0.0,25040.658657471453,0.0465,0.047,0.239
2489331-B2,1,1,ok,2.0,221,3091,221,2000,7919.832193230666,5702.579633874002,2316.452803446811,17239.375740236395,156.01281998605114,28741.873094841958,0.001,0.004,0.019
2489331-B2,1,1,ok,4.0,221,3091,221,2000,24101.95669078187,20282.467102041424,7137.462986638336,45819.058507831214,704.5942094567624,67371.0179973555,0.0,0.0,0.0015
2489331-B2,1,1,ok,8.0,221,3091,221,2000,99987.71243732763,100995.02096158813,68349.23280991061,132433.06053252224,28744.37365816135,154819.64775182767,0.0,0.0,0.0
2490526B3,2,1,ok,1.0,201,2774,201,2000,1778.9625110353356,2048.0,1024.0,2896.309375740099,0.0,4579.4672179195695,0.053,0.053,0.273
2490526B3,2,1,ok,2.0,201,2774,201,2000,6524.865998598433,4411.969174869652,1966.6987568003392,15655.364763013748,258.48791074245617,22176.46682860009,0.0,0.0095,0.0305
2490526B3,2,1,ok,4.0,201,2774,201,2000,9454.954154493425,8014.13451815818,3573.820504726,17886.90786581068,418.7600745056768,27299.260667644463,0.0,0.002,0.0055
2490526B3,2,1,ok,8.0,201,2774,201,2000,26838.150478499676,25332.795605696534,8833.792745131024,47674.61615704455,597.0334998976188,64915.79382553987,0.0,0.0,0.0015
2490547B2,1,1,ok,1.0,189,2521,189,2000,1855.89713350786,2048.0,1024.0,2896.309375740099,0.0,6226.2088786034155,0.056,0.0565,0.271
2490547B2,1,1,ok,2.0,189,2521,189,2000,5273.266371360136,4100.74261567341,1659.6867174259123,9532.614984980659,132.43866504914644,34188.22346949312,0.0005,0.0055,0.04
2490547B2,1,1,ok,4.0,189,2521,189,2000,11208.236498110386,8924.386365459532,3729.887933973352,21965.75662252498,291.247317584214,33513.79417493639,0.0,0.001,0.0075
2490547B2,1,1,ok,8.0,189,2521,189,2000,42797.049315352204,42440.676060060185,21689.715751752843,64241.8859546086,9023.075861367895,80125.76354706394,0.0,0.0,0.0
2490750B4,1,1,ok,1.0,79,1097,79,1097,1805.3519337342361,2048.0,1024.0,2896.309375740099,0.0,4579.4672179195695,0.054694621695533276,0.054694621695533276,0.2725615314494075
2490750B4,1,1,ok,2.0,79,1097,79,1097,21044.741045133156,19766.97632416248,3196.2906177936966,39145.78641719778,167.93153366774212,46718.158461138,0.0036463081130355514,0.0036463081130355514,0.010027347310847767
2490750B4,1,1,ok,4.0,79,1097,79,1097,48297.265151649546,49030.01383846429,33231.67165528506,62287.926029480084,23017.452530634226,71118.07372250741,0.0,0.0,0.0
2490750B4,1,1,ok,8.0,79,1097,79,1097,130299.7811478353,131250.85243532708,115964.34918166781,143264.23919821158,102762.37421352233,149553.07783526223,0.0,0.0,0.0
2490820B2,4,1,ok,1.0,133,1812,133,1812,1711.9386485955158,1448.1546878700494,1024.0,2896.309375740099,0.0,5120.0,0.05905077262693157,0.05905077262693157,0.2969094922737307
2490820B2,4,1,ok,2.0,133,1812,133,1812,26010.973912558893,26352.533597126276,3707.937027512738,49306.78193717371,444.190274544592,57045.3873420104,0.0,0.0005518763796909492,0.009933774834437087
2490820B2,4,1,ok,4.0,133,1812,133,1812,130539.12942665133,138385.5087634166,94834.18165371068,166383.53320471736,79727.44988396406,174034.035570632,0.0,0.0,0.0
2490820B2,4,1,ok,8.0,133,1812,133,1812,363483.8290767388,373124.46093485213,325725.88448545174,401059.99901820935,310863.8838478989,408947.60123150254,0.0,0.0,0.0
2490820B3,1,1,ok,1.0,134,1844,134,1844,1743.0209680826479,1448.1546878700494,1024.0,2896.309375740099,0.0,5424.722112698493,0.056941431670282,0.056941431670282,0.28796095444685466
2490820B3,1,1,ok,2.0,134,1844,134,1844,12543.525255143684,10078.316109248728,2732.0565513912775,26292.107960723308,517.1663175420457,36189.84291206581,0.0,0.0,0.016811279826464208
2490820B3,1,1,ok,4.0,134,1844,134,1844,27083.4207449517,27572.35211610844,10781.544868774055,42788.14464311347,707.4326823097729,50143.16633400807,0.0,0.0,0.0016268980477223427
2490820B3,1,1,ok,8.0,134,1844,134,1844,86730.87615231781,87361.0046264865,70626.85786545998,102333.47503441096,59656.8738118249,111183.87187447648,0.0,0.0,0.0
2490837B2,2,1,ok,1.0,209,2909,209,2000,1780.6245066784238,1448.1546878700494,1024.0,2896.309375740099,0.0,5120.0,0.055,0.055,0.281
2490837B2,2,1,ok,2.0,209,2909,209,2000,10879.515263695172,7156.939974693185,2206.9057524053896,24630.01429384825,107.20074626605917,31747.227737237154,0.0005,0.0005,0.0255
2490837B2,2,1,ok,4.0,209,2909,209,2000,13847.790625953094,12070.16601198981,5087.922614015986,25616.52505867937,258.64454372748713,34963.67693764487,0.0,0.0005,0.0015
2490837B2,2,1,ok,8.0,209,2909,209,2000,40769.25622048674,41470.71249291969,16364.657862795633,62224.90690510151,1583.4345581677824,80150.38555740078,0.0,0.0,0.0
2490844B1,3,1,ok,1.0,265,3668,265,2000,1700.6844152717854,1448.1546878700494,1024.0,2442.06606628474,0.0,4579.4672179195695,0.0655,0.0655,0.3
2490844B1,3,1,ok,2.0,265,3668,265,2000,7103.306010573996,4953.460608503918,2144.749169483462,15653.84507825773,356.534710792652,28237.229768516598,0.0,0.0095,0.026
2490844B1,3,1,ok,4.0,265,3668,265,2000,36579.67904555061,37085.95444074532,14586.977457637682,56145.74567162492,2173.7904682834546,80260.43510971019,0.0,0.0,0.0
2490844B1,3,1,ok,8.0,265,3668,265,2000,133031.2040198434,134603.8411392576,100656.88041118732,163572.98136622665,83739.39711390332,189183.20670714937,0.0,0.0,0.0
2490860B2,0,1,ok,1.0,291,4208,291,2000,1683.9673508428925,1448.1546878700494,1024.0,2289.7336089597848,0.0,4579.4672179195695,0.063,0.063,0.3
2490860B2,0,1,ok,2.0,291,4208,291,2000,4501.237197666466,3740.2122934400395,1699.6940901232786,9216.610532305816,369.38868417968627,17674.352039042336,0.0,0.014,0.0395
2490860B2,0,1,ok,4.0,291,4208,291,2000,15666.504035671342,10953.003404737417,4366.1612430142795,35526.29637645514,145.12063946937388,52862.75301192703,0.001,0.0015,0.0045
2490860B2,0,1,ok,8.0,291,4208,291,2000,68907.28124228532,67756.24366413639,34434.87296315705,105211.30103102588,21910.282608857422,123458.24466595984,0.0,0.0,0.0
2490963B2,1,1,ok,1.0,258,3611,258,2000,1756.5648416387182,1448.1546878700494,1024.0,2896.309375740099,0.0,6476.344648024841,0.0475,0.0475,0.2785
2490963B2,1,1,ok,2.0,258,3611,258,2000,17480.579218582385,15434.767669129329,2565.962002836363,37608.6685706703,598.5323717226997,47399.85878670948,0.0,0.0,0.0205
2490963B2,1,1,ok,4.0,258,3611,258,2000,27826.653667445757,25534.36902374443,5799.01241592049,57018.43064229346,345.20863256876993,69411.13945902344,0.0,0.001,0.0025
2490963B2,1,1,ok,8.0,258,3611,258,2000,108151.94446238034,109997.3904376411,68581.24836513362,150145.70018086064,37140.37836371622,162440.06407595388,0.0,0.0,0.0
2490964B2,0,1,ok,1.0,113,1439,113,1439,2017.6415723533837,2048.0,1024.0,3238.1723240124206,0.0,10198.04868590065,0.056289089645587216,0.056289089645587216,0.26268241834607364
2490964B2,0,1,ok,2.0,113,1439,113,1439,8419.194816958803,4958.133217250218,1869.5368410384428,20672.966698068012,272.3692346796899,36988.22305815731,0.0,0.008339124391938846,0.02640722724113968
2490964B2,0,1,ok,4.0,113,1439,113,1439,15633.941315592388,12989.290357829406,4918.178152161326,30473.88155345421,360.9764535257113,50149.895563201324,0.0,0.0006949270326615705,0.004864489228630994
2490964B2,0,1,ok,8.0,113,1439,113,1439,45715.86007742375,44540.15213265442,16067.767537002144,82011.77631345644,4732.205088539591,92486.62813617977,0.0,0.0,0.0
2490972B8,1,1,ok,1.0,191,2801,191,2000,1801.2041207824552,1448.1546878700494,1024.0,2896.309375740099,0.0,6228.748831025377,0.056,0.056,0.28
2490972B8,1,1,ok,2.0,191,2801,191,2000,11166.600081705254,10265.4442183473,2790.6128359197373,21604.136293774856,225.17770760001977,29805.720004723924,0.0015,0.0045,0.0145
2490972B8,1,1,ok,4.0,191,2801,191,2000,25682.681708597676,25487.60932013305,4413.807532240854,52245.92371449608,247.38835865901208,62479.44890922134,0.001,0.001,0.0045
2490972B8,1,1,ok,8.0,191,2801,191,2000,99156.4100119136,106153.16224992006,64237.64209137573,132980.35211294604,48969.957331000405,144584.38930949633,0.0,0.0,0.0
2490978B2,0,1,ok,1.0,138,1934,138,1934,1686.8116802212237,1448.1546878700494,1024.0,2289.7336089597848,0.0,5221.395981919011,0.06101344364012409,0.06101344364012409,0.3019648397104447
2490978B2,0,1,ok,2.0,138,1934,138,1934,10173.130172681747,9297.605663891496,2615.4537371883134,19689.01511181278,559.7713819051488,24101.51995206941,0.0,0.0,0.01964839710444674
2490978B2,0,1,ok,4.0,138,1934,138,1934,38678.55545028258,34295.0699422713,11760.06802701413,66230.67243591553,497.6102892826876,73542.44706290375,0.0,0.000517063081695967,0.000517063081695967
2490978B2,0,1,ok,8.0,138,1934,138,1934,135754.95761929132,126616.94728570337,106238.79230302098,165324.768534249,98724.99339073162,172802.51850016537,0.0,0.0,0.0
2490980B,2,1,ok,1.0,394,5912,394,2000,1744.6497693992903,1448.1546878700494,1024.0,2896.309375740099,0.0,6476.344648024841,0.06,0.06,0.2915
2490980B,2,1,ok,2.0,394,5912,394,2000,5194.697680881754,3814.582545967514,1810.758956901774,11532.314527979606,97.32420048477151,34017.70832963326,0.0035,0.008,0.0265
2490980B,2,1,ok,4.0,394,5912,394,2000,16476.692819160427,9453.204005008207,3838.8331560514584,40382.3110046788,386.6574711550263,54737.49427951557,0.0,0.0005,0.0065
2490980B,2,1,ok,8.0,394,5912,394,2000,67781.74723619911,70512.3094053512,21386.45432668241,114045.12125405112,831.5383334519221,127957.88907292899,0.0,0.0,0.0005
2491131B2,2,1,ok,1.0,264,3875,264,2000,1712.5908268497508,1448.1546878700494,1024.0,2289.7336089597848,0.0,4579.4672179195695,0.053,0.053,0.299
2491131B2,2,1,ok,2.0,264,3875,264,2000,7344.325311400215,4772.668855053742,1975.854245636555,16051.865668405035,368.3476618630828,27062.850182491864,0.0,0.0095,0.026
2491131B2,2,1,ok,4.0,264,3875,264,2000,23409.819110094235,19872.39284864344,4439.492313316918,49024.59007477778,106.90182411914213,61915.56366536608,0.0025,0.0025,0.006
2491131B2,2,1,ok,8.0,264,3875,264,2000,96406.23773170226,96708.02610141822,60394.119349651024,131817.26748859716,44253.407416830625,144791.46936197588,0.0,0.0,0.0
2491191B2,3,1,ok,1.0,223,3305,223,2000,1764.4996240856644,1448.1546878700494,1024.0,2896.309375740099,0.0,6850.281454071796,0.0595,0.0595,0.2945
2491191B2,3,1,ok,2.0,223,3305,223,2000,5136.960681705645,3848.324310657822,1762.5178013285426,11573.460891194129,273.38617375427015,18587.77676323879,0.0,0.0095,0.0425
2491191B2,3,1,ok,4.0,223,3305,223,2000,15231.43309786014,9309.017928586105,3809.8951429140407,34996.41366128179,342.4149529445231,46877.91940775529,0.0,0.0005,0.009
2491191B2,3,1,ok,8.0,223,3305,223,2000,63780.200010753375,64529.6986021785,29953.045306681994,97637.62517625553,15168.066620370573,111147.3026213412,0.0,0.0,0.0
2491191B3,2,1,ok,1.0,315,4558,315,2000,1700.1060794713997,1448.1546878700494,1024.0,2289.7336089597848,0.0,4579.4672179195695,0.0605,0.0605,0.29
2491191B3,2,1,ok,2.0,315,4558,315,2000,9827.57016521991,5045.711049990873,2141.491069325296,25640.226873891268,176.72577627499618,35656.65245084008,0.008,0.008,0.0245
2491191B3,2,1,ok,4.0,315,4558,315,2000,62581.34529017899,61507.31728827067,27195.45373771138,99449.39659562698,9971.813074862564,111017.78452121984,0.0,0.0,0.0
2491191B3,2,1,ok,8.0,315,4558,315,2000,212442.09666298865,211407.46774505795,176875.268515432,249015.37954200935,160162.8051702392,260706.9173765821,0.0,0.0,0.0
2491226B2,2,1,ok,1.0,193,2680,193,2000,1815.250344315995,2048.0,1024.0,2896.309375740099,0.0,8084.310298349514,0.054,0.054,0.269
2491226B2,2,1,ok,2.0,193,2680,193,2000,12226.695623245338,10767.236512415231,2754.613076441287,24430.188896305703,261.444066675838,53910.52914783901,0.0,0.0015,0.0155
2491226B2,2,1,ok,4.0,193,2680,193,2000,43587.17321564486,42261.843010510536,17336.265616675253,73031.63813339655,2677.87098270249,86192.59402060017,0.0,0.0,0.0
2491226B2,2,1,ok,8.0,193,2680,193,2000,151600.50918822113,151766.4840623059,126247.06754930929,178333.7278523011,85950.47035357049,193344.19132728036,0.0,0.0,0.0
2491275B2,2,1,ok,1.0,214,3062,214,2000,1773.0049916542273,1448.1546878700494,1024.0,2896.309375740099,0.0,6800.454396582629,0.058,0.058,0.292
2491275B2,2,1,ok,2.0,214,3062,214,2000,9471.400003032235,6342.3116065586455,2174.330701618316,20951.601691468593,209.61393083476108,45147.768460910665,0.0035,0.0065,0.019
2491275B2,2,1,ok,4.0,214,3062,214,2000,35534.977668951855,39177.23049545209,4958.028842191219,72778.65171654495,521.8141431582704,83718.18808956629,0.0,0.0,0.0055
2491275B2,2,1,ok,8.0,214,3062,214,2000,140376.57520589928,152108.41115990723,97123.51491115225,183732.69054831273,79141.05928656756,197200.29813618437,0.0,0.0,0.0
2491552B,3,1,ok,1.0,117,1488,117,1488,2001.6054251232506,2048.0,1024.0,3238.1723240124206,0.0,10349.526945711094,0.053763440860215055,0.05846774193548387,0.26814516129032256
2491552B,3,1,ok,2.0,117,1488,117,1488,8813.320837345727,6260.660713691865,2444.016571138584,19453.402093207245,371.5588782413899,34800.9067266932,0.0,0.0006720430107526882,0.021505376344086023
2491552B,3,1,ok,4.0,117,1488,117,1488,20406.430558145654,20772.217117907465,6176.2586101634215,34335.917183801896,385.25316351718647,43816.13338714406,0.0,0.0006720430107526882,0.002688172043010753
2491552B,3,1,ok,8.0,117,1488,117,1488,68405.26582520528,72787.46722395776,39916.7864349001,93690.5887014292,9062.529999950346,104992.90102192624,0.0,0.0,0.0
2491560B2,1,1,ok,1.0,128,1611,128,1611,2063.333152330806,2048.0,1024.0,3238.1723240124206,0.0,12866.43917329111,0.04717566728739913,0.04779639975170701,0.24332712600869025
2491560B2,1,1,ok,2.0,128,1611,128,1611,10046.43450738383,8873.774450593164,2940.5742636430728,18967.83132042248,96.0,25918.67297914768,0.0012414649286157666,0.00558659217877095,0.015518311607697082
2491560B2,1,1,ok,4.0,128,1611,128,1611,37317.09179169662,34048.72662817216,16307.650229263565,58754.22062286249,2242.1132888415787,66835.85008810766,0.0,0.0,0.0
2491560B2,1,1,ok,8.0,128,1611,128,1611,122980.87870953264,122577.13301019893,98283.06996120949,148346.2962159824,73035.74079175209,156186.6579224999,0.0,0.0,0.0
2491579B,3,1,ok,1.0,269,3882,269,2000,1807.9568710254882,2048.0,1024.0,2896.309375740099,0.0,12141.448389710347,0.058,0.058,0.27
2491579B,3,1,ok,2.0,269,3882,269,2000,4720.223655638324,4105.008561811346,1927.3653000923307,8617.503598397447,79.20227269466452,25041.86710291387,0.008,0.008,0.0305
2491579B,3,1,ok,4.0,269,3882,269,2000,19126.111651709376,18262.19376197723,6068.145819921641,33649.513617682875,237.60681808399355,53466.65746051459,0.002,0.002,0.0055
2491579B,3,1,ok,8.0,269,3882,269,2000,71379.79630922784,69658.15053952788,42126.24571086228,101186.67694642209,25952.153918316682,122881.4467525509,0.0,0.0,0.0
25001929B3,0,1,ok,1.0,179,2411,179,2000,1780.3465598520272,1448.1546878700494,1024.0,2896.309375740099,0.0,5792.618751480198,0.0565,0.0565,0.2865
25001929B3,0,1,ok,2.0,179,2411,179,2000,14458.814758067381,11800.933010003095,2883.442560551536,31247.044810660616,273.99452549275503,53617.12983739432,0.0,0.0005,0.015
25001929B3,0,1,ok,4.0,179,2411,179,2000,43784.41784661633,43997.58356985249,25529.720038399773,61965.29089663387,13043.655200901318,71900.7406915951,0.0,0.0,0.0
25001929B3,0,1,ok,8.0,179,2411,179,2000,132240.11104071164,134055.78414956806,105253.1100811553,158858.2114619245,74267.55234959612,170106.7671816733,0.0,0.0,0.0
25001939B2,2,1,ok,1.0,241,3385,241,2000,1776.4842158005993,1448.1546878700494,1024.0,2896.309375740099,0.0,15981.554179741093,0.0595,0.0595,0.283
25001939B2,2,1,ok,2.0,241,3385,241,2000,7301.645926085548,4700.219675717296,2032.9921298421202,15792.631914106267,365.1205280451922,41313.790591036304,0.0,0.008,0.026
25001939B2,2,1,ok,4.0,241,3385,241,2000,19059.906191830247,14400.871872266227,4962.51317378604,42294.98802692166,435.66156589719964,56858.90981191954,0.0,0.0005,0.0015
25001939B2,2,1,ok,8.0,241,3385,241,2000,79651.7743574959,81036.30913271026,40883.739212832974,118863.78484038134,23633.722728338842,134293.94381356146,0.0,0.0,0.0
25001965B2,4,1,ok,1.0,150,2014,150,2000,1709.530474999192,1448.1546878700494,1024.0,2896.309375740099,0.0,5120.0,0.06,0.06,0.298
25001965B2,4,1,ok,2.0,150,2014,150,2000,5699.152616809616,4095.562476632483,1779.7438017872123,12581.545699567945,248.90158697766472,21553.38377146382,0.0045,0.0045,0.036
25001965B2,4,1,ok,4.0,150,2014,150,2000,16751.854387636326,14868.897310011984,5388.105418419354,32559.937189499815,178.88543819998318,46220.83478259561,0.0015,0.0015,0.004
25001965B2,4,1,ok,8.0,150,2014,150,2000,29814.884555751236,28120.642923841016,11406.179279013162,50925.23728163025,2840.7097704623047,66828.39157124762,0.0,0.0,0.0
25001966B2,3,1,ok,1.0,259,3708,259,2000,1695.4587631011252,1448.1546878700494,1024.0,2289.7336089597848,0.0,4579.4672179195695,0.055,0.055,0.2995
25001966B2,3,1,ok,2.0,259,3708,259,2000,6041.265411839584,4097.531085910148,1778.188122781164,13572.513715065985,465.7563740841342,33981.62803633752,0.0,0.005,0.041
25001966B2,3,1,ok,4.0,259,3708,259,2000,26927.506485951606,23480.31698564776,5004.34434592117,55249.65775445334,229.24441105510076,68225.61050661255,0.001,0.001,0.004
25001966B2,3,1,ok,8.0,259,3708,259,2000,105332.86894328553,104490.52547103359,65012.17595155325,145329.05347029355,43243.456661094984,161617.42604372834,0.0,0.0,0.0
25002073B3,1,1,ok,1.0,172,2331,172,2000,1727.256392646925,1448.1546878700494,1024.0,2896.309375740099,0.0,4579.4672179195695,0.06,0.061,0.2975
25002073B3,1,1,ok,2.0,172,2331,172,2000,21403.717208442853,20828.737002912247,3717.040220390412,39894.476171520284,496.32650543770075,62100.7799065358,0.0,0.003,0.0055
25002073B3,1,1,ok,4.0,172,2331,172,2000,61625.67348587243,62776.73485931738,43528.90271780213,80170.27966051956,15585.245105547747,91261.42547648486,0.0,0.0,0.0
25002073B3,1,1,ok,8.0,172,2331,172,2000,175573.46552411246,176261.37524472302,149994.34194967576,202055.9663715145,114743.91755992995,214867.5397820713,0.0,0.0,0.0
25002238B,1,1,ok,1.0,343,4907,343,2000,1694.1589086213103,1448.1546878700494,1024.0,2289.7336089597848,0.0,4594.657985095299,0.057,0.057,0.2985
25002238B,1,1,ok,2.0,343,4907,343,2000,8375.324519213844,4979.381989765397,2094.2600125103854,19390.890258056745,210.1547049199708,39246.45192880498,0.005,0.0095,0.027
25002238B,1,1,ok,4.0,343,4907,343,2000,39148.346865954845,39211.67301348567,7801.682083188608,70320.3646116207,350.56097900365353,79087.0125937249,0.0,0.0005,0.001
25002238B,1,1,ok,8.0,343,4907,343,2000,141903.80364396021,144407.51989281707,100203.70157277418,177729.82482290204,78174.95410935653,188318.3837255407,0.0,0.0,0.0
25002328B2,1,1,ok,1.0,87,1120,87,1120,1835.7551487619294,1448.1546878700494,1024.0,2896.309375740099,0.0,12677.2039898394,0.05892857142857143,0.05892857142857143,0.2883928571428571
25002328B2,1,1,ok,2.0,87,1120,87,1120,23311.842299296728,23000.411924409378,12638.527559236909,32945.286635353266,2777.6508059869584,60721.486971252605,0.0,0.0,0.0
25002328B2,1,1,ok,4.0,87,1120,87,1120,77115.09560844122,77550.41402138188,65278.512476669515,88141.11605571088,60158.05566173162,102944.69958186288,0.0,0.0,0.0
25002328B2,1,1,ok,8.0,87,1120,87,1120,196190.23598265235,194821.2264717997,181609.555707969,211061.62833957095,170242.24870754028,214718.59615785495,0.0,0.0,0.0
25002329B2,2,1,ok,1.0,252,3519,252,2000,1736.9529136069627,1448.1546878700494,1024.0,2896.309375740099,0.0,12659.365070966238,0.06,0.0605,0.2985
25002329B2,2,1,ok,2.0,252,3519,252,2000,5837.603921776248,3958.1744529517646,1707.117160595605,13530.43656870137,263.77452492611945,34000.219190469936,0.0,0.0035,0.037
25002329B2,2,1,ok,4.0,252,3519,252,2000,19937.708984339006,18013.36825526244,5845.061590779005,38885.039078020935,384.0117185711915,51232.11492804099,0.0,0.001,0.0015
25002329B2,2,1,ok,8.0,252,3519,252,2000,74364.7046944044,76965.15564483819,40565.542247114856,108727.40935873418,4768.734528153145,121082.31910563986,0.0,0.0,0.0
25002366B6,3,1,ok,1.0,246,3546,246,2000,1871.2206739010164,2048.0,1024.0,2896.309375740099,0.0,11585.237502960395,0.052,0.052,0.27
25002366B6,3,1,ok,2.0,246,3546,246,2000,6142.278670424981,4426.017623100929,1817.7128486094828,13172.633531199495,514.6338504218314,25762.894557871405,0.0,0.0,0.033
25002366B6,3,1,ok,4.0,246,3546,246,2000,14120.052709092617,11961.043568365852,4854.738128383349,26134.20590595676,248.67649667791284,41214.19250695081,0.0005,0.0015,0.0055
25002366B6,3,1,ok,8.0,246,3546,246,2000,43279.26613006239,43266.48878394323,14424.15000252169,75217.15574132335,554.1552129142159,97255.16788325441,0.0,0.0,0.0015
25002379B2,2,1,ok,1.0,177,2523,177,2000,1657.3615637598061,1448.1546878700494,1024.0,2289.7336089597848,0.0,4096.0,0.063,0.063,0.311
25002379B2,2,1,ok,2.0,177,2523,177,2000,9965.987757344506,8107.407230428234,2429.34908977693,20307.51820048787,406.6693988979254,29595.50954114492,0.0,0.0055,0.018
25002379B2,2,1,ok,4.0,177,2523,177,2000,35915.806247415116,35238.98256192991,13434.849645604523,58701.11061709895,1513.4440855214968,67326.8253521581,0.0,0.0,0.0
25002379B2,2,1,ok,8.0,177,2523,177,2000,125713.24252119302,125154.72342565564,100020.80967866846,151824.86412924743,86691.90246499381,160606.90556760004,0.0,0.0,0.0
25002388B2,3,1,ok,1.0,109,1373,109,1373,1744.4772248660165,1448.1546878700494,1024.0,2896.309375740099,0.0,4984.385318171138,0.05826656955571741,0.05826656955571741,0.2942461762563729
25002388B2,3,1,ok,2.0,109,1373,109,1373,25466.7113448184,14568.386732922763,2736.4005749317357,52954.40408502394,433.55737797897064,61143.93837495259,0.0,0.005826656955571741,0.018936635105608158
25002388B2,3,1,ok,4.0,109,1373,109,1373,32537.95813371711,32724.01197897348,17557.290386763183,46617.00535429531,9748.448594520054,54679.368138265825,0.0,0.0,0.0
25002388B2,3,1,ok,8.0,109,1373,109,1373,87206.1540938152,90859.24641994342,53485.51797505114,115687.6209808818,43875.13749266206,126087.55575392839,0.0,0.0,0.0
25002391B2,2,1,ok,1.0,220,3101,220,2000,1771.823715807928,1448.1546878700494,1024.0,2289.7336089597848,0.0,21672.03105387218,0.057,0.057,0.307
25002391B2,2,1,ok,2.0,220,3101,220,2000,13050.387374349817,12143.407635420957,2625.280937347468,25818.32843224796,455.44264183319507,49109.88667264464,0.0,0.004,0.0145
25002391B2,2,1,ok,4.0,220,3101,220,2000,40810.825368934886,39391.215779656624,13054.369335694011,70059.48388820884,685.9365859902795,83918.46769335102,0.0,0.0,0.0005
25002391B2,2,1,ok,8.0,220,3101,220,2000,144363.72272743058,143277.91015585428,105561.91334486942,182005.5134364384,72425.02140144662,196168.76392535077,0.0,0.0,0.0
25002472B2,1,1,ok,1.0,363,5416,363,2000,1690.6804727940432,1448.1546878700494,1024.0,2289.7336089597848,0.0,5514.408762505732,0.06,0.06,0.3035
25002472B2,1,1,ok,2.0,363,5416,363,2000,10318.537843750324,5670.602068058775,1958.2607078731883,25493.85986284595,465.1021393199563,40092.615192825724,0.0,0.0105,0.033
25002472B2,1,1,ok,4.0,363,5416,363,2000,56071.821973311104,55445.41955080887,18598.967134049126,94666.53863461039,3571.1736166140117,104420.76728314153,0.0,0.0,0.0
25002472B2,1,1,ok,8.0,363,5416,363,2000,194329.72503396386,195536.7762839195,153388.75744067293,234395.17663444657,121923.4944422116,243972.8672127292,0.0,0.0,0.0
25002496B2,3,1,ok,1.0,109,1437,109,1437,1784.6395025177624,2048.0,1024.0,2896.309375740099,0.0,4579.4672179195695,0.05706332637439109,0.05706332637439109,0.27279053583855256
25002496B2,3,1,ok,2.0,109,1437,109,1437,14524.436691527384,13435.120021793628,3146.80822421704,28316.292605300594,332.03614261101154,36604.949856542626,0.0,0.0006958942240779402,0.013221990257480862
25002496B2,3,1,ok,4.0,109,1437,109,1437,25463.43515710907,25287.594468434516,5758.202127311042,47798.131128929155,84.86459803710851,54707.29986025631,0.0006958942240779402,0.0006958942240779402,0.0020876826722338203
25002496B2,3,1,ok,8.0,109,1437,109,1437,87225.4445754556,81664.61942604031,53990.631302406735,119854.93527715333,41866.12780040686,127056.63330184693,0.0,0.0,0.0
25002504B2,1,1,ok,1.0,346,5058,346,2000,1765.0975749990084,1448.1546878700494,1024.0,2896.309375740099,0.0,14056.444073804725,0.063,0.063,0.3025
25002504B2,1,1,ok,2.0,346,5058,346,2000,6918.403026106296,4354.4110968074665,2026.231970925343,16133.525816832851,288.6936092122581,35484.479212748774,0.0,0.0105,0.0255
25002504B2,1,1,ok,4.0,346,5058,346,2000,29729.854806227617,27616.43568601857,5626.897353407535,62908.0486337542,305.52904935537634,83704.71222099745,0.0,0.002,0.0035
25002504B2,1,1,ok,8.0,346,5058,346,2000,131935.38487555526,132310.20131032224,100569.07000998323,162508.49845537974,69454.19682783756,184292.38820960565,0.0,0.0,0.0
25002510B2,1,1,ok,1.0,185,2072,185,2000,2292.734110714359,2048.0,1024.0,3238.1723240124206,0.0,28696.400471139234,0.0505,0.054,0.26
25002510B2,1,1,ok,2.0,185,2072,185,2000,18759.303366656935,17807.470717035074,3621.84069224476,36521.99654517979,372.21096168705185,52253.78577672626,0.0,0.001,0.007
25002510B2,1,1,ok,4.0,185,2072,185,2000,47005.01723869105,47089.99489991502,18671.432197203598,77851.19102532447,5540.464691702313,88521.17236006311,0.0,0.0,0.0
25002510B2,1,1,ok,8.0,185,2072,185,2000,162664.85015273196,163186.7667414631,131613.8868871688,196962.03200938483,102350.0229848533,207583.27309299272,0.0,0.0,0.0
25002663B5,1,1,ok,1.0,341,5073,341,2000,1684.0177996550874,1448.1546878700494,1024.0,2289.7336089597848,0.0,4579.4672179195695,0.0545,0.0545,0.301
25002663B5,1,1,ok,2.0,341,5073,341,2000,9513.596208661222,5364.416091244228,2035.3105414162233,22174.463901346546,262.71086768537003,44642.85013302802,0.0,0.0095,0.0245
25002663B5,1,1,ok,4.0,341,5073,341,2000,35092.92247811179,32581.917974906908,7526.096927224995,67603.2525593976,388.75313503559045,79416.51213696053,0.0,0.001,0.001
25002663B5,1,1,ok,8.0,341,5073,341,2000,142543.37310019153,141773.85083278734,112992.18442235985,173619.36572419474,89666.08065483849,185936.19895006996,0.0,0.0,0.0
25002744B2,3,1,ok,1.0,195,2776,195,2000,1719.1868898571377,1448.1546878700494,1024.0,2896.309375740099,0.0,5221.395981919011,0.06,0.061,0.29
25002744B2,3,1,ok,2.0,195,2776,195,2000,7939.9441962997635,6065.243579480755,2286.532947197808,16645.94971757394,241.46635376383188,23091.662088294986,0.0005,0.004,0.023
25002744B2,3,1,ok,4.0,195,2776,195,2000,25588.0391006851,27099.608831217447,4204.384722909854,52076.342933208034,177.63445611704955,62619.58148215301,0.001,0.003,0.005
25002744B2,3,1,ok,8.0,195,2776,195,2000,97883.90779890891,114730.57928148829,60192.45510133665,135350.7103962233,52386.90594032062,143506.07246036665,0.0,0.0,0.0
25002788B2,1,1,ok,1.0,211,3013,211,2000,1681.7562466041195,1448.1546878700494,1024.0,2289.7336089597848,0.0,4579.4672179195695,0.065,0.065,0.312
25002788B2,1,1,ok,2.0,211,3013,211,2000,12921.894683797591,12275.81443326674,2706.1655529549553,25032.254292123318,575.72562909775,34549.39539268379,0.0,0.0,0.019
25002788B2,1,1,ok,4.0,211,3013,211,2000,44119.036715750975,44988.69062140686,15525.732693316097,72672.92612917998,777.5409957037635,85726.32904773188,0.0,0.0,0.0005
25002788B2,1,1,ok,8.0,211,3013,211,2000,153961.36341215868,155289.00317148256,121314.93154659524,185951.81461525938,105226.58436916025,200123.3664418026,0.0,0.0,0.0
25002789B2,1,1,ok,1.0,249,3576,249,2000,1683.3449073510733,1448.1546878700494,1024.0,2289.7336089597848,0.0,4579.4672179195695,0.063,0.063,0.3015
25002789B2,1,1,ok,2.0,249,3576,249,2000,12627.308706423168,10553.333006072411,2649.5707199469125,26448.82120184058,208.3698634639856,52384.791113452,0.002,0.007,0.0215
25002789B2,1,1,ok,4.0,249,3576,249,2000,28008.529178015957,24077.470421152437,4366.386096073368,58253.35931362142,405.28755223914783,71972.05641775146,0.0,0.0015,0.0035
25002789B2,1,1,ok,8.0,249,3576,249,2000,106521.76342816862,105226.83004205236,63226.15517740227,147819.93260494893,31113.92768520233,158822.1050137543,0.0,0.0,0.0
25002801B1,3,1,ok,1.0,168,2401,168,2000,1750.2488520971356,1448.1546878700494,1024.0,2896.309375740099,0.0,5514.408762505732,0.056,0.056,0.287
25002801B1,3,1,ok,2.0,168,2401,168,2000,13536.917513893093,12122.087015103301,3155.84616228358,26489.001469332987,259.8557292037257,34868.98824170268,0.0,0.003,0.0075
25002801B1,3,1,ok,4.0,168,2401,168,2000,61596.99377102083,61880.81325982351,27561.70560566597,94862.50625119066,13864.067512818885,106463.27132396412,0.0,0.0,0.0
25002801B1,3,1,ok,8.0,168,2401,168,2000,203036.59674980713,203689.81768009072,167839.89635640156,237511.44607744305,155670.78986116825,249722.02796910008,0.0,0.0,0.0
25002804B2,2,1,ok,1.0,333,4763,333,2000,1671.923506773648,1448.1546878700494,1024.0,2289.7336089597848,0.0,5514.408762505732,0.064,0.065,0.302
25002804B2,2,1,ok,2.0,333,4763,333,2000,10195.258449320232,6127.675453793619,2314.7912973568114,24104.727103505815,544.2352432542384,37024.17417039845,0.0,0.0,0.026
25002804B2,2,1,ok,4.0,333,4763,333,2000,17265.433975542677,10597.347639857815,4301.5496045030095,39765.09898641244,433.66461695646785,55813.093804232,0.0,0.0015,0.004
25002804B2,2,1,ok,8.0,333,4763,333,2000,53431.6306944528,39235.54886821596,11980.116691185933,101990.15806645548,407.0196555450363,118411.4037751432,0.0,0.0005,0.0005
25002897B2,1,1,ok,1.0,177,2569,177,2000,1790.242277495344,1530.0556115302672,1024.0,2896.309375740099,0.0,6005.886529064631,0.053,0.053,0.273
25002897B2,1,1,ok,2.0,177,2569,177,2000,16258.166755300175,12971.757677146883,2543.198210988627,35485.78628127042,502.41019097944263,46369.70670599503,0.0,0.0065,0.0215
25002897B2,1,1,ok,4.0,177,2569,177,2000,10207.423267972186,9424.46650476904,4184.964038077269,18353.88822871624,208.61447696648477,24098.921469642577,0.0005,0.0015,0.005
25002897B2,1,1,ok,8.0,177,2569,177,2000,29370.491647393057,29467.222280455706,9147.013155091076,49182.14179964105,756.7113055848974,56257.26050920005,0.0,0.0,0.001
25002898B2,4,1,ok,1.0,105,1484,105,1484,1861.9540223676813,2048.0,1024.0,3072.0,0.0,5120.0,0.05121293800539083,0.05121293800539083,0.26212938005390835
25002898B2,4,1,ok,2.0,105,1484,105,1484,14505.581611657284,13751.412017082559,3048.456822721949,28182.45936748601,499.1202259977049,35307.3527753073,0.0,0.0033692722371967657,0.006738544474393531
25002898B2,4,1,ok,4.0,105,1484,105,1484,24733.648023643033,23469.66971275246,5180.54632689133,46886.70961496847,568.8620219350207,55536.78630421461,0.0,0.0,0.005390835579514825
25002898B2,4,1,ok,8.0,105,1484,105,1484,92273.54608958038,96441.82324122704,62635.78062084556,121056.06096883667,50338.34264256224,129457.49727613307,0.0,0.0,0.0
25002906B2,1,1,ok,1.0,186,2697,186,2000,1739.3934839442522,1448.1546878700494,1024.0,2896.309375740099,0.0,6228.748831025377,0.0605,0.0605,0.289
25002906B2,1,1,ok,2.0,186,2697,186,2000,11780.937277851914,10603.431406391632,2785.618961739024,23308.7133977095,470.0904168348893,32746.921992761396,0.0,0.002,0.0085
25002906B2,1,1,ok,4.0,186,2697,186,2000,52317.91254703483,58173.21289689225,18081.52010279157,86649.17218822516,4750.3533552779,97605.3872488604,0.0,0.0,0.0
25002906B2,1,1,ok,8.0,186,2697,186,2000,182188.1215445245,191033.0082750605,146337.37571436388,217794.4234106881,135280.21815845804,228365.20282214627,0.0,0.0,0.0
25002907B3,1,1,ok,1.0,189,2681,189,2000,1728.0396104390995,1448.1546878700494,1024.0,2896.309375740099,0.0,5221.395981919011,0.0575,0.0575,0.2895
25002907B3,1,1,ok,2.0,189,2681,189,2000,10777.923791120249,9331.841511727469,2498.921767482928,21693.789802614017,80.62257748298549,31913.456534822424,0.0015,0.0055,0.0165
25002907B3,1,1,ok,4.0,189,2681,189,2000,37152.51811300719,36095.288596425235,7693.481126287253,67961.9976231918,576.3505877501991,79103.84639194228,0.0,0.0,0.001
25002907B3,1,1,ok,8.0,189,2681,189,2000,138482.9006397921,136660.3087637581,105614.34223810225,173021.20176182868,92944.36514388594,184109.27494833063,0.0,0.0,0.0
25003038B2,1,1,ok,1.0,392,5702,392,2000,1782.472491168409,1448.1546878700494,1024.0,2896.309375740099,0.0,15229.356946371701,0.0565,0.0565,0.2985
25003038B2,1,1,ok,2.0,392,5702,392,2000,8925.338361153073,4817.700385038488,2024.4457696135182,19864.012925487637,441.37625672435075,43380.16081113577,0.0,0.012,0.018
25003038B2,1,1,ok,4.0,392,5702,392,2000,23304.63275084471,18908.22923984148,5332.559871731521,48845.47420731494,256.56383221335,68084.1094602845,0.0,0.001,0.0045
25003038B2,1,1,ok,8.0,392,5702,392,2000,96103.42945505501,94846.6864181356,56131.35071733972,137207.34481026483,19790.041561351,159177.5719911571,0.0,0.0,0.0
25009124B2,1,1,ok,1.0,223,3331,223,2000,1847.843263324834,1448.1546878700494,1024.0,2896.309375740099,0.0,26335.99751290997,0.061,0.061,0.299
25009124B2,1,1,ok,2.0,223,3331,223,2000,8210.413545467663,5196.632852145704,2098.660763439389,18530.762630720514,45.967379738244816,46195.40245522275,0.002,0.002,0.0295
25009124B2,1,1,ok,4.0,223,3331,223,2000,41119.03843380015,38428.40729355641,14297.495276325037,71850.55073381551,5396.69500713168,84584.12111620005,0.0,0.0,0.0
25009124B2,1,1,ok,8.0,223,3331,223,2000,151705.28496084624,150933.53317975398,125156.91716878687,179623.65494681327,95119.26612942302,192031.36573226782,0.0,0.0,0.0
25009148B3,2,1,ok,1.0,176,2470,176,2000,1742.6188649509168,1448.1546878700494,1024.0,2896.309375740099,0.0,6869.200826879354,0.061,0.061,0.2915
25009148B3,2,1,ok,2.0,176,2470,176,2000,15660.357134839536,13942.06487084453,2914.37265976745,31941.056869413555,323.9753077010654,37638.0437323727,0.0,0.005,0.0135
25009148B3,2,1,ok,4.0,176,2470,176,2000,17075.19352000182,14409.283371355414,4170.479109167195,34197.14561497229,160.79800993793424,43835.85784491961,0.0025,0.0025,0.0065
25009148B3,2,1,ok,8.0,176,2470,176,2000,46576.960994145906,40962.785350824335,9905.540417046694,83524.32339140274,557.2503925525759,94714.28361129065,0.0,0.0,0.002
25009148B4,4,1,ok,1.0,124,1748,124,1748,1754.4102556340572,1448.1546878700494,1024.0,2896.309375740099,0.0,5120.0,0.057208237986270026,0.057208237986270026,0.2854691075514874
25009148B4,4,1,ok,2.0,124,1748,124,1748,19749.22797467409,20200.213860254054,3721.505071876162,36038.28115888282,532.5861432669836,46262.43681433134,0.0,0.0,0.009725400457665904
25009148B4,4,1,ok,4.0,124,1748,124,1748,50025.59013078539,50846.42652085358,21810.682524010317,76301.50607358484,8958.189325974306,85960.72628823003,0.0,0.0,0.0
25009148B4,4,1,ok,8.0,124,1748,124,1748,163195.9346982036,162468.18630126238,135621.3811365394,191240.3916549778,124425.30548083858,200882.21934257896,0.0,0.0,0.0
25009294B2,3,1,ok,1.0,210,3106,210,2000,1886.5077326110302,1448.1546878700494,1024.0,2896.309375740099,0.0,36552.61632222788,0.057,0.058,0.286
25009294B2,3,1,ok,2.0,210,3106,210,2000,23134.815186723696,23899.361584205282,3364.3889489772137,43138.992711834915,487.2217154438008,53084.4746135817,0.0,0.003,0.0055
25009294B2,3,1,ok,4.0,210,3106,210,2000,64327.712777240056,64462.9546579813,45597.25576171101,83999.070753718,23448.110904718957,95825.96610522641,0.0,0.0,0.0
25009294B2,3,1,ok,8.0,210,3106,210,2000,188735.5892089742,188283.47579163715,170372.1078201288,207923.1124392061,146201.00268124018,220334.0461776164,0.0,0.0,0.0
25009297B,4,1,ok,1.0,344,5102,344,2000,1653.457228298775,1448.1546878700494,1024.0,2289.7336089597848,0.0,5795.898722372571,0.0625,0.0625,0.313
25009297B,4,1,ok,2.0,344,5102,344,2000,9152.346160179552,4825.787500501861,2029.0137998545008,22487.938211405686,339.27127788835884,32409.673015937697,0.0,0.0115,0.018
25009297B,4,1,ok,4.0,344,5102,344,2000,40909.470529813334,40061.34783406463,8024.6847290096075,76656.76686567585,279.5084971874737,91654.84703494955,0.0,0.0015,0.0035
25009297B,4,1,ok,8.0,344,5102,344,2000,155393.98007454365,156333.48265385863,113936.99567418413,196368.70941280157,101095.32335869943,208673.17025674385,0.0,0.0,0.0
25009367B2,3,1,ok,1.0,252,3738,252,2000,1741.4084040363873,1448.1546878700494,1024.0,2896.309375740099,0.0,4579.4672179195695,0.0635,0.0635,0.2905
25009367B2,3,1,ok,2.0,252,3738,252,2000,9397.118297367759,6132.443640181294,2242.1132888415787,22074.591843890626,215.25798475317936,31205.553624315016,0.0045,0.007,0.024
25009367B2,3,1,ok,4.0,252,3738,252,2000,17623.369492457092,12475.088993499776,4613.10369724201,36940.71688679491,641.1123146532127,50769.300960324435,0.0,0.0,0.0075
25009367B2,3,1,ok,8.0,252,3738,252,2000,69166.59591151339,70010.3676387695,35459.5188291892,102595.5714714404,24830.087897548812,120490.40380046869,0.0,0.0,0.0
25009529B2,3,1,ok,1.0,170,2464,170,2000,1843.5376049300198,1448.1546878700494,1024.0,2896.309375740099,0.0,16564.784936726464,0.0565,0.0565,0.2825
25009529B2,3,1,ok,2.0,170,2464,170,2000,16958.69108297739,14662.474261031524,2605.839595984373,35634.920415233144,486.6210024238576,43864.27941959152,0.0,0.0055,0.011
25009529B2,3,1,ok,4.0,170,2464,170,2000,15966.291128735285,14103.879642272062,5046.0028735624,30739.801118003892,469.6221885728995,42140.21243420588,0.0,0.0005,0.0025
25009529B2,3,1,ok,8.0,170,2464,170,2000,45658.06312778323,33484.67632036003,9862.298874310378,86865.87786799265,482.26237672039065,97125.28354656165,0.0,0.0005,0.0015
25009539B3,4,1,ok,1.0,222,3086,222,2000,1917.4534871100727,1448.1546878700494,1024.0,2896.309375740099,0.0,23755.71935345255,0.055,0.055,0.277
25009539B3,4,1,ok,2.0,222,3086,222,2000,13540.18486900033,11772.50236780609,2888.8232898535002,27197.677344431024,325.65626049563366,55993.150161426,0.0,0.0045,0.0105
25009539B3,4,1,ok,4.0,222,3086,222,2000,57860.55913399297,57734.850844753484,27024.368192222177,87086.0115099801,5445.766245442417,98436.61938526739,0.0,0.0,0.0
25009539B3,4,1,ok,8.0,222,3086,222,2000,183819.29194682892,182043.07715412776,151402.306082174,218602.217944658,113543.88629072021,228813.3965396257,0.0,0.0,0.0
25009557B,3,1,ok,1.0,153,2222,153,2000,1737.5267203713079,1448.1546878700494,1024.0,2896.309375740099,0.0,6476.344648024841,0.0585,0.0585,0.299
25009557B,3,1,ok,2.0,153,2222,153,2000,15968.431559765,14048.208462291554,3472.5411002781966,31659.37428315415,508.70915069418595,39606.70146578733,0.0,0.003,0.0115
25009557B,3,1,ok,4.0,153,2222,153,2000,24974.672324289604,23752.96862653189,5624.892621197315,47508.77760494107,474.4944678286566,59737.00093744245,0.0,0.0005,0.0035
25009557B,3,1,ok,8.0,153,2222,153,2000,78964.08203552301,72470.80430007377,37249.34475350444,119731.83726010661,25869.019637396388,131013.21182613607,0.0,0.0,0.0
25009578B4,1,1,ok,1.0,287,4092,287,2000,1804.0233035597973,1448.1546878700494,1024.0,2896.309375740099,0.0,6761.279316815716,0.0545,0.0545,0.2765
25009578B4,1,1,ok,2.0,287,4092,287,2000,7119.907324992935,4934.07417860737,2133.111133038225,15420.630337311119,493.5838327984416,27070.08031018748,0.0,0.0055,0.02
25009578B4,1,1,ok,4.0,287,4092,287,2000,38284.06686570856,38802.18575508057,8252.227478832265,69384.58959184193,564.1923430887732,82235.50804853096,0.0,0.0,0.003
25009578B4,1,1,ok,8.0,287,4092,287,2000,144751.3802794387,143727.86963951084,109009.13947245292,180384.61849569666,87528.89786236314,192843.85891181498,0.0,0.0,0.0
25009747B,4,1,ok,1.0,293,4150,293,2000,1770.5873200717986,1448.1546878700494,1024.0,2896.309375740099,0.0,9953.422778120097,0.056,0.056,0.294
25009747B,4,1,ok,2.0,293,4150,293,2000,8997.95684652824,6628.423643672755,2316.9082847622603,19091.239330317138,415.24932269661804,29964.175142993674,0.0,0.0085,0.0255
25009747B,4,1,ok,4.0,293,4150,293,2000,22195.62969747753,13822.083149617732,4051.9684105382657,49437.99551399072,505.60063291099624,63696.01607636069,0.0,0.0025,0.01
25009747B,4,1,ok,8.0,293,4150,293,2000,94277.9550998509,101157.77353159996,52002.56379165364,135390.96679578815,39243.98043012457,149397.13389486427,0.0,0.0,0.0
25009756B2,0,1,ok,1.0,236,3381,236,2000,1847.6521093762829,2048.0,1024.0,2906.70330380227,0.0,7351.5848631434565,0.059,0.0595,0.271
25009756B2,0,1,ok,2.0,236,3381,236,2000,12104.753872761972,8164.23870884954,2628.460385853285,28195.349758426477,570.1543650626556,40751.35021075989,0.0,0.0,0.02
25009756B2,0,1,ok,4.0,236,3381,236,2000,38688.01732673499,37781.38270111075,15638.602111442058,63265.05297060298,450.12442724206824,81557.68571998595,0.0,0.0005,0.0005
25009756B2,0,1,ok,8.0,236,3381,236,2000,132451.44766611268,133414.1740687053,96714.289794313,168460.39670614674,75314.70244248463,187240.02872249298,0.0,0.0,0.0
25012148B3,1,1,ok,1.0,239,3493,239,2000,1798.5522979396424,1448.1546878700494,1024.0,2896.309375740099,0.0,8598.219408691546,0.057,0.0575,0.284
25012148B3,1,1,ok,2.0,239,3493,239,2000,10346.157739538354,6036.4944297166385,1991.0120542076083,24617.86320479062,384.66608896548183,38830.536038020386,0.0,0.0055,0.0215
25012148B3,1,1,ok,4.0,239,3493,239,2000,17061.8595162663,10477.1572502069,4078.525223656218,40671.27867163012,294.15642097360376,54893.24155121466,0.0,0.002,0.0045
25012148B3,1,1,ok,8.0,239,3493,239,2000,70603.25141226908,70058.75239583243,28083.540996326243,113514.8648472863,8449.759345685532,127305.41342770935,0.0,0.0,0.0
25012148B4,3,1,ok,1.0,280,4023,280,2000,1740.6402528976942,1448.1546878700494,1024.0,2896.309375740099,0.0,7183.819666444864,0.058,0.0595,0.285
25012148B4,3,1,ok,2.0,280,4023,280,2000,5770.221015664905,4213.70822435536,1828.8250017890284,12240.26143511649,423.55755216971403,26382.310607678017,0.0,0.004,0.036
25012148B4,3,1,ok,4.0,280,4023,280,2000,19454.999392211816,16323.278102146027,5557.871738814844,38564.568873168355,473.2958905378326,56665.23731530646,0.0,0.001,0.0035
25012148B4,3,1,ok,8.0,280,4023,280,2000,73989.80427988891,77157.8887316034,34300.51742658936,112879.2383375856,18165.796679474315,132195.06556600364,0.0,0.0,0.0
25012153B2,2,1,ok,1.0,216,3047,216,2000,1779.968971095454,1448.1546878700494,1024.0,2896.309375740099,0.0,4579.4672179195695,0.0575,0.0575,0.2845
25012153B2,2,1,ok,2.0,216,3047,216,2000,12569.9606612209,10902.200981027509,2459.7365712612395,25788.294328667005,60.0,36273.881071647134,0.0015,0.006,0.0155
25012153B2,2,1,ok,4.0,216,3047,216,2000,39932.15499401289,38723.158641215094,7683.955673642765,74094.51812247414,476.0,84126.43893568775,0.0,0.0005,0.002
25012153B2,2,1,ok,8.0,216,3047,216,2000,149482.8299224943,147527.75771542615,110301.8492893602,187728.99888383347,95110.52879676361,197582.11935294146,0.0,0.0,0.0
25012170B4,3,1,ok,1.0,202,2651,202,2000,1809.2298600733664,2048.0,1024.0,2896.309375740099,0.0,6144.0,0.0545,0.056,0.2625
25012170B4,3,1,ok,2.0,202,2651,202,2000,17052.21555125648,14685.385912902824,3209.7258449905034,35625.386959301926,30.0,51570.20228775528,0.001,0.001,0.005
25012170B4,3,1,ok,4.0,202,2651,202,2000,102659.11748985133,113276.45431204581,60206.07505629487,139635.4259609595,44875.662223526015,156544.19165206992,0.0,0.0,0.0
25012170B4,3,1,ok,8.0,202,2651,202,2000,307938.90179684863,321035.9822217532,263295.21031652845,347476.75966535177,250648.01915834085,364001.6376281843,0.0,0.0,0.0
25012170B5,3,1,ok,1.0,271,3902,271,2000,1732.5598420301778,1448.1546878700494,1024.0,2896.309375740099,0.0,5120.0,0.063,0.063,0.291
25012170B5,3,1,ok,2.0,271,3902,271,2000,11951.243246730342,7332.909211961199,2206.1733839388053,29416.16370355043,669.0418522035823,42505.61832275823,0.0,0.0,0.023
25012170B5,3,1,ok,4.0,271,3902,271,2000,16146.22683221808,10206.199537535997,4663.011576127033,37681.35945247201,480.1135282409776,51972.51343739304,0.0,0.0015,0.005
25012170B5,3,1,ok,8.0,271,3902,271,2000,61344.25612573914,67943.16659935671,12222.21405230118,107868.01442409016,678.4607578924517,120859.07820681077,0.0,0.0,0.001
25012175B4,1,1,ok,1.0,122,1586,122,1586,1865.274770088558,2048.0,1024.0,2896.309375740099,0.0,5940.618822984689,0.04665825977301387,0.04728877679697352,0.2547288776796974
25012175B4,1,1,ok,2.0,122,1586,122,1586,17746.809665552548,14325.03730600754,2283.5553420050937,40051.499266110404,49.64876634922564,48645.53192226394,0.005674653215636823,0.006305170239596469,0.019546027742749054
25012175B4,1,1,ok,4.0,122,1586,122,1586,34063.40664614897,33268.34447441614,20890.091856281266,49188.255556974735,10927.238077391743,58871.12685349245,0.0,0.0,0.0
25012175B4,1,1,ok,8.0,122,1586,122,1586,103772.91029508678,104882.14119717773,77923.48723368532,129380.60972428106,64626.594928094426,139963.96136505998,0.0,0.0,0.0
25012253B3,0,1,ok,1.0,101,1418,101,1418,1787.7078365605234,2048.0,1024.0,2896.309375740099,0.0,4579.4672179195695,0.0535966149506347,0.0535966149506347,0.2764456981664316
25012253B3,0,1,ok,2.0,101,1418,101,1418,14916.287782540427,14190.094643799948,3554.8613352693365,27440.0092737884,305.8954069612684,45983.08143219634,0.0,0.0028208744710860366,0.004936530324400564
25012253B3,0,1,ok,4.0,101,1418,101,1418,30586.60623770304,26029.22221524154,5814.465581633449,57586.39827265394,463.3206233268707,63849.57049189916,0.0,0.0014104372355430183,0.0028208744710860366
25012253B3,0,1,ok,8.0,101,1418,101,1418,109650.7747187322,97934.59611580445,76445.80048243536,144466.38605234402,67249.10296799504,151937.75758513747,0.0,0.0,0.0
25012485B2,2,1,ok,1.0,293,4287,293,2000,1999.5636631812197,2048.0,1024.0,3072.0,0.0,11802.35654435164,0.054,0.055,0.2685
25012485B2,2,1,ok,2.0,293,4287,293,2000,9858.00357279666,7712.012707458411,2529.6584749724616,21417.912288947733,356.1797299117399,33549.88858401768,0.0,0.0025,0.02
25012485B2,2,1,ok,4.0,293,4287,293,2000,39270.52567479696,38682.99865123283,6915.810207217488,74707.54689639866,531.8646444350292,95709.72323123706,0.0,0.0,0.0025
25012485B2,2,1,ok,8.0,293,4287,293,2000,151364.226681437,164206.5586424952,102797.03224596217,195368.12142232902,76797.6882985419,220681.30275354095,0.0,0.0,0.0
25012628B2,4,1,ok,1.0,173,2487,173,2000,1741.093179199561,1448.1546878700494,1024.0,2896.309375740099,0.0,5120.0,0.058,0.058,0.2915
25012628B2,4,1,ok,2.0,173,2487,173,2000,13663.679915957067,11750.09734575498,2613.6870508919005,29784.016628396825,585.9146695552178,38572.00146479309,0.0,0.0,0.0205
25012628B2,4,1,ok,4.0,173,2487,173,2000,19630.111591983816,16308.486077067711,4865.591947543485,42062.82427388767,456.0712663608616,54620.55290822311,0.0,0.002,0.0035
25012628B2,4,1,ok,8.0,173,2487,173,2000,86021.9682213428,86158.99568755904,58161.48353779817,114696.52033798052,46171.790532748455,127539.56888746332,0.0,0.0,0.0
25012737B4,4,1,ok,1.0,122,1619,122,1619,1820.6646555796556,2048.0,1024.0,2896.309375740099,0.0,6476.344648024841,0.055589870290302656,0.055589870290302656,0.2736256948733786
25012737B4,4,1,ok,2.0,122,1619,122,1619,17753.300697923278,17444.036230184804,2898.1649366452557,33804.89328484857,522.3944869540643,41469.87178663565,0.0,0.0,0.012970969734403953
25012737B4,4,1,ok,4.0,122,1619,122,1619,26448.120807335697,24560.091082892995,4841.909747196864,53010.40399647551,602.6026883444846,60679.54805368939,0.0,0.0,0.006176652254478073
25012737B4,4,1,ok,8.0,122,1619,122,1619,103134.2327093926,101270.07404954339,68869.38461792607,136564.26453744262,58245.27113852248,144129.94137236025,0.0,0.0,0.0
25012760B2,2,1,ok,1.0,429,6463,429,2000,1734.1162252623667,1448.1546878700494,1024.0,2896.309375740099,0.0,5514.408762505732,0.053,0.053,0.29
25012760B2,2,1,ok,2.0,429,6463,429,2000,6251.568031393413,3809.6646834071894,1726.0385279593268,16171.463946388796,271.1180554666177,31449.46881904367,0.0,0.003,0.04
25012760B2,2,1,ok,4.0,429,6463,429,2000,39237.21872421788,36523.92817567967,6587.731703705002,78917.89171954432,896.6074949497132,96203.95422746406,0.0,0.0,0.0025
25012760B2,2,1,ok,8.0,429,6463,429,2000,161514.2348921954,160295.0713422106,115753.58059096099,207064.31536683813,90894.43939537776,225716.2533469843,0.0,0.0,0.0
25012785B2,0,1,ok,1.0,349,4855,349,2000,1750.841793134561,1448.1546878700494,1024.0,2896.309375740099,0.0,5598.080028009604,0.0705,0.0705,0.2995
25012785B2,0,1,ok,2.0,349,4855,349,2000,8490.607811056767,5279.4273363689745,2102.060179918739,21559.58787076242,298.63857754817946,32801.255616210794,0.0,0.011,0.027
25012785B2,0,1,ok,4.0,349,4855,349,2000,14142.67686032768,11492.137461927594,4594.104952383361,28132.70896008859,220.6762334280699,48573.67954973146,0.001,0.002,0.0045
25012785B2,0,1,ok,8.0,349,4855,349,2000,69320.79852177417,68610.6911308979,46000.52110138091,93011.2444589724,30663.007060626,116998.17769948384,0.0,0.0,0.0
25012915B2,1,1,ok,1.0,308,4380,308,2000,1713.305188689991,1448.1546878700494,1024.0,2896.309375740099,0.0,4579.4672179195695,0.061,0.061,0.3
25012915B2,1,1,ok,2.0,308,4380,308,2000,7956.828774131315,5115.316705737779,2073.937559330078,17680.06826343434,276.0307953834137,32483.592966296077,0.0,0.0045,0.0295
25012915B2,1,1,ok,4.0,308,4380,308,2000,26199.565437608406,23707.205801509583,6326.205917362679,50477.24124776018,829.1350915261035,67218.9740549497,0.0,0.0,0.0015
25012915B2,1,1,ok,8.0,308,4380,308,2000,108563.72447334298,108548.71726799879,74651.3237321989,141063.65753906913,56142.0689323078,160231.51964891303,0.0,0.0,0.0
25012919B8,3,1,ok,1.0,210,3023,210,2000,1734.5570573403895,1448.1546878700494,1024.0,2896.309375740099,0.0,4579.4672179195695,0.05,0.05,0.2815
25012919B8,3,1,ok,2.0,210,3023,210,2000,13487.649123999678,12579.79066729296,2903.806958325517,25603.10457320325,373.0,46820.17876941522,0.0,0.003,0.014
25012919B8,3,1,ok,4.0,210,3023,210,2000,67397.45035219233,66926.46676863811,42697.143194232194,92799.32671981417,8867.17497289864,104161.11568142884,0.0,0.0,0.0
25012919B8,3,1,ok,8.0,210,3023,210,2000,204763.47585225437,204912.65795873204,175456.30081168807,235200.15033613532,135047.8607013084,246897.6784419003,0.0,0.0,0.0
25012919B9,4,1,ok,1.0,235,3360,235,2000,1654.860947640343,1448.1546878700494,1024.0,2289.7336089597848,0.0,7240.773439350247,0.0645,0.0645,0.311
25012919B9,4,1,ok,2.0,235,3360,235,2000,8554.950977839077,4932.387657108878,2051.5594068902806,19487.851651734214,355.4068091638088,40655.5201786916,0.0,0.01,0.0235
25012919B9,4,1,ok,4.0,235,3360,235,2000,20004.673035511856,15655.84802967709,4966.284123970356,43229.41397898623,397.0012594438461,57782.61053292764,0.0,0.0005,0.0025
25012919B9,4,1,ok,8.0,235,3360,235,2000,82514.09358272668,78329.52006937577,48087.39170362425,120185.14591609141,37620.39332596085,134826.09124349782,0.0,0.0,0.0
25013023B2,4,1,ok,1.0,352,5101,352,2000,1756.3845821355362,1448.1546878700494,1024.0,2896.309375740099,0.0,5221.395981919011,0.0555,0.0555,0.295
25013023B2,4,1,ok,2.0,352,5101,352,2000,7953.53542215359,4675.774267434218,1880.7317724758095,18723.209964577127,217.89217516927954,41387.00105105466,0.0005,0.01,0.025
25013023B2,4,1,ok,4.0,352,5101,352,2000,31832.532020406827,24166.539687394546,4961.311217813291,69402.80109620937,476.47140522805773,82410.63232374813,0.0,0.001,0.0035
25013023B2,4,1,ok,8.0,352,5101,352,2000,135145.90595951353,131363.8938547774,90358.33482194126,181362.0268202451,62492.54772370862,194665.4299869394,0.0,0.0,0.0
25013062B2,2,1,ok,1.0,99,1277,99,1277,1767.335628649447,1448.1546878700494,1024.0,2896.309375740099,0.0,5034.409597956845,0.056382145653876274,0.05716523101018011,0.2850430696945967
25013062B2,2,1,ok,2.0,99,1277,99,1277,17130.93629433586,15563.619148514268,5580.006275723767,30749.19316042551,484.54617942978354,41383.94820458773,0.0,0.0007830853563038371,0.0015661707126076742
25013062B2,2,1,ok,4.0,99,1277,99,1277,24350.999829455257,25270.455179913162,4659.118709934126,47084.00105615606,326.54708695684303,54445.519861601104,0.0,0.0015661707126076742,0.0023492560689115116
25013062B2,2,1,ok,8.0,99,1277,99,1277,76696.69232159968,87524.84278763372,40770.733980264864,111385.494248664,29394.554886917405,121465.8957279779,0.0,0.0,0.0
25013062B3,1,1,ok,1.0,143,2113,143,2000,1772.8357892847728,1448.1546878700494,1024.0,2896.309375740099,0.0,6476.344648024841,0.0565,0.0565,0.287
25013062B3,1,1,ok,2.0,143,2113,143,2000,8598.138071782843,5908.006855107736,2231.864019155289,19728.548375387378,380.4904729424904,29585.196382650563,0.0,0.001,0.0265
25013062B3,1,1,ok,4.0,143,2113,143,2000,16977.160362918232,15608.464658639556,5056.843105597174,31682.1757236851,450.538566606678,43622.329431152575,0.0,0.001,0.003
25013062B3,1,1,ok,8.0,143,2113,143,2000,70170.68375275318,69652.45087056071,51558.238653727036,90330.17588175817,38970.252308652045,103653.12746367087,0.0,0.0,0.0
25013162B2,1,1,ok,1.0,177,2510,177,2000,1779.5738400236391,1448.1546878700494,1024.0,2896.309375740099,0.0,5476.854663034249,0.0585,0.0585,0.282
25013162B2,1,1,ok,2.0,177,2510,177,2000,10606.342753105653,8146.43824011451,2505.271442379049,23543.064371487413,453.7223820796149,36058.83248248617,0.0,0.001,0.0215
25013162B2,1,1,ok,4.0,177,2510,177,2000,33944.89138318565,35200.304262272955,11518.674435779481,52658.06013642506,672.6224795529807,62190.89098091456,0.0,0.0,0.0015
25013162B2,1,1,ok,8.0,177,2510,177,2000,111141.01367509204,113458.1434118675,81766.72316204297,137215.68740126,61082.63423428954,148861.29259481793,0.0,0.0,0.0
25013189B2,2,1,ok,1.0,251,3510,251,2000,1805.1584340045345,1448.1546878700494,1024.0,2896.309375740099,0.0,8808.78107345165,0.06,0.06,0.2745
25013189B2,2,1,ok,2.0,251,3510,251,2000,5611.573564414258,4230.203570512044,1921.6503323966097,11811.519969927664,229.08513701242165,18385.36461427948,0.0045,0.0085,0.028
25013189B2,2,1,ok,4.0,251,3510,251,2000,18343.205069130094,12950.626026983231,4651.193825245299,43883.47390927776,563.932620088606,54692.83302225256,0.0,0.0,0.0055
25013189B2,2,1,ok,8.0,251,3510,251,2000,75125.97931229719,74613.1677709739,35272.28573427388,118027.7824602966,17731.849875295018,126970.38394838381,0.0,0.0,0.0
25013189B3,4,1,ok,1.0,250,3468,250,2000,1751.525966684051,1448.1546878700494,1024.0,2896.309375740099,0.0,4579.4672179195695,0.0545,0.055,0.2815
25013189B3,4,1,ok,2.0,250,3468,250,2000,8833.446045342245,5745.258267240419,2245.8892541646615,20921.922965316022,275.27440854536405,33269.81382574901,0.0,0.007,0.021
25013189B3,4,1,ok,4.0,250,3468,250,2000,29206.461974976362,27808.438698863225,7470.072623475625,56274.894632580384,248.13101378102658,68363.22005289102,0.001,0.001,0.0025
25013189B3,4,1,ok,8.0,250,3468,250,2000,100898.09377632907,109976.21657361097,57147.002802390096,143058.2544577354,42998.55701067188,157189.55690503106,0.0,0.0,0.0
25013189B4,1,1,ok,1.0,119,1672,119,1672,1958.0863312560782,2048.0,1024.0,3072.0,0.0,13064.592913673201,0.05143540669856459,0.05143540669856459,0.25
25013189B4,1,1,ok,2.0,119,1672,119,1672,14247.836832115403,9602.999531396426,2558.499560289194,32755.626570102424,565.685424949238,41185.48249080008,0.0,0.0,0.022129186602870814
25013189B4,1,1,ok,4.0,119,1672,119,1672,33976.630856375115,34866.69609579643,14877.641358514713,51018.05769692581,7856.586536149143,61511.8850304557,0.0,0.0,0.0
25013189B4,1,1,ok,8.0,119,1672,119,1672,104009.710000023,104966.20253930941,84966.06093102385,121103.14904795328,72660.27385029594,129770.16482997932,0.0,0.0,0.0
25013352B2,1,1,ok,1.0,445,6447,445,2000,1663.4135935036272,1448.1546878700494,1024.0,2289.7336089597848,0.0,4579.4672179195695,0.059,0.059,0.301
25013352B2,1,1,ok,2.0,445,6447,445,2000,8331.820034532988,4544.192657041665,1781.2534912246488,21175.80319610097,504.8732514205917,35366.22457939213,0.0,0.0035,0.0445
25013352B2,1,1,ok,4.0,445,6447,445,2000,22711.021736939794,19933.05917314249,5209.430007208082,46171.223158771776,399.82121004268896,65435.03550851027,0.0,0.0015,0.0035
25013352B2,1,1,ok,8.0,445,6447,445,2000,92152.07298151196,93772.89975762168,48053.88403255975,135080.1861744338,15583.876058285372,154577.9616892395,0.0,0.0,0.0
25013465B2,2,1,ok,1.0,347,5209,347,2000,1762.3479515227973,1448.1546878700494,1024.0,2896.309375740099,0.0,9160.92244263644,0.0555,0.0555,0.2835
25013465B2,2,1,ok,2.0,347,5209,347,2000,6110.780158073979,4279.66085104883,2003.575054745891,13158.662299201804,65.79513659838392,27650.560066660495,0.005,0.0075,0.024
25013465B2,2,1,ok,4.0,347,5209,347,2000,34628.95718793838,32421.668988707177,6733.033268891518,67222.00819129153,667.5874474553876,84760.14308624071,0.0,0.0,0.0025
25013465B2,2,1,ok,8.0,347,5209,347,2000,138251.1664569479,138364.36604161983,97616.91977271433,180983.08272732672,61577.63900150768,198628.7565082156,0.0,0.0,0.0
25013629B6,0,1,ok,1.0,375,5266,375,2000,1935.2603910303856,2048.0,1024.0,3238.1723240124206,0.0,7240.773439350247,0.048,0.048,0.2365
25013629B6,0,1,ok,2.0,375,5266,375,2000,8689.86878806258,6272.13902819923,2391.237545707243,19584.508831388193,223.5799633240868,37056.84028624135,0.0025,0.006,0.0145
25013629B6,0,1,ok,4.0,375,5266,375,2000,26539.27537713897,23662.563394842193,5683.864882278607,52726.35620441893,172.74258305351347,75545.85326144645,0.002,0.002,0.0035
25013629B6,0,1,ok,8.0,375,5266,375,2000,112205.70088938609,114625.37556112744,69468.46245469055,154923.50142685472,36015.662370696446,178194.75202429504,0.0,0.0,0.0
25013871B6,0,1,ok,1.0,359,5249,359,2000,1823.7382682897523,2048.0,1024.0,2896.309375740099,0.0,6221.10472504683,0.052,0.052,0.277
25013871B6,0,1,ok,2.0,359,5249,359,2000,6098.678939718308,4398.37799648916,2145.719692783752,12848.456942301702,143.83671297690307,38079.40657363242,0.005,0.0055,0.035
25013871B6,0,1,ok,4.0,359,5249,359,2000,26444.254957624205,26650.820936858065,8559.17150905596,44775.325950394195,695.82253484635,56329.89750567632,0.0,0.0,0.0015
25013871B6,0,1,ok,8.0,359,5249,359,2000,96603.27870285348,96315.3314260643,74951.49280026084,119907.96029391544,60154.561464613806,135522.64596369126,0.0,0.0,0.0
25013878B2,4,1,ok,1.0,265,3613,265,2000,1757.5658520805089,1448.1546878700494,1024.0,2896.309375740099,0.0,6228.748831025377,0.056,0.0575,0.284
25013878B2,4,1,ok,2.0,265,3613,265,2000,16233.137036501696,7766.967310986961,2234.1638256851265,37706.063610512305,455.36798306424663,46054.838627445,0.0,0.006,0.0195
25013878B2,4,1,ok,4.0,265,3613,265,2000,10151.5041750221,8494.322044256525,3888.2860654013634,19313.968416666732,561.5701202877518,26461.010713878637,0.0,0.0,0.0065
25013878B2,4,1,ok,8.0,265,3613,265,2000,28911.183665509252,26200.370073722243,11125.9645797376,52067.80659402672,680.2124668072469,66398.59275617218,0.0,0.0,0.0005
25013977B2,3,1,ok,1.0,340,5069,340,2000,1757.4416201339936,1448.1546878700494,1024.0,2896.309375740099,0.0,6556.799219131237,0.053,0.053,0.2835
25013977B2,3,1,ok,2.0,340,5069,340,2000,6060.1452546076125,3974.5421119922735,1695.3185541366554,13836.808574847111,275.2816739269071,25002.0005599552,0.0,0.005,0.0335
25013977B2,3,1,ok,4.0,340,5069,340,2000,27712.076217276495,16005.309747333871,4401.300830436384,62291.103609841986,322.28093334853054,76960.01496881351,0.0,0.0015,0.0045
25013977B2,3,1,ok,8.0,340,5069,340,2000,121988.61703022996,117166.35017409024,80614.95916304506,165886.5380938577,67005.95836938682,180878.12329853492,0.0,0.0,0.0
25014124B2,0,1,ok,1.0,352,5133,352,2000,1771.2915997942598,1448.1546878700494,1024.0,2896.309375740099,0.0,7454.8325266232505,0.0545,0.0545,0.2815
25014124B2,0,1,ok,2.0,352,5133,352,2000,7214.9435646003,4676.189902046323,2058.5354016873257,16701.118245908878,208.0,27379.44754738488,0.0055,0.007,0.021
25014124B2,0,1,ok,4.0,352,5133,352,2000,21349.877325549685,12948.112309759323,4363.961503038266,49654.55707679445,347.3326935374786,67902.0112809628,0.0,0.002,0.003
25014124B2,0,1,ok,8.0,352,5133,352,2000,92709.01395938739,100741.96155812929,43683.76328553833,140633.09887269183,28589.502968747114,157386.15745992403,0.0,0.0,0.0
25014160B2,3,1,ok,1.0,168,2297,168,2000,1904.492063146723,2048.0,1024.0,3072.0,0.0,7866.815429384371,0.0555,0.0555,0.2625
25014160B2,3,1,ok,2.0,168,2297,168,2000,15460.991750306777,14652.734244131729,3849.2232478650926,27030.640484457632,252.66776604861965,49794.57520654233,0.001,0.002,0.0065
25014160B2,3,1,ok,4.0,168,2297,168,2000,54180.350687078266,55350.21935311982,26526.784960541096,79798.46711379966,4889.226114632049,88849.12286004853,0.0,0.0,0.0
25014160B2,3,1,ok,8.0,168,2297,168,2000,169056.43513998194,171279.4697685964,137608.57204791877,197549.58767089393,104662.56272421386,206310.53165798396,0.0,0.0,0.0
25014217B2,1,1,ok,1.0,46,571,46,571,1837.8293781541452,2048.0,1024.0,2896.309375740099,0.0,4579.4672179195695,0.050788091068301226,0.050788091068301226,0.2574430823117338
25014217B2,1,1,ok,2.0,46,571,46,571,23490.047368192787,13852.70287705616,3251.0775136868083,46715.5783973612,383.7095255528588,50397.94330128959,0.0,0.0017513134851138354,0.008756567425569177
25014217B2,1,1,ok,4.0,46,571,46,571,29422.816366685616,30855.103581093354,13208.005791943006,45474.623879698,5606.370037733864,50275.18808517776,0.0,0.0,0.0
25014217B2,1,1,ok,8.0,46,571,46,571,88537.52410391734,98349.50680608419,60199.20266083264,113513.80765792327,54744.50738658628,118132.32154241277,0.0,0.0,0.0
25014217B3,0,1,ok,1.0,125,1679,125,1679,1863.9087274435863,2048.0,1024.0,3072.0,0.0,5999.637322372078,0.053007742703990474,0.0547945205479452,0.273972602739726
25014217B3,0,1,ok,2.0,125,1679,125,1679,9577.621667487929,8162.017458937466,2684.9746739960137,18592.56043370878,248.13101378102658,29646.546139474664,0.0005955926146515784,0.005955926146515783,0.016676593210244194
25014217B3,0,1,ok,4.0,125,1679,125,1679,25802.753469181418,27668.748742941014,4997.142505393318,49208.06012876835,499.9249943741561,62685.51559172182,0.0,0.0005955926146515784,0.004169148302561048
25014217B3,0,1,ok,8.0,125,1679,125,1679,99267.06739543093,108859.85067507671,62548.64787429875,132221.91624817057,52759.03112264288,146336.7150136971,0.0,0.0,0.0
25014226B2,2,1,ok,1.0,236,3314,236,2000,1877.7763618163747,2048.0,1024.0,3072.0,0.0,6869.200826879354,0.0505,0.0505,0.269
25014226B2,2,1,ok,2.0,236,3314,236,2000,14400.087646702013,12678.815482258866,3021.603555941396,28613.377408216194,146.98639392814562,43943.994993627966,0.0025,0.0035,0.011
25014226B2,2,1,ok,4.0,236,3314,236,2000,56491.42613731383,60716.014930680954,13913.96634301712,94231.37318928774,1423.2304802806887,111384.72349474141,0.0,0.0,0.0
25014226B2,2,1,ok,8.0,236,3314,236,2000,191100.06250250817,198302.55938771687,144116.39252922696,232291.83474858655,116595.23504843583,247709.9553671592,0.0,0.0,0.0
25014265B2,1,1,ok,1.0,199,2711,199,2000,1759.002101475806,1448.1546878700494,1024.0,2896.309375740099,0.0,5120.0,0.057,0.057,0.2885
25014265B2,1,1,ok,2.0,199,2711,199,2000,11216.883260614304,7049.1608423378,2474.2516040209007,26592.97971732281,472.94925732048677,34026.59908071919,0.0,0.0035,0.0145
25014265B2,1,1,ok,4.0,199,2711,199,2000,23025.728660729208,17724.46650348694,5385.9763047891975,48238.81848844887,281.78892810044897,60234.03058902833,0.0,0.0005,0.002
25014265B2,1,1,ok,8.0,199,2711,199,2000,93391.33903326718,93087.10091943138,57794.16149063292,129532.4872318117,38352.32484478614,141391.40336314653,0.0,0.0,0.0
25014268B,0,1,ok,1.0,172,2332,172,2000,1783.780947976192,1448.1546878700494,1024.0,2896.309375740099,0.0,8183.517153400487,0.057,0.0575,0.2835
25014268B,0,1,ok,2.0,172,2332,172,2000,17438.73986880939,16394.74429839901,3125.478050366493,34611.42737594045,207.21245136332902,41164.61306753654,0.0035,0.0035,0.0105
25014268B,0,1,ok,4.0,172,2332,172,2000,30137.69298466047,26987.355713574416,6433.52042042302,58663.477377884345,652.754931042271,70366.77136262541,0.0,0.0,0.0025
25014268B,0,1,ok,8.0,172,2332,172,2000,113341.31601428536,115458.20108981813,78709.62845086161,148308.699415601,46837.29048525331,160431.48514241213,0.0,0.0,0.0
25014298B2,1,1,ok,1.0,83,1181,83,1181,2040.1032600795068,2048.0,1024.0,3238.1723240124206,0.0,11307.412480315734,0.05334462320067739,0.05334462320067739,0.2523285351397121
25014298B2,1,1,ok,2.0,83,1181,83,1181,14504.25208090011,10447.889739081285,2631.0150132600916,31896.256833678777,394.89872119316874,42032.49249092897,0.0,0.0059271803556308214,0.02032176121930567
25014298B2,1,1,ok,4.0,83,1181,83,1181,16372.07606607306,15011.941913023778,4360.99805090532,31095.966040629773,379.38898244414,36729.19797654177,0.0,0.002540220152413209,0.00846740050804403
25014298B2,1,1,ok,8.0,83,1181,83,1181,61113.62113898958,64419.29847491356,41161.41183195737,81005.14156521177,33584.864105724766,88385.50614212717,0.0,0.0,0.0
25014311B2,0,1,ok,1.0,132,1752,132,1752,1916.547083458242,2048.0,1024.0,3072.0,0.0,10422.504977211573,0.053082191780821915,0.053082191780821915,0.2711187214611872
25014311B2,0,1,ok,2.0,132,1752,132,1752,8913.855859919013,6893.981218512434,2524.6815640789237,17986.361133814884,387.48548359906334,34197.8077221333,0.0,0.003995433789954338,0.017123287671232876
25014311B2,0,1,ok,4.0,132,1752,132,1752,27694.331114415912,27187.56656012725,9028.418963271935,48414.690076795545,161.0372627685903,59362.19626159396,0.0005707762557077625,0.0005707762557077625,0.001141552511415525
25014311B2,0,1,ok,8.0,132,1752,132,1752,102247.42642098876,103618.01047449638,71067.82119339316,128168.73595109004,53358.48863114472,139062.79830709577,0.0,0.0,0.0
25014318B,0,1,ok,1.0,125,1708,125,1708,1957.6745400886691,2048.0,1024.0,3082.293491768237,0.0,9763.466238995248,0.056791569086651054,0.056791569086651054,0.272248243559719
25014318B,0,1,ok,2.0,125,1708,125,1708,10546.106125871707,8536.86411980418,2420.2752763671706,23318.908974960897,116.84177335182824,32666.790736158946,0.000585480093676815,0.000585480093676815,0.0234192037470726
25014318B,0,1,ok,4.0,125,1708,125,1708,27813.85952045534,28665.129137804557,10014.597340586346,43483.6470652673,2971.156172266951,52077.12412374554,0.0,0.0,0.0
25014318B,0,1,ok,8.0,125,1708,125,1708,90411.83109001025,93012.50432188972,62004.035174603756,115466.23515121649,46145.22142107458,125185.07368292756,0.0,0.0,0.0
25014627B3,3,1,ok,1.0,147,1862,147,1862,1933.0976891276916,2048.0,1024.0,3120.8254522925076,0.0,6762.626708609607,0.054242749731471536,0.05531686358754028,0.2588614393125671
25014627B3,3,1,ok,2.0,147,1862,147,1862,15789.609448034704,13785.295389583283,4512.865608457668,31182.34295703493,159.4114174079134,39989.691134091045,0.0005370569280343716,0.001611170784103115,0.004833512352309345
25014627B3,3,1,ok,4.0,147,1862,147,1862,31865.016947775934,37125.039012499794,5422.73981098974,58250.250992590765,564.3279188556951,71097.1050395162,0.0,0.0,0.004296455424274973
25014627B3,3,1,ok,8.0,147,1862,147,1862,112779.98364210996,126860.73043602487,66681.92753683249,149279.60735768522,46826.90476638404,164845.54725257217,0.0,0.0,0.0
25014684B,0,1,ok,1.0,400,5744,400,2000,1717.4965396945383,1448.1546878700494,1024.0,2289.7336089597848,0.0,4579.4672179195695,0.0515,0.0515,0.2955
25014684B,0,1,ok,2.0,400,5744,400,2000,9920.109980958592,4952.448866178151,2089.822959008729,25914.170597025397,194.17775361765828,40097.50447347067,0.002,0.007,0.0125
25014684B,0,1,ok,4.0,400,5744,400,2000,16325.410488323902,10446.46083950629,4448.30429294217,38215.891982263085,224.0,54965.39129306731,0.001,0.001,0.004
25014684B,0,1,ok,8.0,400,5744,400,2000,59843.785632441686,52604.44273337835,14707.771658878948,109582.79898357982,959.0375383685458,124195.99065992428,0.0,0.0,0.0005
25015052B3,0,1,ok,1.0,280,4110,280,2000,1810.7671067852657,1448.1546878700494,1024.0,2896.309375740099,0.0,6228.748831025377,0.0595,0.0595,0.279
25015052B3,0,1,ok,2.0,280,4110,280,2000,7855.0603885303735,4868.8775909745045,2002.2310056534436,18794.75674224064,267.25456029785533,30476.26225441696,0.0,0.0045,0.029
25015052B3,0,1,ok,4.0,280,4110,280,2000,30438.528611207417,29972.025997435518,8635.951848755523,53980.60178558247,253.12645061312736,69100.03213458008,0.0005,0.0005,0.0005
25015052B3,0,1,ok,8.0,280,4110,280,2000,104999.4887682082,99656.64927872566,66915.55269322978,146127.83999986976,50241.4214866578,161011.80722232765,0.0,0.0,0.0
25015064B,0,1,ok,1.0,74,1022,74,1022,1743.4098014934411,1448.1546878700494,1024.0,2896.309375740099,0.0,5221.395981919011,0.05870841487279843,0.05870841487279843,0.2925636007827789
25015064B,0,1,ok,2.0,74,1022,74,1022,12347.380941616859,10906.69665847547,3348.8577156994893,24381.46429154738,452.54833995939043,33820.34058078067,0.0,0.0019569471624266144,0.005870841487279843
25015064B,0,1,ok,4.0,74,1022,74,1022,24027.388235490027,19285.02127095335,5867.757199197027,43547.492342863494,322.37400639629743,50880.362262861294,0.0,0.0019569471624266144,0.005870841487279843
25015064B,0,1,ok,8.0,74,1022,74,1022,88160.38606652924,82002.53398427376,66520.2927041221,111071.70444563932,58415.541947327685,118720.8452800097,0.0,0.0,0.0
25015070B2,0,1,ok,1.0,218,3053,218,2000,1786.9327847659263,1448.1546878700494,1024.0,2896.309375740099,0.0,5514.408762505732,0.0585,0.0585,0.2815
25015070B2,0,1,ok,2.0,218,3053,218,2000,16455.685549943893,12032.441487187982,2628.8735230132315,36407.57369122413,475.7141999141922,52634.29901689582,0.0,0.0055,0.015
25015070B2,0,1,ok,4.0,218,3053,218,2000,19813.09168366666,14919.920117373164,5720.667868259821,40046.67988704256,390.1499711649355,55605.697549801494,0.0,0.001,0.0025
25015070B2,0,1,ok,8.0,218,3053,218,2000,75932.35789267313,78310.72631445789,34491.08384234149,114778.3581801409,19872.808986149896,130744.64198581906,0.0,0.0,0.0
25015087B2,0,1,ok,1.0,225,3171,225,2000,1796.8717728925606,1959.5438448409504,1024.0,2896.309375740099,0.0,5514.408762505732,0.05,0.05,0.268
25015087B2,0,1,ok,2.0,225,3171,225,2000,13587.677925014592,9274.375803610244,2994.9076780428472,31209.91248689612,84.38601779915912,39082.92661764214,0.001,0.0035,0.0135
25015087B2,0,1,ok,4.0,225,3171,225,2000,16522.066032394625,13982.97298538087,5041.068239966605,31486.549753950647,522.6557184227491,44602.9638477086,0.0,0.0,0.003
25015087B2,0,1,ok,8.0,225,3171,225,2000,65036.937854067255,65757.89536854863,40460.721893221336,87275.35736915356,23573.4335428677,105751.31583105716,0.0,0.0,0.0
25015101B2,1,1,ok,1.0,205,2961,205,2000,1728.9140802467066,1448.1546878700494,1024.0,2896.309375740099,0.0,4579.4672179195695,0.058,0.058,0.294
25015101B2,1,1,ok,2.0,205,2961,205,2000,11001.538260270116,8629.326740829785,2663.507461975656,23349.045948989868,279.8356660613511,31153.022646285866,0.0,0.001,0.007
25015101B2,1,1,ok,4.0,205,2961,205,2000,30893.655029972313,26143.98277680669,5879.687406656922,59456.32365574629,786.7528201411164,73095.17302804612,0.0,0.0,0.002
25015101B2,1,1,ok,8.0,205,2961,205,2000,115168.74136821092,103976.41512236724,77241.62061672879,152442.583216019,67025.33088318177,164190.0759973026,0.0,0.0,0.0
25015103B2,2,1,ok,1.0,134,1841,134,1841,1719.4440870729115,1448.1546878700494,1024.0,2896.309375740099,0.0,6782.629652280891,0.060836501901140684,0.06137968495382944,0.2992938620315046
25015103B2,2,1,ok,2.0,134,1841,134,1841,11973.058230361987,8636.266091315158,2674.346275260554,25813.688229309657,194.65867563507155,33141.57371037169,0.0005431830526887561,0.0005431830526887561,0.017381857686040194
25015103B2,2,1,ok,4.0,134,1841,134,1841,14602.146993054082,12658.922544987785,5195.382950274215,27503.685934797904,86.92525524840292,37219.34980624997,0.0005431830526887561,0.0010863661053775121,0.0038022813688212928
25015103B2,2,1,ok,8.0,134,1841,134,1841,61435.783251565816,61095.70305676169,47075.6015362523,75485.06649662567,40915.87784711456,90077.4507632182,0.0,0.0,0.0
25015190B2,1,1,ok,1.0,241,3479,241,2000,1874.0877968803127,1448.1546878700494,1024.0,2896.309375740099,0.0,21688.50225349828,0.061,0.061,0.2925
25015190B2,1,1,ok,2.0,241,3479,241,2000,8782.118581307874,5591.232869412613,2228.3222054873204,20404.989988047393,494.8989795907848,42971.25486880736,0.0,0.0045,0.0245
25015190B2,1,1,ok,4.0,241,3479,241,2000,55271.63943152927,56311.84821951607,34130.77873577641,74640.81729533093,18002.640611865805,89505.61808624082,0.0,0.0,0.0
25015190B2,1,1,ok,8.0,241,3479,241,2000,164395.07660164984,165935.26014250092,136673.9732114056,189665.94935343793,119033.32515308476,205740.3985341722,0.0,0.0,0.0
25015191B2,4,1,ok,1.0,201,2780,201,2000,1861.9515111728576,2048.0,1024.0,2896.309375740099,0.0,6476.344648024841,0.052,0.0525,0.261
25015191B2,4,1,ok,2.0,201,2780,201,2000,13624.802778541714,12307.06853803943,2965.1686292688314,28255.55334684227,401.19945164469004,38371.271349800234,0.0,0.002,0.0105
25015191B2,4,1,ok,4.0,201,2780,201,2000,22449.987026066377,10548.43760934869,3944.158338606603,53332.06051765515,353.1359511576243,63689.18124768131,0.0,0.0025,0.007
25015191B2,4,1,ok,8.0,201,2780,201,2000,97528.20327571144,91759.3124294458,60407.430062482454,139721.12040954336,48949.07101263516,150289.36867257112,0.0,0.0,0.0
25015191B3,0,1,ok,1.0,149,2172,149,2000,1808.4852238627159,2048.0,1024.0,2896.309375740099,0.0,4579.4672179195695,0.056,0.056,0.2765
25015191B3,0,1,ok,2.0,149,2172,149,2000,9238.359542347544,6651.188239705744,2520.874194703169,20743.845228636517,618.4116751808621,32495.482901474166,0.0,0.0,0.021
25015191B3,0,1,ok,4.0,149,2172,149,2000,21792.74621242149,17230.72100439151,4767.483717853685,44441.42934304618,445.9293666041742,56998.29029892037,0.0,0.0015,0.004
25015191B3,0,1,ok,8.0,149,2172,149,2000,85842.62090799896,93145.52517509274,50496.16267543925,120497.93725416699,28531.949898315746,133585.14893879485,0.0,0.0,0.0
25015204B2,0,1,ok,1.0,272,4122,272,2000,1839.975845230813,1448.1546878700494,1024.0,2896.309375740099,0.0,26127.54102475011,0.0505,0.0505,0.279
25015204B2,0,1,ok,2.0,272,4122,272,2000,15491.42698968612,11504.680134623473,2659.1850255294385,36745.17781968132,501.42297514174595,47194.87528323388,0.0,0.004,0.012
25015204B2,0,1,ok,4.0,272,4122,272,2000,24119.870187800905,23088.64752141416,5935.044818011303,45335.131428816254,487.71405556944944,61843.52312894213,0.0,0.001,0.0025
25015204B2,0,1,ok,8.0,272,4122,272,2000,89276.75003418014,91758.5293706641,49419.03220607267,127623.49354539014,35073.432694847535,145174.04798723495,0.0,0.0,0.0
25015215B2,1,1,ok,1.0,145,1991,145,1991,1909.2280624667696,2048.0,1024.0,3072.0,0.0,5246.063762479446,0.053239578101456554,0.053239578101456554,0.2551481667503767
25015215B2,1,1,ok,2.0,145,1991,145,1991,11580.31227259739,8512.586680909628,2650.5003301263705,25126.309577811066,512.2499389946279,36797.893540255805,0.0,0.0,0.020090406830738324
25015215B2,1,1,ok,4.0,145,1991,145,1991,15111.713448452725,12364.301233794007,5078.153995301836,29532.566041575188,442.5381339500586,41204.277836166475,0.0,0.0005022601707684581,0.0030135610246107484
25015215B2,1,1,ok,8.0,145,1991,145,1991,46398.749112890095,45062.81243997094,16398.354338164547,79662.11204832571,7220.77288107028,97032.46664905515,0.0,0.0,0.0
25015234B2,2,1,ok,1.0,214,2869,214,2000,1830.3133611864898,2048.0,1024.0,2896.309375740099,0.0,6554.742176470407,0.0535,0.0535,0.269
25015234B2,2,1,ok,2.0,214,2869,214,2000,10492.761728802338,8299.204781182352,2653.0245886932344,22429.518875478087,196.4739168439414,31001.43909562909,0.002,0.005,0.02
25015234B2,2,1,ok,4.0,214,2869,214,2000,30166.67137978041,25584.2186694654,5351.916497576334,61249.67320331307,145.08618128546908,81521.72682788313,0.0005,0.0005,0.003
25015234B2,2,1,ok,8.0,214,2869,214,2000,124031.17572697332,122254.73272559508,88822.31616243267,163392.26110477542,69820.18562708066,179974.2665633062,0.0,0.0,0.0
25015408B3,4,1,ok,1.0,149,2090,149,2000,1787.1647926425192,1748.0773439350246,1024.0,2896.309375740099,0.0,5970.894740321588,0.057,0.057,0.2815
25015408B3,4,1,ok,2.0,149,2090,149,2000,14827.439525720141,13584.920773277063,2860.914539094099,30259.076531627485,435.2470562795342,39123.22094357774,0.0,0.0035,0.015
25015408B3,4,1,ok,4.0,149,2090,149,2000,29345.379757845683,27601.749556283357,6173.6563720375625,57032.877943399486,363.07712679264165,67146.22610392932,0.0,0.001,0.003
25015408B3,4,1,ok,8.0,149,2090,149,2000,118282.38242507068,118169.34171541415,91560.2980883889,144301.26198215855,80067.0917730874,153859.9699986972,0.0,0.0,0.0
25015421B3,3,1,ok,1.0,302,4479,302,2000,1700.6682162337192,1448.1546878700494,1024.0,2289.7336089597848,0.0,5792.618751480198,0.0575,0.0575,0.2985
25015421B3,3,1,ok,2.0,302,4479,302,2000,6224.809503331427,4115.004794244043,1874.459922217597,14991.088550969262,424.1898160022232,24276.165121369562,0.0,0.0105,0.0345
25015421B3,3,1,ok,4.0,302,4479,302,2000,19863.386645308525,17490.540244891235,5564.037492379521,40455.54724734376,444.846040782651,53238.472705365995,0.0,0.0015,0.0035
25015421B3,3,1,ok,8.0,302,4479,302,2000,73899.60995605872,72184.33067931847,35367.06538184598,113886.05355500003,19126.38306110175,126648.10586818897,0.0,0.0,0.0
25015422B,0,1,ok,1.0,168,2324,168,2000,1881.9695011249285,2048.0,1024.0,2907.2657757875604,0.0,7469.990227570583,0.0555,0.056,0.27
25015422B,0,1,ok,2.0,168,2324,168,2000,8966.183612019233,5636.671446873589,2258.984063688808,21652.417255355118,338.9985250705377,32542.58460847878,0.0,0.0025,0.025
25015422B,0,1,ok,4.0,168,2324,168,2000,20852.537623841177,17848.370004898596,5441.950845055475,40984.660817226926,94.5568612000208,51752.18898752013,0.0015,0.0015,0.0045
25015422B,0,1,ok,8.0,168,2324,168,2000,71927.0007069214,82228.63649340034,34176.70094219044,110474.03308419231,15648.749119338581,120006.38683420145,0.0,0.0,0.0
25015425B2,1,1,ok,1.0,329,4334,329,2000,1811.6911563557321,1448.1546878700494,1024.0,2896.309375740099,0.0,19271.47023452025,0.06,0.061,0.283
25015425B2,1,1,ok,2.0,329,4334,329,2000,9298.883138863272,6355.457997203408,2059.111458857922,20862.19728933218,54.70831746635972,37223.15744264583,0.001,0.0055,0.0225
25015425B2,1,1,ok,4.0,329,4334,329,2000,25013.066131413325,22350.014787467146,5585.6767718871815,49594.580620438464,961.3537330244263,63932.20991800612,0.0,0.0,0.0015
25015425B2,1,1,ok,8.0,329,4334,329,2000,90934.57688320076,91478.84896826695,46932.245077487634,132614.04896762568,19251.686939071078,149990.80169463725,0.0,0.0,0.0
25015471B,1,1,ok,1.0,388,5827,388,2000,1768.1191310516974,1448.1546878700494,1024.0,2896.309375740099,0.0,7330.06521116968,0.062,0.0625,0.295
25015471B,1,1,ok,2.0,388,5827,388,2000,10968.588540962308,8367.027010832462,2756.1547489210398,22958.324627036713,424.1898160022232,38292.50319579539,0.0,0.0025,0.0175
25015471B,1,1,ok,4.0,388,5827,388,2000,27542.478860726173,25486.325734707338,6466.408044656631,55160.61103233458,817.3524331645438,72631.06179177061,0.0,0.0,0.002
25015471B,1,1,ok,8.0,388,5827,388,2000,82344.340655448,75527.33176597343,37203.19334723596,132434.20195145477,16238.909353771269,153343.6969946923,0.0,0.0,0.0
25015488B2,4,1,ok,1.0,183,2604,183,2000,1775.8426614180305,1448.1546878700494,1024.0,2896.309375740099,0.0,5221.395981919011,0.054,0.0545,0.288
25015488B2,4,1,ok,2.0,183,2604,183,2000,15254.0315069177,13816.279523971516,3207.343932806452,29899.376304516038,454.81424779793343,38089.317347518845,0.0,0.003,0.0135
25015488B2,4,1,ok,4.0,183,2604,183,2000,30397.399928463616,29292.107009051528,6077.909082203158,59519.15877599233,594.6192058788549,72720.05902775381,0.0,0.0,0.003
25015488B2,4,1,ok,8.0,183,2604,183,2000,119094.65820681183,114720.87237949925,85964.30279714054,154505.4400509716,75124.69253181673,167821.03892241878,0.0,0.0,0.0
25015495B3,4,1,ok,1.0,144,2146,144,2000,2099.1073784463406,2048.0,1024.0,3238.1723240124206,0.0,13823.809207306067,0.0475,0.0485,0.246
25015495B3,4,1,ok,2.0,144,2146,144,2000,9816.353430917878,8826.812108570115,2394.500365420728,19221.587961719826,137.7679207943562,27128.753823203897,0.0015,0.0055,0.018
25015495B3,4,1,ok,4.0,144,2146,144,2000,27105.498000202893,19184.47475255656,5717.143366103997,56401.74093996973,545.6775604695506,64951.33932414327,0.0,0.0,0.004
25015495B3,4,1,ok,8.0,144,2146,144,2000,108021.71417293946,103630.26321138816,72906.75721056355,143878.0796443952,57538.538632815485,152012.58137404284,0.0,0.0,0.0
25015495B4,2,1,ok,1.0,219,3259,219,2000,1824.678273039718,2048.0,1024.0,2896.309375740099,0.0,5792.618751480198,0.0565,0.0565,0.268
25015495B4,2,1,ok,2.0,219,3259,219,2000,6181.726452466028,4327.046105601372,1831.703032699351,13859.516328788815,499.10319574212303,22649.021877335013,0.0,0.004,0.0385
25015495B4,2,1,ok,4.0,219,3259,219,2000,21315.793978585683,14841.933741115596,4779.4777957429615,45182.70037416158,523.8778483578018,56860.9700937295,0.0,0.0,0.0045
25015495B4,2,1,ok,8.0,219,3259,219,2000,92173.28607804245,92138.14948474559,64571.602127731974,120265.51147586637,48429.96246126978,131662.18883187382,0.0,0.0,0.0
25015496B,1,1,ok,1.0,99,1195,99,1195,2073.637037788222,2048.0,1024.0,3692.084506075125,0.0,7933.437149180675,0.05188284518828452,0.055230125523012555,0.2502092050209205
25015496B,1,1,ok,2.0,99,1195,99,1195,6900.573555847061,5312.096384667733,1957.2146024388844,13957.705063402998,337.2906758272455,19250.76793273453,0.0,0.007531380753138075,0.02510460251046025
25015496B,1,1,ok,4.0,99,1195,99,1195,28649.206013763524,29741.645969919016,10499.257066358114,44078.17577448342,1225.5549763270517,56287.57248274258,0.0,0.0,0.0
25015496B,1,1,ok,8.0,99,1195,99,1195,90566.14411432957,93336.01976193328,62171.60526464901,118819.78396329972,46578.315480489415,132423.41593540017,0.0,0.0,0.0
25015594B2,1,1,ok,1.0,162,2247,162,2000,1764.9182098693032,1448.1546878700494,1024.0,2896.309375740099,0.0,5221.395981919011,0.057,0.0575,0.2835
25015594B2,1,1,ok,2.0,162,2247,162,2000,20570.809200477608,16202.641603605836,2962.8744489093697,42743.93066102576,538.2053511439663,50060.31435178968,0.0,0.0,0.0145
25015594B2,1,1,ok,4.0,162,2247,162,2000,26736.65806649575,26719.81155621599,7658.21703148249,46890.805283197624,654.5418244848835,56512.27074715721,0.0,0.0,0.0025
25015594B2,1,1,ok,8.0,162,2247,162,2000,77584.87636954295,72158.79399382803,36980.51760261016,118382.78840579314,19008.006734005543,127291.71605803733,0.0,0.0,0.0
25015607B2,0,1,ok,1.0,185,2657,185,2000,1779.5477465756567,1448.1546878700494,1024.0,2896.309375740099,0.0,7506.068078561505,0.0595,0.0595,0.2915
25015607B2,0,1,ok,2.0,185,2657,185,2000,19172.92666126281,18707.342430823857,5499.905817375421,33507.41014665133,128.01562404644207,43696.376508813635,0.001,0.001,0.0045
25015607B2,0,1,ok,4.0,185,2657,185,2000,59066.56050674895,59756.06923271558,24181.08702903393,92225.05276626992,11385.910240292606,105974.27991734598,0.0,0.0,0.0
25015607B2,0,1,ok,8.0,185,2657,185,2000,197857.4973823076,194532.55173266772,160982.58845846928,235576.34019250894,145340.14242458963,250016.09664179623,0.0,0.0,0.0
25015608B2,2,1,ok,1.0,206,2952,206,2000,1709.9092131440761,1448.1546878700494,1024.0,2289.7336089597848,0.0,6385.684066723001,0.0595,0.0595,0.2955
25015608B2,2,1,ok,2.0,206,2952,206,2000,17498.033099364526,16190.018875855723,3150.8329057568253,35259.42770380711,486.42779525845356,43785.43878962503,0.0,0.004,0.011
25015608B2,2,1,ok,4.0,206,2952,206,2000,37369.80784094328,37185.63785225983,16325.70945803064,58035.09438132948,4433.171550932808,67124.25138502478,0.0,0.0,0.0
25015608B2,2,1,ok,8.0,206,2952,206,2000,121219.4258295038,121483.97295479619,96701.247232675,143729.5034548778,81995.89337277813,158494.1175059819,0.0,0.0,0.0
25015622B2,0,1,ok,1.0,289,3802,289,2000,1925.8578151018735,2048.0,1024.0,3072.0,0.0,17673.19170382079,0.054,0.054,0.2545
25015622B2,0,1,ok,2.0,289,3802,289,2000,10150.715005582037,6794.9204557522235,2291.577622512491,23099.78824578269,452.831094338717,43001.23835426138,0.0,0.0035,0.0255
25015622B2,0,1,ok,4.0,289,3802,289,2000,57250.67972307246,57898.835912304836,31931.18350369862,80225.74179387101,16749.021702774164,93737.98069619379,0.0,0.0,0.0
25015622B2,0,1,ok,8.0,289,3802,289,2000,175207.35378533613,176331.30279982183,146810.80156350016,204220.85571523767,114595.44495746765,218691.43968843407,0.0,0.0,0.0
25015625B2,4,1,ok,1.0,199,2904,199,2000,1867.6870647738303,2048.0,1024.0,2896.309375740099,0.0,8353.179993272024,0.051,0.051,0.2715
25015625B2,4,1,ok,2.0,199,2904,199,2000,14452.94676296996,13216.454796813376,2918.1804262245337,28535.4954398903,397.0340035815572,39461.306263224484,0.0,0.0005,0.0155
25015625B2,4,1,ok,4.0,199,2904,199,2000,45378.520549791676,45826.05905942325,20826.359885981932,68641.17755891349,1514.1413408265425,89951.97888317966,0.0,0.0,0.0
25015625B2,4,1,ok,8.0,199,2904,199,2000,154497.8953500379,155471.60693311406,128191.19964313376,177559.32237698362,108938.440451477,199624.802509608,0.0,0.0,0.0
25015640B3,4,1,ok,1.0,144,1971,144,1971,1947.6818083432172,2048.0,1024.0,3072.0,0.0,9496.68426346796,0.0517503805175038,0.052257737189244036,0.2643328259766616
25015640B3,4,1,ok,2.0,144,1971,144,1971,9437.536062468982,7539.8191622876475,2372.447048934918,20504.09776117935,339.37737107827326,29639.699205626228,0.0,0.0025367833587011668,0.019279553526128868
25015640B3,4,1,ok,4.0,144,1971,144,1971,44825.9096910209,44626.93994662865,27769.270804254116,63152.67076695965,19984.621112245284,74143.77552431491,0.0,0.0,0.0
25015640B3,4,1,ok,8.0,144,1971,144,1971,125587.84564078604,127074.93078101597,100946.83092103487,147294.5512400238,87982.69730464053,163230.4048913682,0.0,0.0,0.0
25015640B5,2,1,ok,1.0,126,1768,126,1768,1932.8085639302858,2048.0,1024.0,3072.0,0.0,8862.145112781667,0.050339366515837106,0.05090497737556561,0.25961538461538464
25015640B5,2,1,ok,2.0,126,1768,126,1768,7101.48879342613,5543.139904422403,2287.552403771332,14333.48397226032,502.1553544472069,20649.45519862449,0.0,0.005090497737556561,0.026583710407239818
25015640B5,2,1,ok,4.0,126,1768,126,1768,33705.74360984828,37972.12581500954,6463.608099807322,53976.66291882019,216.45553815968765,61709.34502974408,0.0011312217194570137,0.0011312217194570137,0.003393665158371041
25015640B5,2,1,ok,8.0,126,1768,126,1768,113208.72033008785,119710.53187778094,80454.18523518383,136143.4336823087,64945.7187580521,145019.4324082121,0.0,0.0,0.0
25015784B2,1,1,ok,1.0,51,658,51,658,1870.955027015851,2048.0,1024.0,3072.0,0.0,6435.899315558006,0.05319148936170213,0.05319148936170213,0.26443768996960487
25015784B2,1,1,ok,2.0,51,658,51,658,9074.470383636835,8363.930729318541,3667.483196962189,16072.874042096664,634.5273831758564,19751.980179212413,0.0,0.0,0.007598784194528876
25015784B2,1,1,ok,4.0,51,658,51,658,30163.670615043025,31598.63617574025,16868.58024803509,40706.12984373528,6811.709403666601,46765.85909613978,0.0,0.0,0.0
25015784B2,1,1,ok,8.0,51,658,51,658,86550.6687095361,94780.48986584296,58854.371498395456,103752.62676630037,51448.503194942416,110909.29591788058,0.0,0.0,0.0
25015798B2,1,1,ok,1.0,36,432,36,432,2053.354526697664,2048.0,1024.0,3646.69328786887,0.0,5514.408762505732,0.05324074074074074,0.05324074074074074,0.24768518518518517
25015798B2,1,1,ok,2.0,36,432,36,432,24080.005893583028,15915.939047422684,4777.761819094794,44362.92507263244,643.192039751737,49949.82187155425,0.0,0.0,0.0023148148148148147
25015798B2,1,1,ok,4.0,36,432,36,432,35441.29963200783,36551.79998190919,15249.57777454253,52225.72533562225,8072.376663659842,58238.06590195111,0.0,0.0,0.0
25015798B2,1,1,ok,8.0,36,432,36,432,105025.87177598066,111046.24906451648,75483.0843425277,129975.28487842048,66924.85386610866,135888.8204378859,0.0,0.0,0.0
25015811B3,0,1,ok,1.0,114,1417,114,1417,1915.6157102848813,2048.0,1024.0,3072.0,0.0,7823.855635171191,0.048694424841213835,0.048694424841213835,0.25335215243472126
25015811B3,0,1,ok,2.0,114,1417,114,1417,17687.196265360322,16913.14873109085,5219.33861716689,30717.158220294496,286.048946860498,40534.02336309585,0.0,0.002117148906139732,0.006351446718419196
25015811B3,0,1,ok,4.0,114,1417,114,1417,66891.02756262312,75291.9881660725,32534.513066348005,99209.78271508738,11845.515100661516,107174.39459124554,0.0,0.0,0.0
25015811B3,0,1,ok,8.0,114,1417,114,1417,210206.16807260324,218139.83763173566,175198.67535158255,242876.94538625042,154276.79448316264,252668.95503801017,0.0,0.0,0.0
25015811B4,3,1,ok,1.0,278,3983,278,2000,1763.3098391022388,1448.1546878700494,1024.0,2896.309375740099,0.0,4579.4672179195695,0.052,0.052,0.2805
25015811B4,3,1,ok,2.0,278,3983,278,2000,9092.649965627734,5651.665402205917,2049.3120796989415,20677.864493220764,131.20975573485381,30382.964700634468,0.001,0.0085,0.023
25015811B4,3,1,ok,4.0,278,3983,278,2000,25604.084300201604,21804.212854984737,5525.423330521597,54099.79519369736,517.2852211304707,68206.46116021561,0.0,0.0,0.004
25015811B4,3,1,ok,8.0,278,3983,278,2000,102074.8955154697,111814.13145973408,54035.05196599032,144805.24524058838,39636.57381762455,157183.37866326707,0.0,0.0,0.0
25015820B,0,1,ok,1.0,300,4362,300,2000,1715.0982288774608,1448.1546878700494,1024.0,2896.309375740099,0.0,5120.0,0.055,0.055,0.2965
25015820B,0,1,ok,2.0,300,4362,300,2000,9532.374827924621,5812.316416180003,2130.1643129110957,21283.885325307587,249.51352668743232,33789.527149695365,0.003,0.0085,0.0165
25015820B,0,1,ok,4.0,300,4362,300,2000,28752.537793678028,24748.59413526953,6236.387495978742,58652.18128386438,430.49854819731974,72833.07732067896,0.0,0.0015,0.002
25015820B,0,1,ok,8.0,300,4362,300,2000,116615.47689141387,114880.10341288571,76796.42359771274,155492.99136875593,54144.27763854644,169342.05063125934,0.0,0.0,0.0
25015863B2,2,1,ok,1.0,363,5419,363,2000,1845.184502174111,1448.1546878700494,1024.0,2896.309375740099,0.0,24617.364704614505,0.059,0.059,0.279
25015863B2,2,1,ok,2.0,363,5419,363,2000,9691.775160828003,5602.220807973796,2107.281898560323,23090.864007633543,253.10274593532168,45275.73612874781,0.002,0.0035,0.019
25015863B2,2,1,ok,4.0,363,5419,363,2000,49374.025341814566,43949.90947231068,8332.846411794375,92623.65723586088,443.5414298574599,110930.66325412465,0.0,0.0005,0.003
25015863B2,2,1,ok,8.0,363,5419,363,2000,193723.34343576204,191885.39458980883,151294.54034277712,237222.79064664364,116646.35055585751,255289.40045759833,0.0,0.0,0.0
25015867B2,4,1,ok,1.0,173,2343,173,2000,1790.356381318004,1448.1546878700494,1024.0,2896.309375740099,0.0,6476.344648024841,0.0535,0.0545,0.2875
25015867B2,4,1,ok,2.0,173,2343,173,2000,17695.3373163743,16516.05582726231,5194.415847811956,32472.767312736985,450.0,42291.971744055634,0.0,0.001,0.004
25015867B2,4,1,ok,4.0,173,2343,173,2000,35734.77633675906,28173.59465002315,8345.10001418747,69735.17549701076,227.89910048089263,89451.78654448439,0.0005,0.0005,0.0015
25015867B2,4,1,ok,8.0,173,2343,173,2000,143281.38551371914,138600.25490535458,102024.44857763237,185312.30407040287,86174.80200731535,205554.41736922122,0.0,0.0,0.0
25015870B3,0,1,ok,1.0,180,2419,180,2000,1868.0446267416226,2048.0,1024.0,2896.309375740099,0.0,6556.799219131237,0.051,0.0525,0.2555
25015870B3,0,1,ok,2.0,180,2419,180,2000,12622.922176221598,10934.08473535851,2624.4763287177884,25074.243912618844,399.28435982392296,69932.50215028775,0.0,0.0045,0.0095
25015870B3,0,1,ok,4.0,180,2419,180,2000,48211.61074255535,48337.28383539869,27043.27410529521,71073.6447305649,3233.2177470748857,84111.41622871417,0.0,0.0,0.0
25015870B3,0,1,ok,8.0,180,2419,180,2000,153601.4123638975,156304.5375923757,119899.00478623048,185604.6747528494,95954.65254483494,199218.0014456525,0.0,0.0,0.0
25016027B,0,1,ok,1.0,172,2444,172,2000,1846.8063136261394,2048.0,1024.0,2896.309375740099,0.0,5970.894740321588,0.0515,0.0515,0.2615
25016027B,0,1,ok,2.0,172,2444,172,2000,9770.460520276973,8302.534131215602,2807.5446590963684,19166.10117369975,263.2299375071156,29468.085143083186,0.0,0.0035,0.0095
25016027B,0,1,ok,4.0,172,2444,172,2000,38356.40975001901,37890.42405189335,18914.671397147777,58762.543848202455,3287.832416653866,70360.51472949868,0.0,0.0,0.0
25016027B,0,1,ok,8.0,172,2444,172,2000,126905.95642884275,125551.62555039613,100114.20806191707,154333.2130151718,85200.33254629937,165810.54796664778,0.0,0.0,0.0
25016031B2,0,1,ok,1.0,240,3474,240,2000,1708.7568582827012,1448.1546878700494,1024.0,2289.7336089597848,0.0,4579.4672179195695,0.061,0.061,0.295
25016031B2,0,1,ok,2.0,240,3474,240,2000,12862.944020306602,8279.320020388148,2799.326347534349,30287.052898294267,158.47397262642215,43222.96900954399,0.0005,0.0005,0.0185
25016031B2,0,1,ok,4.0,240,3474,240,2000,26208.25287633554,25717.870544331574,8858.246176813784,44441.3656405831,487.7396846679589,57535.725006295004,0.0,0.0005,0.0005
25016031B2,0,1,ok,8.0,240,3474,240,2000,93786.9463638398,94489.84157413707,67652.34034384915,117330.11157403848,51418.74757323442,135401.53974013738,0.0,0.0,0.0
25016077B2,3,1,ok,1.0,127,1776,127,1776,1728.0728341877077,1448.1546878700494,1024.0,2896.309375740099,0.0,5514.408762505732,0.061936936936936936,0.061936936936936936,0.2989864864864865
25016077B2,3,1,ok,2.0,127,1776,127,1776,15192.527381351263,12905.651448858454,2697.2222748598233,32159.70248618603,543.529208046817,39264.59086759978,0.0,0.0,0.020833333333333332
25016077B2,3,1,ok,4.0,127,1776,127,1776,13109.3892156482,10217.666269750642,4189.330675298576,26564.582168658497,43.08131845707603,39727.925896024324,0.0016891891891891893,0.0016891891891891893,0.005067567567567568
25016077B2,3,1,ok,8.0,127,1776,127,1776,48118.12954761565,48026.92001669797,16349.113125271073,80351.33193726045,4845.946759922152,93407.16409355334,0.0,0.0,0.0
25016088B2,3,1,ok,1.0,228,3359,228,2000,1730.2382494182652,1448.1546878700494,1024.0,2896.309375740099,0.0,4579.4672179195695,0.0575,0.0575,0.289
25016088B2,3,1,ok,2.0,228,3359,228,2000,10352.23025092754,6259.557891736445,2303.941188485505,24747.9951528834,61.84658438426491,35319.76332027156,0.002,0.006,0.028
25016088B2,3,1,ok,4.0,228,3359,228,2000,17190.57557941719,12447.928020357444,5112.774686997267,37913.857718409956,478.715990959149,52389.29967082973,0.0,0.0005,0.003
25016088B2,3,1,ok,8.0,228,3359,228,2000,69830.60559651638,70070.80234483213,36868.15444492185,103194.78223371036,25466.369686313752,116359.85562039856,0.0,0.0,0.0
25016772B2,4,1,ok,1.0,345,4967,345,2000,1752.2426298928508,1448.1546878700494,1024.0,2896.309375740099,0.0,7384.16901215025,0.0545,0.0545,0.288
25016772B2,4,1,ok,2.0,345,4967,345,2000,6260.025115516474,4369.530867267103,1928.6471942789328,13114.742013226576,233.64930986416374,32158.412896161404,0.004,0.0065,0.029
25016772B2,4,1,ok,4.0,345,4967,345,2000,25575.659265000017,23965.174173061827,8127.498600956923,45031.49890109896,322.6143208228674,67668.46615669665,0.0,0.0005,0.002
25016772B2,4,1,ok,8.0,345,4967,345,2000,103124.91172834215,102599.73777424358,70373.63961282415,135732.55860913394,44775.45398988156,158434.55784644964,0.0,0.0,0.0
25016785B2,3,1,ok,1.0,420,6163,420,2000,1812.1646197955213,1748.0773439350246,1024.0,2896.309375740099,0.0,20082.476067457417,0.06,0.06,0.2835
25016785B2,3,1,ok,2.0,420,6163,420,2000,5322.338167453646,4097.999511957023,1920.0,10823.738414207437,128.0,34203.219979996036,0.005,0.01,0.022
25016785B2,3,1,ok,4.0,420,6163,420,2000,14013.880811598074,8381.051246711238,3876.5887065821157,34410.29484690128,414.42490272665805,50931.93827059795,0.0,0.0025,0.0055
25016785B2,3,1,ok,8.0,420,6163,420,2000,54652.618019326386,54466.21818894041,13084.054325529994,99933.37957928375,358.8035674293108,117615.28499306542,0.0,0.0005,0.001
25016801B2,2,1,ok,1.0,370,5448,370,2000,1698.8379540489136,1448.1546878700494,1024.0,2896.309375740099,0.0,4581.178887579048,0.0665,0.0665,0.2955
25016801B2,2,1,ok,2.0,370,5448,370,2000,9095.917888967599,5011.026363365785,2030.4876261627403,21292.907960346496,509.24257481086556,36598.561720373655,0.0,0.003,0.031
25016801B2,2,1,ok,4.0,370,5448,370,2000,25750.615934438156,17997.051296470534,4516.565066507954,59171.22617036773,426.03286258221914,72421.16994360143,0.0,0.001,0.003
25016801B2,2,1,ok,8.0,370,5448,370,2000,110155.39324351859,111700.34767663958,65750.65917276549,153778.81695365065,37558.38122177259,166205.93683740663,0.0,0.0,0.0
25016827B2,3,1,ok,1.0,277,3978,277,2000,1878.5272884140797,1448.1546878700494,1024.0,2896.309375740099,0.0,25230.26121545316,0.055,0.055,0.305
25016827B2,3,1,ok,2.0,277,3978,277,2000,11946.512253632296,8228.028500193714,2478.2430340266524,28299.106196786823,399.04009823575376,41627.21231358161,0.0,0.0045,0.014
25016827B2,3,1,ok,4.0,277,3978,277,2000,24235.10470378839,21802.335821755318,4836.256447250781,50209.850150530474,460.4486942103322,62594.33540664842,0.0,0.0015,0.0065
25016827B2,3,1,ok,8.0,277,3978,277,2000,95203.08459017295,97987.2999665208,57128.88684838867,132627.8966737285,25036.28299089144,149015.59108026247,0.0,0.0,0.0
25016829B2,2,1,ok,1.0,201,2897,201,2000,1752.5674506857836,1448.1546878700494,1024.0,2896.309375740099,0.0,7168.0,0.0615,0.0615,0.292
25016829B2,2,1,ok,2.0,201,2897,201,2000,11670.834823428087,8024.4890232348425,2380.2394837494817,26258.831423931246,294.59803122220626,33859.4210375783,0.0,0.0055,0.0175
25016829B2,2,1,ok,4.0,201,2897,201,2000,19215.05139870311,15357.777957427625,5547.765045493546,40156.09855919802,137.05838172107534,59436.744459971895,0.0015,0.002,0.004
25016829B2,2,1,ok,8.0,201,2897,201,2000,91207.63413918142,89344.26014890426,69229.52252234149,115955.20931683319,59013.37991506672,134881.9568066834,0.0,0.0,0.0
25016903B4,3,1,ok,1.0,274,3930,274,2000,1713.5138924126468,1448.1546878700494,1024.0,2289.7336089597848,0.0,4579.4672179195695,0.056,0.056,0.2845
25016903B4,3,1,ok,2.0,274,3930,274,2000,5840.6211268131665,3937.3657437428897,1679.161993376458,13111.876322117882,440.06931272243924,26650.508381642554,0.0,0.0055,0.041
25016903B4,3,1,ok,4.0,274,3930,274,2000,17336.628480416046,15236.35471495725,4793.4967340898875,34084.822393588685,480.54240187521435,47402.67816273675,0.0,0.001,0.0055
25016903B4,3,1,ok,8.0,274,3930,274,2000,71999.36542944201,72745.19535674206,45190.92548525655,97881.39863736174,24945.359668683872,114415.46881868728,0.0,0.0,0.0
25016905B4,3,1,ok,1.0,165,2378,165,2000,1769.4582713578616,1448.1546878700494,1024.0,2896.309375740099,0.0,5514.408762505732,0.0565,0.0565,0.2795
25016905B4,3,1,ok,2.0,165,2378,165,2000,9144.455567435027,5787.497891709017,2142.365281645499,21347.660873646524,450.45865515050326,30733.255115590993,0.0,0.006,0.0155
25016905B4,3,1,ok,4.0,165,2378,165,2000,24910.546294311007,24887.925297561254,10264.190338036504,39789.6565012047,574.652938737809,52872.49728355944,0.0,0.0,0.002
25016905B4,3,1,ok,8.0,165,2378,165,2000,87563.20735703043,88062.27317888412,63589.00898584825,111617.04579917854,51367.66821649587,125272.30302425193,0.0,0.0,0.0
25016915B2,1,1,ok,1.0,193,2497,193,2000,2049.53252044862,1601.607115509756,1024.0,2896.309375740099,0.0,35886.676984641526,0.055,0.0555,0.2835
25016915B2,1,1,ok,2.0,193,2497,193,2000,24962.456447759498,25082.53601612086,12801.411652408971,37540.845981410705,480.63499664506327,48764.475399618525,0.0,0.0005,0.002
25016915B2,1,1,ok,4.0,193,2497,193,2000,98173.72084436624,97552.99784551343,82967.59473432986,115196.2328579646,62018.016906379715,130257.31275057074,0.0,0.0,0.0
25016915B2,1,1,ok,8.0,193,2497,193,2000,235466.02657181007,235872.63936716173,221492.80082189292,251214.16854349597,202390.02162409094,270356.7391521802,0.0,0.0,0.0
25016926B2,3,1,ok,1.0,292,4024,292,2000,1848.4410640855874,2048.0,1024.0,2896.309375740099,0.0,25899.89963301016,0.055,0.0555,0.276
25016926B2,3,1,ok,2.0,292,4024,292,2000,27131.018924517135,25775.11635585181,2550.0950962660195,61969.05595360302,190.0,75868.35380446844,0.0005,0.005,0.015
25016926B2,3,1,ok,4.0,292,4024,292,2000,167548.57585974204,172701.07742590518,122142.5654560542,210978.9222032184,91092.11233690873,224118.87184483148,0.0,0.0,0.0
25016926B2,3,1,ok,8.0,292,4024,292,2000,464459.10495689895,469931.6786285285,418940.9567139497,507822.1659587768,388365.56001015333,520907.50981436233,0.0,0.0,0.0
25017073B2,4,1,ok,1.0,148,2194,148,2000,1791.1253652730827,2048.0,1024.0,2896.309375740099,0.0,5514.408762505732,0.0515,0.0515,0.2745
25017073B2,4,1,ok,2.0,148,2194,148,2000,6571.280371437424,4654.460226492434,2072.9109966421615,14059.003768889846,242.1239352067449,27384.096990771854,0.003,0.003,0.0295
25017073B2,4,1,ok,4.0,148,2194,148,2000,18829.95524571876,16442.09232427552,5396.5559387446365,36769.82602412446,350.90739519138094,47155.51802281468,0.0,0.001,0.003
25017073B2,4,1,ok,8.0,148,2194,148,2000,66063.00566605151,74598.1993357515,32354.734764299734,100143.73618581,21805.04161885503,110471.86182915539,0.0,0.0,0.0
25017089B2,2,1,ok,1.0,308,4519,308,2000,1843.4348674641303,2048.0,1024.0,2896.309375740099,0.0,6869.200826879354,0.0525,0.0525,0.2845
25017089B2,2,1,ok,2.0,308,4519,308,2000,5180.52033679191,4474.1473783381325,2046.1241409064114,9134.823917295833,132.9661611087573,19231.58111024676,0.003,0.004,0.0225
25017089B2,2,1,ok,4.0,308,4519,308,2000,12903.9498987719,10693.478985764377,4275.670436395116,24290.476480071706,294.1836161311503,45168.02267091177,0.0,0.002,0.0075
25017089B2,2,1,ok,8.0,308,4519,308,2000,46997.13774989244,48689.916473416946,12948.995284915025,80681.00349492047,170.88007490635061,104768.09896146823,0.0005,0.0005,0.001
25017211B2,0,1,ok,1.0,264,3869,264,2000,1725.28608875529,1448.1546878700494,1024.0,2896.309375740099,0.0,6070.337387658119,0.0655,0.0655,0.297
25017211B2,0,1,ok,2.0,264,3869,264,2000,7347.89532042723,5185.765517259722,2189.578954959149,15744.816999355053,341.5025622158639,26881.40740363123,0.0,0.006,0.0125
25017211B2,0,1,ok,4.0,264,3869,264,2000,24843.272357134887,25165.707460749043,5438.641006722176,45852.73964126677,761.0098553895343,58340.6331470614,0.0,0.0,0.0015
25017211B2,0,1,ok,8.0,264,3869,264,2000,87185.91450753495,91373.29114298016,49263.34460113405,120841.97778935322,35089.65978746446,138857.5099445471,0.0,0.0,0.0
25017218B3,3,1,ok,1.0,157,1970,157,1970,1838.0500043684417,2048.0,1024.0,2896.309375740099,0.0,5514.408762505732,0.05279187817258883,0.05279187817258883,0.2685279187817259
25017218B3,3,1,ok,2.0,157,1970,157,1970,12036.532973282876,11292.050301678933,2869.643332608567,22655.058110717793,170.29973576021777,32357.29730679001,0.0025380710659898475,0.005076142131979695,0.017258883248730966
25017218B3,3,1,ok,4.0,157,1970,157,1970,22695.64672252612,17881.563430451242,4362.907516782816,46754.86834105966,565.9840987165629,60214.59445184365,0.0,0.0,0.008629441624365483
25017218B3,3,1,ok,8.0,157,1970,157,1970,68395.29826664062,84200.7025895187,25778.546816426562,110050.60348662456,16151.280630340121,121712.28414995752,0.0,0.0,0.0
25017220B2,3,1,ok,1.0,259,3397,259,2000,2112.724671321124,2048.0,1024.0,3238.1723240124206,0.0,29538.384586838867,0.0465,0.0475,0.251
25017220B2,3,1,ok,2.0,259,3397,259,2000,6873.305031825551,4575.5986198525425,2019.5489340535769,15107.178278621215,527.3111036191065,31344.4131066447,0.0,0.0,0.0335
25017220B2,3,1,ok,4.0,259,3397,259,2000,17621.837117852006,14910.2039096984,5209.760985787039,35257.572199426846,308.97410894765926,48313.9201473033,0.0,0.001,0.0025
25017220B2,3,1,ok,8.0,259,3397,259,2000,58900.641384335635,62388.284026122536,21712.343733392878,94167.03589467648,1815.4473277955492,114472.44139966615,0.0,0.0,0.0
25017227B2,4,1,ok,1.0,314,4567,314,2000,1678.7014010456498,1448.1546878700494,1024.0,2289.7336089597848,0.0,4779.011717918256,0.062,0.0625,0.302
25017227B2,4,1,ok,2.0,314,4567,314,2000,8171.037534037869,4252.148633338209,1829.706260578457,22302.83040776972,369.5416079415145,34097.42818747478,0.0,0.0025,0.03
25017227B2,4,1,ok,4.0,314,4567,314,2000,16633.951771677046,13343.999774050288,4283.818857047996,34544.38371600285,257.9922479455536,49184.0,0.0,0.002,0.0055
25017227B2,4,1,ok,8.0,314,4567,314,2000,69375.31946048181,70417.98626078249,39482.84476206197,96991.48171548155,26624.574231337483,115708.49994706525,0.0,0.0,0.0
25017242B2,2,1,ok,1.0,279,4033,279,2000,1687.8176725148912,1448.1546878700494,1024.0,2289.7336089597848,0.0,4579.4672179195695,0.0585,0.0585,0.299
25017242B2,2,1,ok,2.0,279,4033,279,2000,10948.91052205253,7062.970564740486,2345.330893498826,26057.965165451238,142.01408380861386,36550.60809343669,0.0015,0.005,0.018
25017242B2,2,1,ok,4.0,279,4033,279,2000,25881.809207276798,23967.52061546767,8800.63018235117,45422.310191325225,640.5154174569102,59899.39225902046,0.0,0.0,0.0015
25017242B2,2,1,ok,8.0,279,4033,279,2000,88037.50070737326,87743.76811682223,52491.217579539385,125636.38341762383,35570.96619435576,141688.01857955387,0.0,0.0,0.0
25017320B2,4,1,ok,1.0,283,4129,283,2000,1768.0787167725014,1448.1546878700494,1024.0,2896.309375740099,0.0,25566.661103867278,0.0605,0.0605,0.2915
25017320B2,4,1,ok,2.0,283,4129,283,2000,6207.212074387973,4244.435415929897,1771.5981485653003,14388.008896299723,498.7183573922259,27609.50821727906,0.0,0.005,0.029
25017320B2,4,1,ok,4.0,283,4129,283,2000,22914.3317576541,21365.89908998218,6427.708740457838,41764.93913772364,257.9922479455536,55622.15846225315,0.0,0.0015,0.002
25017320B2,4,1,ok,8.0,283,4129,283,2000,94320.2948183406,93987.86721617937,74771.73205778752,115442.67057282367,36520.00350492864,129354.40631072449,0.0,0.0,0.0
25017322B2,1,1,ok,1.0,333,4954,333,2000,1826.52843762763,1448.1546878700494,1024.0,2896.309375740099,0.0,28054.9986455177,0.06,0.06,0.293
25017322B2,1,1,ok,2.0,333,4954,333,2000,8090.388256317202,4647.29168441147,1873.3349940680657,19186.425409648353,511.1320768646789,36562.76358537467,0.0,0.003,0.0325
25017322B2,1,1,ok,4.0,333,4954,333,2000,34894.07758416597,30494.718068624625,6316.957812111777,70704.85488128242,204.16659863944446,88235.20771778123,0.0015,0.0015,0.0035
25017322B2,1,1,ok,8.0,333,4954,333,2000,145989.88305260128,144675.3554832884,107283.38632845365,185012.98598408545,66639.73241993098,202329.81332715155,0.0,0.0,0.0
25017338B3,1,1,ok,1.0,309,4511,309,2000,1753.8164454549808,1448.1546878700494,1024.0,2896.309375740099,0.0,5734.966521262351,0.0585,0.0585,0.286
25017338B3,1,1,ok,2.0,309,4511,309,2000,8734.118862906304,4529.371369185795,1979.067709806817,21433.006911865068,95.524865872714,33824.323629601226,0.0015,0.002,0.0355
25017338B3,1,1,ok,4.0,309,4511,309,2000,30225.534923932744,29068.390051761144,5035.434539342161,64359.08669839768,337.64034119162955,76619.0905257952,0.0,0.001,0.0045
25017338B3,1,1,ok,8.0,309,4511,309,2000,123053.09890539256,127493.91318983104,81244.69781157382,166415.55736374474,66816.24521776123,178965.91805424853,0.0,0.0,0.0
25017341B3,3,1,ok,1.0,119,1641,119,1641,1821.3903994983511,2048.0,1024.0,2896.309375740099,0.0,4579.4672179195695,0.05301645338208409,0.05301645338208409,0.27117611212675197
25017341B3,3,1,ok,2.0,119,1641,119,1641,12902.373927816696,10853.362981122487,3284.232787120913,27102.520030432595,503.31004361129135,37567.327506757785,0.0,0.003656307129798903,0.012797074954296161
25017341B3,3,1,ok,4.0,119,1641,119,1641,42183.85208787101,42608.524827785346,28121.208295519595,55942.003575131275,21201.40563736282,63792.81605322029,0.0,0.0,0.0
25017341B3,3,1,ok,8.0,119,1641,119,1641,117130.15253494796,117850.72885646486,99325.75088062511,133866.85800824637,86495.75538718648,146383.76760078283,0.0,0.0,0.0
25017341B4,4,1,ok,1.0,108,1485,108,1485,1883.2008083149647,2048.0,1024.0,3072.0,0.0,6476.344648024841,0.0531986531986532,0.0531986531986532,0.26666666666666666
25017341B4,4,1,ok,2.0,108,1485,108,1485,8162.750060396114,5264.483735372349,2237.9930741626526,19350.800422721535,444.8156921692399,27664.35115812406,0.0,0.00202020202020202,0.024915824915824916
25017341B4,4,1,ok,4.0,108,1485,108,1485,13603.103574660508,11420.481644834425,4299.095369958662,26853.243766751548,84.92938243034621,38056.739232361986,0.0013468013468013469,0.0013468013468013469,0.0053872053872053875
25017341B4,4,1,ok,8.0,108,1485,108,1485,48844.96831702574,42809.62234124473,18676.61228773314,79024.421220005,7775.849085469702,89859.6383756356,0.0,0.0,0.0
25017342B2,3,1,ok,1.0,133,1906,133,1906,1806.3433394499973,1448.1546878700494,1024.0,2896.309375740099,0.0,7314.98632944724,0.05666316894018888,0.05666316894018888,0.2812172088142707
25017342B2,3,1,ok,2.0,133,1906,133,1906,9439.803547496307,8095.41891040317,2534.1130598298096,18953.244841779037,544.2067621777591,30071.268363672323,0.0,0.0,0.019412381951731374
25017342B2,3,1,ok,4.0,133,1906,133,1906,25530.363881930374,25943.075860317993,9069.666974938857,40127.65242983621,257.1089263327899,48741.86152579731,0.0,0.0005246589716684155,0.0015739769150052466
25017342B2,3,1,ok,8.0,133,1906,133,1906,84410.67377268411,85503.78902439971,59699.58386521481,107252.98988040455,46443.329779420426,117589.26652122634,0.0,0.0,0.0
25017354B5,2,1,ok,1.0,119,1549,119,1549,1897.5754741560133,2048.0,1024.0,3072.0,0.0,5792.618751480198,0.051646223369916075,0.052291801162040026,0.2582311168495804
25017354B5,2,1,ok,2.0,119,1549,119,1549,9493.632900063387,6997.123980608033,2276.33389466484,20346.479422761346,103.07764064044152,27861.515841748453,0.0006455777921239509,0.0012911555842479018,0.025823111684958037
25017354B5,2,1,ok,4.0,119,1549,119,1549,26517.149865725893,26624.735566761974,6643.093044897537,47744.84997543832,373.6964008389698,57162.05286726501,0.0,0.0006455777921239509,0.0012911555842479018
25017354B5,2,1,ok,8.0,119,1549,119,1549,90339.83467449933,97485.67861999013,57666.946777311154,121154.80877097459,43482.90626211638,129624.19230992338,0.0,0.0,0.0
25017355B1,0,1,ok,1.0,321,4467,321,2000,1770.7226485541516,1448.1546878700494,1024.0,2896.309375740099,0.0,4579.4672179195695,0.055,0.055,0.283
25017355B1,0,1,ok,2.0,321,4467,321,2000,6597.618247609722,4671.131019357089,1946.5027613645966,14202.724940449267,486.6210024238576,24140.645413907227,0.0,0.003,0.032
25017355B1,0,1,ok,4.0,321,4467,321,2000,19108.15016566987,17110.94569493091,4973.478397978057,36895.64757034808,35.77708763999664,55938.50108824869,0.0005,0.0005,0.002
25017355B1,0,1,ok,8.0,321,4467,321,2000,72610.29361647394,74029.82505675122,34257.05270438235,107001.63066647064,17981.576599397507,129351.47034340198,0.0,0.0,0.0
25017355B4,0,1,ok,1.0,142,1808,142,1808,2167.2984878055076,2048.0,1024.0,3072.0,0.0,34286.95910984233,0.054756637168141595,0.054756637168141595,0.2688053097345133
25017355B4,0,1,ok,2.0,142,1808,142,1808,12393.084293032036,11040.621422724376,2594.5743695374745,25135.188473795617,512.4109678763716,33499.84683547076,0.0,0.0,0.02101769911504425
25017355B4,0,1,ok,4.0,142,1808,142,1808,37392.312949433945,36459.07549208922,11138.780677372653,65688.7348209029,637.9067329947223,76582.6521152147,0.0,0.0,0.0011061946902654867
25017355B4,0,1,ok,8.0,142,1808,142,1808,130898.9858297041,133573.79388817667,95567.42051411387,166396.5409170808,57704.336093572725,178163.60990112432,0.0,0.0,0.0
25017372B2,1,1,ok,1.0,152,1867,152,1867,1863.895660435556,2048.0,1024.0,3072.0,0.0,6735.684152333748,0.05463310123192287,0.05463310123192287,0.26727370112479915
25017372B2,1,1,ok,2.0,152,1867,152,1867,8984.347305658417,7441.720231236861,2540.5893017172216,18211.447342500098,273.76632371422164,27296.138939417786,0.0,0.005356186395286556,0.01821103374397429
25017372B2,1,1,ok,4.0,152,1867,152,1867,21009.843227923837,18066.91916182723,5972.602319530778,39500.91461350928,328.10059433045836,58198.58967363385,0.0,0.0010712372790573112,0.0032137118371719335
25017372B2,1,1,ok,8.0,152,1867,152,1867,92210.50534864809,90966.47857315352,68131.84761381411,115782.12517295101,57273.12362705565,136679.41820186388,0.0,0.0,0.0
25017383B2,4,1,ok,1.0,174,2570,174,2000,1744.314689950834,1448.1546878700494,1024.0,2896.309375740099,0.0,5514.408762505732,0.0575,0.058,0.2865
25017383B2,4,1,ok,2.0,174,2570,174,2000,11591.33014667504,9968.690836815033,2623.079811972303,23671.126990492023,383.6000521376398,33788.99532392166,0.0,0.001,0.0165
25017383B2,4,1,ok,4.0,174,2570,174,2000,28768.385481224454,29437.56675303955,4771.721387507867,57761.495349894,211.463944917331,66091.78469371212,0.0025,0.0025,0.005
25017383B2,4,1,ok,8.0,174,2570,174,2000,107468.12477445108,116957.583746469,65193.91998611576,147337.32116176462,52482.62627765497,156003.96385989684,0.0,0.0,0.0
25017499B,3,1,ok,1.0,42,597,42,597,1863.587616250726,2048.0,1024.0,3072.0,0.0,4579.4672179195695,0.051926298157453935,0.051926298157453935,0.26800670016750416
25017499B,3,1,ok,2.0,42,597,42,597,17323.67374763633,15884.803083450546,4836.877608540452,31843.004591409113,393.295054634558,38549.357050410064,0.0,0.0016750418760469012,0.005025125628140704
25017499B,3,1,ok,4.0,42,597,42,597,45372.59067605596,45251.14965390382,38913.79519523577,51936.629117092685,35594.40856370562,56030.688742866616,0.0,0.0,0.0
25017499B,3,1,ok,8.0,42,597,42,597,115486.82382340122,114643.60626306204,104175.11452449716,127823.13808160574,98966.60693890642,133367.25394563688,0.0,0.0,0.0
25017500B,4,1,ok,1.0,36,489,36,489,1814.9248411499746,2048.0,1024.0,2896.309375740099,0.0,4579.4672179195695,0.06134969325153374,0.06134969325153374,0.2842535787321063
25017500B,4,1,ok,2.0,36,489,36,489,27903.853338112378,33740.69544333667,8352.113783437864,48371.451768657695,4157.3223353500025,52819.14290292867,0.0,0.0,0.0
25017500B,4,1,ok,4.0,36,489,36,489,39651.71739308496,39784.2233177927,23338.8902830685,54470.40318290221,18459.532632220133,58397.836749318034,0.0,0.0,0.0
25017500B,4,1,ok,8.0,36,489,36,489,105161.29031693899,91675.75461920125,77719.37752415118,132537.3223011399,73042.58364132528,136745.85987517136,0.0,0.0,0.0
25017515B2,3,1,ok,1.0,412,6028,412,2000,1698.485937147078,1448.1546878700494,1024.0,2289.7336089597848,0.0,21333.52704078723,0.0615,0.0615,0.3045
25017515B2,3,1,ok,2.0,412,6028,412,2000,8027.714478233051,4455.175945182058,1906.4626930522402,19740.77185004803,196.1249601657066,42007.14229747127,0.002,0.007,0.0205
25017515B2,3,1,ok,4.0,412,6028,412,2000,43176.925505489235,44178.964434332185,9072.803535842711,74130.5417459531,371.1010644015994,87024.39902119405,0.0,0.0005,0.0015
25017515B2,3,1,ok,8.0,412,6028,412,2000,157633.83551170756,158228.05803258234,122365.9839171001,192018.39909365654,85289.83866792105,205331.69633790103,0.0,0.0,0.0
25017518B2,2,1,ok,1.0,328,4794,328,2000,1790.148459684634,1448.1546878700494,1024.0,2896.309375740099,0.0,23247.728706262897,0.064,0.064,0.298
25017518B2,2,1,ok,2.0,328,4794,328,2000,11491.384194159229,6963.537142207267,2286.813359015359,27112.67256355111,446.068380408206,53569.74135647847,0.0,0.008,0.0225
25017518B2,2,1,ok,4.0,328,4794,328,2000,35090.304238750934,34127.941629729365,15596.82675282104,56864.17963707927,2140.552498772221,73552.4634053816,0.0,0.0,0.0
25017518B2,2,1,ok,8.0,328,4794,328,2000,120078.64610093828,119175.17682328551,86755.99104975046,154836.80306837623,64767.216166823164,171768.4807902777,0.0,0.0,0.0
25017538B4,2,1,ok,1.0,226,3081,226,2000,1864.8254809773298,2048.0,1024.0,2896.309375740099,0.0,10189.151976489506,0.056,0.0565,0.2615
25017538B4,2,1,ok,2.0,226,3081,226,2000,6809.177386199994,4307.345222366177,1766.5163458060613,16049.695710237136,37.21558813185679,29551.242342751008,0.0005,0.0035,0.042
25017538B4,2,1,ok,4.0,226,3081,226,2000,25777.25952789686,25480.781206091582,8332.671288721149,43680.313144475134,86.97700845625813,58601.87331476699,0.0005,0.0005,0.001
25017538B4,2,1,ok,8.0,226,3081,226,2000,91049.61467413841,93800.09853350876,52679.537500632105,122923.759793352,38380.91641688614,139758.858395452,0.0,0.0,0.0
25017539B2,1,1,ok,1.0,275,4009,275,2000,1828.462831586064,2048.0,1024.0,2896.309375740099,0.0,9625.918397742627,0.059,0.059,0.271
25017539B2,1,1,ok,2.0,275,4009,275,2000,6152.246665753866,4389.777215303756,1941.8797594083935,13113.075500435423,500.38485188902354,24469.53013443454,0.0,0.0025,0.033
25017539B2,1,1,ok,4.0,275,4009,275,2000,21514.779683712422,21176.792730485275,6528.509784016564,37267.5092965921,592.2161767462959,60065.74239115005,0.0,0.0,0.0035
25017539B2,1,1,ok,8.0,275,4009,275,2000,73648.62259057102,70363.50020429626,40517.03702148024,109473.17407887353,24831.805753911656,135574.57520125224,0.0,0.0,0.0
25017539B3,3,1,ok,1.0,333,4823,333,2000,1656.408739359987,1448.1546878700494,1024.0,2289.7336089597848,0.0,4579.4672179195695,0.0675,0.0675,0.321
25017539B3,3,1,ok,2.0,333,4823,333,2000,14577.04277887521,8495.846338064266,2394.3683927081897,38452.58324407418,399.2956298283266,54632.741657361476,0.0,0.006,0.016
25017539B3,3,1,ok,4.0,333,4823,333,2000,103922.47913213924,105766.54701634338,57966.98801904408,149411.78402881522,44154.824923217624,167997.3525178299,0.0,0.0,0.0
25017539B3,3,1,ok,8.0,333,4823,333,2000,328103.6692939907,330223.07853211084,279649.3466474894,375874.9831566835,265451.6724452871,394790.2592478695,0.0,0.0,0.0
25017589B6,1,1,ok,1.0,153,2176,153,2000,1951.8134325446244,2048.0,1024.0,3072.0,0.0,10512.88885131009,0.0515,0.0515,0.2595
25017589B6,1,1,ok,2.0,153,2176,153,2000,15930.857315603167,16327.263120315052,3911.0184095705813,27024.20685653476,412.9309869699778,37456.78716868279,0.0,0.0005,0.0085
25017589B6,1,1,ok,4.0,153,2176,153,2000,54311.30219319358,57435.49013223777,20165.22504330179,83951.60859090193,5445.926551102209,94538.97334433033,0.0,0.0,0.0
25017589B6,1,1,ok,8.0,153,2176,153,2000,176087.14923447286,177842.86685493565,141330.36077208052,209473.99451622565,127305.07963156851,220590.93780343744,0.0,0.0,0.0
25017592B3,1,1,ok,1.0,97,1178,97,1178,1945.7434596836354,2048.0,1024.0,3238.1723240124206,0.0,5792.618751480198,0.050933786078098474,0.050933786078098474,0.2461799660441426
25017592B3,1,1,ok,2.0,97,1178,97,1178,16024.714755776575,14862.761205877132,3086.752500606422,31196.98339885152,341.62113517755307,37568.956932552705,0.0,0.001697792869269949,0.00933786078098472
25017592B3,1,1,ok,4.0,97,1178,97,1178,38059.7528888178,39430.588536989206,18926.99162747313,55453.8984158578,4603.128175491098,65243.51115628282,0.0,0.0,0.0
25017592B3,1,1,ok,8.0,97,1178,97,1178,120939.70815436631,120404.78428113856,100457.78783126904,142110.93567749535,83139.04905037103,151898.69583376942,0.0,0.0,0.0
25017711B,0,1,ok,1.0,384,5679,384,2000,1740.1578262566966,1448.1546878700494,1024.0,2896.309375740099,0.0,6030.941302980821,0.058,0.058,0.283
25017711B,0,1,ok,2.0,384,5679,384,2000,8215.579157233095,4286.386006882722,1782.4028725291037,21733.830978453843,354.1539213392956,33238.011748598925,0.0,0.0035,0.0345
25017711B,0,1,ok,4.0,384,5679,384,2000,17444.658509206794,12572.644186372861,4725.1820070765525,38075.071945807504,320.0765533431026,58810.27610885703,0.0,0.001,0.0035
25017711B,0,1,ok,8.0,384,5679,384,2000,77185.64654251197,77304.92384314786,38475.23736616197,115960.07413957595,19440.445699623247,137488.41056612736,0.0,0.0,0.0
25017716B2,3,1,ok,1.0,218,3169,218,2000,1690.849924976125,1448.1546878700494,1024.0,2289.7336089597848,0.0,4222.060160632484,0.0575,0.0575,0.3005
25017716B2,3,1,ok,2.0,218,3169,218,2000,8564.630367557987,5311.207113265307,2062.262834849137,19767.92001434401,352.3634487287238,33094.30925400922,0.0,0.007,0.0225
25017716B2,3,1,ok,4.0,218,3169,218,2000,24077.4018289737,22082.523411033966,5080.980433426593,48156.44622759785,469.1023342512804,59398.64833478957,0.0,0.0015,0.0025
25017716B2,3,1,ok,8.0,218,3169,218,2000,93137.92807414835,93222.33359473437,57896.10416876314,126774.9836548201,40406.702327707964,139120.8280596403,0.0,0.0,0.0
25017718B2,3,1,ok,1.0,214,3188,214,2000,1818.5838243297198,1448.1546878700494,1024.0,2896.309375740099,0.0,19453.085539317406,0.059,0.059,0.289
25017718B2,3,1,ok,2.0,214,3188,214,2000,30717.159724740228,27134.092148615884,2975.322671576984,65665.94185024883,96.33794683301072,74814.10584909773,0.0045,0.0045,0.0105
25017718B2,3,1,ok,4.0,214,3188,214,2000,179542.00261757188,179743.67568181563,139397.45394275518,219439.74458892792,114428.58148644507,229724.0773841523,0.0,0.0,0.0
25017718B2,3,1,ok,8.0,214,3188,214,2000,488634.5855953901,488123.6430903061,448445.35811505246,528957.7303645537,423065.85003873805,539554.5059565345,0.0,0.0,0.0
25017730B2,4,1,ok,1.0,153,2270,153,2000,1864.7024735329123,2048.0,1024.0,2896.309375740099,0.0,7872.975612816288,0.0515,0.0515,0.262
25017730B2,4,1,ok,2.0,153,2270,153,2000,12627.808750018969,11584.265190334689,3287.737367856502,24350.507181576322,501.77385344395935,31590.499837767682,0.0,0.003,0.0095
25017730B2,4,1,ok,4.0,153,2270,153,2000,25554.598589948382,23458.71024084192,5152.7113854056715,49601.22117974471,523.255195865268,58533.527426595436,0.0,0.0,0.004
25017730B2,4,1,ok,8.0,153,2270,153,2000,92256.97965479571,84036.08583675408,57821.72138097149,127566.68865802174,34814.6833534358,138193.45854634364,0.0,0.0,0.0
25017738B2,1,1,ok,1.0,334,4902,334,2000,1694.2028528742273,1448.1546878700494,1024.0,2289.7336089597848,0.0,5514.408762505732,0.0615,0.0615,0.286
25017738B2,1,1,ok,2.0,334,4902,334,2000,16631.59348965087,11310.11162632801,2369.4818200263826,41255.04492259855,145.0,56190.681077915404,0.006,0.0065,0.017
25017738B2,1,1,ok,4.0,334,4902,334,2000,106674.10197560808,100157.36078570517,62934.45535631872,152869.84693718315,46386.5935912522,170149.87463997732,0.0,0.0,0.0
25017738B2,1,1,ok,8.0,334,4902,334,2000,332604.2783815581,328702.75139813026,288975.7660269163,378204.3510494015,270196.35900026484,395232.8630870667,0.0,0.0,0.0
25017739B2,2,1,ok,1.0,281,4162,281,2000,1709.3767401633681,1448.1546878700494,1024.0,2896.309375740099,0.0,4579.4672179195695,0.0615,0.0615,0.302
25017739B2,2,1,ok,2.0,281,4162,281,2000,11083.031247485638,8479.366014036663,2354.6651566624073,24212.525884935894,81.58431221748455,33412.04742304787,0.0025,0.0065,0.016
25017739B2,2,1,ok,4.0,281,4162,281,2000,45766.21020261954,41105.06168843516,13749.403382690632,81068.58090833908,1410.0613461832077,94298.8159628741,0.0,0.0,0.0
25017739B2,2,1,ok,8.0,281,4162,281,2000,167875.1418963865,165817.91429338686,134735.9389537044,202668.13974420217,118215.20193697594,216895.41915863508,0.0,0.0,0.0
25017748B2,1,1,ok,1.0,192,2671,192,2000,1738.034071713667,1448.1546878700494,1024.0,2896.309375740099,0.0,4579.4672179195695,0.055,0.0555,0.2875
25017748B2,1,1,ok,2.0,192,2671,192,2000,8903.364829616212,5700.416914577389,2100.7667647789935,20639.775600524015,197.20294115453754,32166.284538317446,0.0025,0.004,0.0275
25017748B2,1,1,ok,4.0,192,2671,192,2000,27446.543970106253,25552.194925011885,5498.480613748448,53773.6022319502,370.3147310059377,63772.960610277456,0.0,0.0005,0.0025
25017748B2,1,1,ok,8.0,192,2671,192,2000,104276.42689833927,106946.57415369648,66191.87190971321,140835.3703040342,52036.97843841435,150268.9359282217,0.0,0.0,0.0
25017767B2,1,1,ok,1.0,210,2984,210,2000,1737.3468980951936,1448.1546878700494,1024.0,2896.309375740099,0.0,8944.043492738618,0.058,0.058,0.288
25017767B2,1,1,ok,2.0,210,2984,210,2000,12693.933060705196,12250.454686962594,3090.5411413984652,23735.628262171616,452.3549491273418,35550.91561408791,0.0,0.0015,0.011
25017767B2,1,1,ok,4.0,210,2984,210,2000,48276.51511353779,46250.40035077944,17804.70367241703,79889.33808565699,3999.923124261265,90783.78379975137,0.0,0.0,0.0
25017767B2,1,1,ok,8.0,210,2984,210,2000,170139.9942618869,168385.69754901135,139921.41215309247,201112.02432129587,130838.88376549228,211767.50651835138,0.0,0.0,0.0
25017923B,0,1,ok,1.0,119,1532,119,1532,1807.1693268698511,1448.1546878700494,1024.0,2896.309375740099,0.0,9836.663865355977,0.057441253263707574,0.058093994778067884,0.28524804177545693
25017923B,0,1,ok,2.0,119,1532,119,1532,5031.439053865666,4114.470682846094,1809.9838906951527,10087.488674621727,215.37177159507232,18488.837307954225,0.0026109660574412533,0.0097911227154047,0.034595300261096605
25017923B,0,1,ok,4.0,119,1532,119,1532,14357.186271140143,13693.951182255787,5279.448773978546,24112.530547407572,348.764963836679,39180.38010280145,0.0,0.0006527415143603133,0.0045691906005221935
25017923B,0,1,ok,8.0,119,1532,119,1532,54320.98810712672,53797.38338486028,34348.69905529353,74903.63273883943,15648.24517318156,92339.1925511589,0.0,0.0,0.0
25017930B,4,1,ok,1.0,115,1492,115,1492,1733.5395191630055,1448.1546878700494,1024.0,2896.309375740099,0.0,6951.461716790218,0.057640750670241284,0.057640750670241284,0.2955764075067024
25017930B,4,1,ok,2.0,115,1492,115,1492,25816.196695447143,26501.28721402038,7698.380433398094,42578.73196327468,641.3111569277428,50441.28414305092,0.0,0.0,0.0020107238605898124
25017930B,4,1,ok,4.0,115,1492,115,1492,88686.09851412434,89778.96053906012,74699.01934329062,100966.33692960268,63673.847064552334,108276.15427230504,0.0,0.0,0.0
25017930B,4,1,ok,8.0,115,1492,115,1492,227242.02847594288,227573.21386254564,210966.15218180534,241889.7691686891,202237.60541007205,253429.8995777728,0.0,0.0,0.0
25017932B2,2,1,ok,1.0,93,1261,93,1261,1813.4724166428095,2048.0,1024.0,2896.309375740099,0.0,6492.085104186482,0.052339413164155434,0.052339413164155434,0.2751784298176051
25017932B2,2,1,ok,2.0,93,1261,93,1261,17514.62500547224,12105.414325829579,2654.74669224768,39498.52282048026,365.5571090814676,46375.03458758818,0.0,0.004758128469468675,0.01506740681998414
25017932B2,2,1,ok,4.0,93,1261,93,1261,32543.358715707967,32879.163006378374,20597.84204716601,44310.450956856665,8162.5246707131,53735.522999222776,0.0,0.0,0.0
25017932B2,2,1,ok,8.0,93,1261,93,1261,97814.70688360705,99113.3066343768,76624.60216536201,118341.49689774927,65361.04506508445,127923.02685599649,0.0,0.0,0.0
25017948B3,0,1,ok,1.0,288,4183,288,2000,1700.576620562624,1448.1546878700494,1024.0,2289.7336089597848,0.0,4579.4672179195695,0.059,0.059,0.294
25017948B3,0,1,ok,2.0,288,4183,288,2000,13959.997955546403,11747.503846285435,2630.431143367946,30299.58988433819,656.5851049178622,43719.235857914995,0.0,0.0,0.024
25017948B3,0,1,ok,4.0,288,4183,288,2000,21858.12083078839,19760.119653292808,5272.003311818593,42132.09054345552,543.8235007794349,60306.45152883728,0.0,0.0,0.0045
25017948B3,0,1,ok,8.0,288,4183,288,2000,84886.34307429676,87467.49029284698,44373.28087851313,122622.45301293033,27455.306518048565,142083.76571586213,0.0,0.0,0.0
25018002B2,1,1,ok,1.0,249,3688,249,2000,1746.0848699929127,1448.1546878700494,1024.0,2896.309375740099,0.0,5120.0,0.0595,0.0595,0.2955
25018002B2,1,1,ok,2.0,249,3688,249,2000,11577.446322599653,9402.840009759839,2369.3923271590124,24072.475983994667,81.21576201698781,33972.82590542035,0.002,0.002,0.0205
25018002B2,1,1,ok,4.0,249,3688,249,2000,45152.399858549696,44882.027313222,12864.575895319225,76797.33553855309,1217.9737271386439,86107.89882467229,0.0,0.0,0.0
25018002B2,1,1,ok,8.0,249,3688,249,2000,156734.60125314887,153682.4076235881,120985.36778958426,193163.54330497395,102448.34454494616,202293.56569105206,0.0,0.0,0.0
25018050B2,4,1,ok,1.0,195,2805,195,2000,1797.211269890929,1448.1546878700494,1024.0,2896.309375740099,0.0,7454.8325266232505,0.0535,0.0535,0.276
25018050B2,4,1,ok,2.0,195,2805,195,2000,10100.63509128149,8714.220389684897,2464.454909305504,19954.92120788877,369.30475220338013,32430.099182703714,0.0,0.0045,0.01
25018050B2,4,1,ok,4.0,195,2805,195,2000,27678.544978082577,21766.133525714955,6669.844803899118,55857.936334778686,702.3795270364876,66705.44650926189,0.0,0.0,0.0025
25018050B2,4,1,ok,8.0,195,2805,195,2000,96685.21892522546,89368.3569402835,54513.761149947764,138366.68731764038,40617.31868304455,148318.31294213134,0.0,0.0,0.0
25018453B2,4,1,ok,1.0,168,2250,168,2000,1776.9013894489854,1972.4927566941,1024.0,2896.309375740099,0.0,5221.395981919011,0.055,0.056,0.2725
25018453B2,4,1,ok,2.0,168,2250,168,2000,10767.715739569914,8002.950668300878,2372.4554790343273,24993.987575685234,345.5792239125495,35606.369837432176,0.0,0.0055,0.0205
25018453B2,4,1,ok,4.0,168,2250,168,2000,29204.902982785003,28249.38301739697,9790.959008487493,49123.18791590084,506.91320756121553,64950.43476374889,0.0,0.0005,0.002
25018453B2,4,1,ok,8.0,168,2250,168,2000,106665.80040401124,106594.37800169404,75245.32589798752,135583.03236865054,59875.62630152606,152504.14184539384,0.0,0.0,0.0
25018457B2,4,1,ok,1.0,282,4148,282,2000,1736.3715012412597,1448.1546878700494,1024.0,2896.309375740099,0.0,6869.200826879354,0.0565,0.0565,0.3
25018457B2,4,1,ok,2.0,282,4148,282,2000,10020.303314222267,6329.923933192246,2250.2268774503605,23692.24885741743,79.88116173416608,33228.90881446455,0.004,0.0045,0.0165
25018457B2,4,1,ok,4.0,282,4148,282,2000,55000.043341930286,55418.686243625794,23938.322402856742,84554.31641772052,6745.000074128984,101136.19922164368,0.0,0.0,0.0
25018457B2,4,1,ok,8.0,282,4148,282,2000,183683.94924298633,184061.10768384114,162420.6797108386,205034.89723795248,122639.54113580172,218845.5210073992,0.0,0.0,0.0
25018478B2,4,1,ok,1.0,229,3256,229,2000,1743.6250715552426,1448.1546878700494,1024.0,2896.309375740099,0.0,8582.693341836233,0.058,0.058,0.295
25018478B2,4,1,ok,2.0,229,3256,229,2000,10325.832352992356,7111.597359243562,2364.808660335969,24183.182937735884,430.8131845707603,43243.01562102255,0.0,0.0065,0.0185
25018478B2,4,1,ok,4.0,229,3256,229,2000,17722.059141582165,13882.383091173368,4888.579446014966,36717.786671868016,66.48308055437865,51291.75029183543,0.0005,0.0015,0.005
25018478B2,4,1,ok,8.0,229,3256,229,2000,69982.63576889932,69306.12208527344,32629.001033038756,107051.05186307493,757.8100025732043,121394.96503562246,0.0,0.0,0.0005
25018571B2,4,1,ok,1.0,339,4925,339,2000,1742.8486416940452,1448.1546878700494,1024.0,2896.309375740099,0.0,4579.4672179195695,0.0505,0.0505,0.2825
25018571B2,4,1,ok,2.0,339,4925,339,2000,8441.857234687326,5362.469135237247,2113.741942622136,19497.757819810973,273.7608445340568,42320.725938953365,0.0,0.005,0.029
25018571B2,4,1,ok,4.0,339,4925,339,2000,33838.3940692663,27945.55925231414,6451.731008031876,68869.40899314663,132.90974381135493,83082.11032466617,0.001,0.001,0.0035
25018571B2,4,1,ok,8.0,339,4925,339,2000,137891.75990519,135691.01344602392,98811.4754193484,178986.75224119326,75989.08930234656,192013.43019695263,0.0,0.0,0.0
25018584B,3,1,ok,1.0,246,3393,246,2000,1801.9889373291219,2048.0,1024.0,2896.309375740099,0.0,5514.408762505732,0.062,0.062,0.2745
25018584B,3,1,ok,2.0,246,3393,246,2000,5827.612574932756,4163.260260901305,1782.4028725291037,12515.017477853891,339.4112549695428,24462.372738555023,0.0,0.0035,0.0315
25018584B,3,1,ok,4.0,246,3393,246,2000,29695.359528641966,25752.815701983647,5846.382063404969,58560.49706748253,182.96447742663054,76557.17946737588,0.0005,0.0005,0.0025
25018584B,3,1,ok,8.0,246,3393,246,2000,119170.25279448599,114711.76360497098,81462.58570697685,157993.79661384644,72076.47807710918,173192.06041848453,0.0,0.0,0.0
25018592B,3,1,ok,1.0,98,1359,98,1359,1810.6901426781105,2048.0,1024.0,2896.309375740099,0.0,5514.408762505732,0.054451802796173655,0.054451802796173655,0.2788815305371597
25018592B,3,1,ok,2.0,98,1359,98,1359,19079.241004728832,18440.741091398686,5549.094700939965,32699.13213110779,498.57797785301346,42983.54664287255,0.0,0.0014716703458425313,0.005886681383370125
25018592B,3,1,ok,4.0,98,1359,98,1359,61579.881274034364,61780.33062391298,46366.46859729461,75874.92203620377,37106.45294285079,84555.43774353013,0.0,0.0,0.0
25018592B,3,1,ok,8.0,98,1359,98,1359,173815.1538005049,174326.54992857514,156715.0440499254,188918.38690582605,147580.2404998718,199626.01049963405,0.0,0.0,0.0
25018910B2,4,1,ok,1.0,145,2088,145,2000,1736.0531170674103,1448.1546878700494,1024.0,2896.309375740099,0.0,5221.395981919011,0.0585,0.0585,0.288
25018910B2,4,1,ok,2.0,145,2088,145,2000,14286.625984788205,12755.487368187858,2998.4749457015646,30146.406918563862,677.4097725896786,40736.252871367535,0.0,0.0,0.0125
25018910B2,4,1,ok,4.0,145,2088,145,2000,31076.205078641364,34442.57306094673,7331.3314657885785,51616.743349277254,155.23530526268823,61084.71576425645,0.0005,0.0005,0.0015
25018910B2,4,1,ok,8.0,145,2088,145,2000,101311.94753972355,104970.20870223988,68271.15700190942,131399.55756551566,53113.03525501061,142767.13953848064,0.0,0.0,0.0
25018956B3,3,1,ok,1.0,108,1526,108,1526,1723.3609728346075,1448.1546878700494,1024.0,2896.309375740099,0.0,6476.344648024841,0.061598951507208385,0.061598951507208385,0.2981651376146789
25018956B3,3,1,ok,2.0,108,1526,108,1526,12783.976043126906,9506.87832406157,2444.7699278255204,28505.36247796193,532.4096167425979,37309.24745957763,0.0,0.0,0.024246395806028834
25018956B3,3,1,ok,4.0,108,1526,108,1526,24609.563552809457,24904.583150055456,11596.196045239027,37513.61477945465,4361.794584801077,44080.66517193224,0.0,0.0,0.0
25018956B3,3,1,ok,8.0,108,1526,108,1526,78262.14913443233,78611.47579797663,64567.379902857996,91456.93300582195,54769.6739628784,100893.47794580183,0.0,0.0,0.0
25019081B3,1,1,ok,1.0,301,4444,301,2000,1660.558545619575,1448.1546878700494,1024.0,2289.7336089597848,0.0,4579.4672179195695,0.0635,0.0635,0.304
25019081B3,1,1,ok,2.0,301,4444,301,2000,4763.417865330533,3679.3738597756005,1483.261271657829,11129.58435881592,32.55764119219941,22224.236139854165,0.0085,0.0085,0.041
25019081B3,1,1,ok,4.0,301,4444,301,2000,23315.68072121878,20341.10731954597,5731.779042134829,48648.30634892246,380.1946869697156,57980.54294330125,0.0,0.001,0.003
25019081B3,1,1,ok,8.0,301,4444,301,2000,94089.94504462002,96078.71104207712,59871.18547766653,124613.26784770089,34974.48355587256,134888.18195824273,0.0,0.0,0.0
25019094B8,2,1,ok,1.0,265,3900,265,2000,1776.7898877976015,1448.1546878700494,1024.0,2896.309375740099,0.0,5514.408762505732,0.055,0.055,0.2925
25019094B8,2,1,ok,2.0,265,3900,265,2000,10031.128110604837,7049.611620507899,2241.317469703924,21879.67460323026,396.80725799813695,45273.90878861687,0.0,0.0045,0.015
25019094B8,2,1,ok,4.0,265,3900,265,2000,47919.02215835115,47878.894052451826,20015.308052296383,75756.40717407803,3785.883516433119,84926.566679691,0.0,0.0,0.0
25019094B8,2,1,ok,8.0,265,3900,265,2000,161131.3175405817,160809.5182027716,129590.81002999084,192498.5703100709,99532.97593260236,202070.28891947475,0.0,0.0,0.0
25019102B4,3,1,ok,1.0,312,4517,312,2000,1724.7295469628436,1448.1546878700494,1024.0,2289.7336089597848,0.0,4579.4672179195695,0.054,0.054,0.2835
25019102B4,3,1,ok,2.0,312,4517,312,2000,6105.332185593889,4292.621576612595,1739.436690425955,13936.384897095802,279.0286723618202,23014.268443728557,0.0,0.005,0.0365
25019102B4,3,1,ok,4.0,312,4517,312,2000,15845.10201464988,11772.202734264925,4850.2928521559625,33382.06944420527,331.18574848564964,49516.13338094969,0.0,0.0005,0.0035
25019102B4,3,1,ok,8.0,312,4517,312,2000,63115.52087388139,65131.138412035165,23923.809043390655,100819.83574245228,1802.4438964916494,118941.65218711231,0.0,0.0,0.0
25019107B,2,1,ok,1.0,235,3417,235,2000,1683.3894249842517,1448.1546878700494,1024.0,2289.7336089597848,0.0,4579.4672179195695,0.0545,0.0545,0.3015
25019107B,2,1,ok,2.0,235,3417,235,2000,8316.498752762735,5097.38835091069,1920.63531155709,19198.463480185073,472.8889933166134,29975.006255212025,0.0,0.004,0.029
25019107B,2,1,ok,4.0,235,3417,235,2000,26663.551498916833,23746.534868942417,5470.1184630682355,54412.56830477526,351.8465574650404,66116.13256233308,0.0,0.0015,0.0035
25019107B,2,1,ok,8.0,235,3417,235,2000,112220.4410834913,111825.7429681627,82118.69903838178,143641.0908897645,65417.4000400505,154938.470526206,0.0,0.0,0.0
25019273B,0,1,ok,1.0,379,5410,379,2000,1675.5752831553077,1448.1546878700494,1024.0,2289.7336089597848,0.0,4579.4672179195695,0.0655,0.0655,0.31
25019273B,0,1,ok,2.0,379,5410,379,2000,6884.331231523773,4249.638219895901,1969.01625183745,15978.695305087134,401.3601873629222,44868.618966935006,0.0,0.008,0.0195
25019273B,0,1,ok,4.0,379,5410,379,2000,15969.848942411334,9433.823810452841,3875.755539246509,37917.94886593542,455.8705956738162,59332.689480589026,0.0,0.001,0.008
25019273B,0,1,ok,8.0,379,5410,379,2000,82898.53773105232,81755.45248642788,48761.76898532597,117462.70013112662,29661.773143222574,137571.68714891883,0.0,0.0,0.0
25019283B2,1,1,ok,1.0,166,2178,166,2000,1816.8654563271002,2048.0,1024.0,2896.309375740099,0.0,5514.408762505732,0.058,0.0585,0.2725
25019283B2,1,1,ok,2.0,166,2178,166,2000,6385.652594142426,4825.094817721202,2017.063459586733,13442.569456957399,367.48333295538725,21517.32632089777,0.0,0.0035,0.019
25019283B2,1,1,ok,4.0,166,2178,166,2000,29181.135596996923,27869.204727124234,9769.337816653597,50540.064963906116,875.1959780529158,63675.93712698699,0.0,0.0,0.001
25019283B2,1,1,ok,8.0,166,2178,166,2000,109507.0021047491,109771.55635452617,78224.809042695,136140.1155541391,62134.48176334941,149297.18652740915,0.0,0.0,0.0
25019284B2,4,1,ok,1.0,244,3526,244,2000,1690.930461949966,1448.1546878700494,1024.0,2289.7336089597848,0.0,4222.060160632484,0.0555,0.0555,0.2985
25019284B2,4,1,ok,2.0,244,3526,244,2000,8210.873702160006,4766.825463555384,1967.9514729789453,19747.517139243013,452.62014979450487,30445.414843618077,0.0,0.0055,0.0265
25019284B2,4,1,ok,4.0,244,3526,244,2000,21936.580447374843,20178.275074941368,5598.802818460389,43128.0907571535,722.59601438148,55696.26035022459,0.0,0.0,0.002
25019284B2,4,1,ok,8.0,244,3526,244,2000,94381.28718605853,95061.31046945992,69813.7007835953,118720.32949700307,50160.79569743686,132039.4728291506,0.0,0.0,0.0
25019294B1,1,1,ok,1.0,35,453,35,453,1765.3325706374605,2048.0,1024.0,2896.309375740099,0.0,4579.4672179195695,0.05518763796909492,0.05518763796909492,0.2781456953642384
25019294B1,1,1,ok,2.0,35,453,35,453,33193.55854108016,34103.167946687885,19129.93184834661,45012.481200195296,11030.657641319487,49713.134401282725,0.0,0.0,0.0
25019294B1,1,1,ok,4.0,35,453,35,453,101063.81489497206,101567.92700454214,91439.28775573517,109341.19883045668,85640.82923465886,113034.13553435971,0.0,0.0,0.0
25019294B1,1,1,ok,8.0,35,453,35,453,248727.2709805732,249234.0093967916,239439.7521483764,256859.35590226762,234908.22803810003,260811.736453711,0.0,0.0,0.0
25019294B2,2,1,ok,1.0,38,464,38,464,1744.557270993005,1448.1546878700494,1024.0,2896.309375740099,0.0,4579.4672179195695,0.0603448275862069,0.0603448275862069,0.29310344827586204
25019294B2,2,1,ok,2.0,38,464,38,464,16320.219293376951,15692.59589928003,2863.6427849855854,30192.473671701333,572.6587116249957,33968.9679707818,0.0,0.0,0.017241379310344827
25019294B2,2,1,ok,4.0,38,464,38,464,32550.098603377985,32446.351293624408,22133.46853670883,43361.73669086323,16298.395902664777,48947.10796359678,0.0,0.0,0.0
25019294B2,2,1,ok,8.0,38,464,38,464,94850.26294951494,95238.57274139706,79826.47335385591,108786.47205261873,74515.32796009154,115215.63700296935,0.0,0.0,0.0
25019335B6,4,1,ok,1.0,150,1992,150,1992,1721.4001990633892,1448.1546878700494,1024.0,2896.309375740099,0.0,5792.618751480198,0.05823293172690763,0.05823293172690763,0.2896586345381526
25019335B6,4,1,ok,2.0,150,1992,150,1992,13518.394977982025,12372.50904222745,3326.5381404697587,25994.74043798359,343.4472302989209,38153.92074217275,0.0,0.0035140562248995983,0.011546184738955823
25019335B6,4,1,ok,4.0,150,1992,150,1992,51102.46072031661,52074.53677182352,33956.2124922604,66661.34695636162,19487.46314941994,77444.82960146533,0.0,0.0,0.0
25019335B6,4,1,ok,8.0,150,1992,150,1992,150843.3524404561,151542.15814983027,128977.47765414446,171728.8045324752,108974.93379672227,184005.3717476748,0.0,0.0,0.0
25019339B2,3,1,ok,1.0,227,3354,227,2000,1704.8259473986334,1448.1546878700494,1024.0,2896.309375740099,0.0,4222.060160632484,0.059,0.059,0.2965
25019339B2,3,1,ok,2.0,227,3354,227,2000,10229.503535946245,5237.6030998716915,2112.667205809246,26253.011142191575,345.94363702776786,35281.28610184158,0.0,0.0075,0.018
25019339B2,3,1,ok,4.0,227,3354,227,2000,12939.362296399653,10032.093471979086,4110.973728935762,26445.275002266364,437.7133765376608,40890.90550476964,0.0,0.0005,0.0085
25019339B2,3,1,ok,8.0,227,3354,227,2000,51296.15921541858,52348.6522544857,18816.749759203474,82642.52390440997,697.0975541486284,98442.83369042157,0.0,0.0,0.0005
25019339B3,3,1,ok,1.0,211,3018,211,2000,1730.0721988132448,1448.1546878700494,1024.0,2896.309375740099,0.0,4579.4672179195695,0.054,0.054,0.2885
25019339B3,3,1,ok,2.0,211,3018,211,2000,5886.042583056063,4358.700723839617,1807.5646599776176,12553.902739785744,427.7873303406729,21760.72264425058,0.0,0.0045,0.036
25019339B3,3,1,ok,4.0,211,3018,211,2000,19825.283215120813,14970.015858447496,4422.063997727758,42524.4554823685,705.6982357920416,54504.56773519078,0.0,0.0,0.008
25019339B3,3,1,ok,8.0,211,3018,211,2000,78713.99729323649,74533.48333758138,43935.90419190865,114360.83046346038,32908.78487577443,124195.52893723671,0.0,0.0,0.0
25019352B2,4,1,ok,1.0,232,3152,232,2000,1744.1235383246965,1448.1546878700494,1024.0,2896.309375740099,0.0,5221.395981919011,0.055,0.055,0.284
25019352B2,4,1,ok,2.0,232,3152,232,2000,9861.78080897537,6162.678329697596,2166.562700467597,23971.123672111127,234.8297255459794,35068.610822215356,0.0035,0.006,0.026
25019352B2,4,1,ok,4.0,232,3152,232,2000,24130.687393780165,23432.25051764356,6672.573858463118,42824.487441271354,241.5367466867102,54334.41179400031,0.0005,0.0005,0.0025
25019352B2,4,1,ok,8.0,232,3152,232,2000,96857.57984177565,96359.55153616206,76940.91883071071,117244.81247824222,62765.30494628382,131528.09242515455,0.0,0.0,0.0
25019376B2,3,1,ok,1.0,412,6083,412,2000,1695.3622667507693,1448.1546878700494,1024.0,2289.7336089597848,0.0,6228.748831025377,0.0565,0.0565,0.293
25019376B2,3,1,ok,2.0,412,6083,412,2000,7280.318154148823,4318.400166728415,1886.1686032802052,18102.696414147707,238.40302011509837,35729.07176236181,0.002,0.0075,0.0235
25019376B2,3,1,ok,4.0,412,6083,412,2000,14609.806443481728,9504.639919534038,4148.198645195285,32992.04129674979,171.96511274092776,51894.21609389625,0.002,0.002,0.006
25019376B2,3,1,ok,8.0,412,6083,412,2000,58232.19860538385,56181.64459230688,15174.024869381114,100811.32299031594,885.4400036140224,122612.90242058541,0.0,0.0,0.0005
25019379B,2,1,ok,1.0,219,3103,219,2000,1687.088281238917,1448.1546878700494,1024.0,2289.7336089597848,0.0,4579.4672179195695,0.0595,0.0595,0.299
25019379B,2,1,ok,2.0,219,3103,219,2000,12117.537782381105,10528.616670769243,2788.6780896977048,24436.247880379662,313.3368794125581,47891.766515759264,0.0,0.0035,0.012
25019379B,2,1,ok,4.0,219,3103,219,2000,56620.1687650241,57950.31231670629,32988.384357609975,79563.83427372247,1473.8154565616417,89650.2653872257,0.0,0.0,0.0
25019379B,2,1,ok,8.0,219,3103,219,2000,172442.71500408347,171947.18773434544,142062.33786537714,202055.36234814534,112656.73868881524,213044.902243635,0.0,0.0,0.0
25019384B2,0,1,ok,1.0,226,3241,226,2000,1728.336845247684,1448.1546878700494,1024.0,2896.309375740099,0.0,4579.4672179195695,0.0585,0.0585,0.291
25019384B2,0,1,ok,2.0,226,3241,226,2000,10238.969527551959,7560.537811558117,2317.987057772325,21893.828609329543,355.0887213077881,53365.44943125655,0.0,0.004,0.022
25019384B2,0,1,ok,4.0,226,3241,226,2000,49292.450590279994,51104.08980891053,26825.779272901633,67752.44647814595,7402.307207891334,81393.79205443128,0.0,0.0,0.0
25019384B2,0,1,ok,8.0,226,3241,226,2000,148536.4987630375,150587.02532706287,118161.32988368749,174809.26592302567,98573.89322229289,187379.65585409745,0.0,0.0,0.0
25019457B2,1,1,ok,1.0,192,2629,192,2000,1761.1717140430267,1448.1546878700494,1024.0,2896.309375740099,0.0,5792.618751480198,0.0545,0.0545,0.282
25019457B2,1,1,ok,2.0,192,2629,192,2000,15883.206530081314,11814.922664286987,2574.4094468440717,36436.39067955376,579.76546982379,44512.749465742956,0.0,0.0,0.0215
25019457B2,1,1,ok,4.0,192,2629,192,2000,25666.35596369595,24933.359988127242,7725.210741462009,44523.73286822459,474.806276285392,56055.32581298587,0.0,0.0005,0.001
25019457B2,1,1,ok,8.0,192,2629,192,2000,94266.38455287431,95740.5381200077,65749.4800869348,120575.69190602643,49122.20093806872,134224.4195964356,0.0,0.0,0.0
25019468B2,3,1,ok,1.0,185,2556,185,2000,1839.113492659207,1448.1546878700494,1024.0,2289.7336089597848,0.0,24704.487446615847,0.0585,0.06,0.2985
25019468B2,3,1,ok,2.0,185,2556,185,2000,25748.77424596899,31005.449809182315,2322.082503653224,51935.484928139,260.0,58893.830169212124,0.0,0.007,0.0205
25019468B2,3,1,ok,4.0,185,2556,185,2000,22206.672047768676,21373.299604880853,9839.721947290991,34764.03129051671,1598.3691688718222,64305.92461041206,0.0,0.0,0.0
25019468B2,3,1,ok,8.0,185,2556,185,2000,49214.78249932413,53502.49406770748,9268.887199667444,87546.69179498951,832.8649350284835,101783.3646132805,0.0,0.0,0.001
25019474B2,1,1,ok,1.0,251,3619,251,2000,1722.22553740132,1448.1546878700494,1024.0,2896.309375740099,0.0,5514.408762505732,0.0585,0.0585,0.3065
25019474B2,1,1,ok,2.0,251,3619,251,2000,6383.077326867413,4029.7852300091627,1787.0111919067547,14913.97876391462,421.24577149213025,36035.91014529812,0.0,0.0005,0.0365
25019474B2,1,1,ok,4.0,251,3619,251,2000,17666.85449424179,16164.241071831344,4763.39059914259,33485.51299963916,369.14089451048363,49540.184093319636,0.0,0.001,0.007
25019474B2,1,1,ok,8.0,251,3619,251,2000,60040.123544006434,59175.635530848616,29072.20740849876,90935.53513337088,3753.057420290822,105804.35794899943,0.0,0.0,0.0
25019503B,1,1,ok,1.0,109,1589,109,1589,1800.760341163326,2048.0,1024.0,2896.309375740099,0.0,4579.4672179195695,0.05726872246696035,0.05726872246696035,0.2800503461296413
25019503B,1,1,ok,2.0,109,1589,109,1589,26833.021261422913,33377.65435137706,2748.70751445111,55051.77201623718,491.91970889566926,64229.32391050057,0.0,0.005034612964128383,0.009439899307740718
25019503B,1,1,ok,4.0,109,1589,109,1589,150977.70927014248,159815.49557536654,118848.06538069148,182781.3359448732,110055.71394979909,192687.97173150172,0.0,0.0,0.0
25019503B,1,1,ok,8.0,109,1589,109,1589,407621.9418612976,416334.2723941905,375548.96403696085,439538.7848477837,366961.1617446729,449605.267373504,0.0,0.0,0.0
25019508B4,4,1,ok,1.0,178,2594,178,2000,1716.9257504944517,1448.1546878700494,1024.0,2896.309375740099,0.0,4222.060160632484,0.0585,0.0585,0.294
25019508B4,4,1,ok,2.0,178,2594,178,2000,8790.170899118148,6484.744250932337,2161.437484638406,18693.22984551235,290.33084576048753,28357.8921995271,0.0,0.007,0.0175
25019508B4,4,1,ok,4.0,178,2594,178,2000,35128.584198824734,34965.21887564085,16869.684536539007,54042.021533935564,3659.5488793019285,64198.25969603849,0.0,0.0,0.0
25019508B4,4,1,ok,8.0,178,2594,178,2000,116013.51495174125,116023.43424653281,91597.56592480013,140898.71298360723,74009.97615186752,149378.0342754583,0.0,0.0,0.0
25019621B2,1,1,ok,1.0,124,1765,124,1765,1788.8851145542026,1806.9037052372216,1024.0,2896.309375740099,0.0,5221.395981919011,0.053824362606232294,0.053824362606232294,0.2725212464589235
25019621B2,1,1,ok,2.0,124,1765,124,1765,21429.5458192064,14655.491291662658,2598.278948248745,43959.3496312218,505.3958844312051,49540.971730477795,0.0,0.0033994334277620396,0.009065155807365438
25019621B2,1,1,ok,4.0,124,1765,124,1765,22930.984070541643,21507.069163416945,7767.851347565748,40490.40428578298,547.7015610713557,51352.602047023865,0.0,0.0,0.0022662889518413596
25019621B2,1,1,ok,8.0,124,1765,124,1765,83601.76244329252,82570.64418423778,62493.056763516375,105947.20252146236,51566.675207928616,120415.67466488738,0.0,0.0,0.0
25019621B4,2,1,ok,1.0,181,2623,181,2000,1735.6741982218705,1448.1546878700494,1024.0,2896.309375740099,0.0,5221.395981919011,0.059,0.059,0.2925
25019621B4,2,1,ok,2.0,181,2623,181,2000,12994.174298439439,12275.14566105022,3091.51005244494,24561.49875312987,309.6853241598639,33728.60941396784,0.0,0.0035,0.0115
25019621B4,2,1,ok,4.0,181,2623,181,2000,46423.55667829819,47285.94720020965,19351.67708668613,71905.78806828067,2104.8897833378355,82082.28247922934,0.0,0.0,0.0
25019621B4,2,1,ok,8.0,181,2623,181,2000,152255.10067450273,153731.50909310282,120517.43955071807,181087.8534966443,103390.59679197137,190471.85253732375,0.0,0.0,0.0
25019629B2,1,1,ok,1.0,166,2187,166,2000,1841.0632631450426,2048.0,1024.0,2896.309375740099,0.0,6556.799219131237,0.0555,0.056,0.2785
25019629B2,1,1,ok,2.0,166,2187,166,2000,10619.563353203923,9818.590377442171,2588.395815323225,20474.71275760966,356.24850876880873,28174.28616664493,0.0,0.0035,0.0195
25019629B2,1,1,ok,4.0,166,2187,166,2000,49127.15009363906,50536.13053044065,29702.737264434065,66614.3695285701,14448.5158061304,75345.12258268613,0.0,0.0,0.0
25019629B2,1,1,ok,8.0,166,2187,166,2000,143719.42698068495,143724.5637456802,119823.40230110576,168099.50568822311,95111.66847974017,177826.11907422374,0.0,0.0,0.0
25019675B2,4,1,ok,1.0,172,2526,172,2000,1777.4953702394475,2048.0,1024.0,2896.309375740099,0.0,5514.408762505732,0.0555,0.0555,0.275
25019675B2,4,1,ok,2.0,172,2526,172,2000,12106.283938167371,10179.956247791422,2839.769356831642,25005.589101914367,190.07893097342483,34623.13171854909,0.0015,0.004,0.0115
25019675B2,4,1,ok,4.0,172,2526,172,2000,60708.034664958504,61297.184849241516,41536.13890291131,79504.23079077143,27357.414972909995,89564.02070586156,0.0,0.0,0.0
25019675B2,4,1,ok,8.0,172,2526,172,2000,181333.1623579486,182342.5806427172,162131.5620490648,199680.96653446535,147650.34556681538,210045.45722533492,0.0,0.0,0.0
25019705B2,4,1,ok,1.0,276,4073,276,2000,1709.6283413135088,1448.1546878700494,1024.0,2289.7336089597848,0.0,4579.4672179195695,0.0565,0.0565,0.2855
25019705B2,4,1,ok,2.0,276,4073,276,2000,7784.671835015357,4672.7053403298405,1878.6048014417509,19938.70778159909,464.2111588490738,32692.32576614885,0.0,0.0105,0.019
25019705B2,4,1,ok,4.0,276,4073,276,2000,15854.97941272169,13141.626687743035,4650.379970861409,31459.619157485504,432.46271515588484,42613.62985008435,0.0,0.0015,0.0035
25019705B2,4,1,ok,8.0,276,4073,276,2000,59042.205116256315,61027.62357812967,27898.428817335076,88003.45983392453,8157.666332965574,102417.98881544199,0.0,0.0,0.0
25019716B2,1,1,ok,1.0,186,2594,186,2000,1734.23196026982,1448.1546878700494,1024.0,2896.309375740099,0.0,7249.897723416518,0.0605,0.061,0.2915
25019716B2,1,1,ok,2.0,186,2594,186,2000,10261.74566078228,7397.287664350799,2283.4158622554937,23545.459710950643,470.0680801756273,30780.693185826727,0.0,0.0065,0.0175
25019716B2,1,1,ok,4.0,186,2594,186,2000,55251.29180961758,53932.22739232032,24919.907477659217,83616.61046108004,10372.592347142541,92237.14935425964,0.0,0.0,0.0
25019716B2,1,1,ok,8.0,186,2594,186,2000,177913.60400623747,176100.10241964523,147613.88968588307,206505.13141640648,134174.54614046586,215626.9281536979,0.0,0.0,0.0
25019773B3,3,1,ok,1.0,139,1993,139,1993,1649.6723752426044,1448.1546878700494,1024.0,2289.7336089597848,0.0,4096.0,0.06422478675363773,0.06422478675363773,0.31209232313095836
25019773B3,3,1,ok,2.0,139,1993,139,1993,8827.771806622499,6541.000687968164,2225.8524188156584,19358.575097640485,412.09950254762504,27789.156770222446,0.0,0.006522829904666332,0.018564977420973405
25019773B3,3,1,ok,4.0,139,1993,139,1993,22987.8896748423,21612.37501988155,5731.772675185226,43607.58648648312,298.8544796385023,52322.462193593296,0.0,0.0010035122930255895,0.0030105368790767687
25019773B3,3,1,ok,8.0,139,1993,139,1993,87940.84297491884,87688.30582238433,65137.60554128234,111349.8640217595,54267.54803747816,119550.22884963457,0.0,0.0,0.0
25019776B2,4,1,ok,1.0,287,4229,287,2000,1691.0933225704948,1448.1546878700494,1024.0,2289.7336089597848,0.0,4579.4672179195695,0.0605,0.0605,0.2975
25019776B2,4,1,ok,2.0,287,4229,287,2000,6844.138449070859,4377.601169590487,1794.569586279674,16737.01717750209,273.408119850161,25166.77937281606,0.0,0.005,0.031
25019776B2,4,1,ok,4.0,287,4229,287,2000,34153.054927859695,33187.74775838453,6401.279872025593,65322.74645713307,286.2167011199731,76793.04135141413,0.0,0.001,0.0025
25019776B2,4,1,ok,8.0,287,4229,287,2000,134253.93233153078,134952.84734363234,100160.17985110595,168071.30113614452,80669.37877534449,181243.67862080046,0.0,0.0,0.0
25019790B2,2,1,ok,1.0,438,6505,438,2000,1727.9178627232145,1448.1546878700494,1024.0,2896.309375740099,0.0,12712.63249685131,0.0675,0.0675,0.295
25019790B2,2,1,ok,2.0,438,6505,438,2000,4142.976844552475,3733.078086512523,1668.2880446733411,7213.533839371366,97.32420048477151,24013.53351758129,0.006,0.0125,0.029
25019790B2,2,1,ok,4.0,438,6505,438,2000,13533.251453375962,10753.26995524402,4273.1967126059135,27969.878699986315,413.3194890154588,47034.94122458324,0.0,0.0015,0.0045
25019790B2,2,1,ok,8.0,438,6505,438,2000,56810.37744300363,55335.136626218315,30215.6528948206,86005.07458540684,10903.580329414737,111158.4256095776,0.0,0.0,0.0
25019806B2,3,1,ok,1.0,220,3141,220,2000,1750.1743897005406,1448.1546878700494,1024.0,2896.309375740099,0.0,5221.395981919011,0.057,0.057,0.286
25019806B2,3,1,ok,2.0,220,3141,220,2000,7491.108315738171,4977.2607928458,2116.854720011443,16518.194811989266,208.62646045025065,53912.63369563761,0.0045,0.0085,0.0245
25019806B2,3,1,ok,4.0,220,3141,220,2000,24805.210919576482,17340.672705747944,5025.089551440849,54155.289282238446,540.8779899385812,70339.19425896204,0.0,0.0,0.004
25019806B2,3,1,ok,8.0,220,3141,220,2000,96192.00123415916,86036.97527250471,51521.66315793363,143362.95224973164,20019.911088713656,161161.94206139364,0.0,0.0,0.0
25020232B,2,1,ok,1.0,341,4933,341,2000,1732.6653239392294,1448.1546878700494,1024.0,2289.7336089597848,0.0,7240.773439350247,0.0545,0.055,0.2885
25020232B,2,1,ok,2.0,341,4933,341,2000,10812.114195359129,6228.502390848327,2184.4186869737223,25461.168570982754,303.3232599059953,47494.08431583874,0.0,0.006,0.0195
25020232B,2,1,ok,4.0,341,4933,341,2000,46686.58181713453,45332.98338520863,14283.853558965731,80147.93575374698,719.4087850450535,92410.52929185072,0.0,0.0,0.0005
25020232B,2,1,ok,8.0,341,4933,341,2000,170647.69802641947,171501.39873930055,136600.42189466467,202770.71193837264,113082.84613061346,215646.45726744505,0.0,0.0,0.0
25020257B2,1,1,ok,1.0,287,4243,287,2000,1808.2611163018657,2048.0,1024.0,2896.309375740099,0.0,5221.395981919011,0.0475,0.0475,0.264
25020257B2,1,1,ok,2.0,287,4243,287,2000,8645.595861712649,5330.0,2020.5830841615991,20540.794712273608,333.83978193139296,28931.806234661533,0.0,0.007,0.0195
25020257B2,1,1,ok,4.0,287,4243,287,2000,46991.217317421186,46573.324486947284,24105.646764850142,71112.27318224571,7915.560624491483,85732.07195093327,0.0,0.0,0.0
25020257B2,1,1,ok,8.0,287,4243,287,2000,123031.5034956508,124238.91637819016,102990.58144762211,141100.09168797292,83215.01624706926,158822.1163566334,0.0,0.0,0.0
25020263B2,2,1,ok,1.0,348,4827,348,2000,1717.3200496990116,1448.1546878700494,1024.0,2896.309375740099,0.0,5221.395981919011,0.065,0.065,0.2985
25020263B2,2,1,ok,2.0,348,4827,348,2000,8875.454433665458,4726.7292073906665,2006.3897926375123,23594.099961642954,473.8269726387471,38652.90489730364,0.0,0.01,0.0185
25020263B2,2,1,ok,4.0,348,4827,348,2000,9578.732677727383,8080.570276904966,3439.314030442699,18528.772636665184,347.08068226278453,28320.510729857964,0.0,0.0025,0.011
25020263B2,2,1,ok,8.0,348,4827,348,2000,36467.59095319193,37476.230399466,15623.99920691582,55696.919417162964,393.547964039963,69939.72627913266,0.0,0.0005,0.001
25020282B2,4,1,ok,1.0,342,5158,342,2000,1718.398230347134,1448.1546878700494,1024.0,2896.309375740099,0.0,5318.575937222294,0.0665,0.0665,0.29
25020282B2,4,1,ok,2.0,342,5158,342,2000,21965.315272180513,16107.496671191813,2098.0,53110.66724916901,387.2415266987775,68057.34714195081,0.0,0.008,0.014
25020282B2,4,1,ok,4.0,342,5158,342,2000,143369.17447916695,146759.21034197015,99143.94141128068,186768.66284927778,83457.02954215421,201064.94498047142,0.0,0.0,0.0
25020282B2,4,1,ok,8.0,342,5158,342,2000,409040.7366447116,412339.96950889763,364594.7380912156,451817.31841716,345903.7445359619,466141.8843270791,0.0,0.0,0.0
25020291B2,3,1,ok,1.0,159,2136,159,2000,1794.1064668306615,2018.8718333868244,1024.0,2896.309375740099,0.0,5313.855474135517,0.0545,0.056,0.273
25020291B2,3,1,ok,2.0,159,2136,159,2000,14126.118737014722,13015.627069027447,3271.492014356752,27672.339895334797,399.4446144335908,37030.51395808597,0.0,0.0025,0.008
25020291B2,3,1,ok,4.0,159,2136,159,2000,53449.175536991715,54027.849248955565,22674.494201641177,82196.52772695619,9448.124681649793,93820.84655341797,0.0,0.0,0.0
25020291B2,3,1,ok,8.0,159,2136,159,2000,171951.36880739016,175521.20182619896,136028.22935080732,205101.8084727684,120750.78634940644,215977.55501903433,0.0,0.0,0.0
25020353B2,4,1,ok,1.0,94,1279,94,1279,1849.1779388340562,1448.1546878700494,1024.0,2896.309375740099,0.0,8326.704990571001,0.05785770132916341,0.05785770132916341,0.28225175918686474
25020353B2,4,1,ok,2.0,94,1279,94,1279,21833.03830887724,22196.9417938598,6563.245663072398,36797.47225039024,466.85436701395435,44993.772057919305,0.0,0.0007818608287724785,0.0023455824863174357
25020353B2,4,1,ok,4.0,94,1279,94,1279,54785.79250600899,55045.24140195953,35306.83208330124,72800.55944674475,22624.8000433153,83356.31935852254,0.0,0.0,0.0
25020353B2,4,1,ok,8.0,94,1279,94,1279,156986.65288572657,159949.75896512004,128810.58076249913,184036.04617697495,113841.53351479415,195477.4573627353,0.0,0.0,0.0
25020556B4,0,1,ok,1.0,152,2208,152,2000,1757.97133717441,1448.1546878700494,1024.0,2896.309375740099,0.0,5120.0,0.059,0.059,0.2885
25020556B4,0,1,ok,2.0,152,2208,152,2000,13831.460911957764,12304.984649767262,3544.183418443058,26513.178697153056,451.32804034316325,36535.91396147084,0.0,0.0005,0.01
25020556B4,0,1,ok,4.0,152,2208,152,2000,49518.4196584312,49860.77074977763,28866.140613682022,69432.63374829323,14107.305093461331,80021.84307425068,0.0,0.0,0.0
25020556B4,0,1,ok,8.0,152,2208,152,2000,153451.57835268762,154206.6657340757,125799.8460152107,179706.71628648782,116986.1422263338,189628.21727000442,0.0,0.0,0.0
25020573B3,1,1,ok,1.0,286,4278,286,2000,1716.680149473122,1448.1546878700494,1024.0,2289.7336089597848,0.0,5221.395981919011,0.053,0.053,0.2935
25020573B3,1,1,ok,2.0,286,4278,286,2000,7567.540662409161,4716.968200020008,2096.9914162914447,17941.16878248506,265.9962405749375,30470.337083793478,0.0,0.0095,0.018
25020573B3,1,1,ok,4.0,286,4278,286,2000,47010.99514342341,45639.742403233424,16048.364934146568,80101.97595571342,900.0938839921089,94314.59111929606,0.0,0.0,0.0005
25020573B3,1,1,ok,8.0,286,4278,286,2000,169923.1433998222,168185.29400584655,134088.39968904248,205741.70406849033,95032.45921789038,221655.94485598622,0.0,0.0,0.0
25020714B2,1,1,ok,1.0,515,7718,515,2000,1702.1153430485838,1448.1546878700494,1024.0,2289.7336089597848,0.0,5221.395981919011,0.0585,0.0585,0.296
25020714B2,1,1,ok,2.0,515,7718,515,2000,7129.303282341825,4221.847936626804,1716.7783782422239,18405.714703723872,359.5552808679077,35057.8949738857,0.0,0.0055,0.039
25020714B2,1,1,ok,4.0,515,7718,515,2000,17036.59823595746,13310.750542324802,4486.340156519565,35153.52045158566,384.33318878285803,50996.879590814184,0.0,0.0035,0.0065
25020714B2,1,1,ok,8.0,515,7718,515,2000,66798.49042976655,67955.56960249836,37264.883225952144,94329.35770020976,21173.798525536225,119929.41817585875,0.0,0.0,0.0
25020714B4,3,1,ok,1.0,340,4936,340,2000,1705.9858148120702,1448.1546878700494,1024.0,2350.391185637899,0.0,6228.748831025377,0.0595,0.0595,0.302
25020714B4,3,1,ok,2.0,340,4936,340,2000,7993.470472458072,5510.287469814983,2149.921859045114,17884.43918848531,319.4056981332675,28888.663399333655,0.0,0.0035,0.027
25020714B4,3,1,ok,4.0,340,4936,340,2000,39678.75735078904,40620.319496527845,9353.997089511111,66688.709570589,397.4166579296847,80046.68500319048,0.0,0.0005,0.001
25020714B4,3,1,ok,8.0,340,4936,340,2000,138282.84461299118,138232.45052508658,101296.10854819253,174432.87193348465,75016.75119598288,189620.3298910747,0.0,0.0,0.0
25020717B2,3,1,ok,1.0,219,3029,219,2000,1936.5953999105682,2048.0,1024.0,3072.0,0.0,9158.934435839139,0.05,0.05,0.2585
25020717B2,3,1,ok,2.0,219,3029,219,2000,8410.670712097435,4868.340168887134,2105.505165037597,20960.289775814206,390.4484601070927,40896.46327006775,0.0,0.007,0.016
25020717B2,3,1,ok,4.0,219,3029,219,2000,14359.705878733039,8880.780099149542,3517.6795847428357,35017.90917861405,229.08513701242165,47664.010741858474,0.001,0.0025,0.0075
25020717B2,3,1,ok,8.0,219,3029,219,2000,65436.0026111821,64415.61227666214,34055.18669648273,98458.48654875335,10722.778837596157,112320.00569800555,0.0,0.0,0.0
25020760B3,3,1,ok,1.0,319,4559,319,2000,1772.2689835187143,1448.1546878700494,1024.0,2896.309375740099,0.0,5221.395981919011,0.0545,0.0545,0.286
25020760B3,3,1,ok,2.0,319,4559,319,2000,5321.741880343579,3859.28490785534,1691.1640961184105,12363.39903876164,288.0,25972.66747948697,0.0,0.011,0.031
25020760B3,3,1,ok,4.0,319,4559,319,2000,26772.758180862456,13432.836371018035,4366.886762901003,60340.33800477527,530.4224731287316,79681.57428163679,0.0,0.0,0.01
25020760B3,3,1,ok,8.0,319,4559,319,2000,111338.24515990223,108061.86194887676,65125.76740213348,158030.5881157295,49666.33245972567,179214.81367342378,0.0,0.0,0.0
25020799B3,2,1,ok,1.0,324,4645,324,2000,1773.6852612694106,1448.1546878700494,1024.0,2896.309375740099,0.0,5120.0,0.0545,0.0545,0.2855
25020799B3,2,1,ok,2.0,324,4645,324,2000,10153.89922496006,6273.132189786701,2365.786549965994,24089.724365380356,322.8157369150395,41340.71703538777,0.0,0.0025,0.0195
25020799B3,2,1,ok,4.0,324,4645,324,2000,49696.32889904797,49457.61427196895,18723.075138418782,79552.40282347071,3959.239573453468,95696.62583393419,0.0,0.0,0.0
25020799B3,2,1,ok,8.0,324,4645,324,2000,170062.61515238433,171660.71801641138,132815.75853897748,206334.44881075545,89639.33802745311,222688.7216632221,0.0,0.0,0.0
25020799B5,4,1,ok,1.0,282,3920,282,2000,1789.4339101407186,1706.9461034256472,1024.0,2896.309375740099,0.0,5161.048052479264,0.0595,0.06,0.2875
25020799B5,4,1,ok,2.0,282,3920,282,2000,7399.875185955062,4403.882378084138,2031.5366105487738,17276.205566681398,81.02468759581859,40073.532624414336,0.005,0.006,0.0315
25020799B5,4,1,ok,4.0,282,3920,282,2000,33233.69767087858,34030.42898545421,13439.211874298388,51372.63137633157,2655.4707680560145,64624.79958189426,0.0,0.0,0.0
25020799B5,4,1,ok,8.0,282,3920,282,2000,111498.12838926075,112130.2400132505,88989.44280072991,133643.77349054895,66518.77365826884,149252.98727998714,0.0,0.0,0.0
25021120B4,1,1,ok,1.0,281,4056,281,2000,1772.558966436754,1448.1546878700494,1024.0,2896.309375740099,0.0,17374.471502753688,0.0585,0.0585,0.296
25021120B4,1,1,ok,2.0,281,4056,281,2000,9138.50506865524,6632.718408457242,2350.2578581934367,19749.52054013362,377.9735440477283,33441.5062459812,0.0,0.003,0.0245
25021120B4,1,1,ok,4.0,281,4056,281,2000,24618.10293512412,18549.952140307607,5735.013762120753,52400.35279209431,262.9372548727167,69568.00183992638,0.0,0.001,0.002
25021120B4,1,1,ok,8.0,281,4056,281,2000,107592.55865106906,107535.59811623757,73066.23940153513,142612.11102393593,37815.3582027197,160865.69722597793,0.0,0.0,0.0
25021164B2,4,1,ok,1.0,355,5257,355,2000,1699.5532374237991,1448.1546878700494,1024.0,2289.7336089597848,0.0,8192.0,0.0605,0.0605,0.296
25021164B2,4,1,ok,2.0,355,5257,355,2000,6040.129512452129,4129.765769171274,1864.7080200395985,13856.194318525719,364.72592449673766,24608.554285044866,0.0,0.011,0.0385
25021164B2,4,1,ok,4.0,355,5257,355,2000,13691.700736681103,8735.850044500536,4016.024402316301,31646.481905576802,81.21576201698781,46213.22037036588,0.0005,0.0005,0.002
25021164B2,4,1,ok,8.0,355,5257,355,2000,50811.739205193015,51150.782632067814,13489.876566313083,90516.66977001786,1246.693226098546,110277.53185939555,0.0,0.0,0.0
25021171B2,0,1,ok,1.0,136,1875,136,1875,1788.1290305373766,1448.1546878700494,1024.0,2896.309375740099,0.0,6228.748831025377,0.056,0.056,0.28213333333333335
25021171B2,0,1,ok,2.0,136,1875,136,1875,15018.473433585985,14139.008310344825,4032.7935726987066,26947.155780193927,102.44998779892558,39661.23478914896,0.0016,0.0016,0.007466666666666667
25021171B2,0,1,ok,4.0,136,1875,136,1875,53571.829505757065,54203.99749096002,30846.40122216677,77266.64667484426,19865.90566775147,88898.69781386002,0.0,0.0,0.0
25021171B2,0,1,ok,8.0,136,1875,136,1875,173245.3013274069,172954.25793255278,150534.0619357204,197644.4260403222,141134.0233962031,210177.24409887954,0.0,0.0,0.0
25021196B2,2,1,ok,1.0,120,1453,120,1453,1801.8254638380402,2048.0,1024.0,2896.309375740099,0.0,4579.4672179195695,0.05918788713007571,0.05918788713007571,0.2759807295251204
25021196B2,2,1,ok,2.0,120,1453,120,1453,14635.873021907806,15223.070156837615,3770.942189957306,24177.9822189396,405.6858390429718,33019.63405309029,0.0,0.0020646937370956643,0.007570543702684102
25021196B2,2,1,ok,4.0,120,1453,120,1453,47620.04915864501,48557.898317369545,16394.58290942259,77615.09028704208,5401.537744013273,84336.30416967535,0.0,0.0,0.0
25021196B2,2,1,ok,8.0,120,1453,120,1453,160062.2629809125,161274.57005058174,128039.38360200195,191140.30898346528,119143.17374486882,198803.62592518277,0.0,0.0,0.0
25021197B2,2,1,ok,1.0,228,3106,228,2000,1757.161320138348,1448.1546878700494,1024.0,2896.309375740099,0.0,5221.395981919011,0.061,0.0615,0.2925
25021197B2,2,1,ok,2.0,228,3106,228,2000,13419.06537771204,10212.193513456034,2297.2263710831808,31381.365648137435,179.7804216259379,49696.341314024314,0.0055,0.0055,0.0165
25021197B2,2,1,ok,4.0,228,3106,228,2000,31792.866783178008,31709.72458095466,6754.561199663528,57221.63257138988,518.737891424947,72983.49145525994,0.0,0.0,0.0015
25021197B2,2,1,ok,8.0,228,3106,228,2000,118126.25941605908,119934.68201688756,82982.53297921126,152043.49974750157,51158.98372720084,169179.3080048503,0.0,0.0,0.0
25021260B2,0,1,ok,1.0,260,3839,260,2000,1682.0530865926007,1448.1546878700494,1024.0,2289.7336089597848,0.0,4579.4672179195695,0.057,0.057,0.3
25021260B2,0,1,ok,2.0,260,3839,260,2000,7273.550234514231,4606.062960924438,1929.0787956949814,17038.869495879724,499.98499977499324,27157.323137599553,0.0,0.007,0.03
25021260B2,0,1,ok,4.0,260,3839,260,2000,15795.793104000948,11271.594351977637,4282.947116180633,33618.31310732747,473.70138272966864,48309.37243434239,0.0,0.001,0.0075
25021260B2,0,1,ok,8.0,260,3839,260,2000,70308.62351005207,70651.67079595587,43855.72034229518,96165.24152077366,28523.74176015482,114642.16125405174,0.0,0.0,0.0
25021277B3,4,1,ok,1.0,121,1635,121,1635,1882.7161015638255,2048.0,1024.0,3072.0,0.0,6556.799219131237,0.05382262996941896,0.05382262996941896,0.2636085626911315
25021277B3,4,1,ok,2.0,121,1635,121,1635,19618.812196971514,18961.987685894113,2553.8425949928865,40390.86200046738,480.2665926337163,47239.95445594756,0.0,0.004281345565749235,0.009174311926605505
25021277B3,4,1,ok,4.0,121,1635,121,1635,29419.447041634347,30555.17424267124,12606.497148590197,43855.70504506797,651.8780560810434,50437.63674083075,0.0,0.0,0.0024464831804281344
25021277B3,4,1,ok,8.0,121,1635,121,1635,91056.39963983237,91461.70582817707,69234.19511001186,112824.18560007149,46698.81421406758,121562.12146881939,0.0,0.0,0.0
25021277B4,0,1,ok,1.0,89,1059,89,1059,1921.095672456307,2048.0,1024.0,3072.0,0.0,5514.408762505732,0.05004721435316336,0.05004721435316336,0.251180358829084
25021277B4,0,1,ok,2.0,89,1059,89,1059,13492.90150476933,13760.788494850141,3690.2165301347195,23579.7486782289,34.92849839314596,28075.604285571488,0.0018885741265344666,0.0018885741265344666,0.0056657223796034
25021277B4,0,1,ok,4.0,89,1059,89,1059,40939.210571811396,28935.807643817374,8755.946270913482,77288.80593013074,97.01546268507923,84197.36188266233,0.0009442870632672333,0.0009442870632672333,0.0028328611898017
25021277B4,0,1,ok,8.0,89,1059,89,1059,150046.6526151219,137840.77830598608,113484.4409378913,187799.06228121728,102797.41594514913,195577.55585956175,0.0,0.0,0.0
25021291B2,1,1,ok,1.0,267,3862,267,2000,1775.7455488568378,1448.1546878700494,1024.0,2896.309375740099,0.0,15578.29878388523,0.053,0.053,0.2985
25021291B2,1,1,ok,2.0,267,3862,267,2000,8946.276089892413,6058.138142906056,2216.3321050781174,19666.446076361153,357.77087639996637,29823.605147600785,0.0,0.0075,0.0235
25021291B2,1,1,ok,4.0,267,3862,267,2000,28067.215192198222,27525.1746239797,8333.610082071275,47949.387976382,501.23148344851603,62379.262195059666,0.0,0.0005,0.0015
25021291B2,1,1,ok,8.0,267,3862,267,2000,101290.98576977768,101548.98740247302,71543.2471253364,130949.90978963648,47778.42931700455,145972.24678684643,0.0,0.0,0.0
25021419B1,4,1,ok,1.0,317,4554,317,2000,1792.6595808323432,1448.1546878700494,1024.0,2896.309375740099,0.0,7761.13116755541,0.061,0.061,0.286
25021419B1,4,1,ok,2.0,317,4554,317,2000,13467.379128874418,11939.113732711634,2694.77735629495,27848.105053160805,381.24139334547607,47127.47696408116,0.0,0.003,0.0105
25021419B1,4,1,ok,4.0,317,4554,317,2000,56807.53390547824,52351.50819087022,15445.180512873305,97256.06985679323,1520.4029071269233,109842.44429636479,0.0,0.0,0.0
25021419B1,4,1,ok,8.0,317,4554,317,2000,202418.5404802957,201882.73621801968,161135.42839672804,239189.4489719743,129560.06672582413,250430.97300653526,0.0,0.0,0.0
25021421B2,1,1,ok,1.0,337,4940,337,2000,1788.9429829038133,1448.1546878700494,1024.0,2896.309375740099,0.0,9620.531846005188,0.0585,0.0585,0.29
25021421B2,1,1,ok,2.0,337,4940,337,2000,6715.548396788034,4172.5389153368,1725.7488913728864,16321.625355725355,412.3311775745317,26883.2385139886,0.0,0.004,0.033
25021421B2,1,1,ok,4.0,337,4940,337,2000,16029.145863611795,9746.198489667651,3774.3853804295077,37585.70241237098,537.4616265371882,56254.16606794558,0.0,0.0,0.01
25021421B2,1,1,ok,8.0,337,4940,337,2000,57407.39599266006,54675.893832418915,14431.675532523122,104462.61738602005,1221.4122973017752,120769.33332597312,0.0,0.0,0.0
25021474B,4,1,ok,1.0,171,2233,171,2000,1801.6041540755002,1448.1546878700494,1024.0,2896.309375740099,0.0,12847.086050929993,0.058,0.0585,0.2875
25021474B,4,1,ok,2.0,171,2233,171,2000,18176.722154050785,18348.706066864408,2263.554947422306,38715.61823299493,633.2400808540154,52475.378798061094,0.0,0.0,0.028
25021474B,4,1,ok,4.0,171,2233,171,2000,27874.804459843537,30734.967106596734,6449.754801540908,46887.88038255664,455.20215289473316,65341.806594247144,0.0,0.001,0.004
25021474B,4,1,ok,8.0,171,2233,171,2000,63051.69772775119,62135.35649076273,39901.48008988841,87654.86561660285,27211.062456287884,103096.6708337374,0.0,0.0,0.0
25021481B2,4,1,ok,1.0,170,2451,170,2000,1728.3007887322883,1448.1546878700494,1024.0,2896.309375740099,0.0,4579.4672179195695,0.0575,0.0575,0.2895
25021481B2,4,1,ok,2.0,170,2451,170,2000,11198.305594383188,8513.625197551759,2435.1757636770285,24841.79834472537,477.96338771918505,32666.2688564213,0.0,0.006,0.023
25021481B2,4,1,ok,4.0,170,2451,170,2000,19174.01074086475,17575.833664438225,5958.487799266503,34576.2474897823,186.27130750601393,48334.470442945785,0.0005,0.0005,0.0025
25021481B2,4,1,ok,8.0,170,2451,170,2000,72705.01831145147,74388.66611667094,43299.94216416284,99612.694228669,22812.460827363626,113642.18548144875,0.0,0.0,0.0
25021487B,4,1,ok,1.0,240,3366,240,2000,1741.1585828271895,1448.1546878700494,1024.0,2896.309375740099,0.0,5221.395981919011,0.056,0.057,0.2885
25021487B,4,1,ok,2.0,240,3366,240,2000,8016.123285349995,4875.310246538163,2102.5929230357456,18455.243184526178,251.09759058979438,43966.54337106796,0.004,0.009,0.0205
25021487B,4,1,ok,4.0,240,3366,240,2000,41525.23401551779,40820.34359229199,18372.77016933551,67252.88216692464,4095.9553220219577,83494.85929684533,0.0,0.0,0.0
25021487B,4,1,ok,8.0,240,3366,240,2000,148526.5669388343,148595.22546933108,124434.03634641397,172223.10409389378,107688.43638942855,187799.47727563034,0.0,0.0,0.0
25021538B2,4,1,ok,1.0,269,3677,269,2000,1692.6986262187459,1448.1546878700494,1024.0,2289.7336089597848,0.0,7384.16901215025,0.0665,0.0665,0.2995
25021538B2,4,1,ok,2.0,269,3677,269,2000,8153.142495761487,4915.9884137531935,2096.8755508856148,19415.249939833782,360.86701151532264,36477.41090044632,0.0,0.0085,0.021
25021538B2,4,1,ok,4.0,269,3677,269,2000,45829.43499030331,44383.07348711055,28125.01163846019,66613.88074320326,13876.497576838328,83002.9531161392,0.0,0.0,0.0
25021538B2,4,1,ok,8.0,269,3677,269,2000,145687.91496665895,144825.15007029232,123468.27161679576,169550.55862579469,103262.49621716492,183077.8901396889,0.0,0.0,0.0
25021554B2,4,1,ok,1.0,270,3937,270,2000,1727.5396269194434,1448.1546878700494,1024.0,2896.309375740099,0.0,5792.618751480198,0.059,0.059,0.2885
25021554B2,4,1,ok,2.0,270,3937,270,2000,5792.73762240058,4038.8003169258072,1832.0098253011636,13358.135348917527,181.8158408940211,30565.214869194035,0.008,0.012,0.0335
25021554B2,4,1,ok,4.0,270,3937,270,2000,19793.233091634982,17123.76181408397,5364.151377431476,40740.320012790224,367.27101709772853,55411.107415391,0.0,0.001,0.001
25021554B2,4,1,ok,8.0,270,3937,270,2000,76935.18683293165,78363.0911215744,36614.395849440414,114926.26502337868,10523.462738091488,130859.85890638886,0.0,0.0,0.0
25021555B2,1,1,ok,1.0,56,654,56,654,1850.8274584712367,2048.0,1024.0,3072.0,0.0,4579.4672179195695,0.047400611620795105,0.047400611620795105,0.26146788990825687
25021555B2,1,1,ok,2.0,56,654,56,654,26998.993696210375,8272.936449587658,2189.9754176813703,54188.95328141923,688.7931474688173,58206.157827157775,0.0,0.0,0.03058103975535168
25021555B2,1,1,ok,4.0,56,654,56,654,31039.55392362854,32774.26859748881,8957.36080378952,50016.27301143278,4783.956939605539,57880.09938657673,0.0,0.0,0.0
25021555B2,1,1,ok,8.0,56,654,56,654,59518.400317138796,58326.74690232087,46871.65984571338,74517.56448237305,41971.34570156168,86091.52936264985,0.0,0.0,0.0
25021558B2,2,1,ok,1.0,79,1047,79,1047,1750.1658523134995,1448.1546878700494,1024.0,2896.309375740099,0.0,4579.4672179195695,0.06017191977077364,0.06017191977077364,0.2836676217765043
25021558B2,2,1,ok,2.0,79,1047,79,1047,16001.964403642825,14654.264225814955,2970.0269359047907,31038.6770366761,711.4632808515138,36518.68718889002,0.0,0.0,0.014326647564469915
25021558B2,2,1,ok,4.0,79,1047,79,1047,25416.866468773987,25188.87571925353,9187.296990954412,41455.4490072777,1582.0271805503216,47001.201388900685,0.0,0.0,0.0
25021558B2,2,1,ok,8.0,79,1047,79,1047,91570.10377925247,91732.97846467212,79373.61366372004,103534.38189675265,73481.3387602594,110315.60602199491,0.0,0.0,0.0
25021575B4,2,1,ok,1.0,95,1255,95,1255,1800.4343569449256,2048.0,1024.0,2896.309375740099,0.0,6476.344648024841,0.05896414342629482,0.05896414342629482,0.28127490039840636
25021575B4,2,1,ok,2.0,95,1255,95,1255,10285.467803696914,8296.613284949468,2551.2851663426413,21992.898637128284,466.47615158762403,29672.622819696946,0.0,0.004780876494023904,0.008764940239043825
25021575B4,2,1,ok,4.0,95,1255,95,1255,14914.45520674836,11920.869766925565,5219.2454197827155,30828.26176207614,520.2163011671203,39001.4826384844,0.0,0.0,0.0015936254980079682
25021575B4,2,1,ok,8.0,95,1255,95,1255,55957.67027676538,55922.54215430482,26833.775492026376,85446.99220528839,16310.457044485296,93751.30881219739,0.0,0.0,0.0
25021622B4,0,1,ok,1.0,139,1976,139,1976,1814.7464632044582,2048.0,1024.0,2896.309375740099,0.0,5792.618751480198,0.0541497975708502,0.0541497975708502,0.2722672064777328
25021622B4,0,1,ok,2.0,139,1976,139,1976,11430.93277365667,10998.613912670997,3508.0983452577266,20265.626806460343,560.0321419347287,26401.110961472816,0.0,0.0,0.009615384615384616
25021622B4,0,1,ok,4.0,139,1976,139,1976,32478.618320846315,28609.069626314045,8146.951577123802,59155.1776613229,669.1038783328041,68941.49416715596,0.0,0.0,0.003036437246963563
25021622B4,0,1,ok,8.0,139,1976,139,1976,123150.15231387399,123784.59775261671,93894.30699378626,150552.1733276436,80980.88329970228,160589.61252210554,0.0,0.0,0.0
25021640B3,0,1,ok,1.0,392,5874,392,2000,1725.1536041521156,1448.1546878700494,1024.0,2289.7336089597848,0.0,13002.862031106844,0.0555,0.0555,0.295
25021640B3,0,1,ok,2.0,392,5874,392,2000,5736.650466683332,4032.6103208715817,1871.0579894808177,12698.457563407428,379.39030035044385,37578.63484747683,0.0,0.0035,0.025
25021640B3,0,1,ok,4.0,392,5874,392,2000,21628.20758655403,17607.973857434044,5113.783921911445,46409.05921261494,381.15875957401266,65461.54419962914,0.0,0.0015,0.002
25021640B3,0,1,ok,8.0,392,5874,392,2000,98255.20772368387,97986.9918135136,60581.39917645777,135869.20876237875,35258.85694403606,154684.60272761475,0.0,0.0,0.0
25021658B3,2,1,ok,1.0,245,3291,245,2000,1732.2090582567703,1448.1546878700494,1024.0,2896.309375740099,0.0,5120.0,0.0605,0.062,0.2865
25021658B3,2,1,ok,2.0,245,3291,245,2000,11609.264678628007,6239.890893725209,2185.9480780658996,28882.990561209746,224.0089283934906,42403.42934244824,0.0005,0.007,0.019
25021658B3,2,1,ok,4.0,245,3291,245,2000,17674.670790193104,16048.573394301682,4761.171767937648,34999.216308690426,368.01222805771005,48223.29338608055,0.0,0.001,0.0045
25021658B3,2,1,ok,8.0,245,3291,245,2000,76944.06652480389,76732.69407253814,58017.62859660937,97231.7996041163,48295.17905547095,113666.03595181808,0.0,0.0,0.0
25021662B2,1,1,ok,1.0,243,3524,243,2000,1665.6313665661307,1448.1546878700494,1024.0,2289.7336089597848,0.0,4579.4672179195695,0.0615,0.0615,0.3085
25021662B2,1,1,ok,2.0,243,3524,243,2000,18152.45796447628,12288.211017068352,2248.12143800107,42588.79895870596,480.63499664506327,53335.86082552713,0.0,0.0055,0.017
25021662B2,1,1,ok,4.0,243,3524,243,2000,109414.25546105712,104713.60747439603,67305.82262975996,151409.54581911635,35404.07773124446,162533.92414508425,0.0,0.0,0.0
25021662B2,1,1,ok,8.0,243,3524,243,2000,327896.0705321367,323147.1548336613,285139.08804731764,370352.10200521967,254028.65529699597,381325.4004469149,0.0,0.0,0.0
25021665B2,3,1,ok,1.0,167,1990,167,1990,2160.35861423265,2048.0,1024.0,3501.7913807772284,0.0,7746.6489529344235,0.03919597989949749,0.0407035175879397,0.21658291457286433
25021665B2,3,1,ok,2.0,167,1990,167,1990,13226.670487272293,12645.813730675414,3583.7808927787637,23391.86182813158,234.6422809299296,42821.86287400398,0.0005025125628140704,0.0020100502512562816,0.006532663316582915
25021665B2,3,1,ok,4.0,167,1990,167,1990,39814.80406203944,42424.57945391974,6881.444035014486,71798.18666237789,393.15391388106514,83090.63627750121,0.0,0.0005025125628140704,0.002512562814070352
25021665B2,3,1,ok,8.0,167,1990,167,1990,142975.00567613845,149178.16975480874,99403.74550841887,183197.2277028419,76294.85298498189,195117.26383126635,0.0,0.0,0.0
25021665B3,1,1,ok,1.0,242,2896,242,2000,1784.4725169384753,2018.5749642466697,1024.0,2896.309375740099,0.0,5120.0,0.057,0.057,0.2785
25021665B3,1,1,ok,2.0,242,2896,242,2000,13447.654498119899,12651.942615926615,2797.405941224834,25416.805955902484,433.49740483652266,50032.81229353393,0.0,0.0035,0.01
25021665B3,1,1,ok,4.0,242,2896,242,2000,48746.882150856836,49248.89881895468,14854.431238660527,81525.74811780245,1246.3145670335398,90808.77006655249,0.0,0.0,0.0
25021665B3,1,1,ok,8.0,242,2896,242,2000,159050.88001004446,155215.05337871527,118861.64630201143,199282.16304186004,85564.16260327684,209394.61202476057,0.0,0.0,0.0
25021667B2,4,1,ok,1.0,244,3355,244,2000,1710.2941045462064,1448.1546878700494,1024.0,2761.422878420737,0.0,5221.395981919011,0.062,0.062,0.2965
25021667B2,4,1,ok,2.0,244,3355,244,2000,13680.15318525032,11746.87196661307,2720.603167664989,27370.774507291648,199.5419755339713,53750.49314192382,0.0015,0.002,0.016
25021667B2,4,1,ok,4.0,244,3355,244,2000,40290.703281060356,38541.880236088255,7960.062724670258,75387.38487077825,373.53580818979054,87558.58016208348,0.0,0.0005,0.0015
25021667B2,4,1,ok,8.0,244,3355,244,2000,154899.11317329548,154051.5298411809,117739.47553030503,192799.385479039,89092.58987143656,205443.88594455665,0.0,0.0,0.0
25021668B2,4,1,ok,1.0,174,2528,174,2000,1949.911343421554,2048.0,1024.0,2896.309375740099,0.0,21911.028821121112,0.05,0.05,0.266
25021668B2,4,1,ok,2.0,174,2528,174,2000,12870.576737676194,11186.760937652693,2589.1473499976782,26968.78558028956,455.44264183319507,41527.26646433642,0.0,0.0045,0.0105
25021668B2,4,1,ok,4.0,174,2528,174,2000,31154.164406473228,30713.672593213436,13505.619504436028,48850.69924942835,635.2322409953701,59033.34867682842,0.0,0.0,0.0005
25021668B2,4,1,ok,8.0,174,2528,174,2000,102272.50251317343,102813.03583891381,75932.82102865638,125069.07875811054,65007.68299208948,139943.32019785725,0.0,0.0,0.0
25021672B,3,1,ok,1.0,73,987,73,987,1817.239487817776,2048.0,1024.0,2896.309375740099,0.0,5792.618751480198,0.05572441742654509,0.05572441742654509,0.27760891590678827
25021672B,3,1,ok,2.0,73,987,73,987,19837.187676506594,12830.054715393851,2588.6892436134544,39307.43157470353,558.1684333603971,44752.426180040784,0.0,0.0,0.019250253292806486
25021672B,3,1,ok,4.0,73,987,73,987,19913.21898523853,19441.316827828305,9977.3355952679,31202.181490948235,3737.353207819673,36951.45790087314,0.0,0.0,0.0
25021672B,3,1,ok,8.0,73,987,73,987,59211.2166159932,60198.11825132078,41488.60683716232,74963.70637145877,25793.197262068927,85573.88910175813,0.0,0.0,0.0
25021735B5,4,1,ok,1.0,156,2142,156,2000,1812.7689717055196,1448.1546878700494,1024.0,2896.309375740099,0.0,11838.205311617128,0.0565,0.0565,0.2835
25021735B5,4,1,ok,2.0,156,2142,156,2000,14422.462465015662,12777.690714679238,3419.4742285912903,29293.71475750752,549.3887512499687,47258.408320636445,0.0,0.0,0.0105
25021735B5,4,1,ok,4.0,156,2142,156,2000,43064.52648637907,44434.98775922533,26994.97047259547,57292.04665247737,991.0988850765599,67081.1656726387,0.0,0.0,0.001
25021735B5,4,1,ok,8.0,156,2142,156,2000,121552.02019970125,120600.73452985592,100171.0921327282,146460.74176853048,62009.651160121844,156761.55264604904,0.0,0.0,0.0
25021890B4,1,1,ok,1.0,106,1454,106,1454,1804.7471838712133,1448.1546878700494,1024.0,2896.309375740099,0.0,6994.07320522169,0.057083906464924346,0.057083906464924346,0.2826685006877579
25021890B4,1,1,ok,2.0,106,1454,106,1454,16659.649466002375,11936.898257085046,2475.803707889622,35416.33292961258,544.8853090330111,41034.16792137986,0.0,0.0,0.023383768913342505
25021890B4,1,1,ok,4.0,106,1454,106,1454,26500.525633244317,27562.18201298949,8623.753817644567,44253.012846200356,195.88772294352702,52214.950512281444,0.000687757909215956,0.000687757909215956,0.0020632737276478678
25021890B4,1,1,ok,8.0,106,1454,106,1454,88612.57137140197,90072.86954492852,69436.2766789092,106436.45313315876,58952.44338447729,114395.31908255687,0.0,0.0,0.0
25021890B6,2,1,ok,1.0,284,3970,284,2000,1715.764418649558,1448.1546878700494,1024.0,2896.309375740099,0.0,4579.4672179195695,0.068,0.0685,0.286
25021890B6,2,1,ok,2.0,284,3970,284,2000,8991.810919628611,5049.17993341493,2028.4538446807214,21864.2464622971,586.7341817211607,42419.44229949281,0.0,0.0,0.028
25021890B6,2,1,ok,4.0,284,3970,284,2000,42247.19529008317,41241.60387434016,10685.006946544021,77746.14226546645,993.4233739951965,92721.30375485453,0.0,0.0,0.0005
25021890B6,2,1,ok,8.0,284,3970,284,2000,163065.4467044229,163683.21065954166,128946.02538812968,198873.77387298585,96544.2262022955,214429.1926044586,0.0,0.0,0.0
25021893B2,3,1,ok,1.0,317,4645,317,2000,1759.5687832991132,1448.1546878700494,1024.0,2896.309375740099,0.0,6144.0,0.057,0.057,0.2855
25021893B2,3,1,ok,2.0,317,4645,317,2000,5973.10263476866,4161.116316566986,1790.6545268328018,13362.435718163413,146.8911161370898,33514.246343905754,0.0035,0.0035,0.034
25021893B2,3,1,ok,4.0,317,4645,317,2000,18109.515149253697,14833.832826750537,4141.421847487579,38453.53908548106,464.27578011350107,52406.76353296395,0.0,0.002,0.004
25021893B2,3,1,ok,8.0,317,4645,317,2000,72836.36595031586,73212.25515983177,33783.04123522342,112062.95850473167,1575.1584047326796,123848.94024576875,0.0,0.0,0.0
25021894B2,3,1,ok,1.0,250,3640,250,2000,1723.385016501119,1448.1546878700494,1024.0,2896.309375740099,0.0,6228.748831025377,0.057,0.057,0.306
25021894B2,3,1,ok,2.0,250,3640,250,2000,10428.14656615095,7587.773388814402,2329.394985827865,22344.788397379732,288.19611378365255,47245.87504745785,0.0,0.006,0.0175
25021894B2,3,1,ok,4.0,250,3640,250,2000,28600.646052322005,26553.122168269612,6581.863154423228,56203.72232568483,534.4988306816022,70761.84282507063,0.0,0.0,0.003
25021894B2,3,1,ok,8.0,250,3640,250,2000,102980.81289850152,104786.15877719756,58957.36893227968,144811.2818276039,33654.94443614489,160201.1088600825,0.0,0.0,0.0
25021894B3,1,1,ok,1.0,195,2791,195,2000,1911.8865761383743,1448.1546878700494,1024.0,2896.309375740099,0.0,21052.246245947248,0.0505,0.0505,0.2785
25021894B3,1,1,ok,2.0,195,2791,195,2000,11922.695128044683,9188.791487459055,2508.475433405717,25732.186356725357,177.5894140989265,37344.09216998051,0.0005,0.0055,0.015
25021894B3,1,1,ok,4.0,195,2791,195,2000,26441.47506293272,26971.685373169432,6632.87769665039,47026.26986057899,253.46400138875737,61596.257361953416,0.0005,0.0005,0.002
25021894B3,1,1,ok,8.0,195,2791,195,2000,98062.37696626768,99246.13353662906,65170.1687408525,129319.87233269562,32995.53090950349,143674.90241862007,0.0,0.0,0.0
25021901B2,2,1,ok,1.0,318,4812,318,2000,1699.7986322220368,1448.1546878700494,1024.0,2289.7336089597848,0.0,6228.748831025377,0.063,0.063,0.2985
25021901B2,2,1,ok,2.0,318,4812,318,2000,9625.703375484558,5505.23221905671,2093.0666496793647,22406.84288481622,432.0,40078.37441813228,0.0,0.008,0.015
25021901B2,2,1,ok,4.0,318,4812,318,2000,22566.512302603835,19679.6637099537,5491.35757349674,45561.860691647176,334.11375308418536,56319.92045448928,0.0,0.0015,0.0025
25021901B2,2,1,ok,8.0,318,4812,318,2000,78607.09718205547,79808.64933424542,36031.53040360015,118013.63703168194,5263.344944044614,132053.85858807762,0.0,0.0,0.0
25021911B2,2,1,ok,1.0,299,4120,299,2000,1691.938725874511,1448.1546878700494,1024.0,2289.7336089597848,0.0,6476.344648024841,0.0615,0.0615,0.2975
25021911B2,2,1,ok,2.0,299,4120,299,2000,9998.231750566043,6055.978516476501,2192.4810147410626,23938.597372481112,410.42538907820995,32152.155215475057,0.0,0.0055,0.0205
25021911B2,2,1,ok,4.0,299,4120,299,2000,19916.413924491982,15897.599521861535,5378.3515132426965,41549.31850410514,165.33904560024533,56303.38399243868,0.0005,0.0005,0.002
25021911B2,2,1,ok,8.0,299,4120,299,2000,85383.14591780791,85493.65426067961,54561.05574395869,117955.81480427536,25485.333527344705,133965.3487772118,0.0,0.0,0.0
25021918B4,1,1,ok,1.0,288,4212,288,2000,1698.128979938142,1448.1546878700494,1024.0,2289.7336089597848,0.0,4579.4672179195695,0.0615,0.0615,0.296
25021918B4,1,1,ok,2.0,288,4212,288,2000,10359.75595764382,6581.214477586945,2286.692808402563,23676.765404083388,252.80031645549812,34299.61778212696,0.001,0.001,0.024
25021918B4,1,1,ok,4.0,288,4212,288,2000,27801.964832306938,26573.524943164117,6355.889125670427,53979.77101212938,840.4403607633323,70673.41270944824,0.0,0.0,0.002
25021918B4,1,1,ok,8.0,288,4212,288,2000,116136.1855705648,116566.21417566312,86356.90919418116,145251.04440131757,55543.04043712407,161801.58595020013,0.0,0.0,0.0
25021922B2,3,1,ok,1.0,423,6173,423,2000,1715.2582906480143,1448.1546878700494,1024.0,2896.309375740099,0.0,5221.395981919011,0.0615,0.062,0.291
25021922B2,3,1,ok,2.0,423,6173,423,2000,4911.7288707880025,3781.2167353908717,1702.1871224985812,10505.338880778669,380.69541631072997,21797.41564956727,0.0,0.004,0.0405
25021922B2,3,1,ok,4.0,423,6173,423,2000,9573.398821446684,7516.592911685453,3376.611617530918,20326.02343110015,176.72577627499618,39938.03199958656,0.001,0.004,0.011
25021922B2,3,1,ok,8.0,423,6173,423,2000,40636.86355891621,38929.48216804411,14718.802834307211,70693.8243072424,672.6432932840407,89489.68351715185,0.0,0.0,0.0005
25021973B2,2,1,ok,1.0,273,3837,273,2000,1825.6983790648333,2048.0,1024.0,2896.309375740099,0.0,6666.1684647179445,0.054,0.054,0.2745
25021973B2,2,1,ok,2.0,273,3837,273,2000,5233.5417301945645,3903.821845320301,1666.843723928551,10953.972064963467,522.5332525304011,24811.603918328216,0.0,0.0,0.0415
25021973B2,2,1,ok,4.0,273,3837,273,2000,23152.341725834554,21444.15967315813,5815.488285604228,43819.805338165,470.5241757869621,56415.93995494536,0.0,0.0005,0.0035
25021973B2,2,1,ok,8.0,273,3837,273,2000,88796.50869729891,88687.93220784774,61740.92577758114,115807.84117369866,42613.107666538475,130714.47038488126,0.0,0.0,0.0
25022013B,0,1,ok,1.0,169,2339,169,2000,1860.5810292811602,1448.1546878700494,1024.0,2896.309375740099,0.0,23927.8135440746,0.056,0.0565,0.2845
25022013B,0,1,ok,2.0,169,2339,169,2000,9024.14129159363,7049.934609359384,2269.496508705615,17353.929036388272,462.00108224981466,44613.10306401024,0.0,0.005,0.013
25022013B,0,1,ok,4.0,169,2339,169,2000,37094.74829302201,37580.60770263635,19707.72046130967,52221.30914309296,6215.326379201659,68045.6092999394,0.0,0.0,0.0
25022013B,0,1,ok,8.0,169,2339,169,2000,114022.10233058441,114896.10511797506,88960.54743924513,137200.76404934985,75502.9888812357,153071.5637634894,0.0,0.0,0.0
25022019B2,1,1,ok,1.0,112,1494,112,1494,1715.0884865167552,1448.1546878700494,1024.0,2289.7336089597848,0.0,6228.748831025377,0.059571619812583666,0.059571619812583666,0.29250334672021416
25022019B2,1,1,ok,2.0,112,1494,112,1494,12864.732559074662,9348.457845894922,2527.810317250881,27072.829844366493,483.25666058524223,34846.48138621746,0.0,0.00535475234270415,0.011378848728246318
25022019B2,1,1,ok,4.0,112,1494,112,1494,15046.864455617299,14212.53439147957,4912.722361379686,26940.202508987168,462.8185389545237,33317.52609363426,0.0,0.0013386880856760374,0.00535475234270415
25022019B2,1,1,ok,8.0,112,1494,112,1494,54148.409287128845,55541.31897732569,33979.36310945883,71462.5973763208,24355.80064378915,81584.28153143227,0.0,0.0,0.0
25022038B2,2,1,ok,1.0,111,1581,111,1581,1801.0274467688027,2048.0,1024.0,2896.309375740099,0.0,5120.0,0.055660974067046176,0.056293485135989876,0.2808349146110057
25022038B2,2,1,ok,2.0,111,1581,111,1581,15810.408894581275,14457.301165846964,3928.460894548907,29336.946620260263,637.6746819499737,38031.52278045148,0.0,0.0,0.008222643896268185
25022038B2,2,1,ok,4.0,111,1581,111,1581,34312.44032852311,35283.535607985774,6805.653899516195,58713.3457827094,465.2364989980902,68412.75118718731,0.0,0.001265022137887413,0.0031625553447185324
25022038B2,2,1,ok,8.0,111,1581,111,1581,120662.32297009167,123679.05958973007,91207.21307550187,150979.79760550748,78431.51614625334,160962.72867033535,0.0,0.0,0.0
25022262B2,1,1,ok,1.0,242,3520,242,2000,1783.3550103664222,1448.1546878700494,1024.0,2896.309375740099,0.0,6556.799219131237,0.0565,0.0565,0.2825
25022262B2,1,1,ok,2.0,242,3520,242,2000,4719.322545345115,3764.9077013918945,1621.8141077201171,9838.794263978541,19.0,24311.532839374813,0.0065,0.012,0.0285
25022262B2,1,1,ok,4.0,242,3520,242,2000,21272.79611288864,15666.737613502697,4908.6974872776145,45841.66908919182,331.30801378777426,63194.26012700837,0.0,0.0015,0.0045
25022262B2,1,1,ok,8.0,242,3520,242,2000,93314.09927857596,91483.4091594874,56661.002392442126,128415.42700008054,38539.318688840365,145909.56221235124,0.0,0.0,0.0
25022278B2,0,1,ok,1.0,201,2839,201,2000,1807.9107374740374,2048.0,1024.0,2896.309375740099,0.0,5573.1773702260725,0.055,0.055,0.275
25022278B2,0,1,ok,2.0,201,2839,201,2000,4036.0208692389147,3734.239547752661,1591.167181662568,7094.941619113,151.7003625572464,13536.78370219455,0.007,0.0125,0.048
25022278B2,0,1,ok,4.0,201,2839,201,2000,14982.522792066273,13752.555256170966,5470.377151682884,26416.693106987634,246.78938388836744,41691.06927148787,0.001,0.002,0.0055
25022278B2,0,1,ok,8.0,201,2839,201,2000,55509.49568589457,55397.630968392674,29995.52912394367,81101.82744869466,14700.28098370912,98030.5168047175,0.0,0.0,0.0
25022330B2,4,1,ok,1.0,269,3644,269,2000,1822.7636522619287,2048.0,1024.0,2896.309375740099,0.0,5514.408762505732,0.059,0.0595,0.268
25022330B2,4,1,ok,2.0,269,3644,269,2000,6053.371702511687,4359.20004129198,2038.2512112102374,13409.551819505377,33.52610922848042,30895.916170264314,0.0045,0.008,0.028
25022330B2,4,1,ok,4.0,269,3644,269,2000,16342.150897520756,11077.236192811351,4251.046459402673,37085.06447879528,211.8962010041709,54597.6948963965,0.001,0.001,0.0035
25022330B2,4,1,ok,8.0,269,3644,269,2000,61127.259461558235,59988.6771016586,16735.84206030622,104901.54991909566,997.326426001036,120578.94370079711,0.0,0.0,0.0005
25022343B3,3,1,ok,1.0,268,3850,268,2000,1702.389204312295,1448.1546878700494,1024.0,2896.309375740099,0.0,4579.4672179195695,0.0625,0.0625,0.2995
25022343B3,3,1,ok,2.0,268,3850,268,2000,10907.054678767123,7356.716310453168,2479.1097192339025,26223.065994571694,259.8557292037257,40032.91131057046,0.0,0.0005,0.02
25022343B3,3,1,ok,4.0,268,3850,268,2000,24104.792065768816,22974.476263010612,6497.871728496954,43579.433705591306,438.11528163258583,54479.823283487254,0.0,0.0005,0.003
25022343B3,3,1,ok,8.0,268,3850,268,2000,88584.56926744162,89503.35471810744,62020.5332818022,114335.52523999926,46434.09972207925,129863.79468119665,0.0,0.0,0.0
25022344B2,1,1,ok,1.0,419,6174,419,2000,1704.50901679887,1448.1546878700494,1024.0,2289.7336089597848,0.0,5120.0,0.0625,0.0625,0.287
25022344B2,1,1,ok,2.0,419,6174,419,2000,6104.229767370706,4318.02559047535,1985.6384363725435,12951.779426132065,427.35465365431554,26762.891342304552,0.0,0.0055,0.023
25022344B2,1,1,ok,4.0,419,6174,419,2000,24995.604638792447,23350.229612748008,5393.416166580897,51244.1414815447,437.7133765376608,65515.44288944401,0.0,0.0015,0.003
25022344B2,1,1,ok,8.0,419,6174,419,2000,105434.73845171284,105943.84092177288,72250.68406622944,138270.71222259474,52287.28358788588,155754.026031432,0.0,0.0,0.0
25022354B2,2,1,ok,1.0,312,4538,312,2000,1751.5207465912526,1448.1546878700494,1024.0,2896.309375740099,0.0,5792.618751480198,0.057,0.057,0.2955
25022354B2,2,1,ok,2.0,312,4538,312,2000,5858.493734737349,4151.131171138778,1832.686006930811,12807.670297985156,346.36541397778154,32193.167675766235,0.0,0.0125,0.031
25022354B2,2,1,ok,4.0,312,4538,312,2000,25938.59091662424,23580.959963466677,5551.154929090988,52802.05167322618,255.42513580303722,70006.81778941248,0.0015,0.0015,0.003
25022354B2,2,1,ok,8.0,312,4538,312,2000,104893.9054831042,103193.9708523244,64118.27449525775,146355.0031947902,29885.669224563135,163309.01050768755,0.0,0.0,0.0
25022406B2,1,1,ok,1.0,217,3157,217,2000,1727.3517888853519,1448.1546878700494,1024.0,2896.309375740099,0.0,4579.4672179195695,0.0585,0.0585,0.3
25022406B2,1,1,ok,2.0,217,3157,217,2000,8261.97793827956,5225.173571516889,2141.965919430092,18532.7741285202,187.92019582790988,33807.91482774411,0.0065,0.0065,0.0225
25022406B2,1,1,ok,4.0,217,3157,217,2000,33608.99991248389,34935.068710186475,5886.4068836600145,65802.45806747742,542.7577728600485,76123.565293541,0.0,0.0,0.003
25022406B2,1,1,ok,8.0,217,3157,217,2000,130439.4590010735,137860.48807669285,91945.11466234742,167775.35508676936,66132.21576508683,178990.77692719255,0.0,0.0,0.0
25022458B2,2,1,ok,1.0,327,4696,327,2000,1665.717161764145,1448.1546878700494,1024.0,2289.7336089597848,0.0,6228.748831025377,0.0615,0.0615,0.308
25022458B2,2,1,ok,2.0,327,4696,327,2000,11017.94697753365,5658.044980379707,2101.0402185584167,28481.06348084636,287.8367592924851,37898.52768908048,0.0,0.005,0.0225
25022458B2,2,1,ok,4.0,327,4696,327,2000,57733.09311818963,50048.42581362401,16411.46310076435,100441.34295468773,394.7378877179134,115936.71284368899,0.0,0.0005,0.001
25022458B2,2,1,ok,8.0,327,4696,327,2000,197389.8918012365,190077.7136207836,154418.6463757153,241138.0699754541,129940.47022386828,257261.4534690341,0.0,0.0,0.0
25022584B2,2,1,ok,1.0,210,2946,210,2000,1868.2022835912578,2048.0,1024.0,3072.0,0.0,6476.344648024841,0.0535,0.054,0.2655
25022584B2,2,1,ok,2.0,210,2946,210,2000,6820.097393479305,4745.262881414636,1872.9612916448648,14884.217536240652,416.94124286282835,23078.65646002817,0.0,0.012,0.0295
25022584B2,2,1,ok,4.0,210,2946,210,2000,26766.640694694383,24370.90121764099,5642.094876039872,54408.29750858585,544.9421987697411,70316.08817333342,0.0,0.0,0.005
25022584B2,2,1,ok,8.0,210,2946,210,2000,99100.1206051279,91499.91816244964,57620.73446252667,142052.12627476171,31159.7401946807,155815.6892742191,0.0,0.0,0.0
25022584B3,4,1,ok,1.0,80,1145,80,1145,2195.4577510876525,2048.0,1024.0,3238.1723240124206,0.0,26348.55223726723,0.0445414847161572,0.045414847161572056,0.24192139737991267
25022584B3,4,1,ok,2.0,80,1145,80,1145,16184.271548753326,9366.934397122679,2580.530953117982,34888.75576911523,337.24175304964837,40608.38152401546,0.0,0.005240174672489083,0.014847161572052401
25022584B3,4,1,ok,4.0,80,1145,80,1145,22175.994197457254,22579.568197819903,9701.203701907789,34048.96820461821,452.09291080484775,39250.945593705124,0.0,0.0008733624454148472,0.0017467248908296944
25022584B3,4,1,ok,8.0,80,1145,80,1145,64048.01081332088,64471.560769070886,49630.88192252138,78886.85585068868,26537.884335417548,90479.51337181251,0.0,0.0,0.0
25022613B2,4,1,ok,1.0,115,1531,115,1531,1770.9784002180597,1448.1546878700494,1024.0,2896.309375740099,0.0,5120.0,0.0581319399085565,0.0581319399085565,0.28870019595035923
25022613B2,4,1,ok,2.0,115,1531,115,1531,16893.30064514952,15873.259180143188,5740.497626512879,29234.745988292765,494.67666207331837,41795.638875365934,0.0,0.0013063357282821686,0.005225342913128674
25022613B2,4,1,ok,4.0,115,1531,115,1531,33149.21631712598,34685.26524332775,10243.723395328478,55390.59249547707,863.6926536679584,69106.25587455885,0.0,0.0,0.0006531678641410843
25022613B2,4,1,ok,8.0,115,1531,115,1531,120087.4540773091,120570.48720561761,97625.36926946806,142857.7327028537,87985.49201430881,158354.85584281903,0.0,0.0,0.0
25023016B6,4,1,ok,1.0,362,5337,362,2000,1727.324252645716,1448.1546878700494,1024.0,2896.309375740099,0.0,4579.4672179195695,0.058,0.058,0.284
25023016B6,4,1,ok,2.0,362,5337,362,2000,6346.406445254891,4144.671880861017,1753.3567805783282,15342.640400253267,267.1347974338049,23290.685262567953,0.0,0.0075,0.0375
25023016B6,4,1,ok,4.0,362,5337,362,2000,14205.444595028408,10513.45043266006,4114.606822950714,29867.85238817475,501.9322663467652,46958.96362783148,0.0,0.0015,0.0045
25023016B6,4,1,ok,8.0,362,5337,362,2000,58915.33916114268,59515.16331839235,27373.858963971812,89519.43266786168,11577.10231448267,111027.73758390288,0.0,0.0,0.0
25023174B2,3,1,ok,1.0,120,1416,120,1416,2336.655763926254,2048.0,1024.0,3238.1723240124206,0.0,24934.003489211274,0.048728813559322036,0.05014124293785311,0.2443502824858757
25023174B2,3,1,ok,2.0,120,1416,120,1416,20826.135629592263,20168.014940773515,9088.17374085325,33453.57915765338,187.9680823969857,50619.18641187351,0.0007062146892655367,0.0007062146892655367,0.0014124293785310734
25023174B2,3,1,ok,4.0,120,1416,120,1416,84376.88969091327,81522.48028379973,59091.626611293206,112966.35215758538,24994.750528861055,127008.77787775143,0.0,0.0,0.0
25023174B2,3,1,ok,8.0,120,1416,120,1416,247133.2386127355,242975.06081023108,218783.58298640145,278627.9384957058,175953.84258947003,292958.7363059856,0.0,0.0,0.0
25023184B2,1,1,ok,1.0,394,5792,394,2000,1725.8328302314594,1448.1546878700494,1024.0,2896.309375740099,0.0,5120.0,0.0525,0.0525,0.288
25023184B2,1,1,ok,2.0,394,5792,394,2000,9024.220320645336,4996.396301335593,2099.083609578237,22004.857227521792,153.07514494521962,35260.14045632831,0.006,0.009,0.0225
25023184B2,1,1,ok,4.0,394,5792,394,2000,58973.98877169197,61349.695351439776,20906.09757941448,93770.323316884,3876.7847502795407,108147.87007149054,0.0,0.0,0.0
25023184B2,1,1,ok,8.0,394,5792,394,2000,204734.70063528966,207753.70337028103,167290.764249623,240196.48914840908,126022.85447092523,255724.93469546532,0.0,0.0,0.0
25023327B3,2,1,ok,1.0,38,510,38,510,1908.9843682137757,2048.0,1024.0,3072.0,0.0,4579.4672179195695,0.049019607843137254,0.049019607843137254,0.24901960784313726
25023327B3,2,1,ok,2.0,38,510,38,510,30756.555815799,20507.322786388624,9465.141234488661,52910.57544411885,4265.917251893196,57698.22597792761,0.0,0.0,0.0
25023327B3,2,1,ok,4.0,38,510,38,510,144390.30551325213,131246.53498161776,118939.0348171043,170239.475488228,113784.05980628394,175358.06890189,0.0,0.0,0.0
25023327B3,2,1,ok,8.0,38,510,38,510,378647.0397550991,365273.8537133818,352246.0391902378,405439.4956955378,347934.8908545965,410706.13192524895,0.0,0.0,0.0
25023573B,2,1,ok,1.0,191,2681,191,2000,1909.1106918927064,2048.0,1024.0,3072.0,0.0,8745.019668359815,0.051,0.0515,0.2575
25023573B,2,1,ok,2.0,191,2681,191,2000,7732.788155018147,4704.604423082164,2020.723880197391,18126.67781866724,163.37074401495514,33087.088116061226,0.004,0.008,0.0185
25023573B,2,1,ok,4.0,191,2681,191,2000,32825.786359354526,33315.27311141146,6479.856233112474,62414.289518327256,645.3224000451247,74056.74333914502,0.0,0.0,0.0015
25023573B,2,1,ok,8.0,191,2681,191,2000,125854.03221982658,129232.54637107364,90599.44946862244,160102.06773507505,61804.20710598915,173027.92422612023,0.0,0.0,0.0
25023590B3,2,1,ok,1.0,222,2995,222,2000,1889.3025664353713,2048.0,1024.0,3072.0,0.0,6533.326335030265,0.051,0.051,0.2615
25023590B3,2,1,ok,2.0,222,2995,222,2000,6073.743820460176,4378.068980726549,1889.4231924055553,13264.14145176284,239.30106560565082,35314.94556133423,0.0045,0.0085,0.033
25023590B3,2,1,ok,4.0,222,2995,222,2000,18371.23078061208,14446.440568734764,4843.1048925250425,39008.90549675296,535.3886438840481,55839.8464181269,0.0,0.0,0.0045
25023590B3,2,1,ok,8.0,222,2995,222,2000,81504.09591634785,82738.27711804779,49611.53916306251,112764.79196638995,14301.567047005723,130292.97497562945,0.0,0.0,0.0
25023590B4,2,1,ok,1.0,166,2256,166,2000,1786.9136046602737,1448.1546878700494,1024.0,2896.309375740099,0.0,4579.4672179195695,0.057,0.057,0.2805
25023590B4,2,1,ok,2.0,166,2256,166,2000,5981.1678540650555,4294.208308873709,1973.565681138572,11978.659462391564,355.60933621039817,26985.208540976666,0.0,0.007,0.0245
25023590B4,2,1,ok,4.0,166,2256,166,2000,20557.003536104254,18888.334201164333,5195.354787507118,38873.852999513416,136.02940858505562,50493.22466430521,0.002,0.002,0.0055
25023590B4,2,1,ok,8.0,166,2256,166,2000,80576.5730148326,84345.4669954294,50072.10230797951,107530.15042637159,17996.369078233532,118806.42710308227,0.0,0.0,0.0
25023687B2,0,1,ok,1.0,234,3293,234,2000,1834.890259532848,2048.0,1024.0,2896.309375740099,0.0,7902.7795743016895,0.05,0.0505,0.27
25023687B2,0,1,ok,2.0,234,3293,234,2000,9906.210212571685,7684.531996159558,2496.0,20387.806738023028,448.0,33706.09974470497,0.0,0.004,0.0115
25023687B2,0,1,ok,4.0,234,3293,234,2000,27627.694648987163,25616.060867575863,5684.778872684516,54792.47036264449,599.7666212786437,64186.89511107388,0.0,0.0,0.0035
25023687B2,0,1,ok,8.0,234,3293,234,2000,105836.71643605811,110716.25174430282,62371.241327669995,140198.9000429104,32497.293487304447,150046.5907376772,0.0,0.0,0.0
25023687B3,4,1,ok,1.0,88,1213,88,1213,1869.782932727309,2048.0,1024.0,3072.0,0.0,5221.395981919011,0.05358615004122012,0.05358615004122012,0.2662819455894477
25023687B3,4,1,ok,2.0,88,1213,88,1213,4774.920058483838,3959.7979746446663,1796.7081009446138,9372.040119419036,203.42074623793906,17117.47002334165,0.00247320692497939,0.00989282769991756,0.03544929925803792
25023687B3,4,1,ok,4.0,88,1213,88,1213,21230.297117394977,20445.283074587154,10698.532514510349,33253.22769296238,3808.024422190593,44032.610460884556,0.0,0.0,0.0
25023687B3,4,1,ok,8.0,88,1213,88,1213,67028.14053757412,73315.5721521697,34683.1898353533,90640.31773995499,26836.584656025065,101595.9255875943,0.0,0.0,0.0
25023687B4,0,1,ok,1.0,64,882,64,882,1782.2215670343912,2048.0,1024.0,2896.309375740099,0.0,6875.533724737302,0.05555555555555555,0.05555555555555555,0.2834467120181406
25023687B4,0,1,ok,2.0,64,882,64,882,18781.244267199705,17378.423243919657,8401.52367133486,31922.19271765319,2617.6019559894894,37893.520712649544,0.0,0.0,0.0
25023687B4,0,1,ok,4.0,64,882,64,882,28071.55147262506,37302.258967106856,4571.930855224235,53117.28950918413,341.76014981270123,57721.87328907474,0.0,0.0011337868480725624,0.005668934240362812
25023687B4,0,1,ok,8.0,64,882,64,882,99267.90169389678,112976.5610219391,68712.68147174682,127999.53546894444,61630.530096698014,133922.3789513911,0.0,0.0,0.0
25023690B3,0,1,ok,1.0,170,2315,170,2000,1864.3368292664784,2048.0,1024.0,2896.309375740099,0.0,7271.55554197312,0.0515,0.0515,0.264
25023690B3,0,1,ok,2.0,170,2315,170,2000,10195.967093653533,7941.398519921886,2665.777935237667,21907.690065362895,351.2719744016024,31781.869627194683,0.0,0.003,0.0125
25023690B3,0,1,ok,4.0,170,2315,170,2000,30943.036327118924,31047.349995269433,7316.205505686641,52757.69331489176,521.8524695735376,68499.23848481821,0.0,0.0,0.0015
25023690B3,0,1,ok,8.0,170,2315,170,2000,112943.06185351557,115956.9711050966,78023.1410443125,144007.02858954394,58825.535492675284,161759.7991622146,0.0,0.0,0.0
25023814B,2,1,ok,1.0,287,4032,287,2000,1740.294342475302,1448.1546878700494,1024.0,2896.309375740099,0.0,5789.829444810961,0.0565,0.057,0.2975
25023814B,2,1,ok,2.0,287,4032,287,2000,12878.808485399742,10064.131971384166,2495.76300958244,28568.73163246242,360.40116536992497,40078.84080160004,0.0,0.005,0.0195
25023814B,2,1,ok,4.0,287,4032,287,2000,17310.22777860805,9611.972384532753,4027.4252547228784,41070.240230012954,241.61539686038222,54255.2011976732,0.0035,0.0035,0.0075
25023814B,2,1,ok,8.0,287,4032,287,2000,66850.22937518673,67106.69620899482,20514.192042992167,112756.967676342,6457.085565485407,128574.63569849226,0.0,0.0,0.0
25023828B,2,1,ok,1.0,256,3791,256,2000,1754.0574186080512,1448.1546878700494,1024.0,2896.309375740099,0.0,7147.056596949545,0.064,0.064,0.2935
25023828B,2,1,ok,2.0,256,3791,256,2000,9279.264139851623,6190.4186134483625,2219.280063443999,20174.66852267962,557.7400828342894,39230.69252511355,0.0,0.0,0.019
25023828B,2,1,ok,4.0,256,3791,256,2000,48909.48111545637,49847.68044970735,16929.11514451814,79366.20652393562,1401.5719746056568,99744.13227854558,0.0,0.0,0.0
25023828B,2,1,ok,8.0,256,3791,256,2000,171841.50999707103,172905.45991239534,139999.88444739117,203049.0624009571,109288.52062316518,224463.63925589374,0.0,0.0,0.0
25023846B4,4,1,ok,1.0,211,3119,211,2000,1867.8274703349064,2048.0,1024.0,2896.309375740099,0.0,5527.421279403263,0.046,0.046,0.2565
25023846B4,4,1,ok,2.0,211,3119,211,2000,10524.006865567055,7025.665306574176,2345.4338617833587,24172.5664202684,280.9786468755233,38219.40330512762,0.0,0.0045,0.0215
25023846B4,4,1,ok,4.0,211,3119,211,2000,33535.64694977978,33822.88044423743,13956.405417762031,52917.06921231269,378.11770654123035,64630.92637429855,0.0,0.0005,0.0005
25023846B4,4,1,ok,8.0,211,3119,211,2000,115887.19814657449,116211.11163856045,93477.67960670932,136188.82316114756,79599.34078244618,151146.0820398597,0.0,0.0,0.0
25023869B3,3,1,ok,1.0,136,1964,136,1964,2089.4537129984556,2048.0,1024.0,3238.1723240124206,0.0,12457.497662050753,0.05295315682281059,0.05295315682281059,0.25814663951120165
25023869B3,3,1,ok,2.0,136,1964,136,1964,15881.85523374369,14421.162539823203,3152.7921679196124,32780.83150175298,208.0,41651.126095221,0.004073319755600814,0.004073319755600814,0.009164969450101833
25023869B3,3,1,ok,4.0,136,1964,136,1964,55779.38741069902,55941.203169139466,38944.73823801614,71770.20962845023,29705.779168370587,108631.33813499675,0.0,0.0,0.0
25023869B3,3,1,ok,8.0,136,1964,136,1964,154100.20742630117,153375.4022112865,137632.72788161898,170510.499038071,119696.39724319191,193203.93981748924,0.0,0.0,0.0
25023869B4,2,1,ok,1.0,202,2761,202,2000,1891.473613676087,2048.0,1024.0,3072.0,0.0,7447.716697082402,0.056,0.057,0.2695
25023869B4,2,1,ok,2.0,202,2761,202,2000,8816.080685332176,5618.930092912127,2107.667116502589,21369.377815044336,218.24756585125985,40916.25927427873,0.0005,0.0035,0.027
25023869B4,2,1,ok,4.0,202,2761,202,2000,49719.4832640055,42732.356405284154,11883.809881570454,93391.60897492517,607.2758845862397,110345.79818461598,0.0,0.0,0.0025
25023869B4,2,1,ok,8.0,202,2761,202,2000,191414.2277451724,184676.07902252406,154436.6383498648,238270.64163621305,137900.64394338412,253016.83188475823,0.0,0.0,0.0
25023930B2,0,1,ok,1.0,138,1892,138,1892,1766.2567083526203,1448.1546878700494,1024.0,2896.309375740099,0.0,5221.395981919011,0.056553911205074,0.056553911205074,0.28118393234672306
25023930B2,0,1,ok,2.0,138,1892,138,1892,14736.612390608903,13440.010507158167,3716.5619865676936,27662.01261051465,117.38824472663352,37390.647226278394,0.0005285412262156448,0.0005285412262156448,0.007928118393234672
25023930B2,0,1,ok,4.0,138,1892,138,1892,63132.69710391596,62688.142281401415,50314.53395404895,76557.87182114134,41730.04021086009,86726.20997714589,0.0,0.0,0.0
25023930B2,0,1,ok,8.0,138,1892,138,1892,174565.97182499056,174290.7986046063,159571.55487479828,189917.95040041243,149192.64223144518,202588.56959117905,0.0,0.0,0.0
25023934B2,1,1,ok,1.0,359,5427,359,2000,1673.8859104011308,1448.1546878700494,1024.0,2289.7336089597848,0.0,5221.395981919011,0.067,0.067,0.307
25023934B2,1,1,ok,2.0,359,5427,359,2000,4445.580586803123,3719.4752318035403,1645.8338768514002,8831.41810156546,503.0159043211258,19209.093705846717,0.0,0.006,0.0525
25023934B2,1,1,ok,4.0,359,5427,359,2000,11232.159220544412,7702.859793609125,3632.7269371644215,27336.830791976532,300.61270764889497,44590.599188618224,0.0,0.0005,0.0075
25023934B2,1,1,ok,8.0,359,5427,359,2000,48429.81869873921,46545.24154356476,15304.427046897743,88437.7316231984,1029.998543688291,105410.08983963537,0.0,0.0,0.0
25023935B2,4,1,ok,1.0,130,1863,130,1863,1688.3326014840704,1448.1546878700494,1024.0,2289.7336089597848,0.0,4579.4672179195695,0.06011808910359635,0.06011808910359635,0.29790660225442833
25023935B2,4,1,ok,2.0,130,1863,130,1863,10245.139416996444,9001.16281377023,2610.7770326817877,20825.979615903256,514.0,28449.169900016415,0.0,0.0,0.01825013419216318
25023935B2,4,1,ok,4.0,130,1863,130,1863,20779.163157782492,16922.60027300769,3973.941935950593,42618.98412803415,415.54301823036326,49430.36281477206,0.0,0.0021470746108427268,0.00644122383252818
25023935B2,4,1,ok,8.0,130,1863,130,1863,82108.09806247264,80876.46916130798,52342.713696841936,111058.0071923822,40058.65624306437,118857.71204259318,0.0,0.0,0.0
25023936B2,0,1,ok,1.0,235,3380,235,2000,1725.0021340915473,1448.1546878700494,1024.0,2896.309375740099,0.0,4579.4672179195695,0.0545,0.0545,0.2895
25023936B2,0,1,ok,2.0,235,3380,235,2000,8360.07253298822,5169.495526644742,2088.474592692338,19679.384644851067,368.3924537772184,29150.03897081443,0.0,0.0095,0.0195
25023936B2,0,1,ok,4.0,235,3380,235,2000,14246.563530476373,10227.599522859702,4334.174085105488,31102.994245037513,123.06502346320826,45897.80414137478,0.001,0.001,0.009
25023936B2,0,1,ok,8.0,235,3380,235,2000,68741.75037998262,69021.71525408665,44927.116147425055,92846.83119844251,28909.347969125833,107769.31133212274,0.0,0.0,0.0
25023961B2,0,1,ok,1.0,49,622,49,622,2260.350290118809,2048.0,1024.0,3898.174519342326,0.0,9166.80151415967,0.04180064308681672,0.04340836012861737,0.22508038585209003
25023961B2,0,1,ok,2.0,49,622,49,622,30220.00738145759,32072.223900526296,16323.60618647905,42478.897350568244,6686.904365997767,50550.34299586898,0.0,0.0,0.0
25023961B2,0,1,ok,4.0,49,622,49,622,83730.42497152924,83517.40936856513,64404.36780423417,102055.31132598623,47447.25779220544,110780.64748411611,0.0,0.0,0.0
25023961B2,0,1,ok,8.0,49,622,49,622,227208.8956862571,225883.86469142488,204286.4484625438,249048.13989836408,188363.79545974327,258213.11029651458,0.0,0.0,0.0
25023972B3,0,1,ok,1.0,267,3897,267,2000,1739.3547520668885,1448.1546878700494,1024.0,2896.309375740099,0.0,5792.618751480198,0.055,0.055,0.288
25023972B3,0,1,ok,2.0,267,3897,267,2000,13081.726006978675,6149.5186803521465,2206.4351338754554,35970.72010347598,208.00961516237658,47388.1855423902,0.005,0.005,0.015
25023972B3,0,1,ok,4.0,267,3897,267,2000,91981.25568916881,90341.71722881673,49658.77570312376,132950.91805928887,26232.931060024537,146699.3763347343,0.0,0.0,0.0
25023972B3,0,1,ok,8.0,267,3897,267,2000,287780.4605569487,284851.43025667337,243413.4644179165,330817.64786941704,220303.3098979677,345322.9363262742,0.0,0.0,0.0
25023977B2,0,1,ok,1.0,200,2514,200,2000,1920.0330780200177,2048.0,1024.0,3238.1723240124206,0.0,6556.799219131237,0.051,0.052,0.2595
25023977B2,0,1,ok,2.0,200,2514,200,2000,9456.811943365634,6040.320778443243,2223.0171773037046,22188.847067372593,144.77914214416384,33148.80524242164,0.001,0.003,0.0235
25023977B2,0,1,ok,4.0,200,2514,200,2000,19156.874982916794,17482.28752025839,5756.098250607509,35902.35590649987,694.4818212163656,54122.65515475012,0.0,0.0,0.003
25023977B2,0,1,ok,8.0,200,2514,200,2000,71747.18776736903,71943.70071066868,38248.1195394639,104289.31783343691,5212.755988917955,126093.87950650103,0.0,0.0,0.0
25024142B2,3,1,ok,1.0,131,1713,131,1713,1881.9452972346517,2048.0,1024.0,3072.0,0.0,8810.458841626809,0.05137186223000584,0.05253940455341506,0.2603619381202569
25024142B2,3,1,ok,2.0,131,1713,131,1713,15994.355638026982,13590.410884149162,3015.2048023310126,33492.708502477384,323.7838785362854,50211.97136141938,0.0,0.004086398131932283,0.01284296555750146
25024142B2,3,1,ok,4.0,131,1713,131,1713,38648.53890426421,37877.136071778186,21311.175258815834,57126.077053623405,1489.6254562808733,69735.05176021597,0.0,0.0,0.0
25024142B2,3,1,ok,8.0,131,1713,131,1713,131195.01710308416,130875.5068796297,115298.01441487376,148825.76762837206,96538.62004400104,162314.77745418006,0.0,0.0,0.0
25024243B2,2,1,ok,1.0,281,4146,281,2000,1856.184798204605,1448.1546878700494,1024.0,2896.309375740099,0.0,29569.724804265596,0.057,0.057,0.287
25024243B2,2,1,ok,2.0,281,4146,281,2000,9588.161085859818,5661.021196650756,2058.5045542820644,23150.387189094483,242.98971171636055,36406.24479399104,0.0005,0.0045,0.026
25024243B2,2,1,ok,4.0,281,4146,281,2000,29215.80852973926,27820.036447010883,6355.198895392653,55886.535038037306,207.2510554858527,72059.63647563038,0.002,0.0025,0.0055
25024243B2,2,1,ok,8.0,281,4146,281,2000,111652.97162512715,113101.47021621892,72679.37806876344,152047.02798193519,35882.9207283911,169625.1804450035,0.0,0.0,0.0
25024254B2,4,1,ok,1.0,135,1785,135,1785,2248.78558442763,2289.7336089597848,1024.0,3878.9885810176393,0.0,7240.773439350247,0.044257703081232495,0.04481792717086835,0.20224089635854342
25024254B2,4,1,ok,2.0,135,1785,135,1785,15277.377110301872,13538.945453764116,4421.168660765855,27577.17497644368,276.90431560378397,43017.39453988351,0.0,0.0011204481792717086,0.004481792717086834
25024254B2,4,1,ok,4.0,135,1785,135,1785,54784.88300075952,56143.68567345753,25940.939308881076,81123.96612783377,927.5521548678544,101794.16227367855,0.0,0.0,0.0005602240896358543
25024254B2,4,1,ok,8.0,135,1785,135,1785,117882.64873527191,119602.34514423202,93855.28999685329,136579.29336426075,79312.81248953412,164567.98347187706,0.0,0.0,0.0
25024302B4,2,1,ok,1.0,166,2287,166,2000,1819.431671485254,1448.1546878700494,1024.0,2896.309375740099,0.0,21765.07753259795,0.0535,0.054,0.2915
25024302B4,2,1,ok,2.0,166,2287,166,2000,7107.32020531592,5359.43616437401,2122.2412680937105,14405.202532418627,371.24789561693143,37000.62210287822,0.0,0.0075,0.0195
25024302B4,2,1,ok,4.0,166,2287,166,2000,18412.875639782378,15125.470545345623,4524.745222613755,38634.847608987075,339.092907622675,51196.2133853667,0.0,0.0015,0.005
25024302B4,2,1,ok,8.0,166,2287,166,2000,76443.07815085462,78207.7335197762,45633.413691882764,106710.51212593025,31194.44373602453,120083.26131896985,0.0,0.0,0.0
25024310B3,0,1,ok,1.0,405,5984,405,2000,1747.317287601565,1448.1546878700494,1024.0,2289.7336089597848,0.0,24512.532998447958,0.06,0.06,0.294
25024310B3,0,1,ok,2.0,405,5984,405,2000,5390.920763542574,3904.631224584468,1718.138818605761,11813.47991905762,183.40392580312997,28319.671202187357,0.0065,0.0065,0.0365
25024310B3,0,1,ok,4.0,405,5984,405,2000,28192.53524885292,18357.116467462965,4652.8560046491875,65499.875408187014,480.71301209765477,87057.91181162112,0.0,0.001,0.0045
25024310B3,0,1,ok,8.0,405,5984,405,2000,130005.46394543043,123012.0031737077,80974.45499370008,182201.25665546246,49539.44800863248,205249.84061625967,0.0,0.0,0.0
25024431B,4,1,ok,1.0,196,2750,196,2000,1797.4957408134171,1448.1546878700494,1024.0,2289.7336089597848,0.0,21693.55595562885,0.058,0.058,0.3
25024431B,4,1,ok,2.0,196,2750,196,2000,7426.317467133673,5100.286294720887,2128.9621884852722,16222.06328723503,102.44998779892558,24707.197352188694,0.008,0.008,0.025
25024431B,4,1,ok,4.0,196,2750,196,2000,33797.0425998128,35847.015603938096,10023.147873154527,54226.63238936464,848.1703838262687,67308.25756175835,0.0,0.0,0.002
25024431B,4,1,ok,8.0,196,2750,196,2000,114685.59355481803,115191.45267018428,83240.56382191394,144047.94849343857,47345.41909203043,157012.72182851937,0.0,0.0,0.0
25024433B2,1,1,ok,1.0,177,2336,177,2000,1773.5026037976602,1448.1546878700494,1024.0,2896.309375740099,0.0,5857.673258214391,0.0605,0.061,0.283
25024433B2,1,1,ok,2.0,177,2336,177,2000,14013.285846881074,9750.144235369837,2768.0238438279393,31534.737531587474,58.82176467941097,41725.964015226775,0.0005,0.0015,0.0145
25024433B2,1,1,ok,4.0,177,2336,177,2000,19981.95196809821,15831.658211306587,5515.9007006981265,39781.83177477403,490.8625062071863,51983.73292675315,0.0,0.001,0.0055
25024433B2,1,1,ok,8.0,177,2336,177,2000,74435.29024523843,82443.11605867886,36264.088202492596,108288.27868876763,19027.759142894363,122395.72143257296,0.0,0.0,0.0
25024688B2,0,1,ok,1.0,171,2465,171,2000,1789.550133515377,1448.1546878700494,1024.0,2896.309375740099,0.0,5120.0,0.054,0.054,0.2815
25024688B2,0,1,ok,2.0,171,2465,171,2000,16181.031223661646,15750.769646973728,3733.6412521826464,29538.33778665058,154.65122049308243,37011.691179950154,0.0025,0.0025,0.0075
25024688B2,0,1,ok,4.0,171,2465,171,2000,67099.91107796552,64346.76261570379,32548.21731217167,98806.144153692,21856.29897764029,110449.18370001654,0.0,0.0,0.0
25024688B2,0,1,ok,8.0,171,2465,171,2000,203311.7264288727,192285.73836497692,168564.7813932436,237017.64322209707,160261.3167454954,246585.7756887043,0.0,0.0,0.0
25024695B2,2,1,ok,1.0,124,1743,124,1743,1698.3957698160218,1448.1546878700494,1024.0,2289.7336089597848,0.0,4222.060160632484,0.05966724039013196,0.05966724039013196,0.2966150315547906
25024695B2,2,1,ok,2.0,124,1743,124,1743,9385.646448534522,7706.786619597042,2491.0705239674576,19404.07142372048,390.12433915355757,27261.226476444524,0.0,0.0011474469305794606,0.022948938611589215
25024695B2,2,1,ok,4.0,124,1743,124,1743,22077.18907722211,21217.29106177318,5035.395217855297,43353.281840907366,502.86081573333985,52506.593262179944,0.0,0.0017211703958691911,0.002868617326448652
25024695B2,2,1,ok,8.0,124,1743,124,1743,87232.05439440081,88907.09505995571,63638.155867703805,108218.0355530689,53939.01212480629,116344.93487900536,0.0,0.0,0.0
25024698B4,3,1,ok,1.0,311,4574,311,2000,1712.7762865255645,1448.1546878700494,1024.0,2896.309375740099,0.0,4579.4672179195695,0.062,0.062,0.298
25024698B4,3,1,ok,2.0,311,4574,311,2000,5318.743592517779,4065.206759809395,1649.4750680140637,11473.38842443205,51.40038910358559,20914.613455667786,0.0035,0.0035,0.0325
25024698B4,3,1,ok,4.0,311,4574,311,2000,23081.99073609146,19197.153719799506,5123.527940184191,48808.82499618744,109.48059188732951,63885.53764350739,0.0025,0.0025,0.004
25024698B4,3,1,ok,8.0,311,4574,311,2000,101329.63856589586,101968.6146741699,66253.82577418128,136288.99173078657,53094.8176943852,150767.5406975918,0.0,0.0,0.0
25024709B2,4,1,ok,1.0,239,3587,239,2000,1818.9660605381773,1448.1546878700494,1024.0,2896.309375740099,0.0,9154.772307381543,0.0555,0.0555,0.283
25024709B2,4,1,ok,2.0,239,3587,239,2000,19225.417458930053,14232.818411582717,2732.975118803682,44058.36312450976,508.0797181545432,52710.85236457479,0.0,0.005,0.019
25024709B2,4,1,ok,4.0,239,3587,239,2000,18712.226183884424,16156.002754394418,5311.964641941304,37429.498411259534,209.95475703112803,48356.720908266725,0.0005,0.001,0.005
25024709B2,4,1,ok,8.0,239,3587,239,2000,74088.45709706243,75020.20087633398,46627.41824796218,98489.52816953482,26971.616506987488,115702.70158038662,0.0,0.0,0.0
25024732B2,4,1,ok,1.0,192,2729,192,2000,1764.9733299915822,1448.1546878700494,1024.0,2896.309375740099,0.0,7798.5516604046425,0.0505,0.0505,0.283
25024732B2,4,1,ok,2.0,192,2729,192,2000,11896.04509919559,10959.111484463465,3057.69014126677,22992.625503892246,176.26400653565094,29971.65115571713,0.003,0.003,0.014
25024732B2,4,1,ok,4.0,192,2729,192,2000,49185.76845682692,52324.49890314341,15777.225877483694,81782.71841002392,1977.8556570184792,91688.89438203517,0.0,0.0,0.0
25024732B2,4,1,ok,8.0,192,2729,192,2000,170773.06553691585,176865.9681004206,135491.75341201478,204873.41211374674,121231.36238201731,213945.65474671367,0.0,0.0,0.0
25024765B2,1,1,ok,1.0,375,5583,375,2000,1676.7788409329157,1448.1546878700494,1024.0,2289.7336089597848,0.0,6228.748831025377,0.0635,0.0635,0.297
25024765B2,1,1,ok,2.0,375,5583,375,2000,6490.442696717191,3900.654304087969,1875.3474344771423,18114.398805866454,208.61447696648477,28900.42048137016,0.0095,0.0095,0.0315
25024765B2,1,1,ok,4.0,375,5583,375,2000,37886.40631109689,34267.13685007304,5433.454886165891,76849.16868195507,599.0926472591698,90900.90182170912,0.0,0.0,0.0035
25024765B2,1,1,ok,8.0,375,5583,375,2000,151204.2796031028,155730.9016945184,105783.00989316215,195826.19366198863,89244.07750657744,212230.49085369427,0.0,0.0,0.0
25024855B3,4,1,ok,1.0,126,1763,126,1763,1836.8503551714807,2048.0,1024.0,2896.309375740099,0.0,6476.344648024841,0.05445263754963131,0.05445263754963131,0.2688598979013046
25024855B3,4,1,ok,2.0,126,1763,126,1763,18042.09428061317,17872.344697884495,6720.0405504728915,29615.4673014057,351.31894341182345,38991.42265934907,0.0,0.0011344299489506524,0.0028360748723766306
25024855B3,4,1,ok,4.0,126,1763,126,1763,50520.7119546164,54712.59636500538,21982.84915921215,76396.07102834697,5368.331677532602,83383.18780785489,0.0,0.0,0.0
25024855B3,4,1,ok,8.0,126,1763,126,1763,161622.4448736052,169297.92896843128,129445.83869163806,190713.4006212552,113985.64773251061,197216.67779627565,0.0,0.0,0.0
25024855B4,0,1,ok,1.0,157,1867,157,1867,1886.514862671503,2048.0,1024.0,3072.0,0.0,6476.344648024841,0.05409748259239421,0.05463310123192287,0.2629887520085699
25024855B4,0,1,ok,2.0,157,1867,157,1867,9730.00979329864,7631.542570149236,2409.663876975376,21394.20571711153,151.4199458459816,33554.468197246104,0.0032137118371719335,0.0058918050348152114,0.016604177825388325
25024855B4,0,1,ok,4.0,157,1867,157,1867,46923.74392084746,45927.736107933735,28634.980448791306,67788.44627758449,11249.030536006203,85108.94364283932,0.0,0.0,0.0
25024855B4,0,1,ok,8.0,157,1867,157,1867,149843.41699142574,149487.1839857852,131264.03857873642,171337.80702392536,115977.59735397177,183130.9704009674,0.0,0.0,0.0
25024875B2,1,1,ok,1.0,76,1097,76,1097,1916.8869339220214,2048.0,1024.0,3072.0,0.0,5221.395981919011,0.0528714676390155,0.0528714676390155,0.26162260711030083
25024875B2,1,1,ok,2.0,76,1097,76,1097,6483.835583639705,5899.206811089098,2599.8894207254275,11354.951034680864,679.5770743631659,15879.32092376749,0.0,0.0,0.02187784867821331
25024875B2,1,1,ok,4.0,76,1097,76,1097,27907.093795326986,28297.138954318332,13948.259556269479,41049.42541690905,6666.684408309726,49428.95937605808,0.0,0.0,0.0
25024875B2,1,1,ok,8.0,76,1097,76,1097,92343.30291421976,91561.33918308535,76958.93175883881,107994.74152270779,69429.44839907631,116903.7086879625,0.0,0.0,0.0
25024878B3,3,1,ok,1.0,324,4685,324,2000,1719.5901783651268,1448.1546878700494,1024.0,2289.7336089597848,0.0,5514.408762505732,0.0565,0.0565,0.3065
25024878B3,3,1,ok,2.0,324,4685,324,2000,10890.878235241067,8188.935043321906,2421.503665080852,23909.209417849248,496.0090724976711,49591.25084125223,0.0,0.002,0.0225
25024878B3,3,1,ok,4.0,324,4685,324,2000,29551.502620396248,33069.8463408369,4409.41640129394,61263.50747109041,178.91059219621403,76525.91257868148,0.0015,0.0015,0.0045
25024878B3,3,1,ok,8.0,324,4685,324,2000,95086.5805142943,111273.94431806942,46203.09018086222,143098.46046459387,16420.22472440618,159615.36567636588,0.0,0.0,0.0
25024982B1,3,1,ok,1.0,173,2477,173,2000,1783.0849359396088,2048.0,1024.0,2896.309375740099,0.0,4579.4672179195695,0.056,0.056,0.273
25024982B1,3,1,ok,2.0,173,2477,173,2000,12469.543889036886,10207.166159125656,2589.0847803808974,27466.275586488668,475.04210339716207,36534.11251145975,0.0,0.0005,0.0195
25024982B1,3,1,ok,4.0,173,2477,173,2000,22121.032804329305,17996.95783575432,4474.347189227293,47401.161023007684,191.0,58479.92995891839,0.0015,0.0015,0.004
25024982B1,3,1,ok,8.0,173,2477,173,2000,90798.8400582141,89039.57248878219,57579.71248550558,125585.64494151666,46047.65671562452,136884.84760556955,0.0,0.0,0.0
25024982B2,3,1,ok,1.0,261,3821,261,2000,1731.61626872102,1448.1546878700494,1024.0,2896.309375740099,0.0,4579.4672179195695,0.062,0.062,0.2985
25024982B2,3,1,ok,2.0,261,3821,261,2000,8844.303386105876,5433.717696016237,2057.766021684681,21658.144888240084,482.2955525401411,33898.397484246954,0.0,0.0085,0.0185
25024982B2,3,1,ok,4.0,261,3821,261,2000,17256.392766107467,14389.342070558352,4790.7030799246995,35794.19486648516,439.24594477354026,46423.39178689985,0.0,0.0025,0.0045
25024982B2,3,1,ok,8.0,261,3821,261,2000,73830.04409235211,73608.57805711305,51887.74780599921,95953.50454380509,40091.23639899374,109857.42476956212,0.0,0.0,0.0
25024983B2,0,1,ok,1.0,291,4255,291,2000,1734.6218522877969,1448.1546878700494,1024.0,2896.309375740099,0.0,4579.4672179195695,0.059,0.059,0.281
25024983B2,0,1,ok,2.0,291,4255,291,2000,5802.561321209311,3996.830744477429,1804.3148284044003,13260.409409417636,339.03392160667346,37112.861382545,0.0,0.008,0.0265
25024983B2,0,1,ok,4.0,291,4255,291,2000,13037.4770641432,8507.863656641424,3844.1644085548683,31023.49443975081,599.733274047722,42825.19781623898,0.0,0.0,0.009
25024983B2,0,1,ok,8.0,291,4255,291,2000,45321.46366031538,38552.5562925504,11304.578879334553,86029.54609886576,418.7600745056768,99732.16355820223,0.0,0.0005,0.0005
25025076B,0,1,ok,1.0,270,3951,270,2000,1673.310178893325,1448.1546878700494,1024.0,2289.7336089597848,0.0,4222.060160632484,0.0665,0.0665,0.307
25025076B,0,1,ok,2.0,270,3951,270,2000,12650.345557509034,11437.23520580958,2604.866267689236,25925.34615101961,193.6620768245554,34115.00924813007,0.003,0.003,0.016
25025076B,0,1,ok,4.0,270,3951,270,2000,43484.70303237722,47847.349934442,7468.448901880497,81778.73997762467,643.540985485773,94313.07455490994,0.0,0.0,0.0025
25025076B,0,1,ok,8.0,270,3951,270,2000,160794.5280826319,168158.88912285125,118002.5172820494,202101.81102159154,101082.2717641427,214316.81371278362,0.0,0.0,0.0
25025083B2,4,1,ok,1.0,217,3283,217,2000,1748.389889973307,1448.1546878700494,1024.0,2896.309375740099,0.0,7384.16901215025,0.067,0.067,0.296
25025083B2,4,1,ok,2.0,217,3283,217,2000,14653.99960777026,13528.470460477045,3011.444835954994,28487.03728872312,350.90739519138094,38707.80625403615,0.0,0.003,0.0105
25025083B2,4,1,ok,4.0,217,3283,217,2000,41300.48285733925,49219.988453622114,5584.238209020085,82341.55915859148,83.09632964216891,96817.22689686996,0.001,0.001,0.0025
25025083B2,4,1,ok,8.0,217,3283,217,2000,154177.01754660672,168353.58402310492,107061.82859081724,199423.62469231992,96562.97986806331,216373.5513596798,0.0,0.0,0.0
25025087B,0,1,ok,1.0,170,2204,170,2000,1881.2870668565613,2048.0,1024.0,3072.0,0.0,6476.344648024841,0.056,0.056,0.262
25025087B,0,1,ok,2.0,170,2204,170,2000,13650.502528414328,11109.687630459617,2937.95650157593,31213.06907942722,257.3285837212804,41855.69504858329,0.0,0.004,0.012
25025087B,0,1,ok,4.0,170,2204,170,2000,26327.204466572242,25069.612784275167,7429.233783165672,46627.41994835227,270.1184925176357,62411.93431548168,0.0,0.0005,0.003
25025087B,0,1,ok,8.0,170,2204,170,2000,110623.1473627773,111911.56612651609,88170.04201357343,132248.0931396455,70307.46177327126,142733.45520935167,0.0,0.0,0.0
25025096B2,3,1,ok,1.0,330,4868,330,2000,1716.2067575455023,1448.1546878700494,1024.0,2289.7336089597848,0.0,4579.4672179195695,0.06,0.06,0.287
25025096B2,3,1,ok,2.0,330,4868,330,2000,12955.646533783745,9764.274748194854,2388.493248891443,29370.084796694875,264.8490135907627,41288.48993363647,0.0,0.006,0.0135
25025096B2,3,1,ok,4.0,330,4868,330,2000,26113.882884321894,22147.32834903569,5976.376912477994,54965.060547248344,528.4581345764298,74982.88127299458,0.0,0.0,0.0025
25025096B2,3,1,ok,8.0,330,4868,330,2000,111872.40976006536,109887.21320000678,71908.69862739684,156361.9611355735,48888.49657127942,176378.93861796538,0.0,0.0,0.0
25025097B,3,1,ok,1.0,261,3783,261,2000,1771.7786059392713,1448.1546878700494,1024.0,2896.309375740099,0.0,5514.408762505732,0.0565,0.0565,0.2785
25025097B,3,1,ok,2.0,261,3783,261,2000,5976.668602086266,4060.6187952084347,1807.5223373446868,14735.788848921526,356.5851931867054,25994.444656503052,0.0,0.0095,0.031
25025097B,3,1,ok,4.0,261,3783,261,2000,13085.287251563142,9376.659159850058,4190.8505418729355,27705.293808223727,266.1522120892479,44829.80804107909,0.0,0.0025,0.0075
25025097B,3,1,ok,8.0,261,3783,261,2000,56995.66958864895,57410.16257346354,26527.106532752492,88232.28177286629,9968.12625321329,105659.98592182378,0.0,0.0,0.0
25025102B2,3,1,ok,1.0,401,5777,401,2000,1765.3685740856413,1448.1546878700494,1024.0,2896.309375740099,0.0,17893.875600327618,0.0675,0.068,0.2955
25025102B2,3,1,ok,2.0,401,5777,401,2000,6535.541063905338,3964.4177378273343,1704.2065602502532,16759.471641240027,86.16263691415206,28218.380463804086,0.004,0.004,0.0365
25025102B2,3,1,ok,4.0,401,5777,401,2000,9309.862633550722,7600.0,3226.0897234540275,19690.204777909283,359.5552808679077,38448.053266712996,0.0,0.003,0.0085
25025102B2,3,1,ok,8.0,401,5777,401,2000,34532.30320600443,29998.736491957232,9596.800477744413,66167.1626459243,726.6828744369858,86328.95597654358,0.0,0.0,0.0015
25025109B2,2,1,ok,1.0,359,5272,359,2000,1827.8140173487668,1448.1546878700494,1024.0,2289.7336089597848,0.0,31473.069186210614,0.059,0.059,0.2955
25025109B2,2,1,ok,2.0,359,5272,359,2000,9047.594627726185,5766.703824543099,2289.34565019214,20593.65322034562,548.1833634834243,43508.6959698863,0.0,0.0,0.0275
25025109B2,2,1,ok,4.0,359,5272,359,2000,52922.25927578881,54183.19385196853,18420.45474862514,86739.0694900516,2106.240489592772,102047.56475291314,0.0,0.0,0.0
25025109B2,2,1,ok,8.0,359,5272,359,2000,183768.1379539442,181271.68168916702,146152.5125313987,223459.04534595832,107088.86073257106,238868.26119851085,0.0,0.0,0.0
25025240B,1,1,ok,1.0,146,2110,146,2000,1749.3877580607284,1448.1546878700494,1024.0,2896.309375740099,0.0,6228.748831025377,0.0575,0.0575,0.294
25025240B,1,1,ok,2.0,146,2110,146,2000,10087.21763441288,8801.094534204254,2477.0177633598028,20290.246196540324,187.275198571514,29698.58287864928,0.003,0.0045,0.0155
25025240B,1,1,ok,4.0,146,2110,146,2000,22563.03976340173,20290.445665184576,4703.244943653264,44518.587545366645,419.75349909202663,56961.18875164036,0.0,0.0015,0.003
25025240B,1,1,ok,8.0,146,2110,146,2000,89422.49208342042,88218.79162109672,59480.395951258084,118702.92961538774,50891.23461854703,132744.26300221038,0.0,0.0,0.0
25025245B2,2,1,ok,1.0,247,3596,247,2000,1766.1392715383802,1448.1546878700494,1024.0,2896.309375740099,0.0,6476.344648024841,0.0565,0.0565,0.2925
25025245B2,2,1,ok,2.0,247,3596,247,2000,5678.507640696008,4282.446263527425,1836.4536476589874,12124.041611607905,426.3543127493845,21818.914386375873,0.0,0.0055,0.033
25025245B2,2,1,ok,4.0,247,3596,247,2000,22202.720830106507,15786.566616520224,4761.279029840616,48114.58065314363,457.5609249050885,63115.10862701577,0.0,0.0015,0.0035
25025245B2,2,1,ok,8.0,247,3596,247,2000,100590.65383582829,100486.82902049624,68017.85374957618,133593.98265539034,52456.895924177596,149870.32960863202,0.0,0.0,0.0
25025251B,4,1,ok,1.0,206,2941,206,2000,1723.9039769940819,1448.1546878700494,1024.0,2896.309375740099,0.0,5120.0,0.0575,0.0575,0.303
25025251B,4,1,ok,2.0,206,2941,206,2000,11890.874642927962,10663.109833681152,2860.2004117419333,24135.320698226475,32.64965543462902,31631.460857823182,0.0015,0.005,0.0105
25025251B,4,1,ok,4.0,206,2941,206,2000,47444.292815931934,47739.6724303447,26133.87092488254,70345.59417060686,7406.009586815291,84606.29633780218,0.0,0.0,0.0
25025251B,4,1,ok,8.0,206,2941,206,2000,164114.49239524847,164143.45150587778,143982.07815868926,184400.83472219532,131931.5056307628,200129.53534148826,0.0,0.0,0.0
25025262B2,2,1,ok,1.0,196,2904,196,2000,1689.217335456376,1448.1546878700494,1024.0,2289.7336089597848,0.0,4579.4672179195695,0.0595,0.0595,0.3075
25025262B2,2,1,ok,2.0,196,2904,196,2000,8745.895786767602,4979.597172462849,2018.8551211020567,21119.622342231374,413.80671816682724,29661.690916062085,0.0,0.007,0.022
25025262B2,2,1,ok,4.0,196,2904,196,2000,11298.235974412124,8268.779111815722,3556.670088070599,25214.8156006504,207.9326814139615,40721.4836664874,0.0005,0.0015,0.007
25025262B2,2,1,ok,8.0,196,2904,196,2000,45662.252740735945,42764.16834970956,15635.580602006754,79610.65982282128,6528.174323652824,94733.96788903124,0.0,0.0,0.0
25025291B,2,1,ok,1.0,238,3428,238,2000,1673.7638424399122,1448.1546878700494,1024.0,2289.7336089597848,0.0,4096.0,0.0605,0.0605,0.2975
25025291B,2,1,ok,2.0,238,3428,238,2000,6992.266924846864,4216.880837775713,1858.4124945770247,17174.830071939577,525.1475982997542,24525.296675065933,0.0,0.0,0.0395
25025291B,2,1,ok,4.0,238,3428,238,2000,34266.68789685897,33906.248149268045,10680.86405680739,58172.79445247051,456.0274114568114,69361.38479009773,0.0,0.0005,0.002
25025291B,2,1,ok,8.0,238,3428,238,2000,127973.00291443766,128931.92404457167,102564.14697874831,152606.5455892357,79676.86003476793,164659.87519732912,0.0,0.0,0.0
25025293B2,4,1,ok,1.0,203,2659,203,2000,1744.924430966257,1448.1546878700494,1024.0,2896.309375740099,0.0,5120.0,0.0555,0.056,0.2845
25025293B2,4,1,ok,2.0,203,2659,203,2000,18021.906280947565,13286.946941503273,2356.1803835869614,43097.45359067053,87.46427842267951,50564.66815870544,0.001,0.006,0.0155
25025293B2,4,1,ok,4.0,203,2659,203,2000,13328.416675578617,10470.968917211496,3891.4565363478805,26502.12750612324,337.013352851189,36490.44336535253,0.0,0.0015,0.0055
25025293B2,4,1,ok,8.0,203,2659,203,2000,52017.07754696734,52022.68871348079,30649.927461388623,72412.69700733932,14448.650386800839,87563.06208099394,0.0,0.0,0.0
25025297B,4,1,ok,1.0,310,4651,310,2000,1731.0174288263001,1448.1546878700494,1024.0,2896.309375740099,0.0,4579.4672179195695,0.0565,0.0565,0.294
25025297B,4,1,ok,2.0,310,4651,310,2000,9703.853100033544,5261.470516880238,1981.4822734508627,22958.895796917717,482.6851976184892,32083.244115893267,0.0,0.0045,0.0335
25025297B,4,1,ok,4.0,310,4651,310,2000,34986.36895539838,35095.116573457955,10843.645161603954,59627.92958999224,1056.3754067565185,71157.95792460602,0.0,0.0,0.0
25025297B,4,1,ok,8.0,310,4651,310,2000,126170.862211424,127944.07223969314,94247.34852329857,157062.62294604548,67746.92259431421,169650.29367495948,0.0,0.0,0.0
25025298B2,2,1,ok,1.0,386,5726,386,2000,1690.265650706104,1448.1546878700494,1024.0,2289.7336089597848,0.0,4579.4672179195695,0.0625,0.0625,0.293
25025298B2,2,1,ok,2.0,386,5726,386,2000,5748.471086495522,3787.4784487835705,1543.5753949839961,15500.895458005,145.8800877433243,28206.33006968471,0.008,0.013,0.037
25025298B2,2,1,ok,4.0,386,5726,386,2000,32398.87819876805,35349.05038863121,4551.250916432361,70310.42627267275,305.41938379873665,84952.71531858179,0.0,0.0015,0.002
25025298B2,2,1,ok,8.0,386,5726,386,2000,131917.4394314915,142404.75995180054,83895.11791309199,178691.50885690382,73362.07609521422,193306.45183231728,0.0,0.0,0.0
25025506B,0,1,ok,1.0,218,3046,218,2000,1766.9955750070992,1748.0773439350246,1024.0,2896.309375740099,0.0,5514.408762505732,0.0585,0.0585,0.284
25025506B,0,1,ok,2.0,218,3046,218,2000,13665.921550044357,11471.993740054044,2527.5824417810786,28699.224693360622,261.8110005328271,41485.24858308071,0.0,0.006,0.0165
25025506B,0,1,ok,4.0,218,3046,218,2000,25879.569534041264,20351.258481594436,7796.621447781084,51731.439396446476,504.54930383462033,64419.68352142069,0.0,0.0005,0.003
25025506B,0,1,ok,8.0,218,3046,218,2000,92302.3436767602,83923.3996015507,48990.51288369583,138481.63588047598,38426.174022403015,152013.23726899576,0.0,0.0,0.0
25025509B2,3,1,ok,1.0,229,3442,229,2000,1762.1537421729615,1448.1546878700494,1024.0,2896.309375740099,0.0,4579.4672179195695,0.0525,0.0525,0.281
25025509B2,3,1,ok,2.0,229,3442,229,2000,16301.884799441254,16239.743994287595,3486.4040213377452,29852.566308104488,271.773803005367,37069.94210947732,0.0,0.003,0.0065
25025509B2,3,1,ok,4.0,229,3442,229,2000,62644.81426879835,52409.05508813799,17028.33418159275,106202.37622952633,4099.264934107089,114992.16474177709,0.0,0.0,0.0
25025509B2,3,1,ok,8.0,229,3442,229,2000,213098.50479997616,200086.19407849392,164520.28805872146,259136.86687218718,154631.07311598145,270666.9815696034,0.0,0.0,0.0
25025510B1,1,1,ok,1.0,336,5062,336,2000,1715.2393400906208,1448.1546878700494,1024.0,2289.7336089597848,0.0,9182.28555426153,0.06,0.06,0.2985
25025510B1,1,1,ok,2.0,336,5062,336,2000,7654.19008347374,4834.64565193666,1927.7842202902275,16514.714891887168,458.4495610206209,31242.89111141925,0.0,0.011,0.0335
25025510B1,1,1,ok,4.0,336,5062,336,2000,13405.818465604514,8733.580308212664,3740.104677954572,31636.61438569257,393.547964039963,48401.17420063278,0.0,0.0015,0.0065
25025510B1,1,1,ok,8.0,336,5062,336,2000,48430.23693033004,36468.5056330487,9729.574132448866,94523.33111874829,261.13789460742765,113883.64925659873,0.0,0.001,0.001
25025510B3,0,1,ok,1.0,325,4841,325,2000,1681.069331083697,1448.1546878700494,1024.0,2289.7336089597848,0.0,4344.464063610148,0.0605,0.0605,0.3015
25025510B3,0,1,ok,2.0,325,4841,325,2000,7708.165710365352,4928.349216522709,2030.7678350811054,17891.44427969375,274.08392875176025,29727.761049228044,0.0,0.004,0.025
25025510B3,0,1,ok,4.0,325,4841,325,2000,40274.88096342793,39204.15966571028,6583.824572389516,75502.32277355106,165.6804152578089,90679.89312410993,0.001,0.001,0.0025
25025510B3,0,1,ok,8.0,325,4841,325,2000,156183.1206253182,150729.48254030728,116893.71241431251,197303.6345171221,100600.17639149546,213066.32638922558,0.0,0.0,0.0
25025567B3,3,1,ok,1.0,287,4188,287,2000,1692.4576711087993,1448.1546878700494,1024.0,2289.7336089597848,0.0,6228.748831025377,0.0595,0.0595,0.2945
25025567B3,3,1,ok,2.0,287,4188,287,2000,11238.052034228955,5872.555321152794,2185.6843321943816,27787.65275873438,396.1413889004783,38082.29396977025,0.0,0.005,0.0215
25025567B3,3,1,ok,4.0,287,4188,287,2000,18538.73444065044,11911.678514413734,4265.192975714521,41435.401723914285,184.67809832245945,56907.22274017596,0.004,0.004,0.0075
25025567B3,3,1,ok,8.0,287,4188,287,2000,61840.205680116,79480.26342003787,11154.87226886491,110792.00522263792,1137.0954225569637,121988.85719605706,0.0,0.0,0.0
25025567B4,2,1,ok,1.0,105,1402,105,1402,1757.4857532557642,1448.1546878700494,1024.0,2896.309375740099,0.0,4579.4672179195695,0.05920114122681883,0.05920114122681883,0.289586305278174
25025567B4,2,1,ok,2.0,105,1402,105,1402,24190.163239617825,22852.50931394532,8914.365762706277,40789.119774763465,2342.1835965611235,49001.33259412442,0.0,0.0,0.0
25025567B4,2,1,ok,4.0,105,1402,105,1402,37992.09105988927,55177.23146895727,5352.3179201629655,71754.93825538167,671.7886572427374,79587.95165098798,0.0,0.0,0.005706134094151213
25025567B4,2,1,ok,8.0,105,1402,105,1402,138397.90658163704,158178.92107152924,101173.45408225544,174345.92290152333,93495.26022210966,181710.08117328,0.0,0.0,0.0
25025569B,4,1,ok,1.0,51,628,51,628,1938.8016378644807,2048.0,1024.0,3238.1723240124206,0.0,5970.894740321588,0.050955414012738856,0.050955414012738856,0.25955414012738853
25025569B,4,1,ok,2.0,51,628,51,628,29111.217799108596,26355.904311120466,14930.676895304689,44638.03241339316,10782.255051704165,50914.6034846585,0.0,0.0,0.0
25025569B,4,1,ok,4.0,51,628,51,628,50916.55900742208,67848.19458574752,19201.3428831426,78838.90238305551,12209.484182388705,84027.28547323185,0.0,0.0,0.0
25025569B,4,1,ok,8.0,51,628,51,628,160043.22634166412,180544.96395902542,127175.41806174364,191391.5271244624,122751.87962715683,196521.9193067277,0.0,0.0,0.0
25025570B2,3,1,ok,1.0,422,6303,422,2000,1700.0200094168465,1448.1546878700494,1024.0,2289.7336089597848,0.0,4579.4672179195695,0.059,0.059,0.301
25025570B2,3,1,ok,2.0,422,6303,422,2000,4204.274746501285,3643.8572968764843,1655.7928614413097,7440.0869134911545,449.5887009256349,20199.035224485353,0.0,0.0135,0.0395
25025570B2,3,1,ok,4.0,422,6303,422,2000,18585.939219871,12624.690173829902,4382.279087415588,43433.44728165071,310.69277429641005,63614.53921864089,0.0,0.002,0.0045
25025570B2,3,1,ok,8.0,422,6303,422,2000,82004.83746999923,90513.31121128723,35327.42283776174,129513.2451039151,18096.502700798297,149949.4681817845,0.0,0.0,0.0
25025575B2,1,1,ok,1.0,385,5776,385,2000,1685.5016607782716,1448.1546878700494,1024.0,2289.7336089597848,0.0,4579.4672179195695,0.065,0.065,0.305
25025575B2,1,1,ok,2.0,385,5776,385,2000,9181.344237119682,4656.914107002619,1869.348817101827,23795.898680100272,208.0,36037.544866430624,0.0025,0.0105,0.0335
25025575B2,1,1,ok,4.0,385,5776,385,2000,54862.27154983023,68381.20911478532,10114.708989637085,97755.60035576548,465.1720111958586,111182.70138830051,0.0,0.0005,0.001
25025575B2,1,1,ok,8.0,385,5776,385,2000,198189.4920291508,212895.61835364936,149124.02877047402,244502.3146541933,134643.97213763415,261627.40945092126,0.0,0.0,0.0
25025602B2,4,1,ok,1.0,506,7540,506,2000,1708.6378542379941,1448.1546878700494,1024.0,2896.309375740099,0.0,13381.083849972692,0.072,0.072,0.312
25025602B2,4,1,ok,2.0,506,7540,506,2000,5845.783505697397,3854.0077841125335,1791.040200553857,14254.596876578016,418.01554994999884,37583.47138038209,0.0,0.0045,0.0285
25025602B2,4,1,ok,4.0,506,7540,506,2000,22855.28918999042,11524.088525718025,4322.815864688201,55446.31227911132,165.55663683464942,71280.16520744043,0.003,0.003,0.0065
25025602B2,4,1,ok,8.0,506,7540,506,2000,105410.78978085727,105366.66503862018,59373.34892771694,152760.1426924865,18437.32372119121,169622.28155522494,0.0,0.0,0.0
25025616B,1,1,ok,1.0,136,1913,136,1913,1802.1170782578913,1448.1546878700494,1024.0,2896.309375740099,0.0,5221.395981919011,0.054364871928907474,0.054364871928907474,0.2770517511761631
25025616B,1,1,ok,2.0,136,1913,136,1913,11781.946804565383,9519.963130180704,2448.2749028652806,25543.605952872313,358.93871343169434,34107.97450743741,0.0,0.006272869837950863,0.013068478829064296
25025616B,1,1,ok,4.0,136,1913,136,1913,21708.655933814818,20648.03857512863,6235.577358994114,41006.85830112704,498.9519014895123,51843.674734725355,0.0,0.0005227391531625719,0.0010454783063251437
25025616B,1,1,ok,8.0,136,1913,136,1913,88812.97189712863,90528.83854882928,63545.29403705631,111700.081228245,47893.44189970063,122956.78708391823,0.0,0.0,0.0
25025675B2,4,1,ok,1.0,310,4414,310,2000,1720.5456768542526,1448.1546878700494,1024.0,2896.309375740099,0.0,4579.4672179195695,0.059,0.06,0.291
25025675B2,4,1,ok,2.0,310,4414,310,2000,6739.87521263315,4736.351338319403,1903.7310734449864,15199.87790770249,313.06389124266633,26231.823135268354,0.0,0.004,0.0255
25025675B2,4,1,ok,4.0,310,4414,310,2000,22310.756649457602,15219.092300547516,5344.012069597149,49308.28412583843,198.13379318026495,65270.56598498285,0.0005,0.0005,0.0065
25025675B2,4,1,ok,8.0,310,4414,310,2000,96720.50112177728,97017.08803861229,55624.47566927412,136837.26438931221,35500.41082860873,152939.43041609644,0.0,0.0,0.0
25025788B2,3,1,ok,1.0,445,6674,445,2000,1778.2589985321606,1448.1546878700494,1024.0,2896.309375740099,0.0,28525.094092745778,0.056,0.056,0.2865
25025788B2,3,1,ok,2.0,445,6674,445,2000,4918.574340882998,3767.94970773231,1718.5392052554403,11218.460545012404,323.43314610596116,33363.07758585829,0.0,0.007,0.0355
25025788B2,3,1,ok,4.0,445,6674,445,2000,21324.86467751869,18434.109506095556,5150.647046731119,44213.92743689438,147.98986451781082,61741.438993596516,0.0015,0.0015,0.003
25025788B2,3,1,ok,8.0,445,6674,445,2000,91037.47562145781,91971.95285020361,54247.14657368269,127117.13204278523,29177.27206234332,145571.13280111548,0.0,0.0,0.0
25025951B,1,1,ok,1.0,265,3887,265,2000,1749.0499681464944,1448.1546878700494,1024.0,2896.309375740099,0.0,6228.748831025377,0.063,0.063,0.293
25025951B,1,1,ok,2.0,265,3887,265,2000,13734.890158525437,11996.938276076942,2697.665856426433,28515.990742038055,237.8570999570961,36999.18615321153,0.0005,0.0005,0.017
25025951B,1,1,ok,4.0,265,3887,265,2000,37059.313092116565,36039.75136928061,16345.512596375409,61132.61719646233,4712.6179560834335,77507.4829935794,0.0,0.0,0.0
25025951B,1,1,ok,8.0,265,3887,265,2000,141049.82352469864,140639.61245085188,117698.32927508914,165379.62133301608,103551.0914669662,178084.77334123768,0.0,0.0,0.0
25025953B2,3,1,ok,1.0,410,5950,410,2000,1769.9585275198956,1448.1546878700494,1024.0,2896.309375740099,0.0,23710.3555646051,0.059,0.06,0.301
25025953B2,3,1,ok,2.0,410,5950,410,2000,5779.661255792385,4135.5899216435855,1754.5369759569046,12834.377041519347,150.41608956491322,41632.18754761753,0.0025,0.0025,0.04
25025953B2,3,1,ok,4.0,410,5950,410,2000,26818.332105204976,22334.44324796953,4981.672108840565,59232.55919931017,449.60538253005825,75595.78739585956,0.0,0.0015,0.0045
25025953B2,3,1,ok,8.0,410,5950,410,2000,118752.92972117465,122399.29595995817,72459.21501474093,161305.9047120414,47934.03501688544,179974.12862964498,0.0,0.0,0.0
25025954B3,0,1,ok,1.0,40,435,40,435,2107.496898889223,2048.0,1024.0,3238.1723240124206,0.0,7802.977957164816,0.05057471264367816,0.05057471264367816,0.23218390804597702
25025954B3,0,1,ok,2.0,40,435,40,435,12328.765057823066,10372.401072075838,4845.467522263398,22874.71541200133,1203.1163700989193,29600.658387948064,0.0,0.0,0.0
25025954B3,0,1,ok,4.0,40,435,40,435,46127.836713117,45451.59570356139,34447.67030526703,61988.65523528241,30831.09393128956,67688.14939116004,0.0,0.0,0.0
25025954B3,0,1,ok,8.0,40,435,40,435,113293.01237542246,114229.51667585748,103794.1500323874,122997.23051208389,99845.76081136345,129468.78592154944,0.0,0.0,0.0
25025960B2,1,1,ok,1.0,195,2649,195,2000,1901.133477825576,2048.0,1024.0,3072.0,0.0,8860.772201112046,0.0555,0.056,0.263
25025960B2,1,1,ok,2.0,195,2649,195,2000,6982.642731671378,4791.726202528688,2077.413776790748,15030.504777080272,244.75293665245368,23669.154273019558,0.001,0.005,0.0165
25025960B2,1,1,ok,4.0,195,2649,195,2000,17588.082564404613,13719.992470692556,4913.5202529914295,37031.79338843402,342.4149529445231,48393.930197908085,0.0,0.001,0.0025
25025960B2,1,1,ok,8.0,195,2649,195,2000,70441.27344509904,71800.45949568652,40336.39132630453,101203.44960026834,17467.149509865656,113849.4275787103,0.0,0.0,0.0
25025975B2,4,1,ok,1.0,154,2129,154,2000,1831.99461989149,2048.0,1024.0,2896.309375740099,0.0,6025.519396699342,0.0575,0.0575,0.2745
25025975B2,4,1,ok,2.0,154,2129,154,2000,9838.991893567212,8024.057495524578,2901.4754867136135,18426.075895777594,310.40940707394805,37072.990505218215,0.0,0.003,0.0115
25025975B2,4,1,ok,4.0,154,2129,154,2000,38237.28781146641,41588.39756599047,7233.774671635826,65928.80419052627,194.83326204732086,85006.84264810686,0.001,0.001,0.002
25025975B2,4,1,ok,8.0,154,2129,154,2000,140009.39385483362,147745.6269268563,101730.10126861882,174564.2464835863,89252.707521957,189824.0893274613,0.0,0.0,0.0
25026075B2,3,1,ok,1.0,196,2883,196,2000,1693.409897762619,1448.1546878700494,1024.0,2289.7336089597848,0.0,4579.4672179195695,0.063,0.063,0.299
25026075B2,3,1,ok,2.0,196,2883,196,2000,7496.023302597661,4986.805089433515,2115.02813220061,16187.815437273468,195.63486396856774,23560.680486777117,0.0045,0.007,0.0225
25026075B2,3,1,ok,4.0,196,2883,196,2000,32945.194005451274,31155.562570804672,12386.073764975483,54632.86502898947,431.1855748978623,60334.220074514924,0.0,0.0005,0.001
25026075B2,3,1,ok,8.0,196,2883,196,2000,117515.40386035109,116759.02807904282,100322.25440618963,135604.817197481,92486.82016914626,144121.89152241932,0.0,0.0,0.0
25026081B2,2,1,ok,1.0,240,3397,240,2000,1691.193145745193,1448.1546878700494,1024.0,2289.7336089597848,0.0,4579.4672179195695,0.0645,0.0645,0.2935
25026081B2,2,1,ok,2.0,240,3397,240,2000,15459.815188082186,12676.030485195253,2482.934755485935,33936.5031677507,417.8097653238852,46278.37129804808,0.0,0.0035,0.0155
25026081B2,2,1,ok,4.0,240,3397,240,2000,81431.35753208735,73423.89601477521,40615.166145172916,122058.83463695132,27264.96552354321,135819.9980047121,0.0,0.0,0.0
25026081B2,2,1,ok,8.0,240,3397,240,2000,261882.65278608186,256345.52291294112,220464.2955932771,303252.0194733294,208184.29151355298,316983.9311542464,0.0,0.0,0.0
25026103B2,1,1,ok,1.0,213,3274,213,2000,1744.3480034439522,1448.1546878700494,1024.0,2896.309375740099,0.0,4579.4672179195695,0.0565,0.0565,0.286
25026103B2,1,1,ok,2.0,213,3274,213,2000,13938.60971896258,7058.665781322185,1995.5791139416147,32693.473793175508,496.7735902803208,42734.74821500648,0.0,0.009,0.021
25026103B2,1,1,ok,4.0,213,3274,213,2000,8392.032867011007,7411.3610760777265,3080.6539052491553,15344.459381902747,194.36306233438492,30577.687028289107,0.002,0.002,0.014
25026103B2,1,1,ok,8.0,213,3274,213,2000,30464.172963134853,29371.50407176572,11454.488934961455,52121.571107616066,676.6631362797888,72341.41275922112,0.0,0.0,0.001
25026103B3,1,1,ok,1.0,174,2557,174,2000,1758.4673131594138,1448.1546878700494,1024.0,2896.309375740099,0.0,5514.408762505732,0.0525,0.0525,0.2855
25026103B3,1,1,ok,2.0,174,2557,174,2000,15811.649294585666,13567.83989236521,2768.0462423883023,34660.50444153554,437.0080090799252,45026.23779531219,0.0,0.0045,0.0115
25026103B3,1,1,ok,4.0,174,2557,174,2000,26373.19266486858,23846.111592374735,4917.746841796556,54812.33005745723,229.4558781116753,63610.32167816792,0.0005,0.0005,0.0035
25026103B3,1,1,ok,8.0,174,2557,174,2000,102344.90496199786,109428.77710182243,62818.01063673748,140614.67102560468,51750.26966113317,149118.79999517163,0.0,0.0,0.0
25026144B2,0,1,ok,1.0,282,4093,282,2000,1744.453707969138,1448.1546878700494,1024.0,2896.309375740099,0.0,5120.0,0.0585,0.0585,0.2945
25026144B2,0,1,ok,2.0,282,4093,282,2000,8367.318482231974,5498.24958344001,2259.862163938323,18318.625702508496,386.98837191833036,27116.356705870352,0.0,0.005,0.014
25026144B2,0,1,ok,4.0,282,4093,282,2000,29467.83169439754,23848.91105227544,5327.991084827376,60112.54850418446,165.60495161679194,74995.14053590405,0.001,0.0015,0.0035
25026144B2,0,1,ok,8.0,282,4093,282,2000,119994.95170229625,119381.68718820463,82330.75509541381,156917.22980510356,66696.9190367891,172455.66358922515,0.0,0.0,0.0
25026144B3,1,1,ok,1.0,252,3365,252,2000,1801.7421176891746,2048.0,1024.0,2896.309375740099,0.0,5514.408762505732,0.0495,0.0495,0.2855
25026144B3,1,1,ok,2.0,252,3365,252,2000,7772.0173956899425,4751.774108054875,1942.963382755058,18482.052380744037,390.4663877979768,32566.89240624595,0.0,0.0045,0.024
25026144B3,1,1,ok,4.0,252,3365,252,2000,33213.1825138683,32415.20028937144,13731.598571307157,53323.459189011985,641.7982549056985,70058.39441494503,0.0,0.0,0.0005
25026144B3,1,1,ok,8.0,252,3365,252,2000,126534.90157366658,126225.37744417967,104747.41345470402,147009.40473430947,93281.7354094573,161864.5106501113,0.0,0.0,0.0
25026163B,2,1,ok,1.0,336,4868,336,2000,1702.5823930317442,1448.1546878700494,1024.0,2896.309375740099,0.0,4579.4672179195695,0.0605,0.0605,0.303
25026163B,2,1,ok,2.0,336,4868,336,2000,4699.276310836358,3784.942932198582,1546.4789038328327,10116.334774818863,98.85848471426213,20078.248056043136,0.0055,0.0055,0.0455
25026163B,2,1,ok,4.0,336,4868,336,2000,17912.52327327924,15883.522535123731,5066.510201873121,34479.61148573848,496.1219608120568,50691.356353918956,0.0,0.0015,0.0035
25026163B,2,1,ok,8.0,336,4868,336,2000,63551.672384090285,62021.01528973001,27351.456742519586,99586.67161778023,1318.1475638182549,121109.46777605788,0.0,0.0,0.0
25026180B2,1,1,ok,1.0,415,6279,415,2000,1683.5357850795008,1448.1546878700494,1024.0,2289.7336089597848,0.0,4579.4672179195695,0.062,0.062,0.3075
25026180B2,1,1,ok,2.0,415,6279,415,2000,8307.682851183801,4389.613650425285,2022.1107783699686,21419.363202485736,340.3116218996936,34609.33145843762,0.0,0.009,0.019
25026180B2,1,1,ok,4.0,415,6279,415,2000,49432.144962733924,52996.39354773592,9003.869612561035,88609.06555993037,1018.7855515269148,105474.3604104808,0.0,0.0,0.0005
25026180B2,1,1,ok,8.0,415,6279,415,2000,176550.67679061924,184281.8555787126,133478.31659527833,218334.69249144034,120743.49554323827,231557.66106954872,0.0,0.0,0.0
25026254B2,2,1,ok,1.0,379,5696,379,2000,1710.996088928848,1448.1546878700494,1024.0,2289.7336089597848,0.0,4579.4672179195695,0.058,0.058,0.286
25026254B2,2,1,ok,2.0,379,5696,379,2000,11860.229981533652,7547.39034368834,2114.8507995702735,28264.330412582265,337.8179983363823,42476.59832189955,0.0,0.0065,0.0195
25026254B2,2,1,ok,4.0,379,5696,379,2000,47746.83257124022,48182.58961231463,25741.645575662616,69266.54592369744,9001.782045795155,79919.7541350072,0.0,0.0,0.0
25026254B2,2,1,ok,8.0,379,5696,379,2000,143592.7708770475,144933.0608762438,117623.40883111821,165080.74920532157,94916.14370590495,185031.2246757287,0.0,0.0,0.0
25026285B2,4,1,ok,1.0,368,5526,368,2000,1749.2624738721956,1448.1546878700494,1024.0,2896.309375740099,0.0,5221.395981919011,0.057,0.057,0.278
25026285B2,4,1,ok,2.0,368,5526,368,2000,7955.213353556386,5032.204379276614,1911.7073520808565,18373.978121245273,354.17509793885847,28614.70167588682,0.0,0.008,0.0285
25026285B2,4,1,ok,4.0,368,5526,368,2000,29894.79725009884,11283.71588445469,4074.2274114241586,65248.22418488158,208.07931180201456,78900.02504435598,0.0025,0.0025,0.0075
25026285B2,4,1,ok,8.0,368,5526,368,2000,112814.75984960933,99415.0212155784,66487.67210854418,160843.1801672782,45925.77421230915,170275.75714704662,0.0,0.0,0.0
25026291B2,3,1,ok,1.0,450,6838,450,2000,1838.7139960451266,1448.1546878700494,1024.0,2896.309375740099,0.0,20503.17977778081,0.0555,0.0555,0.286
25026291B2,3,1,ok,2.0,450,6838,450,2000,7295.227649254499,4598.814194985485,1912.6526082903815,16766.856970372504,385.87562763149475,38356.67724138784,0.0,0.0085,0.019
25026291B2,3,1,ok,4.0,450,6838,450,2000,29184.750790937316,27315.696821446516,5831.602524178067,58355.58191510609,317.6476034853718,72883.55644450948,0.0,0.002,0.0035
25026291B2,3,1,ok,8.0,450,6838,450,2000,108610.33685811603,107347.55854559773,63305.88609447474,153508.64941554086,39360.68369578964,171163.8466499278,0.0,0.0,0.0
25026294B3,2,1,ok,1.0,416,5954,416,2000,1754.2536233771505,1448.1546878700494,1024.0,2896.309375740099,0.0,5514.408762505732,0.0605,0.0605,0.2795
25026294B3,2,1,ok,2.0,416,5954,416,2000,5406.851734996827,4017.390322087213,1861.2965910891257,11349.026317769249,228.87769659798658,24075.1091378627,0.006,0.01,0.037
25026294B3,2,1,ok,4.0,416,5954,416,2000,28575.778538549603,25833.737746297185,6364.960195407446,56844.73571634708,259.5862091868518,73764.63152487105,0.0,0.0005,0.002
25026294B3,2,1,ok,8.0,416,5954,416,2000,116767.80143080941,118364.76573144126,76579.41264039939,156341.18108649334,53123.37994706286,174831.29129535137,0.0,0.0,0.0
25026499B3,0,1,ok,1.0,296,4304,296,2000,1816.7982612463245,2048.0,1024.0,2896.309375740099,0.0,6228.748831025377,0.054,0.054,0.281
25026499B3,0,1,ok,2.0,296,4304,296,2000,6269.648527203563,4389.123147053407,2070.192261602772,14214.298204220613,160.79800993793424,24178.851296122404,0.01,0.01,0.0245
25026499B3,0,1,ok,4.0,296,4304,296,2000,18044.30675885059,12217.808156301113,4449.193805288629,43527.980294904526,246.22347572885897,56304.31827133688,0.0005,0.0005,0.004
25026499B3,0,1,ok,8.0,296,4304,296,2000,57249.06939605761,65878.12162204439,11185.032742054822,108653.67426164752,201.95544062985775,121371.09085774915,0.0005,0.0005,0.0005
25026509B,1,1,ok,1.0,202,2939,202,2000,1759.248051450902,1448.1546878700494,1024.0,2896.309375740099,0.0,4579.4672179195695,0.0525,0.0525,0.284
25026509B,1,1,ok,2.0,202,2939,202,2000,9752.342070101064,7877.780992473189,2441.1605846400194,20393.31067406577,257.25668115716644,26252.359912967826,0.0,0.0065,0.019
25026509B,1,1,ok,4.0,202,2939,202,2000,36631.010292972176,33086.01167432181,7376.569906038988,67169.72790548582,302.0149002946709,79044.86043380683,0.0,0.001,0.002
25026509B,1,1,ok,8.0,202,2939,202,2000,139293.17106192326,137875.85375419664,109612.94794821032,168303.3369192856,97354.70941356664,178506.274760861,0.0,0.0,0.0
25026669B2,3,1,ok,1.0,233,3176,233,2000,1979.609753900091,2048.0,1024.0,3072.0,0.0,31360.200780607258,0.057,0.0575,0.2645
25026669B2,3,1,ok,2.0,233,3176,233,2000,8466.120197200753,5405.159109591502,2079.0153919584145,21540.626834341896,352.00142045167945,34373.72580911182,0.0,0.007,0.0165
25026669B2,3,1,ok,4.0,233,3176,233,2000,16871.077336221217,13356.809536711977,4562.554657206859,35857.30234312607,32.14031735997639,52376.30136808058,0.001,0.001,0.005
25026669B2,3,1,ok,8.0,233,3176,233,2000,69234.97228404657,67590.7506886721,48819.907011880634,92726.32101655961,28396.368817156887,105636.01348498532,0.0,0.0,0.0
25026740B2,4,1,ok,1.0,333,4969,333,2000,1767.2358271395096,1448.1546878700494,1024.0,2896.309375740099,0.0,5514.408762505732,0.0515,0.0515,0.2815
25026740B2,4,1,ok,2.0,333,4969,333,2000,3834.910735756789,3552.576529787923,1569.3055789106213,6495.208323837432,194.64840096954302,14213.431534995341,0.008,0.014,0.047
25026740B2,4,1,ok,4.0,333,4969,333,2000,9358.822954879872,7904.46987469748,3320.1445751653646,17964.552726220678,452.83551097501174,29231.34755703199,0.0,0.0025,0.0065
25026740B2,4,1,ok,8.0,333,4969,333,2000,33390.39405764826,33733.70699951972,13355.26884928717,53666.358334446246,606.527822939723,72036.2930750882,0.0,0.0,0.001
25026752B,1,1,ok,1.0,148,2142,148,2000,1854.5681149155837,2048.0,1024.0,3072.0,0.0,5514.408762505732,0.056,0.056,0.263
25026752B,1,1,ok,2.0,148,2142,148,2000,8569.090931049677,5876.176272715653,2137.935452720685,19382.90305238635,338.1124073440666,26463.509366673195,0.0,0.0065,0.0165
25026752B,1,1,ok,4.0,148,2142,148,2000,18462.58264194609,12648.844241732568,4654.062983664837,39039.482395500585,345.60092592468555,48426.50249605065,0.0,0.001,0.004
25026752B,1,1,ok,8.0,148,2142,148,2000,70728.92589303806,68361.47224017742,39232.466408196946,103184.1783848395,30779.885639813543,113666.86595485952,0.0,0.0,0.0
25026782B3,0,1,ok,1.0,205,2791,205,2000,1842.4693354070298,1636.1875711682628,1024.0,2896.309375740099,0.0,9387.257799805011,0.056,0.0565,0.285
25026782B3,0,1,ok,2.0,205,2791,205,2000,7557.655483823602,4967.919584695388,2083.3508455808587,16362.54999426623,349.9957142594749,29016.778663387155,0.0,0.005,0.026
25026782B3,0,1,ok,4.0,205,2791,205,2000,9247.911319929128,8199.111724788263,3769.6940194132467,16323.440869956918,336.3807366660582,28469.256400545484,0.0,0.001,0.008
25026782B3,0,1,ok,8.0,205,2791,205,2000,35638.95854501115,36125.1292099208,18147.110782561158,52819.56184577061,4462.698847110345,70289.50237410988,0.0,0.0,0.0
25026797B2,1,1,ok,1.0,76,1002,76,1002,2438.335455799573,2048.0,1024.0,3692.084506075125,0.0,19032.100987542075,0.04890219560878244,0.04890219560878244,0.23952095808383234
25026797B2,1,1,ok,2.0,76,1002,76,1002,36414.612907524446,37842.329554267155,25748.78795727141,44555.56453148338,11901.165069017403,58065.134676499285,0.0,0.0,0.0
25026797B2,1,1,ok,4.0,76,1002,76,1002,39058.27223785572,32106.54378582255,16976.139375280567,86102.03086686166,8976.663355612707,97376.48071788177,0.0,0.0,0.0
25026797B2,1,1,ok,8.0,76,1002,76,1002,158990.23316139152,150811.69161895665,136965.02427114447,207191.0901228851,129665.93176698341,219725.36619152557,0.0,0.0,0.0
25026798B2,1,1,ok,1.0,410,5921,410,2000,1793.5760892103178,1448.1546878700494,1024.0,2896.309375740099,0.0,13816.751933793992,0.056,0.0565,0.2845
25026798B2,1,1,ok,2.0,410,5921,410,2000,8318.476078528118,4750.733838050707,2046.1241409064114,21388.940699366096,259.5630944491146,37001.50399645939,0.0,0.005,0.023
25026798B2,1,1,ok,4.0,410,5921,410,2000,22727.1111372633,17059.069740002487,5021.4404307927425,51832.18989706031,487.29457210192686,70008.60289992938,0.0,0.001,0.005
25026798B2,1,1,ok,8.0,410,5921,410,2000,107700.64756382137,108574.66615172813,69092.77380046177,143352.67428834335,45236.27077909937,163399.3590195506,0.0,0.0,0.0
25027122B2,1,1,ok,1.0,247,3580,247,2000,1721.7889497319004,1448.1546878700494,1024.0,2896.309375740099,0.0,5221.395981919011,0.054,0.054,0.291
25027122B2,1,1,ok,2.0,247,3580,247,2000,7015.614356811155,4491.001224671399,1891.0832874307785,15979.1961281222,443.8423143414787,24229.090882655917,0.0,0.009,0.034
25027122B2,1,1,ok,4.0,247,3580,247,2000,29973.15194735696,28874.488740062567,7617.76617892221,55637.274735558356,1140.7458086708011,68181.32556646285,0.0,0.0,0.0
25027122B2,1,1,ok,8.0,247,3580,247,2000,115410.81651944063,115828.64000418925,84290.8826764957,147244.722210543,69740.04928303392,160754.0712641518,0.0,0.0,0.0
25027131B2,0,1,ok,1.0,315,4565,315,2000,1719.6066242096688,1448.1546878700494,1024.0,2896.309375740099,0.0,5514.408762505732,0.063,0.0635,0.2925
25027131B2,0,1,ok,2.0,315,4565,315,2000,18371.60351741431,14983.223242333308,2764.853703182141,38532.66447223499,551.7100687861333,48887.65913806878,0.0,0.0,0.018
25027131B2,0,1,ok,4.0,315,4565,315,2000,15961.020172034754,12006.481982152556,4682.491992422259,35277.922669450745,385.01948002666046,59258.3863432004,0.0,0.002,0.0035
25027131B2,0,1,ok,8.0,315,4565,315,2000,56363.23104974707,49945.03187048437,11484.80247979912,107785.8594820812,1493.1577277702447,132208.44148540593,0.0,0.0,0.0
25027135B3,0,1,ok,1.0,196,2843,196,2000,1765.1943018781928,1448.1546878700494,1024.0,2896.309375740099,0.0,9971.813074862564,0.0575,0.0575,0.278
25027135B3,0,1,ok,2.0,196,2843,196,2000,10580.404818093777,7907.331345024059,2456.3517663396665,23871.84313069093,308.24827655641485,37600.0,0.0,0.003,0.0165
25027135B3,0,1,ok,4.0,196,2843,196,2000,29039.58685194298,29620.108997098574,6069.093067126857,53099.30352871056,242.52834885843757,64430.28114947194,0.001,0.001,0.0035
25027135B3,0,1,ok,8.0,196,2843,196,2000,106082.63802582647,110102.34882471384,68843.74877877804,141120.77518921153,54164.443872341195,153312.44912595977,0.0,0.0,0.0
25027167B2,1,1,ok,1.0,239,3488,239,2000,1676.3843069368195,1448.1546878700494,1024.0,2289.7336089597848,0.0,4579.4672179195695,0.0595,0.0595,0.2985
25027167B2,1,1,ok,2.0,239,3488,239,2000,12269.994174722508,10062.602098262414,2615.475044968252,25992.339799380297,416.9628280794344,38405.62336429393,0.0,0.001,0.0185
25027167B2,1,1,ok,4.0,239,3488,239,2000,51672.31304080702,51871.03699820839,33961.31517275775,68620.13887226318,23722.717635212033,80191.42201008783,0.0,0.0,0.0
25027167B2,1,1,ok,8.0,239,3488,239,2000,151951.30207476736,152458.15287492698,131006.04325945194,172319.1290867487,117116.79610542631,188426.14953344452,0.0,0.0,0.0
25027181B2,3,1,ok,1.0,135,1769,135,1769,1801.6935537839788,2048.0,1024.0,2896.309375740099,0.0,5221.395981919011,0.055398530243075186,0.05596382136800452,0.27303561334087056
25027181B2,3,1,ok,2.0,135,1769,135,1769,17768.42771160634,17515.32357679983,3074.0409886662214,34366.968941909705,112.0,40869.79560751436,0.002826455624646693,0.002826455624646693,0.006783493499152063
25027181B2,3,1,ok,4.0,135,1769,135,1769,14915.119960644097,9728.358546024092,3922.8804507515997,36267.09310011827,279.0286723618202,50139.88751483194,0.0,0.002826455624646693,0.006783493499152063
25027181B2,3,1,ok,8.0,135,1769,135,1769,68609.63394234699,69133.60538117478,37518.07334712696,96924.12360595814,23028.550649139863,108670.2296675589,0.0,0.0,0.0
25027181B3,0,1,ok,1.0,185,2519,185,2000,1761.9832398520705,1448.1546878700494,1024.0,2896.309375740099,0.0,8466.600734651422,0.0595,0.0595,0.2925
25027181B3,0,1,ok,2.0,185,2519,185,2000,12760.708220350061,12109.668244836437,2913.071403175693,23699.2063170252,178.44046626256053,38608.266951522186,0.0015,0.0015,0.0095
25027181B3,0,1,ok,4.0,185,2519,185,2000,33483.62382487092,32026.51302499634,5581.158033956753,65882.82360855659,462.909278368883,83110.70941822119,0.0,0.001,0.0045
25027181B3,0,1,ok,8.0,185,2519,185,2000,128079.03477012506,124721.21226198273,90688.86865836519,164468.67137594987,76099.17101388161,180117.2737190967,0.0,0.0,0.0
25027181B4,3,1,ok,1.0,406,6197,406,2000,1723.5464729876915,1448.1546878700494,1024.0,2896.309375740099,0.0,5970.894740321588,0.0565,0.0565,0.297
25027181B4,3,1,ok,2.0,406,6197,406,2000,5097.521668417536,3901.5402086868207,1644.5789734761904,11309.687294444106,508.48795462626254,21038.69197455013,0.0,0.005,0.032
25027181B4,3,1,ok,4.0,406,6197,406,2000,20810.299758418143,11077.097092650221,4300.169794055958,48946.50891018933,529.9358451737343,65954.41819923818,0.0,0.0,0.007
25027181B4,3,1,ok,8.0,406,6197,406,2000,91592.67586682054,99758.6715101377,45150.73764482877,137507.94500975526,27974.960232322046,154291.2064376969,0.0,0.0,0.0
25027181B5,1,1,ok,1.0,316,4677,316,2000,1723.0004782172791,1448.1546878700494,1024.0,2896.309375740099,0.0,4579.4672179195695,0.062,0.062,0.287
25027181B5,1,1,ok,2.0,316,4677,316,2000,9951.760704522465,6747.448703028427,2504.3961347997642,21496.891158862814,611.3591415853696,34795.00837763946,0.0,0.0,0.023
25027181B5,1,1,ok,4.0,316,4677,316,2000,31891.219367832706,29356.084743965344,6359.310654465624,61908.79857466016,576.8882040742383,74794.4434299768,0.0,0.0,0.0025
25027181B5,1,1,ok,8.0,316,4677,316,2000,124484.49537632875,124413.97759410617,82555.69326133418,163379.86652266097,64774.45817604343,176992.93002829238,0.0,0.0,0.0
25027181B6,3,1,ok,1.0,145,2130,145,2000,1734.7477675538146,1448.1546878700494,1024.0,2896.309375740099,0.0,4579.4672179195695,0.058,0.058,0.2895
25027181B6,3,1,ok,2.0,145,2130,145,2000,19994.312688840368,20692.473730211714,3554.7736918121805,35975.455869245074,389.6254611803495,41276.40082419978,0.0,0.0025,0.008
25027181B6,3,1,ok,4.0,145,2130,145,2000,44501.72728859686,46310.54526730908,14436.605834288188,70654.18957025926,848.9905770972962,78331.9623142431,0.0,0.0,0.0005
25027181B6,3,1,ok,8.0,145,2130,145,2000,150140.0915226024,151777.98398503027,119967.03923192056,177064.39513137596,106303.62440199299,185147.47661256418,0.0,0.0,0.0
25027193B,4,1,ok,1.0,295,4317,295,2000,1768.770548659849,1448.1546878700494,1024.0,2896.309375740099,0.0,15196.310736491276,0.059,0.059,0.2915
25027193B,4,1,ok,2.0,295,4317,295,2000,5695.75384879596,3873.222947365669,1657.2941802830298,12975.58958617573,116.01724009818541,35266.82112127488,0.007,0.007,0.039
25027193B,4,1,ok,4.0,295,4317,295,2000,27261.52101879643,22130.525253594864,5318.299352236578,58012.15786299897,98.08159868191383,73015.3071074826,0.0015,0.0015,0.004
25027193B,4,1,ok,8.0,295,4317,295,2000,118343.63371011546,117432.93185350116,87131.03955161014,150296.45269376237,59521.863411691,163847.31936775774,0.0,0.0,0.0
25027290B2,0,1,ok,1.0,420,6087,420,2000,1730.956806683349,1448.1546878700494,1024.0,2289.7336089597848,0.0,6586.010932271522,0.054,0.054,0.2815
25027290B2,0,1,ok,2.0,420,6087,420,2000,9712.231240391215,5377.175838672193,2115.6937396513704,23620.13513172748,222.50393254951697,41500.290938739214,0.008,0.008,0.0255
25027290B2,0,1,ok,4.0,420,6087,420,2000,10403.868931230898,7858.537172592022,3519.305045033749,22991.572961575996,331.3547947442439,41274.16082732634,0.0,0.0025,0.0085
25027290B2,0,1,ok,8.0,420,6087,420,2000,34435.97370125605,26745.245924206058,8916.86604138472,73691.47431912014,1146.195445811926,90449.63593072114,0.0,0.0,0.0
25027606B3,1,1,ok,1.0,152,2077,152,2000,1777.923260642744,1448.1546878700494,1024.0,2896.309375740099,0.0,4579.4672179195695,0.0545,0.0545,0.277
25027606B3,1,1,ok,2.0,152,2077,152,2000,9961.673767813232,8105.4840580741,2410.231731597607,21123.549581087515,200.0024999843752,27152.39372504752,0.005,0.005,0.019
25027606B3,1,1,ok,4.0,152,2077,152,2000,19988.549512184203,16471.221841504983,5962.525051569347,39657.200003682825,366.93459907727424,49192.31233638037,0.0,0.001,0.002
25027606B3,1,1,ok,8.0,152,2077,152,2000,70430.21795824173,79355.16825297193,34849.826266560645,107194.13911219785,27509.201969522852,114194.9495949799,0.0,0.0,0.0
25027636B2,4,1,ok,1.0,344,4805,344,2000,1859.4047662217165,2012.546913403709,1024.0,2896.309375740099,0.0,13272.92228561593,0.0545,0.055,0.2825
25027636B2,4,1,ok,2.0,344,4805,344,2000,6311.021905171281,4706.942107143448,1873.6661922551732,13092.580004394558,495.7822102496216,25028.633842061776,0.0,0.0035,0.0195
25027636B2,4,1,ok,4.0,344,4805,344,2000,19325.113163227812,16437.00371133495,5853.693456489866,38407.15401795674,532.6847097486467,56196.25371855316,0.0,0.0,0.0015
25027636B2,4,1,ok,8.0,344,4805,344,2000,62321.97144457146,62209.061198366544,39157.33296978663,85220.24824937645,26561.33196961327,107059.00982635698,0.0,0.0,0.0
25027718B2,2,1,ok,1.0,237,3523,237,2000,1665.647053308268,1448.1546878700494,1024.0,2289.7336089597848,0.0,4579.4672179195695,0.0675,0.0675,0.3065
25027718B2,2,1,ok,2.0,237,3523,237,2000,13010.45349810597,9691.61463377599,2390.772123367425,29704.05171016237,388.0618507403169,39139.585281400214,0.0,0.0055,0.018
25027718B2,2,1,ok,4.0,237,3523,237,2000,18225.93305263261,11286.049441677987,4393.864813578133,42482.85393389048,322.49030993194197,56205.85022931332,0.0,0.002,0.006
25027718B2,2,1,ok,8.0,237,3523,237,2000,76123.47258142497,76491.45853072547,38907.22804806995,114597.68138660441,26600.307968142024,125919.45209537723,0.0,0.0,0.0
25027723B4,0,1,ok,1.0,248,3532,248,2000,1750.0269872744113,1448.1546878700494,1024.0,2896.309375740099,0.0,6228.748831025377,0.0535,0.0535,0.286
25027723B4,0,1,ok,2.0,248,3532,248,2000,16059.39324950545,14901.884989616932,3407.669161927137,30649.795735410597,355.2576529787923,58879.41304055264,0.0,0.002,0.006
25027723B4,0,1,ok,4.0,248,3532,248,2000,40310.89204415337,27256.34164740382,6395.329177122078,79374.60218050079,565.4591055063133,89335.43368675164,0.0,0.0,0.003
25027723B4,0,1,ok,8.0,248,3532,248,2000,157116.09136029624,142371.21951285686,115888.15020148379,201917.7869864279,83272.54376443654,213337.13203284607,0.0,0.0,0.0
25027770B,3,1,ok,1.0,218,3071,218,2000,1764.3715638802666,1448.1546878700494,1024.0,2896.309375740099,0.0,4579.4672179195695,0.058,0.058,0.296
25027770B,3,1,ok,2.0,218,3071,218,2000,10976.845488803197,9311.243955562544,2569.2842887946204,22622.739006802483,599.8408122160412,40984.451344381814,0.0,0.0,0.019
25027770B,3,1,ok,4.0,218,3071,218,2000,53962.936500859505,55004.19184198215,25874.208607265955,80506.29454391949,16176.819217633607,88951.55787281075,0.0,0.0,0.0
25027770B,3,1,ok,8.0,218,3071,218,2000,171702.94097963677,173120.32602621365,139802.93848012126,201044.85552056288,105911.9580406292,210110.4873536778,0.0,0.0,0.0
25028010B2,4,1,ok,1.0,144,1946,144,1946,1894.8958664097581,2048.0,1024.0,3072.0,0.0,6476.344648024841,0.05447070914696814,0.05447070914696814,0.2564234326824255
25028010B2,4,1,ok,2.0,144,1946,144,1946,9754.64659832952,8879.00022525059,2913.39063635483,18259.15005032268,331.2280181385627,27799.883740764097,0.0,0.0010277492291880781,0.012332990750256937
25028010B2,4,1,ok,4.0,144,1946,144,1946,30347.80043446276,31733.532813731304,7624.970740325902,53703.021859762666,132.92479076530458,66318.77357128976,0.0010277492291880781,0.0010277492291880781,0.0025693730729701952
25028010B2,4,1,ok,8.0,144,1946,144,1946,107477.04413819806,106462.37805940202,73818.07697578432,140748.61796190217,60759.245592749096,154945.25465466827,0.0,0.0,0.0
25028010B2a,2,1,ok,1.0,132,1839,132,1839,1932.0358010725336,2048.0,1024.0,3072.0,0.0,7397.089427605969,0.0511147362697118,0.052202283849918436,0.2582925502990756
25028010B2a,2,1,ok,2.0,132,1839,132,1839,16224.07404705914,16277.570365383159,5220.460519537677,26446.66793756824,621.6920459520131,34542.85135885571,0.0,0.0,0.005437737901033171
25028010B2a,2,1,ok,4.0,132,1839,132,1839,31103.286463771496,19556.8295232126,6200.85776324534,71251.11019052929,511.44989979469153,81801.4141748173,0.0,0.001087547580206634,0.002175095160413268
25028010B2a,2,1,ok,8.0,132,1839,132,1839,124710.57186855923,113979.6472577451,95570.82404668415,167265.32932713252,88424.0256321776,177679.27604535088,0.0,0.0,0.0
25028010B3,2,1,ok,1.0,239,3182,239,2000,1818.0829077084463,1777.6580442499046,1024.0,2896.309375740099,0.0,8255.751934257714,0.0595,0.06,0.2875
25028010B3,2,1,ok,2.0,239,3182,239,2000,12560.593079532884,10494.262813556748,2400.723224363858,25513.991965194313,419.1443665373543,50539.51172102873,0.0,0.004,0.0145
25028010B3,2,1,ok,4.0,239,3182,239,2000,50666.65175011633,51119.38280166493,12506.832132878413,88825.39562435396,511.45478783564045,107198.7992936488,0.0,0.0005,0.0015
25028010B3,2,1,ok,8.0,239,3182,239,2000,182148.22530049185,179757.9690048917,154039.9557023232,212727.57317837584,130949.575226497,232694.9763316776,0.0,0.0,0.0
25028014B4,2,1,ok,1.0,167,2330,167,2000,1829.6348251008,2048.0,1024.0,2896.309375740099,0.0,5514.408762505732,0.055,0.0555,0.2775
25028014B4,2,1,ok,2.0,167,2330,167,2000,18670.767781175833,19368.170507552542,2582.4019826510357,38056.2236598753,496.25799741666634,47883.44452939868,0.0,0.005,0.0115
25028014B4,2,1,ok,4.0,167,2330,167,2000,18196.709994343248,15844.357091701237,6446.178713005093,34814.74681108719,562.0533782480095,44570.34278530961,0.0,0.0,0.0005
25028014B4,2,1,ok,8.0,167,2330,167,2000,58004.32830037267,51294.62745541449,22139.47606735574,95271.88249085176,10483.581258329617,106869.84622427414,0.0,0.0,0.0
25028014B5,1,1,ok,1.0,177,2594,177,2000,1866.7248859543083,2048.0,1024.0,2896.309375740099,0.0,22977.920619586097,0.06,0.06,0.2815
25028014B5,1,1,ok,2.0,177,2594,177,2000,14691.821107296795,10809.838039821767,2635.1897464888557,33304.574663025625,649.1109304271497,43132.98836157773,0.0,0.0,0.0215
25028014B5,1,1,ok,4.0,177,2594,177,2000,17341.356903268927,15981.468549541998,5295.813704088825,32552.2812960062,497.52286379622797,41513.15522819242,0.0,0.001,0.0025
25028014B5,1,1,ok,8.0,177,2594,177,2000,57547.45440690659,61229.01028742288,22105.41331139202,87622.09133829187,6925.017328498175,100333.1105518014,0.0,0.0,0.0
25028014B6,3,1,ok,1.0,81,1074,81,1074,1843.2952056218044,2048.0,1024.0,2896.309375740099,0.0,5847.186075369929,0.05772811918063315,0.05772811918063315,0.2709497206703911
25028014B6,3,1,ok,2.0,81,1074,81,1074,22362.148005969495,16739.727235918457,3152.15957886262,42010.38006255121,193.4140636044856,47142.265378320546,0.0037243947858473,0.0037243947858473,0.010242085661080074
25028014B6,3,1,ok,4.0,81,1074,81,1074,22307.89611122118,21736.633810493768,4859.390188079158,42600.755089678554,370.7411495909242,49098.18710502456,0.0,0.00186219739292365,0.0037243947858473
25028014B6,3,1,ok,8.0,81,1074,81,1074,77364.00466681764,85811.9872681121,45460.37916788914,109253.67071434742,37155.51749067694,116498.29341668486,0.0,0.0,0.0
25028014B7,0,1,ok,1.0,97,1311,97,1311,1999.8492076727125,2048.0,1024.0,2896.309375740099,0.0,31345.354121464316,0.05110602593440122,0.05110602593440122,0.2654462242562929
25028014B7,0,1,ok,2.0,97,1311,97,1311,19520.027525950918,18306.21929836961,8857.84990841457,32312.384761883484,2417.3375850302746,40539.98836950993,0.0,0.0,0.0
25028014B7,0,1,ok,4.0,97,1311,97,1311,32721.709031625724,14304.193825588354,5136.01645246586,65474.933043112,176.47946056127893,73757.76531999868,0.0015255530129672007,0.0015255530129672007,0.0030511060259344014
25028014B7,0,1,ok,8.0,97,1311,97,1311,121547.93436019153,101638.29743261149,87780.17097841631,159432.56696484567,56141.96191798074,166017.5963234018,0.0,0.0,0.0
25028134B,3,1,ok,1.0,290,4196,290,2000,1725.831369953461,1448.1546878700494,1024.0,2896.309375740099,0.0,6228.748831025377,0.061,0.061,0.284
25028134B,3,1,ok,2.0,290,4196,290,2000,9967.436507107583,6343.200307130715,2253.4817505362676,22439.3595272164,140.07141035914503,46820.57394992078,0.0005,0.0005,0.0215
25028134B,3,1,ok,4.0,290,4196,290,2000,36858.333614575786,36767.467624817786,12678.823212048388,62637.30850221634,692.1993932386823,76405.61403457209,0.0,0.0,0.0005
25028134B,3,1,ok,8.0,290,4196,290,2000,130881.28414243564,131333.87870293658,95227.0626119043,166590.7037580902,60678.52754475837,180352.9141211752,0.0,0.0,0.0
25028147B3,2,1,ok,1.0,138,1958,138,1958,1969.9179968754086,2048.0,1024.0,3072.0,0.0,22149.46067063485,0.05209397344228805,0.05209397344228805,0.26557711950970375
25028147B3,2,1,ok,2.0,138,1958,138,1958,8602.260873578782,6422.523491588022,2249.9309277155635,17908.72195805469,289.8413359063886,33150.4802981797,0.0,0.0030643513789581204,0.026046986721144024
25028147B3,2,1,ok,4.0,138,1958,138,1958,33512.74810744611,33693.38294125413,8688.016556077444,58025.804133159865,705.8668429668587,67033.78136432407,0.0,0.0,0.0010214504596527069
25028147B3,2,1,ok,8.0,138,1958,138,1958,119747.78852473936,122409.51153535524,89189.45558042286,148109.4893078662,63386.99885623234,157302.88970009418,0.0,0.0,0.0
25028151B2,2,1,ok,1.0,178,2445,178,2000,1775.350024273058,1448.1546878700494,1024.0,2896.309375740099,0.0,6228.748831025377,0.0565,0.0565,0.279
25028151B2,2,1,ok,2.0,178,2445,178,2000,24185.219395887154,23700.660421777495,4856.052253193354,43502.405680605756,490.81157280569494,63254.84918170306,0.0,0.001,0.004
25028151B2,2,1,ok,4.0,178,2445,178,2000,60956.46356988801,61989.90925009112,37731.27266549115,83395.85823716075,5159.976937932959,92937.9016763344,0.0,0.0,0.0
25028151B2,2,1,ok,8.0,178,2445,178,2000,182538.48477495933,183979.70354378683,154292.30779265438,210114.7760736855,124190.6960202736,220186.21064907766,0.0,0.0,0.0
25028151B3,3,1,ok,1.0,283,4005,283,2000,1756.3780533330564,1448.1546878700494,1024.0,2896.309375740099,0.0,5792.618751480198,0.0565,0.0565,0.2855
25028151B3,3,1,ok,2.0,283,4005,283,2000,8780.439854844515,4957.686758963297,2072.0082046169605,22077.699477919403,193.58202395883765,34168.60737577696,0.0015,0.0065,0.0215
25028151B3,3,1,ok,4.0,283,4005,283,2000,58312.297005461885,58935.77552057043,28344.340105213247,86053.9037840586,12012.19884117808,106823.3208339827,0.0,0.0,0.0
25028151B3,3,1,ok,8.0,283,4005,283,2000,193635.9212115469,195593.98960844876,153609.21243128393,230697.03939132777,126032.00571680196,252141.9916198014,0.0,0.0,0.0
25028186B2,4,1,ok,1.0,286,4181,286,2000,1719.0700587822093,1448.1546878700494,1024.0,2393.1098131514,0.0,4509.669832703942,0.0515,0.0515,0.286
25028186B2,4,1,ok,2.0,286,4181,286,2000,10428.077069858482,7102.061076900302,2170.876320751599,22758.661558524233,244.22940035957996,34384.430022904264,0.0075,0.0075,0.0265
25028186B2,4,1,ok,4.0,286,4181,286,2000,26038.198307148643,16943.240774306876,4456.754424466307,61438.12384935724,363.6316817880422,77086.69322263084,0.0,0.002,0.007
25028186B2,4,1,ok,8.0,286,4181,286,2000,105532.32277746937,98919.48193187788,53075.31627539054,158291.51852991502,41697.548752894334,176962.04338784065,0.0,0.0,0.0
25028210B2,3,1,ok,1.0,133,1784,133,1784,1834.7547841766257,2048.0,1024.0,2896.309375740099,0.0,7168.0,0.05437219730941704,0.05437219730941704,0.265695067264574
25028210B2,3,1,ok,2.0,133,1784,133,1784,11116.332971159298,9838.679834065888,2749.3684761592,22034.199603149078,477.83365306349026,29117.5254614811,0.0,0.0016816143497757848,0.017937219730941704
25028210B2,3,1,ok,4.0,133,1784,133,1784,35321.226533588204,32984.11512844659,6744.490658562015,64315.293775590064,418.2164511350552,74560.05113329792,0.0,0.0011210762331838565,0.0033632286995515697
25028210B2,3,1,ok,8.0,133,1784,133,1784,127687.94936738769,129799.48269276242,88551.11392334431,162995.1360540526,76997.81826779249,173364.23137717883,0.0,0.0,0.0
25028514B,0,1,ok,1.0,128,1741,128,1741,1838.7649250873953,2048.0,1024.0,2896.309375740099,0.0,4579.4672179195695,0.05514072372199885,0.05514072372199885,0.26938541068351524
25028514B,0,1,ok,2.0,128,1741,128,1741,14495.943601238778,15446.583084941472,2603.3948989732617,28117.553876537695,395.5767940615324,34967.37227759615,0.0,0.0034462952326249283,0.012062033314187249
25028514B,0,1,ok,4.0,128,1741,128,1741,23537.504934807166,19399.95587623848,5106.897296793817,51638.51532528797,416.48049174000937,61750.095133529954,0.0,0.0011487650775416428,0.0034462952326249283
25028514B,0,1,ok,8.0,128,1741,128,1741,100786.98844088368,100731.57733799268,67275.90617747189,134274.31021978852,51901.32175580888,145065.77283770283,0.0,0.0,0.0
25028520B3,3,1,ok,1.0,151,2200,151,2000,1864.0896631889498,1448.1546878700494,1024.0,2289.7336089597848,0.0,28779.147537757264,0.061,0.061,0.3015
25028520B3,3,1,ok,2.0,151,2200,151,2000,30638.419883373484,14248.430254223505,2295.213497694713,67166.15818989348,23.430749027719962,75827.15423909828,0.0055,0.0055,0.017
25028520B3,3,1,ok,4.0,151,2200,151,2000,174913.8638863198,159012.66915681335,132807.2662505618,218693.84831337,103089.74049826685,227447.66320188914,0.0,0.0,0.0
25028520B3,3,1,ok,8.0,151,2200,151,2000,477300.77607099334,461257.7698294942,435150.83881013637,521189.47177761,404308.32033486525,529681.8786328261,0.0,0.0,0.0
25028738B2,0,1,ok,1.0,212,3080,212,2000,1755.2968570316314,1448.1546878700494,1024.0,2896.309375740099,0.0,6476.344648024841,0.0575,0.0575,0.2905
25028738B2,0,1,ok,2.0,212,3080,212,2000,7706.179330097241,4844.196940670352,2000.0062499902344,17431.519704211,389.6305942813013,26319.88375734209,0.0,0.008,0.025
25028738B2,0,1,ok,4.0,212,3080,212,2000,36906.50923863856,36674.58162852908,12185.890898904356,61032.54931564882,447.50083798804224,70761.18464242949,0.0,0.0005,0.001
25028738B2,0,1,ok,8.0,212,3080,212,2000,131942.3288323519,131860.7360474217,105576.62159142584,158218.7336516025,87339.45097720732,168552.35807309253,0.0,0.0,0.0
25028862B2,2,1,ok,1.0,189,2597,189,2000,1808.3549543375311,1748.0773439350246,1024.0,2896.309375740099,0.0,6476.344648024841,0.058,0.058,0.29
25028862B2,2,1,ok,2.0,189,2597,189,2000,7651.43880126482,6520.017254578395,2469.070500743659,15390.375758895558,384.37611788455325,25177.84267962607,0.0,0.0015,0.0155
25028862B2,2,1,ok,4.0,189,2597,189,2000,30907.45118126457,29990.480239569355,11597.778839070868,52584.73810068112,627.0135564722664,66997.32132705009,0.0,0.0,0.0015
25028862B2,2,1,ok,8.0,189,2597,189,2000,113698.00073552053,116644.69139146451,81159.76988212981,143389.94820226287,68461.56178469784,157711.92721224352,0.0,0.0,0.0
25028868B2,4,1,ok,1.0,120,1658,120,1658,1722.9925052309611,1448.1546878700494,1024.0,2896.309375740099,0.0,4579.4672179195695,0.05729794933655006,0.05729794933655006,0.293124246079614
25028868B2,4,1,ok,2.0,120,1658,120,1658,5037.360572519024,4234.2339330745535,1895.3841299325052,9620.767178684908,113.28283188550682,16398.260426033,0.0048250904704463205,0.009650180940892641,0.033172496984318456
25028868B2,4,1,ok,4.0,120,1658,120,1658,15485.914849729645,14852.183623068024,6592.505418339771,24334.8815073613,339.84849565652047,42456.56953876514,0.0,0.0006031363088057901,0.0030156815440289505
25028868B2,4,1,ok,8.0,120,1658,120,1658,53734.70937319994,54354.97555641658,26471.647466315753,79016.44681155492,14494.550182741099,98320.78022981713,0.0,0.0,0.0
25028879B3,2,1,ok,1.0,283,4014,283,2000,1701.7277227503855,1448.1546878700494,1024.0,2289.7336089597848,0.0,4579.4672179195695,0.061,0.061,0.2965
25028879B3,2,1,ok,2.0,283,4014,283,2000,8550.899972624795,4349.650215821957,1817.6028168992257,21644.05484763961,338.7048862948393,37301.68126237744,0.0,0.0075,0.0325
25028879B3,2,1,ok,4.0,283,4014,283,2000,50605.28216169973,48501.725222660505,24931.536996342606,78227.89557512091,4364.958762691808,92412.52209522256,0.0,0.0,0.0
25028879B3,2,1,ok,8.0,283,4014,283,2000,163545.64801735847,162614.78121302347,134018.1447261696,193424.1535277728,90218.83963452424,206935.04665957383,0.0,0.0,0.0
25028885B2,2,1,ok,1.0,252,3730,252,2000,1735.8232962195939,1448.1546878700494,1024.0,2896.309375740099,0.0,4579.4672179195695,0.062,0.062,0.2885
25028885B2,2,1,ok,2.0,252,3730,252,2000,11918.938541925945,8690.705379887182,2480.619277519225,27232.397911311447,352.3634487287238,36268.102679903175,0.0,0.0055,0.012
25028885B2,2,1,ok,4.0,252,3730,252,2000,19712.9252766813,12265.444491261162,4406.98082591699,43195.591449387946,226.92730113408567,55809.79125565692,0.0005,0.0005,0.003
25028885B2,2,1,ok,8.0,252,3730,252,2000,75816.8870110282,77542.15472426088,34054.90292305579,116883.14414519744,18642.04044626017,130143.41873487111,0.0,0.0,0.0
25029134B,3,1,ok,1.0,267,3786,267,2000,1729.8308843175985,1448.1546878700494,1024.0,2896.309375740099,0.0,6476.344648024841,0.0605,0.0605,0.289
25029134B,3,1,ok,2.0,267,3786,267,2000,9002.246400145534,6416.179040473345,2270.534738778511,19592.46875715258,323.9753077010654,30448.508666271326,0.0,0.007,0.0185
25029134B,3,1,ok,4.0,267,3786,267,2000,30231.390563649216,29576.776569908347,4914.897069821079,61516.17286621693,508.48795462626254,77818.86825185778,0.0,0.002,0.0055
25029134B,3,1,ok,8.0,267,3786,267,2000,121213.73630776262,132088.59092659643,74981.81451613706,165515.50005201108,58994.293418940106,183913.20666009822,0.0,0.0,0.0
25029179B,2,1,ok,1.0,355,5002,355,2000,1747.2998675333708,1448.1546878700494,1024.0,2896.309375740099,0.0,7240.773439350247,0.059,0.059,0.2815
25029179B,2,1,ok,2.0,355,5002,355,2000,7228.284516206076,4182.919674103246,1837.350538139089,17767.053612519045,288.0,44205.005881687204,0.0,0.0105,0.026
25029179B,2,1,ok,4.0,355,5002,355,2000,38080.27154703906,37125.60442881944,10220.793755868475,67736.598236771,313.9187793044564,82944.1543208441,0.0,0.0005,0.001
25029179B,2,1,ok,8.0,355,5002,355,2000,144842.64998265528,145416.5423879277,122291.30266192995,166640.6659570467,94685.39605451307,179077.62964703323,0.0,0.0,0.0
25029425B,0,1,ok,1.0,361,5429,361,2000,1794.5277973119798,1448.1546878700494,1024.0,2896.309375740099,0.0,16324.203380257182,0.0625,0.0625,0.29
25029425B,0,1,ok,2.0,361,5429,361,2000,8629.870304143973,5027.998408909852,2133.7666226651872,20538.08320895589,128.9961239727768,38440.022476580314,0.005,0.0075,0.023
25029425B,0,1,ok,4.0,361,5429,361,2000,38356.17785388452,28502.862524753076,5775.290815188444,77648.90569704371,474.90630654898655,90012.03688396348,0.0,0.001,0.0075
25029425B,0,1,ok,8.0,361,5429,361,2000,152979.75952613063,142635.33595911908,108119.08053873936,198791.90563396766,73893.1539995418,211359.9255109634,0.0,0.0,0.0
25029425B2,0,1,ok,1.0,281,4198,281,2000,1705.2674776265023,1448.1546878700494,1024.0,2289.7336089597848,0.0,5221.395981919011,0.0525,0.053,0.2845
25029425B2,0,1,ok,2.0,281,4198,281,2000,13832.904565256298,7239.202559163667,1989.2189421981684,34636.45001837154,450.0,49401.79887413008,0.0,0.0075,0.0215
25029425B2,0,1,ok,4.0,281,4198,281,2000,13848.867798069872,9295.370295358704,4001.3922577023113,30663.05111932124,313.3368794125581,46164.12598544459,0.0,0.0005,0.0075
25029425B2,0,1,ok,8.0,281,4198,281,2000,49978.06021490877,49954.19982429211,13799.965715408363,90503.21131091539,481.202660009273,108560.16978616052,0.0,0.0005,0.0015
25029425B3,4,1,ok,1.0,243,3572,243,2000,1742.390215251445,1448.1546878700494,1024.0,2896.309375740099,0.0,5120.0,0.0585,0.0585,0.2875
25029425B3,4,1,ok,2.0,243,3572,243,2000,8477.278587526069,5884.3772655926505,2249.6010757465424,18704.340529137076,212.49235280357738,28252.472051132092,0.0025,0.0025,0.0255
25029425B3,4,1,ok,4.0,243,3572,243,2000,36930.28510257794,39401.45026181143,5994.7924160928815,71886.87398584961,525.0952294584288,85434.88735288412,0.0,0.0,0.004
25029425B3,4,1,ok,8.0,243,3572,243,2000,142139.68831587493,151475.13911741017,98038.45783280137,185114.79695409452,78641.78994020927,198307.247071306,0.0,0.0,0.0
25029560B2,1,1,ok,1.0,42,536,42,536,1968.07520815926,2048.0,1024.0,3238.1723240124206,0.0,4579.4672179195695,0.05037313432835821,0.05037313432835821,0.22574626865671643
25029560B2,1,1,ok,2.0,42,536,42,536,21784.713311211934,25647.098125305954,3478.5929454920033,40828.0122464052,416.0048076645269,45415.40445707822,0.0,0.0018656716417910447,0.0018656716417910447
25029560B2,1,1,ok,4.0,42,536,42,536,24168.34252117082,23793.570593553624,13502.424996616988,35663.6223482049,8393.369406859203,41373.67399687874,0.0,0.0,0.0
25029560B2,1,1,ok,8.0,42,536,42,536,69618.74611773819,65642.72663987169,51185.96906352893,89682.0721813881,45773.79540741624,95319.29972466227,0.0,0.0,0.0
25029565B5,3,1,ok,1.0,76,975,76,975,1848.9935796230868,2048.0,1024.0,3001.7237502960434,0.0,5221.395981919011,0.05641025641025641,0.05641025641025641,0.27487179487179486
25029565B5,3,1,ok,2.0,76,975,76,975,22567.589942331415,24621.004305267485,3607.986834787511,42712.984938594316,113.0,50502.21564446455,0.003076923076923077,0.003076923076923077,0.009230769230769232
25029565B5,3,1,ok,4.0,76,975,76,975,46358.0113854191,45902.100485707626,33545.664076474706,59651.220136097974,25195.61305068801,68295.28997668873,0.0,0.0,0.0
25029565B5,3,1,ok,8.0,76,975,76,975,125519.99013105163,124842.5789104022,104297.0943664278,150813.8832000235,97281.94268722228,161223.22855283602,0.0,0.0,0.0
25029737B2,0,1,ok,1.0,239,3259,239,2000,1980.2406093019788,2048.0,1024.0,3072.0,0.0,14504.687414763546,0.051,0.052,0.2635
25029737B2,0,1,ok,2.0,239,3259,239,2000,9883.287089016865,6833.538076578561,2334.643655892693,21588.93005553099,205.1828452868319,35394.680970450914,0.0005,0.005,0.017
25029737B2,0,1,ok,4.0,239,3259,239,2000,50034.47305163609,55036.10746915272,11136.030621365946,81649.20509535493,752.2831913581481,100437.6102115139,0.0,0.0,0.0015
25029737B2,0,1,ok,8.0,239,3259,239,2000,159734.58611721548,169153.67942316827,114324.29907449687,195524.66756475513,93935.54861180084,211738.93386196124,0.0,0.0,0.0
25029906B2,1,1,ok,1.0,264,3730,264,2000,1794.2690320211495,2048.0,1024.0,2896.309375740099,0.0,17899.000251410693,0.056,0.056,0.278
25029906B2,1,1,ok,2.0,264,3730,264,2000,10100.424805796229,8047.128943797168,2558.4878346398286,21127.99948490777,172.28464818433474,47633.12814628072,0.001,0.001,0.018
25029906B2,1,1,ok,4.0,264,3730,264,2000,46442.872701379085,49557.362705120715,12417.943234948538,75717.73146624684,50.21951811795888,86599.00029446067,0.0005,0.0005,0.0005
25029906B2,1,1,ok,8.0,264,3730,264,2000,158837.8870957927,158644.1424178357,123699.02273578293,193900.3269492609,105230.67542309134,205800.60968811536,0.0,0.0,0.0
25030118B2,2,1,ok,1.0,134,1723,134,1723,1847.4294743500518,2048.0,1024.0,2896.309375740099,0.0,5221.395981919011,0.05107370864770749,0.05107370864770749,0.2629135229251306
25030118B2,2,1,ok,2.0,134,1723,134,1723,22503.84832667558,18508.175085620947,3103.170153246515,43977.79598631291,565.2052724453303,56726.84205030278,0.0,0.0,0.014509576320371444
25030118B2,2,1,ok,4.0,134,1723,134,1723,29549.982218037934,30338.155662465706,6043.179802006623,56124.766886941194,406.14406311061595,63590.286372998824,0.0,0.0011607661056297156,0.003482298316889147
25030118B2,2,1,ok,8.0,134,1723,134,1723,110362.51017606274,111487.62342520356,72969.73842407025,143683.28315365332,55773.80604728352,150791.4039492968,0.0,0.0,0.0
25030157B3,3,1,ok,1.0,93,1256,93,1256,1999.6399032665302,2048.0,1024.0,3238.1723240124206,0.0,8114.075671325724,0.0517515923566879,0.0517515923566879,0.25
25030157B3,3,1,ok,2.0,93,1256,93,1256,15998.118515575488,15968.641795651967,8187.71669874972,24085.57190741208,3305.060513818166,32023.01125753167,0.0,0.0,0.0
25030157B3,3,1,ok,4.0,93,1256,93,1256,39106.734749546384,37993.339479816525,6565.203581328546,66678.63714408956,401.33028791757044,75026.63703645526,0.0,0.0015923566878980893,0.004777070063694267
25030157B3,3,1,ok,8.0,93,1256,93,1256,132370.60394244958,121464.52295539314,99117.9425234688,166159.450603484,87836.18326179706,175889.87086526613,0.0,0.0,0.0
25030157B4,3,1,ok,1.0,214,3100,214,2000,1937.6826844826555,2048.0,1024.0,2896.309375740099,0.0,23718.013512939906,0.0585,0.0585,0.2775
25030157B4,3,1,ok,2.0,214,3100,214,2000,7831.131478863372,5071.483116406876,2172.026933534665,17526.745875946282,465.5502121146547,46543.23637221632,0.0,0.0025,0.029
25030157B4,3,1,ok,4.0,214,3100,214,2000,28160.391693319532,29303.353426489353,5609.1702632096185,52820.90693587847,423.56227405188014,68264.43015949082,0.0,0.001,0.004
25030157B4,3,1,ok,8.0,214,3100,214,2000,106765.83645416313,103813.75027186981,67615.67220804977,146404.77495611823,34470.43602857382,162090.05206057525,0.0,0.0,0.0
25030334B2,0,1,ok,1.0,228,3202,228,2000,1879.8281579388542,2048.0,1024.0,2896.309375740099,0.0,23892.81366854896,0.0555,0.0555,0.285
25030334B2,0,1,ok,2.0,228,3202,228,2000,10365.639175130313,7933.548008299944,2615.792040663783,22081.46575750804,595.2344076076248,54113.87238961928,0.0,0.0,0.0235
25030334B2,0,1,ok,4.0,228,3202,228,2000,30967.68453952248,19164.31826230193,6223.160912939592,61489.50302390975,588.715551009144,77599.95381441925,0.0,0.0,0.0005
25030334B2,0,1,ok,8.0,228,3202,228,2000,117081.59428287209,107624.36761353882,75505.08527980204,160170.91796973706,62446.234874490234,175225.39067155763,0.0,0.0,0.0
25030619B2,3,1,ok,1.0,255,3387,255,2000,1919.1082104351772,2048.0,1024.0,3072.0,0.0,17398.269339218772,0.0605,0.061,0.264
25030619B2,3,1,ok,2.0,255,3387,255,2000,11816.688389364475,6294.223405542669,2240.571355703719,30634.13270044786,215.1278689523977,55788.310746965624,0.001,0.0035,0.021
25030619B2,3,1,ok,4.0,255,3387,255,2000,66038.60061604818,52498.24112164381,23008.4776525454,113340.85640223918,1109.233969908964,139542.91927575544,0.0,0.0,0.0
25030619B2,3,1,ok,8.0,255,3387,255,2000,233607.40492957502,219887.58117209724,190238.9114012239,282008.576024898,145607.77149589235,309817.6989908743,0.0,0.0,0.0
25030630B,4,1,ok,1.0,305,4265,305,2000,1837.3323847017987,2048.0,1024.0,2896.309375740099,0.0,6476.344648024841,0.056,0.056,0.269
25030630B,4,1,ok,2.0,305,4265,305,2000,6184.563070035941,4651.107640104256,2069.4813359873533,13092.463291675851,275.86228448267445,22426.415875034512,0.0,0.007,0.024
25030630B,4,1,ok,4.0,305,4265,305,2000,14415.254151873734,12898.651467308962,5035.407577257865,25718.091160709806,553.1663402630352,43815.07330816645,0.0,0.0,0.005
25030630B,4,1,ok,8.0,305,4265,305,2000,50504.91573063813,49739.15662242454,21931.756824681754,79660.61965140932,4637.662449984906,103355.06761160771,0.0,0.0,0.0
25030750B2,0,1,ok,1.0,336,5104,336,2000,1730.3056790942805,1448.1546878700494,1024.0,2896.309375740099,0.0,4579.4672179195695,0.0565,0.0565,0.2875
25030750B2,0,1,ok,2.0,336,5104,336,2000,8798.094898896843,5026.063270592602,2039.2939954798082,20715.091882273504,250.43961347997646,30128.662764882214,0.003,0.003,0.0285
25030750B2,0,1,ok,4.0,336,5104,336,2000,37550.449271633224,16830.331659462652,4447.045881517578,79554.92480254208,451.73886261865937,93634.64247809141,0.0,0.002,0.004
25030750B2,0,1,ok,8.0,336,5104,336,2000,145618.80290859984,130236.57893875116,94961.0758184618,197708.79203003904,78010.10501210725,215647.27882354555,0.0,0.0,0.0
25030988B4,0,1,ok,1.0,144,2083,144,2000,1728.74918237823,1448.1546878700494,1024.0,2896.309375740099,0.0,5514.408762505732,0.0595,0.0595,0.2915
25030988B4,0,1,ok,2.0,144,2083,144,2000,18178.76067354916,17147.895060327377,2547.2685370804547,37446.32567943755,512.5007317067947,41847.113747545365,0.0,0.0,0.0165
25030988B4,0,1,ok,4.0,144,2083,144,2000,23348.972270956074,20728.171672876022,5514.049782147419,47012.592599083,459.4355232238796,58400.71459323079,0.0,0.0005,0.0025
25030988B4,0,1,ok,8.0,144,2083,144,2000,88172.46621487492,86975.68869633671,49734.994297833444,124746.20896071961,30083.449552868766,136268.33405087184,0.0,0.0,0.0
25030998B2,0,1,ok,1.0,226,3001,226,2000,1837.711085033023,2048.0,1024.0,2896.309375740099,0.0,7240.773439350247,0.0535,0.0535,0.2725
25030998B2,0,1,ok,2.0,226,3001,226,2000,13752.415615593563,11911.437525113364,3105.0051529747902,26438.56193139105,85.23496934944014,51038.304869969965,0.0025,0.0025,0.016
25030998B2,0,1,ok,4.0,226,3001,226,2000,42591.044926718154,35021.67325497999,7179.3897322144085,80476.16723972437,540.9926062341333,94749.90799467829,0.0,0.0,0.0055
25030998B2,0,1,ok,8.0,226,3001,226,2000,161160.08697545022,152355.11862790596,116288.49672646428,205505.87113235603,94341.85743348495,222232.1683667781,0.0,0.0,0.0
25031267B2,0,1,ok,1.0,162,2345,162,2000,1735.6745099556647,1448.1546878700494,1024.0,2896.309375740099,0.0,5221.395981919011,0.062,0.062,0.288
25031267B2,0,1,ok,2.0,162,2345,162,2000,12584.6482168281,9381.873850496138,2538.96356807261,28963.410576947394,645.7739542595381,37911.243305911245,0.0,0.0,0.0225
25031267B2,0,1,ok,4.0,162,2345,162,2000,23072.427110898854,21960.889944694267,6535.705444293027,42101.93732823167,145.8800877433243,53401.483125471335,0.001,0.001,0.002
25031267B2,0,1,ok,8.0,162,2345,162,2000,82245.03234648184,82249.53296868119,48858.11943928958,114971.1635399425,18604.163512504398,126165.8803956125,0.0,0.0,0.0
25031271B2,1,1,ok,1.0,143,1888,143,1888,1947.9062566631217,2048.0,1024.0,2896.309375740099,0.0,16630.19257254708,0.057733050847457626,0.057733050847457626,0.2695974576271186
25031271B2,1,1,ok,2.0,143,1888,143,1888,14129.37488311485,13717.280077166099,3077.445856550526,26543.590111362104,183.0,47417.07938074634,0.0026483050847457626,0.003707627118644068,0.00847457627118644
25031271B2,1,1,ok,4.0,143,1888,143,1888,68419.59731588904,66369.4607403864,44437.690915974534,92798.4154888446,29203.31297986583,104792.49560917995,0.0,0.0,0.0
25031271B2,1,1,ok,8.0,143,1888,143,1888,203247.97048094595,201182.89589322417,185285.83408977726,223067.75001290403,172515.74309899952,233217.12623218732,0.0,0.0,0.0
25031281B2,3,1,ok,1.0,192,2839,192,2000,1733.5790462388227,1448.1546878700494,1024.0,2896.309375740099,0.0,4579.4672179195695,0.0615,0.0615,0.2925
25031281B2,3,1,ok,2.0,192,2839,192,2000,13918.361039034635,12930.950158437701,2905.6634354308826,26441.005729737288,500.8792269599529,54885.30819809614,0.0,0.0025,0.015
25031281B2,3,1,ok,4.0,192,2839,192,2000,60923.6745903958,61854.84116865874,37574.870779669785,83011.01418425061,19580.878938392932,92323.66855795973,0.0,0.0,0.0
25031281B2,3,1,ok,8.0,192,2839,192,2000,177404.5433211757,177505.21361896326,147360.15523054832,206860.33848814465,122209.71511299747,216711.41511235628,0.0,0.0,0.0
25031302B,4,1,ok,1.0,245,3539,245,2000,1735.9034023906947,1448.1546878700494,1024.0,2896.309375740099,0.0,8255.751934257714,0.0565,0.0565,0.296
25031302B,4,1,ok,2.0,245,3539,245,2000,8625.791488345407,5544.945228063658,2162.369071180958,18742.790880762663,392.2448215082004,29114.21127216054,0.0,0.005,0.0175
25031302B,4,1,ok,4.0,245,3539,245,2000,25369.593060024385,20054.056331580396,5303.606508782491,53642.70870287217,526.7731959771681,65595.28763562212,0.0,0.0,0.0055
25031302B,4,1,ok,8.0,245,3539,245,2000,98905.20607281137,102033.5154118529,59103.05338970052,138048.75268414055,42200.99242908868,150256.63379698084,0.0,0.0,0.0
25031385B4,4,1,ok,1.0,185,2588,185,2000,1829.2827126607165,1448.1546878700494,1024.0,2896.309375740099,0.0,17608.1563486925,0.0595,0.0595,0.292
25031385B4,4,1,ok,2.0,185,2588,185,2000,35395.83096209669,19704.91370944731,2988.4795465252896,76123.72879069968,296.2195131992489,84310.09546311758,0.0,0.0035,0.009
25031385B4,4,1,ok,4.0,185,2588,185,2000,193548.3809881249,176820.70145440777,150301.43933732,238364.3070892121,135858.16540789884,244770.6491820455,0.0,0.0,0.0
25031385B4,4,1,ok,8.0,185,2588,185,2000,522349.2969343401,505773.74973014975,479434.5752912377,566750.9952131615,462700.51885425847,573885.1604049368,0.0,0.0,0.0
25031387B2,4,1,ok,1.0,350,5205,350,2000,1769.8641448652422,1448.1546878700494,1024.0,2896.309375740099,0.0,8255.751934257714,0.056,0.056,0.276
25031387B2,4,1,ok,2.0,350,5205,350,2000,8869.314493302309,4955.592093786574,2100.4001999619027,22072.028293747724,187.4593289223025,36904.564934435955,0.0055,0.01,0.0225
25031387B2,4,1,ok,4.0,350,5205,350,2000,48062.07467848924,46689.26467810359,13636.053973068236,82665.92607606915,97.06183596038146,99105.2685229196,0.0005,0.0005,0.001
25031387B2,4,1,ok,8.0,350,5205,350,2000,172260.13007489924,171256.8169814386,132667.80939213192,210138.90797036578,105752.72407366158,226295.00848450017,0.0,0.0,0.0
25031411B3,0,1,ok,1.0,45,537,45,537,1925.7928623151654,2048.0,1024.0,3238.1723240124206,0.0,5120.0,0.061452513966480445,0.061452513966480445,0.26629422718808193
25031411B3,0,1,ok,2.0,45,537,45,537,24468.43401683599,19856.20872674338,3553.305002582682,44596.4632740879,339.4112549695428,48396.28730594941,0.0,0.0037243947858473,0.0074487895716946
25031411B3,0,1,ok,4.0,45,537,45,537,50327.212331252114,51869.27669632574,37043.125078532525,62040.73506762961,29893.017662992806,68705.20801947986,0.0,0.0,0.0
25031411B3,0,1,ok,8.0,45,537,45,537,138484.23927656526,138669.06181625373,122661.99900305037,153688.03334238537,111778.59931579031,160799.56661944085,0.0,0.0,0.0
25031706B,0,1,ok,1.0,144,2044,144,2000,1795.4090815741145,2048.0,1024.0,2896.309375740099,0.0,5254.29205507269,0.0565,0.0565,0.278
25031706B,0,1,ok,2.0,144,2044,144,2000,11051.725430368413,9101.607824994438,2480.051612366162,23859.40685386238,426.5969995206249,35098.000868995376,0.0,0.001,0.022
25031706B,0,1,ok,4.0,144,2044,144,2000,26072.925710798136,22875.528233206638,6213.368860167382,49132.93880625538,260.2786967848118,57412.33874351401,0.0,0.0005,0.002
25031706B,0,1,ok,8.0,144,2044,144,2000,98165.77387578822,101305.4182654088,63675.30454606068,128473.8555999349,51984.46076473238,136963.523319167,0.0,0.0,0.0
25031706B2,3,1,ok,1.0,257,3393,257,2000,1799.7951807871946,1503.2315383007342,1024.0,2896.309375740099,0.0,6228.748831025377,0.0565,0.0565,0.2825
25031706B2,3,1,ok,2.0,257,3393,257,2000,8463.32030692086,6084.6617818905925,2466.7437037339914,17799.537169961997,414.00120772770697,29655.617005889457,0.0,0.003,0.0185
25031706B2,3,1,ok,4.0,257,3393,257,2000,32414.612419963774,33723.014451608404,5860.362190172208,62085.16764091082,114.9826073804208,72452.97935212878,0.0005,0.0005,0.003
25031706B2,3,1,ok,8.0,257,3393,257,2000,116321.59393711771,117898.85045964253,73363.11040159203,156652.74820688093,37645.43488923989,167637.96233848704,0.0,0.0,0.0
25032143B2,2,1,ok,1.0,95,1315,95,1315,1795.7091171084467,1448.1546878700494,1024.0,2896.309375740099,0.0,6392.350584878774,0.06007604562737642,0.060836501901140684,0.28669201520912546
25032143B2,2,1,ok,2.0,95,1315,95,1315,23807.587429608586,23846.186634344704,8523.50883174807,39532.928768306556,528.0151512977634,50511.119063034035,0.0,0.0,0.003041825095057034
25032143B2,2,1,ok,4.0,95,1315,95,1315,76791.05031207847,77657.41953606236,60333.5635895832,92319.22657390266,48175.73024874662,102806.45665521208,0.0,0.0,0.0
25032143B2,2,1,ok,8.0,95,1315,95,1315,206279.82610998407,206347.85766031107,185733.26550128564,226392.48823733977,172649.02078204788,237613.2620078265,0.0,0.0,0.0
25032143B3,2,1,ok,1.0,63,770,63,770,1763.350857045054,1659.5784128815012,1024.0,2896.309375740099,0.0,4222.060160632484,0.05454545454545454,0.05454545454545454,0.2792207792207792
25032143B3,2,1,ok,2.0,63,770,63,770,25428.592645622088,35925.3031598261,3138.580281671278,46022.38297079021,655.4883675550619,49523.766617655405,0.0,0.0,0.01038961038961039
25032143B3,2,1,ok,4.0,63,770,63,770,35352.36273446739,35857.27229974374,22620.29020302683,47035.5351260957,15283.97853963424,52464.254735962844,0.0,0.0,0.0
25032143B3,2,1,ok,8.0,63,770,63,770,98322.04684982795,98837.00018775846,77401.40665127109,118590.71690353584,63171.92300381555,125040.38445638273,0.0,0.0,0.0
25032146B2,1,1,ok,1.0,20,241,20,241,1841.3971473583222,2048.0,1024.0,2896.309375740099,0.0,4222.060160632484,0.04979253112033195,0.04979253112033195,0.27800829875518673
25032146B2,1,1,ok,2.0,20,241,20,241,18751.511982900094,8970.46910701999,2739.1918516233945,36693.998869024894,507.2947860958163,38917.52778633298,0.0,0.004149377593360996,0.024896265560165973
25032146B2,1,1,ok,4.0,20,241,20,241,21397.032846052763,21629.36025406207,15873.757242694623,26839.395000632932,12417.339207736897,30502.796265260666,0.0,0.0,0.0
25032146B2,1,1,ok,8.0,20,241,20,241,51001.40891807118,55687.047865729066,33319.06542806986,68288.85850561569,30997.29422062513,72065.43873452794,0.0,0.0,0.0
25032179B3,0,1,ok,1.0,47,604,47,604,1809.6067149227772,2048.0,1024.0,2896.309375740099,0.0,4096.0,0.056291390728476824,0.056291390728476824,0.2731788079470199
25032179B3,0,1,ok,2.0,47,604,47,604,24314.397764404708,13764.494348693739,2545.208046506218,46906.67532333716,336.00595232822883,51505.6741922674,0.0,0.004966887417218543,0.013245033112582781
25032179B3,0,1,ok,4.0,47,604,47,604,31739.322033917095,32736.17560592801,18847.122132777822,42882.95307345281,12000.140165848064,47001.837091756315,0.0,0.0,0.0
25032179B3,0,1,ok,8.0,47,604,47,604,89404.4142386516,90784.07425501774,72955.2956399706,102876.35222151497,62833.614459141216,109240.13769672757,0.0,0.0,0.0
25032245B2,4,1,ok,1.0,62,677,62,677,1918.2958025194669,2048.0,1024.0,3238.1723240124206,0.0,5970.894740321588,0.05760709010339734,0.059084194977843424,0.26292466765140327
25032245B2,4,1,ok,2.0,62,677,62,677,10997.374002398103,7831.207888953019,3194.2968834497256,24938.92910692037,352.3634487287238,31406.80959600959,0.0,0.0029542097488921715,0.007385524372230428
25032245B2,4,1,ok,4.0,62,677,62,677,21930.596764426722,21646.595136418106,7796.474876235732,35787.48037891104,469.6647740676322,45260.19637606536,0.0,0.0014771048744460858,0.005908419497784343
25032245B2,4,1,ok,8.0,62,677,62,677,77877.65374336219,75903.63069050123,61595.58258552165,94304.04098052482,55632.684862408,104673.53101906899,0.0,0.0,0.0
25032360B2,4,1,ok,1.0,189,2665,189,2000,1817.8082020711843,2025.4625882702308,1024.0,2896.309375740099,0.0,6662.75896307228,0.053,0.053,0.2745
25032360B2,4,1,ok,2.0,189,2665,189,2000,11327.408832357449,8535.459770001416,2768.9075463077493,24568.668485405764,275.26351011349107,36091.176899624654,0.0,0.0015,0.018
25032360B2,4,1,ok,4.0,189,2665,189,2000,35819.352821470755,38143.17281852597,6781.725030791001,62939.89500751478,915.3982739769614,78060.00016013323,0.0,0.0,0.002
25032360B2,4,1,ok,8.0,189,2665,189,2000,128176.460911518,139183.6940719416,88254.94421036604,167319.87608350397,69563.00058220605,182724.5357170186,0.0,0.0,0.0
25032626B2,2,1,ok,1.0,159,2265,159,2000,1741.1174726268546,1448.1546878700494,1024.0,2896.309375740099,0.0,5522.709208350554,0.0565,0.0565,0.289
25032626B2,2,1,ok,2.0,159,2265,159,2000,14134.043443351893,11845.717538418683,2649.679225868671,30513.205827895017,579.76546982379,38688.57476051554,0.0,0.0,0.0215
25032626B2,2,1,ok,4.0,159,2265,159,2000,17325.078363706387,15850.697476899772,4403.365190396999,34102.82276560398,312.1938500355188,40438.00192887873,0.0,0.0015,0.0055
25032626B2,2,1,ok,8.0,159,2265,159,2000,50912.88596658847,60875.16030975655,12149.379573245478,84929.64128029742,304.7244657063164,92222.3136556441,0.0,0.0005,0.001
25032788B4,3,1,ok,1.0,210,2883,210,2000,1819.127154782217,2048.0,1024.0,2896.309375740099,0.0,6892.00812535795,0.057,0.057,0.277
25032788B4,3,1,ok,2.0,210,2883,210,2000,10526.389634380575,7446.291493825039,2465.4088910361297,23711.237837739536,303.10559216220344,42595.70772977015,0.0,0.001,0.025
25032788B4,3,1,ok,4.0,210,2883,210,2000,16944.201318584965,14328.308672271873,4199.898213052312,33228.53297349055,42.05948168962618,45768.583034653806,0.0005,0.0015,0.0035
25032788B4,3,1,ok,8.0,210,2883,210,2000,66586.89430299823,67080.90679408624,42912.94617369221,89430.27536658983,25997.28372349696,104387.76365551664,0.0,0.0,0.0
25032789B2,0,1,ok,1.0,254,3767,254,2000,1751.2795830189211,1448.1546878700494,1024.0,2896.309375740099,0.0,5514.408762505732,0.061,0.061,0.29
25032789B2,0,1,ok,2.0,254,3767,254,2000,11427.454653222743,5809.432416338105,2064.062256813006,29010.4463745395,257.489805623446,38795.22935877555,0.0,0.0085,0.0245
25032789B2,0,1,ok,4.0,254,3767,254,2000,12734.112068914343,9881.551383293681,4195.06865259676,25145.789873835147,387.3306081372863,36159.86561092284,0.0,0.0015,0.005
25032789B2,0,1,ok,8.0,254,3767,254,2000,50026.86585940819,50645.60512913916,27373.81419576309,72224.87013845779,8753.560704079226,88194.40663103301,0.0,0.0,0.0
25033169B1,3,1,ok,1.0,335,4928,335,2000,1697.5522715936038,1448.1546878700494,1024.0,2289.7336089597848,0.0,5120.0,0.061,0.061,0.2915
25033169B1,3,1,ok,2.0,335,4928,335,2000,7312.662855306328,4304.802899088412,1714.7063888607868,18135.87119495504,614.6999267935535,38628.44550328165,0.0,0.0,0.0335
25033169B1,3,1,ok,4.0,335,4928,335,2000,22543.159404983828,17798.65865732584,5651.0526023184,47780.10507744979,579.0423127889705,64662.118987858725,0.0,0.0,0.0035
25033169B1,3,1,ok,8.0,335,4928,335,2000,95432.23601083696,95332.0818178968,54694.678528431046,135247.64048650803,31906.77109956443,152071.65300607475,0.0,0.0,0.0
25033178B4,2,1,ok,1.0,294,4126,294,2000,1821.323840441134,1862.1095207122357,1024.0,2896.309375740099,0.0,7240.773439350247,0.057,0.058,0.283
25033178B4,2,1,ok,2.0,294,4126,294,2000,9864.949441948203,6605.354295762856,2128.6474578943316,21886.929126932966,296.9326522967792,32535.58402733844,0.0,0.0015,0.0235
25033178B4,2,1,ok,4.0,294,4126,294,2000,35861.20892532044,32634.903442006333,6227.471723549951,70950.46489175875,465.1021393199563,85720.54097472788,0.0,0.001,0.0025
25033178B4,2,1,ok,8.0,294,4126,294,2000,143457.2327186347,141987.59986337041,102918.68424109537,183814.17248305486,88830.85022670896,197012.09818942592,0.0,0.0,0.0
25033211B,1,1,ok,1.0,217,2931,217,2000,1783.5949352740438,1448.1546878700494,1024.0,2896.309375740099,0.0,5514.408762505732,0.0575,0.0575,0.283
25033211B,1,1,ok,2.0,217,2931,217,2000,8837.399105513572,6398.780926842638,2296.9484103914915,18831.178534547435,237.19190542680835,37136.73082003854,0.002,0.0055,0.0175
25033211B,1,1,ok,4.0,217,2931,217,2000,28387.40170340956,28390.3299804661,11404.311798043002,43736.916889013664,2969.725408181706,62184.19892545051,0.0,0.0,0.0
25033211B,1,1,ok,8.0,217,2931,217,2000,98751.5544883422,99930.87177965065,69242.82994021969,124758.33824529183,54143.81889929819,145075.3329411999,0.0,0.0,0.0
25033447B4,0,1,ok,1.0,75,1054,75,1054,2559.443357186512,2048.0,1024.0,4222.060160632484,0.0,18847.64521100713,0.04174573055028463,0.04364326375711575,0.23719165085388993
25033447B4,0,1,ok,2.0,75,1054,75,1054,14234.183272970367,14048.58293821311,5094.590268117741,23335.21305286604,297.6743186773088,29131.787209163806,0.0,0.0018975332068311196,0.0056925996204933585
25033447B4,0,1,ok,4.0,75,1054,75,1054,45409.62001576153,53101.044589776066,10059.047780764631,70390.8851195074,3085.333207288963,77051.50616308548,0.0,0.0,0.0
25033447B4,0,1,ok,8.0,75,1054,75,1054,136663.1675662651,149561.6297322042,92565.85373617416,164041.42704121614,78624.77437169534,172831.8492928893,0.0,0.0,0.0
25033482B2,1,1,ok,1.0,101,1345,101,1345,1779.0200621022402,1448.1546878700494,1024.0,2896.309375740099,0.0,5120.0,0.055762081784386616,0.055762081784386616,0.283271375464684
25033482B2,1,1,ok,2.0,101,1345,101,1345,26322.9574041213,28482.98539479315,3488.9695177376407,45325.54337236345,607.2174239924279,54711.43575158671,0.0,0.0,0.011152416356877323
25033482B2,1,1,ok,4.0,101,1345,101,1345,63594.8227983572,63955.75409609365,44795.99256782224,81184.16607520064,37073.91862212572,87059.5427566674,0.0,0.0,0.0
25033482B2,1,1,ok,8.0,101,1345,101,1345,171699.9915799497,172190.37796868908,147284.68915006585,191670.89622569887,135858.74903737337,201731.85146872568,0.0,0.0,0.0
25033486B,3,1,ok,1.0,281,3983,281,2000,1774.0004901818425,1448.1546878700494,1024.0,2896.309375740099,0.0,10594.492342722231,0.0615,0.0615,0.29
25033486B,3,1,ok,2.0,281,3983,281,2000,10220.937083888002,6237.667031831693,2294.0340014916956,23999.45753553609,384.7622642619726,51515.383071467106,0.0,0.0075,0.025
25033486B,3,1,ok,4.0,281,3983,281,2000,19526.696506403445,16715.88088475489,5197.212522112214,40221.545323912294,90.21086409075129,57818.157978268384,0.0005,0.001,0.004
25033486B,3,1,ok,8.0,281,3983,281,2000,76080.59673335514,77318.76034770405,30159.55924267033,116594.3663753894,15551.33309398265,135465.6693926546,0.0,0.0,0.0
25033894B2,4,1,ok,1.0,89,1110,89,1110,2088.272251617134,2048.0,1024.0,3238.1723240124206,0.0,15398.891713366907,0.051351351351351354,0.051351351351351354,0.23963963963963963
25033894B2,4,1,ok,2.0,89,1110,89,1110,16198.812079577161,15746.166602626028,3311.217059063435,32521.87484431631,87.32124598286491,43273.413916630154,0.0009009009009009009,0.0036036036036036037,0.00990990990990991
25033894B2,4,1,ok,4.0,89,1110,89,1110,26473.696798891164,26288.05300840112,11477.474893530045,43106.108021128966,3137.8731650594164,53349.21608608696,0.0,0.0,0.0
25033894B2,4,1,ok,8.0,89,1110,89,1110,82310.04182572477,75546.73923497583,50288.346105519246,114522.63464694575,36550.636109375715,124742.99935868145,0.0,0.0,0.0
25034245B2,1,1,ok,1.0,174,2513,174,2000,1813.6176320735613,1967.178944580284,1024.0,2896.309375740099,0.0,5221.395981919011,0.0535,0.054,0.2735
25034245B2,1,1,ok,2.0,174,2513,174,2000,8678.068377645948,5872.784688714545,2147.6373064370064,18741.00000330869,224.57070156189118,30491.168557469227,0.0035,0.007,0.0145
25034245B2,1,1,ok,4.0,174,2513,174,2000,42119.98762100376,40058.18997465139,24693.01960315446,63693.821237054486,302.0364216448076,80529.3669663434,0.0,0.0005,0.001
25034245B2,1,1,ok,8.0,174,2513,174,2000,139473.0717503075,138938.4824814333,121069.2246224992,158011.13549420916,112556.06955646594,172751.96147077464,0.0,0.0,0.0
25034327B2,0,1,ok,1.0,336,5068,336,2000,1748.0430464783644,1448.1546878700494,1024.0,2896.309375740099,0.0,7168.0,0.0575,0.0575,0.2895
25034327B2,0,1,ok,2.0,336,5068,336,2000,9765.613986250857,5705.5704757915955,2101.1235089827537,24025.134328039054,372.15050718761626,42367.03927583328,0.0,0.0105,0.023
25034327B2,0,1,ok,4.0,336,5068,336,2000,15272.123450076708,13286.928885441179,4458.048003330606,29140.60563114969,288.44410203711914,44359.90982858284,0.0,0.0005,0.0055
25034327B2,0,1,ok,8.0,336,5068,336,2000,44083.443438146816,39086.52800106208,11109.98574719692,81024.28856051034,707.9095987483148,103371.01241644101,0.0,0.0,0.0005
25034929B2,3,1,ok,1.0,274,3840,274,2000,1762.143013387886,1448.1546878700494,1024.0,2896.309375740099,0.0,6429.739808110434,0.063,0.063,0.2935
25034929B2,3,1,ok,2.0,274,3840,274,2000,14073.388462125402,9977.62460866686,2744.8688493259565,31276.24589045175,131.59407281484982,42090.60746769996,0.0015,0.0015,0.0155
25034929B2,3,1,ok,4.0,274,3840,274,2000,22387.20596208883,21902.601182811268,7625.058081470731,36565.15860936488,951.8791940157112,65344.93476926884,0.0,0.0,0.001
25034929B2,3,1,ok,8.0,274,3840,274,2000,83432.15601643959,82290.03468800204,56457.37529787232,110466.37940324862,42702.62742501918,137669.72844093214,0.0,0.0,0.0
25034940B10,2,1,ok,1.0,125,1689,125,1689,1731.2245176633287,1448.1546878700494,1024.0,2896.309375740099,0.0,6476.344648024841,0.0586145648312611,0.0586145648312611,0.2901124925991711
25034940B10,2,1,ok,2.0,125,1689,125,1689,17289.227924284707,14685.107592387601,2576.3542070142453,34107.81894449859,459.3223269121587,41444.57717241183,0.0,0.0053285968028419185,0.021314387211367674
25034940B10,2,1,ok,4.0,125,1689,125,1689,21984.451334082107,24224.66133922206,5348.53634184157,37816.06445292507,227.1057022621845,46123.2273914131,0.0005920663114268798,0.0005920663114268798,0.0017761989342806395
25034940B10,2,1,ok,8.0,125,1689,125,1689,68697.28540117905,72898.73151845648,31838.28077075509,98865.68480878451,14907.841728432724,109230.30942462811,0.0,0.0,0.0
25034940B11,0,1,ok,1.0,188,2700,188,2000,1749.2923774224382,1448.1546878700494,1024.0,2896.309375740099,0.0,5687.123438083615,0.0545,0.0545,0.2995
25034940B11,0,1,ok,2.0,188,2700,188,2000,11806.489718730474,8655.393289735597,2433.8939993352215,27341.084810898614,457.20017497809425,35368.961661321075,0.0,0.001,0.023
25034940B11,0,1,ok,4.0,188,2700,188,2000,19957.527009546913,18016.02822488908,5432.276226408227,40100.351556559,472.46693005966034,51578.45131447822,0.0,0.0005,0.0035
25034940B11,0,1,ok,8.0,188,2700,188,2000,71854.8648339897,73288.30503483591,30924.751787806017,110383.2519336677,15890.505120983411,121945.5511283622,0.0,0.0,0.0
25034940B12,0,1,ok,1.0,110,1455,110,1455,1931.4529801508536,2048.0,1024.0,3072.0,0.0,10076.202459260136,0.05567010309278351,0.05567010309278351,0.2597938144329897
25034940B12,0,1,ok,2.0,110,1455,110,1455,11334.861088349307,6718.552224996097,2484.1893418359814,26021.32025447443,614.6999267935535,33243.75869242225,0.0,0.0,0.024054982817869417
25034940B12,0,1,ok,4.0,110,1455,110,1455,13303.183082513864,13387.82252646038,5019.304688529723,21238.76820198524,435.2470562795342,30821.050468794863,0.0,0.0006872852233676976,0.004810996563573883
25034940B12,0,1,ok,8.0,110,1455,110,1455,40774.722092609605,42736.01914076696,18079.701172772602,58716.44138055615,4631.45290378732,73794.42146937667,0.0,0.0,0.0
25034940B8,1,1,ok,1.0,100,1391,100,1391,1715.351475766245,1448.1546878700494,1024.0,2896.309375740099,0.0,4579.4672179195695,0.05895039539899353,0.05895039539899353,0.295470884255931
25034940B8,1,1,ok,2.0,100,1391,100,1391,11767.300149288896,10346.364047335663,2732.4364585475723,23600.609165866885,544.2067621777591,30743.996113062465,0.0,0.0,0.017253774263120056
25034940B8,1,1,ok,4.0,100,1391,100,1391,22736.0118772592,21932.707106055102,7716.259780489509,39120.00952198248,486.5480449040978,47381.692086712144,0.0,0.0007189072609633358,0.002875629043853343
25034940B8,1,1,ok,8.0,100,1391,100,1391,77386.49749951524,77062.37692285386,50453.68221448262,101845.62820759662,35760.60000894839,110429.21244399056,0.0,0.0,0.0
25034940B9,4,1,ok,1.0,134,1891,134,1891,1853.209147280029,2048.0,1024.0,3072.0,0.0,5120.0,0.053410893707033315,0.053410893707033315,0.2654680063458488
25034940B9,4,1,ok,2.0,134,1891,134,1891,6980.088999246524,5260.924823640802,2084.386000720596,14564.635285512644,257.87012234844116,21442.314823731136,0.0,0.007932310946589107,0.021152829190904283
25034940B9,4,1,ok,4.0,134,1891,134,1891,32520.95433710369,31836.675658743014,9460.007452428354,56025.03162872824,1507.155267382893,66259.55611834416,0.0,0.0,0.0
25034940B9,4,1,ok,8.0,134,1891,134,1891,117049.64894477297,115371.37335145145,88081.42667441303,144615.60851097642,73734.70583788885,155188.69067364413,0.0,0.0,0.0
25035354B,2,1,ok,1.0,268,3716,268,2000,1864.71739082966,2048.0,1024.0,3072.0,0.0,6228.748831025377,0.0485,0.049,0.2575
25035354B,2,1,ok,2.0,268,3716,268,2000,5621.071914825151,4169.325245168575,1808.66730568726,12204.833180601754,150.0,27737.569558272404,0.0035,0.0105,0.028
25035354B,2,1,ok,4.0,268,3716,268,2000,24567.146227845536,19979.733089020137,5025.536972589254,51280.81543375486,364.4722211636986,63335.42990301716,0.0,0.0015,0.004
25035354B,2,1,ok,8.0,268,3716,268,2000,97897.56083846674,98011.27941376442,57949.28100454994,136439.75374231482,20837.910763797794,149254.17252793972,0.0,0.0,0.0
25035354B2,1,1,ok,1.0,127,1653,127,1653,2012.9994814159788,2048.0,1024.0,3238.1723240124206,0.0,5437.551011254975,0.04779189352692075,0.04779189352692075,0.24077434966727163
25035354B2,1,1,ok,2.0,127,1653,127,1653,13717.560737166837,9113.16234904218,2876.3087455973846,28824.817657706008,423.62247343595925,36930.72564951845,0.0,0.004839685420447671,0.009679370840895343
25035354B2,1,1,ok,4.0,127,1653,127,1653,12749.660588648037,10462.331719076776,4192.695955725159,24204.721522876484,328.2925524589311,37298.896498422044,0.0,0.0012099213551119178,0.009074410163339383
25035354B2,1,1,ok,8.0,127,1653,127,1653,44049.04032129154,43164.800474460666,17615.794448636247,73705.80811200265,7780.379489459367,87400.54297314177,0.0,0.0,0.0
25035354B3,0,1,ok,1.0,241,3318,241,2000,1872.7037287157762,2048.0,1024.0,2896.309375740099,0.0,5514.408762505732,0.0525,0.0525,0.259
25035354B3,0,1,ok,2.0,241,3318,241,2000,12976.990283564099,10114.04990611451,2571.27517002751,28899.610878013398,395.170849127311,53017.13232531537,0.0,0.006,0.017
25035354B3,0,1,ok,4.0,241,3318,241,2000,27826.053900919476,25786.746712952765,5322.017004858214,55724.94080876707,704.0177554579145,67470.42350541458,0.0,0.0,0.002
25035354B3,0,1,ok,8.0,241,3318,241,2000,102718.75434053587,112636.50966067336,55502.015058678386,146467.2831726389,31831.28379440578,156909.3643094637,0.0,0.0,0.0
25035882B3,2,1,ok,1.0,137,1905,137,1905,1790.7399063424577,1448.1546878700494,1024.0,2896.309375740099,0.0,5593.013141411345,0.05721784776902887,0.05774278215223097,0.28398950131233597
25035882B3,2,1,ok,2.0,137,1905,137,1905,11195.553336339834,6971.371242445779,2366.682276943823,25298.4622655212,407.17686574755203,36604.110383944586,0.0,0.005774278215223097,0.012598425196850394
25035882B3,2,1,ok,4.0,137,1905,137,1905,65759.49107081517,65003.382411994535,46732.71345947162,84995.02416733332,34290.29986745523,94752.1629990577,0.0,0.0,0.0
25035882B3,2,1,ok,8.0,137,1905,137,1905,189202.63322468323,189971.79597245483,171968.3737627764,205514.81317945354,156565.05725416512,213324.5755767488,0.0,0.0,0.0
25035882B4,4,1,ok,1.0,114,1431,114,1431,1898.4157737649298,2048.0,1024.0,3072.0,0.0,6228.748831025377,0.0517120894479385,0.0517120894479385,0.2522711390635919
25035882B4,4,1,ok,2.0,114,1431,114,1431,11115.778810298703,10007.97482011221,2834.578628297335,19819.20250666005,311.1076983939806,46099.98595444472,0.0,0.0041928721174004195,0.014675052410901468
25035882B4,4,1,ok,4.0,114,1431,114,1431,46861.905944589605,47149.29273064443,32226.44573948545,64101.301710651715,430.7957752810489,76524.65799335531,0.0,0.0006988120195667365,0.001397624039133473
25035882B4,4,1,ok,8.0,114,1431,114,1431,138485.75615944638,138283.02215384215,111759.69418802111,164524.0650360913,76452.5268712552,177668.74154166793,0.0,0.0,0.0
25036226B4,2,1,ok,1.0,241,3409,241,2000,1812.2344653491687,2048.0,1024.0,2896.309375740099,0.0,5221.395981919011,0.0595,0.0605,0.2775
25036226B4,2,1,ok,2.0,241,3409,241,2000,9490.276214482536,5719.050358232563,2344.368784982431,22643.651983813867,498.78352017683983,34403.96257700557,0.0,0.005,0.0215
25036226B4,2,1,ok,4.0,241,3409,241,2000,55926.95436325683,60060.04637233462,20197.435357828253,88098.01532801334,1720.1639456749465,102388.20561470935,0.0,0.0,0.0
25036226B4,2,1,ok,8.0,241,3409,241,2000,187826.47050746958,193544.2378267889,148566.0364670487,223792.32425912673,121625.64191814158,238951.39305097176,0.0,0.0,0.0
25036333B3,1,1,ok,1.0,59,697,59,697,1707.3198372076206,1448.1546878700494,1024.0,2896.309375740099,0.0,4222.060160632484,0.06169296987087518,0.06312769010043041,0.296987087517934
25036333B3,1,1,ok,2.0,59,697,59,697,13427.6631480798,12752.20329982235,4135.23526812085,23644.34059528354,525.3046734991037,29372.233095221072,0.0,0.0,0.011477761836441894
25036333B3,1,1,ok,4.0,59,697,59,697,28718.997405706767,27815.372458408678,13520.792561477503,44622.420275214085,7250.4932246020335,49743.52935809843,0.0,0.0,0.0
25036333B3,1,1,ok,8.0,59,697,59,697,87649.43514484381,78817.54896595047,63007.059153486654,112244.56896096762,56806.04436149378,117968.44334397229,0.0,0.0,0.0
25036340B1,4,1,ok,1.0,101,1318,101,1318,1786.675691787542,1448.1546878700494,1024.0,2896.309375740099,0.0,5120.0,0.054628224582701064,0.054628224582701064,0.28148710166919577
25036340B1,4,1,ok,2.0,101,1318,101,1318,10181.968321899885,7694.120352580924,2627.1200962270455,21901.89553729468,465.92703291395316,28670.840448092902,0.0,0.004552352048558422,0.015174506828528073
25036340B1,4,1,ok,4.0,101,1318,101,1318,10999.745689533405,9664.850974686851,4197.256723146679,19742.169170091867,230.9025768587263,28561.859883417957,0.0015174506828528073,0.0015174506828528073,0.005311077389984826
25036340B1,4,1,ok,8.0,101,1318,101,1318,35173.73996658583,36053.18651986495,13847.798257946737,57378.3396965653,6093.296316444819,70192.71301210689,0.0,0.0,0.0
25036341B,2,1,ok,1.0,77,1072,77,1072,1784.640694082825,1448.1546878700494,1024.0,2896.309375740099,0.0,5221.395981919011,0.05503731343283582,0.05503731343283582,0.2826492537313433
25036341B,2,1,ok,2.0,77,1072,77,1072,22135.870132531178,23775.47605071908,4073.4543067328395,38932.29069720143,384.66608896548183,51550.36124994664,0.0,0.0018656716417910447,0.0046641791044776115
25036341B,2,1,ok,4.0,77,1072,77,1072,49771.30453469293,50292.17158183309,31420.067425914356,67697.5866780188,20178.569324905075,76225.80944142214,0.0,0.0,0.0
25036341B,2,1,ok,8.0,77,1072,77,1072,142435.39917468108,145763.98806066992,117175.83817168041,166661.69842287854,108320.92054630998,173500.04717002242,0.0,0.0,0.0
25036634B2,3,1,ok,1.0,147,2063,147,2000,1835.0028352709357,2048.0,1024.0,2896.309375740099,0.0,5576.636979398964,0.055,0.0555,0.275
25036634B2,3,1,ok,2.0,147,2063,147,2000,18136.397513114473,18499.440955139202,4463.3747181244535,30394.220942056214,474.9747361702515,37319.96228561867,0.0,0.0005,0.007
25036634B2,3,1,ok,4.0,147,2063,147,2000,77654.50741554893,76985.17975327767,55897.093706613734,99528.68896762784,44853.73430384587,109315.67474520752,0.0,0.0,0.0
25036634B2,3,1,ok,8.0,147,2063,147,2000,222955.6388706838,222769.46947801483,202946.20651317376,243270.04564868295,189609.5325478126,252689.89776601674,0.0,0.0,0.0
25041732B,4,1,ok,1.0,253,3838,253,2000,1767.5406623565568,1448.1546878700494,1024.0,2896.309375740099,0.0,20499.240790819546,0.0635,0.0635,0.317
25041732B,4,1,ok,2.0,253,3838,253,2000,7569.658199745579,5072.763349496998,2097.8465148813916,16943.34362282519,100.23971268913334,37502.664771986536,0.003,0.003,0.0275
25041732B,4,1,ok,4.0,253,3838,253,2000,36059.38342621921,37226.838410945275,15730.985777156335,54675.75120915456,1623.132773373762,68866.23788185326,0.0,0.0,0.0
25041732B,4,1,ok,8.0,253,3838,253,2000,118356.04387189244,118374.41722653258,88508.63110418286,147092.06006188918,62622.04858514292,162617.20253404925,0.0,0.0,0.0
25041763B,1,1,ok,1.0,337,5032,337,2000,1709.5266057625836,1448.1546878700494,1024.0,2289.7336089597848,0.0,5221.395981919011,0.06,0.06,0.295
25041763B,1,1,ok,2.0,337,5032,337,2000,9209.65441279697,5300.324612700622,1958.2852192671016,21493.281428572947,401.19945164469004,36462.399317653246,0.0,0.004,0.024
25041763B,1,1,ok,4.0,337,5032,337,2000,48907.85172578499,49063.328985930915,15725.328317843718,81503.05634661288,452.133829745132,94202.99278154595,0.0,0.0005,0.001
25041763B,1,1,ok,8.0,337,5032,337,2000,173969.8229656323,173947.3772577947,136724.76523573633,210160.92804015672,105765.11939198102,222837.99686992343,0.0,0.0,0.0
25042220B2,2,1,ok,1.0,356,5216,356,2000,1715.5778708470687,1448.1546878700494,1024.0,2289.7336089597848,0.0,4579.4672179195695,0.0585,0.0585,0.2985
25042220B2,2,1,ok,2.0,356,5216,356,2000,9000.321313600212,5314.12005886205,2170.6685228749047,20337.091062434636,353.45155254999236,36298.058570672896,0.0,0.005,0.0105
25042220B2,2,1,ok,4.0,356,5216,356,2000,38197.83841001776,35672.135030343365,5814.233569439742,74613.27277320574,232.96351645697658,89158.54821608526,0.0005,0.0005,0.0025
25042220B2,2,1,ok,8.0,356,5216,356,2000,140974.8226250893,140105.79228252365,95690.770691907,184724.77064662744,66955.63187663903,197731.50409583194,0.0,0.0,0.0
25042465B3,2,1,ok,1.0,197,2919,197,2000,1780.348898175388,1448.1546878700494,1024.0,2896.309375740099,0.0,5514.408762505732,0.058,0.058,0.281
25042465B3,2,1,ok,2.0,197,2919,197,2000,16324.82381274416,14502.25499706856,2996.4647503349674,34353.50437322022,397.57389250301634,45613.57420768515,0.0,0.003,0.012
25042465B3,2,1,ok,4.0,197,2919,197,2000,69598.06913177238,69674.01021185706,49967.503321371696,88942.94366210379,33147.307824316595,104572.22209076367,0.0,0.0,0.0
25042465B3,2,1,ok,8.0,197,2919,197,2000,188913.25939546982,190379.91354260937,168174.65001671348,208128.57006009005,144695.6442744563,218237.05254836997,0.0,0.0,0.0
25042830B2,2,1,ok,1.0,157,2308,157,2000,1765.555564498655,1448.1546878700494,1024.0,2896.309375740099,0.0,4579.4672179195695,0.055,0.055,0.284
25042830B2,2,1,ok,2.0,157,2308,157,2000,13825.745747266494,11931.278433147552,3106.416746027487,29623.95761879226,465.5502121146547,37422.335803634705,0.0,0.0035,0.009
25042830B2,2,1,ok,4.0,157,2308,157,2000,34629.90468745873,35663.88202266422,16229.747287003578,50919.454538708465,4556.281927185806,61743.14310917448,0.0,0.0,0.0
25042830B2,2,1,ok,8.0,157,2308,157,2000,109376.05778371343,110394.1405924423,80371.04280432478,136348.88749360235,68301.38951002387,147928.26180618766,0.0,0.0,0.0
25043126B2,1,1,ok,1.0,84,1222,84,1222,2965.57047831458,2048.0,1024.0,3238.1723240124206,0.0,38152.49467597106,0.05319148936170213,0.05319148936170213,0.251227495908347
25043126B2,1,1,ok,2.0,84,1222,84,1222,20212.07748008988,20145.20183567293,6517.759354395365,32021.89316701934,584.415092207585,68407.98111331747,0.0,0.0,0.004909983633387889
25043126B2,1,1,ok,4.0,84,1222,84,1222,59378.57734903076,59668.058483063214,38132.47189214458,80950.72710839404,11933.497768885702,89155.62349061332,0.0,0.0,0.0
25043126B2,1,1,ok,8.0,84,1222,84,1222,170493.7602820241,169799.2170255005,142840.7359028079,198583.98564954323,107090.47696690868,207734.07066969058,0.0,0.0,0.0
25043600B3,3,1,ok,1.0,102,1399,102,1399,1784.3086385720478,2048.0,1024.0,2896.309375740099,0.0,4579.4672179195695,0.054324517512508934,0.054324517512508934,0.27591136526090065
25043600B3,3,1,ok,2.0,102,1399,102,1399,26562.48073851433,26253.030929780278,12944.996948698275,41777.05539735374,4930.155474221883,50560.850635644965,0.0,0.0,0.0
25043600B3,3,1,ok,4.0,102,1399,102,1399,75601.66198762086,76431.74885477893,54535.78633815454,95362.20096591102,44684.88649420517,102053.65808730229,0.0,0.0,0.0
25043600B3,3,1,ok,8.0,102,1399,102,1399,207277.69683821386,212844.02744028313,180075.4506796192,233219.52414799458,170376.8098333808,240595.63164987016,0.0,0.0,0.0
25044694B,0,1,ok,1.0,290,4237,290,2000,1685.468594557445,1448.1546878700494,1024.0,2289.7336089597848,0.0,4579.4672179195695,0.054,0.054,0.2965
25044694B,0,1,ok,2.0,290,4237,290,2000,7802.761675429367,4683.164741923991,2044.7170953459552,17829.341320712258,348.9011321277132,43641.078630116375,0.0,0.0065,0.018
25044694B,0,1,ok,4.0,290,4237,290,2000,40528.235461320386,39921.49935315022,15975.168856697572,66365.75032292842,4812.849883385103,78182.29364760284,0.0,0.0,0.0
25044694B,0,1,ok,8.0,290,4237,290,2000,136050.35338269477,134821.5813084789,102412.2146450587,170931.48105374924,66399.79533100987,183747.94004831728,0.0,0.0,0.0
25045403B,2,1,ok,1.0,74,945,74,945,1737.1527620064173,1448.1546878700494,1024.0,2896.309375740099,0.0,4579.4672179195695,0.05925925925925926,0.05925925925925926,0.28888888888888886
25045403B,2,1,ok,2.0,74,945,74,945,19139.550774693038,11840.39999324347,3015.013101132398,38146.21474180172,492.8934976239796,43540.379247314784,0.0,0.0031746031746031746,0.013756613756613757
25045403B,2,1,ok,4.0,74,945,74,945,24663.92217289057,26677.897687036737,9176.373619455999,38117.07010309679,593.0944275577035,41918.67173468167,0.0,0.0,0.0021164021164021165
25045403B,2,1,ok,8.0,74,945,74,945,71480.00319924351,80437.84979721921,42031.44565855506,96404.21501203928,31321.989480235767,101370.22837105577,0.0,0.0,0.0
25045403B-1,1,1,ok,1.0,83,1115,83,1115,1681.7210747206957,1448.1546878700494,1024.0,2289.7336089597848,0.0,4579.4672179195695,0.06278026905829596,0.06278026905829596,0.30852017937219733
25045403B-1,1,1,ok,2.0,83,1115,83,1115,23028.50307003269,27368.125346833676,3225.3213636096843,42123.22358272216,535.7648738019319,47378.17232650496,0.0,0.0,0.013452914798206279
25045403B-1,1,1,ok,4.0,83,1115,83,1115,45678.05531903802,45426.91470923377,31740.764384519174,59987.52637547853,24689.831044379385,70725.841189766,0.0,0.0,0.0
25045403B-1,1,1,ok,8.0,83,1115,83,1115,132673.78595536613,132780.62703572385,111929.95249618564,152612.2081717321,102368.03851300463,164331.23701840744,0.0,0.0,0.0
25045403B2,3,1,ok,1.0,79,1088,79,1088,1737.032729642885,1448.1546878700494,1024.0,2896.309375740099,0.0,4579.4672179195695,0.06158088235294118,0.06158088235294118,0.2931985294117647
25045403B2,3,1,ok,2.0,79,1088,79,1088,19921.657071007554,17777.213364196108,2857.2163026274366,41028.191047810506,381.7918280948402,47767.19691378174,0.0,0.004595588235294118,0.012867647058823529
25045403B2,3,1,ok,4.0,79,1088,79,1088,47328.55656517811,47527.345993332056,30741.1683585411,63406.75346310034,23188.57030952965,72357.73330474083,0.0,0.0,0.0
25045403B2,3,1,ok,8.0,79,1088,79,1088,136120.8896981535,136416.0040505415,119564.82806869454,152443.00641122193,109315.64748470367,159819.22293954506,0.0,0.0,0.0
25045450B2,3,1,ok,1.0,48,576,48,576,1865.1109160547671,2048.0,1024.0,3072.0,0.0,4579.4672179195695,0.052083333333333336,0.052083333333333336,0.265625
25045450B2,3,1,ok,2.0,48,576,48,576,23016.60063704142,26038.356490243474,4050.101639271196,37761.70741671849,534.4005988020597,44476.9553926525,0.0,0.0,0.006944444444444444
25045450B2,3,1,ok,4.0,48,576,48,576,62189.606119401935,61646.8809004572,51326.20065964293,73800.89660174432,47455.708866268134,77286.49920911154,0.0,0.0,0.0
25045450B2,3,1,ok,8.0,48,576,48,576,165151.38194867727,164667.6128637162,154032.941544631,176572.9409039131,148844.84316562666,182608.07679837165,0.0,0.0,0.0
25045450B5,1,1,ok,1.0,186,2587,186,2000,1819.1704267370756,1448.1546878700494,1024.0,2289.7336089597848,0.0,27043.369205777595,0.0635,0.0635,0.3015
25045450B5,1,1,ok,2.0,186,2587,186,2000,10148.134573841911,5375.5157892057205,2032.984259653773,25057.778565121633,273.9069184960467,32655.1951456426,0.0,0.0075,0.0175
25045450B5,1,1,ok,4.0,186,2587,186,2000,16084.758668508719,14326.224184176988,4711.686110088404,30083.870645247764,154.84508387417407,43410.938817307324,0.002,0.002,0.0055
25045450B5,1,1,ok,8.0,186,2587,186,2000,61747.00018584903,61391.15805195765,37029.68683218771,88683.17248244406,6045.405280045334,102503.77593532835,0.0,0.0,0.0
25045625B1,0,1,ok,1.0,153,2202,153,2000,1710.6944690505384,1448.1546878700494,1024.0,2896.309375740099,0.0,4998.175667180976,0.0595,0.0595,0.299
25045625B1,0,1,ok,2.0,153,2202,153,2000,15611.78108178356,13430.279967297778,3710.517484125361,32954.951464082,258.0426321366297,41736.760511568216,0.0,0.0025,0.009
25045625B1,0,1,ok,4.0,153,2202,153,2000,30982.17153292949,31573.991732211798,15708.298492562271,44953.89922613231,2857.588143872381,61883.8384232911,0.0,0.0,0.0
25045625B1,0,1,ok,8.0,153,2202,153,2000,99043.60774674089,101323.60654734969,73374.12134140621,122255.59516852694,59778.62268403313,144395.62298767923,0.0,0.0,0.0
25045625B2,2,1,ok,1.0,232,3377,232,2000,1759.7494474717562,1448.1546878700494,1024.0,2289.7336089597848,0.0,26184.53054763442,0.0645,0.0645,0.302
25045625B2,2,1,ok,2.0,232,3377,232,2000,9798.89906749658,6584.770459173197,2272.894630201761,22438.861379312453,352.95892112255785,34799.23246280009,0.0,0.0015,0.022
25045625B2,2,1,ok,4.0,232,3377,232,2000,26971.871878927148,26180.901773582373,6286.779166083023,51110.12821380112,305.71228303749916,65785.63966398746,0.0,0.0005,0.002
25045625B2,2,1,ok,8.0,232,3377,232,2000,104947.19808319137,105832.63177531878,68669.69233137122,140843.97953747064,34589.23907807167,155908.72099404832,0.0,0.0,0.0
25045625B3,0,1,ok,1.0,154,2225,154,2000,1675.239699253583,1448.1546878700494,1024.0,2289.7336089597848,0.0,4579.4672179195695,0.062,0.062,0.307
25045625B3,0,1,ok,2.0,154,2225,154,2000,13035.067274747622,12787.074763213046,2924.875552908192,24339.634857573357,458.20628542175194,31391.054537877506,0.0,0.001,0.0165
25045625B3,0,1,ok,4.0,154,2225,154,2000,64520.16024147861,66620.79722868421,37879.743561853924,88287.40551711418,22347.471825689812,97604.09848464356,0.0,0.0,0.0
25045625B3,0,1,ok,8.0,154,2225,154,2000,194262.8411697441,193714.7496859003,166293.78685448883,220464.1188994925,153837.28255855275,230022.23826621633,0.0,0.0,0.0
25045676B4,4,1,ok,1.0,245,3477,245,2000,1767.196451085847,1448.1546878700494,1024.0,2896.309375740099,0.0,5514.408762505732,0.0515,0.0515,0.276
25045676B4,4,1,ok,2.0,245,3477,245,2000,5430.938830556273,4111.876092491115,1729.556301483129,11875.247870939153,560.9179975718376,22076.133107951675,0.0,0.0,0.0405
25045676B4,4,1,ok,4.0,245,3477,245,2000,19962.184107030473,17649.778647365427,5298.2163979965935,41030.26387691826,540.3933752369657,55389.90711311944,0.0,0.0,0.006
25045676B4,4,1,ok,8.0,245,3477,245,2000,86572.84153096542,87244.529407074,54983.520095762564,117166.56164494954,29319.27558791315,132920.68601237357,0.0,0.0,0.0
25045801B1,2,1,ok,1.0,109,1546,109,1546,1843.33972821647,2048.0,1024.0,2896.309375740099,0.0,4579.4672179195695,0.0517464424320828,0.0517464424320828,0.2645536869340233
25045801B1,2,1,ok,2.0,109,1546,109,1546,16807.186122440806,16625.161081926395,4608.213809033374,29807.265666409538,417.16783193338387,39754.53580410668,0.0,0.000646830530401035,0.00646830530401035
25045801B1,2,1,ok,4.0,109,1546,109,1546,62517.54220135768,63591.21987394021,46389.05327755599,75796.7622564951,35637.84899513437,84050.40359807917,0.0,0.0,0.0
25045801B1,2,1,ok,8.0,109,1546,109,1546,166639.18314617037,168200.2743675116,144718.85468258715,185781.87300942765,132142.83523899433,196090.49955823968,0.0,0.0,0.0
25045801B2,0,1,ok,1.0,136,1735,136,1735,1806.8637807792657,2048.0,1024.0,2896.309375740099,0.0,5514.408762505732,0.05821325648414986,0.05821325648414986,0.2806916426512968
25045801B2,0,1,ok,2.0,136,1735,136,1735,12046.87765205468,10881.870151770789,2812.772475690133,23169.830328024487,537.1275453744669,29463.18641966615,0.0,0.0,0.016138328530259365
25045801B2,0,1,ok,4.0,136,1735,136,1735,50139.78355607365,51548.58114439232,24058.24905692534,74126.571989577,7310.3560788787845,82065.08607806367,0.0,0.0,0.0
25045801B2,0,1,ok,8.0,136,1735,136,1735,155169.92812287458,155384.09551173504,132861.67335853205,178419.07050131273,117338.9736532581,184953.52979870376,0.0,0.0,0.0
25045807B4,4,1,ok,1.0,50,598,50,598,1792.5312740124004,1748.0773439350246,1024.0,2896.309375740099,0.0,4579.4672179195695,0.05518394648829431,0.05518394648829431,0.28762541806020064
25045807B4,4,1,ok,2.0,50,598,50,598,16727.816273157052,15037.784831539804,5031.694029749358,31451.16921386138,571.4840330227959,37376.429470991476,0.0,0.0,0.006688963210702341
25045807B4,4,1,ok,4.0,50,598,50,598,42745.174874995886,43950.25246400765,29676.689469742563,52843.03262095807,24332.315960467058,60491.19435091359,0.0,0.0,0.0
25045807B4,4,1,ok,8.0,50,598,50,598,120323.3630389341,120593.6124415579,103211.23435446418,134876.5638737117,97777.64979789604,143407.5208139378,0.0,0.0,0.0
25045829B2,0,1,ok,1.0,298,4354,298,2000,1711.8424868202037,1448.1546878700494,1024.0,2896.309375740099,0.0,5514.408762505732,0.065,0.065,0.2995
25045829B2,0,1,ok,2.0,298,4354,298,2000,8430.76661974765,5249.999619047605,2101.238682301466,19688.91375210122,470.0,31567.1804886024,0.0,0.004,0.0245
25045829B2,0,1,ok,4.0,298,4354,298,2000,33076.297312667506,37811.820904770895,5176.65194140385,66639.20481180909,198.80643852752857,77115.99325691137,0.002,0.002,0.0065
25045829B2,0,1,ok,8.0,298,4354,298,2000,126330.06852431921,140366.21303250286,80714.72857767332,169177.30414643037,69174.20354438496,179646.33700690922,0.0,0.0,0.0
25045839B,1,1,ok,1.0,240,3188,240,2000,1726.7539127431137,1448.1546878700494,1024.0,2896.309375740099,0.0,4579.4672179195695,0.055,0.055,0.2885
25045839B,1,1,ok,2.0,240,3188,240,2000,8865.047405197165,5134.78022898741,2110.06350615331,21927.671401704978,452.48204384262584,33751.854052777606,0.0,0.0045,0.0265
25045839B,1,1,ok,4.0,240,3188,240,2000,49272.87456849131,50919.29160545136,14658.273109418107,82777.51519015785,289.77232442039735,103227.29547944188,0.0,0.0005,0.001
25045839B,1,1,ok,8.0,240,3188,240,2000,184845.339158242,188281.76313405496,148137.12601860942,221439.4870348203,135193.0755623231,242387.18303573725,0.0,0.0,0.0
25046521B3,3,1,ok,1.0,162,2300,162,2000,1709.0634408545598,1448.1546878700494,1024.0,2896.309375740099,0.0,5514.408762505732,0.062,0.062,0.295
25046521B3,3,1,ok,2.0,162,2300,162,2000,12294.77689028076,9079.597645806887,2544.0567996803843,27715.756403172545,496.2912451373689,36347.088810522364,0.0,0.006,0.012
25046521B3,3,1,ok,4.0,162,2300,162,2000,16333.699639345854,13521.761668751657,4828.6139833289635,33016.52612992174,682.6250801135276,42409.222122080944,0.0,0.0,0.0045
25046521B3,3,1,ok,8.0,162,2300,162,2000,56466.88586640194,56524.526745679716,20231.31327213119,89730.33864985194,9525.539617260536,100183.79821607884,0.0,0.0,0.0
25046631B2,0,1,ok,1.0,240,3437,240,2000,1758.714662477933,1448.1546878700494,1024.0,2896.309375740099,0.0,6127.501366788913,0.059,0.059,0.2845
25046631B2,0,1,ok,2.0,240,3437,240,2000,15874.859896100794,13835.050801577401,4023.3242738338317,31471.405338815108,206.63494380186523,40834.203041078195,0.001,0.002,0.006
25046631B2,0,1,ok,4.0,240,3437,240,2000,84279.89566322083,82186.06026447436,55678.90773190213,116120.59021347958,41609.42831859145,127174.02009058297,0.0,0.0,0.0
25046631B2,0,1,ok,8.0,240,3437,240,2000,250184.68009056538,249071.35791766283,213328.38905478455,288041.0446457709,198609.99114092925,299958.0850352262,0.0,0.0,0.0
25046855B,2,1,ok,1.0,228,3144,228,2000,1752.6960610231295,1448.1546878700494,1024.0,2896.309375740099,0.0,7632.028891454749,0.0595,0.0595,0.283
25046855B,2,1,ok,2.0,228,3144,228,2000,13578.450516695819,10893.662284189732,2895.2768582143817,28862.962577439477,352.4599268001967,52219.31462591213,0.0,0.003,0.0085
25046855B,2,1,ok,4.0,228,3144,228,2000,52572.42231590319,52716.39111494775,32642.033422165707,71068.08114149429,21259.60312423541,92449.37418933673,0.0,0.0,0.0
25046855B,2,1,ok,8.0,228,3144,228,2000,156565.56896168593,157761.68461206072,130227.25526460276,180427.7952679158,115817.05448248975,198288.1245965073,0.0,0.0,0.0
25047066B,1,1,ok,1.0,194,2568,194,2000,1858.7912548719976,2048.0,1024.0,3072.0,0.0,5514.408762505732,0.0545,0.0545,0.264
25047066B,1,1,ok,2.0,194,2568,194,2000,11293.45215276109,8810.094584733033,2838.5688295336436,24411.100338593104,98.0612053770501,31709.72248380613,0.001,0.005,0.013
25047066B,1,1,ok,4.0,194,2568,194,2000,46205.396096399745,46942.1237269896,17256.923552974386,74469.07042699846,4518.347042890796,90684.5812914191,0.0,0.0,0.0
25047066B,1,1,ok,8.0,194,2568,194,2000,162768.87352184945,163293.02866240716,128984.49658304804,196788.28385339855,114943.86664802955,212979.5672547017,0.0,0.0,0.0
25047067B2,3,1,ok,1.0,194,2784,194,2000,1755.1668595018443,1448.1546878700494,1024.0,2896.309375740099,0.0,9093.576029263735,0.057,0.057,0.2805
25047067B2,3,1,ok,2.0,194,2784,194,2000,6396.9492867297095,4766.540149836147,1967.7807296546025,12778.81782482245,449.60538253005825,19948.282758172445,0.0,0.0095,0.02
25047067B2,3,1,ok,4.0,194,2784,194,2000,24574.528380394757,25357.686987639867,5886.787719509258,43766.10010958521,729.0630974065276,59844.84827451733,0.0,0.0,0.001
25047067B2,3,1,ok,8.0,194,2784,194,2000,89070.87573296025,91527.02994274878,52349.25479454148,122477.88078941661,37164.95528047895,139637.9793072071,0.0,0.0,0.0
25047077B2,1,1,ok,1.0,189,2735,189,2000,1761.0217215952925,1448.1546878700494,1024.0,2896.309375740099,0.0,6556.799219131237,0.0605,0.0605,0.296
25047077B2,1,1,ok,2.0,189,2735,189,2000,10058.46263626734,8159.5063502014655,2517.402033843621,20034.72907228845,262.8554735971842,46381.58190488979,0.0,0.0065,0.019
25047077B2,1,1,ok,4.0,189,2735,189,2000,41935.66378592977,41307.97918200854,17799.476059606834,65187.01709069595,8717.102270823716,75820.6965478424,0.0,0.0,0.0
25047077B2,1,1,ok,8.0,189,2735,189,2000,137598.85253495266,141264.8807649052,105663.98327380582,168111.45987717007,60218.23046221136,179402.77193231994,0.0,0.0,0.0
25047088B,4,1,ok,1.0,81,1126,81,1126,1803.857491990176,2048.0,1024.0,2896.309375740099,0.0,5221.395981919011,0.055062166962699825,0.055062166962699825,0.27797513321492007
25047088B,4,1,ok,2.0,81,1126,81,1126,32665.182406062093,17074.034447957565,3576.4681818192876,62507.23865208643,379.938152861752,67666.62375203894,0.0,0.0026642984014209592,0.007992895204262877
25047088B,4,1,ok,4.0,81,1126,81,1126,32625.15596022744,33039.847892030244,17009.966286628725,46524.352380550205,9408.412087063363,55584.75281046053,0.0,0.0,0.0
25047088B,4,1,ok,8.0,81,1126,81,1126,84092.48500235514,95973.90501340214,46338.10982860337,120633.82857190064,35992.617715303786,129629.18986478315,0.0,0.0,0.0
25047401B2,1,1,ok,1.0,209,2996,209,2000,2003.376754867911,1448.1546878700494,1024.0,2896.309375740099,0.0,36189.93368327718,0.0555,0.0555,0.284
25047401B2,1,1,ok,2.0,209,2996,209,2000,9829.393916275316,6422.452822987676,2288.0559433720146,22483.705804844107,356.0688135740057,52555.91712642831,0.0,0.0075,0.023
25047401B2,1,1,ok,4.0,209,2996,209,2000,48290.02704630556,51416.943677417075,16361.54603588159,77939.7208949104,3936.0417934773,90111.07101793874,0.0,0.0,0.0
25047401B2,1,1,ok,8.0,209,2996,209,2000,164003.02437420803,170115.4160108208,128963.91908057156,198592.32072649818,83319.64431633154,210046.5191903927,0.0,0.0,0.0
25047538B2,0,1,ok,1.0,122,1719,122,1719,2067.35650671686,1448.1546878700494,1024.0,2896.309375740099,0.0,34069.29655863179,0.06108202443280977,0.06108202443280977,0.29552065154159396
25047538B2,0,1,ok,2.0,122,1719,122,1719,19779.113199560015,19178.073547674176,3207.387878009144,38154.94072419411,65.79513659838392,46932.83748080868,0.0034904013961605585,0.0034904013961605585,0.009889470622454915
25047538B2,0,1,ok,4.0,122,1719,122,1719,49316.03841310829,49916.48451163203,34497.47309586602,63579.82871539253,11163.523189387837,72143.87082074262,0.0,0.0,0.0
25047538B2,0,1,ok,8.0,122,1719,122,1719,137247.8254226594,137962.17972328502,116069.90328677444,158295.94169699514,83595.71071532319,167419.3551325533,0.0,0.0,0.0
25047815B,2,1,ok,1.0,203,2890,203,2000,1713.8281907902137,1448.1546878700494,1024.0,2896.309375740099,0.0,4579.4672179195695,0.059,0.059,0.294
25047815B,2,1,ok,2.0,203,2890,203,2000,10020.894482077296,6154.093353208091,2232.0360660168553,24842.3778586283,245.5402207378661,35057.0315058192,0.0005,0.0005,0.012
25047815B,2,1,ok,4.0,203,2890,203,2000,22419.534152725762,22201.874586774626,8132.094072254698,36548.75766172925,604.6031756449845,47973.421735373435,0.0,0.0,0.0005
25047815B,2,1,ok,8.0,203,2890,203,2000,76366.14194229254,76150.50357627089,55786.35040107543,97236.98689783725,40873.59071576658,114058.36885121583,0.0,0.0,0.0
25047835B3,3,1,ok,1.0,94,1239,94,1239,2053.4499695667946,2048.0,1024.0,3238.1723240124206,0.0,6476.344648024841,0.04519774011299435,0.04519774011299435,0.22679580306698952
25047835B3,3,1,ok,2.0,94,1239,94,1239,9920.338407145055,7034.8802406295445,2472.4279564832623,22415.011288044636,239.77072381756702,33885.23716900916,0.0016142050040355124,0.004842615012106538,0.012106537530266344
25047835B3,3,1,ok,4.0,94,1239,94,1239,33495.8610671643,33491.90794804022,19636.78793000874,47228.4749412278,10949.32591532465,51945.67658621841,0.0,0.0,0.0
25047835B3,3,1,ok,8.0,94,1239,94,1239,101517.60528297069,102238.25433760104,86237.63861088961,115611.23000966995,71047.3251431748,124468.56427226917,0.0,0.0,0.0
25047844B2,2,1,ok,1.0,119,1542,119,1542,2001.2798992800297,2048.0,1024.0,3072.0,0.0,10800.485914994752,0.04928664072632944,0.04928664072632944,0.2490272373540856
25047844B2,2,1,ok,2.0,119,1542,119,1542,6734.976194189755,4864.824046150076,1726.1706172913498,15024.08193982539,285.91082525850607,21392.851539708307,0.0,0.00324254215304799,0.03437094682230869
25047844B2,2,1,ok,4.0,119,1542,119,1542,16529.204666046997,14702.002482081502,5036.779228832647,31856.175582338943,240.65119987234635,42484.50193894239,0.0012970168612191958,0.0012970168612191958,0.0038910505836575876
25047844B2,2,1,ok,8.0,119,1542,119,1542,59173.007129259844,53303.01617384484,30834.805777137535,90581.26565924712,4161.40168693194,100943.74045477014,0.0,0.0,0.0
25047972B2,1,1,ok,1.0,211,3038,211,2000,1767.182324182263,1448.1546878700494,1024.0,2896.309375740099,0.0,4579.4672179195695,0.055,0.055,0.284
25047972B2,1,1,ok,2.0,211,3038,211,2000,12884.215602884637,10705.378194001987,2550.231362053255,28717.17275772307,585.9146695552178,37863.28275519702,0.0,0.0,0.0185
25047972B2,1,1,ok,4.0,211,3038,211,2000,23191.547501732886,14981.628492872018,4437.555569835118,53240.703314970175,136.07718398026907,64844.675957244166,0.0015,0.0015,0.0045
25047972B2,1,1,ok,8.0,211,3038,211,2000,99128.0690763162,96632.84140553672,59265.191865009925,142242.75761784925,43279.23054999938,154998.68262665978,0.0,0.0,0.0
25048256B2,3,1,ok,1.0,274,3921,274,2000,1931.5788023469845,1448.1546878700494,1024.0,2896.309375740099,0.0,26524.189808550233,0.0545,0.0545,0.2745
25048256B2,3,1,ok,2.0,274,3921,274,2000,9312.097601476293,5227.716901286833,1801.2617799753593,24513.972219940202,193.12690128513947,38864.48750466163,0.0015,0.0015,0.034
25048256B2,3,1,ok,4.0,274,3921,274,2000,11831.528105684725,8964.386023407096,3995.3252683605124,25051.96879772844,366.3249923223912,40718.54457123928,0.0,0.002,0.0035
25048256B2,3,1,ok,8.0,274,3921,274,2000,39249.415797538735,37633.41874457261,10410.593931183754,75721.46131159652,1115.0973051711676,97136.19107212307,0.0,0.0,0.0
25048633B2,1,1,ok,1.0,191,2771,191,2000,1987.6594979319214,2048.0,1024.0,2896.309375740099,0.0,28769.31601550513,0.0535,0.0535,0.274
25048633B2,1,1,ok,2.0,191,2771,191,2000,14497.205146336402,13198.976274145647,2954.4711878777903,28157.321946524193,380.5180679021694,41893.68531175074,0.0,0.0015,0.0135
25048633B2,1,1,ok,4.0,191,2771,191,2000,68028.45547163894,68841.0367390447,48690.79920230511,85241.02682524285,16666.734593194913,94041.15015247314,0.0,0.0,0.0
25048633B2,1,1,ok,8.0,191,2771,191,2000,189284.12123718095,190201.5529572026,170012.21396157957,206285.1319446268,144858.3065826741,221672.72180627007,0.0,0.0,0.0
25048669B2,4,1,ok,1.0,347,4821,347,2000,1816.3937050096513,1448.1546878700494,1024.0,2896.309375740099,0.0,16558.23770816206,0.0565,0.0575,0.29
25048669B2,4,1,ok,2.0,347,4821,347,2000,6656.971280046055,4081.127775324274,1729.4079911923618,15905.434139519584,404.5454239019396,31442.41124659494,0.0,0.007,0.034
25048669B2,4,1,ok,4.0,347,4821,347,2000,35741.36868259557,35264.89485387833,9451.28104679494,63495.41326761762,475.60698060478467,78048.0848964278,0.0,0.0005,0.0015
25048669B2,4,1,ok,8.0,347,4821,347,2000,135586.10457982562,136084.71785349798,103971.28384975642,165541.15228358636,69545.0398662622,181371.41050341976,0.0,0.0,0.0
25049669B3,2,1,ok,1.0,287,4306,287,2000,1710.97437433801,1448.1546878700494,1024.0,2350.391185637899,0.0,11462.890778507837,0.064,0.064,0.304
25049669B3,2,1,ok,2.0,287,4306,287,2000,10202.723371569618,7479.111240402408,2265.1132422022524,22604.953107670895,332.12196554880256,36554.71375896684,0.0,0.008,0.0195
25049669B3,2,1,ok,4.0,287,4306,287,2000,41349.864345927046,42805.88022984367,7119.343368597978,78609.75785371101,403.655793963124,89410.88314629266,0.0,0.0005,0.001
25049669B3,2,1,ok,8.0,287,4306,287,2000,152839.17636679648,155129.89583901968,113600.70515425096,192606.81246706453,86369.79217874732,202607.71195835562,0.0,0.0,0.0
25049966B2,1,1,ok,1.0,132,1912,132,1912,1744.1877348268117,1448.1546878700494,1024.0,2896.309375740099,0.0,6755.941977252321,0.06014644351464435,0.06014644351464435,0.29497907949790797
25049966B2,1,1,ok,2.0,132,1912,132,1912,13581.308823834399,12915.128931853284,3182.8339573405333,25964.397756115282,484.2478704134898,32435.207059613476,0.0,0.0031380753138075313,0.006276150627615063
25049966B2,1,1,ok,4.0,132,1912,132,1912,22949.165889155713,16725.09091841319,5606.498684853362,43546.49781555343,515.5201256983087,49293.26574695574,0.0,0.0,0.0020920502092050207
25049966B2,1,1,ok,8.0,132,1912,132,1912,71070.97304846492,64651.94654853118,35570.365449262805,105781.17712790605,23919.26221688286,115017.62007623006,0.0,0.0,0.0
25049999B2,0,1,ok,1.0,201,2832,201,2000,1734.7333679831297,1448.1546878700494,1024.0,2896.309375740099,0.0,5120.0,0.058,0.0585,0.29
25049999B2,0,1,ok,2.0,201,2832,201,2000,22876.389472233128,23093.0996760435,2860.272189844876,46094.06476874831,38.01315561749642,59001.16642914782,0.003,0.003,0.0155
25049999B2,0,1,ok,4.0,201,2832,201,2000,48310.65305179432,48439.5848780868,32366.418381802043,64096.40779077191,18394.953465556795,76378.79027583508,0.0,0.0,0.0
25049999B2,0,1,ok,8.0,201,2832,201,2000,133839.94108858367,133894.3464396411,114875.22082288719,152855.82323293955,99869.39727464065,165700.94995804943,0.0,0.0,0.0
25050326B,4,1,ok,1.0,126,1893,126,1893,1738.5801572292219,1448.1546878700494,1024.0,2896.309375740099,0.0,4579.4672179195695,0.05916534601162177,0.05916534601162177,0.2879027997886952
25050326B,4,1,ok,2.0,126,1893,126,1893,7656.966308507309,4718.108201387501,1992.4499993726317,18607.115548139598,545.7041322914827,25810.272702937487,0.0,0.0,0.0306391970417327
25050326B,4,1,ok,4.0,126,1893,126,1893,53519.93609713445,53295.70287556024,36495.475409911225,70727.29171739708,26424.702552725168,79018.70690539044,0.0,0.0,0.0
25050326B,4,1,ok,8.0,126,1893,126,1893,160086.31405792077,159932.8750726379,142952.74241426378,177610.77083801344,132692.5130706326,186135.64048026912,0.0,0.0,0.0
25050345B2,4,1,ok,1.0,220,3075,220,2000,1780.0306272908076,2048.0,1024.0,2896.309375740099,0.0,4853.541593517048,0.056,0.056,0.278
25050345B2,4,1,ok,2.0,220,3075,220,2000,7149.590360393402,5272.564794215607,2180.5412748192693,15650.130862072687,227.69497139814047,28670.680842979644,0.002,0.008,0.0225
25050345B2,4,1,ok,4.0,220,3075,220,2000,36859.69375600436,40651.05827857728,7070.087481778426,68313.11206186577,365.67882082505133,80726.88109917291,0.0,0.001,0.0015
25050345B2,4,1,ok,8.0,220,3075,220,2000,137084.34515891343,143932.1186183611,100348.69275034918,171782.79613377663,86315.92864008357,184258.65152008468,0.0,0.0,0.0
25050415B2,2,1,ok,1.0,314,4480,314,2000,1835.3338847007574,2048.0,1024.0,2896.309375740099,0.0,11275.949317019831,0.057,0.057,0.2715
25050415B2,2,1,ok,2.0,314,4480,314,2000,9614.024689956132,5306.241651043863,2106.7664797029593,24298.061424730986,227.26416347501865,35298.74713074106,0.0065,0.008,0.018
25050415B2,2,1,ok,4.0,314,4480,314,2000,20542.648918201972,19412.66042345345,5740.406344502103,37989.870978985964,361.9627052611912,50710.24347210334,0.0,0.001,0.0015
25050415B2,2,1,ok,8.0,314,4480,314,2000,55656.055236504675,52002.45516652137,23579.017303526456,92904.25720263697,8927.799784941417,111459.04324459276,0.0,0.0,0.0
25050830B2,4,1,ok,1.0,166,2153,166,2000,1946.0046786304572,1448.1546878700494,1024.0,2896.309375740099,0.0,51590.3178513178,0.057,0.058,0.288
25050830B2,4,1,ok,2.0,166,2153,166,2000,22927.16370181893,8072.852593724228,2356.166063798703,57183.348660025375,440.5144719529655,103040.570048889,0.0,0.005,0.019
25050830B2,4,1,ok,4.0,166,2153,166,2000,148097.42225875927,137771.73231050558,112384.56106734993,190086.96591577175,102168.7537606288,228336.3056633789,0.0,0.0,0.0
25050830B2,4,1,ok,8.0,166,2153,166,2000,413855.787308059,402331.95183891326,377019.5807572585,456970.40283514425,367737.4896811583,492182.35616080347,0.0,0.0,0.0
25050862B2,3,1,ok,1.0,282,4031,282,2000,1769.022205383775,1448.1546878700494,1024.0,2896.309375740099,0.0,9063.551676909003,0.0635,0.0635,0.2925
25050862B2,3,1,ok,2.0,282,4031,282,2000,9616.987215559857,6340.932627975546,2205.0424032204005,22884.745321143226,481.1330377348868,39068.711586127334,0.0,0.002,0.0245
25050862B2,3,1,ok,4.0,282,4031,282,2000,34527.25627035224,34907.555437878225,7332.453886660318,61565.32666351167,665.6966276014923,75709.56933571871,0.0,0.0,0.0035
25050862B2,3,1,ok,8.0,282,4031,282,2000,119065.92031002045,116543.03089548287,81254.63858767331,155978.09695946984,45873.81649699532,169870.01331900814,0.0,0.0,0.0
25050888B2,0,1,ok,1.0,108,1540,108,1540,1793.447883601942,2048.0,1024.0,2896.309375740099,0.0,4579.4672179195695,0.05649350649350649,0.05649350649350649,0.2798701298701299
25050888B2,0,1,ok,2.0,108,1540,108,1540,25390.104815361417,28785.673007920777,2871.749466788494,51349.262050404526,306.360898288277,57544.11053270352,0.0,0.004545454545454545,0.011688311688311689
25050888B2,0,1,ok,4.0,108,1540,108,1540,40055.446605097204,39719.20374359612,27578.74160843517,53378.76733747446,19665.37121439613,61895.93260465505,0.0,0.0,0.0
25050888B2,0,1,ok,8.0,108,1540,108,1540,107820.45936924126,108298.91977494324,84645.17163625221,130401.18262501284,73987.8589026605,144423.8427441951,0.0,0.0,0.0
25050888B3,1,1,ok,1.0,81,1015,81,1015,1771.2550619418494,1579.7923914236326,1024.0,2896.309375740099,0.0,5514.408762505732,0.05517241379310345,0.0561576354679803,0.28374384236453204
25050888B3,1,1,ok,2.0,81,1015,81,1015,28383.96534058751,32120.184697476445,6125.133564730928,41475.02654753948,404.3278372805909,69130.82243109799,0.0,0.0009852216748768472,0.0019704433497536944
25050888B3,1,1,ok,4.0,81,1015,81,1015,81515.25679480765,79609.53351201098,59845.814184589944,105042.9351272731,43111.49695846805,112237.61238105522,0.0,0.0,0.0
25050888B3,1,1,ok,8.0,81,1015,81,1015,224204.22446596657,223585.1812106518,191043.55930305817,256110.04075849915,166461.18258020395,264658.399981939,0.0,0.0,0.0
25050984B2,3,1,ok,1.0,243,3439,243,2000,1753.6626575361431,1448.1546878700494,1024.0,2896.309375740099,0.0,5514.408762505732,0.0545,0.0545,0.2875
25050984B2,3,1,ok,2.0,243,3439,243,2000,7569.748428127335,4690.513134255447,2031.4096091138292,19554.256985441712,303.42214816983943,28770.95933402291,0.0,0.004,0.02
25050984B2,3,1,ok,4.0,243,3439,243,2000,18822.075635980502,16745.63644093676,5223.4350897318955,36375.93227262429,124.61540835707277,48771.581653663845,0.001,0.002,0.004
25050984B2,3,1,ok,8.0,243,3439,243,2000,72050.08839526257,71222.60294130826,52144.431126509924,93907.22377168507,39139.91830599548,113800.35719188231,0.0,0.0,0.0
25051008B4,0,1,ok,1.0,153,1989,153,1989,1817.6403145569477,2048.0,1024.0,2896.309375740099,0.0,5343.9404936806695,0.05178481649069885,0.05279034690799397,0.2709904474610357
25051008B4,0,1,ok,2.0,153,1989,153,1989,13197.42084602164,11290.381481597511,3704.093591967715,24607.062888062854,442.5381339500586,54177.7371620484,0.0,0.002011060834590246,0.008547008547008548
25051008B4,0,1,ok,4.0,153,1989,153,1989,46110.5378315596,46595.17857031991,26691.03121004308,63983.10729864712,10109.726257421613,79113.27102326133,0.0,0.0,0.0
25051008B4,0,1,ok,8.0,153,1989,153,1989,147085.4979909721,147867.41699238544,123231.14822280669,171453.9021526356,107676.63284575721,186588.8642791954,0.0,0.0,0.0
25051207B5,3,1,ok,1.0,140,1969,140,1969,1821.8180817930763,2048.0,1024.0,2896.309375740099,0.0,7454.8325266232505,0.056881665820213305,0.056881665820213305,0.2778059928897918
25051207B5,3,1,ok,2.0,140,1969,140,1969,10115.109495929739,6079.831576614602,2033.7354793581194,24963.904269794904,364.85613603172413,36704.4603284124,0.0,0.007110208227526663,0.014220416455053326
25051207B5,3,1,ok,4.0,140,1969,140,1969,57051.002271227,58397.90461994334,26951.646044138597,86260.93557483348,12857.177917412515,100672.3966934333,0.0,0.0,0.0
25051207B5,3,1,ok,8.0,140,1969,140,1969,179390.694483762,181592.71738701419,148350.88330520183,209253.92571274642,135056.36162728508,223522.34787600097,0.0,0.0,0.0
25052288B,4,1,ok,1.0,96,1199,96,1199,1738.1979279193283,1448.1546878700494,1024.0,2896.309375740099,0.0,4222.060160632484,0.05421184320266889,0.05421184320266889,0.28690575479566305
25052288B,4,1,ok,2.0,96,1199,96,1199,21398.428294623536,19488.785724102978,8259.337844962343,36340.687640326156,3108.9292368916986,43149.858516569904,0.0,0.0,0.0
25052288B,4,1,ok,4.0,96,1199,96,1199,30499.750468140082,30918.091952770952,5076.345689233106,55840.16076822013,234.7977853387889,66313.22071050387,0.0016680567139282735,0.0016680567139282735,0.0050041701417848205
25052288B,4,1,ok,8.0,96,1199,96,1199,111545.61110504274,105603.14056882968,80640.87954454118,141775.24807700765,73025.02191714838,152948.5868682676,0.0,0.0,0.0
25052316B,4,1,ok,1.0,180,2539,180,2000,1761.0277121378529,1448.1546878700494,1024.0,2896.309375740099,0.0,11446.616312255775,0.057,0.0575,0.2885
25052316B,4,1,ok,2.0,180,2539,180,2000,9036.185461525347,7056.562335868649,2398.933096190888,18810.48700139232,459.43008173170375,34160.83478195461,0.0,0.0055,0.0205
25052316B,4,1,ok,4.0,180,2539,180,2000,47873.93364006012,48591.44483844262,22431.950702544324,70715.4822086366,7427.8010204905195,81166.2574226507,0.0,0.0,0.0
25052316B,4,1,ok,8.0,180,2539,180,2000,152385.9983730468,156329.83534239055,119202.386844145,180177.63267172786,104052.55104993822,190094.23246379677,0.0,0.0,0.0
25052654B2,2,1,ok,1.0,69,939,69,939,2181.9946269400552,2048.0,1024.0,3692.084506075125,0.0,9925.614792041852,0.04792332268370607,0.04792332268370607,0.2374866879659212
25052654B2,2,1,ok,2.0,69,939,69,939,12371.028715809352,11076.341679453555,2968.02729097965,25105.4538839256,390.24351371931857,38101.62706499553,0.0,0.003194888178913738,0.009584664536741214
25052654B2,2,1,ok,4.0,69,939,69,939,22923.944049626338,23413.85389037866,4825.628617092062,46700.49275400332,469.6658386555275,53877.93887111867,0.0,0.0010649627263045794,0.007454739084132056
25052654B2,2,1,ok,8.0,69,939,69,939,86506.8197432449,95755.29387976417,54531.58818164236,119389.3345361831,44566.04779425701,126630.14775715931,0.0,0.0,0.0
25053425B2,1,1,ok,1.0,117,1538,117,1538,1713.6882504654245,1448.1546878700494,1024.0,2896.309375740099,0.0,5514.408762505732,0.05981794538361508,0.06046814044213264,0.29453836150845253
25053425B2,1,1,ok,2.0,117,1538,117,1538,13753.57655132122,13166.023821922012,3929.5115472536786,24740.10818978998,206.6422028531442,32635.9479868442,0.0006501950585175553,0.002600780234070221,0.005851755526657998
25053425B2,1,1,ok,4.0,117,1538,117,1538,38214.43782281622,38595.295758636115,13839.016432911427,61061.50751645577,1261.2537413224986,71031.05251226395,0.0,0.0,0.0
25053425B2,1,1,ok,8.0,117,1538,117,1538,129676.96278994421,128861.08495103873,104564.73986578503,154299.2380549485,93257.96901605782,164808.45902137426,0.0,0.0,0.0
25053683B2,2,1,ok,1.0,232,3292,232,2000,1763.030738636145,1448.1546878700494,1024.0,2896.309375740099,0.0,4579.4672179195695,0.0565,0.057,0.2795
25053683B2,2,1,ok,2.0,232,3292,232,2000,9352.167566813376,5846.303875099206,2231.2402380738836,21339.710330742542,396.7883566840136,32272.57022612237,0.0,0.005,0.0265
25053683B2,2,1,ok,4.0,232,3292,232,2000,32970.63223863496,32289.056013901994,8908.09820710122,58849.120239813274,275.1817581163403,71360.70140490493,0.0,0.0005,0.0015
25053683B2,2,1,ok,8.0,232,3292,232,2000,121921.20417743552,119861.45065571557,89386.00556137212,155809.9229811412,75626.26753317924,168435.46396468885,0.0,0.0,0.0
25054130B1,3,1,ok,1.0,215,3032,215,2000,1731.1168744369245,1448.1546878700494,1024.0,2896.309375740099,0.0,4579.4672179195695,0.053,0.0535,0.294
25054130B1,3,1,ok,2.0,215,3032,215,2000,12400.392600679681,9686.571206952067,2518.8126170876626,27939.458200363362,378.41907985723975,42316.327640758245,0.0,0.006,0.0115
25054130B1,3,1,ok,4.0,215,3032,215,2000,36422.76936959264,37427.91592118631,17341.987063088436,53091.31187261224,566.731858995063,66811.83511923617,0.0,0.0,0.0005
25054130B1,3,1,ok,8.0,215,3032,215,2000,111831.35245953155,111864.42912751486,80589.33454402909,141599.86922681433,68188.309855869,157771.26937436993,0.0,0.0,0.0
25054130B2,4,1,ok,1.0,71,975,71,975,2277.7886395183446,1448.1546878700494,1024.0,2896.309375740099,0.0,39139.94661468,0.05846153846153846,0.05846153846153846,0.2953846153846154
25054130B2,4,1,ok,2.0,71,975,71,975,33380.771177187904,34265.3817285026,13776.13791962368,51016.11002624142,4773.384648234416,64403.10930382166,0.0,0.0,0.0
25054130B2,4,1,ok,4.0,71,975,71,975,99999.77918774536,99518.91217753539,88576.00069365824,111156.39026374415,81029.46304277229,142354.35174240373,0.0,0.0,0.0
25054130B2,4,1,ok,8.0,71,975,71,975,248875.8357854279,248311.4634989694,237544.5172781811,259754.6238926214,231981.2315016023,286605.6665524951,0.0,0.0,0.0
25054212B,2,1,ok,1.0,256,3745,256,2000,1978.8375618528225,1448.1546878700494,1024.0,2896.309375740099,0.0,27112.961346927783,0.0545,0.055,0.2775
25054212B,2,1,ok,2.0,256,3745,256,2000,9717.793495157524,6922.992039275567,2268.596262008734,21059.124563097073,310.09837148879063,49457.70586066442,0.0,0.006,0.015
25054212B,2,1,ok,4.0,256,3745,256,2000,43603.199193377266,44188.45524594153,12091.205668606735,75282.57810749055,425.6818060476628,87902.23028456104,0.0,0.0005,0.001
25054212B,2,1,ok,8.0,256,3745,256,2000,151021.78585823352,159770.25797548098,107844.25917977295,193820.48606085693,69917.28205529731,206943.83288467428,0.0,0.0,0.0
25054489B3,2,1,ok,1.0,220,3278,220,2000,1795.2560974012063,1448.1546878700494,1024.0,2896.309375740099,0.0,6144.0,0.0635,0.0635,0.2825
25054489B3,2,1,ok,2.0,220,3278,220,2000,17454.867215175203,16160.7109992104,3317.2904606018446,35123.352629308836,537.8475620470915,43413.93476753749,0.0,0.0,0.0085
25054489B3,2,1,ok,4.0,220,3278,220,2000,31937.804873799418,23153.713577760456,5989.911349408026,66006.42395472844,397.51729522122685,76711.51235636018,0.0,0.001,0.003
25054489B3,2,1,ok,8.0,220,3278,220,2000,128570.89476720049,121387.54384584361,89830.72454139504,168570.40931971776,75103.23010363802,179358.8852775351,0.0,0.0,0.0
25054693B2,0,1,ok,1.0,269,3966,269,2000,1697.8385066634567,1448.1546878700494,1024.0,2289.7336089597848,0.0,5120.0,0.063,0.064,0.303
25054693B2,0,1,ok,2.0,269,3966,269,2000,10139.271157662897,7171.144199345097,2223.044983800373,21976.985030680324,350.90739519138094,30808.27732931525,0.0,0.006,0.0195
25054693B2,0,1,ok,4.0,269,3966,269,2000,43304.14188823958,46405.99721320291,6815.308136834314,82056.13092909311,589.8686294421835,91732.30898652883,0.0,0.0,0.001
25054693B2,0,1,ok,8.0,269,3966,269,2000,166082.47973584093,169888.32225178793,124788.08103762758,205205.84828105458,107848.85501942057,215582.18375366737,0.0,0.0,0.0
25055380B2,4,1,ok,1.0,319,4783,319,2000,1901.6590814113595,1448.1546878700494,1024.0,2896.309375740099,0.0,42193.09352251859,0.0615,0.0615,0.297
25055380B2,4,1,ok,2.0,319,4783,319,2000,5467.492097577596,3797.5318300180184,1774.5579731302103,12954.584887037176,104.23531071570709,33631.58897524766,0.0045,0.0045,0.034
25055380B2,4,1,ok,4.0,319,4783,319,2000,24231.54791328279,23152.278974295412,6264.655209252631,45280.93452992545,362.7244132947216,60110.11761758581,0.0,0.0005,0.0015
25055380B2,4,1,ok,8.0,319,4783,319,2000,98797.79740071658,99623.55624004937,73784.91438573577,122700.91833910922,39148.12805230922,140296.28898869705,0.0,0.0,0.0
25055681B2,2,1,ok,1.0,139,1913,139,1913,1684.145637770084,1448.1546878700494,1024.0,2289.7336089597848,0.0,4222.060160632484,0.06220595922634605,0.06220595922634605,0.29796131730266595
25055681B2,2,1,ok,2.0,139,1913,139,1913,13436.194042959472,10011.88413836277,2465.985325455611,30777.84360542499,572.880441278981,37958.095750445646,0.0,0.0,0.02247778358599059
25055681B2,2,1,ok,4.0,139,1913,139,1913,18316.81619293116,14537.036836989855,4494.951693576597,37917.28173721149,274.2425933366296,46877.06748507206,0.0,0.0015682174594877157,0.0036591740721380033
25055681B2,2,1,ok,8.0,139,1913,139,1913,65348.11217928819,55556.53964206194,30812.356789469108,100747.16161349515,16695.800939158325,109717.09715445446,0.0,0.0,0.0
25055778B2,0,1,ok,1.0,345,4815,345,2000,1799.169274034923,1448.1546878700494,1024.0,2896.309375740099,0.0,8444.120321264969,0.0535,0.054,0.279
25055778B2,0,1,ok,2.0,345,4815,345,2000,6560.966738932045,4145.312637510089,1729.3374453819013,16304.1011098435,111.83022847155415,29263.671420380593,0.0005,0.003,0.03
25055778B2,0,1,ok,4.0,345,4815,345,2000,31790.9891097157,11585.10699892276,4199.352899681511,70119.51268445961,518.8333065638712,80157.06327579623,0.0,0.0,0.0075
25055778B2,0,1,ok,8.0,345,4815,345,2000,128041.06347874906,121092.8966298514,81565.75199181387,176215.74134337937,65246.28225424036,189577.44207842872,0.0,0.0,0.0
25055784B2,0,1,ok,1.0,254,3530,254,2000,1737.0340211251364,1448.1546878700494,1024.0,2896.309375740099,0.0,6228.748831025377,0.0605,0.0605,0.2885
25055784B2,0,1,ok,2.0,254,3530,254,2000,9922.48606534835,5522.041741964651,2096.5495462783606,24156.890217906774,99.20181449953424,35282.00290516399,0.0005,0.0085,0.0305
25055784B2,0,1,ok,4.0,254,3530,254,2000,13776.723897710332,10697.879462772049,4326.789225280104,28558.325048372688,187.49133313302778,40200.66785514887,0.0005,0.0005,0.0045
25055784B2,0,1,ok,8.0,254,3530,254,2000,45225.11075714939,42408.53758003237,10305.149938982358,80448.57265913048,1722.1988851465442,88670.44964361013,0.0,0.0,0.0
25055857B2,3,1,ok,1.0,258,3413,258,2000,2114.718803466982,2048.0,1024.0,3072.0,0.0,26800.732266115418,0.0485,0.0485,0.253
25055857B2,3,1,ok,2.0,258,3413,258,2000,9435.139808178286,6784.2476324702475,2485.3104433852927,20645.132311761747,207.23899247004653,40337.224904546914,0.0025,0.006,0.0195
25055857B2,3,1,ok,4.0,258,3413,258,2000,31859.08525580422,32107.376667603283,7761.56514313435,56544.391325546225,525.8745097454334,70674.97506189867,0.0,0.0,0.0015
25055857B2,3,1,ok,8.0,258,3413,258,2000,112224.66811411253,109926.7714178251,76944.56778658344,148987.16954320285,54812.43933634043,166795.90461399226,0.0,0.0,0.0
25057854B3,0,1,ok,1.0,102,1408,102,1408,1932.7432693263195,2048.0,1024.0,3238.1723240124206,0.0,5120.0,0.05184659090909091,0.05184659090909091,0.24928977272727273
25057854B3,0,1,ok,2.0,102,1408,102,1408,25026.852997431954,14578.512698320756,2629.555095448658,49636.07383748235,572.880441278981,57473.31779182406,0.0,0.0,0.018465909090909092
25057854B3,0,1,ok,4.0,102,1408,102,1408,26838.996602948242,27314.130018623542,17560.621917898883,35636.28531273015,10052.631993662157,44432.09506651695,0.0,0.0,0.0
25057854B3,0,1,ok,8.0,102,1408,102,1408,53039.181335900634,66510.80937278931,12219.80593331275,88753.85244315793,330.89273186336385,101355.43478274858,0.0,0.0007102272727272727,0.002130681818181818
25057856B2,1,1,ok,1.0,229,3470,229,2000,1733.2600094316433,1448.1546878700494,1024.0,2896.309375740099,0.0,5221.395981919011,0.059,0.059,0.2855
25057856B2,1,1,ok,2.0,229,3470,229,2000,7998.378574851879,4720.2313502624,1995.415379304403,19284.212843670855,273.23433166423285,26322.02560594454,0.0,0.008,0.023
25057856B2,1,1,ok,4.0,229,3470,229,2000,38652.74845759083,38555.57965437848,8933.671783957427,67548.99218345156,756.2565702193932,78297.97877978715,0.0,0.0,0.0005
25057856B2,1,1,ok,8.0,229,3470,229,2000,142225.76510080893,142864.27232390197,109181.79643440197,174671.55792096248,95256.70951696788,185779.47861106726,0.0,0.0,0.0
25057858B2,4,1,ok,1.0,212,2892,212,2000,1789.7909022133315,1448.1546878700494,1024.0,2896.309375740099,0.0,7163.266433687916,0.056,0.056,0.2865
25057858B2,4,1,ok,2.0,212,2892,212,2000,10765.62545411791,8211.228364354694,2301.3250530944124,23586.028064217946,304.6653902234384,32722.259411599316,0.0,0.0065,0.0235
25057858B2,4,1,ok,4.0,212,2892,212,2000,34356.57934030815,34098.75506525128,9204.698583902156,61518.006491117936,1298.3412494409934,74307.4709097275,0.0,0.0,0.0
25057858B2,4,1,ok,8.0,212,2892,212,2000,127328.2874302542,129981.11761191676,93036.81036843773,160922.8492839216,74116.079881494,173384.0987893642,0.0,0.0,0.0
25057865B1,0,1,ok,1.0,310,4598,310,2000,1709.3355494272457,1448.1546878700494,1024.0,2896.309375740099,0.0,4579.4672179195695,0.0575,0.0575,0.3025
25057865B1,0,1,ok,2.0,310,4598,310,2000,7635.778551360352,4363.479326153476,1893.923176900267,18616.920150253063,272.9578722074159,36985.880657353555,0.0,0.005,0.016
25057865B1,0,1,ok,4.0,310,4598,310,2000,38753.5499201923,38982.27702257468,15584.805808843608,62428.90920083452,1069.0790429149754,75609.00439101152,0.0,0.0,0.0
25057865B1,0,1,ok,8.0,310,4598,310,2000,139286.11713169992,139727.504149778,119491.36539129906,158170.396909495,83407.20489262303,169539.04088734253,0.0,0.0,0.0
25058118B3,4,1,ok,1.0,96,1259,96,1259,1707.9795315137571,1448.1546878700494,1024.0,2896.309375740099,0.0,4579.4672179195695,0.06354249404289118,0.06354249404289118,0.3018268467037331
25058118B3,4,1,ok,2.0,96,1259,96,1259,12870.310862658978,12357.186896701045,3204.4496833853254,24210.89548116715,363.6756796927724,33927.020558840704,0.0,0.0007942811755361397,0.011119936457505957
25058118B3,4,1,ok,4.0,96,1259,96,1259,31689.702005344163,30215.372577547343,7260.251414512,57580.72299549055,697.4496397590295,65575.14846342325,0.0,0.0,0.003177124702144559
25058118B3,4,1,ok,8.0,96,1259,96,1259,115663.83077327172,109096.85049532824,88064.28783625292,144055.73534325347,63085.70336455004,152704.94048327315,0.0,0.0,0.0
25058118B4,2,1,ok,1.0,275,3920,275,2000,1720.5740126078613,1448.1546878700494,1024.0,2791.9184030743427,0.0,4579.4672179195695,0.059,0.059,0.284
25058118B4,2,1,ok,2.0,275,3920,275,2000,11617.597874509294,8672.14207146462,2347.417517187771,25482.734581326215,97.16480844420988,44254.90747928415,0.002,0.002,0.0205
25058118B4,2,1,ok,4.0,275,3920,275,2000,40304.722623218644,40005.04454711362,9145.243912283082,72541.87456027826,966.16820481736,87529.51342832885,0.0,0.0,0.0005
25058118B4,2,1,ok,8.0,275,3920,275,2000,157475.79184965242,157998.29859095727,128043.25084491701,187105.55792990504,105550.06821409448,201178.77792898534,0.0,0.0,0.0
25058627B2,4,1,ok,1.0,209,2976,209,2000,1727.4955703712187,1448.1546878700494,1024.0,2896.309375740099,0.0,5120.0,0.055,0.055,0.2905
25058627B2,4,1,ok,2.0,209,2976,209,2000,10887.64787404082,8663.745206318108,2525.2138523301346,22882.601272582626,341.77477964296895,29251.312739772893,0.0,0.002,0.0145
25058627B2,4,1,ok,4.0,209,2976,209,2000,53337.01507529713,55518.92251842529,21543.993359061198,84702.30906533776,6282.23288329874,91898.06810265382,0.0,0.0,0.0
25058627B2,4,1,ok,8.0,209,2976,209,2000,176290.11884258795,180330.93935736734,142576.59026395204,209582.94426795593,131344.37420003949,217209.06364376235,0.0,0.0,0.0
25058713B2,3,1,ok,1.0,187,2745,187,2000,1929.9723167777252,2048.0,1024.0,3084.115283066769,0.0,7690.394593257228,0.0515,0.052,0.266
25058713B2,3,1,ok,2.0,187,2745,187,2000,8025.149167643862,5767.981975431603,2128.4212459003506,17262.589818427008,321.4607285501605,29821.5932840618,0.0,0.0075,0.02
25058713B2,3,1,ok,4.0,187,2745,187,2000,32088.29697554413,31732.510440585465,16229.649628870464,48810.778326827596,7052.305296851519,60892.57801243104,0.0,0.0,0.0
25058713B2,3,1,ok,8.0,187,2745,187,2000,106030.93046591144,106208.15109464768,80720.65079628032,132080.43088613177,65890.14210031726,145106.99142701566,0.0,0.0,0.0
25058746B4,2,1,ok,1.0,182,2630,182,2000,1757.9216807811963,1448.1546878700494,1024.0,2896.309375740099,0.0,5792.618751480198,0.057,0.057,0.286
25058746B4,2,1,ok,2.0,182,2630,182,2000,16206.152578809675,15973.89955685491,3748.780977169996,29338.503370144837,341.67235767618075,37401.17123834493,0.0,0.0015,0.007
25058746B4,2,1,ok,4.0,182,2630,182,2000,59139.60197722536,60584.47745887135,28178.780780546367,89926.57975596769,7667.867630573704,100283.86480386562,0.0,0.0,0.0
25058746B4,2,1,ok,8.0,182,2630,182,2000,190287.6841131606,191243.72604046366,158511.07759817727,221836.1113513251,138919.59741519552,232180.41468651054,0.0,0.0,0.0
25059470B2,4,1,ok,1.0,144,2019,144,2000,1859.8723536266737,2048.0,1024.0,3072.0,0.0,5221.395981919011,0.0505,0.052,0.2605
25059470B2,4,1,ok,2.0,144,2019,144,2000,11277.608927279167,10060.762645048337,3015.6979436547194,21878.126085202086,473.1521953874884,29983.31404298064,0.0,0.003,0.012
25059470B2,4,1,ok,4.0,144,2019,144,2000,30330.53130639983,32280.37888202954,7355.61640702156,51824.93775270934,203.92400545301183,62414.96135543144,0.001,0.001,0.0025
25059470B2,4,1,ok,8.0,144,2019,144,2000,104184.68781573516,114596.46908054777,67007.12235567733,136376.3097076576,50930.08809142195,147731.4256649546,0.0,0.0,0.0
25059686B2,0,1,ok,1.0,291,4295,291,2000,1736.9809218687542,1448.1546878700494,1024.0,2896.309375740099,0.0,5970.894740321588,0.061,0.061,0.2935
25059686B2,0,1,ok,2.0,291,4295,291,2000,7637.729738936678,5021.933492192026,2083.8354061681553,16701.105536371895,232.36178687555318,36596.74402183888,0.0045,0.0085,0.025
25059686B2,0,1,ok,4.0,291,4295,291,2000,28408.00067328245,27144.632210580894,4809.537796115469,56765.886071953406,487.3109889998378,72107.35009692147,0.0,0.0015,0.004
25059686B2,0,1,ok,8.0,291,4295,291,2000,116043.29536239312,116670.71803203682,76968.6746593446,154127.1380493085,44307.56713023183,170623.20536785142,0.0,0.0,0.0
25060539B2,3,1,ok,1.0,295,4445,295,2000,1665.9882489882718,1448.1546878700494,1024.0,2289.7336089597848,0.0,5120.0,0.0635,0.0635,0.3085
25060539B2,3,1,ok,2.0,295,4445,295,2000,7723.9935237982845,4545.346267284031,2050.1013890555623,18339.189949395255,214.1611542740653,29590.06605264679,0.0045,0.0045,0.0305
25060539B2,3,1,ok,4.0,295,4445,295,2000,31126.300834259233,26942.371477883346,5499.379692292577,65482.14388671159,392.3786436594122,78427.48416212265,0.0,0.002,0.0065
25060539B2,3,1,ok,8.0,295,4445,295,2000,131747.1041240159,131578.77261304943,92160.78139484455,170475.78981050284,74785.26299345346,182997.54262830963,0.0,0.0,0.0
25061727B2,1,1,ok,1.0,282,4032,282,2000,1716.5667834349288,1448.1546878700494,1024.0,2289.7336089597848,0.0,5120.0,0.0595,0.0595,0.289
25061727B2,1,1,ok,2.0,282,4032,282,2000,7935.012100585576,4748.989366170449,1995.6853129273222,18288.832376785067,210.6418761785035,34461.25621622056,0.0045,0.008,0.023
25061727B2,1,1,ok,4.0,282,4032,282,2000,49713.16363784082,50141.43555795715,31139.495826583126,67528.84755421197,15975.368164771666,86452.75494164428,0.0,0.0,0.0
25061727B2,1,1,ok,8.0,282,4032,282,2000,141107.3244827134,143093.56070941716,119617.63844060637,161093.2269281904,100809.43294156554,175591.93859628067,0.0,0.0,0.0
25062444B,2,1,ok,1.0,191,2781,191,2000,1846.733362350741,2048.0,1024.0,2896.309375740099,0.0,11216.390907952522,0.053,0.053,0.2765
25062444B,2,1,ok,2.0,191,2781,191,2000,8318.681478077848,5304.660686603809,2103.2320366521617,19668.62888462059,124.96399481450646,31991.02674188498,0.001,0.0065,0.0215
25062444B,2,1,ok,4.0,191,2781,191,2000,52808.19966726847,52950.79795390218,29055.801186235243,74928.47545120347,18036.777566960234,91525.69073216547,0.0,0.0,0.0
25062444B,2,1,ok,8.0,191,2781,191,2000,162313.33007725872,162955.57108057733,130164.51481113283,193521.5443511909,105814.21009013864,210600.67996091562,0.0,0.0,0.0
25062891B4,0,1,ok,1.0,55,714,55,714,2960.4849321439588,2289.7336089597848,1024.0,4096.0,0.0,40389.95688286879,0.037815126050420166,0.037815126050420166,0.20868347338935575
25062891B4,0,1,ok,2.0,55,714,55,714,24216.660995622216,22505.02624191237,11919.804840312248,40034.12199617763,6406.596600379955,55699.262194395356,0.0,0.0,0.0
25062891B4,0,1,ok,4.0,55,714,55,714,38167.4434418385,40651.189446728546,6193.534685141806,62402.36221543907,466.47615158762403,66242.83967343188,0.0,0.0014005602240896359,0.004201680672268907
25062891B4,0,1,ok,8.0,55,714,55,714,116262.21278640733,102783.00892363067,88066.71324329502,147545.29792598195,45546.618941475776,152478.8560292869,0.0,0.0,0.0
25063228B5,4,1,ok,1.0,101,1242,101,1242,1812.0731031479252,2048.0,1024.0,2896.309375740099,0.0,5938.953779917806,0.05636070853462158,0.05636070853462158,0.26972624798711753
25063228B5,4,1,ok,2.0,101,1242,101,1242,19950.341553106056,22474.98983629366,2960.616827622244,37773.32087598336,94.79451460923254,43051.770439785636,0.0024154589371980675,0.004830917874396135,0.01288244766505636
25063228B5,4,1,ok,4.0,101,1242,101,1242,24959.98342711888,25796.98612562694,7350.022754470033,43169.296657866405,407.0012284993744,51937.94547342049,0.0,0.0008051529790660225,0.001610305958132045
25063228B5,4,1,ok,8.0,101,1242,101,1242,86915.16137494001,85666.52450965653,63139.06159896944,111194.47830456424,54040.59838676844,120141.00304225864,0.0,0.0,0.0
25063371B2,3,1,ok,1.0,237,3277,237,2000,1810.5081268058095,2048.0,1024.0,2896.309375740099,0.0,6118.32460727608,0.0535,0.0535,0.273
25063371B2,3,1,ok,2.0,237,3277,237,2000,11312.228289920498,8926.285907587475,2709.106652130227,23869.62075659389,328.93768406797057,37423.5810686257,0.0,0.0005,0.0195
25063371B2,3,1,ok,4.0,237,3277,237,2000,63114.60716693753,63655.14749782939,29715.411684544946,96099.66788177968,14973.250949610108,113948.7203438459,0.0,0.0,0.0
25063371B2,3,1,ok,8.0,237,3277,237,2000,212062.39389275503,212314.3700543295,182663.7868033154,241030.7339434806,168194.20775995826,257331.61684487975,0.0,0.0,0.0
25063642B,0,1,ok,1.0,131,1913,131,1913,1765.0775411380096,1448.1546878700494,1024.0,2896.309375740099,0.0,5221.395981919011,0.05488761108207005,0.05488761108207005,0.2801881860951385
25063642B,0,1,ok,2.0,131,1913,131,1913,9397.111909546911,6579.813979133452,2446.676940097329,21165.780684869624,486.6210024238576,28508.435242924155,0.0,0.0036591740721380033,0.021432305279665446
25063642B,0,1,ok,4.0,131,1913,131,1913,16256.174681491802,13775.042940041965,4389.246501249573,32583.097801204385,240.53274205396653,41498.08130504349,0.0010454783063251437,0.0010454783063251437,0.0020909566126502874
25063642B,0,1,ok,8.0,131,1913,131,1913,55733.477598632024,50920.70321588263,23728.02101162659,87649.05056546326,12891.294426860322,97369.07106468665,0.0,0.0,0.0
25063642B2,4,1,ok,1.0,35,464,35,464,1898.7125814528595,2048.0,1024.0,3072.0,0.0,5120.0,0.05603448275862069,0.05603448275862069,0.2629310344827586
25063642B2,4,1,ok,2.0,35,464,35,464,19470.10074712634,8166.349088030517,2443.093241177156,39495.63521453985,474.3680006071236,42742.74058831511,0.0,0.004310344827586207,0.021551724137931036
25063642B2,4,1,ok,4.0,35,464,35,464,15269.834337927794,15699.489855304251,5047.8389906894845,24899.809679745067,453.28247263709636,29392.270157304964,0.0,0.0021551724137931034,0.004310344827586207
25063642B2,4,1,ok,8.0,35,464,35,464,47995.99870933881,52609.67552978879,26790.030983847984,66317.90066786567,21604.95649150907,71060.86755029099,0.0,0.0,0.0
25063676B,1,1,ok,1.0,75,1079,75,1079,1715.6795698318167,1448.1546878700494,1024.0,2896.309375740099,0.0,5221.395981919011,0.05838739573679333,0.05838739573679333,0.293790546802595
25063676B,1,1,ok,2.0,75,1079,75,1079,34070.84802987352,38897.551246833005,11586.535461425152,53103.90212592668,2577.8138024302684,59071.96618532347,0.0,0.0,0.0
25063676B,1,1,ok,4.0,75,1079,75,1079,84722.16335355808,85175.84749798501,72931.99245260382,95643.84325589599,65719.63095605452,100991.71817530386,0.0,0.0,0.0
25063676B,1,1,ok,8.0,75,1079,75,1079,215753.76912017202,216111.65248546872,202124.73164085633,228544.45181199722,192835.99856095333,236562.52647450313,0.0,0.0,0.0
25063676B2,1,1,ok,1.0,184,2436,184,2000,1687.8095328747422,1448.1546878700494,1024.0,2289.7336089597848,0.0,4579.4672179195695,0.061,0.061,0.31
25063676B2,1,1,ok,2.0,184,2436,184,2000,23105.951072592266,23060.798126955364,2853.433020065479,44725.15507159716,501.23148344851603,54773.806093789026,0.0,0.0005,0.0155
25063676B2,1,1,ok,4.0,184,2436,184,2000,49282.66802873455,47274.52299100303,31985.00651464404,70287.45826934022,11350.42752498777,82955.02459164243,0.0,0.0,0.0
25063676B2,1,1,ok,8.0,184,2436,184,2000,148244.0754811712,148265.5835931698,118358.5064796473,179183.62751289504,102772.98624152166,192678.65098396345,0.0,0.0,0.0
25063700B,3,1,ok,1.0,107,1530,107,1530,1763.032050177506,1448.1546878700494,1024.0,2896.309375740099,0.0,4579.4672179195695,0.056862745098039215,0.056862745098039215,0.2849673202614379
25063700B,3,1,ok,2.0,107,1530,107,1530,4378.730222970524,3842.007938565458,1721.7854105549854,8233.959011314058,385.4153603581466,15583.936376923515,0.0,0.013071895424836602,0.02483660130718954
25063700B,3,1,ok,4.0,107,1530,107,1530,22591.836694792644,21906.09878951397,7537.720146038854,39080.99836994267,161.8177987738061,47498.948293620146,0.00065359477124183,0.00065359477124183,0.00196078431372549
25063700B,3,1,ok,8.0,107,1530,107,1530,86263.5560841813,86579.68188060509,68233.18753974893,103618.85337810403,60722.76450393213,112288.62518082587,0.0,0.0,0.0
