low_concept_id,low_concept_text,high_concept_id,high_concept_text,source_node_id,target_node_id,co_occurrence_count,co_occurrence_rate,mean_joint_evidence,correct_count,incorrect_count,dominant_conflict_type,high_scale_override_rate,wrong_class_drift_rate,example_slides
nonadeno_hamartoma_low,A low magnification histopathology image showing pulmonary hamartoma with cartilage and benign mesenchymal components.,adeno_papillary_high,A high magnification histopathology image showing adenocarcinoma cells lining fibrovascular cores.,low_concept::nonadeno_hamartoma_low,high_concept::adeno_papillary_high,98,0.5051546391752577,0.0018358013535079265,93,5,high_scale_dominant_correct,1.0,0.0,"[""2460239-B2"", ""2460628-B2"", ""2460641-B2"", ""2460960-B"", ""2461671-B2"", ""2461677-B2"", ""2462598-B"", ""2462637-B2"", ""2463647-B2"", ""2463656-B2"", ""2464548-B"", ""2465243-B2""]"
nonadeno_hamartoma_low,A low magnification histopathology image showing pulmonary hamartoma with cartilage and benign mesenchymal components.,adeno_atypical_glands_high,A high magnification histopathology image showing atypical gland-forming tumor cells with pseudostratified nuclei.,low_concept::nonadeno_hamartoma_low,high_concept::adeno_atypical_glands_high,97,0.5,0.0015619859108268117,93,4,high_scale_dominant_correct,1.0,0.0,"[""2460239-B2"", ""2460628-B2"", ""2460641-B2"", ""2460960-B"", ""2461671-B2"", ""2461677-B2"", ""2462598-B"", ""2462637-B2"", ""2463647-B2"", ""2463656-B2"", ""2464548-B"", ""2465243-B2""]"
nonadeno_hamartoma_low,A low magnification histopathology image showing pulmonary hamartoma with cartilage and benign mesenchymal components.,adeno_fused_glands_high,A high magnification histopathology image showing fused back-to-back adenocarcinoma glands with little intervening stroma.,low_concept::nonadeno_hamartoma_low,high_concept::adeno_fused_glands_high,97,0.5,0.0012017486480058242,93,4,high_scale_dominant_correct,1.0,0.0,"[""2460239-B2"", ""2460628-B2"", ""2460641-B2"", ""2460960-B"", ""2461671-B2"", ""2461677-B2"", ""2462598-B"", ""2462637-B2"", ""2463647-B2"", ""2463656-B2"", ""2464548-B"", ""2465243-B2""]"
nonadeno_hamartoma_low,A low magnification histopathology image showing pulmonary hamartoma with cartilage and benign mesenchymal components.,adeno_micropapillary_high,A high magnification histopathology image showing small floating clusters of adenocarcinoma cells without fibrovascular cores.,low_concept::nonadeno_hamartoma_low,high_concept::adeno_micropapillary_high,96,0.4948453608247423,0.0012931348068694005,92,4,high_scale_dominant_correct,1.0,0.0,"[""2460239-B2"", ""2460628-B2"", ""2460641-B2"", ""2460960-B"", ""2461671-B2"", ""2461677-B2"", ""2462598-B"", ""2462637-B2"", ""2463647-B2"", ""2463656-B2"", ""2464548-B"", ""2465243-B2""]"
nonadeno_fibroinflammatory_low,A low magnification histopathology image showing a fibroinflammatory lung lesion with scarring and no malignant gland formation.,adeno_papillary_high,A high magnification histopathology image showing adenocarcinoma cells lining fibrovascular cores.,low_concept::nonadeno_fibroinflammatory_low,high_concept::adeno_papillary_high,96,0.4948453608247423,0.0007630594281916045,91,5,high_scale_dominant_correct,1.0,0.0,"[""2460239-B2"", ""2460628-B2"", ""2460641-B2"", ""2460960-B"", ""2461671-B2"", ""2461677-B2"", ""2462598-B"", ""2462637-B2"", ""2463647-B2"", ""2463656-B2"", ""2464548-B"", ""2465243-B2""]"
nonadeno_fibroinflammatory_low,A low magnification histopathology image showing a fibroinflammatory lung lesion with scarring and no malignant gland formation.,adeno_atypical_glands_high,A high magnification histopathology image showing atypical gland-forming tumor cells with pseudostratified nuclei.,low_concept::nonadeno_fibroinflammatory_low,high_concept::adeno_atypical_glands_high,95,0.4896907216494845,0.0004917950437595477,91,4,high_scale_dominant_correct,1.0,0.0,"[""2460239-B2"", ""2460628-B2"", ""2460641-B2"", ""2460960-B"", ""2461671-B2"", ""2461677-B2"", ""2462598-B"", ""2462637-B2"", ""2463647-B2"", ""2463656-B2"", ""2464548-B"", ""2465243-B2""]"
nonadeno_fibroinflammatory_low,A low magnification histopathology image showing a fibroinflammatory lung lesion with scarring and no malignant gland formation.,adeno_fused_glands_high,A high magnification histopathology image showing fused back-to-back adenocarcinoma glands with little intervening stroma.,low_concept::nonadeno_fibroinflammatory_low,high_concept::adeno_fused_glands_high,95,0.4896907216494845,0.00013058490195974265,91,4,high_scale_dominant_correct,1.0,0.0,"[""2460239-B2"", ""2460628-B2"", ""2460641-B2"", ""2460960-B"", ""2461671-B2"", ""2461677-B2"", ""2462598-B"", ""2462637-B2"", ""2463647-B2"", ""2463656-B2"", ""2464548-B"", ""2465243-B2""]"
nonadeno_fibroinflammatory_low,A low magnification histopathology image showing a fibroinflammatory lung lesion with scarring and no malignant gland formation.,adeno_micropapillary_high,A high magnification histopathology image showing small floating clusters of adenocarcinoma cells without fibrovascular cores.,low_concept::nonadeno_fibroinflammatory_low,high_concept::adeno_micropapillary_high,94,0.4845360824742268,0.00022559519740004546,90,4,high_scale_dominant_correct,1.0,0.0,"[""2460239-B2"", ""2460628-B2"", ""2460641-B2"", ""2460960-B"", ""2461671-B2"", ""2461677-B2"", ""2462598-B"", ""2462637-B2"", ""2463647-B2"", ""2463656-B2"", ""2464548-B"", ""2465243-B2""]"
nonadeno_solid_nests_low,A low magnification histopathology image showing solid non-gland-forming tumor nests without adenocarcinoma-type acinar structures.,adeno_papillary_high,A high magnification histopathology image showing adenocarcinoma cells lining fibrovascular cores.,low_concept::nonadeno_solid_nests_low,high_concept::adeno_papillary_high,85,0.4381443298969072,0.0007555756598974683,83,2,high_scale_dominant_correct,1.0,0.0,"[""2460239-B2"", ""2460628-B2"", ""2460641-B2"", ""2460960-B"", ""2461671-B2"", ""2461677-B2"", ""2462598-B"", ""2462637-B2"", ""2463647-B2"", ""2463656-B2"", ""2464548-B"", ""2465243-B2""]"
nonadeno_solid_nests_low,A low magnification histopathology image showing solid non-gland-forming tumor nests without adenocarcinoma-type acinar structures.,adeno_atypical_glands_high,A high magnification histopathology image showing atypical gland-forming tumor cells with pseudostratified nuclei.,low_concept::nonadeno_solid_nests_low,high_concept::adeno_atypical_glands_high,85,0.4381443298969072,0.0005025550320308478,83,2,high_scale_dominant_correct,1.0,0.0,"[""2460239-B2"", ""2460628-B2"", ""2460641-B2"", ""2460960-B"", ""2461671-B2"", ""2461677-B2"", ""2462598-B"", ""2462637-B2"", ""2463647-B2"", ""2463656-B2"", ""2464548-B"", ""2465243-B2""]"
nonadeno_solid_nests_low,A low magnification histopathology image showing solid non-gland-forming tumor nests without adenocarcinoma-type acinar structures.,adeno_fused_glands_high,A high magnification histopathology image showing fused back-to-back adenocarcinoma glands with little intervening stroma.,low_concept::nonadeno_solid_nests_low,high_concept::adeno_fused_glands_high,85,0.4381443298969072,0.00013851699050337654,83,2,high_scale_dominant_correct,1.0,0.0,"[""2460239-B2"", ""2460628-B2"", ""2460641-B2"", ""2460960-B"", ""2461671-B2"", ""2461677-B2"", ""2462598-B"", ""2462637-B2"", ""2463647-B2"", ""2463656-B2"", ""2464548-B"", ""2465243-B2""]"
nonadeno_solid_nests_low,A low magnification histopathology image showing solid non-gland-forming tumor nests without adenocarcinoma-type acinar structures.,adeno_micropapillary_high,A high magnification histopathology image showing small floating clusters of adenocarcinoma cells without fibrovascular cores.,low_concept::nonadeno_solid_nests_low,high_concept::adeno_micropapillary_high,83,0.42783505154639173,0.00022942418422611398,82,1,high_scale_dominant_correct,1.0,0.0,"[""2460239-B2"", ""2460628-B2"", ""2460641-B2"", ""2460960-B"", ""2461671-B2"", ""2461677-B2"", ""2462598-B"", ""2462637-B2"", ""2463647-B2"", ""2463656-B2"", ""2464548-B"", ""2465243-B2""]"
nonadeno_hamartoma_low,A low magnification histopathology image showing pulmonary hamartoma with cartilage and benign mesenchymal components.,nonadeno_intercellular_bridges_high,A high magnification histopathology image showing squamous cell carcinoma with intercellular bridges.,low_concept::nonadeno_hamartoma_low,high_concept::nonadeno_intercellular_bridges_high,81,0.4175257731958763,0.005365912169307787,72,9,consistent_correct_support,0.0,0.09876543209876543,"[""2461700-B2"", ""2462478-B2"", ""2463127-B3"", ""2465396-B2"", ""2468673-B2"", ""2469029-B2"", ""2469927-B2"", ""2471884-B2"", ""2471957-B"", ""2473212-B4"", ""2473534-B2"", ""2473621-B3""]"
nonadeno_hamartoma_low,A low magnification histopathology image showing pulmonary hamartoma with cartilage and benign mesenchymal components.,nonadeno_keratinization_high,A high magnification histopathology image showing squamous cell carcinoma with keratinization and keratin pearls.,low_concept::nonadeno_hamartoma_low,high_concept::nonadeno_keratinization_high,81,0.4175257731958763,0.0016949305877472663,72,9,consistent_correct_support,0.0,0.09876543209876543,"[""2461700-B2"", ""2462478-B2"", ""2463127-B3"", ""2465396-B2"", ""2468673-B2"", ""2469029-B2"", ""2469927-B2"", ""2471884-B2"", ""2471957-B"", ""2473212-B4"", ""2473534-B2"", ""2473621-B3""]"
nonadeno_fibroinflammatory_low,A low magnification histopathology image showing a fibroinflammatory lung lesion with scarring and no malignant gland formation.,nonadeno_intercellular_bridges_high,A high magnification histopathology image showing squamous cell carcinoma with intercellular bridges.,low_concept::nonadeno_fibroinflammatory_low,high_concept::nonadeno_intercellular_bridges_high,80,0.41237113402061853,0.00429395677488818,71,9,consistent_correct_support,0.0,0.1,"[""2461700-B2"", ""2462478-B2"", ""2463127-B3"", ""2465396-B2"", ""2468673-B2"", ""2469029-B2"", ""2469927-B2"", ""2471884-B2"", ""2471957-B"", ""2473212-B4"", ""2473534-B2"", ""2473621-B3""]"
nonadeno_hamartoma_low,A low magnification histopathology image showing pulmonary hamartoma with cartilage and benign mesenchymal components.,nonadeno_dense_eosinophilic_cytoplasm_high,A high magnification histopathology image showing squamous carcinoma cells with dense eosinophilic cytoplasm and distinct cell borders.,low_concept::nonadeno_hamartoma_low,high_concept::nonadeno_dense_eosinophilic_cytoplasm_high,80,0.41237113402061853,0.0014192952473443155,71,9,consistent_correct_support,0.0,0.1,"[""2461700-B2"", ""2462478-B2"", ""2463127-B3"", ""2465396-B2"", ""2468673-B2"", ""2469029-B2"", ""2469927-B2"", ""2471884-B2"", ""2471957-B"", ""2473212-B4"", ""2473534-B2"", ""2473621-B3""]"
nonadeno_fibroinflammatory_low,A low magnification histopathology image showing a fibroinflammatory lung lesion with scarring and no malignant gland formation.,nonadeno_keratinization_high,A high magnification histopathology image showing squamous cell carcinoma with keratinization and keratin pearls.,low_concept::nonadeno_fibroinflammatory_low,high_concept::nonadeno_keratinization_high,80,0.41237113402061853,0.0006580893101492182,71,9,consistent_correct_support,0.0,0.1,"[""2461700-B2"", ""2462478-B2"", ""2463127-B3"", ""2465396-B2"", ""2468673-B2"", ""2469029-B2"", ""2469927-B2"", ""2471884-B2"", ""2471957-B"", ""2473212-B4"", ""2473534-B2"", ""2473621-B3""]"
nonadeno_fibroinflammatory_low,A low magnification histopathology image showing a fibroinflammatory lung lesion with scarring and no malignant gland formation.,nonadeno_dense_eosinophilic_cytoplasm_high,A high magnification histopathology image showing squamous carcinoma cells with dense eosinophilic cytoplasm and distinct cell borders.,low_concept::nonadeno_fibroinflammatory_low,high_concept::nonadeno_dense_eosinophilic_cytoplasm_high,79,0.4072164948453608,0.0003913906598685256,70,9,consistent_correct_support,0.0,0.10126582278481013,"[""2461700-B2"", ""2462478-B2"", ""2463127-B3"", ""2465396-B2"", ""2468673-B2"", ""2469029-B2"", ""2469927-B2"", ""2471884-B2"", ""2471957-B"", ""2473212-B4"", ""2473534-B2"", ""2473621-B3""]"
nonadeno_metastatic_low,A low magnification histopathology image showing metastatic tumor in the lung without primary lung adenocarcinoma morphology.,adeno_papillary_high,A high magnification histopathology image showing adenocarcinoma cells lining fibrovascular cores.,low_concept::nonadeno_metastatic_low,high_concept::adeno_papillary_high,77,0.39690721649484534,0.0007371909506478174,75,2,high_scale_dominant_correct,1.0,0.0,"[""2460239-B2"", ""2460628-B2"", ""2460641-B2"", ""2460960-B"", ""2461671-B2"", ""2461677-B2"", ""2462598-B"", ""2462637-B2"", ""2463647-B2"", ""2463656-B2"", ""2464548-B"", ""2465243-B2""]"
nonadeno_metastatic_low,A low magnification histopathology image showing metastatic tumor in the lung without primary lung adenocarcinoma morphology.,adeno_atypical_glands_high,A high magnification histopathology image showing atypical gland-forming tumor cells with pseudostratified nuclei.,low_concept::nonadeno_metastatic_low,high_concept::adeno_atypical_glands_high,77,0.39690721649484534,0.0005108708003604679,75,2,high_scale_dominant_correct,1.0,0.0,"[""2460239-B2"", ""2460628-B2"", ""2460641-B2"", ""2460960-B"", ""2461671-B2"", ""2461677-B2"", ""2462598-B"", ""2462637-B2"", ""2463647-B2"", ""2463656-B2"", ""2464548-B"", ""2465243-B2""]"
nonadeno_metastatic_low,A low magnification histopathology image showing metastatic tumor in the lung without primary lung adenocarcinoma morphology.,adeno_fused_glands_high,A high magnification histopathology image showing fused back-to-back adenocarcinoma glands with little intervening stroma.,low_concept::nonadeno_metastatic_low,high_concept::adeno_fused_glands_high,77,0.39690721649484534,0.0001423208987928385,75,2,high_scale_dominant_correct,1.0,0.0,"[""2460239-B2"", ""2460628-B2"", ""2460641-B2"", ""2460960-B"", ""2461671-B2"", ""2461677-B2"", ""2462598-B"", ""2462637-B2"", ""2463647-B2"", ""2463656-B2"", ""2464548-B"", ""2465243-B2""]"
nonadeno_metastatic_low,A low magnification histopathology image showing metastatic tumor in the lung without primary lung adenocarcinoma morphology.,adeno_micropapillary_high,A high magnification histopathology image showing small floating clusters of adenocarcinoma cells without fibrovascular cores.,low_concept::nonadeno_metastatic_low,high_concept::adeno_micropapillary_high,75,0.3865979381443299,0.00023537535410827852,74,1,high_scale_dominant_correct,1.0,0.0,"[""2460239-B2"", ""2460628-B2"", ""2460641-B2"", ""2460960-B"", ""2461671-B2"", ""2461677-B2"", ""2462598-B"", ""2462637-B2"", ""2463647-B2"", ""2463656-B2"", ""2464548-B"", ""2465243-B2""]"
nonadeno_benign_reactive_low,A low magnification histopathology image showing benign reactive lung tissue changes without adenocarcinoma morphology.,nonadeno_intercellular_bridges_high,A high magnification histopathology image showing squamous cell carcinoma with intercellular bridges.,low_concept::nonadeno_benign_reactive_low,high_concept::nonadeno_intercellular_bridges_high,58,0.29896907216494845,0.0042692800578451396,50,8,consistent_correct_support,0.0,0.1206896551724138,"[""2461700-B2"", ""2463127-B3"", ""2465396-B2"", ""2468673-B2"", ""2469927-B2"", ""2471884-B2"", ""2471957-B"", ""2473212-B4"", ""2473534-B2"", ""2485275-B2"", ""2486687-B3"", ""2487053-B2""]"
nonadeno_benign_reactive_low,A low magnification histopathology image showing benign reactive lung tissue changes without adenocarcinoma morphology.,nonadeno_keratinization_high,A high magnification histopathology image showing squamous cell carcinoma with keratinization and keratin pearls.,low_concept::nonadeno_benign_reactive_low,high_concept::nonadeno_keratinization_high,58,0.29896907216494845,0.0006970576273342164,50,8,consistent_correct_support,0.0,0.1206896551724138,"[""2461700-B2"", ""2463127-B3"", ""2465396-B2"", ""2468673-B2"", ""2469927-B2"", ""2471884-B2"", ""2471957-B"", ""2473212-B4"", ""2473534-B2"", ""2485275-B2"", ""2486687-B3"", ""2487053-B2""]"
nonadeno_benign_reactive_low,A low magnification histopathology image showing benign reactive lung tissue changes without adenocarcinoma morphology.,nonadeno_dense_eosinophilic_cytoplasm_high,A high magnification histopathology image showing squamous carcinoma cells with dense eosinophilic cytoplasm and distinct cell borders.,low_concept::nonadeno_benign_reactive_low,high_concept::nonadeno_dense_eosinophilic_cytoplasm_high,57,0.29381443298969073,0.00033666830922326617,49,8,consistent_correct_support,0.0,0.12280701754385964,"[""2461700-B2"", ""2463127-B3"", ""2465396-B2"", ""2468673-B2"", ""2469927-B2"", ""2471884-B2"", ""2471957-B"", ""2473212-B4"", ""2473534-B2"", ""2485275-B2"", ""2486687-B3"", ""2487053-B2""]"
nonadeno_solid_nests_low,A low magnification histopathology image showing solid non-gland-forming tumor nests without adenocarcinoma-type acinar structures.,nonadeno_intercellular_bridges_high,A high magnification histopathology image showing squamous cell carcinoma with intercellular bridges.,low_concept::nonadeno_solid_nests_low,high_concept::nonadeno_intercellular_bridges_high,53,0.27319587628865977,0.0043824161077491005,46,7,weak_or_mixed_conflict,0.0,0.1320754716981132,"[""2461700-B2"", ""2462478-B2"", ""2463127-B3"", ""2465396-B2"", ""2468673-B2"", ""2469029-B2"", ""2469927-B2"", ""2471957-B"", ""2473534-B2"", ""2473621-B3"", ""2484727-B2"", ""2485275-B2""]"
nonadeno_hamartoma_low,A low magnification histopathology image showing pulmonary hamartoma with cartilage and benign mesenchymal components.,adeno_hobnail_high,A high magnification histopathology image showing hobnail-like adenocarcinoma cells lining alveolar spaces.,low_concept::nonadeno_hamartoma_low,high_concept::adeno_hobnail_high,53,0.27319587628865977,0.0010767649669089735,51,2,high_scale_dominant_correct,1.0,0.0,"[""2460641-B2"", ""2461671-B2"", ""2461677-B2"", ""2462637-B2"", ""2463656-B2"", ""2465243-B2"", ""2465568-B2"", ""2466923-B2"", ""2468796-B3"", ""2469004-B2"", ""2469496-B"", ""2469569-B2""]"
nonadeno_solid_nests_low,A low magnification histopathology image showing solid non-gland-forming tumor nests without adenocarcinoma-type acinar structures.,nonadeno_keratinization_high,A high magnification histopathology image showing squamous cell carcinoma with keratinization and keratin pearls.,low_concept::nonadeno_solid_nests_low,high_concept::nonadeno_keratinization_high,53,0.27319587628865977,0.0006593155957587084,46,7,weak_or_mixed_conflict,0.0,0.1320754716981132,"[""2461700-B2"", ""2462478-B2"", ""2463127-B3"", ""2465396-B2"", ""2468673-B2"", ""2469029-B2"", ""2469927-B2"", ""2471957-B"", ""2473534-B2"", ""2473621-B3"", ""2484727-B2"", ""2485275-B2""]"
nonadeno_solid_nests_low,A low magnification histopathology image showing solid non-gland-forming tumor nests without adenocarcinoma-type acinar structures.,nonadeno_dense_eosinophilic_cytoplasm_high,A high magnification histopathology image showing squamous carcinoma cells with dense eosinophilic cytoplasm and distinct cell borders.,low_concept::nonadeno_solid_nests_low,high_concept::nonadeno_dense_eosinophilic_cytoplasm_high,53,0.27319587628865977,0.00041995151132653656,46,7,weak_or_mixed_conflict,0.0,0.1320754716981132,"[""2461700-B2"", ""2462478-B2"", ""2463127-B3"", ""2465396-B2"", ""2468673-B2"", ""2469029-B2"", ""2469927-B2"", ""2471957-B"", ""2473534-B2"", ""2473621-B3"", ""2484727-B2"", ""2485275-B2""]"
nonadeno_inflammatory_low,A low magnification histopathology image showing inflammatory or granulomatous lung lesion without malignant glandular structures.,nonadeno_intercellular_bridges_high,A high magnification histopathology image showing squamous cell carcinoma with intercellular bridges.,low_concept::nonadeno_inflammatory_low,high_concept::nonadeno_intercellular_bridges_high,52,0.26804123711340205,0.0041765606196240805,46,6,consistent_correct_support,0.0,0.09615384615384616,"[""2462478-B2"", ""2468673-B2"", ""2469029-B2"", ""2471884-B2"", ""2473621-B3"", ""2483850-B2"", ""2485275-B2"", ""2486687-B3"", ""2487274-B2"", ""2487558-B2"", ""2488769-B2"", ""25001929B3""]"
nonadeno_benign_reactive_low,A low magnification histopathology image showing benign reactive lung tissue changes without adenocarcinoma morphology.,adeno_papillary_high,A high magnification histopathology image showing adenocarcinoma cells lining fibrovascular cores.,low_concept::nonadeno_benign_reactive_low,high_concept::adeno_papillary_high,52,0.26804123711340205,0.0008286092377786662,48,4,high_scale_dominant_correct,1.0,0.0,"[""2460641-B2"", ""2460960-B"", ""2461671-B2"", ""2461677-B2"", ""2465568-B2"", ""2466923-B2"", ""2469004-B2"", ""2471237-B2"", ""2471452-B2"", ""2471959-B2"", ""2471963-B"", ""2473218-B3""]"
nonadeno_inflammatory_low,A low magnification histopathology image showing inflammatory or granulomatous lung lesion without malignant glandular structures.,nonadeno_keratinization_high,A high magnification histopathology image showing squamous cell carcinoma with keratinization and keratin pearls.,low_concept::nonadeno_inflammatory_low,high_concept::nonadeno_keratinization_high,52,0.26804123711340205,0.000632608962375186,46,6,consistent_correct_support,0.0,0.09615384615384616,"[""2462478-B2"", ""2468673-B2"", ""2469029-B2"", ""2471884-B2"", ""2473621-B3"", ""2483850-B2"", ""2485275-B2"", ""2486687-B3"", ""2487274-B2"", ""2487558-B2"", ""2488769-B2"", ""25001929B3""]"
nonadeno_benign_reactive_low,A low magnification histopathology image showing benign reactive lung tissue changes without adenocarcinoma morphology.,adeno_atypical_glands_high,A high magnification histopathology image showing atypical gland-forming tumor cells with pseudostratified nuclei.,low_concept::nonadeno_benign_reactive_low,high_concept::adeno_atypical_glands_high,51,0.26288659793814434,0.00045584789330327396,48,3,high_scale_dominant_correct,1.0,0.0,"[""2460641-B2"", ""2460960-B"", ""2461671-B2"", ""2461677-B2"", ""2465568-B2"", ""2466923-B2"", ""2469004-B2"", ""2471237-B2"", ""2471452-B2"", ""2471959-B2"", ""2471963-B"", ""2473218-B3""]"
nonadeno_inflammatory_low,A low magnification histopathology image showing inflammatory or granulomatous lung lesion without malignant glandular structures.,nonadeno_dense_eosinophilic_cytoplasm_high,A high magnification histopathology image showing squamous carcinoma cells with dense eosinophilic cytoplasm and distinct cell borders.,low_concept::nonadeno_inflammatory_low,high_concept::nonadeno_dense_eosinophilic_cytoplasm_high,51,0.26288659793814434,0.00038569602157178715,45,6,consistent_correct_support,0.0,0.09803921568627451,"[""2462478-B2"", ""2468673-B2"", ""2469029-B2"", ""2471884-B2"", ""2473621-B3"", ""2483850-B2"", ""2485275-B2"", ""2486687-B3"", ""2487274-B2"", ""2487558-B2"", ""2488769-B2"", ""25001929B3""]"
nonadeno_benign_reactive_low,A low magnification histopathology image showing benign reactive lung tissue changes without adenocarcinoma morphology.,adeno_micropapillary_high,A high magnification histopathology image showing small floating clusters of adenocarcinoma cells without fibrovascular cores.,low_concept::nonadeno_benign_reactive_low,high_concept::adeno_micropapillary_high,51,0.26288659793814434,0.00024035071839808138,48,3,high_scale_dominant_correct,1.0,0.0,"[""2460641-B2"", ""2460960-B"", ""2461671-B2"", ""2461677-B2"", ""2465568-B2"", ""2466923-B2"", ""2469004-B2"", ""2471237-B2"", ""2471452-B2"", ""2471959-B2"", ""2471963-B"", ""2473218-B3""]"
nonadeno_benign_reactive_low,A low magnification histopathology image showing benign reactive lung tissue changes without adenocarcinoma morphology.,adeno_fused_glands_high,A high magnification histopathology image showing fused back-to-back adenocarcinoma glands with little intervening stroma.,low_concept::nonadeno_benign_reactive_low,high_concept::adeno_fused_glands_high,51,0.26288659793814434,0.0001159931146661246,48,3,high_scale_dominant_correct,1.0,0.0,"[""2460641-B2"", ""2460960-B"", ""2461671-B2"", ""2461677-B2"", ""2465568-B2"", ""2466923-B2"", ""2469004-B2"", ""2471237-B2"", ""2471452-B2"", ""2471959-B2"", ""2471963-B"", ""2473218-B3""]"
nonadeno_fibroinflammatory_low,A low magnification histopathology image showing a fibroinflammatory lung lesion with scarring and no malignant gland formation.,adeno_hobnail_high,A high magnification histopathology image showing hobnail-like adenocarcinoma cells lining alveolar spaces.,low_concept::nonadeno_fibroinflammatory_low,high_concept::adeno_hobnail_high,51,0.26288659793814434,5.665177669235568e-05,49,2,high_scale_dominant_correct,1.0,0.0,"[""2460641-B2"", ""2461671-B2"", ""2461677-B2"", ""2462637-B2"", ""2463656-B2"", ""2465243-B2"", ""2465568-B2"", ""2466923-B2"", ""2468796-B3"", ""2469004-B2"", ""2469496-B"", ""2469569-B2""]"
nonadeno_solid_nests_low,A low magnification histopathology image showing solid non-gland-forming tumor nests without adenocarcinoma-type acinar structures.,adeno_hobnail_high,A high magnification histopathology image showing hobnail-like adenocarcinoma cells lining alveolar spaces.,low_concept::nonadeno_solid_nests_low,high_concept::adeno_hobnail_high,48,0.24742268041237114,6.469840447773594e-05,47,1,high_scale_dominant_correct,1.0,0.0,"[""2460641-B2"", ""2461671-B2"", ""2461677-B2"", ""2462637-B2"", ""2463656-B2"", ""2465243-B2"", ""2465568-B2"", ""2466923-B2"", ""2468796-B3"", ""2469004-B2"", ""2469496-B"", ""2469569-B2""]"
nonadeno_hamartoma_low,A low magnification histopathology image showing pulmonary hamartoma with cartilage and benign mesenchymal components.,nonadeno_sarcomatoid_high,A high magnification histopathology image showing spindle-shaped malignant tumor cells.,low_concept::nonadeno_hamartoma_low,high_concept::nonadeno_sarcomatoid_high,46,0.23711340206185566,0.001023605583634091,41,5,consistent_correct_support,0.0,0.10869565217391304,"[""2461700-B2"", ""2468673-B2"", ""2469029-B2"", ""2469927-B2"", ""2473212-B4"", ""2483850-B2"", ""2485275-B2"", ""2486687-B3"", ""2487274-B2"", ""2488769-B2"", ""25001929B3"", ""25013629B6""]"
nonadeno_fibroinflammatory_low,A low magnification histopathology image showing a fibroinflammatory lung lesion with scarring and no malignant gland formation.,nonadeno_sarcomatoid_high,A high magnification histopathology image showing spindle-shaped malignant tumor cells.,low_concept::nonadeno_fibroinflammatory_low,high_concept::nonadeno_sarcomatoid_high,46,0.23711340206185566,1.3737865908004847e-05,41,5,consistent_correct_support,0.0,0.10869565217391304,"[""2461700-B2"", ""2468673-B2"", ""2469029-B2"", ""2469927-B2"", ""2473212-B4"", ""2483850-B2"", ""2485275-B2"", ""2486687-B3"", ""2487274-B2"", ""2488769-B2"", ""25001929B3"", ""25013629B6""]"
nonadeno_inflammatory_low,A low magnification histopathology image showing inflammatory or granulomatous lung lesion without malignant glandular structures.,adeno_papillary_high,A high magnification histopathology image showing adenocarcinoma cells lining fibrovascular cores.,low_concept::nonadeno_inflammatory_low,high_concept::adeno_papillary_high,45,0.23195876288659795,0.000788050972019818,44,1,high_scale_dominant_correct,1.0,0.0,"[""2460239-B2"", ""2462598-B"", ""2462637-B2"", ""2463647-B2"", ""2463656-B2"", ""2464548-B"", ""2465397-B"", ""2468796-B3"", ""2469033-B2"", ""2469496-B"", ""2469569-B2"", ""2469849-B2""]"
nonadeno_inflammatory_low,A low magnification histopathology image showing inflammatory or granulomatous lung lesion without malignant glandular structures.,adeno_atypical_glands_high,A high magnification histopathology image showing atypical gland-forming tumor cells with pseudostratified nuclei.,low_concept::nonadeno_inflammatory_low,high_concept::adeno_atypical_glands_high,45,0.23195876288659795,0.00047047692989607426,44,1,high_scale_dominant_correct,1.0,0.0,"[""2460239-B2"", ""2462598-B"", ""2462637-B2"", ""2463647-B2"", ""2463656-B2"", ""2464548-B"", ""2465397-B"", ""2468796-B3"", ""2469033-B2"", ""2469496-B"", ""2469569-B2"", ""2469849-B2""]"
nonadeno_inflammatory_low,A low magnification histopathology image showing inflammatory or granulomatous lung lesion without malignant glandular structures.,adeno_micropapillary_high,A high magnification histopathology image showing small floating clusters of adenocarcinoma cells without fibrovascular cores.,low_concept::nonadeno_inflammatory_low,high_concept::adeno_micropapillary_high,45,0.23195876288659795,0.0001657754588355763,44,1,high_scale_dominant_correct,1.0,0.0,"[""2460239-B2"", ""2462598-B"", ""2462637-B2"", ""2463647-B2"", ""2463656-B2"", ""2464548-B"", ""2465397-B"", ""2468796-B3"", ""2469033-B2"", ""2469496-B"", ""2469569-B2"", ""2469849-B2""]"
nonadeno_inflammatory_low,A low magnification histopathology image showing inflammatory or granulomatous lung lesion without malignant glandular structures.,adeno_fused_glands_high,A high magnification histopathology image showing fused back-to-back adenocarcinoma glands with little intervening stroma.,low_concept::nonadeno_inflammatory_low,high_concept::adeno_fused_glands_high,45,0.23195876288659795,0.00012532510723568317,44,1,high_scale_dominant_correct,1.0,0.0,"[""2460239-B2"", ""2462598-B"", ""2462637-B2"", ""2463647-B2"", ""2463656-B2"", ""2464548-B"", ""2465397-B"", ""2468796-B3"", ""2469033-B2"", ""2469496-B"", ""2469569-B2"", ""2469849-B2""]"
nonadeno_metastatic_low,A low magnification histopathology image showing metastatic tumor in the lung without primary lung adenocarcinoma morphology.,adeno_hobnail_high,A high magnification histopathology image showing hobnail-like adenocarcinoma cells lining alveolar spaces.,low_concept::nonadeno_metastatic_low,high_concept::adeno_hobnail_high,43,0.22164948453608246,7.045265855378694e-05,42,1,high_scale_dominant_correct,1.0,0.0,"[""2460641-B2"", ""2461671-B2"", ""2461677-B2"", ""2462637-B2"", ""2463656-B2"", ""2465243-B2"", ""2465568-B2"", ""2466923-B2"", ""2468796-B3"", ""2469004-B2"", ""2469496-B"", ""2469569-B2""]"
nonadeno_hamartoma_low,A low magnification histopathology image showing pulmonary hamartoma with cartilage and benign mesenchymal components.,nonadeno_chondroid_matrix_high,A high magnification histopathology image showing chondroid or myxochondroid matrix characteristic of hamartomatous morphology.,low_concept::nonadeno_hamartoma_low,high_concept::nonadeno_chondroid_matrix_high,42,0.21649484536082475,0.0010588301285095701,38,4,consistent_correct_support,0.0,0.09523809523809523,"[""2471884-B2"", ""2483850-B2"", ""2487053-B2"", ""2487558-B2"", ""2488050-B3"", ""25001929B3"", ""25015422B"", ""25016031B2"", ""25017355B4"", ""25017923B"", ""25021277B4"", ""25022013B""]"
nonadeno_fibroinflammatory_low,A low magnification histopathology image showing a fibroinflammatory lung lesion with scarring and no malignant gland formation.,nonadeno_chondroid_matrix_high,A high magnification histopathology image showing chondroid or myxochondroid matrix characteristic of hamartomatous morphology.,low_concept::nonadeno_fibroinflammatory_low,high_concept::nonadeno_chondroid_matrix_high,41,0.211340206185567,1.6520250051081072e-05,37,4,consistent_correct_support,0.0,0.0975609756097561,"[""2471884-B2"", ""2483850-B2"", ""2487053-B2"", ""2487558-B2"", ""25001929B3"", ""25015422B"", ""25016031B2"", ""25017355B4"", ""25017923B"", ""25021277B4"", ""25022013B"", ""25023687B4""]"
nonadeno_metastatic_low,A low magnification histopathology image showing metastatic tumor in the lung without primary lung adenocarcinoma morphology.,nonadeno_intercellular_bridges_high,A high magnification histopathology image showing squamous cell carcinoma with intercellular bridges.,low_concept::nonadeno_metastatic_low,high_concept::nonadeno_intercellular_bridges_high,38,0.1958762886597938,0.004652724032089606,34,4,weak_or_mixed_conflict,0.0,0.10526315789473684,"[""2461700-B2"", ""2462478-B2"", ""2463127-B3"", ""2465396-B2"", ""2469029-B2"", ""2469927-B2"", ""2471957-B"", ""2473534-B2"", ""2473621-B3"", ""2484727-B2"", ""2487053-B2"", ""2487274-B2""]"
nonadeno_metastatic_low,A low magnification histopathology image showing metastatic tumor in the lung without primary lung adenocarcinoma morphology.,nonadeno_keratinization_high,A high magnification histopathology image showing squamous cell carcinoma with keratinization and keratin pearls.,low_concept::nonadeno_metastatic_low,high_concept::nonadeno_keratinization_high,38,0.1958762886597938,0.0006760869427926031,34,4,weak_or_mixed_conflict,0.0,0.10526315789473684,"[""2461700-B2"", ""2462478-B2"", ""2463127-B3"", ""2465396-B2"", ""2469029-B2"", ""2469927-B2"", ""2471957-B"", ""2473534-B2"", ""2473621-B3"", ""2484727-B2"", ""2487053-B2"", ""2487274-B2""]"
nonadeno_metastatic_low,A low magnification histopathology image showing metastatic tumor in the lung without primary lung adenocarcinoma morphology.,nonadeno_dense_eosinophilic_cytoplasm_high,A high magnification histopathology image showing squamous carcinoma cells with dense eosinophilic cytoplasm and distinct cell borders.,low_concept::nonadeno_metastatic_low,high_concept::nonadeno_dense_eosinophilic_cytoplasm_high,38,0.1958762886597938,0.0004608450679506027,34,4,weak_or_mixed_conflict,0.0,0.10526315789473684,"[""2461700-B2"", ""2462478-B2"", ""2463127-B3"", ""2465396-B2"", ""2469029-B2"", ""2469927-B2"", ""2471957-B"", ""2473534-B2"", ""2473621-B3"", ""2484727-B2"", ""2487053-B2"", ""2487274-B2""]"
nonadeno_benign_reactive_low,A low magnification histopathology image showing benign reactive lung tissue changes without adenocarcinoma morphology.,nonadeno_chondroid_matrix_high,A high magnification histopathology image showing chondroid or myxochondroid matrix characteristic of hamartomatous morphology.,low_concept::nonadeno_benign_reactive_low,high_concept::nonadeno_chondroid_matrix_high,37,0.19072164948453607,2.8926145437259085e-06,33,4,consistent_correct_support,0.0,0.10810810810810811,"[""2471884-B2"", ""2487053-B2"", ""2487558-B2"", ""2488050-B3"", ""25001929B3"", ""25015422B"", ""25016031B2"", ""25017355B4"", ""25017923B"", ""25021277B4"", ""25022013B"", ""25023687B4""]"
nonadeno_hamartoma_low,A low magnification histopathology image showing pulmonary hamartoma with cartilage and benign mesenchymal components.,adeno_mucinous_high,A high magnification histopathology image showing adenocarcinoma cells with mucin production and mucinous cytoplasm.,low_concept::nonadeno_hamartoma_low,high_concept::adeno_mucinous_high,32,0.16494845360824742,0.0011524198231741885,31,1,high_scale_dominant_correct,1.0,0.0,"[""2460239-B2"", ""2460628-B2"", ""2460960-B"", ""2462598-B"", ""2463647-B2"", ""2464548-B"", ""2469033-B2"", ""2473218-B3"", ""2474337-B3"", ""2474638-B3"", ""2475022-B"", ""2482056-B4""]"
nonadeno_fibroinflammatory_low,A low magnification histopathology image showing a fibroinflammatory lung lesion with scarring and no malignant gland formation.,adeno_mucinous_high,A high magnification histopathology image showing adenocarcinoma cells with mucin production and mucinous cytoplasm.,low_concept::nonadeno_fibroinflammatory_low,high_concept::adeno_mucinous_high,32,0.16494845360824742,2.6010181133015843e-05,31,1,high_scale_dominant_correct,1.0,0.0,"[""2460239-B2"", ""2460628-B2"", ""2460960-B"", ""2462598-B"", ""2463647-B2"", ""2464548-B"", ""2469033-B2"", ""2473218-B3"", ""2474337-B3"", ""2474638-B3"", ""2475022-B"", ""2482056-B4""]"
nonadeno_inflammatory_low,A low magnification histopathology image showing inflammatory or granulomatous lung lesion without malignant glandular structures.,nonadeno_sarcomatoid_high,A high magnification histopathology image showing spindle-shaped malignant tumor cells.,low_concept::nonadeno_inflammatory_low,high_concept::nonadeno_sarcomatoid_high,32,0.16494845360824742,5.1768975594618876e-06,29,3,consistent_correct_support,0.0,0.09375,"[""2468673-B2"", ""2469029-B2"", ""2483850-B2"", ""2485275-B2"", ""2486687-B3"", ""2487274-B2"", ""2488769-B2"", ""25001929B3"", ""25014124B2"", ""25015052B3"", ""25015087B2"", ""25015622B2""]"
nonadeno_benign_reactive_low,A low magnification histopathology image showing benign reactive lung tissue changes without adenocarcinoma morphology.,adeno_hobnail_high,A high magnification histopathology image showing hobnail-like adenocarcinoma cells lining alveolar spaces.,low_concept::nonadeno_benign_reactive_low,high_concept::adeno_hobnail_high,30,0.15463917525773196,4.777186656892181e-05,28,2,high_scale_dominant_correct,1.0,0.0,"[""2460641-B2"", ""2461671-B2"", ""2461677-B2"", ""2465568-B2"", ""2466923-B2"", ""2469004-B2"", ""2471237-B2"", ""2471963-B"", ""2474150-B3"", ""2475126-B2"", ""2477541-B2"", ""2477949-B2""]"
nonadeno_solid_nests_low,A low magnification histopathology image showing solid non-gland-forming tumor nests without adenocarcinoma-type acinar structures.,nonadeno_sarcomatoid_high,A high magnification histopathology image showing spindle-shaped malignant tumor cells.,low_concept::nonadeno_solid_nests_low,high_concept::nonadeno_sarcomatoid_high,30,0.15463917525773196,1.5713544692311353e-05,25,5,weak_or_mixed_conflict,0.0,0.16666666666666666,"[""2461700-B2"", ""2468673-B2"", ""2469029-B2"", ""2469927-B2"", ""2485275-B2"", ""2486687-B3"", ""2487274-B2"", ""2488769-B2"", ""25001929B3"", ""25013629B6"", ""25014124B2"", ""25015052B3""]"
nonadeno_inflammatory_low,A low magnification histopathology image showing inflammatory or granulomatous lung lesion without malignant glandular structures.,nonadeno_chondroid_matrix_high,A high magnification histopathology image showing chondroid or myxochondroid matrix characteristic of hamartomatous morphology.,low_concept::nonadeno_inflammatory_low,high_concept::nonadeno_chondroid_matrix_high,30,0.15463917525773196,4.444947917640771e-06,27,3,consistent_correct_support,0.0,0.1,"[""2471884-B2"", ""2483850-B2"", ""2487558-B2"", ""25001929B3"", ""25017355B4"", ""25021277B4"", ""25025087B"", ""25026144B2"", ""25026499B3"", ""25026782B3"", ""25027181B3"", ""25028514B""]"
nonadeno_benign_reactive_low,A low magnification histopathology image showing benign reactive lung tissue changes without adenocarcinoma morphology.,nonadeno_sarcomatoid_high,A high magnification histopathology image showing spindle-shaped malignant tumor cells.,low_concept::nonadeno_benign_reactive_low,high_concept::nonadeno_sarcomatoid_high,30,0.15463917525773196,2.4073543990903135e-06,26,4,consistent_correct_support,0.0,0.13333333333333333,"[""2461700-B2"", ""2468673-B2"", ""2469927-B2"", ""2473212-B4"", ""2485275-B2"", ""2486687-B3"", ""25001929B3"", ""25013629B6"", ""25015052B3"", ""25015191B3"", ""25017923B"", ""25023687B2""]"
nonadeno_sarcomatoid_low,A low magnification histopathology image showing sarcomatoid carcinoma with spindle cell morphology.,nonadeno_intercellular_bridges_high,A high magnification histopathology image showing squamous cell carcinoma with intercellular bridges.,low_concept::nonadeno_sarcomatoid_low,high_concept::nonadeno_intercellular_bridges_high,29,0.14948453608247422,0.004244156178150625,27,2,consistent_correct_support,0.0,0.034482758620689655,"[""2471884-B2"", ""2473212-B4"", ""2483850-B2"", ""25015191B3"", ""25016031B2"", ""25020556B4"", ""25022013B"", ""25025076B"", ""25025087B"", ""25025954B3"", ""25026144B2"", ""25026782B3""]"
nonadeno_sarcomatoid_low,A low magnification histopathology image showing sarcomatoid carcinoma with spindle cell morphology.,nonadeno_keratinization_high,A high magnification histopathology image showing squamous cell carcinoma with keratinization and keratin pearls.,low_concept::nonadeno_sarcomatoid_low,high_concept::nonadeno_keratinization_high,29,0.14948453608247422,0.0006759604361950598,27,2,consistent_correct_support,0.0,0.034482758620689655,"[""2471884-B2"", ""2473212-B4"", ""2483850-B2"", ""25015191B3"", ""25016031B2"", ""25020556B4"", ""25022013B"", ""25025076B"", ""25025087B"", ""25025954B3"", ""25026144B2"", ""25026782B3""]"
nonadeno_sarcomatoid_low,A low magnification histopathology image showing sarcomatoid carcinoma with spindle cell morphology.,nonadeno_dense_eosinophilic_cytoplasm_high,A high magnification histopathology image showing squamous carcinoma cells with dense eosinophilic cytoplasm and distinct cell borders.,low_concept::nonadeno_sarcomatoid_low,high_concept::nonadeno_dense_eosinophilic_cytoplasm_high,28,0.14432989690721648,0.0003299076637062285,26,2,consistent_correct_support,0.0,0.03571428571428571,"[""2471884-B2"", ""2473212-B4"", ""2483850-B2"", ""25015191B3"", ""25016031B2"", ""25020556B4"", ""25022013B"", ""25025076B"", ""25025087B"", ""25025954B3"", ""25026144B2"", ""25026782B3""]"
nonadeno_solid_nests_low,A low magnification histopathology image showing solid non-gland-forming tumor nests without adenocarcinoma-type acinar structures.,adeno_mucinous_high,A high magnification histopathology image showing adenocarcinoma cells with mucin production and mucinous cytoplasm.,low_concept::nonadeno_solid_nests_low,high_concept::adeno_mucinous_high,28,0.14432989690721648,3.093599341174814e-05,28,0,high_scale_dominant_correct,1.0,0.0,"[""2460239-B2"", ""2460628-B2"", ""2460960-B"", ""2462598-B"", ""2463647-B2"", ""2464548-B"", ""2469033-B2"", ""2474337-B3"", ""2474638-B3"", ""2475022-B"", ""2482056-B4"", ""2482896-B2""]"
nonadeno_metastatic_low,A low magnification histopathology image showing metastatic tumor in the lung without primary lung adenocarcinoma morphology.,adeno_mucinous_high,A high magnification histopathology image showing adenocarcinoma cells with mucin production and mucinous cytoplasm.,low_concept::nonadeno_metastatic_low,high_concept::adeno_mucinous_high,26,0.13402061855670103,3.604878592241262e-05,26,0,high_scale_dominant_correct,1.0,0.0,"[""2460239-B2"", ""2460628-B2"", ""2460960-B"", ""2462598-B"", ""2463647-B2"", ""2464548-B"", ""2469033-B2"", ""2474337-B3"", ""2474638-B3"", ""2475022-B"", ""2482056-B4"", ""2487146-B2""]"
nonadeno_hamartoma_low,A low magnification histopathology image showing pulmonary hamartoma with cartilage and benign mesenchymal components.,nonadeno_spindle_atypia_high,A high magnification histopathology image showing atypical spindle tumor cells without gland formation or mucin production.,low_concept::nonadeno_hamartoma_low,high_concept::nonadeno_spindle_atypia_high,23,0.11855670103092783,0.0009420935492233238,19,4,consistent_correct_support,0.0,0.17391304347826086,"[""2465396-B2"", ""2473621-B3"", ""2485275-B2"", ""2487274-B2"", ""2490978B2"", ""25009756B2"", ""25013629B6"", ""25015052B3"", ""25015087B2"", ""25015191B3"", ""25016031B2"", ""25020556B4""]"
nonadeno_fibroinflammatory_low,A low magnification histopathology image showing a fibroinflammatory lung lesion with scarring and no malignant gland formation.,nonadeno_spindle_atypia_high,A high magnification histopathology image showing atypical spindle tumor cells without gland formation or mucin production.,low_concept::nonadeno_fibroinflammatory_low,high_concept::nonadeno_spindle_atypia_high,23,0.11855670103092783,1.0760717676058825e-05,19,4,consistent_correct_support,0.0,0.17391304347826086,"[""2465396-B2"", ""2473621-B3"", ""2485275-B2"", ""2487274-B2"", ""2490978B2"", ""25009756B2"", ""25013629B6"", ""25015052B3"", ""25015087B2"", ""25015191B3"", ""25016031B2"", ""25020556B4""]"
nonadeno_inflammatory_low,A low magnification histopathology image showing inflammatory or granulomatous lung lesion without malignant glandular structures.,adeno_hobnail_high,A high magnification histopathology image showing hobnail-like adenocarcinoma cells lining alveolar spaces.,low_concept::nonadeno_inflammatory_low,high_concept::adeno_hobnail_high,22,0.1134020618556701,4.7248988239181676e-05,22,0,high_scale_dominant_correct,1.0,0.0,"[""2462637-B2"", ""2463656-B2"", ""2468796-B3"", ""2469496-B"", ""2469569-B2"", ""2469849-B2"", ""2473549-B"", ""2474150-B3"", ""2474739-B2"", ""2475349-B2"", ""2476252-B2"", ""2477541-B2""]"
nonadeno_sarcomatoid_low,A low magnification histopathology image showing sarcomatoid carcinoma with spindle cell morphology.,nonadeno_chondroid_matrix_high,A high magnification histopathology image showing chondroid or myxochondroid matrix characteristic of hamartomatous morphology.,low_concept::nonadeno_sarcomatoid_low,high_concept::nonadeno_chondroid_matrix_high,22,0.1134020618556701,2.749491801006359e-06,21,1,consistent_correct_support,0.0,0.045454545454545456,"[""2471884-B2"", ""2483850-B2"", ""25016031B2"", ""25022013B"", ""25025087B"", ""25026144B2"", ""25026782B3"", ""25027131B2"", ""25027181B3"", ""25028014B7"", ""25028514B"", ""25028738B2""]"
nonadeno_metastatic_low,A low magnification histopathology image showing metastatic tumor in the lung without primary lung adenocarcinoma morphology.,nonadeno_sarcomatoid_high,A high magnification histopathology image showing spindle-shaped malignant tumor cells.,low_concept::nonadeno_metastatic_low,high_concept::nonadeno_sarcomatoid_high,21,0.10824742268041238,1.8799920220462324e-05,18,3,weak_or_mixed_conflict,0.0,0.14285714285714285,"[""2461700-B2"", ""2469029-B2"", ""2469927-B2"", ""2487274-B2"", ""2488769-B2"", ""25013629B6"", ""25014124B2"", ""25015087B2"", ""25015622B2"", ""25017355B1"", ""25017923B"", ""25021260B2""]"
nonadeno_solid_nests_low,A low magnification histopathology image showing solid non-gland-forming tumor nests without adenocarcinoma-type acinar structures.,nonadeno_chondroid_matrix_high,A high magnification histopathology image showing chondroid or myxochondroid matrix characteristic of hamartomatous morphology.,low_concept::nonadeno_solid_nests_low,high_concept::nonadeno_chondroid_matrix_high,21,0.10824742268041238,1.2223291740217916e-05,18,3,consistent_correct_support,0.0,0.14285714285714285,"[""2487053-B2"", ""2487558-B2"", ""2488050-B3"", ""25001929B3"", ""25015422B"", ""25017355B4"", ""25017923B"", ""25021277B4"", ""25022013B"", ""25023687B4"", ""25026499B3"", ""25028014B7""]"
nonadeno_hamartoma_low,A low magnification histopathology image showing pulmonary hamartoma with cartilage and benign mesenchymal components.,nonadeno_fibrosis_inflammation_high,A high magnification histopathology image showing fibrosis and chronic inflammatory infiltrates without adenocarcinoma cells.,low_concept::nonadeno_hamartoma_low,high_concept::nonadeno_fibrosis_inflammation_high,19,0.0979381443298969,0.0011859223523499453,19,0,weak_or_mixed_conflict,0.0,0.0,"[""2461700-B2"", ""2462478-B2"", ""2463127-B3"", ""2465396-B2"", ""2469927-B2"", ""2471957-B"", ""2473212-B4"", ""2473534-B2"", ""2473621-B3"", ""2484727-B2"", ""2486687-B3"", ""2490978B2""]"
nonadeno_fibroinflammatory_low,A low magnification histopathology image showing a fibroinflammatory lung lesion with scarring and no malignant gland formation.,nonadeno_fibrosis_inflammation_high,A high magnification histopathology image showing fibrosis and chronic inflammatory infiltrates without adenocarcinoma cells.,low_concept::nonadeno_fibroinflammatory_low,high_concept::nonadeno_fibrosis_inflammation_high,19,0.0979381443298969,6.502726486762385e-05,19,0,weak_or_mixed_conflict,0.0,0.0,"[""2461700-B2"", ""2462478-B2"", ""2463127-B3"", ""2465396-B2"", ""2469927-B2"", ""2471957-B"", ""2473212-B4"", ""2473534-B2"", ""2473621-B3"", ""2484727-B2"", ""2486687-B3"", ""2490978B2""]"
nonadeno_inflammatory_low,A low magnification histopathology image showing inflammatory or granulomatous lung lesion without malignant glandular structures.,adeno_mucinous_high,A high magnification histopathology image showing adenocarcinoma cells with mucin production and mucinous cytoplasm.,low_concept::nonadeno_inflammatory_low,high_concept::adeno_mucinous_high,18,0.09278350515463918,1.3792024369604095e-05,17,1,high_scale_dominant_correct,1.0,0.0,"[""2460239-B2"", ""2462598-B"", ""2463647-B2"", ""2464548-B"", ""2469033-B2"", ""2474337-B3"", ""2474638-B3"", ""2482896-B2"", ""2487146-B2"", ""2487237-B2"", ""2490860B2"", ""25012785B2""]"
nonadeno_organoid_neuroendocrine_low,A low magnification histopathology image showing organoid nests and trabeculae consistent with neuroendocrine morphology.,adeno_papillary_high,A high magnification histopathology image showing adenocarcinoma cells lining fibrovascular cores.,low_concept::nonadeno_organoid_neuroendocrine_low,high_concept::adeno_papillary_high,17,0.08762886597938144,0.0007695876532989769,17,0,high_scale_dominant_correct,1.0,0.0,"[""2460628-B2"", ""2465243-B2"", ""2475011-B2"", ""2475022-B"", ""2477809-B3"", ""2483211-B2"", ""2483846-B"", ""2484791-B3"", ""2486833-B2"", ""25012253B3"", ""25014217B3"", ""25017211B2""]"
nonadeno_organoid_neuroendocrine_low,A low magnification histopathology image showing organoid nests and trabeculae consistent with neuroendocrine morphology.,adeno_atypical_glands_high,A high magnification histopathology image showing atypical gland-forming tumor cells with pseudostratified nuclei.,low_concept::nonadeno_organoid_neuroendocrine_low,high_concept::adeno_atypical_glands_high,17,0.08762886597938144,0.0005209853571765061,17,0,high_scale_dominant_correct,1.0,0.0,"[""2460628-B2"", ""2465243-B2"", ""2475011-B2"", ""2475022-B"", ""2477809-B3"", ""2483211-B2"", ""2483846-B"", ""2484791-B3"", ""2486833-B2"", ""25012253B3"", ""25014217B3"", ""25017211B2""]"
nonadeno_organoid_neuroendocrine_low,A low magnification histopathology image showing organoid nests and trabeculae consistent with neuroendocrine morphology.,adeno_fused_glands_high,A high magnification histopathology image showing fused back-to-back adenocarcinoma glands with little intervening stroma.,low_concept::nonadeno_organoid_neuroendocrine_low,high_concept::adeno_fused_glands_high,17,0.08762886597938144,0.00012417473157477746,17,0,high_scale_dominant_correct,1.0,0.0,"[""2460628-B2"", ""2465243-B2"", ""2475011-B2"", ""2475022-B"", ""2477809-B3"", ""2483211-B2"", ""2483846-B"", ""2484791-B3"", ""2486833-B2"", ""25012253B3"", ""25014217B3"", ""25017211B2""]"
nonadeno_solid_nests_low,A low magnification histopathology image showing solid non-gland-forming tumor nests without adenocarcinoma-type acinar structures.,nonadeno_fibrosis_inflammation_high,A high magnification histopathology image showing fibrosis and chronic inflammatory infiltrates without adenocarcinoma cells.,low_concept::nonadeno_solid_nests_low,high_concept::nonadeno_fibrosis_inflammation_high,17,0.08762886597938144,6.845929735892935e-05,17,0,weak_or_mixed_conflict,0.0,0.0,"[""2461700-B2"", ""2462478-B2"", ""2463127-B3"", ""2465396-B2"", ""2469927-B2"", ""2471957-B"", ""2473534-B2"", ""2473621-B3"", ""2484727-B2"", ""2486687-B3"", ""2490978B2"", ""25009756B2""]"
nonadeno_solid_nests_low,A low magnification histopathology image showing solid non-gland-forming tumor nests without adenocarcinoma-type acinar structures.,nonadeno_spindle_atypia_high,A high magnification histopathology image showing atypical spindle tumor cells without gland formation or mucin production.,low_concept::nonadeno_solid_nests_low,high_concept::nonadeno_spindle_atypia_high,17,0.08762886597938144,1.466078481131945e-05,13,4,weak_or_mixed_conflict,0.0,0.23529411764705882,"[""2465396-B2"", ""2473621-B3"", ""2485275-B2"", ""2487274-B2"", ""2490978B2"", ""25009756B2"", ""25013629B6"", ""25015052B3"", ""25015087B2"", ""25021640B3"", ""25023687B2"", ""25023690B3""]"
nonadeno_sarcomatoid_low,A low magnification histopathology image showing sarcomatoid carcinoma with spindle cell morphology.,nonadeno_sarcomatoid_high,A high magnification histopathology image showing spindle-shaped malignant tumor cells.,low_concept::nonadeno_sarcomatoid_low,high_concept::nonadeno_sarcomatoid_high,17,0.08762886597938144,2.0862552253215273e-06,17,0,consistent_correct_support,0.0,0.0,"[""2473212-B4"", ""2483850-B2"", ""25015191B3"", ""25020556B4"", ""25025087B"", ""25025954B3"", ""25028014B7"", ""25028514B"", ""25028738B2"", ""25029425B"", ""25029425B2"", ""25030750B2""]"
nonadeno_organoid_neuroendocrine_low,A low magnification histopathology image showing organoid nests and trabeculae consistent with neuroendocrine morphology.,adeno_micropapillary_high,A high magnification histopathology image showing small floating clusters of adenocarcinoma cells without fibrovascular cores.,low_concept::nonadeno_organoid_neuroendocrine_low,high_concept::adeno_micropapillary_high,16,0.08247422680412371,0.00022457275130606194,16,0,high_scale_dominant_correct,1.0,0.0,"[""2460628-B2"", ""2465243-B2"", ""2475011-B2"", ""2475022-B"", ""2477809-B3"", ""2483211-B2"", ""2483846-B"", ""2484791-B3"", ""2486833-B2"", ""25012253B3"", ""25014217B3"", ""25017211B2""]"
nonadeno_metastatic_low,A low magnification histopathology image showing metastatic tumor in the lung without primary lung adenocarcinoma morphology.,nonadeno_fibrosis_inflammation_high,A high magnification histopathology image showing fibrosis and chronic inflammatory infiltrates without adenocarcinoma cells.,low_concept::nonadeno_metastatic_low,high_concept::nonadeno_fibrosis_inflammation_high,16,0.08247422680412371,7.243381152283102e-05,16,0,weak_or_mixed_conflict,0.0,0.0,"[""2461700-B2"", ""2462478-B2"", ""2463127-B3"", ""2465396-B2"", ""2469927-B2"", ""2471957-B"", ""2473534-B2"", ""2473621-B3"", ""2484727-B2"", ""2490978B2"", ""25009756B2"", ""25015622B2""]"
nonadeno_hamartoma_low,A low magnification histopathology image showing pulmonary hamartoma with cartilage and benign mesenchymal components.,nonadeno_chondromyxoid_matrix_high,A high magnification histopathology image showing chondromyxoid matrix and benign stromal elements in pulmonary hamartoma.,low_concept::nonadeno_hamartoma_low,high_concept::nonadeno_chondromyxoid_matrix_high,14,0.07216494845360824,0.0010880268933251805,13,1,consistent_correct_support,0.0,0.0,"[""2487053-B2"", ""25021277B4"", ""25025076B"", ""25026782B3"", ""25027131B2"", ""25027181B3"", ""25030334B2"", ""25030988B4"", ""25045625B3"", ""25045829B2"", ""25046631B2"", ""25049999B2""]"
nonadeno_fibroinflammatory_low,A low magnification histopathology image showing a fibroinflammatory lung lesion with scarring and no malignant gland formation.,nonadeno_chondromyxoid_matrix_high,A high magnification histopathology image showing chondromyxoid matrix and benign stromal elements in pulmonary hamartoma.,low_concept::nonadeno_fibroinflammatory_low,high_concept::nonadeno_chondromyxoid_matrix_high,14,0.07216494845360824,1.6711365688850444e-05,13,1,consistent_correct_support,0.0,0.0,"[""2487053-B2"", ""25021277B4"", ""25025076B"", ""25026782B3"", ""25027131B2"", ""25027181B3"", ""25030334B2"", ""25030988B4"", ""25045625B3"", ""25045829B2"", ""25046631B2"", ""25049999B2""]"
nonadeno_inflammatory_low,A low magnification histopathology image showing inflammatory or granulomatous lung lesion without malignant glandular structures.,nonadeno_spindle_atypia_high,A high magnification histopathology image showing atypical spindle tumor cells without gland formation or mucin production.,low_concept::nonadeno_inflammatory_low,high_concept::nonadeno_spindle_atypia_high,14,0.07216494845360824,6.6317783504061415e-06,12,2,consistent_correct_support,0.0,0.14285714285714285,"[""2473621-B3"", ""2485275-B2"", ""2487274-B2"", ""25009756B2"", ""25015052B3"", ""25015087B2"", ""25020556B4"", ""25021640B3"", ""25023690B3"", ""25025954B3"", ""25029425B"", ""25030998B2""]"
nonadeno_hamartoma_low,A low magnification histopathology image showing pulmonary hamartoma with cartilage and benign mesenchymal components.,nonadeno_hamartoma_high,A high magnification histopathology image showing benign cartilage and respiratory epithelium in pulmonary hamartoma.,low_concept::nonadeno_hamartoma_low,high_concept::nonadeno_hamartoma_high,13,0.06701030927835051,0.001053029195250263,9,4,weak_or_mixed_conflict,0.0,0.23076923076923078,"[""2462478-B2"", ""2471884-B2"", ""2471957-B"", ""2473534-B2"", ""2484727-B2"", ""2487558-B2"", ""2488050-B3"", ""25015422B"", ""25017355B4"", ""25022013B"", ""25025076B"", ""25049999B2""]"
nonadeno_sarcomatoid_low,A low magnification histopathology image showing sarcomatoid carcinoma with spindle cell morphology.,adeno_papillary_high,A high magnification histopathology image showing adenocarcinoma cells lining fibrovascular cores.,low_concept::nonadeno_sarcomatoid_low,high_concept::adeno_papillary_high,13,0.06701030927835051,0.0009513467630444587,10,3,high_scale_dominant_correct,1.0,0.0,"[""2471959-B2"", ""2471963-B"", ""2473218-B3"", ""2474150-B3"", ""2477189-B3"", ""2477977-B3"", ""2483993-B2"", ""25014684B"", ""25019273B"", ""25025510B3"", ""25027290B2"", ""25027723B4""]"
nonadeno_sarcomatoid_low,A low magnification histopathology image showing sarcomatoid carcinoma with spindle cell morphology.,adeno_micropapillary_high,A high magnification histopathology image showing small floating clusters of adenocarcinoma cells without fibrovascular cores.,low_concept::nonadeno_sarcomatoid_low,high_concept::adeno_micropapillary_high,13,0.06701030927835051,0.00022393117339108748,10,3,high_scale_dominant_correct,1.0,0.0,"[""2471959-B2"", ""2471963-B"", ""2473218-B3"", ""2474150-B3"", ""2477189-B3"", ""2477977-B3"", ""2483993-B2"", ""25014684B"", ""25019273B"", ""25025510B3"", ""25027290B2"", ""25027723B4""]"
nonadeno_metastatic_low,A low magnification histopathology image showing metastatic tumor in the lung without primary lung adenocarcinoma morphology.,nonadeno_spindle_atypia_high,A high magnification histopathology image showing atypical spindle tumor cells without gland formation or mucin production.,low_concept::nonadeno_metastatic_low,high_concept::nonadeno_spindle_atypia_high,13,0.06701030927835051,2.135161435945522e-05,10,3,weak_or_mixed_conflict,0.0,0.23076923076923078,"[""2465396-B2"", ""2473621-B3"", ""2487274-B2"", ""2490978B2"", ""25009756B2"", ""25013629B6"", ""25015087B2"", ""25021640B3"", ""25023687B2"", ""25023690B3"", ""25023961B2"", ""25023977B2""]"
nonadeno_benign_reactive_low,A low magnification histopathology image showing benign reactive lung tissue changes without adenocarcinoma morphology.,nonadeno_spindle_atypia_high,A high magnification histopathology image showing atypical spindle tumor cells without gland formation or mucin production.,low_concept::nonadeno_benign_reactive_low,high_concept::nonadeno_spindle_atypia_high,13,0.06701030927835051,3.348492587401594e-06,10,3,consistent_correct_support,0.0,0.23076923076923078,"[""2465396-B2"", ""2485275-B2"", ""2490978B2"", ""25013629B6"", ""25015052B3"", ""25015191B3"", ""25016031B2"", ""25023687B2"", ""25023961B2"", ""25023977B2"", ""25025954B3"", ""25029737B2""]"
nonadeno_sarcomatoid_low,A low magnification histopathology image showing sarcomatoid carcinoma with spindle cell morphology.,adeno_atypical_glands_high,A high magnification histopathology image showing atypical gland-forming tumor cells with pseudostratified nuclei.,low_concept::nonadeno_sarcomatoid_low,high_concept::adeno_atypical_glands_high,12,0.061855670103092786,0.00044740734452943686,10,2,high_scale_dominant_correct,1.0,0.0,"[""2471959-B2"", ""2471963-B"", ""2473218-B3"", ""2474150-B3"", ""2477189-B3"", ""2477977-B3"", ""2483993-B2"", ""25014684B"", ""25025510B3"", ""25027290B2"", ""25027723B4"", ""25057865B1""]"
nonadeno_sarcomatoid_low,A low magnification histopathology image showing sarcomatoid carcinoma with spindle cell morphology.,adeno_fused_glands_high,A high magnification histopathology image showing fused back-to-back adenocarcinoma glands with little intervening stroma.,low_concept::nonadeno_sarcomatoid_low,high_concept::adeno_fused_glands_high,12,0.061855670103092786,0.0001140922642127112,10,2,high_scale_dominant_correct,1.0,0.0,"[""2471959-B2"", ""2471963-B"", ""2473218-B3"", ""2474150-B3"", ""2477189-B3"", ""2477977-B3"", ""2483993-B2"", ""25014684B"", ""25025510B3"", ""25027290B2"", ""25027723B4"", ""25057865B1""]"
nonadeno_benign_reactive_low,A low magnification histopathology image showing benign reactive lung tissue changes without adenocarcinoma morphology.,nonadeno_fibrosis_inflammation_high,A high magnification histopathology image showing fibrosis and chronic inflammatory infiltrates without adenocarcinoma cells.,low_concept::nonadeno_benign_reactive_low,high_concept::nonadeno_fibrosis_inflammation_high,12,0.061855670103092786,5.033681182114159e-05,12,0,weak_or_mixed_conflict,0.0,0.0,"[""2461700-B2"", ""2463127-B3"", ""2465396-B2"", ""2469927-B2"", ""2471957-B"", ""2473212-B4"", ""2473534-B2"", ""2486687-B3"", ""2490978B2"", ""25023961B2"", ""25026144B2"", ""25032179B3""]"
nonadeno_fibroinflammatory_low,A low magnification histopathology image showing a fibroinflammatory lung lesion with scarring and no malignant gland formation.,nonadeno_hamartoma_high,A high magnification histopathology image showing benign cartilage and respiratory epithelium in pulmonary hamartoma.,low_concept::nonadeno_fibroinflammatory_low,high_concept::nonadeno_hamartoma_high,12,0.061855670103092786,2.4549110756854068e-05,8,4,weak_or_mixed_conflict,0.0,0.25,"[""2462478-B2"", ""2471884-B2"", ""2471957-B"", ""2473534-B2"", ""2484727-B2"", ""2487558-B2"", ""25015422B"", ""25017355B4"", ""25022013B"", ""25025076B"", ""25049999B2"", ""25063642B""]"
nonadeno_benign_reactive_low,A low magnification histopathology image showing benign reactive lung tissue changes without adenocarcinoma morphology.,adeno_mucinous_high,A high magnification histopathology image showing adenocarcinoma cells with mucin production and mucinous cytoplasm.,low_concept::nonadeno_benign_reactive_low,high_concept::adeno_mucinous_high,12,0.061855670103092786,9.921041480987635e-06,12,0,high_scale_dominant_correct,1.0,0.0,"[""2460960-B"", ""2473218-B3"", ""2482056-B4"", ""2482896-B2"", ""2490964B2"", ""25012785B2"", ""25013871B6"", ""25014311B2"", ""25014684B"", ""25015204B2"", ""25024983B2"", ""25027290B2""]"
nonadeno_benign_reactive_low,A low magnification histopathology image showing benign reactive lung tissue changes without adenocarcinoma morphology.,nonadeno_chondromyxoid_matrix_high,A high magnification histopathology image showing chondromyxoid matrix and benign stromal elements in pulmonary hamartoma.,low_concept::nonadeno_benign_reactive_low,high_concept::nonadeno_chondromyxoid_matrix_high,12,0.061855670103092786,9.393847042871827e-07,11,1,consistent_correct_support,0.0,0.0,"[""2487053-B2"", ""25021277B4"", ""25025076B"", ""25026782B3"", ""25027131B2"", ""25027181B3"", ""25030988B4"", ""25045625B3"", ""25045829B2"", ""25046631B2"", ""25049999B2"", ""25055778B2""]"
adeno_desmoplastic_invasion_low,A low magnification histopathology image showing invasive adenocarcinoma glands within desmoplastic stroma.,nonadeno_intercellular_bridges_high,A high magnification histopathology image showing squamous cell carcinoma with intercellular bridges.,low_concept::adeno_desmoplastic_invasion_low,high_concept::nonadeno_intercellular_bridges_high,11,0.05670103092783505,0.003393266443800612,11,0,high_scale_dominant_correct,0.9090909090909091,0.0,"[""2466264-B2"", ""2485632-B"", ""25016027B"", ""25031267B2"", ""25034327B2"", ""25034940B11"", ""25035354B3"", ""25044694B"", ""25045625B1"", ""25051008B4"", ""25059686B2""]"
adeno_mucinous,A low magnification histopathology image showing mucinous lung adenocarcinoma with extracellular mucin pools.,nonadeno_intercellular_bridges_high,A high magnification histopathology image showing squamous cell carcinoma with intercellular bridges.,low_concept::adeno_mucinous,high_concept::nonadeno_intercellular_bridges_high,11,0.05670103092783505,0.0029460143064346553,11,0,high_scale_dominant_correct,0.9090909090909091,0.0,"[""2466264-B2"", ""2485632-B"", ""25016027B"", ""25031267B2"", ""25034327B2"", ""25034940B11"", ""25035354B3"", ""25044694B"", ""25045625B1"", ""25051008B4"", ""25059686B2""]"
adeno_desmoplastic_invasion_low,A low magnification histopathology image showing invasive adenocarcinoma glands within desmoplastic stroma.,nonadeno_keratinization_high,A high magnification histopathology image showing squamous cell carcinoma with keratinization and keratin pearls.,low_concept::adeno_desmoplastic_invasion_low,high_concept::nonadeno_keratinization_high,11,0.05670103092783505,0.0006570920749179539,11,0,high_scale_dominant_correct,0.9090909090909091,0.0,"[""2466264-B2"", ""2485632-B"", ""25016027B"", ""25031267B2"", ""25034327B2"", ""25034940B11"", ""25035354B3"", ""25044694B"", ""25045625B1"", ""25051008B4"", ""25059686B2""]"
adeno_mucinous,A low magnification histopathology image showing mucinous lung adenocarcinoma with extracellular mucin pools.,nonadeno_keratinization_high,A high magnification histopathology image showing squamous cell carcinoma with keratinization and keratin pearls.,low_concept::adeno_mucinous,high_concept::nonadeno_keratinization_high,11,0.05670103092783505,0.00020983993755199716,11,0,high_scale_dominant_correct,0.9090909090909091,0.0,"[""2466264-B2"", ""2485632-B"", ""25016027B"", ""25031267B2"", ""25034327B2"", ""25034940B11"", ""25035354B3"", ""25044694B"", ""25045625B1"", ""25051008B4"", ""25059686B2""]"
nonadeno_metastatic_low,A low magnification histopathology image showing metastatic tumor in the lung without primary lung adenocarcinoma morphology.,nonadeno_chondroid_matrix_high,A high magnification histopathology image showing chondroid or myxochondroid matrix characteristic of hamartomatous morphology.,low_concept::nonadeno_metastatic_low,high_concept::nonadeno_chondroid_matrix_high,11,0.05670103092783505,1.890246048300156e-05,10,1,consistent_correct_support,0.0,0.09090909090909091,"[""2487053-B2"", ""2488050-B3"", ""25015422B"", ""25017923B"", ""25023687B4"", ""25030334B2"", ""25031411B3"", ""25046631B2"", ""25050888B2"", ""25054693B2"", ""25055778B2""]"
nonadeno_benign_reactive_low,A low magnification histopathology image showing benign reactive lung tissue changes without adenocarcinoma morphology.,nonadeno_hamartoma_high,A high magnification histopathology image showing benign cartilage and respiratory epithelium in pulmonary hamartoma.,low_concept::nonadeno_benign_reactive_low,high_concept::nonadeno_hamartoma_high,11,0.05670103092783505,1.2213718819733403e-05,7,4,weak_or_mixed_conflict,0.0,0.2727272727272727,"[""2471884-B2"", ""2471957-B"", ""2473534-B2"", ""2487558-B2"", ""2488050-B3"", ""25015422B"", ""25017355B4"", ""25022013B"", ""25025076B"", ""25049999B2"", ""25063642B""]"
nonadeno_small_cell_low,A low magnification histopathology image showing a diffuse small blue cell neuroendocrine tumor growth pattern.,nonadeno_intercellular_bridges_high,A high magnification histopathology image showing squamous cell carcinoma with intercellular bridges.,low_concept::nonadeno_small_cell_low,high_concept::nonadeno_intercellular_bridges_high,10,0.05154639175257732,0.005018991421547153,10,0,consistent_correct_support,0.0,0.0,"[""2473212-B4"", ""2483850-B2"", ""25015191B3"", ""25016031B2"", ""25020556B4"", ""25027131B2"", ""25029425B"", ""25029425B2"", ""25029737B2"", ""25055784B2""]"
adeno_solid,A low magnification histopathology image showing lung adenocarcinoma with solid growth pattern.,nonadeno_intercellular_bridges_high,A high magnification histopathology image showing squamous cell carcinoma with intercellular bridges.,low_concept::adeno_solid,high_concept::nonadeno_intercellular_bridges_high,10,0.05154639175257732,0.0036999287083520245,10,0,high_scale_dominant_correct,1.0,0.0,"[""2485632-B"", ""25016027B"", ""25031267B2"", ""25034327B2"", ""25034940B11"", ""25035354B3"", ""25044694B"", ""25045625B1"", ""25051008B4"", ""25059686B2""]"
adeno_multifocal_glandular_low,A low magnification histopathology image showing multifocal irregular glandular proliferation consistent with lung adenocarcinoma.,nonadeno_intercellular_bridges_high,A high magnification histopathology image showing squamous cell carcinoma with intercellular bridges.,low_concept::adeno_multifocal_glandular_low,high_concept::nonadeno_intercellular_bridges_high,10,0.05154639175257732,0.003510777215042597,10,0,high_scale_dominant_correct,1.0,0.0,"[""2485632-B"", ""25016027B"", ""25031267B2"", ""25034327B2"", ""25034940B11"", ""25035354B3"", ""25044694B"", ""25045625B1"", ""25051008B4"", ""25059686B2""]"
adeno_solid,A low magnification histopathology image showing lung adenocarcinoma with solid growth pattern.,nonadeno_keratinization_high,A high magnification histopathology image showing squamous cell carcinoma with keratinization and keratin pearls.,low_concept::adeno_solid,high_concept::nonadeno_keratinization_high,10,0.05154639175257732,0.0008496930778283633,10,0,high_scale_dominant_correct,1.0,0.0,"[""2485632-B"", ""25016027B"", ""25031267B2"", ""25034327B2"", ""25034940B11"", ""25035354B3"", ""25044694B"", ""25045625B1"", ""25051008B4"", ""25059686B2""]"
adeno_multifocal_glandular_low,A low magnification histopathology image showing multifocal irregular glandular proliferation consistent with lung adenocarcinoma.,nonadeno_keratinization_high,A high magnification histopathology image showing squamous cell carcinoma with keratinization and keratin pearls.,low_concept::adeno_multifocal_glandular_low,high_concept::nonadeno_keratinization_high,10,0.05154639175257732,0.0006605415845189358,10,0,high_scale_dominant_correct,1.0,0.0,"[""2485632-B"", ""25016027B"", ""25031267B2"", ""25034327B2"", ""25034940B11"", ""25035354B3"", ""25044694B"", ""25045625B1"", ""25051008B4"", ""25059686B2""]"
nonadeno_small_cell_low,A low magnification histopathology image showing a diffuse small blue cell neuroendocrine tumor growth pattern.,nonadeno_keratinization_high,A high magnification histopathology image showing squamous cell carcinoma with keratinization and keratin pearls.,low_concept::nonadeno_small_cell_low,high_concept::nonadeno_keratinization_high,10,0.05154639175257732,0.0006079989059524572,10,0,consistent_correct_support,0.0,0.0,"[""2473212-B4"", ""2483850-B2"", ""25015191B3"", ""25016031B2"", ""25020556B4"", ""25027131B2"", ""25029425B"", ""25029425B2"", ""25029737B2"", ""25055784B2""]"
nonadeno_small_cell_low,A low magnification histopathology image showing a diffuse small blue cell neuroendocrine tumor growth pattern.,nonadeno_dense_eosinophilic_cytoplasm_high,A high magnification histopathology image showing squamous carcinoma cells with dense eosinophilic cytoplasm and distinct cell borders.,low_concept::nonadeno_small_cell_low,high_concept::nonadeno_dense_eosinophilic_cytoplasm_high,10,0.05154639175257732,0.0004571923015067768,10,0,consistent_correct_support,0.0,0.0,"[""2473212-B4"", ""2483850-B2"", ""25015191B3"", ""25016031B2"", ""25020556B4"", ""25027131B2"", ""25029425B"", ""25029425B2"", ""25029737B2"", ""25055784B2""]"
adeno_desmoplastic_invasion_low,A low magnification histopathology image showing invasive adenocarcinoma glands within desmoplastic stroma.,nonadeno_dense_eosinophilic_cytoplasm_high,A high magnification histopathology image showing squamous carcinoma cells with dense eosinophilic cytoplasm and distinct cell borders.,low_concept::adeno_desmoplastic_invasion_low,high_concept::nonadeno_dense_eosinophilic_cytoplasm_high,10,0.05154639175257732,0.00031953748124404185,10,0,high_scale_dominant_correct,0.9,0.0,"[""2466264-B2"", ""2485632-B"", ""25031267B2"", ""25034327B2"", ""25034940B11"", ""25035354B3"", ""25044694B"", ""25045625B1"", ""25051008B4"", ""25059686B2""]"
nonadeno_organoid_neuroendocrine_low,A low magnification histopathology image showing organoid nests and trabeculae consistent with neuroendocrine morphology.,adeno_hobnail_high,A high magnification histopathology image showing hobnail-like adenocarcinoma cells lining alveolar spaces.,low_concept::nonadeno_organoid_neuroendocrine_low,high_concept::adeno_hobnail_high,10,0.05154639175257732,5.470220971138892e-05,10,0,high_scale_dominant_correct,1.0,0.0,"[""2465243-B2"", ""2475011-B2"", ""2477809-B3"", ""2483211-B2"", ""2483846-B"", ""2484791-B3"", ""2486833-B2"", ""25012253B3"", ""25014217B3"", ""25024688B2""]"
nonadeno_solid_nests_low,A low magnification histopathology image showing solid non-gland-forming tumor nests without adenocarcinoma-type acinar structures.,nonadeno_hamartoma_high,A high magnification histopathology image showing benign cartilage and respiratory epithelium in pulmonary hamartoma.,low_concept::nonadeno_solid_nests_low,high_concept::nonadeno_hamartoma_high,10,0.05154639175257732,2.8386126743835884e-05,8,2,weak_or_mixed_conflict,0.0,0.2,"[""2462478-B2"", ""2471957-B"", ""2473534-B2"", ""2484727-B2"", ""2487558-B2"", ""2488050-B3"", ""25015422B"", ""25017355B4"", ""25022013B"", ""25063642B""]"
nonadeno_inflammatory_low,A low magnification histopathology image showing inflammatory or granulomatous lung lesion without malignant glandular structures.,nonadeno_chondromyxoid_matrix_high,A high magnification histopathology image showing chondromyxoid matrix and benign stromal elements in pulmonary hamartoma.,low_concept::nonadeno_inflammatory_low,high_concept::nonadeno_chondromyxoid_matrix_high,10,0.05154639175257732,2.920204693618641e-06,9,1,consistent_correct_support,0.0,0.0,"[""25021277B4"", ""25025076B"", ""25026782B3"", ""25027181B3"", ""25030334B2"", ""25030988B4"", ""25045625B3"", ""25045829B2"", ""25049999B2"", ""25055778B2""]"
adeno_mucinous,A low magnification histopathology image showing mucinous lung adenocarcinoma with extracellular mucin pools.,nonadeno_dense_eosinophilic_cytoplasm_high,A high magnification histopathology image showing squamous carcinoma cells with dense eosinophilic cytoplasm and distinct cell borders.,low_concept::adeno_mucinous,high_concept::nonadeno_dense_eosinophilic_cytoplasm_high,10,0.05154639175257732,-0.00014044570641327862,10,0,high_scale_dominant_correct,0.9,0.0,"[""2466264-B2"", ""2485632-B"", ""25031267B2"", ""25034327B2"", ""25034940B11"", ""25035354B3"", ""25044694B"", ""25045625B1"", ""25051008B4"", ""25059686B2""]"
adeno_solid,A low magnification histopathology image showing lung adenocarcinoma with solid growth pattern.,nonadeno_dense_eosinophilic_cytoplasm_high,A high magnification histopathology image showing squamous carcinoma cells with dense eosinophilic cytoplasm and distinct cell borders.,low_concept::adeno_solid,high_concept::nonadeno_dense_eosinophilic_cytoplasm_high,9,0.04639175257731959,0.0004512796840139304,9,0,high_scale_dominant_correct,1.0,0.0,"[""2485632-B"", ""25031267B2"", ""25034327B2"", ""25034940B11"", ""25035354B3"", ""25044694B"", ""25045625B1"", ""25051008B4"", ""25059686B2""]"
adeno_multifocal_glandular_low,A low magnification histopathology image showing multifocal irregular glandular proliferation consistent with lung adenocarcinoma.,nonadeno_dense_eosinophilic_cytoplasm_high,A high magnification histopathology image showing squamous carcinoma cells with dense eosinophilic cytoplasm and distinct cell borders.,low_concept::adeno_multifocal_glandular_low,high_concept::nonadeno_dense_eosinophilic_cytoplasm_high,9,0.04639175257731959,0.0002751748346794791,9,0,high_scale_dominant_correct,1.0,0.0,"[""2485632-B"", ""25031267B2"", ""25034327B2"", ""25034940B11"", ""25035354B3"", ""25044694B"", ""25045625B1"", ""25051008B4"", ""25059686B2""]"
adeno_solid,A low magnification histopathology image showing lung adenocarcinoma with solid growth pattern.,nonadeno_chondroid_matrix_high,A high magnification histopathology image showing chondroid or myxochondroid matrix characteristic of hamartomatous morphology.,low_concept::adeno_solid,high_concept::nonadeno_chondroid_matrix_high,8,0.041237113402061855,0.0002488069412227309,8,0,high_scale_dominant_correct,1.0,0.0,"[""2485632-B"", ""25016027B"", ""25031267B2"", ""25034327B2"", ""25034940B11"", ""25044694B"", ""25045625B1"", ""25051008B4""]"
adeno_desmoplastic_invasion_low,A low magnification histopathology image showing invasive adenocarcinoma glands within desmoplastic stroma.,nonadeno_chondroid_matrix_high,A high magnification histopathology image showing chondroid or myxochondroid matrix characteristic of hamartomatous morphology.,low_concept::adeno_desmoplastic_invasion_low,high_concept::nonadeno_chondroid_matrix_high,8,0.041237113402061855,8.470910674650861e-05,8,0,high_scale_dominant_correct,1.0,0.0,"[""2485632-B"", ""25016027B"", ""25031267B2"", ""25034327B2"", ""25034940B11"", ""25044694B"", ""25045625B1"", ""25051008B4""]"
adeno_multifocal_glandular_low,A low magnification histopathology image showing multifocal irregular glandular proliferation consistent with lung adenocarcinoma.,nonadeno_chondroid_matrix_high,A high magnification histopathology image showing chondroid or myxochondroid matrix characteristic of hamartomatous morphology.,low_concept::adeno_multifocal_glandular_low,high_concept::nonadeno_chondroid_matrix_high,8,0.041237113402061855,3.837047130749572e-05,8,0,high_scale_dominant_correct,1.0,0.0,"[""2485632-B"", ""25016027B"", ""25031267B2"", ""25034327B2"", ""25034940B11"", ""25044694B"", ""25045625B1"", ""25051008B4""]"
adeno_mucinous,A low magnification histopathology image showing mucinous lung adenocarcinoma with extracellular mucin pools.,nonadeno_chondroid_matrix_high,A high magnification histopathology image showing chondroid or myxochondroid matrix characteristic of hamartomatous morphology.,low_concept::adeno_mucinous,high_concept::nonadeno_chondroid_matrix_high,8,0.041237113402061855,-0.00030991899325810213,8,0,high_scale_dominant_correct,1.0,0.0,"[""2485632-B"", ""25016027B"", ""25031267B2"", ""25034327B2"", ""25034940B11"", ""25044694B"", ""25045625B1"", ""25051008B4""]"
nonadeno_small_cell_low,A low magnification histopathology image showing a diffuse small blue cell neuroendocrine tumor growth pattern.,adeno_papillary_high,A high magnification histopathology image showing adenocarcinoma cells lining fibrovascular cores.,low_concept::nonadeno_small_cell_low,high_concept::adeno_papillary_high,7,0.03608247422680412,0.0009151257732597657,4,3,high_scale_dominant_correct,1.0,0.0,"[""2471963-B"", ""2473218-B3"", ""2483993-B2"", ""25019273B"", ""25027290B2"", ""25027723B4"", ""25057865B1""]"
nonadeno_small_cell_low,A low magnification histopathology image showing a diffuse small blue cell neuroendocrine tumor growth pattern.,adeno_micropapillary_high,A high magnification histopathology image showing small floating clusters of adenocarcinoma cells without fibrovascular cores.,low_concept::nonadeno_small_cell_low,high_concept::adeno_micropapillary_high,7,0.03608247422680412,0.0002869673659999352,4,3,high_scale_dominant_correct,1.0,0.0,"[""2471963-B"", ""2473218-B3"", ""2483993-B2"", ""25019273B"", ""25027290B2"", ""25027723B4"", ""25057865B1""]"
nonadeno_inflammatory_low,A low magnification histopathology image showing inflammatory or granulomatous lung lesion without malignant glandular structures.,nonadeno_fibrosis_inflammation_high,A high magnification histopathology image showing fibrosis and chronic inflammatory infiltrates without adenocarcinoma cells.,low_concept::nonadeno_inflammatory_low,high_concept::nonadeno_fibrosis_inflammation_high,7,0.03608247422680412,5.2404767100942976e-05,7,0,weak_or_mixed_conflict,0.0,0.0,"[""2462478-B2"", ""2473621-B3"", ""2486687-B3"", ""25009756B2"", ""25015622B2"", ""25017355B1"", ""25026144B2""]"
nonadeno_inflammatory_low,A low magnification histopathology image showing inflammatory or granulomatous lung lesion without malignant glandular structures.,nonadeno_hamartoma_high,A high magnification histopathology image showing benign cartilage and respiratory epithelium in pulmonary hamartoma.,low_concept::nonadeno_inflammatory_low,high_concept::nonadeno_hamartoma_high,7,0.03608247422680412,1.5109388200950927e-05,4,3,consistent_correct_support,0.0,0.2857142857142857,"[""2462478-B2"", ""2471884-B2"", ""2487558-B2"", ""25017355B4"", ""25025076B"", ""25049999B2"", ""25063642B""]"
nonadeno_small_cell_low,A low magnification histopathology image showing a diffuse small blue cell neuroendocrine tumor growth pattern.,nonadeno_sarcomatoid_high,A high magnification histopathology image showing spindle-shaped malignant tumor cells.,low_concept::nonadeno_small_cell_low,high_concept::nonadeno_sarcomatoid_high,7,0.03608247422680412,4.536770271912573e-06,7,0,consistent_correct_support,0.0,0.0,"[""2473212-B4"", ""2483850-B2"", ""25015191B3"", ""25020556B4"", ""25029425B"", ""25029425B2"", ""25029737B2""]"
nonadeno_sarcomatoid_low,A low magnification histopathology image showing sarcomatoid carcinoma with spindle cell morphology.,nonadeno_chondromyxoid_matrix_high,A high magnification histopathology image showing chondromyxoid matrix and benign stromal elements in pulmonary hamartoma.,low_concept::nonadeno_sarcomatoid_low,high_concept::nonadeno_chondromyxoid_matrix_high,7,0.03608247422680412,1.0350244332231962e-06,6,1,consistent_correct_support,0.0,0.0,"[""25025076B"", ""25026782B3"", ""25027131B2"", ""25027181B3"", ""25045625B3"", ""25045829B2"", ""25049999B2""]"
adeno_lepidic,A low magnification histopathology image showing lung adenocarcinoma with lepidic growth pattern.,nonadeno_intercellular_bridges_high,A high magnification histopathology image showing squamous cell carcinoma with intercellular bridges.,low_concept::adeno_lepidic,high_concept::nonadeno_intercellular_bridges_high,6,0.030927835051546393,0.004143968157749267,6,0,high_scale_dominant_correct,0.8333333333333334,0.0,"[""2466264-B2"", ""25034940B11"", ""25035354B3"", ""25044694B"", ""25051008B4"", ""25059686B2""]"
nonadeno_hamartoma_low,A low magnification histopathology image showing pulmonary hamartoma with cartilage and benign mesenchymal components.,adeno_prominent_nucleoli_high,A high magnification histopathology image showing gland-forming adenocarcinoma cells with vesicular chromatin and prominent nucleoli.,low_concept::nonadeno_hamartoma_low,high_concept::adeno_prominent_nucleoli_high,6,0.030927835051546393,0.0010487159116430037,5,1,high_scale_dominant_correct,1.0,0.0,"[""2477977-B3"", ""2485969-B2"", ""25019273B"", ""25021622B4"", ""25024310B3"", ""25027135B3""]"
adeno_lepidic,A low magnification histopathology image showing lung adenocarcinoma with lepidic growth pattern.,nonadeno_keratinization_high,A high magnification histopathology image showing squamous cell carcinoma with keratinization and keratin pearls.,low_concept::adeno_lepidic,high_concept::nonadeno_keratinization_high,6,0.030927835051546393,0.0006626681669350947,6,0,high_scale_dominant_correct,0.8333333333333334,0.0,"[""2466264-B2"", ""25034940B11"", ""25035354B3"", ""25044694B"", ""25051008B4"", ""25059686B2""]"
nonadeno_small_cell_low,A low magnification histopathology image showing a diffuse small blue cell neuroendocrine tumor growth pattern.,adeno_atypical_glands_high,A high magnification histopathology image showing atypical gland-forming tumor cells with pseudostratified nuclei.,low_concept::nonadeno_small_cell_low,high_concept::adeno_atypical_glands_high,6,0.030927835051546393,0.0005386681198035049,4,2,high_scale_dominant_correct,1.0,0.0,"[""2471963-B"", ""2473218-B3"", ""2483993-B2"", ""25027290B2"", ""25027723B4"", ""25057865B1""]"
adeno_lepidic,A low magnification histopathology image showing lung adenocarcinoma with lepidic growth pattern.,nonadeno_dense_eosinophilic_cytoplasm_high,A high magnification histopathology image showing squamous carcinoma cells with dense eosinophilic cytoplasm and distinct cell borders.,low_concept::adeno_lepidic,high_concept::nonadeno_dense_eosinophilic_cytoplasm_high,6,0.030927835051546393,0.00026637810135742024,6,0,high_scale_dominant_correct,0.8333333333333334,0.0,"[""2466264-B2"", ""25034940B11"", ""25035354B3"", ""25044694B"", ""25051008B4"", ""25059686B2""]"
nonadeno_small_cell_low,A low magnification histopathology image showing a diffuse small blue cell neuroendocrine tumor growth pattern.,adeno_fused_glands_high,A high magnification histopathology image showing fused back-to-back adenocarcinoma glands with little intervening stroma.,low_concept::nonadeno_small_cell_low,high_concept::adeno_fused_glands_high,6,0.030927835051546393,0.0001177462491740425,4,2,high_scale_dominant_correct,1.0,0.0,"[""2471963-B"", ""2473218-B3"", ""2483993-B2"", ""25027290B2"", ""25027723B4"", ""25057865B1""]"
nonadeno_metastatic_low,A low magnification histopathology image showing metastatic tumor in the lung without primary lung adenocarcinoma morphology.,nonadeno_hamartoma_high,A high magnification histopathology image showing benign cartilage and respiratory epithelium in pulmonary hamartoma.,low_concept::nonadeno_metastatic_low,high_concept::nonadeno_hamartoma_high,6,0.030927835051546393,4.310701101752402e-05,5,1,weak_or_mixed_conflict,0.0,0.16666666666666666,"[""2462478-B2"", ""2471957-B"", ""2473534-B2"", ""2484727-B2"", ""2488050-B3"", ""25015422B""]"
nonadeno_fibroinflammatory_low,A low magnification histopathology image showing a fibroinflammatory lung lesion with scarring and no malignant gland formation.,adeno_prominent_nucleoli_high,A high magnification histopathology image showing gland-forming adenocarcinoma cells with vesicular chromatin and prominent nucleoli.,low_concept::nonadeno_fibroinflammatory_low,high_concept::adeno_prominent_nucleoli_high,6,0.030927835051546393,2.595004140389041e-05,5,1,high_scale_dominant_correct,1.0,0.0,"[""2477977-B3"", ""2485969-B2"", ""25019273B"", ""25021622B4"", ""25024310B3"", ""25027135B3""]"
nonadeno_solid_nests_low,A low magnification histopathology image showing solid non-gland-forming tumor nests without adenocarcinoma-type acinar structures.,nonadeno_chondromyxoid_matrix_high,A high magnification histopathology image showing chondromyxoid matrix and benign stromal elements in pulmonary hamartoma.,low_concept::nonadeno_solid_nests_low,high_concept::nonadeno_chondromyxoid_matrix_high,6,0.030927835051546393,1.4341262898595923e-05,6,0,consistent_correct_support,0.0,0.0,"[""2487053-B2"", ""25021277B4"", ""25030334B2"", ""25030988B4"", ""25046631B2"", ""25050888B2""]"
nonadeno_small_cell_low,A low magnification histopathology image showing a diffuse small blue cell neuroendocrine tumor growth pattern.,nonadeno_spindle_atypia_high,A high magnification histopathology image showing atypical spindle tumor cells without gland formation or mucin production.,low_concept::nonadeno_small_cell_low,high_concept::nonadeno_spindle_atypia_high,6,0.030927835051546393,3.078274128434987e-06,6,0,consistent_correct_support,0.0,0.0,"[""25015191B3"", ""25016031B2"", ""25020556B4"", ""25029425B"", ""25029737B2"", ""25055784B2""]"
nonadeno_sarcomatoid_low,A low magnification histopathology image showing sarcomatoid carcinoma with spindle cell morphology.,nonadeno_spindle_atypia_high,A high magnification histopathology image showing atypical spindle tumor cells without gland formation or mucin production.,low_concept::nonadeno_sarcomatoid_low,high_concept::nonadeno_spindle_atypia_high,6,0.030927835051546393,2.751214993681625e-06,6,0,consistent_correct_support,0.0,0.0,"[""25015191B3"", ""25016031B2"", ""25020556B4"", ""25025954B3"", ""25029425B"", ""25055784B2""]"
nonadeno_hamartoma_low,A low magnification histopathology image showing pulmonary hamartoma with cartilage and benign mesenchymal components.,nonadeno_neuroendocrine_high,A high magnification histopathology image showing neuroendocrine tumor cells with salt-and-pepper chromatin.,low_concept::nonadeno_hamartoma_low,high_concept::nonadeno_neuroendocrine_high,5,0.02577319587628866,0.0011304896530137474,5,0,weak_or_mixed_conflict,0.0,0.0,"[""2468673-B2"", ""2469029-B2"", ""2488769-B2"", ""25014124B2"", ""25029425B2""]"
nonadeno_hamartoma_low,A low magnification histopathology image showing pulmonary hamartoma with cartilage and benign mesenchymal components.,adeno_acinar_high,A high magnification histopathology image showing adenocarcinoma cells forming glandular lumina.,low_concept::nonadeno_hamartoma_low,high_concept::adeno_acinar_high,5,0.02577319587628866,0.0009294982393738768,3,2,high_scale_dominant_correct,1.0,0.0,"[""2465397-B"", ""2477189-B3"", ""2489203-B"", ""25023972B3"", ""25027723B4""]"
nonadeno_sarcomatoid_low,A low magnification histopathology image showing sarcomatoid carcinoma with spindle cell morphology.,adeno_hobnail_high,A high magnification histopathology image showing hobnail-like adenocarcinoma cells lining alveolar spaces.,low_concept::nonadeno_sarcomatoid_low,high_concept::adeno_hobnail_high,5,0.02577319587628866,4.885658987868705e-05,4,1,high_scale_dominant_correct,1.0,0.0,"[""2471963-B"", ""2474150-B3"", ""2483993-B2"", ""25019273B"", ""25025510B3""]"
nonadeno_fibroinflammatory_low,A low magnification histopathology image showing a fibroinflammatory lung lesion with scarring and no malignant gland formation.,adeno_acinar_high,A high magnification histopathology image showing adenocarcinoma cells forming glandular lumina.,low_concept::nonadeno_fibroinflammatory_low,high_concept::adeno_acinar_high,5,0.02577319587628866,1.752614228589595e-05,3,2,high_scale_dominant_correct,1.0,0.0,"[""2465397-B"", ""2477189-B3"", ""2489203-B"", ""25023972B3"", ""25027723B4""]"
nonadeno_fibroinflammatory_low,A low magnification histopathology image showing a fibroinflammatory lung lesion with scarring and no malignant gland formation.,nonadeno_neuroendocrine_high,A high magnification histopathology image showing neuroendocrine tumor cells with salt-and-pepper chromatin.,low_concept::nonadeno_fibroinflammatory_low,high_concept::nonadeno_neuroendocrine_high,5,0.02577319587628866,1.532206043100193e-05,5,0,weak_or_mixed_conflict,0.0,0.0,"[""2468673-B2"", ""2469029-B2"", ""2488769-B2"", ""25014124B2"", ""25029425B2""]"
nonadeno_organoid_neuroendocrine_low,A low magnification histopathology image showing organoid nests and trabeculae consistent with neuroendocrine morphology.,adeno_mucinous_high,A high magnification histopathology image showing adenocarcinoma cells with mucin production and mucinous cytoplasm.,low_concept::nonadeno_organoid_neuroendocrine_low,high_concept::adeno_mucinous_high,5,0.02577319587628866,1.4264339722646967e-05,5,0,high_scale_dominant_correct,1.0,0.0,"[""2460628-B2"", ""2475022-B"", ""25017211B2"", ""25022278B2"", ""25023936B2""]"
nonadeno_metastatic_low,A low magnification histopathology image showing metastatic tumor in the lung without primary lung adenocarcinoma morphology.,nonadeno_chondromyxoid_matrix_high,A high magnification histopathology image showing chondromyxoid matrix and benign stromal elements in pulmonary hamartoma.,low_concept::nonadeno_metastatic_low,high_concept::nonadeno_chondromyxoid_matrix_high,5,0.02577319587628866,1.2681219388575978e-05,5,0,consistent_correct_support,0.0,0.0,"[""2487053-B2"", ""25030334B2"", ""25046631B2"", ""25050888B2"", ""25055778B2""]"
nonadeno_inflammatory_low,A low magnification histopathology image showing inflammatory or granulomatous lung lesion without malignant glandular structures.,nonadeno_neuroendocrine_high,A high magnification histopathology image showing neuroendocrine tumor cells with salt-and-pepper chromatin.,low_concept::nonadeno_inflammatory_low,high_concept::nonadeno_neuroendocrine_high,5,0.02577319587628866,5.486439434586528e-06,5,0,weak_or_mixed_conflict,0.0,0.0,"[""2468673-B2"", ""2469029-B2"", ""2488769-B2"", ""25014124B2"", ""25029425B2""]"
nonadeno_organoid_neuroendocrine_low,A low magnification histopathology image showing organoid nests and trabeculae consistent with neuroendocrine morphology.,nonadeno_intercellular_bridges_high,A high magnification histopathology image showing squamous cell carcinoma with intercellular bridges.,low_concept::nonadeno_organoid_neuroendocrine_low,high_concept::nonadeno_intercellular_bridges_high,4,0.020618556701030927,0.003344942924357986,4,0,weak_or_mixed_conflict,0.0,0.0,"[""2484727-B2"", ""2488050-B3"", ""25021260B2"", ""25050888B2""]"
adeno_solid,A low magnification histopathology image showing lung adenocarcinoma with solid growth pattern.,adeno_papillary_high,A high magnification histopathology image showing adenocarcinoma cells lining fibrovascular cores.,low_concept::adeno_solid,high_concept::adeno_papillary_high,4,0.020618556701030927,0.000738603958380748,4,0,consistent_correct_support,0.0,0.0,"[""2465608-B2"", ""2474291-B2"", ""2482883-B2"", ""25024855B4""]"
nonadeno_hamartoma_low,A low magnification histopathology image showing pulmonary hamartoma with cartilage and benign mesenchymal components.,adeno_lepidic_high,A high magnification histopathology image showing lepidic tumor cells growing along alveolar septa.,low_concept::nonadeno_hamartoma_low,high_concept::adeno_lepidic_high,4,0.020618556701030927,0.000695744459059179,3,1,high_scale_dominant_correct,1.0,0.0,"[""2471452-B2"", ""2471959-B2"", ""25023936B2"", ""25033447B4""]"
adeno_desmoplastic_invasion_low,A low magnification histopathology image showing invasive adenocarcinoma glands within desmoplastic stroma.,adeno_papillary_high,A high magnification histopathology image showing adenocarcinoma cells lining fibrovascular cores.,low_concept::adeno_desmoplastic_invasion_low,high_concept::adeno_papillary_high,4,0.020618556701030927,0.0006312851533304261,4,0,consistent_correct_support,0.0,0.0,"[""2465608-B2"", ""2474291-B2"", ""2482883-B2"", ""25024855B4""]"
adeno_solid,A low magnification histopathology image showing lung adenocarcinoma with solid growth pattern.,adeno_atypical_glands_high,A high magnification histopathology image showing atypical gland-forming tumor cells with pseudostratified nuclei.,low_concept::adeno_solid,high_concept::adeno_atypical_glands_high,4,0.020618556701030927,0.0006161758525140759,4,0,consistent_correct_support,0.0,0.0,"[""2465608-B2"", ""2474291-B2"", ""2482883-B2"", ""25024855B4""]"
nonadeno_organoid_neuroendocrine_low,A low magnification histopathology image showing organoid nests and trabeculae consistent with neuroendocrine morphology.,nonadeno_keratinization_high,A high magnification histopathology image showing squamous cell carcinoma with keratinization and keratin pearls.,low_concept::nonadeno_organoid_neuroendocrine_low,high_concept::nonadeno_keratinization_high,4,0.020618556701030927,0.0005874154497378608,4,0,weak_or_mixed_conflict,0.0,0.0,"[""2484727-B2"", ""2488050-B3"", ""25021260B2"", ""25050888B2""]"
adeno_multifocal_glandular_low,A low magnification histopathology image showing multifocal irregular glandular proliferation consistent with lung adenocarcinoma.,adeno_papillary_high,A high magnification histopathology image showing adenocarcinoma cells lining fibrovascular cores.,low_concept::adeno_multifocal_glandular_low,high_concept::adeno_papillary_high,4,0.020618556701030927,0.0005869947594711559,4,0,consistent_correct_support,0.0,0.0,"[""2465608-B2"", ""2474291-B2"", ""2482883-B2"", ""25024855B4""]"
adeno_desmoplastic_invasion_low,A low magnification histopathology image showing invasive adenocarcinoma glands within desmoplastic stroma.,adeno_atypical_glands_high,A high magnification histopathology image showing atypical gland-forming tumor cells with pseudostratified nuclei.,low_concept::adeno_desmoplastic_invasion_low,high_concept::adeno_atypical_glands_high,4,0.020618556701030927,0.000508857047463754,4,0,consistent_correct_support,0.0,0.0,"[""2465608-B2"", ""2474291-B2"", ""2482883-B2"", ""25024855B4""]"
adeno_multifocal_glandular_low,A low magnification histopathology image showing multifocal irregular glandular proliferation consistent with lung adenocarcinoma.,adeno_atypical_glands_high,A high magnification histopathology image showing atypical gland-forming tumor cells with pseudostratified nuclei.,low_concept::adeno_multifocal_glandular_low,high_concept::adeno_atypical_glands_high,4,0.020618556701030927,0.0004645666536044836,4,0,consistent_correct_support,0.0,0.0,"[""2465608-B2"", ""2474291-B2"", ""2482883-B2"", ""25024855B4""]"
nonadeno_organoid_neuroendocrine_low,A low magnification histopathology image showing organoid nests and trabeculae consistent with neuroendocrine morphology.,nonadeno_dense_eosinophilic_cytoplasm_high,A high magnification histopathology image showing squamous carcinoma cells with dense eosinophilic cytoplasm and distinct cell borders.,low_concept::nonadeno_organoid_neuroendocrine_low,high_concept::nonadeno_dense_eosinophilic_cytoplasm_high,4,0.020618556701030927,0.00030129612617354085,4,0,weak_or_mixed_conflict,0.0,0.0,"[""2484727-B2"", ""2488050-B3"", ""25021260B2"", ""25050888B2""]"
adeno_solid,A low magnification histopathology image showing lung adenocarcinoma with solid growth pattern.,adeno_fused_glands_high,A high magnification histopathology image showing fused back-to-back adenocarcinoma glands with little intervening stroma.,low_concept::adeno_solid,high_concept::adeno_fused_glands_high,4,0.020618556701030927,0.000276195422290336,4,0,consistent_correct_support,0.0,0.0,"[""2465608-B2"", ""2474291-B2"", ""2482883-B2"", ""25024855B4""]"
adeno_mucinous,A low magnification histopathology image showing mucinous lung adenocarcinoma with extracellular mucin pools.,adeno_papillary_high,A high magnification histopathology image showing adenocarcinoma cells lining fibrovascular cores.,low_concept::adeno_mucinous,high_concept::adeno_papillary_high,4,0.020618556701030927,0.00016978420213231742,4,0,consistent_correct_support,0.0,0.0,"[""2465608-B2"", ""2474291-B2"", ""2482883-B2"", ""25024855B4""]"
adeno_desmoplastic_invasion_low,A low magnification histopathology image showing invasive adenocarcinoma glands within desmoplastic stroma.,adeno_fused_glands_high,A high magnification histopathology image showing fused back-to-back adenocarcinoma glands with little intervening stroma.,low_concept::adeno_desmoplastic_invasion_low,high_concept::adeno_fused_glands_high,4,0.020618556701030927,0.0001688766172400141,4,0,consistent_correct_support,0.0,0.0,"[""2465608-B2"", ""2474291-B2"", ""2482883-B2"", ""25024855B4""]"
adeno_solid,A low magnification histopathology image showing lung adenocarcinoma with solid growth pattern.,nonadeno_sarcomatoid_high,A high magnification histopathology image showing spindle-shaped malignant tumor cells.,low_concept::adeno_solid,high_concept::nonadeno_sarcomatoid_high,4,0.020618556701030927,0.00014671953883145386,4,0,high_scale_dominant_correct,1.0,0.0,"[""25035354B3"", ""25044694B"", ""25045625B1"", ""25051008B4""]"
adeno_multifocal_glandular_low,A low magnification histopathology image showing multifocal irregular glandular proliferation consistent with lung adenocarcinoma.,adeno_fused_glands_high,A high magnification histopathology image showing fused back-to-back adenocarcinoma glands with little intervening stroma.,low_concept::adeno_multifocal_glandular_low,high_concept::adeno_fused_glands_high,4,0.020618556701030927,0.00012458622338074385,4,0,consistent_correct_support,0.0,0.0,"[""2465608-B2"", ""2474291-B2"", ""2482883-B2"", ""25024855B4""]"
adeno_desmoplastic_invasion_low,A low magnification histopathology image showing invasive adenocarcinoma glands within desmoplastic stroma.,nonadeno_sarcomatoid_high,A high magnification histopathology image showing spindle-shaped malignant tumor cells.,low_concept::adeno_desmoplastic_invasion_low,high_concept::nonadeno_sarcomatoid_high,4,0.020618556701030927,6.0055508128232436e-05,4,0,high_scale_dominant_correct,1.0,0.0,"[""25035354B3"", ""25044694B"", ""25045625B1"", ""25051008B4""]"
adeno_mucinous,A low magnification histopathology image showing mucinous lung adenocarcinoma with extracellular mucin pools.,adeno_atypical_glands_high,A high magnification histopathology image showing atypical gland-forming tumor cells with pseudostratified nuclei.,low_concept::adeno_mucinous,high_concept::adeno_atypical_glands_high,4,0.020618556701030927,4.735609626564525e-05,4,0,consistent_correct_support,0.0,0.0,"[""2465608-B2"", ""2474291-B2"", ""2482883-B2"", ""25024855B4""]"
nonadeno_metastatic_low,A low magnification histopathology image showing metastatic tumor in the lung without primary lung adenocarcinoma morphology.,adeno_prominent_nucleoli_high,A high magnification histopathology image showing gland-forming adenocarcinoma cells with vesicular chromatin and prominent nucleoli.,low_concept::nonadeno_metastatic_low,high_concept::adeno_prominent_nucleoli_high,4,0.020618556701030927,4.0077747226491934e-05,4,0,high_scale_dominant_correct,1.0,0.0,"[""2485969-B2"", ""25021622B4"", ""25024310B3"", ""25027135B3""]"
nonadeno_solid_nests_low,A low magnification histopathology image showing solid non-gland-forming tumor nests without adenocarcinoma-type acinar structures.,adeno_prominent_nucleoli_high,A high magnification histopathology image showing gland-forming adenocarcinoma cells with vesicular chromatin and prominent nucleoli.,low_concept::nonadeno_solid_nests_low,high_concept::adeno_prominent_nucleoli_high,4,0.020618556701030927,3.6459810378229024e-05,4,0,high_scale_dominant_correct,1.0,0.0,"[""2485969-B2"", ""25021622B4"", ""25024310B3"", ""25027135B3""]"
adeno_multifocal_glandular_low,A low magnification histopathology image showing multifocal irregular glandular proliferation consistent with lung adenocarcinoma.,nonadeno_sarcomatoid_high,A high magnification histopathology image showing spindle-shaped malignant tumor cells.,low_concept::adeno_multifocal_glandular_low,high_concept::nonadeno_sarcomatoid_high,4,0.020618556701030927,3.592592877865887e-05,4,0,high_scale_dominant_correct,1.0,0.0,"[""25035354B3"", ""25044694B"", ""25045625B1"", ""25051008B4""]"
nonadeno_solid_nests_low,A low magnification histopathology image showing solid non-gland-forming tumor nests without adenocarcinoma-type acinar structures.,nonadeno_neuroendocrine_high,A high magnification histopathology image showing neuroendocrine tumor cells with salt-and-pepper chromatin.,low_concept::nonadeno_solid_nests_low,high_concept::nonadeno_neuroendocrine_high,4,0.020618556701030927,2.68977886172016e-05,4,0,weak_or_mixed_conflict,0.0,0.0,"[""2468673-B2"", ""2469029-B2"", ""2488769-B2"", ""25014124B2""]"
nonadeno_benign_reactive_low,A low magnification histopathology image showing benign reactive lung tissue changes without adenocarcinoma morphology.,adeno_prominent_nucleoli_high,A high magnification histopathology image showing gland-forming adenocarcinoma cells with vesicular chromatin and prominent nucleoli.,low_concept::nonadeno_benign_reactive_low,high_concept::adeno_prominent_nucleoli_high,4,0.020618556701030927,1.509260778927942e-05,3,1,high_scale_dominant_correct,1.0,0.0,"[""2477977-B3"", ""2485969-B2"", ""25019273B"", ""25021622B4""]"
nonadeno_sarcomatoid_low,A low magnification histopathology image showing sarcomatoid carcinoma with spindle cell morphology.,nonadeno_hamartoma_high,A high magnification histopathology image showing benign cartilage and respiratory epithelium in pulmonary hamartoma.,low_concept::nonadeno_sarcomatoid_low,high_concept::nonadeno_hamartoma_high,4,0.020618556701030927,1.218993440469097e-05,2,2,consistent_correct_support,0.0,0.25,"[""2471884-B2"", ""25022013B"", ""25025076B"", ""25049999B2""]"
nonadeno_benign_reactive_low,A low magnification histopathology image showing benign reactive lung tissue changes without adenocarcinoma morphology.,adeno_acinar_high,A high magnification histopathology image showing adenocarcinoma cells forming glandular lumina.,low_concept::nonadeno_benign_reactive_low,high_concept::adeno_acinar_high,4,0.020618556701030927,1.1549207839041768e-05,2,2,high_scale_dominant_correct,1.0,0.0,"[""2477189-B3"", ""2489203-B"", ""25023972B3"", ""25027723B4""]"
nonadeno_sarcomatoid_low,A low magnification histopathology image showing sarcomatoid carcinoma with spindle cell morphology.,adeno_mucinous_high,A high magnification histopathology image showing adenocarcinoma cells with mucin production and mucinous cytoplasm.,low_concept::nonadeno_sarcomatoid_low,high_concept::adeno_mucinous_high,4,0.020618556701030927,1.0524663249066748e-05,3,1,high_scale_dominant_correct,1.0,0.0,"[""2473218-B3"", ""25014684B"", ""25027290B2"", ""25057865B1""]"
nonadeno_fibroinflammatory_low,A low magnification histopathology image showing a fibroinflammatory lung lesion with scarring and no malignant gland formation.,adeno_lepidic_high,A high magnification histopathology image showing lepidic tumor cells growing along alveolar septa.,low_concept::nonadeno_fibroinflammatory_low,high_concept::adeno_lepidic_high,4,0.020618556701030927,6.358239251534832e-06,3,1,high_scale_dominant_correct,1.0,0.0,"[""2471452-B2"", ""2471959-B2"", ""25023936B2"", ""25033447B4""]"
nonadeno_small_cell_low,A low magnification histopathology image showing a diffuse small blue cell neuroendocrine tumor growth pattern.,nonadeno_chondroid_matrix_high,A high magnification histopathology image showing chondroid or myxochondroid matrix characteristic of hamartomatous morphology.,low_concept::nonadeno_small_cell_low,high_concept::nonadeno_chondroid_matrix_high,4,0.020618556701030927,4.106026263610004e-06,4,0,consistent_correct_support,0.0,0.0,"[""2483850-B2"", ""25016031B2"", ""25027131B2"", ""25055784B2""]"
adeno_mucinous,A low magnification histopathology image showing mucinous lung adenocarcinoma with extracellular mucin pools.,adeno_fused_glands_high,A high magnification histopathology image showing fused back-to-back adenocarcinoma glands with little intervening stroma.,low_concept::adeno_mucinous,high_concept::adeno_fused_glands_high,4,0.020618556701030927,-0.00029262433395809453,4,0,consistent_correct_support,0.0,0.0,"[""2465608-B2"", ""2474291-B2"", ""2482883-B2"", ""25024855B4""]"
adeno_mucinous,A low magnification histopathology image showing mucinous lung adenocarcinoma with extracellular mucin pools.,nonadeno_sarcomatoid_high,A high magnification histopathology image showing spindle-shaped malignant tumor cells.,low_concept::adeno_mucinous,high_concept::nonadeno_sarcomatoid_high,4,0.020618556701030927,-0.0005461579892865983,4,0,high_scale_dominant_correct,1.0,0.0,"[""25035354B3"", ""25044694B"", ""25045625B1"", ""25051008B4""]"
adeno_solid,A low magnification histopathology image showing lung adenocarcinoma with solid growth pattern.,nonadeno_hamartoma_high,A high magnification histopathology image showing benign cartilage and respiratory epithelium in pulmonary hamartoma.,low_concept::adeno_solid,high_concept::nonadeno_hamartoma_high,3,0.015463917525773196,0.00034769952386969516,3,0,high_scale_dominant_correct,1.0,0.0,"[""2485632-B"", ""25016027B"", ""25034327B2""]"
adeno_solid,A low magnification histopathology image showing lung adenocarcinoma with solid growth pattern.,adeno_micropapillary_high,A high magnification histopathology image showing small floating clusters of adenocarcinoma cells without fibrovascular cores.,low_concept::adeno_solid,high_concept::adeno_micropapillary_high,3,0.015463917525773196,0.0003312407837339798,3,0,consistent_correct_support,0.0,0.0,"[""2465608-B2"", ""2474291-B2"", ""25024855B4""]"
adeno_desmoplastic_invasion_low,A low magnification histopathology image showing invasive adenocarcinoma glands within desmoplastic stroma.,adeno_micropapillary_high,A high magnification histopathology image showing small floating clusters of adenocarcinoma cells without fibrovascular cores.,low_concept::adeno_desmoplastic_invasion_low,high_concept::adeno_micropapillary_high,3,0.015463917525773196,0.00025737288910029953,3,0,consistent_correct_support,0.0,0.0,"[""2465608-B2"", ""2474291-B2"", ""25024855B4""]"
adeno_solid,A low magnification histopathology image showing lung adenocarcinoma with solid growth pattern.,nonadeno_spindle_atypia_high,A high magnification histopathology image showing atypical spindle tumor cells without gland formation or mucin production.,low_concept::adeno_solid,high_concept::nonadeno_spindle_atypia_high,3,0.015463917525773196,0.000241390510039988,3,0,high_scale_dominant_correct,1.0,0.0,"[""25034940B11"", ""25035354B3"", ""25059686B2""]"
adeno_multifocal_glandular_low,A low magnification histopathology image showing multifocal irregular glandular proliferation consistent with lung adenocarcinoma.,adeno_micropapillary_high,A high magnification histopathology image showing small floating clusters of adenocarcinoma cells without fibrovascular cores.,low_concept::adeno_multifocal_glandular_low,high_concept::adeno_micropapillary_high,3,0.015463917525773196,0.00022124266464514957,3,0,consistent_correct_support,0.0,0.0,"[""2465608-B2"", ""2474291-B2"", ""25024855B4""]"
adeno_desmoplastic_invasion_low,A low magnification histopathology image showing invasive adenocarcinoma glands within desmoplastic stroma.,nonadeno_hamartoma_high,A high magnification histopathology image showing benign cartilage and respiratory epithelium in pulmonary hamartoma.,low_concept::adeno_desmoplastic_invasion_low,high_concept::nonadeno_hamartoma_high,3,0.015463917525773196,0.0001623875768864821,3,0,high_scale_dominant_correct,1.0,0.0,"[""2485632-B"", ""25016027B"", ""25034327B2""]"
adeno_multifocal_glandular_low,A low magnification histopathology image showing multifocal irregular glandular proliferation consistent with lung adenocarcinoma.,nonadeno_hamartoma_high,A high magnification histopathology image showing benign cartilage and respiratory epithelium in pulmonary hamartoma.,low_concept::adeno_multifocal_glandular_low,high_concept::nonadeno_hamartoma_high,3,0.015463917525773196,0.00010406444956411285,3,0,high_scale_dominant_correct,1.0,0.0,"[""2485632-B"", ""25016027B"", ""25034327B2""]"
adeno_desmoplastic_invasion_low,A low magnification histopathology image showing invasive adenocarcinoma glands within desmoplastic stroma.,nonadeno_spindle_atypia_high,A high magnification histopathology image showing atypical spindle tumor cells without gland formation or mucin production.,low_concept::adeno_desmoplastic_invasion_low,high_concept::nonadeno_spindle_atypia_high,3,0.015463917525773196,0.00010158180914357548,3,0,high_scale_dominant_correct,1.0,0.0,"[""25034940B11"", ""25035354B3"", ""25059686B2""]"
nonadeno_small_cell_low,A low magnification histopathology image showing a diffuse small blue cell neuroendocrine tumor growth pattern.,adeno_hobnail_high,A high magnification histopathology image showing hobnail-like adenocarcinoma cells lining alveolar spaces.,low_concept::nonadeno_small_cell_low,high_concept::adeno_hobnail_high,3,0.015463917525773196,4.988079158516047e-05,2,1,high_scale_dominant_correct,1.0,0.0,"[""2471963-B"", ""2483993-B2"", ""25019273B""]"
adeno_multifocal_glandular_low,A low magnification histopathology image showing multifocal irregular glandular proliferation consistent with lung adenocarcinoma.,nonadeno_spindle_atypia_high,A high magnification histopathology image showing atypical spindle tumor cells without gland formation or mucin production.,low_concept::adeno_multifocal_glandular_low,high_concept::nonadeno_spindle_atypia_high,3,0.015463917525773196,4.03748534300242e-05,3,0,high_scale_dominant_correct,1.0,0.0,"[""25034940B11"", ""25035354B3"", ""25059686B2""]"
nonadeno_solid_nests_low,A low magnification histopathology image showing solid non-gland-forming tumor nests without adenocarcinoma-type acinar structures.,adeno_acinar_high,A high magnification histopathology image showing adenocarcinoma cells forming glandular lumina.,low_concept::nonadeno_solid_nests_low,high_concept::adeno_acinar_high,3,0.015463917525773196,3.973674029817085e-05,2,1,high_scale_dominant_correct,1.0,0.0,"[""2465397-B"", ""2489203-B"", ""25023972B3""]"
nonadeno_metastatic_low,A low magnification histopathology image showing metastatic tumor in the lung without primary lung adenocarcinoma morphology.,adeno_acinar_high,A high magnification histopathology image showing adenocarcinoma cells forming glandular lumina.,low_concept::nonadeno_metastatic_low,high_concept::adeno_acinar_high,3,0.015463917525773196,3.0264201674055135e-05,2,1,high_scale_dominant_correct,1.0,0.0,"[""2465397-B"", ""2489203-B"", ""25023972B3""]"
nonadeno_metastatic_low,A low magnification histopathology image showing metastatic tumor in the lung without primary lung adenocarcinoma morphology.,adeno_lepidic_high,A high magnification histopathology image showing lepidic tumor cells growing along alveolar septa.,low_concept::nonadeno_metastatic_low,high_concept::adeno_lepidic_high,3,0.015463917525773196,2.512505871299302e-05,2,1,high_scale_dominant_correct,1.0,0.0,"[""2471452-B2"", ""25023936B2"", ""25033447B4""]"
nonadeno_metastatic_low,A low magnification histopathology image showing metastatic tumor in the lung without primary lung adenocarcinoma morphology.,nonadeno_neuroendocrine_high,A high magnification histopathology image showing neuroendocrine tumor cells with salt-and-pepper chromatin.,low_concept::nonadeno_metastatic_low,high_concept::nonadeno_neuroendocrine_high,3,0.015463917525773196,2.3938958975157733e-05,3,0,weak_or_mixed_conflict,0.0,0.0,"[""2469029-B2"", ""2488769-B2"", ""25014124B2""]"
nonadeno_solid_nests_low,A low magnification histopathology image showing solid non-gland-forming tumor nests without adenocarcinoma-type acinar structures.,adeno_lepidic_high,A high magnification histopathology image showing lepidic tumor cells growing along alveolar septa.,low_concept::nonadeno_solid_nests_low,high_concept::adeno_lepidic_high,3,0.015463917525773196,1.652837888951941e-05,2,1,high_scale_dominant_correct,1.0,0.0,"[""2471452-B2"", ""25023936B2"", ""25033447B4""]"
nonadeno_small_cell_low,A low magnification histopathology image showing a diffuse small blue cell neuroendocrine tumor growth pattern.,adeno_mucinous_high,A high magnification histopathology image showing adenocarcinoma cells with mucin production and mucinous cytoplasm.,low_concept::nonadeno_small_cell_low,high_concept::adeno_mucinous_high,3,0.015463917525773196,1.133242250428186e-05,2,1,high_scale_dominant_correct,1.0,0.0,"[""2473218-B3"", ""25027290B2"", ""25057865B1""]"
nonadeno_benign_reactive_low,A low magnification histopathology image showing benign reactive lung tissue changes without adenocarcinoma morphology.,adeno_lepidic_high,A high magnification histopathology image showing lepidic tumor cells growing along alveolar septa.,low_concept::nonadeno_benign_reactive_low,high_concept::adeno_lepidic_high,3,0.015463917525773196,7.586370120726202e-07,2,1,high_scale_dominant_correct,1.0,0.0,"[""2471452-B2"", ""2471959-B2"", ""25033447B4""]"
adeno_lepidic,A low magnification histopathology image showing lung adenocarcinoma with lepidic growth pattern.,nonadeno_sarcomatoid_high,A high magnification histopathology image showing spindle-shaped malignant tumor cells.,low_concept::adeno_lepidic,high_concept::nonadeno_sarcomatoid_high,3,0.015463917525773196,-3.7478004004710344e-05,3,0,high_scale_dominant_correct,1.0,0.0,"[""25035354B3"", ""25044694B"", ""25051008B4""]"
adeno_lepidic,A low magnification histopathology image showing lung adenocarcinoma with lepidic growth pattern.,nonadeno_spindle_atypia_high,A high magnification histopathology image showing atypical spindle tumor cells without gland formation or mucin production.,low_concept::adeno_lepidic,high_concept::nonadeno_spindle_atypia_high,3,0.015463917525773196,-4.141477989487181e-05,3,0,high_scale_dominant_correct,1.0,0.0,"[""25034940B11"", ""25035354B3"", ""25059686B2""]"
adeno_lepidic,A low magnification histopathology image showing lung adenocarcinoma with lepidic growth pattern.,nonadeno_chondroid_matrix_high,A high magnification histopathology image showing chondroid or myxochondroid matrix characteristic of hamartomatous morphology.,low_concept::adeno_lepidic,high_concept::nonadeno_chondroid_matrix_high,3,0.015463917525773196,-4.180213881880366e-05,3,0,high_scale_dominant_correct,1.0,0.0,"[""25034940B11"", ""25044694B"", ""25051008B4""]"
adeno_mucinous,A low magnification histopathology image showing mucinous lung adenocarcinoma with extracellular mucin pools.,nonadeno_hamartoma_high,A high magnification histopathology image showing benign cartilage and respiratory epithelium in pulmonary hamartoma.,low_concept::adeno_mucinous,high_concept::nonadeno_hamartoma_high,3,0.015463917525773196,-8.730102473544119e-05,3,0,high_scale_dominant_correct,1.0,0.0,"[""2485632-B"", ""25016027B"", ""25034327B2""]"
adeno_mucinous,A low magnification histopathology image showing mucinous lung adenocarcinoma with extracellular mucin pools.,adeno_micropapillary_high,A high magnification histopathology image showing small floating clusters of adenocarcinoma cells without fibrovascular cores.,low_concept::adeno_mucinous,high_concept::adeno_micropapillary_high,3,0.015463917525773196,-0.0002592066108469013,3,0,consistent_correct_support,0.0,0.0,"[""2465608-B2"", ""2474291-B2"", ""25024855B4""]"
adeno_mucinous,A low magnification histopathology image showing mucinous lung adenocarcinoma with extracellular mucin pools.,nonadeno_spindle_atypia_high,A high magnification histopathology image showing atypical spindle tumor cells without gland formation or mucin production.,low_concept::adeno_mucinous,high_concept::nonadeno_spindle_atypia_high,3,0.015463917525773196,-0.0005603506392770947,3,0,high_scale_dominant_correct,1.0,0.0,"[""25034940B11"", ""25035354B3"", ""25059686B2""]"
