slide_id,in_dataset_csv,has_5x_feature,has_20x_feature,has_both_5x_20x,low_feature_path,high_feature_path
2460239-B2,True,True,True,True,/xiangmu/data/VILMIL/features_biomedclip_5x/2460239-B2.h5,/xiangmu/data/VILMIL/features_biomedclip_20x/2460239-B2.h5
2460242-B2,True,True,True,True,/xiangmu/data/VILMIL/features_biomedclip_5x/2460242-B2.h5,/xiangmu/data/VILMIL/features_biomedclip_20x/2460242-B2.h5
2460399-B2,True,True,True,True,/xiangmu/data/VILMIL/features_biomedclip_5x/2460399-B2.h5,/xiangmu/data/VILMIL/features_biomedclip_20x/2460399-B2.h5
2460404-B3,True,True,True,True,/xiangmu/data/VILMIL/features_biomedclip_5x/2460404-B3.h5,/xiangmu/data/VILMIL/features_biomedclip_20x/2460404-B3.h5
2460405-B2,True,True,True,True,/xiangmu/data/VILMIL/features_biomedclip_5x/2460405-B2.h5,/xiangmu/data/VILMIL/features_biomedclip_20x/2460405-B2.h5
2460591-B2,True,True,True,True,/xiangmu/data/VILMIL/features_biomedclip_5x/2460591-B2.h5,/xiangmu/data/VILMIL/features_biomedclip_20x/2460591-B2.h5
2460602-B,True,True,True,True,/xiangmu/data/VILMIL/features_biomedclip_5x/2460602-B.h5,/xiangmu/data/VILMIL/features_biomedclip_20x/2460602-B.h5
2460628-B2,True,True,True,True,/xiangmu/data/VILMIL/features_biomedclip_5x/2460628-B2.h5,/xiangmu/data/VILMIL/features_biomedclip_20x/2460628-B2.h5
2460641-B2,True,True,True,True,/xiangmu/data/VILMIL/features_biomedclip_5x/2460641-B2.h5,/xiangmu/data/VILMIL/features_biomedclip_20x/2460641-B2.h5
2460643-B,True,True,True,True,/xiangmu/data/VILMIL/features_biomedclip_5x/2460643-B.h5,/xiangmu/data/VILMIL/features_biomedclip_20x/2460643-B.h5
2460753-B2,True,True,True,True,/xiangmu/data/VILMIL/features_biomedclip_5x/2460753-B2.h5,/xiangmu/data/VILMIL/features_biomedclip_20x/2460753-B2.h5
2460770-B2,True,True,True,True,/xiangmu/data/VILMIL/features_biomedclip_5x/2460770-B2.h5,/xiangmu/data/VILMIL/features_biomedclip_20x/2460770-B2.h5
2460949-B3,True,True,True,True,/xiangmu/data/VILMIL/features_biomedclip_5x/2460949-B3.h5,/xiangmu/data/VILMIL/features_biomedclip_20x/2460949-B3.h5
2460960-B,True,True,True,True,/xiangmu/data/VILMIL/features_biomedclip_5x/2460960-B.h5,/xiangmu/data/VILMIL/features_biomedclip_20x/2460960-B.h5
2460974-B2,True,True,True,True,/xiangmu/data/VILMIL/features_biomedclip_5x/2460974-B2.h5,/xiangmu/data/VILMIL/features_biomedclip_20x/2460974-B2.h5
2461002-B2,True,True,True,True,/xiangmu/data/VILMIL/features_biomedclip_5x/2461002-B2.h5,/xiangmu/data/VILMIL/features_biomedclip_20x/2461002-B2.h5
2461487-B2,True,True,True,True,/xiangmu/data/VILMIL/features_biomedclip_5x/2461487-B2.h5,/xiangmu/data/VILMIL/features_biomedclip_20x/2461487-B2.h5
2461671-B2,True,True,True,True,/xiangmu/data/VILMIL/features_biomedclip_5x/2461671-B2.h5,/xiangmu/data/VILMIL/features_biomedclip_20x/2461671-B2.h5
2461672-B2,True,True,True,True,/xiangmu/data/VILMIL/features_biomedclip_5x/2461672-B2.h5,/xiangmu/data/VILMIL/features_biomedclip_20x/2461672-B2.h5
2461677-B2,True,True,True,True,/xiangmu/data/VILMIL/features_biomedclip_5x/2461677-B2.h5,/xiangmu/data/VILMIL/features_biomedclip_20x/2461677-B2.h5
2461698-B,True,True,True,True,/xiangmu/data/VILMIL/features_biomedclip_5x/2461698-B.h5,/xiangmu/data/VILMIL/features_biomedclip_20x/2461698-B.h5
2461700-B2,True,True,True,True,/xiangmu/data/VILMIL/features_biomedclip_5x/2461700-B2.h5,/xiangmu/data/VILMIL/features_biomedclip_20x/2461700-B2.h5
2461703-B3,True,True,True,True,/xiangmu/data/VILMIL/features_biomedclip_5x/2461703-B3.h5,/xiangmu/data/VILMIL/features_biomedclip_20x/2461703-B3.h5
2461718-B3,True,True,True,True,/xiangmu/data/VILMIL/features_biomedclip_5x/2461718-B3.h5,/xiangmu/data/VILMIL/features_biomedclip_20x/2461718-B3.h5
2461755-B3,True,True,True,True,/xiangmu/data/VILMIL/features_biomedclip_5x/2461755-B3.h5,/xiangmu/data/VILMIL/features_biomedclip_20x/2461755-B3.h5
2461836-B2,True,True,True,True,/xiangmu/data/VILMIL/features_biomedclip_5x/2461836-B2.h5,/xiangmu/data/VILMIL/features_biomedclip_20x/2461836-B2.h5
2461857-B2,True,True,True,True,/xiangmu/data/VILMIL/features_biomedclip_5x/2461857-B2.h5,/xiangmu/data/VILMIL/features_biomedclip_20x/2461857-B2.h5
2461861-B2,True,True,True,True,/xiangmu/data/VILMIL/features_biomedclip_5x/2461861-B2.h5,/xiangmu/data/VILMIL/features_biomedclip_20x/2461861-B2.h5
2462123-B2,True,True,True,True,/xiangmu/data/VILMIL/features_biomedclip_5x/2462123-B2.h5,/xiangmu/data/VILMIL/features_biomedclip_20x/2462123-B2.h5
2462170-B4,True,True,True,True,/xiangmu/data/VILMIL/features_biomedclip_5x/2462170-B4.h5,/xiangmu/data/VILMIL/features_biomedclip_20x/2462170-B4.h5
2462290-B2,True,True,True,True,/xiangmu/data/VILMIL/features_biomedclip_5x/2462290-B2.h5,/xiangmu/data/VILMIL/features_biomedclip_20x/2462290-B2.h5
2462293-B3,True,True,True,True,/xiangmu/data/VILMIL/features_biomedclip_5x/2462293-B3.h5,/xiangmu/data/VILMIL/features_biomedclip_20x/2462293-B3.h5
2462478-B2,True,True,True,True,/xiangmu/data/VILMIL/features_biomedclip_5x/2462478-B2.h5,/xiangmu/data/VILMIL/features_biomedclip_20x/2462478-B2.h5
2462483-B,True,True,True,True,/xiangmu/data/VILMIL/features_biomedclip_5x/2462483-B.h5,/xiangmu/data/VILMIL/features_biomedclip_20x/2462483-B.h5
2462598-B,True,True,True,True,/xiangmu/data/VILMIL/features_biomedclip_5x/2462598-B.h5,/xiangmu/data/VILMIL/features_biomedclip_20x/2462598-B.h5
2462614-B3,True,True,True,True,/xiangmu/data/VILMIL/features_biomedclip_5x/2462614-B3.h5,/xiangmu/data/VILMIL/features_biomedclip_20x/2462614-B3.h5
2462637-B2,True,True,True,True,/xiangmu/data/VILMIL/features_biomedclip_5x/2462637-B2.h5,/xiangmu/data/VILMIL/features_biomedclip_20x/2462637-B2.h5
2462830-B2,True,True,True,True,/xiangmu/data/VILMIL/features_biomedclip_5x/2462830-B2.h5,/xiangmu/data/VILMIL/features_biomedclip_20x/2462830-B2.h5
2462830-B4,True,True,True,True,/xiangmu/data/VILMIL/features_biomedclip_5x/2462830-B4.h5,/xiangmu/data/VILMIL/features_biomedclip_20x/2462830-B4.h5
2462840-B5,True,True,True,True,/xiangmu/data/VILMIL/features_biomedclip_5x/2462840-B5.h5,/xiangmu/data/VILMIL/features_biomedclip_20x/2462840-B5.h5
2462885-B2,True,True,True,True,/xiangmu/data/VILMIL/features_biomedclip_5x/2462885-B2.h5,/xiangmu/data/VILMIL/features_biomedclip_20x/2462885-B2.h5
2462920-B3,True,True,True,True,/xiangmu/data/VILMIL/features_biomedclip_5x/2462920-B3.h5,/xiangmu/data/VILMIL/features_biomedclip_20x/2462920-B3.h5
2462921-B,True,True,True,True,/xiangmu/data/VILMIL/features_biomedclip_5x/2462921-B.h5,/xiangmu/data/VILMIL/features_biomedclip_20x/2462921-B.h5
2462987-B2,True,True,True,True,/xiangmu/data/VILMIL/features_biomedclip_5x/2462987-B2.h5,/xiangmu/data/VILMIL/features_biomedclip_20x/2462987-B2.h5
2463126-B2,True,True,True,True,/xiangmu/data/VILMIL/features_biomedclip_5x/2463126-B2.h5,/xiangmu/data/VILMIL/features_biomedclip_20x/2463126-B2.h5
2463127-B3,True,True,True,True,/xiangmu/data/VILMIL/features_biomedclip_5x/2463127-B3.h5,/xiangmu/data/VILMIL/features_biomedclip_20x/2463127-B3.h5
2463135-B,True,True,True,True,/xiangmu/data/VILMIL/features_biomedclip_5x/2463135-B.h5,/xiangmu/data/VILMIL/features_biomedclip_20x/2463135-B.h5
2463187-B2,True,True,True,True,/xiangmu/data/VILMIL/features_biomedclip_5x/2463187-B2.h5,/xiangmu/data/VILMIL/features_biomedclip_20x/2463187-B2.h5
2463351-B4,True,True,True,True,/xiangmu/data/VILMIL/features_biomedclip_5x/2463351-B4.h5,/xiangmu/data/VILMIL/features_biomedclip_20x/2463351-B4.h5
2463370-B2,True,True,True,True,/xiangmu/data/VILMIL/features_biomedclip_5x/2463370-B2.h5,/xiangmu/data/VILMIL/features_biomedclip_20x/2463370-B2.h5
2463379-B4,True,True,True,True,/xiangmu/data/VILMIL/features_biomedclip_5x/2463379-B4.h5,/xiangmu/data/VILMIL/features_biomedclip_20x/2463379-B4.h5
2463404-B2,True,True,True,True,/xiangmu/data/VILMIL/features_biomedclip_5x/2463404-B2.h5,/xiangmu/data/VILMIL/features_biomedclip_20x/2463404-B2.h5
2463643-B,True,True,True,True,/xiangmu/data/VILMIL/features_biomedclip_5x/2463643-B.h5,/xiangmu/data/VILMIL/features_biomedclip_20x/2463643-B.h5
2463647-B2,True,True,True,True,/xiangmu/data/VILMIL/features_biomedclip_5x/2463647-B2.h5,/xiangmu/data/VILMIL/features_biomedclip_20x/2463647-B2.h5
2463656-B2,True,True,True,True,/xiangmu/data/VILMIL/features_biomedclip_5x/2463656-B2.h5,/xiangmu/data/VILMIL/features_biomedclip_20x/2463656-B2.h5
2463720-B7,True,True,True,True,/xiangmu/data/VILMIL/features_biomedclip_5x/2463720-B7.h5,/xiangmu/data/VILMIL/features_biomedclip_20x/2463720-B7.h5
2464404-B5,True,True,True,True,/xiangmu/data/VILMIL/features_biomedclip_5x/2464404-B5.h5,/xiangmu/data/VILMIL/features_biomedclip_20x/2464404-B5.h5
2464438-B5,True,True,True,True,/xiangmu/data/VILMIL/features_biomedclip_5x/2464438-B5.h5,/xiangmu/data/VILMIL/features_biomedclip_20x/2464438-B5.h5
2464443-B,True,True,True,True,/xiangmu/data/VILMIL/features_biomedclip_5x/2464443-B.h5,/xiangmu/data/VILMIL/features_biomedclip_20x/2464443-B.h5
2464548-B,True,True,True,True,/xiangmu/data/VILMIL/features_biomedclip_5x/2464548-B.h5,/xiangmu/data/VILMIL/features_biomedclip_20x/2464548-B.h5
2464690-B2,True,True,True,True,/xiangmu/data/VILMIL/features_biomedclip_5x/2464690-B2.h5,/xiangmu/data/VILMIL/features_biomedclip_20x/2464690-B2.h5
2464812-B3,True,True,True,True,/xiangmu/data/VILMIL/features_biomedclip_5x/2464812-B3.h5,/xiangmu/data/VILMIL/features_biomedclip_20x/2464812-B3.h5
2464817-B,True,True,True,True,/xiangmu/data/VILMIL/features_biomedclip_5x/2464817-B.h5,/xiangmu/data/VILMIL/features_biomedclip_20x/2464817-B.h5
2464879-B2,True,True,True,True,/xiangmu/data/VILMIL/features_biomedclip_5x/2464879-B2.h5,/xiangmu/data/VILMIL/features_biomedclip_20x/2464879-B2.h5
2464929-B,True,True,True,True,/xiangmu/data/VILMIL/features_biomedclip_5x/2464929-B.h5,/xiangmu/data/VILMIL/features_biomedclip_20x/2464929-B.h5
2464943-B2,True,True,True,True,/xiangmu/data/VILMIL/features_biomedclip_5x/2464943-B2.h5,/xiangmu/data/VILMIL/features_biomedclip_20x/2464943-B2.h5
2465202-B3,True,True,True,True,/xiangmu/data/VILMIL/features_biomedclip_5x/2465202-B3.h5,/xiangmu/data/VILMIL/features_biomedclip_20x/2465202-B3.h5
2465243-B2,True,True,True,True,/xiangmu/data/VILMIL/features_biomedclip_5x/2465243-B2.h5,/xiangmu/data/VILMIL/features_biomedclip_20x/2465243-B2.h5
2465263-B2,True,True,True,True,/xiangmu/data/VILMIL/features_biomedclip_5x/2465263-B2.h5,/xiangmu/data/VILMIL/features_biomedclip_20x/2465263-B2.h5
2465339-B2,True,True,True,True,/xiangmu/data/VILMIL/features_biomedclip_5x/2465339-B2.h5,/xiangmu/data/VILMIL/features_biomedclip_20x/2465339-B2.h5
2465367-B3,True,True,True,True,/xiangmu/data/VILMIL/features_biomedclip_5x/2465367-B3.h5,/xiangmu/data/VILMIL/features_biomedclip_20x/2465367-B3.h5
2465396-B2,True,True,True,True,/xiangmu/data/VILMIL/features_biomedclip_5x/2465396-B2.h5,/xiangmu/data/VILMIL/features_biomedclip_20x/2465396-B2.h5
2465397-B,True,True,True,True,/xiangmu/data/VILMIL/features_biomedclip_5x/2465397-B.h5,/xiangmu/data/VILMIL/features_biomedclip_20x/2465397-B.h5
2465568-B2,True,True,True,True,/xiangmu/data/VILMIL/features_biomedclip_5x/2465568-B2.h5,/xiangmu/data/VILMIL/features_biomedclip_20x/2465568-B2.h5
2465608-B2,True,True,True,True,/xiangmu/data/VILMIL/features_biomedclip_5x/2465608-B2.h5,/xiangmu/data/VILMIL/features_biomedclip_20x/2465608-B2.h5
2465625-B,True,True,True,True,/xiangmu/data/VILMIL/features_biomedclip_5x/2465625-B.h5,/xiangmu/data/VILMIL/features_biomedclip_20x/2465625-B.h5
2465636-B,True,True,True,True,/xiangmu/data/VILMIL/features_biomedclip_5x/2465636-B.h5,/xiangmu/data/VILMIL/features_biomedclip_20x/2465636-B.h5
2465639-B2,True,True,True,True,/xiangmu/data/VILMIL/features_biomedclip_5x/2465639-B2.h5,/xiangmu/data/VILMIL/features_biomedclip_20x/2465639-B2.h5
2465643-B3,True,True,True,True,/xiangmu/data/VILMIL/features_biomedclip_5x/2465643-B3.h5,/xiangmu/data/VILMIL/features_biomedclip_20x/2465643-B3.h5
2465661-B2,True,True,True,True,/xiangmu/data/VILMIL/features_biomedclip_5x/2465661-B2.h5,/xiangmu/data/VILMIL/features_biomedclip_20x/2465661-B2.h5
2465795-B4,True,True,True,True,/xiangmu/data/VILMIL/features_biomedclip_5x/2465795-B4.h5,/xiangmu/data/VILMIL/features_biomedclip_20x/2465795-B4.h5
2465827-B5,True,True,True,True,/xiangmu/data/VILMIL/features_biomedclip_5x/2465827-B5.h5,/xiangmu/data/VILMIL/features_biomedclip_20x/2465827-B5.h5
2465843-B2,True,True,True,True,/xiangmu/data/VILMIL/features_biomedclip_5x/2465843-B2.h5,/xiangmu/data/VILMIL/features_biomedclip_20x/2465843-B2.h5
2465989-B2,True,True,True,True,/xiangmu/data/VILMIL/features_biomedclip_5x/2465989-B2.h5,/xiangmu/data/VILMIL/features_biomedclip_20x/2465989-B2.h5
2466152-B2,True,True,True,True,/xiangmu/data/VILMIL/features_biomedclip_5x/2466152-B2.h5,/xiangmu/data/VILMIL/features_biomedclip_20x/2466152-B2.h5
2466159-B2,True,True,True,True,/xiangmu/data/VILMIL/features_biomedclip_5x/2466159-B2.h5,/xiangmu/data/VILMIL/features_biomedclip_20x/2466159-B2.h5
2466264-B2,True,True,True,True,/xiangmu/data/VILMIL/features_biomedclip_5x/2466264-B2.h5,/xiangmu/data/VILMIL/features_biomedclip_20x/2466264-B2.h5
2466285-B,True,True,True,True,/xiangmu/data/VILMIL/features_biomedclip_5x/2466285-B.h5,/xiangmu/data/VILMIL/features_biomedclip_20x/2466285-B.h5
2466580-B5,True,True,True,True,/xiangmu/data/VILMIL/features_biomedclip_5x/2466580-B5.h5,/xiangmu/data/VILMIL/features_biomedclip_20x/2466580-B5.h5
2466581-B1,True,True,True,True,/xiangmu/data/VILMIL/features_biomedclip_5x/2466581-B1.h5,/xiangmu/data/VILMIL/features_biomedclip_20x/2466581-B1.h5
2466581-B2,True,True,True,True,/xiangmu/data/VILMIL/features_biomedclip_5x/2466581-B2.h5,/xiangmu/data/VILMIL/features_biomedclip_20x/2466581-B2.h5
2466584-B,True,True,True,True,/xiangmu/data/VILMIL/features_biomedclip_5x/2466584-B.h5,/xiangmu/data/VILMIL/features_biomedclip_20x/2466584-B.h5
2466703-B4,True,True,True,True,/xiangmu/data/VILMIL/features_biomedclip_5x/2466703-B4.h5,/xiangmu/data/VILMIL/features_biomedclip_20x/2466703-B4.h5
2466718-B,True,True,True,True,/xiangmu/data/VILMIL/features_biomedclip_5x/2466718-B.h5,/xiangmu/data/VILMIL/features_biomedclip_20x/2466718-B.h5
2466866-B,True,True,True,True,/xiangmu/data/VILMIL/features_biomedclip_5x/2466866-B.h5,/xiangmu/data/VILMIL/features_biomedclip_20x/2466866-B.h5
2466881-B2,True,True,True,True,/xiangmu/data/VILMIL/features_biomedclip_5x/2466881-B2.h5,/xiangmu/data/VILMIL/features_biomedclip_20x/2466881-B2.h5
2466884-B2,True,True,True,True,/xiangmu/data/VILMIL/features_biomedclip_5x/2466884-B2.h5,/xiangmu/data/VILMIL/features_biomedclip_20x/2466884-B2.h5
2466891-B2,True,True,True,True,/xiangmu/data/VILMIL/features_biomedclip_5x/2466891-B2.h5,/xiangmu/data/VILMIL/features_biomedclip_20x/2466891-B2.h5
2466893-B2,True,True,True,True,/xiangmu/data/VILMIL/features_biomedclip_5x/2466893-B2.h5,/xiangmu/data/VILMIL/features_biomedclip_20x/2466893-B2.h5
2466898-B2,True,True,True,True,/xiangmu/data/VILMIL/features_biomedclip_5x/2466898-B2.h5,/xiangmu/data/VILMIL/features_biomedclip_20x/2466898-B2.h5
2466899-B2,True,True,True,True,/xiangmu/data/VILMIL/features_biomedclip_5x/2466899-B2.h5,/xiangmu/data/VILMIL/features_biomedclip_20x/2466899-B2.h5
2466923-B2,True,True,True,True,/xiangmu/data/VILMIL/features_biomedclip_5x/2466923-B2.h5,/xiangmu/data/VILMIL/features_biomedclip_20x/2466923-B2.h5
2468105-B2,True,True,True,True,/xiangmu/data/VILMIL/features_biomedclip_5x/2468105-B2.h5,/xiangmu/data/VILMIL/features_biomedclip_20x/2468105-B2.h5
2468321-B2,True,True,True,True,/xiangmu/data/VILMIL/features_biomedclip_5x/2468321-B2.h5,/xiangmu/data/VILMIL/features_biomedclip_20x/2468321-B2.h5
2468325-B,True,True,True,True,/xiangmu/data/VILMIL/features_biomedclip_5x/2468325-B.h5,/xiangmu/data/VILMIL/features_biomedclip_20x/2468325-B.h5
2468417-B2,True,True,True,True,/xiangmu/data/VILMIL/features_biomedclip_5x/2468417-B2.h5,/xiangmu/data/VILMIL/features_biomedclip_20x/2468417-B2.h5
2468419-B2,True,True,True,True,/xiangmu/data/VILMIL/features_biomedclip_5x/2468419-B2.h5,/xiangmu/data/VILMIL/features_biomedclip_20x/2468419-B2.h5
2468419-B3,True,True,True,True,/xiangmu/data/VILMIL/features_biomedclip_5x/2468419-B3.h5,/xiangmu/data/VILMIL/features_biomedclip_20x/2468419-B3.h5
2468442-B2,True,True,True,True,/xiangmu/data/VILMIL/features_biomedclip_5x/2468442-B2.h5,/xiangmu/data/VILMIL/features_biomedclip_20x/2468442-B2.h5
2468450-B2,True,True,True,True,/xiangmu/data/VILMIL/features_biomedclip_5x/2468450-B2.h5,/xiangmu/data/VILMIL/features_biomedclip_20x/2468450-B2.h5
2468673-B2,True,True,True,True,/xiangmu/data/VILMIL/features_biomedclip_5x/2468673-B2.h5,/xiangmu/data/VILMIL/features_biomedclip_20x/2468673-B2.h5
2468698-B2,True,True,True,True,/xiangmu/data/VILMIL/features_biomedclip_5x/2468698-B2.h5,/xiangmu/data/VILMIL/features_biomedclip_20x/2468698-B2.h5
2468720-B2,True,True,True,True,/xiangmu/data/VILMIL/features_biomedclip_5x/2468720-B2.h5,/xiangmu/data/VILMIL/features_biomedclip_20x/2468720-B2.h5
2468796-B3,True,True,True,True,/xiangmu/data/VILMIL/features_biomedclip_5x/2468796-B3.h5,/xiangmu/data/VILMIL/features_biomedclip_20x/2468796-B3.h5
2468954-B2,True,True,True,True,/xiangmu/data/VILMIL/features_biomedclip_5x/2468954-B2.h5,/xiangmu/data/VILMIL/features_biomedclip_20x/2468954-B2.h5
2469004-B2,True,True,True,True,/xiangmu/data/VILMIL/features_biomedclip_5x/2469004-B2.h5,/xiangmu/data/VILMIL/features_biomedclip_20x/2469004-B2.h5
2469005-B2,True,True,True,True,/xiangmu/data/VILMIL/features_biomedclip_5x/2469005-B2.h5,/xiangmu/data/VILMIL/features_biomedclip_20x/2469005-B2.h5
2469007-B2,True,True,True,True,/xiangmu/data/VILMIL/features_biomedclip_5x/2469007-B2.h5,/xiangmu/data/VILMIL/features_biomedclip_20x/2469007-B2.h5
2469019-B2,True,True,True,True,/xiangmu/data/VILMIL/features_biomedclip_5x/2469019-B2.h5,/xiangmu/data/VILMIL/features_biomedclip_20x/2469019-B2.h5
2469023-B2,True,True,True,True,/xiangmu/data/VILMIL/features_biomedclip_5x/2469023-B2.h5,/xiangmu/data/VILMIL/features_biomedclip_20x/2469023-B2.h5
2469023-B4,True,True,True,True,/xiangmu/data/VILMIL/features_biomedclip_5x/2469023-B4.h5,/xiangmu/data/VILMIL/features_biomedclip_20x/2469023-B4.h5
2469024-B,True,True,True,True,/xiangmu/data/VILMIL/features_biomedclip_5x/2469024-B.h5,/xiangmu/data/VILMIL/features_biomedclip_20x/2469024-B.h5
2469029-B2,True,True,True,True,/xiangmu/data/VILMIL/features_biomedclip_5x/2469029-B2.h5,/xiangmu/data/VILMIL/features_biomedclip_20x/2469029-B2.h5
2469033-B2,True,True,True,True,/xiangmu/data/VILMIL/features_biomedclip_5x/2469033-B2.h5,/xiangmu/data/VILMIL/features_biomedclip_20x/2469033-B2.h5
2469047-B2,True,True,True,True,/xiangmu/data/VILMIL/features_biomedclip_5x/2469047-B2.h5,/xiangmu/data/VILMIL/features_biomedclip_20x/2469047-B2.h5
2469072-B2,True,True,True,True,/xiangmu/data/VILMIL/features_biomedclip_5x/2469072-B2.h5,/xiangmu/data/VILMIL/features_biomedclip_20x/2469072-B2.h5
2469074-B2,True,True,True,True,/xiangmu/data/VILMIL/features_biomedclip_5x/2469074-B2.h5,/xiangmu/data/VILMIL/features_biomedclip_20x/2469074-B2.h5
2469110-B3,True,True,True,True,/xiangmu/data/VILMIL/features_biomedclip_5x/2469110-B3.h5,/xiangmu/data/VILMIL/features_biomedclip_20x/2469110-B3.h5
2469230-B,True,True,True,True,/xiangmu/data/VILMIL/features_biomedclip_5x/2469230-B.h5,/xiangmu/data/VILMIL/features_biomedclip_20x/2469230-B.h5
2469256-B2,True,True,True,True,/xiangmu/data/VILMIL/features_biomedclip_5x/2469256-B2.h5,/xiangmu/data/VILMIL/features_biomedclip_20x/2469256-B2.h5
2469260-B3,True,True,True,True,/xiangmu/data/VILMIL/features_biomedclip_5x/2469260-B3.h5,/xiangmu/data/VILMIL/features_biomedclip_20x/2469260-B3.h5
2469496-B,True,True,True,True,/xiangmu/data/VILMIL/features_biomedclip_5x/2469496-B.h5,/xiangmu/data/VILMIL/features_biomedclip_20x/2469496-B.h5
2469505-B2,True,True,True,True,/xiangmu/data/VILMIL/features_biomedclip_5x/2469505-B2.h5,/xiangmu/data/VILMIL/features_biomedclip_20x/2469505-B2.h5
2469515-B2,True,True,True,True,/xiangmu/data/VILMIL/features_biomedclip_5x/2469515-B2.h5,/xiangmu/data/VILMIL/features_biomedclip_20x/2469515-B2.h5
2469569-B2,True,True,True,True,/xiangmu/data/VILMIL/features_biomedclip_5x/2469569-B2.h5,/xiangmu/data/VILMIL/features_biomedclip_20x/2469569-B2.h5
2469661-B,True,True,True,True,/xiangmu/data/VILMIL/features_biomedclip_5x/2469661-B.h5,/xiangmu/data/VILMIL/features_biomedclip_20x/2469661-B.h5
2469693-B,True,True,True,True,/xiangmu/data/VILMIL/features_biomedclip_5x/2469693-B.h5,/xiangmu/data/VILMIL/features_biomedclip_20x/2469693-B.h5
2469849-B2,True,True,True,True,/xiangmu/data/VILMIL/features_biomedclip_5x/2469849-B2.h5,/xiangmu/data/VILMIL/features_biomedclip_20x/2469849-B2.h5
2469916-B2,True,True,True,True,/xiangmu/data/VILMIL/features_biomedclip_5x/2469916-B2.h5,/xiangmu/data/VILMIL/features_biomedclip_20x/2469916-B2.h5
2469927-B2,True,True,True,True,/xiangmu/data/VILMIL/features_biomedclip_5x/2469927-B2.h5,/xiangmu/data/VILMIL/features_biomedclip_20x/2469927-B2.h5
2469963-B2,True,True,True,True,/xiangmu/data/VILMIL/features_biomedclip_5x/2469963-B2.h5,/xiangmu/data/VILMIL/features_biomedclip_20x/2469963-B2.h5
2469965-B2,True,True,True,True,/xiangmu/data/VILMIL/features_biomedclip_5x/2469965-B2.h5,/xiangmu/data/VILMIL/features_biomedclip_20x/2469965-B2.h5
2469969-B2,True,True,True,True,/xiangmu/data/VILMIL/features_biomedclip_5x/2469969-B2.h5,/xiangmu/data/VILMIL/features_biomedclip_20x/2469969-B2.h5
2470260-B,True,True,True,True,/xiangmu/data/VILMIL/features_biomedclip_5x/2470260-B.h5,/xiangmu/data/VILMIL/features_biomedclip_20x/2470260-B.h5
2470270-B2,True,True,True,True,/xiangmu/data/VILMIL/features_biomedclip_5x/2470270-B2.h5,/xiangmu/data/VILMIL/features_biomedclip_20x/2470270-B2.h5
2470405-B2,True,True,True,True,/xiangmu/data/VILMIL/features_biomedclip_5x/2470405-B2.h5,/xiangmu/data/VILMIL/features_biomedclip_20x/2470405-B2.h5
2470647-B2,True,True,True,True,/xiangmu/data/VILMIL/features_biomedclip_5x/2470647-B2.h5,/xiangmu/data/VILMIL/features_biomedclip_20x/2470647-B2.h5
2470657-B3,True,True,True,True,/xiangmu/data/VILMIL/features_biomedclip_5x/2470657-B3.h5,/xiangmu/data/VILMIL/features_biomedclip_20x/2470657-B3.h5
2471072-B2,True,True,True,True,/xiangmu/data/VILMIL/features_biomedclip_5x/2471072-B2.h5,/xiangmu/data/VILMIL/features_biomedclip_20x/2471072-B2.h5
2471237-B2,True,True,True,True,/xiangmu/data/VILMIL/features_biomedclip_5x/2471237-B2.h5,/xiangmu/data/VILMIL/features_biomedclip_20x/2471237-B2.h5
2471442-B3,True,True,True,True,/xiangmu/data/VILMIL/features_biomedclip_5x/2471442-B3.h5,/xiangmu/data/VILMIL/features_biomedclip_20x/2471442-B3.h5
2471452-B2,True,True,True,True,/xiangmu/data/VILMIL/features_biomedclip_5x/2471452-B2.h5,/xiangmu/data/VILMIL/features_biomedclip_20x/2471452-B2.h5
2471595-B3,True,True,True,True,/xiangmu/data/VILMIL/features_biomedclip_5x/2471595-B3.h5,/xiangmu/data/VILMIL/features_biomedclip_20x/2471595-B3.h5
2471618-B3,True,True,True,True,/xiangmu/data/VILMIL/features_biomedclip_5x/2471618-B3.h5,/xiangmu/data/VILMIL/features_biomedclip_20x/2471618-B3.h5
2471884-B2,True,True,True,True,/xiangmu/data/VILMIL/features_biomedclip_5x/2471884-B2.h5,/xiangmu/data/VILMIL/features_biomedclip_20x/2471884-B2.h5
2471885-B2,True,True,True,True,/xiangmu/data/VILMIL/features_biomedclip_5x/2471885-B2.h5,/xiangmu/data/VILMIL/features_biomedclip_20x/2471885-B2.h5
2471887-B,True,True,True,True,/xiangmu/data/VILMIL/features_biomedclip_5x/2471887-B.h5,/xiangmu/data/VILMIL/features_biomedclip_20x/2471887-B.h5
2471921-B2,True,True,True,True,/xiangmu/data/VILMIL/features_biomedclip_5x/2471921-B2.h5,/xiangmu/data/VILMIL/features_biomedclip_20x/2471921-B2.h5
2471957-B,True,True,True,True,/xiangmu/data/VILMIL/features_biomedclip_5x/2471957-B.h5,/xiangmu/data/VILMIL/features_biomedclip_20x/2471957-B.h5
2471959-B2,True,True,True,True,/xiangmu/data/VILMIL/features_biomedclip_5x/2471959-B2.h5,/xiangmu/data/VILMIL/features_biomedclip_20x/2471959-B2.h5
2471963-B,True,True,True,True,/xiangmu/data/VILMIL/features_biomedclip_5x/2471963-B.h5,/xiangmu/data/VILMIL/features_biomedclip_20x/2471963-B.h5
2472316-B7,True,True,True,True,/xiangmu/data/VILMIL/features_biomedclip_5x/2472316-B7.h5,/xiangmu/data/VILMIL/features_biomedclip_20x/2472316-B7.h5
2472453-B2,True,True,True,True,/xiangmu/data/VILMIL/features_biomedclip_5x/2472453-B2.h5,/xiangmu/data/VILMIL/features_biomedclip_20x/2472453-B2.h5
2472465-B2,True,True,True,True,/xiangmu/data/VILMIL/features_biomedclip_5x/2472465-B2.h5,/xiangmu/data/VILMIL/features_biomedclip_20x/2472465-B2.h5
2472471-B2,True,True,True,True,/xiangmu/data/VILMIL/features_biomedclip_5x/2472471-B2.h5,/xiangmu/data/VILMIL/features_biomedclip_20x/2472471-B2.h5
2472481-B2,True,True,True,True,/xiangmu/data/VILMIL/features_biomedclip_5x/2472481-B2.h5,/xiangmu/data/VILMIL/features_biomedclip_20x/2472481-B2.h5
2472500-B2,True,True,True,True,/xiangmu/data/VILMIL/features_biomedclip_5x/2472500-B2.h5,/xiangmu/data/VILMIL/features_biomedclip_20x/2472500-B2.h5
2472505-B,True,True,True,True,/xiangmu/data/VILMIL/features_biomedclip_5x/2472505-B.h5,/xiangmu/data/VILMIL/features_biomedclip_20x/2472505-B.h5
2472509-B4,True,True,True,True,/xiangmu/data/VILMIL/features_biomedclip_5x/2472509-B4.h5,/xiangmu/data/VILMIL/features_biomedclip_20x/2472509-B4.h5
2472509-B6,True,True,True,True,/xiangmu/data/VILMIL/features_biomedclip_5x/2472509-B6.h5,/xiangmu/data/VILMIL/features_biomedclip_20x/2472509-B6.h5
2473212-B4,True,True,True,True,/xiangmu/data/VILMIL/features_biomedclip_5x/2473212-B4.h5,/xiangmu/data/VILMIL/features_biomedclip_20x/2473212-B4.h5
2473218-B2,True,True,True,True,/xiangmu/data/VILMIL/features_biomedclip_5x/2473218-B2.h5,/xiangmu/data/VILMIL/features_biomedclip_20x/2473218-B2.h5
2473218-B3,True,True,True,True,/xiangmu/data/VILMIL/features_biomedclip_5x/2473218-B3.h5,/xiangmu/data/VILMIL/features_biomedclip_20x/2473218-B3.h5
2473228-B2,True,True,True,True,/xiangmu/data/VILMIL/features_biomedclip_5x/2473228-B2.h5,/xiangmu/data/VILMIL/features_biomedclip_20x/2473228-B2.h5
2473266-B,True,True,True,True,/xiangmu/data/VILMIL/features_biomedclip_5x/2473266-B.h5,/xiangmu/data/VILMIL/features_biomedclip_20x/2473266-B.h5
2473272-B3,True,True,True,True,/xiangmu/data/VILMIL/features_biomedclip_5x/2473272-B3.h5,/xiangmu/data/VILMIL/features_biomedclip_20x/2473272-B3.h5
2473366-B2,True,True,True,True,/xiangmu/data/VILMIL/features_biomedclip_5x/2473366-B2.h5,/xiangmu/data/VILMIL/features_biomedclip_20x/2473366-B2.h5
2473394-B2,True,True,True,True,/xiangmu/data/VILMIL/features_biomedclip_5x/2473394-B2.h5,/xiangmu/data/VILMIL/features_biomedclip_20x/2473394-B2.h5
2473534-B2,True,True,True,True,/xiangmu/data/VILMIL/features_biomedclip_5x/2473534-B2.h5,/xiangmu/data/VILMIL/features_biomedclip_20x/2473534-B2.h5
2473545-B2,True,True,True,True,/xiangmu/data/VILMIL/features_biomedclip_5x/2473545-B2.h5,/xiangmu/data/VILMIL/features_biomedclip_20x/2473545-B2.h5
2473545-B3,True,True,True,True,/xiangmu/data/VILMIL/features_biomedclip_5x/2473545-B3.h5,/xiangmu/data/VILMIL/features_biomedclip_20x/2473545-B3.h5
2473549-B,True,True,True,True,/xiangmu/data/VILMIL/features_biomedclip_5x/2473549-B.h5,/xiangmu/data/VILMIL/features_biomedclip_20x/2473549-B.h5
2473600-B3,True,True,True,True,/xiangmu/data/VILMIL/features_biomedclip_5x/2473600-B3.h5,/xiangmu/data/VILMIL/features_biomedclip_20x/2473600-B3.h5
2473608-B2,True,True,True,True,/xiangmu/data/VILMIL/features_biomedclip_5x/2473608-B2.h5,/xiangmu/data/VILMIL/features_biomedclip_20x/2473608-B2.h5
2473621-B3,True,True,True,True,/xiangmu/data/VILMIL/features_biomedclip_5x/2473621-B3.h5,/xiangmu/data/VILMIL/features_biomedclip_20x/2473621-B3.h5
2473623-B2,True,True,True,True,/xiangmu/data/VILMIL/features_biomedclip_5x/2473623-B2.h5,/xiangmu/data/VILMIL/features_biomedclip_20x/2473623-B2.h5
2473738-B3,True,True,True,True,/xiangmu/data/VILMIL/features_biomedclip_5x/2473738-B3.h5,/xiangmu/data/VILMIL/features_biomedclip_20x/2473738-B3.h5
2474124-B2,True,True,True,True,/xiangmu/data/VILMIL/features_biomedclip_5x/2474124-B2.h5,/xiangmu/data/VILMIL/features_biomedclip_20x/2474124-B2.h5
2474140-B3,True,True,True,True,/xiangmu/data/VILMIL/features_biomedclip_5x/2474140-B3.h5,/xiangmu/data/VILMIL/features_biomedclip_20x/2474140-B3.h5
2474150-B3,True,True,True,True,/xiangmu/data/VILMIL/features_biomedclip_5x/2474150-B3.h5,/xiangmu/data/VILMIL/features_biomedclip_20x/2474150-B3.h5
2474188-B2,True,True,True,True,/xiangmu/data/VILMIL/features_biomedclip_5x/2474188-B2.h5,/xiangmu/data/VILMIL/features_biomedclip_20x/2474188-B2.h5
2474189-B7,True,True,True,True,/xiangmu/data/VILMIL/features_biomedclip_5x/2474189-B7.h5,/xiangmu/data/VILMIL/features_biomedclip_20x/2474189-B7.h5
2474291-B2,True,True,True,True,/xiangmu/data/VILMIL/features_biomedclip_5x/2474291-B2.h5,/xiangmu/data/VILMIL/features_biomedclip_20x/2474291-B2.h5
2474337-B3,True,True,True,True,/xiangmu/data/VILMIL/features_biomedclip_5x/2474337-B3.h5,/xiangmu/data/VILMIL/features_biomedclip_20x/2474337-B3.h5
2474500-B2,True,True,True,True,/xiangmu/data/VILMIL/features_biomedclip_5x/2474500-B2.h5,/xiangmu/data/VILMIL/features_biomedclip_20x/2474500-B2.h5
2474612-B2,True,True,True,True,/xiangmu/data/VILMIL/features_biomedclip_5x/2474612-B2.h5,/xiangmu/data/VILMIL/features_biomedclip_20x/2474612-B2.h5
2474626-B2,True,True,True,True,/xiangmu/data/VILMIL/features_biomedclip_5x/2474626-B2.h5,/xiangmu/data/VILMIL/features_biomedclip_20x/2474626-B2.h5
2474631-B3,True,True,True,True,/xiangmu/data/VILMIL/features_biomedclip_5x/2474631-B3.h5,/xiangmu/data/VILMIL/features_biomedclip_20x/2474631-B3.h5
2474638-B3,True,True,True,True,/xiangmu/data/VILMIL/features_biomedclip_5x/2474638-B3.h5,/xiangmu/data/VILMIL/features_biomedclip_20x/2474638-B3.h5
2474704-B2,True,True,True,True,/xiangmu/data/VILMIL/features_biomedclip_5x/2474704-B2.h5,/xiangmu/data/VILMIL/features_biomedclip_20x/2474704-B2.h5
2474718-B4,True,True,True,True,/xiangmu/data/VILMIL/features_biomedclip_5x/2474718-B4.h5,/xiangmu/data/VILMIL/features_biomedclip_20x/2474718-B4.h5
2474721-B,True,True,True,True,/xiangmu/data/VILMIL/features_biomedclip_5x/2474721-B.h5,/xiangmu/data/VILMIL/features_biomedclip_20x/2474721-B.h5
2474739-B2,True,True,True,True,/xiangmu/data/VILMIL/features_biomedclip_5x/2474739-B2.h5,/xiangmu/data/VILMIL/features_biomedclip_20x/2474739-B2.h5
2474901-B,True,True,True,True,/xiangmu/data/VILMIL/features_biomedclip_5x/2474901-B.h5,/xiangmu/data/VILMIL/features_biomedclip_20x/2474901-B.h5
2475011-B2,True,True,True,True,/xiangmu/data/VILMIL/features_biomedclip_5x/2475011-B2.h5,/xiangmu/data/VILMIL/features_biomedclip_20x/2475011-B2.h5
2475022-B,True,True,True,True,/xiangmu/data/VILMIL/features_biomedclip_5x/2475022-B.h5,/xiangmu/data/VILMIL/features_biomedclip_20x/2475022-B.h5
2475126-B2,True,True,True,True,/xiangmu/data/VILMIL/features_biomedclip_5x/2475126-B2.h5,/xiangmu/data/VILMIL/features_biomedclip_20x/2475126-B2.h5
2475159-B,True,True,True,True,/xiangmu/data/VILMIL/features_biomedclip_5x/2475159-B.h5,/xiangmu/data/VILMIL/features_biomedclip_20x/2475159-B.h5
2475184-B2,True,True,True,True,/xiangmu/data/VILMIL/features_biomedclip_5x/2475184-B2.h5,/xiangmu/data/VILMIL/features_biomedclip_20x/2475184-B2.h5
2475349-B2,True,True,True,True,/xiangmu/data/VILMIL/features_biomedclip_5x/2475349-B2.h5,/xiangmu/data/VILMIL/features_biomedclip_20x/2475349-B2.h5
2476242-B2,True,True,True,True,/xiangmu/data/VILMIL/features_biomedclip_5x/2476242-B2.h5,/xiangmu/data/VILMIL/features_biomedclip_20x/2476242-B2.h5
2476250-B2,True,True,True,True,/xiangmu/data/VILMIL/features_biomedclip_5x/2476250-B2.h5,/xiangmu/data/VILMIL/features_biomedclip_20x/2476250-B2.h5
2476252-B2,True,True,True,True,/xiangmu/data/VILMIL/features_biomedclip_5x/2476252-B2.h5,/xiangmu/data/VILMIL/features_biomedclip_20x/2476252-B2.h5
2476295-B3,True,True,True,True,/xiangmu/data/VILMIL/features_biomedclip_5x/2476295-B3.h5,/xiangmu/data/VILMIL/features_biomedclip_20x/2476295-B3.h5
2476358-B2,True,True,True,True,/xiangmu/data/VILMIL/features_biomedclip_5x/2476358-B2.h5,/xiangmu/data/VILMIL/features_biomedclip_20x/2476358-B2.h5
2476376-B2,True,True,True,True,/xiangmu/data/VILMIL/features_biomedclip_5x/2476376-B2.h5,/xiangmu/data/VILMIL/features_biomedclip_20x/2476376-B2.h5
2476391-B2,True,True,True,True,/xiangmu/data/VILMIL/features_biomedclip_5x/2476391-B2.h5,/xiangmu/data/VILMIL/features_biomedclip_20x/2476391-B2.h5
2476681-B2,True,True,True,True,/xiangmu/data/VILMIL/features_biomedclip_5x/2476681-B2.h5,/xiangmu/data/VILMIL/features_biomedclip_20x/2476681-B2.h5
2476750-B,True,True,True,True,/xiangmu/data/VILMIL/features_biomedclip_5x/2476750-B.h5,/xiangmu/data/VILMIL/features_biomedclip_20x/2476750-B.h5
2476834-B3,True,True,True,True,/xiangmu/data/VILMIL/features_biomedclip_5x/2476834-B3.h5,/xiangmu/data/VILMIL/features_biomedclip_20x/2476834-B3.h5
2476856-B2,True,True,True,True,/xiangmu/data/VILMIL/features_biomedclip_5x/2476856-B2.h5,/xiangmu/data/VILMIL/features_biomedclip_20x/2476856-B2.h5
2476983-B,True,True,True,True,/xiangmu/data/VILMIL/features_biomedclip_5x/2476983-B.h5,/xiangmu/data/VILMIL/features_biomedclip_20x/2476983-B.h5
2476984-B2,True,True,True,True,/xiangmu/data/VILMIL/features_biomedclip_5x/2476984-B2.h5,/xiangmu/data/VILMIL/features_biomedclip_20x/2476984-B2.h5
2477039-B,True,True,True,True,/xiangmu/data/VILMIL/features_biomedclip_5x/2477039-B.h5,/xiangmu/data/VILMIL/features_biomedclip_20x/2477039-B.h5
2477053-B3,True,True,True,True,/xiangmu/data/VILMIL/features_biomedclip_5x/2477053-B3.h5,/xiangmu/data/VILMIL/features_biomedclip_20x/2477053-B3.h5
2477058-B2,True,True,True,True,/xiangmu/data/VILMIL/features_biomedclip_5x/2477058-B2.h5,/xiangmu/data/VILMIL/features_biomedclip_20x/2477058-B2.h5
2477118-B3,True,True,True,True,/xiangmu/data/VILMIL/features_biomedclip_5x/2477118-B3.h5,/xiangmu/data/VILMIL/features_biomedclip_20x/2477118-B3.h5
2477118-B4,True,True,True,True,/xiangmu/data/VILMIL/features_biomedclip_5x/2477118-B4.h5,/xiangmu/data/VILMIL/features_biomedclip_20x/2477118-B4.h5
2477189-B2,True,True,True,True,/xiangmu/data/VILMIL/features_biomedclip_5x/2477189-B2.h5,/xiangmu/data/VILMIL/features_biomedclip_20x/2477189-B2.h5
2477189-B3,True,True,True,True,/xiangmu/data/VILMIL/features_biomedclip_5x/2477189-B3.h5,/xiangmu/data/VILMIL/features_biomedclip_20x/2477189-B3.h5
2477274-B3,True,True,True,True,/xiangmu/data/VILMIL/features_biomedclip_5x/2477274-B3.h5,/xiangmu/data/VILMIL/features_biomedclip_20x/2477274-B3.h5
2477285-B2,True,True,True,True,/xiangmu/data/VILMIL/features_biomedclip_5x/2477285-B2.h5,/xiangmu/data/VILMIL/features_biomedclip_20x/2477285-B2.h5
2477299-B2,True,True,True,True,/xiangmu/data/VILMIL/features_biomedclip_5x/2477299-B2.h5,/xiangmu/data/VILMIL/features_biomedclip_20x/2477299-B2.h5
2477473-B2,True,True,True,True,/xiangmu/data/VILMIL/features_biomedclip_5x/2477473-B2.h5,/xiangmu/data/VILMIL/features_biomedclip_20x/2477473-B2.h5
2477476-B2,True,True,True,True,/xiangmu/data/VILMIL/features_biomedclip_5x/2477476-B2.h5,/xiangmu/data/VILMIL/features_biomedclip_20x/2477476-B2.h5
2477541-B2,True,True,True,True,/xiangmu/data/VILMIL/features_biomedclip_5x/2477541-B2.h5,/xiangmu/data/VILMIL/features_biomedclip_20x/2477541-B2.h5
2477577-B3,True,True,True,True,/xiangmu/data/VILMIL/features_biomedclip_5x/2477577-B3.h5,/xiangmu/data/VILMIL/features_biomedclip_20x/2477577-B3.h5
2477668-B3,True,True,True,True,/xiangmu/data/VILMIL/features_biomedclip_5x/2477668-B3.h5,/xiangmu/data/VILMIL/features_biomedclip_20x/2477668-B3.h5
2477670-B2,True,True,True,True,/xiangmu/data/VILMIL/features_biomedclip_5x/2477670-B2.h5,/xiangmu/data/VILMIL/features_biomedclip_20x/2477670-B2.h5
2477695-B2,True,True,True,True,/xiangmu/data/VILMIL/features_biomedclip_5x/2477695-B2.h5,/xiangmu/data/VILMIL/features_biomedclip_20x/2477695-B2.h5
2477809-B3,True,True,True,True,/xiangmu/data/VILMIL/features_biomedclip_5x/2477809-B3.h5,/xiangmu/data/VILMIL/features_biomedclip_20x/2477809-B3.h5
2477814-B5,True,True,True,True,/xiangmu/data/VILMIL/features_biomedclip_5x/2477814-B5.h5,/xiangmu/data/VILMIL/features_biomedclip_20x/2477814-B5.h5
2477941-B2,True,True,True,True,/xiangmu/data/VILMIL/features_biomedclip_5x/2477941-B2.h5,/xiangmu/data/VILMIL/features_biomedclip_20x/2477941-B2.h5
2477949-B2,True,True,True,True,/xiangmu/data/VILMIL/features_biomedclip_5x/2477949-B2.h5,/xiangmu/data/VILMIL/features_biomedclip_20x/2477949-B2.h5
2477977-B3,True,True,True,True,/xiangmu/data/VILMIL/features_biomedclip_5x/2477977-B3.h5,/xiangmu/data/VILMIL/features_biomedclip_20x/2477977-B3.h5
2478091-B4,True,True,True,True,/xiangmu/data/VILMIL/features_biomedclip_5x/2478091-B4.h5,/xiangmu/data/VILMIL/features_biomedclip_20x/2478091-B4.h5
2481696-B4,True,True,True,True,/xiangmu/data/VILMIL/features_biomedclip_5x/2481696-B4.h5,/xiangmu/data/VILMIL/features_biomedclip_20x/2481696-B4.h5
2481703-B2,True,True,True,True,/xiangmu/data/VILMIL/features_biomedclip_5x/2481703-B2.h5,/xiangmu/data/VILMIL/features_biomedclip_20x/2481703-B2.h5
2481723-B2,True,True,True,True,/xiangmu/data/VILMIL/features_biomedclip_5x/2481723-B2.h5,/xiangmu/data/VILMIL/features_biomedclip_20x/2481723-B2.h5
2481750-B2,True,True,True,True,/xiangmu/data/VILMIL/features_biomedclip_5x/2481750-B2.h5,/xiangmu/data/VILMIL/features_biomedclip_20x/2481750-B2.h5
2482055-B2,True,True,True,True,/xiangmu/data/VILMIL/features_biomedclip_5x/2482055-B2.h5,/xiangmu/data/VILMIL/features_biomedclip_20x/2482055-B2.h5
2482056-B4,True,True,True,True,/xiangmu/data/VILMIL/features_biomedclip_5x/2482056-B4.h5,/xiangmu/data/VILMIL/features_biomedclip_20x/2482056-B4.h5
2482056-B9,True,True,True,True,/xiangmu/data/VILMIL/features_biomedclip_5x/2482056-B9.h5,/xiangmu/data/VILMIL/features_biomedclip_20x/2482056-B9.h5
2482461-B2,True,True,True,True,/xiangmu/data/VILMIL/features_biomedclip_5x/2482461-B2.h5,/xiangmu/data/VILMIL/features_biomedclip_20x/2482461-B2.h5
2482483-B2,True,True,True,True,/xiangmu/data/VILMIL/features_biomedclip_5x/2482483-B2.h5,/xiangmu/data/VILMIL/features_biomedclip_20x/2482483-B2.h5
2482607-B,True,True,True,True,/xiangmu/data/VILMIL/features_biomedclip_5x/2482607-B.h5,/xiangmu/data/VILMIL/features_biomedclip_20x/2482607-B.h5
2482886-B2,True,True,True,True,/xiangmu/data/VILMIL/features_biomedclip_5x/2482886-B2.h5,/xiangmu/data/VILMIL/features_biomedclip_20x/2482886-B2.h5
2482896-B2,True,True,True,True,/xiangmu/data/VILMIL/features_biomedclip_5x/2482896-B2.h5,/xiangmu/data/VILMIL/features_biomedclip_20x/2482896-B2.h5
2482947-B2,True,True,True,True,/xiangmu/data/VILMIL/features_biomedclip_5x/2482947-B2.h5,/xiangmu/data/VILMIL/features_biomedclip_20x/2482947-B2.h5
2482952-B2,True,True,True,True,/xiangmu/data/VILMIL/features_biomedclip_5x/2482952-B2.h5,/xiangmu/data/VILMIL/features_biomedclip_20x/2482952-B2.h5
2482956-B,True,True,True,True,/xiangmu/data/VILMIL/features_biomedclip_5x/2482956-B.h5,/xiangmu/data/VILMIL/features_biomedclip_20x/2482956-B.h5
2482957-B2,True,True,True,True,/xiangmu/data/VILMIL/features_biomedclip_5x/2482957-B2.h5,/xiangmu/data/VILMIL/features_biomedclip_20x/2482957-B2.h5
2482962-B2,True,True,True,True,/xiangmu/data/VILMIL/features_biomedclip_5x/2482962-B2.h5,/xiangmu/data/VILMIL/features_biomedclip_20x/2482962-B2.h5
2482964-B2,True,True,True,True,/xiangmu/data/VILMIL/features_biomedclip_5x/2482964-B2.h5,/xiangmu/data/VILMIL/features_biomedclip_20x/2482964-B2.h5
2482969-B,True,True,True,True,/xiangmu/data/VILMIL/features_biomedclip_5x/2482969-B.h5,/xiangmu/data/VILMIL/features_biomedclip_20x/2482969-B.h5
2482992-B,True,True,True,True,/xiangmu/data/VILMIL/features_biomedclip_5x/2482992-B.h5,/xiangmu/data/VILMIL/features_biomedclip_20x/2482992-B.h5
2483014-B4,True,True,True,True,/xiangmu/data/VILMIL/features_biomedclip_5x/2483014-B4.h5,/xiangmu/data/VILMIL/features_biomedclip_20x/2483014-B4.h5
2483055-B2,True,True,True,True,/xiangmu/data/VILMIL/features_biomedclip_5x/2483055-B2.h5,/xiangmu/data/VILMIL/features_biomedclip_20x/2483055-B2.h5
2483211-B2,True,True,True,True,/xiangmu/data/VILMIL/features_biomedclip_5x/2483211-B2.h5,/xiangmu/data/VILMIL/features_biomedclip_20x/2483211-B2.h5
2483215-B5,True,True,True,True,/xiangmu/data/VILMIL/features_biomedclip_5x/2483215-B5.h5,/xiangmu/data/VILMIL/features_biomedclip_20x/2483215-B5.h5
2483215-B6,True,True,True,True,/xiangmu/data/VILMIL/features_biomedclip_5x/2483215-B6.h5,/xiangmu/data/VILMIL/features_biomedclip_20x/2483215-B6.h5
2483220-B1,True,True,True,True,/xiangmu/data/VILMIL/features_biomedclip_5x/2483220-B1.h5,/xiangmu/data/VILMIL/features_biomedclip_20x/2483220-B1.h5
2483363-B3,True,True,True,True,/xiangmu/data/VILMIL/features_biomedclip_5x/2483363-B3.h5,/xiangmu/data/VILMIL/features_biomedclip_20x/2483363-B3.h5
2483768-B4,True,True,True,True,/xiangmu/data/VILMIL/features_biomedclip_5x/2483768-B4.h5,/xiangmu/data/VILMIL/features_biomedclip_20x/2483768-B4.h5
2483846-B,True,True,True,True,/xiangmu/data/VILMIL/features_biomedclip_5x/2483846-B.h5,/xiangmu/data/VILMIL/features_biomedclip_20x/2483846-B.h5
2483862-B2,True,True,True,True,/xiangmu/data/VILMIL/features_biomedclip_5x/2483862-B2.h5,/xiangmu/data/VILMIL/features_biomedclip_20x/2483862-B2.h5
2483868-B4,True,True,True,True,/xiangmu/data/VILMIL/features_biomedclip_5x/2483868-B4.h5,/xiangmu/data/VILMIL/features_biomedclip_20x/2483868-B4.h5
2483961-B3,True,True,True,True,/xiangmu/data/VILMIL/features_biomedclip_5x/2483961-B3.h5,/xiangmu/data/VILMIL/features_biomedclip_20x/2483961-B3.h5
2483973-B1,True,True,True,True,/xiangmu/data/VILMIL/features_biomedclip_5x/2483973-B1.h5,/xiangmu/data/VILMIL/features_biomedclip_20x/2483973-B1.h5
2483993-B2,True,True,True,True,/xiangmu/data/VILMIL/features_biomedclip_5x/2483993-B2.h5,/xiangmu/data/VILMIL/features_biomedclip_20x/2483993-B2.h5
2484004-B2,True,True,True,True,/xiangmu/data/VILMIL/features_biomedclip_5x/2484004-B2.h5,/xiangmu/data/VILMIL/features_biomedclip_20x/2484004-B2.h5
2484209-B2,True,True,True,True,/xiangmu/data/VILMIL/features_biomedclip_5x/2484209-B2.h5,/xiangmu/data/VILMIL/features_biomedclip_20x/2484209-B2.h5
2484220-B3,True,True,True,True,/xiangmu/data/VILMIL/features_biomedclip_5x/2484220-B3.h5,/xiangmu/data/VILMIL/features_biomedclip_20x/2484220-B3.h5
2484228-B,True,True,True,True,/xiangmu/data/VILMIL/features_biomedclip_5x/2484228-B.h5,/xiangmu/data/VILMIL/features_biomedclip_20x/2484228-B.h5
2484301-B2,True,True,True,True,/xiangmu/data/VILMIL/features_biomedclip_5x/2484301-B2.h5,/xiangmu/data/VILMIL/features_biomedclip_20x/2484301-B2.h5
2484312-B2,True,True,True,True,/xiangmu/data/VILMIL/features_biomedclip_5x/2484312-B2.h5,/xiangmu/data/VILMIL/features_biomedclip_20x/2484312-B2.h5
2484463-B2,True,True,True,True,/xiangmu/data/VILMIL/features_biomedclip_5x/2484463-B2.h5,/xiangmu/data/VILMIL/features_biomedclip_20x/2484463-B2.h5
2484633-B2,True,True,True,True,/xiangmu/data/VILMIL/features_biomedclip_5x/2484633-B2.h5,/xiangmu/data/VILMIL/features_biomedclip_20x/2484633-B2.h5
2484727-B2,True,True,True,True,/xiangmu/data/VILMIL/features_biomedclip_5x/2484727-B2.h5,/xiangmu/data/VILMIL/features_biomedclip_20x/2484727-B2.h5
2484734-B4,True,True,True,True,/xiangmu/data/VILMIL/features_biomedclip_5x/2484734-B4.h5,/xiangmu/data/VILMIL/features_biomedclip_20x/2484734-B4.h5
2484734-B5,True,True,True,True,/xiangmu/data/VILMIL/features_biomedclip_5x/2484734-B5.h5,/xiangmu/data/VILMIL/features_biomedclip_20x/2484734-B5.h5
2484743-B4,True,True,True,True,/xiangmu/data/VILMIL/features_biomedclip_5x/2484743-B4.h5,/xiangmu/data/VILMIL/features_biomedclip_20x/2484743-B4.h5
2484771-B3,True,True,True,True,/xiangmu/data/VILMIL/features_biomedclip_5x/2484771-B3.h5,/xiangmu/data/VILMIL/features_biomedclip_20x/2484771-B3.h5
2484791-B3,True,True,True,True,/xiangmu/data/VILMIL/features_biomedclip_5x/2484791-B3.h5,/xiangmu/data/VILMIL/features_biomedclip_20x/2484791-B3.h5
2484883-B2,True,True,True,True,/xiangmu/data/VILMIL/features_biomedclip_5x/2484883-B2.h5,/xiangmu/data/VILMIL/features_biomedclip_20x/2484883-B2.h5
2485059-B2,True,True,True,True,/xiangmu/data/VILMIL/features_biomedclip_5x/2485059-B2.h5,/xiangmu/data/VILMIL/features_biomedclip_20x/2485059-B2.h5
2485259-B6,True,True,True,True,/xiangmu/data/VILMIL/features_biomedclip_5x/2485259-B6.h5,/xiangmu/data/VILMIL/features_biomedclip_20x/2485259-B6.h5
2485275-B2,True,True,True,True,/xiangmu/data/VILMIL/features_biomedclip_5x/2485275-B2.h5,/xiangmu/data/VILMIL/features_biomedclip_20x/2485275-B2.h5
2485303-B2,True,True,True,True,/xiangmu/data/VILMIL/features_biomedclip_5x/2485303-B2.h5,/xiangmu/data/VILMIL/features_biomedclip_20x/2485303-B2.h5
2485318-B2,True,True,True,True,/xiangmu/data/VILMIL/features_biomedclip_5x/2485318-B2.h5,/xiangmu/data/VILMIL/features_biomedclip_20x/2485318-B2.h5
2485322-B2,True,True,True,True,/xiangmu/data/VILMIL/features_biomedclip_5x/2485322-B2.h5,/xiangmu/data/VILMIL/features_biomedclip_20x/2485322-B2.h5
2485328-B2,True,True,True,True,/xiangmu/data/VILMIL/features_biomedclip_5x/2485328-B2.h5,/xiangmu/data/VILMIL/features_biomedclip_20x/2485328-B2.h5
2485517-B2,True,True,True,True,/xiangmu/data/VILMIL/features_biomedclip_5x/2485517-B2.h5,/xiangmu/data/VILMIL/features_biomedclip_20x/2485517-B2.h5
2485635-B2,True,True,True,True,/xiangmu/data/VILMIL/features_biomedclip_5x/2485635-B2.h5,/xiangmu/data/VILMIL/features_biomedclip_20x/2485635-B2.h5
2485803-B2,True,True,True,True,/xiangmu/data/VILMIL/features_biomedclip_5x/2485803-B2.h5,/xiangmu/data/VILMIL/features_biomedclip_20x/2485803-B2.h5
2485805-B,True,True,True,True,/xiangmu/data/VILMIL/features_biomedclip_5x/2485805-B.h5,/xiangmu/data/VILMIL/features_biomedclip_20x/2485805-B.h5
2485969-B2,True,True,True,True,/xiangmu/data/VILMIL/features_biomedclip_5x/2485969-B2.h5,/xiangmu/data/VILMIL/features_biomedclip_20x/2485969-B2.h5
2486100-B,True,True,True,True,/xiangmu/data/VILMIL/features_biomedclip_5x/2486100-B.h5,/xiangmu/data/VILMIL/features_biomedclip_20x/2486100-B.h5
2486104-B1,True,True,True,True,/xiangmu/data/VILMIL/features_biomedclip_5x/2486104-B1.h5,/xiangmu/data/VILMIL/features_biomedclip_20x/2486104-B1.h5
2486104-B2,True,True,True,True,/xiangmu/data/VILMIL/features_biomedclip_5x/2486104-B2.h5,/xiangmu/data/VILMIL/features_biomedclip_20x/2486104-B2.h5
2486165-B2,True,True,True,True,/xiangmu/data/VILMIL/features_biomedclip_5x/2486165-B2.h5,/xiangmu/data/VILMIL/features_biomedclip_20x/2486165-B2.h5
2486191-B,True,True,True,True,/xiangmu/data/VILMIL/features_biomedclip_5x/2486191-B.h5,/xiangmu/data/VILMIL/features_biomedclip_20x/2486191-B.h5
2486197-B2,True,True,True,True,/xiangmu/data/VILMIL/features_biomedclip_5x/2486197-B2.h5,/xiangmu/data/VILMIL/features_biomedclip_20x/2486197-B2.h5
2486262-B4,True,True,True,True,/xiangmu/data/VILMIL/features_biomedclip_5x/2486262-B4.h5,/xiangmu/data/VILMIL/features_biomedclip_20x/2486262-B4.h5
2486653-B2,True,True,True,True,/xiangmu/data/VILMIL/features_biomedclip_5x/2486653-B2.h5,/xiangmu/data/VILMIL/features_biomedclip_20x/2486653-B2.h5
2486653-B3,True,True,True,True,/xiangmu/data/VILMIL/features_biomedclip_5x/2486653-B3.h5,/xiangmu/data/VILMIL/features_biomedclip_20x/2486653-B3.h5
2486687-B3,True,True,True,True,/xiangmu/data/VILMIL/features_biomedclip_5x/2486687-B3.h5,/xiangmu/data/VILMIL/features_biomedclip_20x/2486687-B3.h5
2486812-B2,True,True,True,True,/xiangmu/data/VILMIL/features_biomedclip_5x/2486812-B2.h5,/xiangmu/data/VILMIL/features_biomedclip_20x/2486812-B2.h5
2486813-B2,True,True,True,True,/xiangmu/data/VILMIL/features_biomedclip_5x/2486813-B2.h5,/xiangmu/data/VILMIL/features_biomedclip_20x/2486813-B2.h5
2486833-B2,True,True,True,True,/xiangmu/data/VILMIL/features_biomedclip_5x/2486833-B2.h5,/xiangmu/data/VILMIL/features_biomedclip_20x/2486833-B2.h5
2486845-B2,True,True,True,True,/xiangmu/data/VILMIL/features_biomedclip_5x/2486845-B2.h5,/xiangmu/data/VILMIL/features_biomedclip_20x/2486845-B2.h5
2486859-B2,True,True,True,True,/xiangmu/data/VILMIL/features_biomedclip_5x/2486859-B2.h5,/xiangmu/data/VILMIL/features_biomedclip_20x/2486859-B2.h5
2487140-B2,True,True,True,True,/xiangmu/data/VILMIL/features_biomedclip_5x/2487140-B2.h5,/xiangmu/data/VILMIL/features_biomedclip_20x/2487140-B2.h5
2487143-B,True,True,True,True,/xiangmu/data/VILMIL/features_biomedclip_5x/2487143-B.h5,/xiangmu/data/VILMIL/features_biomedclip_20x/2487143-B.h5
2487146-B2,True,True,True,True,/xiangmu/data/VILMIL/features_biomedclip_5x/2487146-B2.h5,/xiangmu/data/VILMIL/features_biomedclip_20x/2487146-B2.h5
2487237-B2,True,True,True,True,/xiangmu/data/VILMIL/features_biomedclip_5x/2487237-B2.h5,/xiangmu/data/VILMIL/features_biomedclip_20x/2487237-B2.h5
2487246-B2,True,True,True,True,/xiangmu/data/VILMIL/features_biomedclip_5x/2487246-B2.h5,/xiangmu/data/VILMIL/features_biomedclip_20x/2487246-B2.h5
2487274-B2,True,True,True,True,/xiangmu/data/VILMIL/features_biomedclip_5x/2487274-B2.h5,/xiangmu/data/VILMIL/features_biomedclip_20x/2487274-B2.h5
2487376-B2,True,True,True,True,/xiangmu/data/VILMIL/features_biomedclip_5x/2487376-B2.h5,/xiangmu/data/VILMIL/features_biomedclip_20x/2487376-B2.h5
2487388-B2,True,True,True,True,/xiangmu/data/VILMIL/features_biomedclip_5x/2487388-B2.h5,/xiangmu/data/VILMIL/features_biomedclip_20x/2487388-B2.h5
2487558-B2,True,True,True,True,/xiangmu/data/VILMIL/features_biomedclip_5x/2487558-B2.h5,/xiangmu/data/VILMIL/features_biomedclip_20x/2487558-B2.h5
2487651-B,True,True,True,True,/xiangmu/data/VILMIL/features_biomedclip_5x/2487651-B.h5,/xiangmu/data/VILMIL/features_biomedclip_20x/2487651-B.h5
2487656-B4,True,True,True,True,/xiangmu/data/VILMIL/features_biomedclip_5x/2487656-B4.h5,/xiangmu/data/VILMIL/features_biomedclip_20x/2487656-B4.h5
2487664-B2,True,True,True,True,/xiangmu/data/VILMIL/features_biomedclip_5x/2487664-B2.h5,/xiangmu/data/VILMIL/features_biomedclip_20x/2487664-B2.h5
2487896-B2,True,True,True,True,/xiangmu/data/VILMIL/features_biomedclip_5x/2487896-B2.h5,/xiangmu/data/VILMIL/features_biomedclip_20x/2487896-B2.h5
2487935-B2,True,True,True,True,/xiangmu/data/VILMIL/features_biomedclip_5x/2487935-B2.h5,/xiangmu/data/VILMIL/features_biomedclip_20x/2487935-B2.h5
2487941-B2,True,True,True,True,/xiangmu/data/VILMIL/features_biomedclip_5x/2487941-B2.h5,/xiangmu/data/VILMIL/features_biomedclip_20x/2487941-B2.h5
2488039-B2,True,True,True,True,/xiangmu/data/VILMIL/features_biomedclip_5x/2488039-B2.h5,/xiangmu/data/VILMIL/features_biomedclip_20x/2488039-B2.h5
2488044-B2,True,True,True,True,/xiangmu/data/VILMIL/features_biomedclip_5x/2488044-B2.h5,/xiangmu/data/VILMIL/features_biomedclip_20x/2488044-B2.h5
2488044-B3,True,True,True,True,/xiangmu/data/VILMIL/features_biomedclip_5x/2488044-B3.h5,/xiangmu/data/VILMIL/features_biomedclip_20x/2488044-B3.h5
2488050-B3,True,True,True,True,/xiangmu/data/VILMIL/features_biomedclip_5x/2488050-B3.h5,/xiangmu/data/VILMIL/features_biomedclip_20x/2488050-B3.h5
2488065-B3,True,True,True,True,/xiangmu/data/VILMIL/features_biomedclip_5x/2488065-B3.h5,/xiangmu/data/VILMIL/features_biomedclip_20x/2488065-B3.h5
2488320-B3,True,True,True,True,/xiangmu/data/VILMIL/features_biomedclip_5x/2488320-B3.h5,/xiangmu/data/VILMIL/features_biomedclip_20x/2488320-B3.h5
2488330-B2,True,True,True,True,/xiangmu/data/VILMIL/features_biomedclip_5x/2488330-B2.h5,/xiangmu/data/VILMIL/features_biomedclip_20x/2488330-B2.h5
2488344-B2,True,True,True,True,/xiangmu/data/VILMIL/features_biomedclip_5x/2488344-B2.h5,/xiangmu/data/VILMIL/features_biomedclip_20x/2488344-B2.h5
2488369-B2,True,True,True,True,/xiangmu/data/VILMIL/features_biomedclip_5x/2488369-B2.h5,/xiangmu/data/VILMIL/features_biomedclip_20x/2488369-B2.h5
2488475-B2,True,True,True,True,/xiangmu/data/VILMIL/features_biomedclip_5x/2488475-B2.h5,/xiangmu/data/VILMIL/features_biomedclip_20x/2488475-B2.h5
2488477-B2,True,True,True,True,/xiangmu/data/VILMIL/features_biomedclip_5x/2488477-B2.h5,/xiangmu/data/VILMIL/features_biomedclip_20x/2488477-B2.h5
2488767-B,True,True,True,True,/xiangmu/data/VILMIL/features_biomedclip_5x/2488767-B.h5,/xiangmu/data/VILMIL/features_biomedclip_20x/2488767-B.h5
2488769-B2,True,True,True,True,/xiangmu/data/VILMIL/features_biomedclip_5x/2488769-B2.h5,/xiangmu/data/VILMIL/features_biomedclip_20x/2488769-B2.h5
2488806-B2,True,True,True,True,/xiangmu/data/VILMIL/features_biomedclip_5x/2488806-B2.h5,/xiangmu/data/VILMIL/features_biomedclip_20x/2488806-B2.h5
2488916-B2,True,True,True,True,/xiangmu/data/VILMIL/features_biomedclip_5x/2488916-B2.h5,/xiangmu/data/VILMIL/features_biomedclip_20x/2488916-B2.h5
2488932-B4,True,True,True,True,/xiangmu/data/VILMIL/features_biomedclip_5x/2488932-B4.h5,/xiangmu/data/VILMIL/features_biomedclip_20x/2488932-B4.h5
2489131-B3,True,True,True,True,/xiangmu/data/VILMIL/features_biomedclip_5x/2489131-B3.h5,/xiangmu/data/VILMIL/features_biomedclip_20x/2489131-B3.h5
2489137-B4,True,True,True,True,/xiangmu/data/VILMIL/features_biomedclip_5x/2489137-B4.h5,/xiangmu/data/VILMIL/features_biomedclip_20x/2489137-B4.h5
2489182-B2,True,True,True,True,/xiangmu/data/VILMIL/features_biomedclip_5x/2489182-B2.h5,/xiangmu/data/VILMIL/features_biomedclip_20x/2489182-B2.h5
2489203-B,True,True,True,True,/xiangmu/data/VILMIL/features_biomedclip_5x/2489203-B.h5,/xiangmu/data/VILMIL/features_biomedclip_20x/2489203-B.h5
2489331-B2,True,True,True,True,/xiangmu/data/VILMIL/features_biomedclip_5x/2489331-B2.h5,/xiangmu/data/VILMIL/features_biomedclip_20x/2489331-B2.h5
25012148B4,True,True,True,True,/xiangmu/data/VILMIL/features_biomedclip_5x/25012148B4.h5,/xiangmu/data/VILMIL/features_biomedclip_20x/25012148B4.h5
25012153B2,True,True,True,True,/xiangmu/data/VILMIL/features_biomedclip_5x/25012153B2.h5,/xiangmu/data/VILMIL/features_biomedclip_20x/25012153B2.h5
25012170B4,True,True,True,True,/xiangmu/data/VILMIL/features_biomedclip_5x/25012170B4.h5,/xiangmu/data/VILMIL/features_biomedclip_20x/25012170B4.h5
25012170B5,True,True,True,True,/xiangmu/data/VILMIL/features_biomedclip_5x/25012170B5.h5,/xiangmu/data/VILMIL/features_biomedclip_20x/25012170B5.h5
25012175B4,True,True,True,True,/xiangmu/data/VILMIL/features_biomedclip_5x/25012175B4.h5,/xiangmu/data/VILMIL/features_biomedclip_20x/25012175B4.h5
25012253B3,True,True,True,True,/xiangmu/data/VILMIL/features_biomedclip_5x/25012253B3.h5,/xiangmu/data/VILMIL/features_biomedclip_20x/25012253B3.h5
25012485B2,True,True,True,True,/xiangmu/data/VILMIL/features_biomedclip_5x/25012485B2.h5,/xiangmu/data/VILMIL/features_biomedclip_20x/25012485B2.h5
25012628B2,True,True,True,True,/xiangmu/data/VILMIL/features_biomedclip_5x/25012628B2.h5,/xiangmu/data/VILMIL/features_biomedclip_20x/25012628B2.h5
25012760B2,True,True,True,True,/xiangmu/data/VILMIL/features_biomedclip_5x/25012760B2.h5,/xiangmu/data/VILMIL/features_biomedclip_20x/25012760B2.h5
25012785B2,True,True,True,True,/xiangmu/data/VILMIL/features_biomedclip_5x/25012785B2.h5,/xiangmu/data/VILMIL/features_biomedclip_20x/25012785B2.h5
25012915B2,True,True,True,True,/xiangmu/data/VILMIL/features_biomedclip_5x/25012915B2.h5,/xiangmu/data/VILMIL/features_biomedclip_20x/25012915B2.h5
25012919B8,True,True,True,True,/xiangmu/data/VILMIL/features_biomedclip_5x/25012919B8.h5,/xiangmu/data/VILMIL/features_biomedclip_20x/25012919B8.h5
25012919B9,True,True,True,True,/xiangmu/data/VILMIL/features_biomedclip_5x/25012919B9.h5,/xiangmu/data/VILMIL/features_biomedclip_20x/25012919B9.h5
25013023B2,True,True,True,True,/xiangmu/data/VILMIL/features_biomedclip_5x/25013023B2.h5,/xiangmu/data/VILMIL/features_biomedclip_20x/25013023B2.h5
25013062B3,True,True,True,True,/xiangmu/data/VILMIL/features_biomedclip_5x/25013062B3.h5,/xiangmu/data/VILMIL/features_biomedclip_20x/25013062B3.h5
25013162B2,True,True,True,True,/xiangmu/data/VILMIL/features_biomedclip_5x/25013162B2.h5,/xiangmu/data/VILMIL/features_biomedclip_20x/25013162B2.h5
25013189B2,True,True,True,True,/xiangmu/data/VILMIL/features_biomedclip_5x/25013189B2.h5,/xiangmu/data/VILMIL/features_biomedclip_20x/25013189B2.h5
25013189B3,True,True,True,True,/xiangmu/data/VILMIL/features_biomedclip_5x/25013189B3.h5,/xiangmu/data/VILMIL/features_biomedclip_20x/25013189B3.h5
25013352B2,True,True,True,True,/xiangmu/data/VILMIL/features_biomedclip_5x/25013352B2.h5,/xiangmu/data/VILMIL/features_biomedclip_20x/25013352B2.h5
25013465B2,True,True,True,True,/xiangmu/data/VILMIL/features_biomedclip_5x/25013465B2.h5,/xiangmu/data/VILMIL/features_biomedclip_20x/25013465B2.h5
25013871B6,True,True,True,True,/xiangmu/data/VILMIL/features_biomedclip_5x/25013871B6.h5,/xiangmu/data/VILMIL/features_biomedclip_20x/25013871B6.h5
25013878B2,True,True,True,True,/xiangmu/data/VILMIL/features_biomedclip_5x/25013878B2.h5,/xiangmu/data/VILMIL/features_biomedclip_20x/25013878B2.h5
25014124B2,True,True,True,True,/xiangmu/data/VILMIL/features_biomedclip_5x/25014124B2.h5,/xiangmu/data/VILMIL/features_biomedclip_20x/25014124B2.h5
25014160B2,True,True,True,True,/xiangmu/data/VILMIL/features_biomedclip_5x/25014160B2.h5,/xiangmu/data/VILMIL/features_biomedclip_20x/25014160B2.h5
25014217B2,True,True,True,True,/xiangmu/data/VILMIL/features_biomedclip_5x/25014217B2.h5,/xiangmu/data/VILMIL/features_biomedclip_20x/25014217B2.h5
25014217B3,True,True,True,True,/xiangmu/data/VILMIL/features_biomedclip_5x/25014217B3.h5,/xiangmu/data/VILMIL/features_biomedclip_20x/25014217B3.h5
25014226B2,True,True,True,True,/xiangmu/data/VILMIL/features_biomedclip_5x/25014226B2.h5,/xiangmu/data/VILMIL/features_biomedclip_20x/25014226B2.h5
25014265B2,True,True,True,True,/xiangmu/data/VILMIL/features_biomedclip_5x/25014265B2.h5,/xiangmu/data/VILMIL/features_biomedclip_20x/25014265B2.h5
25014268B,True,True,True,True,/xiangmu/data/VILMIL/features_biomedclip_5x/25014268B.h5,/xiangmu/data/VILMIL/features_biomedclip_20x/25014268B.h5
25014311B2,True,True,True,True,/xiangmu/data/VILMIL/features_biomedclip_5x/25014311B2.h5,/xiangmu/data/VILMIL/features_biomedclip_20x/25014311B2.h5
25014318B,True,True,True,True,/xiangmu/data/VILMIL/features_biomedclip_5x/25014318B.h5,/xiangmu/data/VILMIL/features_biomedclip_20x/25014318B.h5
25014684B,True,True,True,True,/xiangmu/data/VILMIL/features_biomedclip_5x/25014684B.h5,/xiangmu/data/VILMIL/features_biomedclip_20x/25014684B.h5
25015070B2,True,True,True,True,/xiangmu/data/VILMIL/features_biomedclip_5x/25015070B2.h5,/xiangmu/data/VILMIL/features_biomedclip_20x/25015070B2.h5
25015087B2,True,True,True,True,/xiangmu/data/VILMIL/features_biomedclip_5x/25015087B2.h5,/xiangmu/data/VILMIL/features_biomedclip_20x/25015087B2.h5
25015101B2,True,True,True,True,/xiangmu/data/VILMIL/features_biomedclip_5x/25015101B2.h5,/xiangmu/data/VILMIL/features_biomedclip_20x/25015101B2.h5
25015103B2,True,True,True,True,/xiangmu/data/VILMIL/features_biomedclip_5x/25015103B2.h5,/xiangmu/data/VILMIL/features_biomedclip_20x/25015103B2.h5
25015190B2,True,True,True,True,/xiangmu/data/VILMIL/features_biomedclip_5x/25015190B2.h5,/xiangmu/data/VILMIL/features_biomedclip_20x/25015190B2.h5
25015204B2,True,True,True,True,/xiangmu/data/VILMIL/features_biomedclip_5x/25015204B2.h5,/xiangmu/data/VILMIL/features_biomedclip_20x/25015204B2.h5
25015234B2,True,True,True,True,/xiangmu/data/VILMIL/features_biomedclip_5x/25015234B2.h5,/xiangmu/data/VILMIL/features_biomedclip_20x/25015234B2.h5
25015408B3,True,True,True,True,/xiangmu/data/VILMIL/features_biomedclip_5x/25015408B3.h5,/xiangmu/data/VILMIL/features_biomedclip_20x/25015408B3.h5
25015422B,True,True,True,True,/xiangmu/data/VILMIL/features_biomedclip_5x/25015422B.h5,/xiangmu/data/VILMIL/features_biomedclip_20x/25015422B.h5
25015425B2,True,True,True,True,/xiangmu/data/VILMIL/features_biomedclip_5x/25015425B2.h5,/xiangmu/data/VILMIL/features_biomedclip_20x/25015425B2.h5
25015488B2,True,True,True,True,/xiangmu/data/VILMIL/features_biomedclip_5x/25015488B2.h5,/xiangmu/data/VILMIL/features_biomedclip_20x/25015488B2.h5
25015495B3,True,True,True,True,/xiangmu/data/VILMIL/features_biomedclip_5x/25015495B3.h5,/xiangmu/data/VILMIL/features_biomedclip_20x/25015495B3.h5
25015495B4,True,True,True,True,/xiangmu/data/VILMIL/features_biomedclip_5x/25015495B4.h5,/xiangmu/data/VILMIL/features_biomedclip_20x/25015495B4.h5
25015607B2,True,True,True,True,/xiangmu/data/VILMIL/features_biomedclip_5x/25015607B2.h5,/xiangmu/data/VILMIL/features_biomedclip_20x/25015607B2.h5
25015622B2,True,True,True,True,/xiangmu/data/VILMIL/features_biomedclip_5x/25015622B2.h5,/xiangmu/data/VILMIL/features_biomedclip_20x/25015622B2.h5
25015625B2,True,True,True,True,/xiangmu/data/VILMIL/features_biomedclip_5x/25015625B2.h5,/xiangmu/data/VILMIL/features_biomedclip_20x/25015625B2.h5
25015811B3,True,True,True,True,/xiangmu/data/VILMIL/features_biomedclip_5x/25015811B3.h5,/xiangmu/data/VILMIL/features_biomedclip_20x/25015811B3.h5
25015811B4,True,True,True,True,/xiangmu/data/VILMIL/features_biomedclip_5x/25015811B4.h5,/xiangmu/data/VILMIL/features_biomedclip_20x/25015811B4.h5
25015820B,True,True,True,True,/xiangmu/data/VILMIL/features_biomedclip_5x/25015820B.h5,/xiangmu/data/VILMIL/features_biomedclip_20x/25015820B.h5
25015863B2,True,True,True,True,/xiangmu/data/VILMIL/features_biomedclip_5x/25015863B2.h5,/xiangmu/data/VILMIL/features_biomedclip_20x/25015863B2.h5
25015870B3,True,True,True,True,/xiangmu/data/VILMIL/features_biomedclip_5x/25015870B3.h5,/xiangmu/data/VILMIL/features_biomedclip_20x/25015870B3.h5
25016077B2,True,True,True,True,/xiangmu/data/VILMIL/features_biomedclip_5x/25016077B2.h5,/xiangmu/data/VILMIL/features_biomedclip_20x/25016077B2.h5
25016088B2,True,True,True,True,/xiangmu/data/VILMIL/features_biomedclip_5x/25016088B2.h5,/xiangmu/data/VILMIL/features_biomedclip_20x/25016088B2.h5
25016772B2,True,True,True,True,/xiangmu/data/VILMIL/features_biomedclip_5x/25016772B2.h5,/xiangmu/data/VILMIL/features_biomedclip_20x/25016772B2.h5
25016785B2,True,True,True,True,/xiangmu/data/VILMIL/features_biomedclip_5x/25016785B2.h5,/xiangmu/data/VILMIL/features_biomedclip_20x/25016785B2.h5
25016801B2,True,True,True,True,/xiangmu/data/VILMIL/features_biomedclip_5x/25016801B2.h5,/xiangmu/data/VILMIL/features_biomedclip_20x/25016801B2.h5
25016829B2,True,True,True,True,/xiangmu/data/VILMIL/features_biomedclip_5x/25016829B2.h5,/xiangmu/data/VILMIL/features_biomedclip_20x/25016829B2.h5
25016903B4,True,True,True,True,/xiangmu/data/VILMIL/features_biomedclip_5x/25016903B4.h5,/xiangmu/data/VILMIL/features_biomedclip_20x/25016903B4.h5
25016905B4,True,True,True,True,/xiangmu/data/VILMIL/features_biomedclip_5x/25016905B4.h5,/xiangmu/data/VILMIL/features_biomedclip_20x/25016905B4.h5
25016915B2,True,True,True,True,/xiangmu/data/VILMIL/features_biomedclip_5x/25016915B2.h5,/xiangmu/data/VILMIL/features_biomedclip_20x/25016915B2.h5
25016926B2,True,True,True,True,/xiangmu/data/VILMIL/features_biomedclip_5x/25016926B2.h5,/xiangmu/data/VILMIL/features_biomedclip_20x/25016926B2.h5
25017089B2,True,True,True,True,/xiangmu/data/VILMIL/features_biomedclip_5x/25017089B2.h5,/xiangmu/data/VILMIL/features_biomedclip_20x/25017089B2.h5
25017211B2,True,True,True,True,/xiangmu/data/VILMIL/features_biomedclip_5x/25017211B2.h5,/xiangmu/data/VILMIL/features_biomedclip_20x/25017211B2.h5
25017218B3,True,True,True,True,/xiangmu/data/VILMIL/features_biomedclip_5x/25017218B3.h5,/xiangmu/data/VILMIL/features_biomedclip_20x/25017218B3.h5
25017220B2,True,True,True,True,/xiangmu/data/VILMIL/features_biomedclip_5x/25017220B2.h5,/xiangmu/data/VILMIL/features_biomedclip_20x/25017220B2.h5
25017227B2,True,True,True,True,/xiangmu/data/VILMIL/features_biomedclip_5x/25017227B2.h5,/xiangmu/data/VILMIL/features_biomedclip_20x/25017227B2.h5
25017242B2,True,True,True,True,/xiangmu/data/VILMIL/features_biomedclip_5x/25017242B2.h5,/xiangmu/data/VILMIL/features_biomedclip_20x/25017242B2.h5
25017320B2,True,True,True,True,/xiangmu/data/VILMIL/features_biomedclip_5x/25017320B2.h5,/xiangmu/data/VILMIL/features_biomedclip_20x/25017320B2.h5
25017322B2,True,True,True,True,/xiangmu/data/VILMIL/features_biomedclip_5x/25017322B2.h5,/xiangmu/data/VILMIL/features_biomedclip_20x/25017322B2.h5
25017338B3,True,True,True,True,/xiangmu/data/VILMIL/features_biomedclip_5x/25017338B3.h5,/xiangmu/data/VILMIL/features_biomedclip_20x/25017338B3.h5
25017341B4,True,True,True,True,/xiangmu/data/VILMIL/features_biomedclip_5x/25017341B4.h5,/xiangmu/data/VILMIL/features_biomedclip_20x/25017341B4.h5
25017354B5,True,True,True,True,/xiangmu/data/VILMIL/features_biomedclip_5x/25017354B5.h5,/xiangmu/data/VILMIL/features_biomedclip_20x/25017354B5.h5
25017355B1,True,True,True,True,/xiangmu/data/VILMIL/features_biomedclip_5x/25017355B1.h5,/xiangmu/data/VILMIL/features_biomedclip_20x/25017355B1.h5
25017372B2,True,True,True,True,/xiangmu/data/VILMIL/features_biomedclip_5x/25017372B2.h5,/xiangmu/data/VILMIL/features_biomedclip_20x/25017372B2.h5
25017383B2,True,True,True,True,/xiangmu/data/VILMIL/features_biomedclip_5x/25017383B2.h5,/xiangmu/data/VILMIL/features_biomedclip_20x/25017383B2.h5
25017515B2,True,True,True,True,/xiangmu/data/VILMIL/features_biomedclip_5x/25017515B2.h5,/xiangmu/data/VILMIL/features_biomedclip_20x/25017515B2.h5
25017518B2,True,True,True,True,/xiangmu/data/VILMIL/features_biomedclip_5x/25017518B2.h5,/xiangmu/data/VILMIL/features_biomedclip_20x/25017518B2.h5
25017538B4,True,True,True,True,/xiangmu/data/VILMIL/features_biomedclip_5x/25017538B4.h5,/xiangmu/data/VILMIL/features_biomedclip_20x/25017538B4.h5
25017539B2,True,True,True,True,/xiangmu/data/VILMIL/features_biomedclip_5x/25017539B2.h5,/xiangmu/data/VILMIL/features_biomedclip_20x/25017539B2.h5
25017539B3,True,True,True,True,/xiangmu/data/VILMIL/features_biomedclip_5x/25017539B3.h5,/xiangmu/data/VILMIL/features_biomedclip_20x/25017539B3.h5
25017589B6,True,True,True,True,/xiangmu/data/VILMIL/features_biomedclip_5x/25017589B6.h5,/xiangmu/data/VILMIL/features_biomedclip_20x/25017589B6.h5
25017711B,True,True,True,True,/xiangmu/data/VILMIL/features_biomedclip_5x/25017711B.h5,/xiangmu/data/VILMIL/features_biomedclip_20x/25017711B.h5
25017716B2,True,True,True,True,/xiangmu/data/VILMIL/features_biomedclip_5x/25017716B2.h5,/xiangmu/data/VILMIL/features_biomedclip_20x/25017716B2.h5
25017718B2,True,True,True,True,/xiangmu/data/VILMIL/features_biomedclip_5x/25017718B2.h5,/xiangmu/data/VILMIL/features_biomedclip_20x/25017718B2.h5
25017738B2,True,True,True,True,/xiangmu/data/VILMIL/features_biomedclip_5x/25017738B2.h5,/xiangmu/data/VILMIL/features_biomedclip_20x/25017738B2.h5
25017748B2,True,True,True,True,/xiangmu/data/VILMIL/features_biomedclip_5x/25017748B2.h5,/xiangmu/data/VILMIL/features_biomedclip_20x/25017748B2.h5
25017767B2,True,True,True,True,/xiangmu/data/VILMIL/features_biomedclip_5x/25017767B2.h5,/xiangmu/data/VILMIL/features_biomedclip_20x/25017767B2.h5
25017932B2,True,True,True,True,/xiangmu/data/VILMIL/features_biomedclip_5x/25017932B2.h5,/xiangmu/data/VILMIL/features_biomedclip_20x/25017932B2.h5
25017948B3,True,True,True,True,/xiangmu/data/VILMIL/features_biomedclip_5x/25017948B3.h5,/xiangmu/data/VILMIL/features_biomedclip_20x/25017948B3.h5
25018002B2,True,True,True,True,/xiangmu/data/VILMIL/features_biomedclip_5x/25018002B2.h5,/xiangmu/data/VILMIL/features_biomedclip_20x/25018002B2.h5
25018050B2,True,True,True,True,/xiangmu/data/VILMIL/features_biomedclip_5x/25018050B2.h5,/xiangmu/data/VILMIL/features_biomedclip_20x/25018050B2.h5
25018453B2,True,True,True,True,/xiangmu/data/VILMIL/features_biomedclip_5x/25018453B2.h5,/xiangmu/data/VILMIL/features_biomedclip_20x/25018453B2.h5
25018457B2,True,True,True,True,/xiangmu/data/VILMIL/features_biomedclip_5x/25018457B2.h5,/xiangmu/data/VILMIL/features_biomedclip_20x/25018457B2.h5
25018571B2,True,True,True,True,/xiangmu/data/VILMIL/features_biomedclip_5x/25018571B2.h5,/xiangmu/data/VILMIL/features_biomedclip_20x/25018571B2.h5
25018910B2,True,True,True,True,/xiangmu/data/VILMIL/features_biomedclip_5x/25018910B2.h5,/xiangmu/data/VILMIL/features_biomedclip_20x/25018910B2.h5
25019081B3,True,True,True,True,/xiangmu/data/VILMIL/features_biomedclip_5x/25019081B3.h5,/xiangmu/data/VILMIL/features_biomedclip_20x/25019081B3.h5
25019102B4,True,True,True,True,/xiangmu/data/VILMIL/features_biomedclip_5x/25019102B4.h5,/xiangmu/data/VILMIL/features_biomedclip_20x/25019102B4.h5
25019107B,True,True,True,True,/xiangmu/data/VILMIL/features_biomedclip_5x/25019107B.h5,/xiangmu/data/VILMIL/features_biomedclip_20x/25019107B.h5
25019283B2,True,True,True,True,/xiangmu/data/VILMIL/features_biomedclip_5x/25019283B2.h5,/xiangmu/data/VILMIL/features_biomedclip_20x/25019283B2.h5
25019284B2,True,True,True,True,/xiangmu/data/VILMIL/features_biomedclip_5x/25019284B2.h5,/xiangmu/data/VILMIL/features_biomedclip_20x/25019284B2.h5
25019352B2,True,True,True,True,/xiangmu/data/VILMIL/features_biomedclip_5x/25019352B2.h5,/xiangmu/data/VILMIL/features_biomedclip_20x/25019352B2.h5
25019376B2,True,True,True,True,/xiangmu/data/VILMIL/features_biomedclip_5x/25019376B2.h5,/xiangmu/data/VILMIL/features_biomedclip_20x/25019376B2.h5
25019379B,True,True,True,True,/xiangmu/data/VILMIL/features_biomedclip_5x/25019379B.h5,/xiangmu/data/VILMIL/features_biomedclip_20x/25019379B.h5
25019384B2,True,True,True,True,/xiangmu/data/VILMIL/features_biomedclip_5x/25019384B2.h5,/xiangmu/data/VILMIL/features_biomedclip_20x/25019384B2.h5
25019457B2,True,True,True,True,/xiangmu/data/VILMIL/features_biomedclip_5x/25019457B2.h5,/xiangmu/data/VILMIL/features_biomedclip_20x/25019457B2.h5
25019468B2,True,True,True,True,/xiangmu/data/VILMIL/features_biomedclip_5x/25019468B2.h5,/xiangmu/data/VILMIL/features_biomedclip_20x/25019468B2.h5
25019508B4,True,True,True,True,/xiangmu/data/VILMIL/features_biomedclip_5x/25019508B4.h5,/xiangmu/data/VILMIL/features_biomedclip_20x/25019508B4.h5
25019621B2,True,True,True,True,/xiangmu/data/VILMIL/features_biomedclip_5x/25019621B2.h5,/xiangmu/data/VILMIL/features_biomedclip_20x/25019621B2.h5
25019621B4,True,True,True,True,/xiangmu/data/VILMIL/features_biomedclip_5x/25019621B4.h5,/xiangmu/data/VILMIL/features_biomedclip_20x/25019621B4.h5
25019716B2,True,True,True,True,/xiangmu/data/VILMIL/features_biomedclip_5x/25019716B2.h5,/xiangmu/data/VILMIL/features_biomedclip_20x/25019716B2.h5
25019773B3,True,True,True,True,/xiangmu/data/VILMIL/features_biomedclip_5x/25019773B3.h5,/xiangmu/data/VILMIL/features_biomedclip_20x/25019773B3.h5
25019776B2,True,True,True,True,/xiangmu/data/VILMIL/features_biomedclip_5x/25019776B2.h5,/xiangmu/data/VILMIL/features_biomedclip_20x/25019776B2.h5
25019790B2,True,True,True,True,/xiangmu/data/VILMIL/features_biomedclip_5x/25019790B2.h5,/xiangmu/data/VILMIL/features_biomedclip_20x/25019790B2.h5
25019806B2,True,True,True,True,/xiangmu/data/VILMIL/features_biomedclip_5x/25019806B2.h5,/xiangmu/data/VILMIL/features_biomedclip_20x/25019806B2.h5
25020257B2,True,True,True,True,/xiangmu/data/VILMIL/features_biomedclip_5x/25020257B2.h5,/xiangmu/data/VILMIL/features_biomedclip_20x/25020257B2.h5
25020263B2,True,True,True,True,/xiangmu/data/VILMIL/features_biomedclip_5x/25020263B2.h5,/xiangmu/data/VILMIL/features_biomedclip_20x/25020263B2.h5
25020282B2,True,True,True,True,/xiangmu/data/VILMIL/features_biomedclip_5x/25020282B2.h5,/xiangmu/data/VILMIL/features_biomedclip_20x/25020282B2.h5
25020291B2,True,True,True,True,/xiangmu/data/VILMIL/features_biomedclip_5x/25020291B2.h5,/xiangmu/data/VILMIL/features_biomedclip_20x/25020291B2.h5
25020573B3,True,True,True,True,/xiangmu/data/VILMIL/features_biomedclip_5x/25020573B3.h5,/xiangmu/data/VILMIL/features_biomedclip_20x/25020573B3.h5
25020714B2,True,True,True,True,/xiangmu/data/VILMIL/features_biomedclip_5x/25020714B2.h5,/xiangmu/data/VILMIL/features_biomedclip_20x/25020714B2.h5
25020717B2,True,True,True,True,/xiangmu/data/VILMIL/features_biomedclip_5x/25020717B2.h5,/xiangmu/data/VILMIL/features_biomedclip_20x/25020717B2.h5
25020760B3,True,True,True,True,/xiangmu/data/VILMIL/features_biomedclip_5x/25020760B3.h5,/xiangmu/data/VILMIL/features_biomedclip_20x/25020760B3.h5
25021120B4,True,True,True,True,/xiangmu/data/VILMIL/features_biomedclip_5x/25021120B4.h5,/xiangmu/data/VILMIL/features_biomedclip_20x/25021120B4.h5
25021164B2,True,True,True,True,/xiangmu/data/VILMIL/features_biomedclip_5x/25021164B2.h5,/xiangmu/data/VILMIL/features_biomedclip_20x/25021164B2.h5
25021171B2,True,True,True,True,/xiangmu/data/VILMIL/features_biomedclip_5x/25021171B2.h5,/xiangmu/data/VILMIL/features_biomedclip_20x/25021171B2.h5
25021197B2,True,True,True,True,/xiangmu/data/VILMIL/features_biomedclip_5x/25021197B2.h5,/xiangmu/data/VILMIL/features_biomedclip_20x/25021197B2.h5
25021260B2,True,True,True,True,/xiangmu/data/VILMIL/features_biomedclip_5x/25021260B2.h5,/xiangmu/data/VILMIL/features_biomedclip_20x/25021260B2.h5
25021291B2,True,True,True,True,/xiangmu/data/VILMIL/features_biomedclip_5x/25021291B2.h5,/xiangmu/data/VILMIL/features_biomedclip_20x/25021291B2.h5
25021419B1,True,True,True,True,/xiangmu/data/VILMIL/features_biomedclip_5x/25021419B1.h5,/xiangmu/data/VILMIL/features_biomedclip_20x/25021419B1.h5
25021474B,True,True,True,True,/xiangmu/data/VILMIL/features_biomedclip_5x/25021474B.h5,/xiangmu/data/VILMIL/features_biomedclip_20x/25021474B.h5
25021481B2,True,True,True,True,/xiangmu/data/VILMIL/features_biomedclip_5x/25021481B2.h5,/xiangmu/data/VILMIL/features_biomedclip_20x/25021481B2.h5
25021538B2,True,True,True,True,/xiangmu/data/VILMIL/features_biomedclip_5x/25021538B2.h5,/xiangmu/data/VILMIL/features_biomedclip_20x/25021538B2.h5
25021554B2,True,True,True,True,/xiangmu/data/VILMIL/features_biomedclip_5x/25021554B2.h5,/xiangmu/data/VILMIL/features_biomedclip_20x/25021554B2.h5
25021575B4,True,True,True,True,/xiangmu/data/VILMIL/features_biomedclip_5x/25021575B4.h5,/xiangmu/data/VILMIL/features_biomedclip_20x/25021575B4.h5
25021622B4,True,True,True,True,/xiangmu/data/VILMIL/features_biomedclip_5x/25021622B4.h5,/xiangmu/data/VILMIL/features_biomedclip_20x/25021622B4.h5
25021640B3,True,True,True,True,/xiangmu/data/VILMIL/features_biomedclip_5x/25021640B3.h5,/xiangmu/data/VILMIL/features_biomedclip_20x/25021640B3.h5
25021658B3,True,True,True,True,/xiangmu/data/VILMIL/features_biomedclip_5x/25021658B3.h5,/xiangmu/data/VILMIL/features_biomedclip_20x/25021658B3.h5
25021662B2,True,True,True,True,/xiangmu/data/VILMIL/features_biomedclip_5x/25021662B2.h5,/xiangmu/data/VILMIL/features_biomedclip_20x/25021662B2.h5
25021667B2,True,True,True,True,/xiangmu/data/VILMIL/features_biomedclip_5x/25021667B2.h5,/xiangmu/data/VILMIL/features_biomedclip_20x/25021667B2.h5
25021668B2,True,True,True,True,/xiangmu/data/VILMIL/features_biomedclip_5x/25021668B2.h5,/xiangmu/data/VILMIL/features_biomedclip_20x/25021668B2.h5
25021893B2,True,True,True,True,/xiangmu/data/VILMIL/features_biomedclip_5x/25021893B2.h5,/xiangmu/data/VILMIL/features_biomedclip_20x/25021893B2.h5
25021894B2,True,True,True,True,/xiangmu/data/VILMIL/features_biomedclip_5x/25021894B2.h5,/xiangmu/data/VILMIL/features_biomedclip_20x/25021894B2.h5
25021894B3,True,True,True,True,/xiangmu/data/VILMIL/features_biomedclip_5x/25021894B3.h5,/xiangmu/data/VILMIL/features_biomedclip_20x/25021894B3.h5
25021901B2,True,True,True,True,/xiangmu/data/VILMIL/features_biomedclip_5x/25021901B2.h5,/xiangmu/data/VILMIL/features_biomedclip_20x/25021901B2.h5
25021911B2,True,True,True,True,/xiangmu/data/VILMIL/features_biomedclip_5x/25021911B2.h5,/xiangmu/data/VILMIL/features_biomedclip_20x/25021911B2.h5
25021918B4,True,True,True,True,/xiangmu/data/VILMIL/features_biomedclip_5x/25021918B4.h5,/xiangmu/data/VILMIL/features_biomedclip_20x/25021918B4.h5
25021973B2,True,True,True,True,/xiangmu/data/VILMIL/features_biomedclip_5x/25021973B2.h5,/xiangmu/data/VILMIL/features_biomedclip_20x/25021973B2.h5
25022019B2,True,True,True,True,/xiangmu/data/VILMIL/features_biomedclip_5x/25022019B2.h5,/xiangmu/data/VILMIL/features_biomedclip_20x/25022019B2.h5
25022038B2,True,True,True,True,/xiangmu/data/VILMIL/features_biomedclip_5x/25022038B2.h5,/xiangmu/data/VILMIL/features_biomedclip_20x/25022038B2.h5
25022262B2,True,True,True,True,/xiangmu/data/VILMIL/features_biomedclip_5x/25022262B2.h5,/xiangmu/data/VILMIL/features_biomedclip_20x/25022262B2.h5
25022278B2,True,True,True,True,/xiangmu/data/VILMIL/features_biomedclip_5x/25022278B2.h5,/xiangmu/data/VILMIL/features_biomedclip_20x/25022278B2.h5
25022330B2,True,True,True,True,/xiangmu/data/VILMIL/features_biomedclip_5x/25022330B2.h5,/xiangmu/data/VILMIL/features_biomedclip_20x/25022330B2.h5
25022343B3,True,True,True,True,/xiangmu/data/VILMIL/features_biomedclip_5x/25022343B3.h5,/xiangmu/data/VILMIL/features_biomedclip_20x/25022343B3.h5
25022354B2,True,True,True,True,/xiangmu/data/VILMIL/features_biomedclip_5x/25022354B2.h5,/xiangmu/data/VILMIL/features_biomedclip_20x/25022354B2.h5
25022406B2,True,True,True,True,/xiangmu/data/VILMIL/features_biomedclip_5x/25022406B2.h5,/xiangmu/data/VILMIL/features_biomedclip_20x/25022406B2.h5
25023016B6,True,True,True,True,/xiangmu/data/VILMIL/features_biomedclip_5x/25023016B6.h5,/xiangmu/data/VILMIL/features_biomedclip_20x/25023016B6.h5
25023184B2,True,True,True,True,/xiangmu/data/VILMIL/features_biomedclip_5x/25023184B2.h5,/xiangmu/data/VILMIL/features_biomedclip_20x/25023184B2.h5
25023573B,True,True,True,True,/xiangmu/data/VILMIL/features_biomedclip_5x/25023573B.h5,/xiangmu/data/VILMIL/features_biomedclip_20x/25023573B.h5
25023590B3,True,True,True,True,/xiangmu/data/VILMIL/features_biomedclip_5x/25023590B3.h5,/xiangmu/data/VILMIL/features_biomedclip_20x/25023590B3.h5
25023590B4,True,True,True,True,/xiangmu/data/VILMIL/features_biomedclip_5x/25023590B4.h5,/xiangmu/data/VILMIL/features_biomedclip_20x/25023590B4.h5
25023687B2,True,True,True,True,/xiangmu/data/VILMIL/features_biomedclip_5x/25023687B2.h5,/xiangmu/data/VILMIL/features_biomedclip_20x/25023687B2.h5
25023690B3,True,True,True,True,/xiangmu/data/VILMIL/features_biomedclip_5x/25023690B3.h5,/xiangmu/data/VILMIL/features_biomedclip_20x/25023690B3.h5
25023814B,True,True,True,True,/xiangmu/data/VILMIL/features_biomedclip_5x/25023814B.h5,/xiangmu/data/VILMIL/features_biomedclip_20x/25023814B.h5
25023869B3,True,True,True,True,/xiangmu/data/VILMIL/features_biomedclip_5x/25023869B3.h5,/xiangmu/data/VILMIL/features_biomedclip_20x/25023869B3.h5
25023869B4,True,True,True,True,/xiangmu/data/VILMIL/features_biomedclip_5x/25023869B4.h5,/xiangmu/data/VILMIL/features_biomedclip_20x/25023869B4.h5
25023930B2,True,True,True,True,/xiangmu/data/VILMIL/features_biomedclip_5x/25023930B2.h5,/xiangmu/data/VILMIL/features_biomedclip_20x/25023930B2.h5
25023934B2,True,True,True,True,/xiangmu/data/VILMIL/features_biomedclip_5x/25023934B2.h5,/xiangmu/data/VILMIL/features_biomedclip_20x/25023934B2.h5
25023936B2,True,True,True,True,/xiangmu/data/VILMIL/features_biomedclip_5x/25023936B2.h5,/xiangmu/data/VILMIL/features_biomedclip_20x/25023936B2.h5
25023977B2,True,True,True,True,/xiangmu/data/VILMIL/features_biomedclip_5x/25023977B2.h5,/xiangmu/data/VILMIL/features_biomedclip_20x/25023977B2.h5
25024142B2,True,True,True,True,/xiangmu/data/VILMIL/features_biomedclip_5x/25024142B2.h5,/xiangmu/data/VILMIL/features_biomedclip_20x/25024142B2.h5
25024243B2,True,True,True,True,/xiangmu/data/VILMIL/features_biomedclip_5x/25024243B2.h5,/xiangmu/data/VILMIL/features_biomedclip_20x/25024243B2.h5
25024302B4,True,True,True,True,/xiangmu/data/VILMIL/features_biomedclip_5x/25024302B4.h5,/xiangmu/data/VILMIL/features_biomedclip_20x/25024302B4.h5
25024310B3,True,True,True,True,/xiangmu/data/VILMIL/features_biomedclip_5x/25024310B3.h5,/xiangmu/data/VILMIL/features_biomedclip_20x/25024310B3.h5
25024431B,True,True,True,True,/xiangmu/data/VILMIL/features_biomedclip_5x/25024431B.h5,/xiangmu/data/VILMIL/features_biomedclip_20x/25024431B.h5
25024688B2,True,True,True,True,/xiangmu/data/VILMIL/features_biomedclip_5x/25024688B2.h5,/xiangmu/data/VILMIL/features_biomedclip_20x/25024688B2.h5
25024698B4,True,True,True,True,/xiangmu/data/VILMIL/features_biomedclip_5x/25024698B4.h5,/xiangmu/data/VILMIL/features_biomedclip_20x/25024698B4.h5
25024709B2,True,True,True,True,/xiangmu/data/VILMIL/features_biomedclip_5x/25024709B2.h5,/xiangmu/data/VILMIL/features_biomedclip_20x/25024709B2.h5
25024732B2,True,True,True,True,/xiangmu/data/VILMIL/features_biomedclip_5x/25024732B2.h5,/xiangmu/data/VILMIL/features_biomedclip_20x/25024732B2.h5
25024855B3,True,True,True,True,/xiangmu/data/VILMIL/features_biomedclip_5x/25024855B3.h5,/xiangmu/data/VILMIL/features_biomedclip_20x/25024855B3.h5
25024878B3,True,True,True,True,/xiangmu/data/VILMIL/features_biomedclip_5x/25024878B3.h5,/xiangmu/data/VILMIL/features_biomedclip_20x/25024878B3.h5
25024982B2,True,True,True,True,/xiangmu/data/VILMIL/features_biomedclip_5x/25024982B2.h5,/xiangmu/data/VILMIL/features_biomedclip_20x/25024982B2.h5
25024983B2,True,True,True,True,/xiangmu/data/VILMIL/features_biomedclip_5x/25024983B2.h5,/xiangmu/data/VILMIL/features_biomedclip_20x/25024983B2.h5
25025083B2,True,True,True,True,/xiangmu/data/VILMIL/features_biomedclip_5x/25025083B2.h5,/xiangmu/data/VILMIL/features_biomedclip_20x/25025083B2.h5
25025096B2,True,True,True,True,/xiangmu/data/VILMIL/features_biomedclip_5x/25025096B2.h5,/xiangmu/data/VILMIL/features_biomedclip_20x/25025096B2.h5
25025102B2,True,True,True,True,/xiangmu/data/VILMIL/features_biomedclip_5x/25025102B2.h5,/xiangmu/data/VILMIL/features_biomedclip_20x/25025102B2.h5
25025109B2,True,True,True,True,/xiangmu/data/VILMIL/features_biomedclip_5x/25025109B2.h5,/xiangmu/data/VILMIL/features_biomedclip_20x/25025109B2.h5
25025240B,True,True,True,True,/xiangmu/data/VILMIL/features_biomedclip_5x/25025240B.h5,/xiangmu/data/VILMIL/features_biomedclip_20x/25025240B.h5
25025245B2,True,True,True,True,/xiangmu/data/VILMIL/features_biomedclip_5x/25025245B2.h5,/xiangmu/data/VILMIL/features_biomedclip_20x/25025245B2.h5
25025251B,True,True,True,True,/xiangmu/data/VILMIL/features_biomedclip_5x/25025251B.h5,/xiangmu/data/VILMIL/features_biomedclip_20x/25025251B.h5
25025262B2,True,True,True,True,/xiangmu/data/VILMIL/features_biomedclip_5x/25025262B2.h5,/xiangmu/data/VILMIL/features_biomedclip_20x/25025262B2.h5
25025297B,True,True,True,True,/xiangmu/data/VILMIL/features_biomedclip_5x/25025297B.h5,/xiangmu/data/VILMIL/features_biomedclip_20x/25025297B.h5
25025298B2,True,True,True,True,/xiangmu/data/VILMIL/features_biomedclip_5x/25025298B2.h5,/xiangmu/data/VILMIL/features_biomedclip_20x/25025298B2.h5
25025506B,True,True,True,True,/xiangmu/data/VILMIL/features_biomedclip_5x/25025506B.h5,/xiangmu/data/VILMIL/features_biomedclip_20x/25025506B.h5
25025509B2,True,True,True,True,/xiangmu/data/VILMIL/features_biomedclip_5x/25025509B2.h5,/xiangmu/data/VILMIL/features_biomedclip_20x/25025509B2.h5
25025510B1,True,True,True,True,/xiangmu/data/VILMIL/features_biomedclip_5x/25025510B1.h5,/xiangmu/data/VILMIL/features_biomedclip_20x/25025510B1.h5
25025510B3,True,True,True,True,/xiangmu/data/VILMIL/features_biomedclip_5x/25025510B3.h5,/xiangmu/data/VILMIL/features_biomedclip_20x/25025510B3.h5
25025567B3,True,True,True,True,/xiangmu/data/VILMIL/features_biomedclip_5x/25025567B3.h5,/xiangmu/data/VILMIL/features_biomedclip_20x/25025567B3.h5
25025570B2,True,True,True,True,/xiangmu/data/VILMIL/features_biomedclip_5x/25025570B2.h5,/xiangmu/data/VILMIL/features_biomedclip_20x/25025570B2.h5
25025575B2,True,True,True,True,/xiangmu/data/VILMIL/features_biomedclip_5x/25025575B2.h5,/xiangmu/data/VILMIL/features_biomedclip_20x/25025575B2.h5
25025602B2,True,True,True,True,/xiangmu/data/VILMIL/features_biomedclip_5x/25025602B2.h5,/xiangmu/data/VILMIL/features_biomedclip_20x/25025602B2.h5
25025675B2,True,True,True,True,/xiangmu/data/VILMIL/features_biomedclip_5x/25025675B2.h5,/xiangmu/data/VILMIL/features_biomedclip_20x/25025675B2.h5
25025788B2,True,True,True,True,/xiangmu/data/VILMIL/features_biomedclip_5x/25025788B2.h5,/xiangmu/data/VILMIL/features_biomedclip_20x/25025788B2.h5
25025953B2,True,True,True,True,/xiangmu/data/VILMIL/features_biomedclip_5x/25025953B2.h5,/xiangmu/data/VILMIL/features_biomedclip_20x/25025953B2.h5
25025960B2,True,True,True,True,/xiangmu/data/VILMIL/features_biomedclip_5x/25025960B2.h5,/xiangmu/data/VILMIL/features_biomedclip_20x/25025960B2.h5
25026075B2,True,True,True,True,/xiangmu/data/VILMIL/features_biomedclip_5x/25026075B2.h5,/xiangmu/data/VILMIL/features_biomedclip_20x/25026075B2.h5
25026081B2,True,True,True,True,/xiangmu/data/VILMIL/features_biomedclip_5x/25026081B2.h5,/xiangmu/data/VILMIL/features_biomedclip_20x/25026081B2.h5
25026103B3,True,True,True,True,/xiangmu/data/VILMIL/features_biomedclip_5x/25026103B3.h5,/xiangmu/data/VILMIL/features_biomedclip_20x/25026103B3.h5
25026163B,True,True,True,True,/xiangmu/data/VILMIL/features_biomedclip_5x/25026163B.h5,/xiangmu/data/VILMIL/features_biomedclip_20x/25026163B.h5
25026180B2,True,True,True,True,/xiangmu/data/VILMIL/features_biomedclip_5x/25026180B2.h5,/xiangmu/data/VILMIL/features_biomedclip_20x/25026180B2.h5
25026254B2,True,True,True,True,/xiangmu/data/VILMIL/features_biomedclip_5x/25026254B2.h5,/xiangmu/data/VILMIL/features_biomedclip_20x/25026254B2.h5
25026291B2,True,True,True,True,/xiangmu/data/VILMIL/features_biomedclip_5x/25026291B2.h5,/xiangmu/data/VILMIL/features_biomedclip_20x/25026291B2.h5
25026669B2,True,True,True,True,/xiangmu/data/VILMIL/features_biomedclip_5x/25026669B2.h5,/xiangmu/data/VILMIL/features_biomedclip_20x/25026669B2.h5
25026740B2,True,True,True,True,/xiangmu/data/VILMIL/features_biomedclip_5x/25026740B2.h5,/xiangmu/data/VILMIL/features_biomedclip_20x/25026740B2.h5
25026798B2,True,True,True,True,/xiangmu/data/VILMIL/features_biomedclip_5x/25026798B2.h5,/xiangmu/data/VILMIL/features_biomedclip_20x/25026798B2.h5
25027122B2,True,True,True,True,/xiangmu/data/VILMIL/features_biomedclip_5x/25027122B2.h5,/xiangmu/data/VILMIL/features_biomedclip_20x/25027122B2.h5
25027135B3,True,True,True,True,/xiangmu/data/VILMIL/features_biomedclip_5x/25027135B3.h5,/xiangmu/data/VILMIL/features_biomedclip_20x/25027135B3.h5
25027167B2,True,True,True,True,/xiangmu/data/VILMIL/features_biomedclip_5x/25027167B2.h5,/xiangmu/data/VILMIL/features_biomedclip_20x/25027167B2.h5
25027290B2,True,True,True,True,/xiangmu/data/VILMIL/features_biomedclip_5x/25027290B2.h5,/xiangmu/data/VILMIL/features_biomedclip_20x/25027290B2.h5
25012148B3,True,True,True,True,/xiangmu/data/VILMIL/features_biomedclip_5x/25012148B3.h5,/xiangmu/data/VILMIL/features_biomedclip_20x/25012148B3.h5
25017073B2,True,True,True,True,/xiangmu/data/VILMIL/features_biomedclip_5x/25017073B2.h5,/xiangmu/data/VILMIL/features_biomedclip_20x/25017073B2.h5
25018584B,True,True,True,True,/xiangmu/data/VILMIL/features_biomedclip_5x/25018584B.h5,/xiangmu/data/VILMIL/features_biomedclip_20x/25018584B.h5
25018592B,True,True,True,True,/xiangmu/data/VILMIL/features_biomedclip_5x/25018592B.h5,/xiangmu/data/VILMIL/features_biomedclip_20x/25018592B.h5
2490526B3,True,True,True,True,/xiangmu/data/VILMIL/features_biomedclip_5x/2490526B3.h5,/xiangmu/data/VILMIL/features_biomedclip_20x/2490526B3.h5
2490547B2,True,True,True,True,/xiangmu/data/VILMIL/features_biomedclip_5x/2490547B2.h5,/xiangmu/data/VILMIL/features_biomedclip_20x/2490547B2.h5
2490750B4,True,True,True,True,/xiangmu/data/VILMIL/features_biomedclip_5x/2490750B4.h5,/xiangmu/data/VILMIL/features_biomedclip_20x/2490750B4.h5
2490820B2,True,True,True,True,/xiangmu/data/VILMIL/features_biomedclip_5x/2490820B2.h5,/xiangmu/data/VILMIL/features_biomedclip_20x/2490820B2.h5
2490820B3,True,True,True,True,/xiangmu/data/VILMIL/features_biomedclip_5x/2490820B3.h5,/xiangmu/data/VILMIL/features_biomedclip_20x/2490820B3.h5
2490837B2,True,True,True,True,/xiangmu/data/VILMIL/features_biomedclip_5x/2490837B2.h5,/xiangmu/data/VILMIL/features_biomedclip_20x/2490837B2.h5
2490844B1,True,True,True,True,/xiangmu/data/VILMIL/features_biomedclip_5x/2490844B1.h5,/xiangmu/data/VILMIL/features_biomedclip_20x/2490844B1.h5
2490860B2,True,True,True,True,/xiangmu/data/VILMIL/features_biomedclip_5x/2490860B2.h5,/xiangmu/data/VILMIL/features_biomedclip_20x/2490860B2.h5
2490963B2,True,True,True,True,/xiangmu/data/VILMIL/features_biomedclip_5x/2490963B2.h5,/xiangmu/data/VILMIL/features_biomedclip_20x/2490963B2.h5
2490964B2,True,True,True,True,/xiangmu/data/VILMIL/features_biomedclip_5x/2490964B2.h5,/xiangmu/data/VILMIL/features_biomedclip_20x/2490964B2.h5
2490972B8,True,True,True,True,/xiangmu/data/VILMIL/features_biomedclip_5x/2490972B8.h5,/xiangmu/data/VILMIL/features_biomedclip_20x/2490972B8.h5
2490978B2,True,True,True,True,/xiangmu/data/VILMIL/features_biomedclip_5x/2490978B2.h5,/xiangmu/data/VILMIL/features_biomedclip_20x/2490978B2.h5
2491131B2,True,True,True,True,/xiangmu/data/VILMIL/features_biomedclip_5x/2491131B2.h5,/xiangmu/data/VILMIL/features_biomedclip_20x/2491131B2.h5
2491191B2,True,True,True,True,/xiangmu/data/VILMIL/features_biomedclip_5x/2491191B2.h5,/xiangmu/data/VILMIL/features_biomedclip_20x/2491191B2.h5
2491191B3,True,True,True,True,/xiangmu/data/VILMIL/features_biomedclip_5x/2491191B3.h5,/xiangmu/data/VILMIL/features_biomedclip_20x/2491191B3.h5
2491226B2,True,True,True,True,/xiangmu/data/VILMIL/features_biomedclip_5x/2491226B2.h5,/xiangmu/data/VILMIL/features_biomedclip_20x/2491226B2.h5
2491275B2,True,True,True,True,/xiangmu/data/VILMIL/features_biomedclip_5x/2491275B2.h5,/xiangmu/data/VILMIL/features_biomedclip_20x/2491275B2.h5
2491560B2,True,True,True,True,/xiangmu/data/VILMIL/features_biomedclip_5x/2491560B2.h5,/xiangmu/data/VILMIL/features_biomedclip_20x/2491560B2.h5
25001929B3,True,True,True,True,/xiangmu/data/VILMIL/features_biomedclip_5x/25001929B3.h5,/xiangmu/data/VILMIL/features_biomedclip_20x/25001929B3.h5
25001939B2,True,True,True,True,/xiangmu/data/VILMIL/features_biomedclip_5x/25001939B2.h5,/xiangmu/data/VILMIL/features_biomedclip_20x/25001939B2.h5
25001965B2,True,True,True,True,/xiangmu/data/VILMIL/features_biomedclip_5x/25001965B2.h5,/xiangmu/data/VILMIL/features_biomedclip_20x/25001965B2.h5
25001966B2,True,True,True,True,/xiangmu/data/VILMIL/features_biomedclip_5x/25001966B2.h5,/xiangmu/data/VILMIL/features_biomedclip_20x/25001966B2.h5
25002073B3,True,True,True,True,/xiangmu/data/VILMIL/features_biomedclip_5x/25002073B3.h5,/xiangmu/data/VILMIL/features_biomedclip_20x/25002073B3.h5
25002238B,True,True,True,True,/xiangmu/data/VILMIL/features_biomedclip_5x/25002238B.h5,/xiangmu/data/VILMIL/features_biomedclip_20x/25002238B.h5
25002328B2,True,True,True,True,/xiangmu/data/VILMIL/features_biomedclip_5x/25002328B2.h5,/xiangmu/data/VILMIL/features_biomedclip_20x/25002328B2.h5
25002329B2,True,True,True,True,/xiangmu/data/VILMIL/features_biomedclip_5x/25002329B2.h5,/xiangmu/data/VILMIL/features_biomedclip_20x/25002329B2.h5
25002366B6,True,True,True,True,/xiangmu/data/VILMIL/features_biomedclip_5x/25002366B6.h5,/xiangmu/data/VILMIL/features_biomedclip_20x/25002366B6.h5
25002388B2,True,True,True,True,/xiangmu/data/VILMIL/features_biomedclip_5x/25002388B2.h5,/xiangmu/data/VILMIL/features_biomedclip_20x/25002388B2.h5
25002391B2,True,True,True,True,/xiangmu/data/VILMIL/features_biomedclip_5x/25002391B2.h5,/xiangmu/data/VILMIL/features_biomedclip_20x/25002391B2.h5
25002472B2,True,True,True,True,/xiangmu/data/VILMIL/features_biomedclip_5x/25002472B2.h5,/xiangmu/data/VILMIL/features_biomedclip_20x/25002472B2.h5
25002496B2,True,True,True,True,/xiangmu/data/VILMIL/features_biomedclip_5x/25002496B2.h5,/xiangmu/data/VILMIL/features_biomedclip_20x/25002496B2.h5
25002504B2,True,True,True,True,/xiangmu/data/VILMIL/features_biomedclip_5x/25002504B2.h5,/xiangmu/data/VILMIL/features_biomedclip_20x/25002504B2.h5
25002663B5,True,True,True,True,/xiangmu/data/VILMIL/features_biomedclip_5x/25002663B5.h5,/xiangmu/data/VILMIL/features_biomedclip_20x/25002663B5.h5
25002744B2,True,True,True,True,/xiangmu/data/VILMIL/features_biomedclip_5x/25002744B2.h5,/xiangmu/data/VILMIL/features_biomedclip_20x/25002744B2.h5
25002788B2,True,True,True,True,/xiangmu/data/VILMIL/features_biomedclip_5x/25002788B2.h5,/xiangmu/data/VILMIL/features_biomedclip_20x/25002788B2.h5
25002789B2,True,True,True,True,/xiangmu/data/VILMIL/features_biomedclip_5x/25002789B2.h5,/xiangmu/data/VILMIL/features_biomedclip_20x/25002789B2.h5
25002801B1,True,True,True,True,/xiangmu/data/VILMIL/features_biomedclip_5x/25002801B1.h5,/xiangmu/data/VILMIL/features_biomedclip_20x/25002801B1.h5
25002804B2,True,True,True,True,/xiangmu/data/VILMIL/features_biomedclip_5x/25002804B2.h5,/xiangmu/data/VILMIL/features_biomedclip_20x/25002804B2.h5
25002897B2,True,True,True,True,/xiangmu/data/VILMIL/features_biomedclip_5x/25002897B2.h5,/xiangmu/data/VILMIL/features_biomedclip_20x/25002897B2.h5
25002898B2,True,True,True,True,/xiangmu/data/VILMIL/features_biomedclip_5x/25002898B2.h5,/xiangmu/data/VILMIL/features_biomedclip_20x/25002898B2.h5
25002906B2,True,True,True,True,/xiangmu/data/VILMIL/features_biomedclip_5x/25002906B2.h5,/xiangmu/data/VILMIL/features_biomedclip_20x/25002906B2.h5
25002907B3,True,True,True,True,/xiangmu/data/VILMIL/features_biomedclip_5x/25002907B3.h5,/xiangmu/data/VILMIL/features_biomedclip_20x/25002907B3.h5
25003038B2,True,True,True,True,/xiangmu/data/VILMIL/features_biomedclip_5x/25003038B2.h5,/xiangmu/data/VILMIL/features_biomedclip_20x/25003038B2.h5
25009124B2,True,True,True,True,/xiangmu/data/VILMIL/features_biomedclip_5x/25009124B2.h5,/xiangmu/data/VILMIL/features_biomedclip_20x/25009124B2.h5
25009148B3,True,True,True,True,/xiangmu/data/VILMIL/features_biomedclip_5x/25009148B3.h5,/xiangmu/data/VILMIL/features_biomedclip_20x/25009148B3.h5
25009148B4,True,True,True,True,/xiangmu/data/VILMIL/features_biomedclip_5x/25009148B4.h5,/xiangmu/data/VILMIL/features_biomedclip_20x/25009148B4.h5
25009294B2,True,True,True,True,/xiangmu/data/VILMIL/features_biomedclip_5x/25009294B2.h5,/xiangmu/data/VILMIL/features_biomedclip_20x/25009294B2.h5
25009297B,True,True,True,True,/xiangmu/data/VILMIL/features_biomedclip_5x/25009297B.h5,/xiangmu/data/VILMIL/features_biomedclip_20x/25009297B.h5
25009367B2,True,True,True,True,/xiangmu/data/VILMIL/features_biomedclip_5x/25009367B2.h5,/xiangmu/data/VILMIL/features_biomedclip_20x/25009367B2.h5
25009529B2,True,True,True,True,/xiangmu/data/VILMIL/features_biomedclip_5x/25009529B2.h5,/xiangmu/data/VILMIL/features_biomedclip_20x/25009529B2.h5
25009539B3,True,True,True,True,/xiangmu/data/VILMIL/features_biomedclip_5x/25009539B3.h5,/xiangmu/data/VILMIL/features_biomedclip_20x/25009539B3.h5
25009578B4,True,True,True,True,/xiangmu/data/VILMIL/features_biomedclip_5x/25009578B4.h5,/xiangmu/data/VILMIL/features_biomedclip_20x/25009578B4.h5
25009747B,True,True,True,True,/xiangmu/data/VILMIL/features_biomedclip_5x/25009747B.h5,/xiangmu/data/VILMIL/features_biomedclip_20x/25009747B.h5
25009756B2,True,True,True,True,/xiangmu/data/VILMIL/features_biomedclip_5x/25009756B2.h5,/xiangmu/data/VILMIL/features_biomedclip_20x/25009756B2.h5
25015064B,True,True,True,True,/xiangmu/data/VILMIL/features_biomedclip_5x/25015064B.h5,/xiangmu/data/VILMIL/features_biomedclip_20x/25015064B.h5
2460615-B4,True,True,True,True,/xiangmu/data/VILMIL/features_biomedclip_5x/2460615-B4.h5,/xiangmu/data/VILMIL/features_biomedclip_20x/2460615-B4.h5
2460943-B3,True,True,True,True,/xiangmu/data/VILMIL/features_biomedclip_5x/2460943-B3.h5,/xiangmu/data/VILMIL/features_biomedclip_20x/2460943-B3.h5
2462468-B2,True,True,True,True,/xiangmu/data/VILMIL/features_biomedclip_5x/2462468-B2.h5,/xiangmu/data/VILMIL/features_biomedclip_20x/2462468-B2.h5
2462609-B2,True,True,True,True,/xiangmu/data/VILMIL/features_biomedclip_5x/2462609-B2.h5,/xiangmu/data/VILMIL/features_biomedclip_20x/2462609-B2.h5
2462939-B,True,True,True,True,/xiangmu/data/VILMIL/features_biomedclip_5x/2462939-B.h5,/xiangmu/data/VILMIL/features_biomedclip_20x/2462939-B.h5
2463367-B2,True,True,True,True,/xiangmu/data/VILMIL/features_biomedclip_5x/2463367-B2.h5,/xiangmu/data/VILMIL/features_biomedclip_20x/2463367-B2.h5
2476286-B2,True,True,True,True,/xiangmu/data/VILMIL/features_biomedclip_5x/2476286-B2.h5,/xiangmu/data/VILMIL/features_biomedclip_20x/2476286-B2.h5
2476299-B2,True,True,True,True,/xiangmu/data/VILMIL/features_biomedclip_5x/2476299-B2.h5,/xiangmu/data/VILMIL/features_biomedclip_20x/2476299-B2.h5
2476693-B3,True,True,True,True,/xiangmu/data/VILMIL/features_biomedclip_5x/2476693-B3.h5,/xiangmu/data/VILMIL/features_biomedclip_20x/2476693-B3.h5
2477926-B4,True,True,True,True,/xiangmu/data/VILMIL/features_biomedclip_5x/2477926-B4.h5,/xiangmu/data/VILMIL/features_biomedclip_20x/2477926-B4.h5
2482111-B2,True,True,True,True,/xiangmu/data/VILMIL/features_biomedclip_5x/2482111-B2.h5,/xiangmu/data/VILMIL/features_biomedclip_20x/2482111-B2.h5
2482883-B2,True,True,True,True,/xiangmu/data/VILMIL/features_biomedclip_5x/2482883-B2.h5,/xiangmu/data/VILMIL/features_biomedclip_20x/2482883-B2.h5
2483073-B3,True,True,True,True,/xiangmu/data/VILMIL/features_biomedclip_5x/2483073-B3.h5,/xiangmu/data/VILMIL/features_biomedclip_20x/2483073-B3.h5
2483850-B2,True,True,True,True,/xiangmu/data/VILMIL/features_biomedclip_5x/2483850-B2.h5,/xiangmu/data/VILMIL/features_biomedclip_20x/2483850-B2.h5
2484660-B2,True,True,True,True,/xiangmu/data/VILMIL/features_biomedclip_5x/2484660-B2.h5,/xiangmu/data/VILMIL/features_biomedclip_20x/2484660-B2.h5
2484791-B2,True,True,True,True,/xiangmu/data/VILMIL/features_biomedclip_5x/2484791-B2.h5,/xiangmu/data/VILMIL/features_biomedclip_20x/2484791-B2.h5
2484862-B3,True,True,True,True,/xiangmu/data/VILMIL/features_biomedclip_5x/2484862-B3.h5,/xiangmu/data/VILMIL/features_biomedclip_20x/2484862-B3.h5
2485164-B2,True,True,True,True,/xiangmu/data/VILMIL/features_biomedclip_5x/2485164-B2.h5,/xiangmu/data/VILMIL/features_biomedclip_20x/2485164-B2.h5
2485276-B3,True,True,True,True,/xiangmu/data/VILMIL/features_biomedclip_5x/2485276-B3.h5,/xiangmu/data/VILMIL/features_biomedclip_20x/2485276-B3.h5
2485473-B2,True,True,True,True,/xiangmu/data/VILMIL/features_biomedclip_5x/2485473-B2.h5,/xiangmu/data/VILMIL/features_biomedclip_20x/2485473-B2.h5
2485536-B2,True,True,True,True,/xiangmu/data/VILMIL/features_biomedclip_5x/2485536-B2.h5,/xiangmu/data/VILMIL/features_biomedclip_20x/2485536-B2.h5
2485632-B,True,True,True,True,/xiangmu/data/VILMIL/features_biomedclip_5x/2485632-B.h5,/xiangmu/data/VILMIL/features_biomedclip_20x/2485632-B.h5
2486102-B2,True,True,True,True,/xiangmu/data/VILMIL/features_biomedclip_5x/2486102-B2.h5,/xiangmu/data/VILMIL/features_biomedclip_20x/2486102-B2.h5
2487043-B,True,True,True,True,/xiangmu/data/VILMIL/features_biomedclip_5x/2487043-B.h5,/xiangmu/data/VILMIL/features_biomedclip_20x/2487043-B.h5
2487053-B2,True,True,True,True,/xiangmu/data/VILMIL/features_biomedclip_5x/2487053-B2.h5,/xiangmu/data/VILMIL/features_biomedclip_20x/2487053-B2.h5
2487063-B2,True,True,True,True,/xiangmu/data/VILMIL/features_biomedclip_5x/2487063-B2.h5,/xiangmu/data/VILMIL/features_biomedclip_20x/2487063-B2.h5
2487518-B,True,True,True,True,/xiangmu/data/VILMIL/features_biomedclip_5x/2487518-B.h5,/xiangmu/data/VILMIL/features_biomedclip_20x/2487518-B.h5
2487567-B2,True,True,True,True,/xiangmu/data/VILMIL/features_biomedclip_5x/2487567-B2.h5,/xiangmu/data/VILMIL/features_biomedclip_20x/2487567-B2.h5
2488040-B,True,True,True,True,/xiangmu/data/VILMIL/features_biomedclip_5x/2488040-B.h5,/xiangmu/data/VILMIL/features_biomedclip_20x/2488040-B.h5
2488302-B2,True,True,True,True,/xiangmu/data/VILMIL/features_biomedclip_5x/2488302-B2.h5,/xiangmu/data/VILMIL/features_biomedclip_20x/2488302-B2.h5
2488335-B,True,True,True,True,/xiangmu/data/VILMIL/features_biomedclip_5x/2488335-B.h5,/xiangmu/data/VILMIL/features_biomedclip_20x/2488335-B.h5
2488960-B2,True,True,True,True,/xiangmu/data/VILMIL/features_biomedclip_5x/2488960-B2.h5,/xiangmu/data/VILMIL/features_biomedclip_20x/2488960-B2.h5
2488987-B2,True,True,True,True,/xiangmu/data/VILMIL/features_biomedclip_5x/2488987-B2.h5,/xiangmu/data/VILMIL/features_biomedclip_20x/2488987-B2.h5
25012737B4,True,True,True,True,/xiangmu/data/VILMIL/features_biomedclip_5x/25012737B4.h5,/xiangmu/data/VILMIL/features_biomedclip_20x/25012737B4.h5
25013062B2,True,True,True,True,/xiangmu/data/VILMIL/features_biomedclip_5x/25013062B2.h5,/xiangmu/data/VILMIL/features_biomedclip_20x/25013062B2.h5
25013189B4,True,True,True,True,/xiangmu/data/VILMIL/features_biomedclip_5x/25013189B4.h5,/xiangmu/data/VILMIL/features_biomedclip_20x/25013189B4.h5
25013629B6,True,True,True,True,/xiangmu/data/VILMIL/features_biomedclip_5x/25013629B6.h5,/xiangmu/data/VILMIL/features_biomedclip_20x/25013629B6.h5
25013977B2,True,True,True,True,/xiangmu/data/VILMIL/features_biomedclip_5x/25013977B2.h5,/xiangmu/data/VILMIL/features_biomedclip_20x/25013977B2.h5
25014298B2,True,True,True,True,/xiangmu/data/VILMIL/features_biomedclip_5x/25014298B2.h5,/xiangmu/data/VILMIL/features_biomedclip_20x/25014298B2.h5
25014627B3,True,True,True,True,/xiangmu/data/VILMIL/features_biomedclip_5x/25014627B3.h5,/xiangmu/data/VILMIL/features_biomedclip_20x/25014627B3.h5
25015052B3,True,True,True,True,/xiangmu/data/VILMIL/features_biomedclip_5x/25015052B3.h5,/xiangmu/data/VILMIL/features_biomedclip_20x/25015052B3.h5
25015191B2,True,True,True,True,/xiangmu/data/VILMIL/features_biomedclip_5x/25015191B2.h5,/xiangmu/data/VILMIL/features_biomedclip_20x/25015191B2.h5
25015191B3,True,True,True,True,/xiangmu/data/VILMIL/features_biomedclip_5x/25015191B3.h5,/xiangmu/data/VILMIL/features_biomedclip_20x/25015191B3.h5
25015215B2,True,True,True,True,/xiangmu/data/VILMIL/features_biomedclip_5x/25015215B2.h5,/xiangmu/data/VILMIL/features_biomedclip_20x/25015215B2.h5
25015421B3,True,True,True,True,/xiangmu/data/VILMIL/features_biomedclip_5x/25015421B3.h5,/xiangmu/data/VILMIL/features_biomedclip_20x/25015421B3.h5
25015471B,True,True,True,True,/xiangmu/data/VILMIL/features_biomedclip_5x/25015471B.h5,/xiangmu/data/VILMIL/features_biomedclip_20x/25015471B.h5
25015496B,True,True,True,True,/xiangmu/data/VILMIL/features_biomedclip_5x/25015496B.h5,/xiangmu/data/VILMIL/features_biomedclip_20x/25015496B.h5
25015594B2,True,True,True,True,/xiangmu/data/VILMIL/features_biomedclip_5x/25015594B2.h5,/xiangmu/data/VILMIL/features_biomedclip_20x/25015594B2.h5
25015608B2,True,True,True,True,/xiangmu/data/VILMIL/features_biomedclip_5x/25015608B2.h5,/xiangmu/data/VILMIL/features_biomedclip_20x/25015608B2.h5
25015640B3,True,True,True,True,/xiangmu/data/VILMIL/features_biomedclip_5x/25015640B3.h5,/xiangmu/data/VILMIL/features_biomedclip_20x/25015640B3.h5
25015640B5,True,True,True,True,/xiangmu/data/VILMIL/features_biomedclip_5x/25015640B5.h5,/xiangmu/data/VILMIL/features_biomedclip_20x/25015640B5.h5
25015784B2,True,True,True,True,/xiangmu/data/VILMIL/features_biomedclip_5x/25015784B2.h5,/xiangmu/data/VILMIL/features_biomedclip_20x/25015784B2.h5
25015798B2,True,True,True,True,/xiangmu/data/VILMIL/features_biomedclip_5x/25015798B2.h5,/xiangmu/data/VILMIL/features_biomedclip_20x/25015798B2.h5
25015867B2,True,True,True,True,/xiangmu/data/VILMIL/features_biomedclip_5x/25015867B2.h5,/xiangmu/data/VILMIL/features_biomedclip_20x/25015867B2.h5
25016027B,True,True,True,True,/xiangmu/data/VILMIL/features_biomedclip_5x/25016027B.h5,/xiangmu/data/VILMIL/features_biomedclip_20x/25016027B.h5
25016031B2,True,True,True,True,/xiangmu/data/VILMIL/features_biomedclip_5x/25016031B2.h5,/xiangmu/data/VILMIL/features_biomedclip_20x/25016031B2.h5
25016827B2,True,True,True,True,/xiangmu/data/VILMIL/features_biomedclip_5x/25016827B2.h5,/xiangmu/data/VILMIL/features_biomedclip_20x/25016827B2.h5
25017341B3,True,True,True,True,/xiangmu/data/VILMIL/features_biomedclip_5x/25017341B3.h5,/xiangmu/data/VILMIL/features_biomedclip_20x/25017341B3.h5
25017342B2,True,True,True,True,/xiangmu/data/VILMIL/features_biomedclip_5x/25017342B2.h5,/xiangmu/data/VILMIL/features_biomedclip_20x/25017342B2.h5
25017355B4,True,True,True,True,/xiangmu/data/VILMIL/features_biomedclip_5x/25017355B4.h5,/xiangmu/data/VILMIL/features_biomedclip_20x/25017355B4.h5
25017499B,True,True,True,True,/xiangmu/data/VILMIL/features_biomedclip_5x/25017499B.h5,/xiangmu/data/VILMIL/features_biomedclip_20x/25017499B.h5
25017500B,True,True,True,True,/xiangmu/data/VILMIL/features_biomedclip_5x/25017500B.h5,/xiangmu/data/VILMIL/features_biomedclip_20x/25017500B.h5
25017592B3,True,True,True,True,/xiangmu/data/VILMIL/features_biomedclip_5x/25017592B3.h5,/xiangmu/data/VILMIL/features_biomedclip_20x/25017592B3.h5
25017730B2,True,True,True,True,/xiangmu/data/VILMIL/features_biomedclip_5x/25017730B2.h5,/xiangmu/data/VILMIL/features_biomedclip_20x/25017730B2.h5
25017739B2,True,True,True,True,/xiangmu/data/VILMIL/features_biomedclip_5x/25017739B2.h5,/xiangmu/data/VILMIL/features_biomedclip_20x/25017739B2.h5
25017923B,True,True,True,True,/xiangmu/data/VILMIL/features_biomedclip_5x/25017923B.h5,/xiangmu/data/VILMIL/features_biomedclip_20x/25017923B.h5
25017930B,True,True,True,True,/xiangmu/data/VILMIL/features_biomedclip_5x/25017930B.h5,/xiangmu/data/VILMIL/features_biomedclip_20x/25017930B.h5
25018478B2,True,True,True,True,/xiangmu/data/VILMIL/features_biomedclip_5x/25018478B2.h5,/xiangmu/data/VILMIL/features_biomedclip_20x/25018478B2.h5
25018956B3,True,True,True,True,/xiangmu/data/VILMIL/features_biomedclip_5x/25018956B3.h5,/xiangmu/data/VILMIL/features_biomedclip_20x/25018956B3.h5
25019094B8,True,True,True,True,/xiangmu/data/VILMIL/features_biomedclip_5x/25019094B8.h5,/xiangmu/data/VILMIL/features_biomedclip_20x/25019094B8.h5
25019273B,True,True,True,True,/xiangmu/data/VILMIL/features_biomedclip_5x/25019273B.h5,/xiangmu/data/VILMIL/features_biomedclip_20x/25019273B.h5
25019294B1,True,True,True,True,/xiangmu/data/VILMIL/features_biomedclip_5x/25019294B1.h5,/xiangmu/data/VILMIL/features_biomedclip_20x/25019294B1.h5
25019294B2,True,True,True,True,/xiangmu/data/VILMIL/features_biomedclip_5x/25019294B2.h5,/xiangmu/data/VILMIL/features_biomedclip_20x/25019294B2.h5
25019335B6,True,True,True,True,/xiangmu/data/VILMIL/features_biomedclip_5x/25019335B6.h5,/xiangmu/data/VILMIL/features_biomedclip_20x/25019335B6.h5
25019339B2,True,True,True,True,/xiangmu/data/VILMIL/features_biomedclip_5x/25019339B2.h5,/xiangmu/data/VILMIL/features_biomedclip_20x/25019339B2.h5
25019339B3,True,True,True,True,/xiangmu/data/VILMIL/features_biomedclip_5x/25019339B3.h5,/xiangmu/data/VILMIL/features_biomedclip_20x/25019339B3.h5
25019474B2,True,True,True,True,/xiangmu/data/VILMIL/features_biomedclip_5x/25019474B2.h5,/xiangmu/data/VILMIL/features_biomedclip_20x/25019474B2.h5
25019503B,True,True,True,True,/xiangmu/data/VILMIL/features_biomedclip_5x/25019503B.h5,/xiangmu/data/VILMIL/features_biomedclip_20x/25019503B.h5
25019629B2,True,True,True,True,/xiangmu/data/VILMIL/features_biomedclip_5x/25019629B2.h5,/xiangmu/data/VILMIL/features_biomedclip_20x/25019629B2.h5
25019675B2,True,True,True,True,/xiangmu/data/VILMIL/features_biomedclip_5x/25019675B2.h5,/xiangmu/data/VILMIL/features_biomedclip_20x/25019675B2.h5
25019705B2,True,True,True,True,/xiangmu/data/VILMIL/features_biomedclip_5x/25019705B2.h5,/xiangmu/data/VILMIL/features_biomedclip_20x/25019705B2.h5
25020232B,True,True,True,True,/xiangmu/data/VILMIL/features_biomedclip_5x/25020232B.h5,/xiangmu/data/VILMIL/features_biomedclip_20x/25020232B.h5
25020353B2,True,True,True,True,/xiangmu/data/VILMIL/features_biomedclip_5x/25020353B2.h5,/xiangmu/data/VILMIL/features_biomedclip_20x/25020353B2.h5
25020556B4,True,True,True,True,/xiangmu/data/VILMIL/features_biomedclip_5x/25020556B4.h5,/xiangmu/data/VILMIL/features_biomedclip_20x/25020556B4.h5
25020714B4,True,True,True,True,/xiangmu/data/VILMIL/features_biomedclip_5x/25020714B4.h5,/xiangmu/data/VILMIL/features_biomedclip_20x/25020714B4.h5
25020799B3,True,True,True,True,/xiangmu/data/VILMIL/features_biomedclip_5x/25020799B3.h5,/xiangmu/data/VILMIL/features_biomedclip_20x/25020799B3.h5
25020799B5,True,True,True,True,/xiangmu/data/VILMIL/features_biomedclip_5x/25020799B5.h5,/xiangmu/data/VILMIL/features_biomedclip_20x/25020799B5.h5
25021196B2,True,True,True,True,/xiangmu/data/VILMIL/features_biomedclip_5x/25021196B2.h5,/xiangmu/data/VILMIL/features_biomedclip_20x/25021196B2.h5
25021277B3,True,True,True,True,/xiangmu/data/VILMIL/features_biomedclip_5x/25021277B3.h5,/xiangmu/data/VILMIL/features_biomedclip_20x/25021277B3.h5
25021277B4,True,True,True,True,/xiangmu/data/VILMIL/features_biomedclip_5x/25021277B4.h5,/xiangmu/data/VILMIL/features_biomedclip_20x/25021277B4.h5
25021421B2,True,True,True,True,/xiangmu/data/VILMIL/features_biomedclip_5x/25021421B2.h5,/xiangmu/data/VILMIL/features_biomedclip_20x/25021421B2.h5
25021487B,True,True,True,True,/xiangmu/data/VILMIL/features_biomedclip_5x/25021487B.h5,/xiangmu/data/VILMIL/features_biomedclip_20x/25021487B.h5
25021555B2,True,True,True,True,/xiangmu/data/VILMIL/features_biomedclip_5x/25021555B2.h5,/xiangmu/data/VILMIL/features_biomedclip_20x/25021555B2.h5
25021558B2,True,True,True,True,/xiangmu/data/VILMIL/features_biomedclip_5x/25021558B2.h5,/xiangmu/data/VILMIL/features_biomedclip_20x/25021558B2.h5
25021665B2,True,True,True,True,/xiangmu/data/VILMIL/features_biomedclip_5x/25021665B2.h5,/xiangmu/data/VILMIL/features_biomedclip_20x/25021665B2.h5
25021665B3,True,True,True,True,/xiangmu/data/VILMIL/features_biomedclip_5x/25021665B3.h5,/xiangmu/data/VILMIL/features_biomedclip_20x/25021665B3.h5
25021672B,True,True,True,True,/xiangmu/data/VILMIL/features_biomedclip_5x/25021672B.h5,/xiangmu/data/VILMIL/features_biomedclip_20x/25021672B.h5
25021735B5,True,True,True,True,/xiangmu/data/VILMIL/features_biomedclip_5x/25021735B5.h5,/xiangmu/data/VILMIL/features_biomedclip_20x/25021735B5.h5
25021890B4,True,True,True,True,/xiangmu/data/VILMIL/features_biomedclip_5x/25021890B4.h5,/xiangmu/data/VILMIL/features_biomedclip_20x/25021890B4.h5
25021890B6,True,True,True,True,/xiangmu/data/VILMIL/features_biomedclip_5x/25021890B6.h5,/xiangmu/data/VILMIL/features_biomedclip_20x/25021890B6.h5
25021922B2,True,True,True,True,/xiangmu/data/VILMIL/features_biomedclip_5x/25021922B2.h5,/xiangmu/data/VILMIL/features_biomedclip_20x/25021922B2.h5
25022013B,True,True,True,True,/xiangmu/data/VILMIL/features_biomedclip_5x/25022013B.h5,/xiangmu/data/VILMIL/features_biomedclip_20x/25022013B.h5
25022344B2,True,True,True,True,/xiangmu/data/VILMIL/features_biomedclip_5x/25022344B2.h5,/xiangmu/data/VILMIL/features_biomedclip_20x/25022344B2.h5
25022458B2,True,True,True,True,/xiangmu/data/VILMIL/features_biomedclip_5x/25022458B2.h5,/xiangmu/data/VILMIL/features_biomedclip_20x/25022458B2.h5
25022584B2,True,True,True,True,/xiangmu/data/VILMIL/features_biomedclip_5x/25022584B2.h5,/xiangmu/data/VILMIL/features_biomedclip_20x/25022584B2.h5
25022584B3,True,True,True,True,/xiangmu/data/VILMIL/features_biomedclip_5x/25022584B3.h5,/xiangmu/data/VILMIL/features_biomedclip_20x/25022584B3.h5
25022613B2,True,True,True,True,/xiangmu/data/VILMIL/features_biomedclip_5x/25022613B2.h5,/xiangmu/data/VILMIL/features_biomedclip_20x/25022613B2.h5
25023174B2,True,True,True,True,/xiangmu/data/VILMIL/features_biomedclip_5x/25023174B2.h5,/xiangmu/data/VILMIL/features_biomedclip_20x/25023174B2.h5
25023327B3,True,True,True,True,/xiangmu/data/VILMIL/features_biomedclip_5x/25023327B3.h5,/xiangmu/data/VILMIL/features_biomedclip_20x/25023327B3.h5
25023687B3,True,True,True,True,/xiangmu/data/VILMIL/features_biomedclip_5x/25023687B3.h5,/xiangmu/data/VILMIL/features_biomedclip_20x/25023687B3.h5
25023687B4,True,True,True,True,/xiangmu/data/VILMIL/features_biomedclip_5x/25023687B4.h5,/xiangmu/data/VILMIL/features_biomedclip_20x/25023687B4.h5
25023828B,True,True,True,True,/xiangmu/data/VILMIL/features_biomedclip_5x/25023828B.h5,/xiangmu/data/VILMIL/features_biomedclip_20x/25023828B.h5
25023846B4,True,True,True,True,/xiangmu/data/VILMIL/features_biomedclip_5x/25023846B4.h5,/xiangmu/data/VILMIL/features_biomedclip_20x/25023846B4.h5
25023935B2,True,True,True,True,/xiangmu/data/VILMIL/features_biomedclip_5x/25023935B2.h5,/xiangmu/data/VILMIL/features_biomedclip_20x/25023935B2.h5
25023961B2,True,True,True,True,/xiangmu/data/VILMIL/features_biomedclip_5x/25023961B2.h5,/xiangmu/data/VILMIL/features_biomedclip_20x/25023961B2.h5
25023972B3,True,True,True,True,/xiangmu/data/VILMIL/features_biomedclip_5x/25023972B3.h5,/xiangmu/data/VILMIL/features_biomedclip_20x/25023972B3.h5
25024254B2,True,True,True,True,/xiangmu/data/VILMIL/features_biomedclip_5x/25024254B2.h5,/xiangmu/data/VILMIL/features_biomedclip_20x/25024254B2.h5
25024433B2,True,True,True,True,/xiangmu/data/VILMIL/features_biomedclip_5x/25024433B2.h5,/xiangmu/data/VILMIL/features_biomedclip_20x/25024433B2.h5
25024695B2,True,True,True,True,/xiangmu/data/VILMIL/features_biomedclip_5x/25024695B2.h5,/xiangmu/data/VILMIL/features_biomedclip_20x/25024695B2.h5
25024765B2,True,True,True,True,/xiangmu/data/VILMIL/features_biomedclip_5x/25024765B2.h5,/xiangmu/data/VILMIL/features_biomedclip_20x/25024765B2.h5
25024855B4,True,True,True,True,/xiangmu/data/VILMIL/features_biomedclip_5x/25024855B4.h5,/xiangmu/data/VILMIL/features_biomedclip_20x/25024855B4.h5
25024875B2,True,True,True,True,/xiangmu/data/VILMIL/features_biomedclip_5x/25024875B2.h5,/xiangmu/data/VILMIL/features_biomedclip_20x/25024875B2.h5
25024982B1,True,True,True,True,/xiangmu/data/VILMIL/features_biomedclip_5x/25024982B1.h5,/xiangmu/data/VILMIL/features_biomedclip_20x/25024982B1.h5
25025076B,True,True,True,True,/xiangmu/data/VILMIL/features_biomedclip_5x/25025076B.h5,/xiangmu/data/VILMIL/features_biomedclip_20x/25025076B.h5
25025087B,True,True,True,True,/xiangmu/data/VILMIL/features_biomedclip_5x/25025087B.h5,/xiangmu/data/VILMIL/features_biomedclip_20x/25025087B.h5
25025097B,True,True,True,True,/xiangmu/data/VILMIL/features_biomedclip_5x/25025097B.h5,/xiangmu/data/VILMIL/features_biomedclip_20x/25025097B.h5
25025291B,True,True,True,True,/xiangmu/data/VILMIL/features_biomedclip_5x/25025291B.h5,/xiangmu/data/VILMIL/features_biomedclip_20x/25025291B.h5
25025293B2,True,True,True,True,/xiangmu/data/VILMIL/features_biomedclip_5x/25025293B2.h5,/xiangmu/data/VILMIL/features_biomedclip_20x/25025293B2.h5
25025567B4,True,True,True,True,/xiangmu/data/VILMIL/features_biomedclip_5x/25025567B4.h5,/xiangmu/data/VILMIL/features_biomedclip_20x/25025567B4.h5
25025569B,True,True,True,True,/xiangmu/data/VILMIL/features_biomedclip_5x/25025569B.h5,/xiangmu/data/VILMIL/features_biomedclip_20x/25025569B.h5
25025616B,True,True,True,True,/xiangmu/data/VILMIL/features_biomedclip_5x/25025616B.h5,/xiangmu/data/VILMIL/features_biomedclip_20x/25025616B.h5
25025951B,True,True,True,True,/xiangmu/data/VILMIL/features_biomedclip_5x/25025951B.h5,/xiangmu/data/VILMIL/features_biomedclip_20x/25025951B.h5
25025954B3,True,True,True,True,/xiangmu/data/VILMIL/features_biomedclip_5x/25025954B3.h5,/xiangmu/data/VILMIL/features_biomedclip_20x/25025954B3.h5
25025975B2,True,True,True,True,/xiangmu/data/VILMIL/features_biomedclip_5x/25025975B2.h5,/xiangmu/data/VILMIL/features_biomedclip_20x/25025975B2.h5
25026103B2,True,True,True,True,/xiangmu/data/VILMIL/features_biomedclip_5x/25026103B2.h5,/xiangmu/data/VILMIL/features_biomedclip_20x/25026103B2.h5
25026144B2,True,True,True,True,/xiangmu/data/VILMIL/features_biomedclip_5x/25026144B2.h5,/xiangmu/data/VILMIL/features_biomedclip_20x/25026144B2.h5
25026144B3,True,True,True,True,/xiangmu/data/VILMIL/features_biomedclip_5x/25026144B3.h5,/xiangmu/data/VILMIL/features_biomedclip_20x/25026144B3.h5
25026285B2,True,True,True,True,/xiangmu/data/VILMIL/features_biomedclip_5x/25026285B2.h5,/xiangmu/data/VILMIL/features_biomedclip_20x/25026285B2.h5
25026294B3,True,True,True,True,/xiangmu/data/VILMIL/features_biomedclip_5x/25026294B3.h5,/xiangmu/data/VILMIL/features_biomedclip_20x/25026294B3.h5
25026499B3,True,True,True,True,/xiangmu/data/VILMIL/features_biomedclip_5x/25026499B3.h5,/xiangmu/data/VILMIL/features_biomedclip_20x/25026499B3.h5
25026509B,True,True,True,True,/xiangmu/data/VILMIL/features_biomedclip_5x/25026509B.h5,/xiangmu/data/VILMIL/features_biomedclip_20x/25026509B.h5
25026752B,True,True,True,True,/xiangmu/data/VILMIL/features_biomedclip_5x/25026752B.h5,/xiangmu/data/VILMIL/features_biomedclip_20x/25026752B.h5
25026782B3,True,True,True,True,/xiangmu/data/VILMIL/features_biomedclip_5x/25026782B3.h5,/xiangmu/data/VILMIL/features_biomedclip_20x/25026782B3.h5
25026797B2,True,True,True,True,/xiangmu/data/VILMIL/features_biomedclip_5x/25026797B2.h5,/xiangmu/data/VILMIL/features_biomedclip_20x/25026797B2.h5
25027131B2,True,True,True,True,/xiangmu/data/VILMIL/features_biomedclip_5x/25027131B2.h5,/xiangmu/data/VILMIL/features_biomedclip_20x/25027131B2.h5
25027181B2,True,True,True,True,/xiangmu/data/VILMIL/features_biomedclip_5x/25027181B2.h5,/xiangmu/data/VILMIL/features_biomedclip_20x/25027181B2.h5
25027181B3,True,True,True,True,/xiangmu/data/VILMIL/features_biomedclip_5x/25027181B3.h5,/xiangmu/data/VILMIL/features_biomedclip_20x/25027181B3.h5
25027181B4,True,True,True,True,/xiangmu/data/VILMIL/features_biomedclip_5x/25027181B4.h5,/xiangmu/data/VILMIL/features_biomedclip_20x/25027181B4.h5
25027181B5,True,True,True,True,/xiangmu/data/VILMIL/features_biomedclip_5x/25027181B5.h5,/xiangmu/data/VILMIL/features_biomedclip_20x/25027181B5.h5
25027181B6,True,True,True,True,/xiangmu/data/VILMIL/features_biomedclip_5x/25027181B6.h5,/xiangmu/data/VILMIL/features_biomedclip_20x/25027181B6.h5
25027193B,True,True,True,True,/xiangmu/data/VILMIL/features_biomedclip_5x/25027193B.h5,/xiangmu/data/VILMIL/features_biomedclip_20x/25027193B.h5
2490980B,True,True,True,True,/xiangmu/data/VILMIL/features_biomedclip_5x/2490980B.h5,/xiangmu/data/VILMIL/features_biomedclip_20x/2490980B.h5
2491552B,True,True,True,True,/xiangmu/data/VILMIL/features_biomedclip_5x/2491552B.h5,/xiangmu/data/VILMIL/features_biomedclip_20x/2491552B.h5
2491579B,True,True,True,True,/xiangmu/data/VILMIL/features_biomedclip_5x/2491579B.h5,/xiangmu/data/VILMIL/features_biomedclip_20x/2491579B.h5
25002379B2,True,True,True,True,/xiangmu/data/VILMIL/features_biomedclip_5x/25002379B2.h5,/xiangmu/data/VILMIL/features_biomedclip_20x/25002379B2.h5
25002510B2,True,True,True,True,/xiangmu/data/VILMIL/features_biomedclip_5x/25002510B2.h5,/xiangmu/data/VILMIL/features_biomedclip_20x/25002510B2.h5
25009557B,True,True,True,True,/xiangmu/data/VILMIL/features_biomedclip_5x/25009557B.h5,/xiangmu/data/VILMIL/features_biomedclip_20x/25009557B.h5
25027606B3,True,True,True,True,/xiangmu/data/VILMIL/features_biomedclip_5x/25027606B3.h5,/xiangmu/data/VILMIL/features_biomedclip_20x/25027606B3.h5
25027636B2,True,True,True,True,/xiangmu/data/VILMIL/features_biomedclip_5x/25027636B2.h5,/xiangmu/data/VILMIL/features_biomedclip_20x/25027636B2.h5
25027718B2,True,True,True,True,/xiangmu/data/VILMIL/features_biomedclip_5x/25027718B2.h5,/xiangmu/data/VILMIL/features_biomedclip_20x/25027718B2.h5
25027723B4,True,True,True,True,/xiangmu/data/VILMIL/features_biomedclip_5x/25027723B4.h5,/xiangmu/data/VILMIL/features_biomedclip_20x/25027723B4.h5
25027770B,True,True,True,True,/xiangmu/data/VILMIL/features_biomedclip_5x/25027770B.h5,/xiangmu/data/VILMIL/features_biomedclip_20x/25027770B.h5
25028010B2,True,True,True,True,/xiangmu/data/VILMIL/features_biomedclip_5x/25028010B2.h5,/xiangmu/data/VILMIL/features_biomedclip_20x/25028010B2.h5
25028010B2a,True,True,True,True,/xiangmu/data/VILMIL/features_biomedclip_5x/25028010B2a.h5,/xiangmu/data/VILMIL/features_biomedclip_20x/25028010B2a.h5
25028010B3,True,True,True,True,/xiangmu/data/VILMIL/features_biomedclip_5x/25028010B3.h5,/xiangmu/data/VILMIL/features_biomedclip_20x/25028010B3.h5
25028014B4,True,True,True,True,/xiangmu/data/VILMIL/features_biomedclip_5x/25028014B4.h5,/xiangmu/data/VILMIL/features_biomedclip_20x/25028014B4.h5
25028014B5,True,True,True,True,/xiangmu/data/VILMIL/features_biomedclip_5x/25028014B5.h5,/xiangmu/data/VILMIL/features_biomedclip_20x/25028014B5.h5
25028014B6,True,True,True,True,/xiangmu/data/VILMIL/features_biomedclip_5x/25028014B6.h5,/xiangmu/data/VILMIL/features_biomedclip_20x/25028014B6.h5
25028014B7,True,True,True,True,/xiangmu/data/VILMIL/features_biomedclip_5x/25028014B7.h5,/xiangmu/data/VILMIL/features_biomedclip_20x/25028014B7.h5
25028134B,True,True,True,True,/xiangmu/data/VILMIL/features_biomedclip_5x/25028134B.h5,/xiangmu/data/VILMIL/features_biomedclip_20x/25028134B.h5
25028147B3,True,True,True,True,/xiangmu/data/VILMIL/features_biomedclip_5x/25028147B3.h5,/xiangmu/data/VILMIL/features_biomedclip_20x/25028147B3.h5
25028151B2,True,True,True,True,/xiangmu/data/VILMIL/features_biomedclip_5x/25028151B2.h5,/xiangmu/data/VILMIL/features_biomedclip_20x/25028151B2.h5
25028151B3,True,True,True,True,/xiangmu/data/VILMIL/features_biomedclip_5x/25028151B3.h5,/xiangmu/data/VILMIL/features_biomedclip_20x/25028151B3.h5
25028186B2,True,True,True,True,/xiangmu/data/VILMIL/features_biomedclip_5x/25028186B2.h5,/xiangmu/data/VILMIL/features_biomedclip_20x/25028186B2.h5
25028210B2,True,True,True,True,/xiangmu/data/VILMIL/features_biomedclip_5x/25028210B2.h5,/xiangmu/data/VILMIL/features_biomedclip_20x/25028210B2.h5
25028514B,True,True,True,True,/xiangmu/data/VILMIL/features_biomedclip_5x/25028514B.h5,/xiangmu/data/VILMIL/features_biomedclip_20x/25028514B.h5
25028520B3,True,True,True,True,/xiangmu/data/VILMIL/features_biomedclip_5x/25028520B3.h5,/xiangmu/data/VILMIL/features_biomedclip_20x/25028520B3.h5
25028738B2,True,True,True,True,/xiangmu/data/VILMIL/features_biomedclip_5x/25028738B2.h5,/xiangmu/data/VILMIL/features_biomedclip_20x/25028738B2.h5
25028862B2,True,True,True,True,/xiangmu/data/VILMIL/features_biomedclip_5x/25028862B2.h5,/xiangmu/data/VILMIL/features_biomedclip_20x/25028862B2.h5
25028868B2,True,True,True,True,/xiangmu/data/VILMIL/features_biomedclip_5x/25028868B2.h5,/xiangmu/data/VILMIL/features_biomedclip_20x/25028868B2.h5
25028879B3,True,True,True,True,/xiangmu/data/VILMIL/features_biomedclip_5x/25028879B3.h5,/xiangmu/data/VILMIL/features_biomedclip_20x/25028879B3.h5
25028885B2,True,True,True,True,/xiangmu/data/VILMIL/features_biomedclip_5x/25028885B2.h5,/xiangmu/data/VILMIL/features_biomedclip_20x/25028885B2.h5
25029134B,True,True,True,True,/xiangmu/data/VILMIL/features_biomedclip_5x/25029134B.h5,/xiangmu/data/VILMIL/features_biomedclip_20x/25029134B.h5
25029179B,True,True,True,True,/xiangmu/data/VILMIL/features_biomedclip_5x/25029179B.h5,/xiangmu/data/VILMIL/features_biomedclip_20x/25029179B.h5
25029425B2,True,True,True,True,/xiangmu/data/VILMIL/features_biomedclip_5x/25029425B2.h5,/xiangmu/data/VILMIL/features_biomedclip_20x/25029425B2.h5
25029425B3,True,True,True,True,/xiangmu/data/VILMIL/features_biomedclip_5x/25029425B3.h5,/xiangmu/data/VILMIL/features_biomedclip_20x/25029425B3.h5
25029425B,True,True,True,True,/xiangmu/data/VILMIL/features_biomedclip_5x/25029425B.h5,/xiangmu/data/VILMIL/features_biomedclip_20x/25029425B.h5
25029560B2,True,True,True,True,/xiangmu/data/VILMIL/features_biomedclip_5x/25029560B2.h5,/xiangmu/data/VILMIL/features_biomedclip_20x/25029560B2.h5
25029565B5,True,True,True,True,/xiangmu/data/VILMIL/features_biomedclip_5x/25029565B5.h5,/xiangmu/data/VILMIL/features_biomedclip_20x/25029565B5.h5
25029737B2,True,True,True,True,/xiangmu/data/VILMIL/features_biomedclip_5x/25029737B2.h5,/xiangmu/data/VILMIL/features_biomedclip_20x/25029737B2.h5
25029906B2,True,True,True,True,/xiangmu/data/VILMIL/features_biomedclip_5x/25029906B2.h5,/xiangmu/data/VILMIL/features_biomedclip_20x/25029906B2.h5
25030118B2,True,True,True,True,/xiangmu/data/VILMIL/features_biomedclip_5x/25030118B2.h5,/xiangmu/data/VILMIL/features_biomedclip_20x/25030118B2.h5
25030157B3,True,True,True,True,/xiangmu/data/VILMIL/features_biomedclip_5x/25030157B3.h5,/xiangmu/data/VILMIL/features_biomedclip_20x/25030157B3.h5
25030157B4,True,True,True,True,/xiangmu/data/VILMIL/features_biomedclip_5x/25030157B4.h5,/xiangmu/data/VILMIL/features_biomedclip_20x/25030157B4.h5
25030334B2,True,True,True,True,/xiangmu/data/VILMIL/features_biomedclip_5x/25030334B2.h5,/xiangmu/data/VILMIL/features_biomedclip_20x/25030334B2.h5
25030619B2,True,True,True,True,/xiangmu/data/VILMIL/features_biomedclip_5x/25030619B2.h5,/xiangmu/data/VILMIL/features_biomedclip_20x/25030619B2.h5
25030630B,True,True,True,True,/xiangmu/data/VILMIL/features_biomedclip_5x/25030630B.h5,/xiangmu/data/VILMIL/features_biomedclip_20x/25030630B.h5
25030750B2,True,True,True,True,/xiangmu/data/VILMIL/features_biomedclip_5x/25030750B2.h5,/xiangmu/data/VILMIL/features_biomedclip_20x/25030750B2.h5
25030988B4,True,True,True,True,/xiangmu/data/VILMIL/features_biomedclip_5x/25030988B4.h5,/xiangmu/data/VILMIL/features_biomedclip_20x/25030988B4.h5
25030998B2,True,True,True,True,/xiangmu/data/VILMIL/features_biomedclip_5x/25030998B2.h5,/xiangmu/data/VILMIL/features_biomedclip_20x/25030998B2.h5
25031267B2,True,True,True,True,/xiangmu/data/VILMIL/features_biomedclip_5x/25031267B2.h5,/xiangmu/data/VILMIL/features_biomedclip_20x/25031267B2.h5
25031271B2,True,True,True,True,/xiangmu/data/VILMIL/features_biomedclip_5x/25031271B2.h5,/xiangmu/data/VILMIL/features_biomedclip_20x/25031271B2.h5
25031281B2,True,True,True,True,/xiangmu/data/VILMIL/features_biomedclip_5x/25031281B2.h5,/xiangmu/data/VILMIL/features_biomedclip_20x/25031281B2.h5
25031302B,True,True,True,True,/xiangmu/data/VILMIL/features_biomedclip_5x/25031302B.h5,/xiangmu/data/VILMIL/features_biomedclip_20x/25031302B.h5
25031385B4,True,True,True,True,/xiangmu/data/VILMIL/features_biomedclip_5x/25031385B4.h5,/xiangmu/data/VILMIL/features_biomedclip_20x/25031385B4.h5
25031387B2,True,True,True,True,/xiangmu/data/VILMIL/features_biomedclip_5x/25031387B2.h5,/xiangmu/data/VILMIL/features_biomedclip_20x/25031387B2.h5
25031411B3,True,True,True,True,/xiangmu/data/VILMIL/features_biomedclip_5x/25031411B3.h5,/xiangmu/data/VILMIL/features_biomedclip_20x/25031411B3.h5
25031706B,True,True,True,True,/xiangmu/data/VILMIL/features_biomedclip_5x/25031706B.h5,/xiangmu/data/VILMIL/features_biomedclip_20x/25031706B.h5
25031706B2,True,True,True,True,/xiangmu/data/VILMIL/features_biomedclip_5x/25031706B2.h5,/xiangmu/data/VILMIL/features_biomedclip_20x/25031706B2.h5
25032143B2,True,True,True,True,/xiangmu/data/VILMIL/features_biomedclip_5x/25032143B2.h5,/xiangmu/data/VILMIL/features_biomedclip_20x/25032143B2.h5
25032143B3,True,True,True,True,/xiangmu/data/VILMIL/features_biomedclip_5x/25032143B3.h5,/xiangmu/data/VILMIL/features_biomedclip_20x/25032143B3.h5
25032146B2,True,True,True,True,/xiangmu/data/VILMIL/features_biomedclip_5x/25032146B2.h5,/xiangmu/data/VILMIL/features_biomedclip_20x/25032146B2.h5
25032179B3,True,True,True,True,/xiangmu/data/VILMIL/features_biomedclip_5x/25032179B3.h5,/xiangmu/data/VILMIL/features_biomedclip_20x/25032179B3.h5
25032245B2,True,True,True,True,/xiangmu/data/VILMIL/features_biomedclip_5x/25032245B2.h5,/xiangmu/data/VILMIL/features_biomedclip_20x/25032245B2.h5
25032360B2,True,True,True,True,/xiangmu/data/VILMIL/features_biomedclip_5x/25032360B2.h5,/xiangmu/data/VILMIL/features_biomedclip_20x/25032360B2.h5
25032626B2,True,True,True,True,/xiangmu/data/VILMIL/features_biomedclip_5x/25032626B2.h5,/xiangmu/data/VILMIL/features_biomedclip_20x/25032626B2.h5
25032788B4,True,True,True,True,/xiangmu/data/VILMIL/features_biomedclip_5x/25032788B4.h5,/xiangmu/data/VILMIL/features_biomedclip_20x/25032788B4.h5
25032789B2,True,True,True,True,/xiangmu/data/VILMIL/features_biomedclip_5x/25032789B2.h5,/xiangmu/data/VILMIL/features_biomedclip_20x/25032789B2.h5
25033169B1,True,True,True,True,/xiangmu/data/VILMIL/features_biomedclip_5x/25033169B1.h5,/xiangmu/data/VILMIL/features_biomedclip_20x/25033169B1.h5
25033178B4,True,True,True,True,/xiangmu/data/VILMIL/features_biomedclip_5x/25033178B4.h5,/xiangmu/data/VILMIL/features_biomedclip_20x/25033178B4.h5
25033211B,True,True,True,True,/xiangmu/data/VILMIL/features_biomedclip_5x/25033211B.h5,/xiangmu/data/VILMIL/features_biomedclip_20x/25033211B.h5
25033447B4,True,True,True,True,/xiangmu/data/VILMIL/features_biomedclip_5x/25033447B4.h5,/xiangmu/data/VILMIL/features_biomedclip_20x/25033447B4.h5
25033482B2,True,True,True,True,/xiangmu/data/VILMIL/features_biomedclip_5x/25033482B2.h5,/xiangmu/data/VILMIL/features_biomedclip_20x/25033482B2.h5
25033486B,True,True,True,True,/xiangmu/data/VILMIL/features_biomedclip_5x/25033486B.h5,/xiangmu/data/VILMIL/features_biomedclip_20x/25033486B.h5
25033894B2,True,True,True,True,/xiangmu/data/VILMIL/features_biomedclip_5x/25033894B2.h5,/xiangmu/data/VILMIL/features_biomedclip_20x/25033894B2.h5
25034245B2,True,True,True,True,/xiangmu/data/VILMIL/features_biomedclip_5x/25034245B2.h5,/xiangmu/data/VILMIL/features_biomedclip_20x/25034245B2.h5
25034327B2,True,True,True,True,/xiangmu/data/VILMIL/features_biomedclip_5x/25034327B2.h5,/xiangmu/data/VILMIL/features_biomedclip_20x/25034327B2.h5
25034929B2,True,True,True,True,/xiangmu/data/VILMIL/features_biomedclip_5x/25034929B2.h5,/xiangmu/data/VILMIL/features_biomedclip_20x/25034929B2.h5
25034940B9,True,True,True,True,/xiangmu/data/VILMIL/features_biomedclip_5x/25034940B9.h5,/xiangmu/data/VILMIL/features_biomedclip_20x/25034940B9.h5
25034940B8,True,True,True,True,/xiangmu/data/VILMIL/features_biomedclip_5x/25034940B8.h5,/xiangmu/data/VILMIL/features_biomedclip_20x/25034940B8.h5
25034940B10,True,True,True,True,/xiangmu/data/VILMIL/features_biomedclip_5x/25034940B10.h5,/xiangmu/data/VILMIL/features_biomedclip_20x/25034940B10.h5
25034940B11,True,True,True,True,/xiangmu/data/VILMIL/features_biomedclip_5x/25034940B11.h5,/xiangmu/data/VILMIL/features_biomedclip_20x/25034940B11.h5
25034940B12,True,True,True,True,/xiangmu/data/VILMIL/features_biomedclip_5x/25034940B12.h5,/xiangmu/data/VILMIL/features_biomedclip_20x/25034940B12.h5
25035354B,True,True,True,True,/xiangmu/data/VILMIL/features_biomedclip_5x/25035354B.h5,/xiangmu/data/VILMIL/features_biomedclip_20x/25035354B.h5
25035354B2,True,True,True,True,/xiangmu/data/VILMIL/features_biomedclip_5x/25035354B2.h5,/xiangmu/data/VILMIL/features_biomedclip_20x/25035354B2.h5
25035354B3,True,True,True,True,/xiangmu/data/VILMIL/features_biomedclip_5x/25035354B3.h5,/xiangmu/data/VILMIL/features_biomedclip_20x/25035354B3.h5
25035882B3,True,True,True,True,/xiangmu/data/VILMIL/features_biomedclip_5x/25035882B3.h5,/xiangmu/data/VILMIL/features_biomedclip_20x/25035882B3.h5
25035882B4,True,True,True,True,/xiangmu/data/VILMIL/features_biomedclip_5x/25035882B4.h5,/xiangmu/data/VILMIL/features_biomedclip_20x/25035882B4.h5
25036226B4,True,True,True,True,/xiangmu/data/VILMIL/features_biomedclip_5x/25036226B4.h5,/xiangmu/data/VILMIL/features_biomedclip_20x/25036226B4.h5
25036333B3,True,True,True,True,/xiangmu/data/VILMIL/features_biomedclip_5x/25036333B3.h5,/xiangmu/data/VILMIL/features_biomedclip_20x/25036333B3.h5
25036340B1,True,True,True,True,/xiangmu/data/VILMIL/features_biomedclip_5x/25036340B1.h5,/xiangmu/data/VILMIL/features_biomedclip_20x/25036340B1.h5
25036341B,True,True,True,True,/xiangmu/data/VILMIL/features_biomedclip_5x/25036341B.h5,/xiangmu/data/VILMIL/features_biomedclip_20x/25036341B.h5
25036634B2,True,True,True,True,/xiangmu/data/VILMIL/features_biomedclip_5x/25036634B2.h5,/xiangmu/data/VILMIL/features_biomedclip_20x/25036634B2.h5
25041732B,True,True,True,True,/xiangmu/data/VILMIL/features_biomedclip_5x/25041732B.h5,/xiangmu/data/VILMIL/features_biomedclip_20x/25041732B.h5
25041763B,True,True,True,True,/xiangmu/data/VILMIL/features_biomedclip_5x/25041763B.h5,/xiangmu/data/VILMIL/features_biomedclip_20x/25041763B.h5
25042220B2,True,True,True,True,/xiangmu/data/VILMIL/features_biomedclip_5x/25042220B2.h5,/xiangmu/data/VILMIL/features_biomedclip_20x/25042220B2.h5
25042465B3,True,True,True,True,/xiangmu/data/VILMIL/features_biomedclip_5x/25042465B3.h5,/xiangmu/data/VILMIL/features_biomedclip_20x/25042465B3.h5
25042830B2,True,True,True,True,/xiangmu/data/VILMIL/features_biomedclip_5x/25042830B2.h5,/xiangmu/data/VILMIL/features_biomedclip_20x/25042830B2.h5
25043126B2,True,True,True,True,/xiangmu/data/VILMIL/features_biomedclip_5x/25043126B2.h5,/xiangmu/data/VILMIL/features_biomedclip_20x/25043126B2.h5
25043600B3,True,True,True,True,/xiangmu/data/VILMIL/features_biomedclip_5x/25043600B3.h5,/xiangmu/data/VILMIL/features_biomedclip_20x/25043600B3.h5
25044694B,True,True,True,True,/xiangmu/data/VILMIL/features_biomedclip_5x/25044694B.h5,/xiangmu/data/VILMIL/features_biomedclip_20x/25044694B.h5
25045403B,True,True,True,True,/xiangmu/data/VILMIL/features_biomedclip_5x/25045403B.h5,/xiangmu/data/VILMIL/features_biomedclip_20x/25045403B.h5
25045403B-1,True,True,True,True,/xiangmu/data/VILMIL/features_biomedclip_5x/25045403B-1.h5,/xiangmu/data/VILMIL/features_biomedclip_20x/25045403B-1.h5
25045403B2,True,True,True,True,/xiangmu/data/VILMIL/features_biomedclip_5x/25045403B2.h5,/xiangmu/data/VILMIL/features_biomedclip_20x/25045403B2.h5
25045450B2,True,True,True,True,/xiangmu/data/VILMIL/features_biomedclip_5x/25045450B2.h5,/xiangmu/data/VILMIL/features_biomedclip_20x/25045450B2.h5
25045450B5,True,True,True,True,/xiangmu/data/VILMIL/features_biomedclip_5x/25045450B5.h5,/xiangmu/data/VILMIL/features_biomedclip_20x/25045450B5.h5
25045625B3,True,True,True,True,/xiangmu/data/VILMIL/features_biomedclip_5x/25045625B3.h5,/xiangmu/data/VILMIL/features_biomedclip_20x/25045625B3.h5
25045625B1,True,True,True,True,/xiangmu/data/VILMIL/features_biomedclip_5x/25045625B1.h5,/xiangmu/data/VILMIL/features_biomedclip_20x/25045625B1.h5
25045625B2,True,True,True,True,/xiangmu/data/VILMIL/features_biomedclip_5x/25045625B2.h5,/xiangmu/data/VILMIL/features_biomedclip_20x/25045625B2.h5
25045676B4,True,True,True,True,/xiangmu/data/VILMIL/features_biomedclip_5x/25045676B4.h5,/xiangmu/data/VILMIL/features_biomedclip_20x/25045676B4.h5
25045801B2,True,True,True,True,/xiangmu/data/VILMIL/features_biomedclip_5x/25045801B2.h5,/xiangmu/data/VILMIL/features_biomedclip_20x/25045801B2.h5
25045801B1,True,True,True,True,/xiangmu/data/VILMIL/features_biomedclip_5x/25045801B1.h5,/xiangmu/data/VILMIL/features_biomedclip_20x/25045801B1.h5
25045807B4,True,True,True,True,/xiangmu/data/VILMIL/features_biomedclip_5x/25045807B4.h5,/xiangmu/data/VILMIL/features_biomedclip_20x/25045807B4.h5
25045829B2,True,True,True,True,/xiangmu/data/VILMIL/features_biomedclip_5x/25045829B2.h5,/xiangmu/data/VILMIL/features_biomedclip_20x/25045829B2.h5
25045839B,True,True,True,True,/xiangmu/data/VILMIL/features_biomedclip_5x/25045839B.h5,/xiangmu/data/VILMIL/features_biomedclip_20x/25045839B.h5
25046521B3,True,True,True,True,/xiangmu/data/VILMIL/features_biomedclip_5x/25046521B3.h5,/xiangmu/data/VILMIL/features_biomedclip_20x/25046521B3.h5
25046631B2,True,True,True,True,/xiangmu/data/VILMIL/features_biomedclip_5x/25046631B2.h5,/xiangmu/data/VILMIL/features_biomedclip_20x/25046631B2.h5
25046855B,True,True,True,True,/xiangmu/data/VILMIL/features_biomedclip_5x/25046855B.h5,/xiangmu/data/VILMIL/features_biomedclip_20x/25046855B.h5
25047066B,True,True,True,True,/xiangmu/data/VILMIL/features_biomedclip_5x/25047066B.h5,/xiangmu/data/VILMIL/features_biomedclip_20x/25047066B.h5
25047067B2,True,True,True,True,/xiangmu/data/VILMIL/features_biomedclip_5x/25047067B2.h5,/xiangmu/data/VILMIL/features_biomedclip_20x/25047067B2.h5
25047077B2,True,True,True,True,/xiangmu/data/VILMIL/features_biomedclip_5x/25047077B2.h5,/xiangmu/data/VILMIL/features_biomedclip_20x/25047077B2.h5
25047088B,True,True,True,True,/xiangmu/data/VILMIL/features_biomedclip_5x/25047088B.h5,/xiangmu/data/VILMIL/features_biomedclip_20x/25047088B.h5
25047401B2,True,True,True,True,/xiangmu/data/VILMIL/features_biomedclip_5x/25047401B2.h5,/xiangmu/data/VILMIL/features_biomedclip_20x/25047401B2.h5
25047538B2,True,True,True,True,/xiangmu/data/VILMIL/features_biomedclip_5x/25047538B2.h5,/xiangmu/data/VILMIL/features_biomedclip_20x/25047538B2.h5
25047815B,True,True,True,True,/xiangmu/data/VILMIL/features_biomedclip_5x/25047815B.h5,/xiangmu/data/VILMIL/features_biomedclip_20x/25047815B.h5
25047835B3,True,True,True,True,/xiangmu/data/VILMIL/features_biomedclip_5x/25047835B3.h5,/xiangmu/data/VILMIL/features_biomedclip_20x/25047835B3.h5
25047844B2,True,True,True,True,/xiangmu/data/VILMIL/features_biomedclip_5x/25047844B2.h5,/xiangmu/data/VILMIL/features_biomedclip_20x/25047844B2.h5
25047972B2,True,True,True,True,/xiangmu/data/VILMIL/features_biomedclip_5x/25047972B2.h5,/xiangmu/data/VILMIL/features_biomedclip_20x/25047972B2.h5
25048256B2,True,True,True,True,/xiangmu/data/VILMIL/features_biomedclip_5x/25048256B2.h5,/xiangmu/data/VILMIL/features_biomedclip_20x/25048256B2.h5
25048633B2,True,True,True,True,/xiangmu/data/VILMIL/features_biomedclip_5x/25048633B2.h5,/xiangmu/data/VILMIL/features_biomedclip_20x/25048633B2.h5
25048669B2,True,True,True,True,/xiangmu/data/VILMIL/features_biomedclip_5x/25048669B2.h5,/xiangmu/data/VILMIL/features_biomedclip_20x/25048669B2.h5
25049669B3,True,True,True,True,/xiangmu/data/VILMIL/features_biomedclip_5x/25049669B3.h5,/xiangmu/data/VILMIL/features_biomedclip_20x/25049669B3.h5
25049966B2,True,True,True,True,/xiangmu/data/VILMIL/features_biomedclip_5x/25049966B2.h5,/xiangmu/data/VILMIL/features_biomedclip_20x/25049966B2.h5
25049999B2,True,True,True,True,/xiangmu/data/VILMIL/features_biomedclip_5x/25049999B2.h5,/xiangmu/data/VILMIL/features_biomedclip_20x/25049999B2.h5
25050326B,True,True,True,True,/xiangmu/data/VILMIL/features_biomedclip_5x/25050326B.h5,/xiangmu/data/VILMIL/features_biomedclip_20x/25050326B.h5
25050345B2,True,True,True,True,/xiangmu/data/VILMIL/features_biomedclip_5x/25050345B2.h5,/xiangmu/data/VILMIL/features_biomedclip_20x/25050345B2.h5
25050415B2,True,True,True,True,/xiangmu/data/VILMIL/features_biomedclip_5x/25050415B2.h5,/xiangmu/data/VILMIL/features_biomedclip_20x/25050415B2.h5
25050830B2,True,True,True,True,/xiangmu/data/VILMIL/features_biomedclip_5x/25050830B2.h5,/xiangmu/data/VILMIL/features_biomedclip_20x/25050830B2.h5
25050862B2,True,True,True,True,/xiangmu/data/VILMIL/features_biomedclip_5x/25050862B2.h5,/xiangmu/data/VILMIL/features_biomedclip_20x/25050862B2.h5
25050888B2,True,True,True,True,/xiangmu/data/VILMIL/features_biomedclip_5x/25050888B2.h5,/xiangmu/data/VILMIL/features_biomedclip_20x/25050888B2.h5
25050888B3,True,True,True,True,/xiangmu/data/VILMIL/features_biomedclip_5x/25050888B3.h5,/xiangmu/data/VILMIL/features_biomedclip_20x/25050888B3.h5
25050984B2,True,True,True,True,/xiangmu/data/VILMIL/features_biomedclip_5x/25050984B2.h5,/xiangmu/data/VILMIL/features_biomedclip_20x/25050984B2.h5
25051008B4,True,True,True,True,/xiangmu/data/VILMIL/features_biomedclip_5x/25051008B4.h5,/xiangmu/data/VILMIL/features_biomedclip_20x/25051008B4.h5
25051207B5,True,True,True,True,/xiangmu/data/VILMIL/features_biomedclip_5x/25051207B5.h5,/xiangmu/data/VILMIL/features_biomedclip_20x/25051207B5.h5
25052288B,True,True,True,True,/xiangmu/data/VILMIL/features_biomedclip_5x/25052288B.h5,/xiangmu/data/VILMIL/features_biomedclip_20x/25052288B.h5
25052316B,True,True,True,True,/xiangmu/data/VILMIL/features_biomedclip_5x/25052316B.h5,/xiangmu/data/VILMIL/features_biomedclip_20x/25052316B.h5
25052654B2,True,True,True,True,/xiangmu/data/VILMIL/features_biomedclip_5x/25052654B2.h5,/xiangmu/data/VILMIL/features_biomedclip_20x/25052654B2.h5
25053425B2,True,True,True,True,/xiangmu/data/VILMIL/features_biomedclip_5x/25053425B2.h5,/xiangmu/data/VILMIL/features_biomedclip_20x/25053425B2.h5
25053683B2,True,True,True,True,/xiangmu/data/VILMIL/features_biomedclip_5x/25053683B2.h5,/xiangmu/data/VILMIL/features_biomedclip_20x/25053683B2.h5
25054130B1,True,True,True,True,/xiangmu/data/VILMIL/features_biomedclip_5x/25054130B1.h5,/xiangmu/data/VILMIL/features_biomedclip_20x/25054130B1.h5
25054130B2,True,True,True,True,/xiangmu/data/VILMIL/features_biomedclip_5x/25054130B2.h5,/xiangmu/data/VILMIL/features_biomedclip_20x/25054130B2.h5
25054212B,True,True,True,True,/xiangmu/data/VILMIL/features_biomedclip_5x/25054212B.h5,/xiangmu/data/VILMIL/features_biomedclip_20x/25054212B.h5
25054489B3,True,True,True,True,/xiangmu/data/VILMIL/features_biomedclip_5x/25054489B3.h5,/xiangmu/data/VILMIL/features_biomedclip_20x/25054489B3.h5
25054693B2,True,True,True,True,/xiangmu/data/VILMIL/features_biomedclip_5x/25054693B2.h5,/xiangmu/data/VILMIL/features_biomedclip_20x/25054693B2.h5
25055380B2,True,True,True,True,/xiangmu/data/VILMIL/features_biomedclip_5x/25055380B2.h5,/xiangmu/data/VILMIL/features_biomedclip_20x/25055380B2.h5
25055681B2,True,True,True,True,/xiangmu/data/VILMIL/features_biomedclip_5x/25055681B2.h5,/xiangmu/data/VILMIL/features_biomedclip_20x/25055681B2.h5
25055778B2,True,True,True,True,/xiangmu/data/VILMIL/features_biomedclip_5x/25055778B2.h5,/xiangmu/data/VILMIL/features_biomedclip_20x/25055778B2.h5
25055784B2,True,True,True,True,/xiangmu/data/VILMIL/features_biomedclip_5x/25055784B2.h5,/xiangmu/data/VILMIL/features_biomedclip_20x/25055784B2.h5
25055857B2,True,True,True,True,/xiangmu/data/VILMIL/features_biomedclip_5x/25055857B2.h5,/xiangmu/data/VILMIL/features_biomedclip_20x/25055857B2.h5
25057854B3,True,True,True,True,/xiangmu/data/VILMIL/features_biomedclip_5x/25057854B3.h5,/xiangmu/data/VILMIL/features_biomedclip_20x/25057854B3.h5
25057856B2,True,True,True,True,/xiangmu/data/VILMIL/features_biomedclip_5x/25057856B2.h5,/xiangmu/data/VILMIL/features_biomedclip_20x/25057856B2.h5
25057858B2,True,True,True,True,/xiangmu/data/VILMIL/features_biomedclip_5x/25057858B2.h5,/xiangmu/data/VILMIL/features_biomedclip_20x/25057858B2.h5
25057865B1,True,True,True,True,/xiangmu/data/VILMIL/features_biomedclip_5x/25057865B1.h5,/xiangmu/data/VILMIL/features_biomedclip_20x/25057865B1.h5
25058118B3,True,True,True,True,/xiangmu/data/VILMIL/features_biomedclip_5x/25058118B3.h5,/xiangmu/data/VILMIL/features_biomedclip_20x/25058118B3.h5
25058118B4,True,True,True,True,/xiangmu/data/VILMIL/features_biomedclip_5x/25058118B4.h5,/xiangmu/data/VILMIL/features_biomedclip_20x/25058118B4.h5
25058627B2,True,True,True,True,/xiangmu/data/VILMIL/features_biomedclip_5x/25058627B2.h5,/xiangmu/data/VILMIL/features_biomedclip_20x/25058627B2.h5
25058713B2,True,True,True,True,/xiangmu/data/VILMIL/features_biomedclip_5x/25058713B2.h5,/xiangmu/data/VILMIL/features_biomedclip_20x/25058713B2.h5
25058746B4,True,True,True,True,/xiangmu/data/VILMIL/features_biomedclip_5x/25058746B4.h5,/xiangmu/data/VILMIL/features_biomedclip_20x/25058746B4.h5
25059470B2,True,True,True,True,/xiangmu/data/VILMIL/features_biomedclip_5x/25059470B2.h5,/xiangmu/data/VILMIL/features_biomedclip_20x/25059470B2.h5
25059686B2,True,True,True,True,/xiangmu/data/VILMIL/features_biomedclip_5x/25059686B2.h5,/xiangmu/data/VILMIL/features_biomedclip_20x/25059686B2.h5
25060539B2,True,True,True,True,/xiangmu/data/VILMIL/features_biomedclip_5x/25060539B2.h5,/xiangmu/data/VILMIL/features_biomedclip_20x/25060539B2.h5
25061727B2,True,True,True,True,/xiangmu/data/VILMIL/features_biomedclip_5x/25061727B2.h5,/xiangmu/data/VILMIL/features_biomedclip_20x/25061727B2.h5
25062444B,True,True,True,True,/xiangmu/data/VILMIL/features_biomedclip_5x/25062444B.h5,/xiangmu/data/VILMIL/features_biomedclip_20x/25062444B.h5
25062891B4,True,True,True,True,/xiangmu/data/VILMIL/features_biomedclip_5x/25062891B4.h5,/xiangmu/data/VILMIL/features_biomedclip_20x/25062891B4.h5
25063228B5,True,True,True,True,/xiangmu/data/VILMIL/features_biomedclip_5x/25063228B5.h5,/xiangmu/data/VILMIL/features_biomedclip_20x/25063228B5.h5
25063371B2,True,True,True,True,/xiangmu/data/VILMIL/features_biomedclip_5x/25063371B2.h5,/xiangmu/data/VILMIL/features_biomedclip_20x/25063371B2.h5
25063642B,True,True,True,True,/xiangmu/data/VILMIL/features_biomedclip_5x/25063642B.h5,/xiangmu/data/VILMIL/features_biomedclip_20x/25063642B.h5
25063642B2,True,True,True,True,/xiangmu/data/VILMIL/features_biomedclip_5x/25063642B2.h5,/xiangmu/data/VILMIL/features_biomedclip_20x/25063642B2.h5
25063676B,True,True,True,True,/xiangmu/data/VILMIL/features_biomedclip_5x/25063676B.h5,/xiangmu/data/VILMIL/features_biomedclip_20x/25063676B.h5
25063676B2,True,True,True,True,/xiangmu/data/VILMIL/features_biomedclip_5x/25063676B2.h5,/xiangmu/data/VILMIL/features_biomedclip_20x/25063676B2.h5
25063700B,True,True,True,True,/xiangmu/data/VILMIL/features_biomedclip_5x/25063700B.h5,/xiangmu/data/VILMIL/features_biomedclip_20x/25063700B.h5
