slide_id,fold,raw_attention_shape,a_low_proto_patch_shape,attention_dim_judgement,warning,proto_attention_row_sum_min,proto_attention_row_sum_max,proto_attention_cosine_mean,proto_attention_cosine_median,proto_attention_cosine_max,proto_top1_unique_ratio,proto_top3_overlap_mean,proto_top5_overlap_mean,proto_top1_pairwise_dist_mean,proto_top1_pairwise_dist_median
2460239-B2,0,"(1, 1, 16, 187)","(16, 187)","raw_attn interpreted as [batch, heads, prototype_query, low_patch_source]",average_attn_weights=False not supported by current attention module; using module-specific return format.,0.9999999403953552,1.0000001192092896,0.972753786744435,0.9905522562474085,0.9998645851934082,0.0625,1.0,1.0,0.0,0.0
2460628-B2,0,"(1, 1, 16, 190)","(16, 190)","raw_attn interpreted as [batch, heads, prototype_query, low_patch_source]",average_attn_weights=False not supported by current attention module; using module-specific return format.,0.9999999403953552,1.0000001192092896,0.9790775517346976,0.9920666911149802,0.999896299460235,0.0625,1.0,1.0,0.0,0.0
2460641-B2,0,"(1, 1, 16, 242)","(16, 242)","raw_attn interpreted as [batch, heads, prototype_query, low_patch_source]",average_attn_weights=False not supported by current attention module; using module-specific return format.,0.9999998211860657,1.0000001192092896,0.9867862810137212,0.9945947141697395,0.999891114458356,0.0625,0.9583333333333334,1.0,0.0,0.0
2460960-B,0,"(1, 1, 16, 343)","(16, 343)","raw_attn interpreted as [batch, heads, prototype_query, low_patch_source]",average_attn_weights=False not supported by current attention module; using module-specific return format.,0.9999998807907104,1.0000001192092896,0.9706351481925775,0.9887586209252132,0.9999350330512274,0.0625,0.9583333333333334,1.0,0.0,0.0
2461671-B2,0,"(1, 1, 16, 328)","(16, 328)","raw_attn interpreted as [batch, heads, prototype_query, low_patch_source]",average_attn_weights=False not supported by current attention module; using module-specific return format.,0.9999998211860657,1.0000001192092896,0.9679761034390577,0.9879571867072945,0.9998462158333358,0.0625,1.0,1.0,0.0,0.0
2461677-B2,0,"(1, 1, 16, 60)","(16, 60)","raw_attn interpreted as [batch, heads, prototype_query, low_patch_source]",average_attn_weights=False not supported by current attention module; using module-specific return format.,0.9999998807907104,1.0000001192092896,0.9761227000551621,0.9903590347563904,0.9999644297767247,0.0625,1.0,1.0,0.0,0.0
2461700-B2,0,"(1, 1, 16, 74)","(16, 74)","raw_attn interpreted as [batch, heads, prototype_query, low_patch_source]",average_attn_weights=False not supported by current attention module; using module-specific return format.,0.9999999403953552,1.0000001192092896,0.9807762837452707,0.9924191347267637,0.9999324166467088,0.0625,1.0,0.8616666666666668,0.0,0.0
2462478-B2,0,"(1, 1, 16, 152)","(16, 152)","raw_attn interpreted as [batch, heads, prototype_query, low_patch_source]",average_attn_weights=False not supported by current attention module; using module-specific return format.,0.9999998807907104,1.0000001192092896,0.9867305295435425,0.9951872405880805,0.9998929211646254,0.0625,0.8472222222222221,1.0,0.0,0.0
2462598-B,0,"(1, 1, 16, 195)","(16, 195)","raw_attn interpreted as [batch, heads, prototype_query, low_patch_source]",average_attn_weights=False not supported by current attention module; using module-specific return format.,0.9999998807907104,1.0000001192092896,0.9833276530295064,0.993703975874504,0.9999407587824553,0.0625,1.0,0.9533333333333334,0.0,0.0
2462637-B2,0,"(1, 1, 16, 277)","(16, 277)","raw_attn interpreted as [batch, heads, prototype_query, low_patch_source]",average_attn_weights=False not supported by current attention module; using module-specific return format.,0.9999998807907104,1.0000001192092896,0.9558734066940817,0.9820984750759202,0.9999633052361482,0.0625,1.0,1.0,0.0,0.0
2463127-B3,0,"(1, 1, 16, 261)","(16, 261)","raw_attn interpreted as [batch, heads, prototype_query, low_patch_source]",average_attn_weights=False not supported by current attention module; using module-specific return format.,0.9999998211860657,1.0000001192092896,0.9638537605708367,0.9859371637685462,0.9999121445469732,0.0625,1.0,1.0,0.0,0.0
2463647-B2,0,"(1, 1, 16, 204)","(16, 204)","raw_attn interpreted as [batch, heads, prototype_query, low_patch_source]",average_attn_weights=False not supported by current attention module; using module-specific return format.,0.9999998807907104,1.0000001192092896,0.970182428056842,0.9894982053170833,0.9999708945559483,0.0625,1.0,1.0,0.0,0.0
2463656-B2,0,"(1, 1, 16, 157)","(16, 157)","raw_attn interpreted as [batch, heads, prototype_query, low_patch_source]",average_attn_weights=False not supported by current attention module; using module-specific return format.,0.9999999403953552,1.0,0.9760680836256338,0.9915553522183382,0.9998990331939993,0.125,1.0,1.0,23694.105775487707,23694.105775487707
2464548-B,0,"(1, 1, 16, 337)","(16, 337)","raw_attn interpreted as [batch, heads, prototype_query, low_patch_source]",average_attn_weights=False not supported by current attention module; using module-specific return format.,0.9999998807907104,1.0000001192092896,0.9616523377939622,0.9848867980186036,0.999936087346532,0.0625,1.0,1.0,0.0,0.0
2465243-B2,0,"(1, 1, 16, 348)","(16, 348)","raw_attn interpreted as [batch, heads, prototype_query, low_patch_source]",average_attn_weights=False not supported by current attention module; using module-specific return format.,0.9999998807907104,1.0000001192092896,0.9706901693042044,0.9887617975502327,0.9998561553272132,0.0625,0.8333333333333333,1.0,0.0,0.0
2465396-B2,0,"(1, 1, 16, 165)","(16, 165)","raw_attn interpreted as [batch, heads, prototype_query, low_patch_source]",average_attn_weights=False not supported by current attention module; using module-specific return format.,0.9999999403953552,1.0,0.9771433735954995,0.9910019254194948,0.9997387001040637,0.0625,0.8222222222222222,1.0,0.0,0.0
2465397-B,0,"(1, 1, 16, 157)","(16, 157)","raw_attn interpreted as [batch, heads, prototype_query, low_patch_source]",average_attn_weights=False not supported by current attention module; using module-specific return format.,0.9999998807907104,1.000000238418579,0.9668131074747311,0.9879715971986069,0.9999195191805815,0.0625,1.0,1.0,0.0,0.0
2465568-B2,0,"(1, 1, 16, 188)","(16, 188)","raw_attn interpreted as [batch, heads, prototype_query, low_patch_source]",average_attn_weights=False not supported by current attention module; using module-specific return format.,0.9999998807907104,1.0000001192092896,0.9693615962090495,0.9880820330317359,0.9999553801456231,0.0625,1.0,1.0,0.0,0.0
2465608-B2,0,"(1, 1, 16, 259)","(16, 259)","raw_attn interpreted as [batch, heads, prototype_query, low_patch_source]",average_attn_weights=False not supported by current attention module; using module-specific return format.,0.9999998211860657,1.0000001192092896,0.9706693746072721,0.9899648602264932,0.9999568036454605,0.0625,1.0,0.9083333333333334,0.0,0.0
2466264-B2,0,"(1, 1, 16, 188)","(16, 188)","raw_attn interpreted as [batch, heads, prototype_query, low_patch_source]",average_attn_weights=False not supported by current attention module; using module-specific return format.,0.9999998807907104,1.0000001192092896,0.9658306747916889,0.9842035161590799,0.9999462406081542,0.0625,0.7888888888888889,0.9316666666666668,0.0,0.0
2466923-B2,0,"(1, 1, 16, 115)","(16, 115)","raw_attn interpreted as [batch, heads, prototype_query, low_patch_source]",average_attn_weights=False not supported by current attention module; using module-specific return format.,0.9999999403953552,1.0000001192092896,0.9744833795304207,0.9903729849095766,0.9999551563625694,0.0625,1.0,1.0,0.0,0.0
2468673-B2,0,"(1, 1, 16, 158)","(16, 158)","raw_attn interpreted as [batch, heads, prototype_query, low_patch_source]",average_attn_weights=False not supported by current attention module; using module-specific return format.,0.9999998211860657,1.0000001192092896,0.9674427858228398,0.9878597388444775,0.9998499320391542,0.0625,1.0,1.0,0.0,0.0
2468796-B3,0,"(1, 1, 16, 295)","(16, 295)","raw_attn interpreted as [batch, heads, prototype_query, low_patch_source]",average_attn_weights=False not supported by current attention module; using module-specific return format.,0.9999998807907104,1.0000001192092896,0.9689475290617321,0.9901964443330321,0.9999348824821003,0.0625,1.0,1.0,0.0,0.0
2469004-B2,0,"(1, 1, 16, 173)","(16, 173)","raw_attn interpreted as [batch, heads, prototype_query, low_patch_source]",average_attn_weights=False not supported by current attention module; using module-specific return format.,0.9999998807907104,1.0,0.9739579594825785,0.9909115610675572,0.9999478494471643,0.0625,1.0,1.0,0.0,0.0
2469029-B2,0,"(1, 1, 16, 162)","(16, 162)","raw_attn interpreted as [batch, heads, prototype_query, low_patch_source]",average_attn_weights=False not supported by current attention module; using module-specific return format.,0.9999999403953552,1.0,0.9755363467205673,0.9906570611482899,0.9998722405164057,0.0625,1.0,1.0,0.0,0.0
2469033-B2,0,"(1, 1, 16, 79)","(16, 79)","raw_attn interpreted as [batch, heads, prototype_query, low_patch_source]",average_attn_weights=False not supported by current attention module; using module-specific return format.,0.9999998807907104,1.0000001192092896,0.9794402851353209,0.9917829867518217,0.9999347103726529,0.0625,1.0,1.0,0.0,0.0
2469496-B,0,"(1, 1, 16, 264)","(16, 264)","raw_attn interpreted as [batch, heads, prototype_query, low_patch_source]",average_attn_weights=False not supported by current attention module; using module-specific return format.,0.9999999403953552,1.0000001192092896,0.9738144670942284,0.9901894003136971,0.9999022556230813,0.0625,1.0,1.0,0.0,0.0
2469569-B2,0,"(1, 1, 16, 67)","(16, 67)","raw_attn interpreted as [batch, heads, prototype_query, low_patch_source]",average_attn_weights=False not supported by current attention module; using module-specific return format.,0.9999998807907104,1.0000001192092896,0.9752779330243436,0.9902238382119796,0.9999327926127772,0.0625,1.0,1.0,0.0,0.0
2469849-B2,0,"(1, 1, 16, 178)","(16, 178)","raw_attn interpreted as [batch, heads, prototype_query, low_patch_source]",average_attn_weights=False not supported by current attention module; using module-specific return format.,0.9999998807907104,1.0000001192092896,0.9736715566518976,0.9898923732156188,0.9999372852944698,0.0625,1.0,1.0,0.0,0.0
2469927-B2,0,"(1, 1, 16, 196)","(16, 196)","raw_attn interpreted as [batch, heads, prototype_query, low_patch_source]",average_attn_weights=False not supported by current attention module; using module-specific return format.,0.9999998807907104,1.000000238418579,0.9611175995982291,0.986942647065473,0.9999246877779877,0.0625,1.0,1.0,0.0,0.0
2471237-B2,0,"(1, 1, 16, 463)","(16, 463)","raw_attn interpreted as [batch, heads, prototype_query, low_patch_source]",average_attn_weights=False not supported by current attention module; using module-specific return format.,0.9999998807907104,1.0000001192092896,0.9761142723907191,0.9902573842329274,0.9999219083036016,0.0625,1.0,1.0,0.0,0.0
2471452-B2,0,"(1, 1, 16, 132)","(16, 132)","raw_attn interpreted as [batch, heads, prototype_query, low_patch_source]",average_attn_weights=False not supported by current attention module; using module-specific return format.,0.9999998807907104,1.0000001192092896,0.9823059916483385,0.9934334306920496,0.9999424607332346,0.0625,1.0,1.0,0.0,0.0
2471884-B2,0,"(1, 1, 16, 140)","(16, 140)","raw_attn interpreted as [batch, heads, prototype_query, low_patch_source]",average_attn_weights=False not supported by current attention module; using module-specific return format.,0.9999998807907104,1.0000001192092896,0.976547018129694,0.9914914157217583,0.9999138166149308,0.0625,1.0,1.0,0.0,0.0
2471957-B,0,"(1, 1, 16, 85)","(16, 85)","raw_attn interpreted as [batch, heads, prototype_query, low_patch_source]",average_attn_weights=False not supported by current attention module; using module-specific return format.,0.9999998211860657,1.0000001192092896,0.9852911608541964,0.9942448699621739,0.9998644164861177,0.125,0.9222222222222222,1.0,11626.212823376512,0.0
2471959-B2,0,"(1, 1, 16, 167)","(16, 167)","raw_attn interpreted as [batch, heads, prototype_query, low_patch_source]",average_attn_weights=False not supported by current attention module; using module-specific return format.,0.9999998211860657,1.0000001192092896,0.9746532722505967,0.9903065826768666,0.9999619814372904,0.0625,1.0,1.0,0.0,0.0
2471963-B,0,"(1, 1, 16, 280)","(16, 280)","raw_attn interpreted as [batch, heads, prototype_query, low_patch_source]",average_attn_weights=False not supported by current attention module; using module-specific return format.,0.9999998807907104,1.000000238418579,0.9785053137282753,0.9930449499967238,0.9999962018275946,0.0625,1.0,1.0,0.0,0.0
2473212-B4,0,"(1, 1, 16, 187)","(16, 187)","raw_attn interpreted as [batch, heads, prototype_query, low_patch_source]",average_attn_weights=False not supported by current attention module; using module-specific return format.,0.9999998807907104,1.000000238418579,0.9703761413149479,0.988383531716157,0.9998656373348761,0.0625,1.0,1.0,0.0,0.0
2473218-B3,0,"(1, 1, 16, 255)","(16, 255)","raw_attn interpreted as [batch, heads, prototype_query, low_patch_source]",average_attn_weights=False not supported by current attention module; using module-specific return format.,0.9999998807907104,1.0000001192092896,0.9724122536316754,0.9888995838308339,0.999840682674977,0.0625,0.9583333333333334,0.9350000000000002,0.0,0.0
2473534-B2,0,"(1, 1, 16, 228)","(16, 228)","raw_attn interpreted as [batch, heads, prototype_query, low_patch_source]",average_attn_weights=False not supported by current attention module; using module-specific return format.,0.9999999403953552,1.000000238418579,0.979184779536848,0.9918357038539662,0.9998905192112757,0.0625,1.0,0.9016666666666668,0.0,0.0
2473549-B,0,"(1, 1, 16, 234)","(16, 234)","raw_attn interpreted as [batch, heads, prototype_query, low_patch_source]",average_attn_weights=False not supported by current attention module; using module-specific return format.,0.9999998807907104,1.000000238418579,0.9690818252647403,0.9882441926282031,0.9999879613637147,0.0625,1.0,1.0,0.0,0.0
2473621-B3,0,"(1, 1, 16, 158)","(16, 158)","raw_attn interpreted as [batch, heads, prototype_query, low_patch_source]",average_attn_weights=False not supported by current attention module; using module-specific return format.,0.9999998807907104,1.0000001192092896,0.9740518318159334,0.9897158567825187,0.9999754643037754,0.0625,1.0,1.0,0.0,0.0
2474150-B3,0,"(1, 1, 16, 220)","(16, 220)","raw_attn interpreted as [batch, heads, prototype_query, low_patch_source]",average_attn_weights=False not supported by current attention module; using module-specific return format.,0.9999998807907104,1.0,0.9731702414152158,0.9896583793568172,0.9999531119162082,0.0625,1.0,1.0,0.0,0.0
2474291-B2,0,"(1, 1, 16, 316)","(16, 316)","raw_attn interpreted as [batch, heads, prototype_query, low_patch_source]",average_attn_weights=False not supported by current attention module; using module-specific return format.,0.9999998807907104,1.0000001192092896,0.9684253282909743,0.9878532931185366,0.9998021055109426,0.0625,1.0,1.0,0.0,0.0
2474337-B3,0,"(1, 1, 16, 301)","(16, 301)","raw_attn interpreted as [batch, heads, prototype_query, low_patch_source]",average_attn_weights=False not supported by current attention module; using module-specific return format.,0.9999998807907104,1.000000238418579,0.9651385539888065,0.9863486969136069,0.9999062615809238,0.0625,1.0,0.9083333333333333,0.0,0.0
2474638-B3,0,"(1, 1, 16, 155)","(16, 155)","raw_attn interpreted as [batch, heads, prototype_query, low_patch_source]",average_attn_weights=False not supported by current attention module; using module-specific return format.,0.9999998807907104,1.000000238418579,0.974205514430178,0.9919171860516888,0.9999793986323435,0.0625,1.0,1.0,0.0,0.0
2474739-B2,0,"(1, 1, 16, 315)","(16, 315)","raw_attn interpreted as [batch, heads, prototype_query, low_patch_source]",average_attn_weights=False not supported by current attention module; using module-specific return format.,0.9999998807907104,1.0000001192092896,0.9600216318137805,0.9844030704954733,0.9998671200696616,0.0625,1.0,1.0,0.0,0.0
2475011-B2,0,"(1, 1, 16, 183)","(16, 183)","raw_attn interpreted as [batch, heads, prototype_query, low_patch_source]",average_attn_weights=False not supported by current attention module; using module-specific return format.,0.9999998807907104,1.0,0.9699087842983136,0.9888043920757557,0.9999734691302179,0.125,1.0,1.0,14541.009001250375,0.0
2475022-B,0,"(1, 1, 16, 224)","(16, 224)","raw_attn interpreted as [batch, heads, prototype_query, low_patch_source]",average_attn_weights=False not supported by current attention module; using module-specific return format.,0.9999998807907104,1.0000001192092896,0.9689857801169793,0.988220517626091,0.999903440860392,0.0625,1.0,1.0,0.0,0.0
2475126-B2,0,"(1, 1, 16, 231)","(16, 231)","raw_attn interpreted as [batch, heads, prototype_query, low_patch_source]",average_attn_weights=False not supported by current attention module; using module-specific return format.,0.9999998807907104,1.000000238418579,0.9614682857327658,0.985092725071125,0.9999230061937564,0.0625,1.0,0.9533333333333334,0.0,0.0
2475349-B2,0,"(1, 1, 16, 132)","(16, 132)","raw_attn interpreted as [batch, heads, prototype_query, low_patch_source]",average_attn_weights=False not supported by current attention module; using module-specific return format.,0.9999998807907104,1.0,0.9718960317578573,0.9896276204821618,0.9999462646731385,0.0625,1.0,1.0,0.0,0.0
2476252-B2,0,"(1, 1, 16, 120)","(16, 120)","raw_attn interpreted as [batch, heads, prototype_query, low_patch_source]",average_attn_weights=False not supported by current attention module; using module-specific return format.,0.9999998807907104,1.0000001192092896,0.9784859126922159,0.9913481448413506,0.9998795411978174,0.0625,1.0,1.0,0.0,0.0
2477189-B3,0,"(1, 1, 16, 129)","(16, 129)","raw_attn interpreted as [batch, heads, prototype_query, low_patch_source]",average_attn_weights=False not supported by current attention module; using module-specific return format.,0.9999998807907104,1.0000001192092896,0.9794057222888213,0.9921023120015,0.9999430814219048,0.0625,1.0,1.0,0.0,0.0
2477541-B2,0,"(1, 1, 16, 141)","(16, 141)","raw_attn interpreted as [batch, heads, prototype_query, low_patch_source]",average_attn_weights=False not supported by current attention module; using module-specific return format.,0.9999998807907104,1.0000001192092896,0.97188259522316,0.9886524025167662,0.9999092813998272,0.0625,1.0,1.0,0.0,0.0
2477809-B3,0,"(1, 1, 16, 202)","(16, 202)","raw_attn interpreted as [batch, heads, prototype_query, low_patch_source]",average_attn_weights=False not supported by current attention module; using module-specific return format.,0.9999998807907104,1.0000001192092896,0.9725639408110768,0.9891362903191587,0.9997970437674893,0.0625,1.0,0.9750000000000001,0.0,0.0
2477949-B2,0,"(1, 1, 16, 188)","(16, 188)","raw_attn interpreted as [batch, heads, prototype_query, low_patch_source]",average_attn_weights=False not supported by current attention module; using module-specific return format.,0.9999998807907104,1.0,0.9639494659638821,0.9861069224109322,0.9999371579032812,0.0625,0.8666666666666665,1.0,0.0,0.0
2477977-B3,0,"(1, 1, 16, 192)","(16, 192)","raw_attn interpreted as [batch, heads, prototype_query, low_patch_source]",average_attn_weights=False not supported by current attention module; using module-specific return format.,0.9999998807907104,1.0000001192092896,0.9751031233755187,0.9903535722828776,0.999898632467096,0.0625,0.9583333333333334,1.0,0.0,0.0
2482056-B4,0,"(1, 1, 16, 223)","(16, 223)","raw_attn interpreted as [batch, heads, prototype_query, low_patch_source]",average_attn_weights=False not supported by current attention module; using module-specific return format.,0.9999999403953552,1.0000001192092896,0.979475878398412,0.9925033847282755,0.9999562064189935,0.125,1.0,1.0,7464.515956919853,0.0
2482896-B2,0,"(1, 1, 16, 143)","(16, 143)","raw_attn interpreted as [batch, heads, prototype_query, low_patch_source]",average_attn_weights=False not supported by current attention module; using module-specific return format.,0.9999998807907104,1.0000001192092896,0.9716808761485193,0.9900303038607474,0.9999630639475559,0.0625,1.0,1.0,0.0,0.0
2482969-B,0,"(1, 1, 16, 300)","(16, 300)","raw_attn interpreted as [batch, heads, prototype_query, low_patch_source]",average_attn_weights=False not supported by current attention module; using module-specific return format.,0.9999998807907104,1.0000001192092896,0.9795823731880932,0.9918320776658611,0.9999246111887111,0.0625,1.0,1.0,0.0,0.0
2483211-B2,0,"(1, 1, 16, 288)","(16, 288)","raw_attn interpreted as [batch, heads, prototype_query, low_patch_source]",average_attn_weights=False not supported by current attention module; using module-specific return format.,0.9999998807907104,1.0000001192092896,0.9665612483957484,0.9887122419733753,0.9999590924576703,0.0625,1.0,1.0,0.0,0.0
2483846-B,0,"(1, 1, 16, 194)","(16, 194)","raw_attn interpreted as [batch, heads, prototype_query, low_patch_source]",average_attn_weights=False not supported by current attention module; using module-specific return format.,0.9999999403953552,1.0000001192092896,0.97107647026909,0.989526521930228,0.9998855316453433,0.0625,1.0,1.0,0.0,0.0
2483961-B3,0,"(1, 1, 16, 190)","(16, 190)","raw_attn interpreted as [batch, heads, prototype_query, low_patch_source]",average_attn_weights=False not supported by current attention module; using module-specific return format.,0.9999998807907104,1.0000001192092896,0.9794232226016443,0.9910652254720891,0.9999034051268818,0.0625,0.9222222222222223,0.8066666666666668,0.0,0.0
2483993-B2,0,"(1, 1, 16, 228)","(16, 228)","raw_attn interpreted as [batch, heads, prototype_query, low_patch_source]",average_attn_weights=False not supported by current attention module; using module-specific return format.,0.9999998807907104,1.0000001192092896,0.9710718064124767,0.9884374886526051,0.9999605749868783,0.0625,1.0,0.8733333333333334,0.0,0.0
2484727-B2,0,"(1, 1, 16, 145)","(16, 145)","raw_attn interpreted as [batch, heads, prototype_query, low_patch_source]",average_attn_weights=False not supported by current attention module; using module-specific return format.,0.9999998807907104,1.0000001192092896,0.9812030361996761,0.9926785224660455,0.9999322701696324,0.0625,1.0,1.0,0.0,0.0
2484771-B3,0,"(1, 1, 16, 95)","(16, 95)","raw_attn interpreted as [batch, heads, prototype_query, low_patch_source]",average_attn_weights=False not supported by current attention module; using module-specific return format.,0.9999998807907104,1.0000001192092896,0.9736173966829864,0.9897577959779673,0.9999593293864623,0.0625,0.8666666666666666,1.0,0.0,0.0
2484791-B3,0,"(1, 1, 16, 79)","(16, 79)","raw_attn interpreted as [batch, heads, prototype_query, low_patch_source]",average_attn_weights=False not supported by current attention module; using module-specific return format.,0.9999998807907104,1.0000001192092896,0.976410404185742,0.9904422571867639,0.9998937054112472,0.125,1.0,1.0,9505.373049199303,0.0
2485275-B2,0,"(1, 1, 16, 320)","(16, 320)","raw_attn interpreted as [batch, heads, prototype_query, low_patch_source]",average_attn_weights=False not supported by current attention module; using module-specific return format.,0.9999998807907104,1.0,0.982283301318265,0.9931904321271905,0.999892329776919,0.0625,0.8666666666666666,1.0,0.0,0.0
2485969-B2,0,"(1, 1, 16, 403)","(16, 403)","raw_attn interpreted as [batch, heads, prototype_query, low_patch_source]",average_attn_weights=False not supported by current attention module; using module-specific return format.,0.9999998807907104,1.0000001192092896,0.9763335732954569,0.991060496314033,0.9999261802265528,0.125,1.0,1.0,512.0,0.0
2486687-B3,0,"(1, 1, 16, 211)","(16, 211)","raw_attn interpreted as [batch, heads, prototype_query, low_patch_source]",average_attn_weights=False not supported by current attention module; using module-specific return format.,0.9999998211860657,1.0000001192092896,0.9725683998623235,0.9892477465188365,0.9998253394286228,0.0625,1.0,1.0,0.0,0.0
2486833-B2,0,"(1, 1, 16, 154)","(16, 154)","raw_attn interpreted as [batch, heads, prototype_query, low_patch_source]",average_attn_weights=False not supported by current attention module; using module-specific return format.,0.9999998807907104,1.0,0.9673675189264623,0.9877440477680796,0.9999451478596822,0.0625,0.8861111111111111,1.0,0.0,0.0
2487140-B2,0,"(1, 1, 16, 140)","(16, 140)","raw_attn interpreted as [batch, heads, prototype_query, low_patch_source]",average_attn_weights=False not supported by current attention module; using module-specific return format.,0.9999998807907104,1.0000001192092896,0.9675388424365605,0.988403908474123,0.9999519141612409,0.0625,1.0,1.0,0.0,0.0
2487146-B2,0,"(1, 1, 16, 156)","(16, 156)","raw_attn interpreted as [batch, heads, prototype_query, low_patch_source]",average_attn_weights=False not supported by current attention module; using module-specific return format.,0.9999998807907104,1.0000001192092896,0.9767178520651137,0.9913501609427107,0.999784075051176,0.0625,1.0,1.0,0.0,0.0
2487237-B2,0,"(1, 1, 16, 191)","(16, 191)","raw_attn interpreted as [batch, heads, prototype_query, low_patch_source]",average_attn_weights=False not supported by current attention module; using module-specific return format.,0.9999997615814209,1.0000001192092896,0.978227917199707,0.9912428170320113,0.9999112574972285,0.0625,1.0,1.0,0.0,0.0
2487274-B2,0,"(1, 1, 16, 197)","(16, 197)","raw_attn interpreted as [batch, heads, prototype_query, low_patch_source]",average_attn_weights=False not supported by current attention module; using module-specific return format.,0.9999999403953552,1.0000001192092896,0.9702029430980791,0.9886388569994513,0.9999175107415225,0.0625,0.8916666666666667,1.0,0.0,0.0
2487376-B2,0,"(1, 1, 16, 344)","(16, 344)","raw_attn interpreted as [batch, heads, prototype_query, low_patch_source]",average_attn_weights=False not supported by current attention module; using module-specific return format.,0.9999999403953552,1.0000001192092896,0.9733865046372342,0.9901551190730691,0.9999136113085278,0.0625,1.0,1.0,0.0,0.0
2487558-B2,0,"(1, 1, 16, 137)","(16, 137)","raw_attn interpreted as [batch, heads, prototype_query, low_patch_source]",average_attn_weights=False not supported by current attention module; using module-specific return format.,0.9999998807907104,1.0000001192092896,0.9830194992334057,0.9929589243430406,0.999920619655468,0.0625,0.9222222222222222,1.0,0.0,0.0
2488039-B2,0,"(1, 1, 16, 232)","(16, 232)","raw_attn interpreted as [batch, heads, prototype_query, low_patch_source]",average_attn_weights=False not supported by current attention module; using module-specific return format.,0.9999999403953552,1.000000238418579,0.9608010462613785,0.9858668782727782,0.99997179792355,0.0625,1.0,1.0,0.0,0.0
2488050-B3,0,"(1, 1, 16, 243)","(16, 243)","raw_attn interpreted as [batch, heads, prototype_query, low_patch_source]",average_attn_weights=False not supported by current attention module; using module-specific return format.,0.9999998807907104,1.0000001192092896,0.9749088148025377,0.9901207148139257,0.999888649850756,0.0625,1.0,1.0,0.0,0.0
2488330-B2,0,"(1, 1, 16, 277)","(16, 277)","raw_attn interpreted as [batch, heads, prototype_query, low_patch_source]",average_attn_weights=False not supported by current attention module; using module-specific return format.,0.9999998807907104,1.0000001192092896,0.965124151687787,0.986728511173184,0.9999469651967563,0.0625,1.0,1.0,0.0,0.0
2488769-B2,0,"(1, 1, 16, 161)","(16, 161)","raw_attn interpreted as [batch, heads, prototype_query, low_patch_source]",average_attn_weights=False not supported by current attention module; using module-specific return format.,0.9999999403953552,1.0000001192092896,0.971912304921299,0.9882877694634653,0.9998694653222346,0.0625,0.9583333333333334,1.0,0.0,0.0
2489137-B4,0,"(1, 1, 16, 358)","(16, 358)","raw_attn interpreted as [batch, heads, prototype_query, low_patch_source]",average_attn_weights=False not supported by current attention module; using module-specific return format.,0.9999998807907104,1.0000001192092896,0.9743935042809871,0.9885070667627223,0.9998491306485511,0.0625,1.0,0.9516666666666668,0.0,0.0
2489203-B,0,"(1, 1, 16, 388)","(16, 388)","raw_attn interpreted as [batch, heads, prototype_query, low_patch_source]",average_attn_weights=False not supported by current attention module; using module-specific return format.,0.9999999403953552,1.0000001192092896,0.9646150843753865,0.9860473245331658,0.9999553616318357,0.0625,1.0,1.0,0.0,0.0
25012253B3,0,"(1, 1, 16, 101)","(16, 101)","raw_attn interpreted as [batch, heads, prototype_query, low_patch_source]",average_attn_weights=False not supported by current attention module; using module-specific return format.,0.9999998807907104,1.0000001192092896,0.9886792053328063,0.9953313271306887,0.9998945757994943,0.0625,1.0,0.9516666666666668,0.0,0.0
25012785B2,0,"(1, 1, 16, 349)","(16, 349)","raw_attn interpreted as [batch, heads, prototype_query, low_patch_source]",average_attn_weights=False not supported by current attention module; using module-specific return format.,0.9999998807907104,1.0000001192092896,0.9497881510125097,0.9804225428491364,0.9999645841312118,0.0625,1.0,1.0,0.0,0.0
25013871B6,0,"(1, 1, 16, 359)","(16, 359)","raw_attn interpreted as [batch, heads, prototype_query, low_patch_source]",average_attn_weights=False not supported by current attention module; using module-specific return format.,0.9999998807907104,1.0000001192092896,0.9617740126446237,0.9863780604672194,0.9999497105871894,0.0625,1.0,0.9200000000000002,0.0,0.0
25014124B2,0,"(1, 1, 16, 352)","(16, 352)","raw_attn interpreted as [batch, heads, prototype_query, low_patch_source]",average_attn_weights=False not supported by current attention module; using module-specific return format.,0.9999999403953552,1.000000238418579,0.9714788890653819,0.9892793305639969,0.9999400578346493,0.0625,1.0,1.0,0.0,0.0
25014217B3,0,"(1, 1, 16, 125)","(16, 125)","raw_attn interpreted as [batch, heads, prototype_query, low_patch_source]",average_attn_weights=False not supported by current attention module; using module-specific return format.,0.9999998211860657,1.000000238418579,0.9579270942404589,0.9853507212960411,0.9999598766263216,0.0625,1.0,1.0,0.0,0.0
25014268B,0,"(1, 1, 16, 172)","(16, 172)","raw_attn interpreted as [batch, heads, prototype_query, low_patch_source]",average_attn_weights=False not supported by current attention module; using module-specific return format.,0.9999998807907104,1.0000001192092896,0.974228914073669,0.9902951471479121,0.9999301154877309,0.0625,1.0,1.0,0.0,0.0
25014311B2,0,"(1, 1, 16, 132)","(16, 132)","raw_attn interpreted as [batch, heads, prototype_query, low_patch_source]",average_attn_weights=False not supported by current attention module; using module-specific return format.,0.9999998807907104,1.0000001192092896,0.9811942495467004,0.9930096031366684,0.9999227785073079,0.0625,0.9222222222222222,1.0,0.0,0.0
25014318B,0,"(1, 1, 16, 125)","(16, 125)","raw_attn interpreted as [batch, heads, prototype_query, low_patch_source]",average_attn_weights=False not supported by current attention module; using module-specific return format.,0.9999999403953552,1.0000001192092896,0.9806586731671819,0.9921658255903658,0.9998863156941379,0.125,1.0,0.9750000000000001,1351.611042012046,0.0
25014684B,0,"(1, 1, 16, 400)","(16, 400)","raw_attn interpreted as [batch, heads, prototype_query, low_patch_source]",average_attn_weights=False not supported by current attention module; using module-specific return format.,0.9999998211860657,1.0000001192092896,0.9599134024836974,0.9853268269577168,0.9999651461652087,0.0625,1.0,1.0,0.0,0.0
25015070B2,0,"(1, 1, 16, 218)","(16, 218)","raw_attn interpreted as [batch, heads, prototype_query, low_patch_source]",average_attn_weights=False not supported by current attention module; using module-specific return format.,0.9999998807907104,1.0000001192092896,0.9818919156256193,0.9928896014081915,0.9999364642289871,0.0625,0.9222222222222222,0.9750000000000001,0.0,0.0
25015087B2,0,"(1, 1, 16, 225)","(16, 225)","raw_attn interpreted as [batch, heads, prototype_query, low_patch_source]",average_attn_weights=False not supported by current attention module; using module-specific return format.,0.9999998807907104,1.0000001192092896,0.972354114512989,0.9901998344254705,0.9999690631519406,0.0625,1.0,1.0,0.0,0.0
25015204B2,0,"(1, 1, 16, 272)","(16, 272)","raw_attn interpreted as [batch, heads, prototype_query, low_patch_source]",average_attn_weights=False not supported by current attention module; using module-specific return format.,0.9999998807907104,1.0000001192092896,0.9746153509786522,0.9892725304259251,0.9999154056887062,0.0625,1.0,1.0,0.0,0.0
25015422B,0,"(1, 1, 16, 168)","(16, 168)","raw_attn interpreted as [batch, heads, prototype_query, low_patch_source]",average_attn_weights=False not supported by current attention module; using module-specific return format.,0.9999998807907104,1.0,0.9748468155723405,0.990629628045949,0.999958867333896,0.0625,1.0,1.0,0.0,0.0
25015607B2,0,"(1, 1, 16, 185)","(16, 185)","raw_attn interpreted as [batch, heads, prototype_query, low_patch_source]",average_attn_weights=False not supported by current attention module; using module-specific return format.,0.9999998807907104,1.0000001192092896,0.9661212507120573,0.9875403106487015,0.9999870059876713,0.0625,1.0,1.0,0.0,0.0
25015622B2,0,"(1, 1, 16, 289)","(16, 289)","raw_attn interpreted as [batch, heads, prototype_query, low_patch_source]",average_attn_weights=False not supported by current attention module; using module-specific return format.,0.9999998807907104,1.0000001192092896,0.9728872951591979,0.9892957410950218,0.9999158461022876,0.0625,0.8916666666666664,1.0,0.0,0.0
25015811B3,0,"(1, 1, 16, 114)","(16, 114)","raw_attn interpreted as [batch, heads, prototype_query, low_patch_source]",average_attn_weights=False not supported by current attention module; using module-specific return format.,0.9999998807907104,1.0,0.9749106262311076,0.9915138412122912,0.9999339319258164,0.0625,1.0,1.0,0.0,0.0
25015820B,0,"(1, 1, 16, 300)","(16, 300)","raw_attn interpreted as [batch, heads, prototype_query, low_patch_source]",average_attn_weights=False not supported by current attention module; using module-specific return format.,0.9999998807907104,1.0000001192092896,0.9721802202954647,0.9890184046417279,0.9999385096019566,0.0625,1.0,1.0,0.0,0.0
25015870B3,0,"(1, 1, 16, 180)","(16, 180)","raw_attn interpreted as [batch, heads, prototype_query, low_patch_source]",average_attn_weights=False not supported by current attention module; using module-specific return format.,0.9999998807907104,1.0000001192092896,0.9741614210136892,0.9878426546616178,0.9998896955775213,0.0625,1.0,1.0,0.0,0.0
25017211B2,0,"(1, 1, 16, 264)","(16, 264)","raw_attn interpreted as [batch, heads, prototype_query, low_patch_source]",average_attn_weights=False not supported by current attention module; using module-specific return format.,0.9999998807907104,1.0000001192092896,0.9715548489667261,0.989357062997381,0.9999319896003681,0.0625,1.0,1.0,0.0,0.0
25017355B1,0,"(1, 1, 16, 321)","(16, 321)","raw_attn interpreted as [batch, heads, prototype_query, low_patch_source]",average_attn_weights=False not supported by current attention module; using module-specific return format.,0.9999999403953552,1.0000001192092896,0.9718488493564632,0.988756672113315,0.999873935180638,0.0625,1.0,0.8700000000000002,0.0,0.0
25017711B,0,"(1, 1, 16, 384)","(16, 384)","raw_attn interpreted as [batch, heads, prototype_query, low_patch_source]",average_attn_weights=False not supported by current attention module; using module-specific return format.,0.9999999403953552,1.0000001192092896,0.9679960968537333,0.9870522913750088,0.9998984579977853,0.0625,1.0,1.0,0.0,0.0
25017948B3,0,"(1, 1, 16, 288)","(16, 288)","raw_attn interpreted as [batch, heads, prototype_query, low_patch_source]",average_attn_weights=False not supported by current attention module; using module-specific return format.,0.9999998807907104,1.000000238418579,0.9703222345315848,0.988582126221947,0.9998935432258224,0.0625,1.0,1.0,0.0,0.0
25019384B2,0,"(1, 1, 16, 226)","(16, 226)","raw_attn interpreted as [batch, heads, prototype_query, low_patch_source]",average_attn_weights=False not supported by current attention module; using module-specific return format.,0.9999998807907104,1.0000001192092896,0.9686371453879061,0.9890963259643246,0.9999265219405563,0.0625,1.0,0.9,0.0,0.0
25021171B2,0,"(1, 1, 16, 136)","(16, 136)","raw_attn interpreted as [batch, heads, prototype_query, low_patch_source]",average_attn_weights=False not supported by current attention module; using module-specific return format.,0.9999999403953552,1.0000001192092896,0.9796699098669449,0.9919202805397004,0.9999356615520011,0.0625,1.0,0.9116666666666667,0.0,0.0
25021260B2,0,"(1, 1, 16, 260)","(16, 260)","raw_attn interpreted as [batch, heads, prototype_query, low_patch_source]",average_attn_weights=False not supported by current attention module; using module-specific return format.,0.9999998807907104,1.0000001192092896,0.9735441688661282,0.9905904702595596,0.9999563525961739,0.0625,0.9222222222222222,1.0,0.0,0.0
25021622B4,0,"(1, 1, 16, 139)","(16, 139)","raw_attn interpreted as [batch, heads, prototype_query, low_patch_source]",average_attn_weights=False not supported by current attention module; using module-specific return format.,0.9999998807907104,1.0000001192092896,0.9704335127163228,0.9889164125153658,0.9999147493520856,0.0625,0.9583333333333334,1.0,0.0,0.0
25021640B3,0,"(1, 1, 16, 392)","(16, 392)","raw_attn interpreted as [batch, heads, prototype_query, low_patch_source]",average_attn_weights=False not supported by current attention module; using module-specific return format.,0.9999998807907104,1.0000001192092896,0.9718752743526344,0.9887489102630784,0.9999223384192164,0.0625,1.0,1.0,0.0,0.0
25022278B2,0,"(1, 1, 16, 201)","(16, 201)","raw_attn interpreted as [batch, heads, prototype_query, low_patch_source]",average_attn_weights=False not supported by current attention module; using module-specific return format.,0.9999998807907104,1.0000001192092896,0.9721236045010659,0.9884155460482036,0.9999013573548579,0.0625,1.0,0.9750000000000001,0.0,0.0
25023687B2,0,"(1, 1, 16, 234)","(16, 234)","raw_attn interpreted as [batch, heads, prototype_query, low_patch_source]",average_attn_weights=False not supported by current attention module; using module-specific return format.,0.9999998807907104,1.0000001192092896,0.9562201395857353,0.981929325324541,0.9999799153857528,0.0625,1.0,1.0,0.0,0.0
25023690B3,0,"(1, 1, 16, 170)","(16, 170)","raw_attn interpreted as [batch, heads, prototype_query, low_patch_source]",average_attn_weights=False not supported by current attention module; using module-specific return format.,0.9999998807907104,1.0000001192092896,0.9785614270337617,0.9918841602865853,0.9999397973136933,0.0625,1.0,1.0,0.0,0.0
25023930B2,0,"(1, 1, 16, 138)","(16, 138)","raw_attn interpreted as [batch, heads, prototype_query, low_patch_source]",average_attn_weights=False not supported by current attention module; using module-specific return format.,0.9999998807907104,1.0000001192092896,0.9792685451056713,0.9925313537675267,0.9999582416938144,0.0625,1.0,0.975,0.0,0.0
25023936B2,0,"(1, 1, 16, 235)","(16, 235)","raw_attn interpreted as [batch, heads, prototype_query, low_patch_source]",average_attn_weights=False not supported by current attention module; using module-specific return format.,0.9999998807907104,1.0000001192092896,0.9737042635390798,0.9896483724561391,0.999936204607383,0.0625,1.0,1.0,0.0,0.0
25023977B2,0,"(1, 1, 16, 200)","(16, 200)","raw_attn interpreted as [batch, heads, prototype_query, low_patch_source]",average_attn_weights=False not supported by current attention module; using module-specific return format.,0.9999999403953552,1.0000001192092896,0.9802174591468985,0.9921335747701634,0.999952382773379,0.0625,0.9583333333333334,1.0,0.0,0.0
25024310B3,0,"(1, 1, 16, 405)","(16, 405)","raw_attn interpreted as [batch, heads, prototype_query, low_patch_source]",average_attn_weights=False not supported by current attention module; using module-specific return format.,0.9999998807907104,1.0000001192092896,0.974623659187319,0.9896418378120323,0.9999358443771379,0.0625,1.0,0.9533333333333334,0.0,0.0
25024688B2,0,"(1, 1, 16, 171)","(16, 171)","raw_attn interpreted as [batch, heads, prototype_query, low_patch_source]",average_attn_weights=False not supported by current attention module; using module-specific return format.,0.9999998807907104,1.0,0.9692739652034212,0.9883107165352785,0.999907793764229,0.0625,1.0,1.0,0.0,0.0
25024983B2,0,"(1, 1, 16, 291)","(16, 291)","raw_attn interpreted as [batch, heads, prototype_query, low_patch_source]",average_attn_weights=False not supported by current attention module; using module-specific return format.,0.9999998807907104,1.0000001192092896,0.9759528625300241,0.9907926853622151,0.9998676564182815,0.0625,1.0,0.9533333333333334,0.0,0.0
25025506B,0,"(1, 1, 16, 218)","(16, 218)","raw_attn interpreted as [batch, heads, prototype_query, low_patch_source]",average_attn_weights=False not supported by current attention module; using module-specific return format.,0.9999998807907104,1.000000238418579,0.968360632428481,0.9867033220286592,0.9999496443015117,0.0625,1.0,1.0,0.0,0.0
25025510B3,0,"(1, 1, 16, 325)","(16, 325)","raw_attn interpreted as [batch, heads, prototype_query, low_patch_source]",average_attn_weights=False not supported by current attention module; using module-specific return format.,0.9999998807907104,1.000000238418579,0.9547345238131183,0.9832398741756161,0.9999619543432804,0.0625,1.0,1.0,0.0,0.0
25027135B3,0,"(1, 1, 16, 196)","(16, 196)","raw_attn interpreted as [batch, heads, prototype_query, low_patch_source]",average_attn_weights=False not supported by current attention module; using module-specific return format.,0.9999998807907104,1.0,0.9763243843289546,0.9913263976147157,0.9998901263894977,0.0625,0.9583333333333334,1.0,0.0,0.0
25027290B2,0,"(1, 1, 16, 420)","(16, 420)","raw_attn interpreted as [batch, heads, prototype_query, low_patch_source]",average_attn_weights=False not supported by current attention module; using module-specific return format.,0.9999998807907104,1.0000001192092896,0.9713375679016871,0.9895872094855962,0.9999222188322536,0.125,1.0,1.0,14150.850105912366,0.0
2490860B2,0,"(1, 1, 16, 291)","(16, 291)","raw_attn interpreted as [batch, heads, prototype_query, low_patch_source]",average_attn_weights=False not supported by current attention module; using module-specific return format.,0.9999998807907104,1.0000001192092896,0.9761051533673163,0.9913112772318324,0.9999363467678911,0.0625,1.0,1.0,0.0,0.0
2490964B2,0,"(1, 1, 16, 113)","(16, 113)","raw_attn interpreted as [batch, heads, prototype_query, low_patch_source]",average_attn_weights=False not supported by current attention module; using module-specific return format.,0.9999998807907104,1.0000001192092896,0.9711067273132189,0.9890712102549801,0.9999529486876735,0.0625,1.0,1.0,0.0,0.0
2490978B2,0,"(1, 1, 16, 138)","(16, 138)","raw_attn interpreted as [batch, heads, prototype_query, low_patch_source]",average_attn_weights=False not supported by current attention module; using module-specific return format.,0.9999999403953552,1.0000001192092896,0.9725511638362196,0.9901630418062531,0.9998804943127251,0.0625,0.7916666666666666,1.0,0.0,0.0
25001929B3,0,"(1, 1, 16, 179)","(16, 179)","raw_attn interpreted as [batch, heads, prototype_query, low_patch_source]",average_attn_weights=False not supported by current attention module; using module-specific return format.,0.9999998807907104,1.0000001192092896,0.9794085605187937,0.9912730795808897,0.9999245869048626,0.0625,0.8249999999999998,0.975,0.0,0.0
25009756B2,0,"(1, 1, 16, 236)","(16, 236)","raw_attn interpreted as [batch, heads, prototype_query, low_patch_source]",average_attn_weights=False not supported by current attention module; using module-specific return format.,0.9999998807907104,1.000000238418579,0.9702302252014762,0.9902909103055161,0.9999303268864339,0.0625,1.0,1.0,0.0,0.0
25015064B,0,"(1, 1, 16, 74)","(16, 74)","raw_attn interpreted as [batch, heads, prototype_query, low_patch_source]",average_attn_weights=False not supported by current attention module; using module-specific return format.,0.9999999403953552,1.0000001192092896,0.9859986399580107,0.9951538513750104,0.9999439518034516,0.0625,1.0,1.0,0.0,0.0
2482883-B2,0,"(1, 1, 16, 390)","(16, 390)","raw_attn interpreted as [batch, heads, prototype_query, low_patch_source]",average_attn_weights=False not supported by current attention module; using module-specific return format.,1.0,1.0000001192092896,0.9703239016416811,0.9885798723932235,0.9999072820520298,0.0625,0.825,1.0,0.0,0.0
2483850-B2,0,"(1, 1, 16, 163)","(16, 163)","raw_attn interpreted as [batch, heads, prototype_query, low_patch_source]",average_attn_weights=False not supported by current attention module; using module-specific return format.,0.9999998807907104,1.0000001192092896,0.9761290628391774,0.9908988701624206,0.9999450176946374,0.0625,1.0,0.8116666666666668,0.0,0.0
2485632-B,0,"(1, 1, 16, 148)","(16, 148)","raw_attn interpreted as [batch, heads, prototype_query, low_patch_source]",average_attn_weights=False not supported by current attention module; using module-specific return format.,0.9999998807907104,1.0000001192092896,0.9856403009597029,0.993961627067572,0.9998873239539561,0.0625,1.0,1.0,0.0,0.0
2487053-B2,0,"(1, 1, 16, 202)","(16, 202)","raw_attn interpreted as [batch, heads, prototype_query, low_patch_source]",average_attn_weights=False not supported by current attention module; using module-specific return format.,0.9999999403953552,1.0000001192092896,0.9754157871377978,0.9898007799959618,0.9999434969777816,0.0625,1.0,1.0,0.0,0.0
25013629B6,0,"(1, 1, 16, 375)","(16, 375)","raw_attn interpreted as [batch, heads, prototype_query, low_patch_source]",average_attn_weights=False not supported by current attention module; using module-specific return format.,0.9999998807907104,1.0000001192092896,0.9831017175100916,0.9938311090889649,0.9999410864829206,0.0625,1.0,1.0,0.0,0.0
25015052B3,0,"(1, 1, 16, 280)","(16, 280)","raw_attn interpreted as [batch, heads, prototype_query, low_patch_source]",average_attn_weights=False not supported by current attention module; using module-specific return format.,0.9999998807907104,1.000000238418579,0.9696330809828886,0.9898113584322843,0.9998602121703607,0.0625,1.0,1.0,0.0,0.0
25015191B3,0,"(1, 1, 16, 149)","(16, 149)","raw_attn interpreted as [batch, heads, prototype_query, low_patch_source]",average_attn_weights=False not supported by current attention module; using module-specific return format.,0.9999998807907104,1.000000238418579,0.9742458534942728,0.9903314486315684,0.9999441733102334,0.0625,1.0,1.0,0.0,0.0
25016027B,0,"(1, 1, 16, 172)","(16, 172)","raw_attn interpreted as [batch, heads, prototype_query, low_patch_source]",average_attn_weights=False not supported by current attention module; using module-specific return format.,0.9999998211860657,1.0,0.9814419518131408,0.9926224952667043,0.9999325135076502,0.0625,1.0,1.0,0.0,0.0
25016031B2,0,"(1, 1, 16, 240)","(16, 240)","raw_attn interpreted as [batch, heads, prototype_query, low_patch_source]",average_attn_weights=False not supported by current attention module; using module-specific return format.,0.9999998807907104,1.0000001192092896,0.9687297795407247,0.9871591441007388,0.9998719143113415,0.0625,1.0,1.0,0.0,0.0
25017355B4,0,"(1, 1, 16, 142)","(16, 142)","raw_attn interpreted as [batch, heads, prototype_query, low_patch_source]",average_attn_weights=False not supported by current attention module; using module-specific return format.,0.9999998807907104,1.0000001192092896,0.9759225029052139,0.99136163497812,0.9999687270762138,0.0625,1.0,1.0,0.0,0.0
25017923B,0,"(1, 1, 16, 119)","(16, 119)","raw_attn interpreted as [batch, heads, prototype_query, low_patch_source]",average_attn_weights=False not supported by current attention module; using module-specific return format.,0.9999998211860657,1.0000001192092896,0.9777346513060771,0.9920149316094334,0.9999123722448537,0.0625,1.0,1.0,0.0,0.0
25019273B,0,"(1, 1, 16, 379)","(16, 379)","raw_attn interpreted as [batch, heads, prototype_query, low_patch_source]",average_attn_weights=False not supported by current attention module; using module-specific return format.,0.9999998807907104,1.0000001192092896,0.9542495823140756,0.9810292017688254,0.9999076388411544,0.0625,1.0,0.9750000000000001,0.0,0.0
25020556B4,0,"(1, 1, 16, 152)","(16, 152)","raw_attn interpreted as [batch, heads, prototype_query, low_patch_source]",average_attn_weights=False not supported by current attention module; using module-specific return format.,0.9999998807907104,1.0,0.979347416682371,0.9925156572835618,0.999942289827588,0.0625,1.0,1.0,0.0,0.0
25021277B4,0,"(1, 1, 16, 89)","(16, 89)","raw_attn interpreted as [batch, heads, prototype_query, low_patch_source]",average_attn_weights=False not supported by current attention module; using module-specific return format.,0.9999998807907104,1.0000001192092896,0.9701386824572286,0.9886326512874415,0.9999337960747394,0.0625,0.9583333333333334,1.0,0.0,0.0
25022013B,0,"(1, 1, 16, 169)","(16, 169)","raw_attn interpreted as [batch, heads, prototype_query, low_patch_source]",average_attn_weights=False not supported by current attention module; using module-specific return format.,0.9999998807907104,1.0,0.978339048621882,0.9918335197633303,0.9999534660458902,0.0625,1.0,0.92,0.0,0.0
25023687B4,0,"(1, 1, 16, 64)","(16, 64)","raw_attn interpreted as [batch, heads, prototype_query, low_patch_source]",average_attn_weights=False not supported by current attention module; using module-specific return format.,0.9999998807907104,1.0000001192092896,0.9784414454318034,0.9919488824746099,0.9999266395135139,0.0625,1.0,1.0,0.0,0.0
25023961B2,0,"(1, 1, 16, 49)","(16, 49)","raw_attn interpreted as [batch, heads, prototype_query, low_patch_source]",average_attn_weights=False not supported by current attention module; using module-specific return format.,0.9999998807907104,1.0000001192092896,0.9883177497595572,0.9963841537803114,0.9999879221880493,0.0625,1.0,0.92,0.0,0.0
25023972B3,0,"(1, 1, 16, 267)","(16, 267)","raw_attn interpreted as [batch, heads, prototype_query, low_patch_source]",average_attn_weights=False not supported by current attention module; using module-specific return format.,0.9999998807907104,1.0000001192092896,0.9740234248773573,0.9897996188334471,0.9999307154942156,0.0625,1.0,1.0,0.0,0.0
25024855B4,0,"(1, 1, 16, 157)","(16, 157)","raw_attn interpreted as [batch, heads, prototype_query, low_patch_source]",average_attn_weights=False not supported by current attention module; using module-specific return format.,1.0,1.000000238418579,0.9763088493387398,0.9915952852138548,0.9999037143288518,0.0625,1.0,1.0,0.0,0.0
25025076B,0,"(1, 1, 16, 270)","(16, 270)","raw_attn interpreted as [batch, heads, prototype_query, low_patch_source]",average_attn_weights=False not supported by current attention module; using module-specific return format.,0.9999999403953552,1.0000001192092896,0.9765888274637753,0.9908733396470525,0.9999070871871528,0.125,0.9222222222222222,1.0,10647.700386262988,0.0
25025087B,0,"(1, 1, 16, 170)","(16, 170)","raw_attn interpreted as [batch, heads, prototype_query, low_patch_source]",average_attn_weights=False not supported by current attention module; using module-specific return format.,0.9999998211860657,1.0,0.9806880636213616,0.9935955127688714,0.9999890226764511,0.0625,1.0,0.9750000000000001,0.0,0.0
25025954B3,0,"(1, 1, 16, 40)","(16, 40)","raw_attn interpreted as [batch, heads, prototype_query, low_patch_source]",average_attn_weights=False not supported by current attention module; using module-specific return format.,0.9999999403953552,1.0000001192092896,0.9724093030261517,0.9877171440741908,0.9999539005300877,0.0625,1.0,1.0,0.0,0.0
25026144B2,0,"(1, 1, 16, 282)","(16, 282)","raw_attn interpreted as [batch, heads, prototype_query, low_patch_source]",average_attn_weights=False not supported by current attention module; using module-specific return format.,0.9999998807907104,1.000000238418579,0.9525542510088421,0.9814575097025084,0.9998901728890655,0.0625,1.0,1.0,0.0,0.0
25026499B3,0,"(1, 1, 16, 296)","(16, 296)","raw_attn interpreted as [batch, heads, prototype_query, low_patch_source]",average_attn_weights=False not supported by current attention module; using module-specific return format.,0.9999998807907104,1.0000001192092896,0.9841093698576352,0.9943771567392875,0.9999375084224987,0.0625,0.8333333333333331,1.0,0.0,0.0
25026782B3,0,"(1, 1, 16, 205)","(16, 205)","raw_attn interpreted as [batch, heads, prototype_query, low_patch_source]",average_attn_weights=False not supported by current attention module; using module-specific return format.,0.9999998807907104,1.0000001192092896,0.9830103778144135,0.9933852715031478,0.9999529009636028,0.0625,1.0,0.9533333333333334,0.0,0.0
25027131B2,0,"(1, 1, 16, 315)","(16, 315)","raw_attn interpreted as [batch, heads, prototype_query, low_patch_source]",average_attn_weights=False not supported by current attention module; using module-specific return format.,0.9999998807907104,1.0000001192092896,0.9740994422726277,0.9903138735610932,0.9998910988371543,0.0625,1.0,1.0,0.0,0.0
25027181B3,0,"(1, 1, 16, 185)","(16, 185)","raw_attn interpreted as [batch, heads, prototype_query, low_patch_source]",average_attn_weights=False not supported by current attention module; using module-specific return format.,0.9999999403953552,1.0000001192092896,0.9782262809644148,0.9912415341206811,0.9999371937158503,0.0625,0.9583333333333334,1.0,0.0,0.0
25027723B4,0,"(1, 1, 16, 248)","(16, 248)","raw_attn interpreted as [batch, heads, prototype_query, low_patch_source]",average_attn_weights=False not supported by current attention module; using module-specific return format.,0.9999998807907104,1.0,0.9664124855993618,0.9865564751880158,0.9999084203938742,0.0625,1.0,1.0,0.0,0.0
25028014B7,0,"(1, 1, 16, 97)","(16, 97)","raw_attn interpreted as [batch, heads, prototype_query, low_patch_source]",average_attn_weights=False not supported by current attention module; using module-specific return format.,0.9999998807907104,1.0000001192092896,0.9824788737470223,0.9928327705596799,0.9999618841087728,0.0625,0.9583333333333334,1.0,0.0,0.0
25028514B,0,"(1, 1, 16, 128)","(16, 128)","raw_attn interpreted as [batch, heads, prototype_query, low_patch_source]",average_attn_weights=False not supported by current attention module; using module-specific return format.,0.9999997615814209,1.0000001192092896,0.9711474276862585,0.990214279787218,0.9999301470547961,0.0625,1.0,1.0,0.0,0.0
25028738B2,0,"(1, 1, 16, 212)","(16, 212)","raw_attn interpreted as [batch, heads, prototype_query, low_patch_source]",average_attn_weights=False not supported by current attention module; using module-specific return format.,0.9999998807907104,1.000000238418579,0.9789935376292519,0.992024142856902,0.9999323043453505,0.0625,1.0,1.0,0.0,0.0
25029425B2,0,"(1, 1, 16, 281)","(16, 281)","raw_attn interpreted as [batch, heads, prototype_query, low_patch_source]",average_attn_weights=False not supported by current attention module; using module-specific return format.,0.9999998807907104,1.0000001192092896,0.9805483449835037,0.992215502737642,0.9999124091702212,0.0625,1.0,1.0,0.0,0.0
25029425B,0,"(1, 1, 16, 361)","(16, 361)","raw_attn interpreted as [batch, heads, prototype_query, low_patch_source]",average_attn_weights=False not supported by current attention module; using module-specific return format.,0.9999998807907104,1.000000238418579,0.975369123205208,0.9901577599020294,0.9999017656340868,0.0625,1.0,0.9533333333333334,0.0,0.0
25029737B2,0,"(1, 1, 16, 239)","(16, 239)","raw_attn interpreted as [batch, heads, prototype_query, low_patch_source]",average_attn_weights=False not supported by current attention module; using module-specific return format.,0.9999998807907104,1.0000001192092896,0.9699643255721576,0.98858040292689,0.9999059781722884,0.0625,1.0,1.0,0.0,0.0
25030334B2,0,"(1, 1, 16, 228)","(16, 228)","raw_attn interpreted as [batch, heads, prototype_query, low_patch_source]",average_attn_weights=False not supported by current attention module; using module-specific return format.,0.9999998807907104,1.0,0.975017150635264,0.9903215571119217,0.9999592382141368,0.0625,1.0,1.0,0.0,0.0
25030750B2,0,"(1, 1, 16, 336)","(16, 336)","raw_attn interpreted as [batch, heads, prototype_query, low_patch_source]",average_attn_weights=False not supported by current attention module; using module-specific return format.,0.9999998807907104,1.0000001192092896,0.9616003334071371,0.9846402813371999,0.9999284704104489,0.0625,1.0,1.0,0.0,0.0
25030988B4,0,"(1, 1, 16, 144)","(16, 144)","raw_attn interpreted as [batch, heads, prototype_query, low_patch_source]",average_attn_weights=False not supported by current attention module; using module-specific return format.,0.9999998807907104,1.0000001192092896,0.9695465364412658,0.9884163019398554,0.9999711214906433,0.0625,1.0,0.9533333333333334,0.0,0.0
25030998B2,0,"(1, 1, 16, 226)","(16, 226)","raw_attn interpreted as [batch, heads, prototype_query, low_patch_source]",average_attn_weights=False not supported by current attention module; using module-specific return format.,0.9999998807907104,1.0000001192092896,0.9810734373723695,0.9929581719806397,0.999954469529215,0.0625,1.0,1.0,0.0,0.0
25031267B2,0,"(1, 1, 16, 162)","(16, 162)","raw_attn interpreted as [batch, heads, prototype_query, low_patch_source]",average_attn_weights=False not supported by current attention module; using module-specific return format.,0.9999998807907104,1.0,0.9748028948706593,0.9904700288320729,0.9998732059977002,0.0625,1.0,0.8683333333333335,0.0,0.0
25031411B3,0,"(1, 1, 16, 45)","(16, 45)","raw_attn interpreted as [batch, heads, prototype_query, low_patch_source]",average_attn_weights=False not supported by current attention module; using module-specific return format.,0.9999998807907104,1.000000238418579,0.9822835491664068,0.993172581901469,0.9999666960826292,0.0625,1.0,1.0,0.0,0.0
25031706B,0,"(1, 1, 16, 144)","(16, 144)","raw_attn interpreted as [batch, heads, prototype_query, low_patch_source]",average_attn_weights=False not supported by current attention module; using module-specific return format.,0.9999998807907104,1.0000001192092896,0.9777189607999366,0.9904598359686387,0.9998548283801655,0.0625,1.0,1.0,0.0,0.0
25032179B3,0,"(1, 1, 16, 47)","(16, 47)","raw_attn interpreted as [batch, heads, prototype_query, low_patch_source]",average_attn_weights=False not supported by current attention module; using module-specific return format.,0.9999998211860657,1.0000001192092896,0.9899162532731806,0.9960784801647355,0.9999028418583049,0.125,1.0,1.0,1351.6110420120463,0.0
25032789B2,0,"(1, 1, 16, 254)","(16, 254)","raw_attn interpreted as [batch, heads, prototype_query, low_patch_source]",average_attn_weights=False not supported by current attention module; using module-specific return format.,0.9999998807907104,1.0000001192092896,0.9670657215723696,0.9869626005824629,0.9999212507852153,0.0625,1.0,0.9083333333333333,0.0,0.0
25033447B4,0,"(1, 1, 16, 75)","(16, 75)","raw_attn interpreted as [batch, heads, prototype_query, low_patch_source]",average_attn_weights=False not supported by current attention module; using module-specific return format.,0.9999998211860657,1.0000001192092896,0.981142625451165,0.9940378784608168,0.9999860549926066,0.0625,1.0,1.0,0.0,0.0
25034327B2,0,"(1, 1, 16, 336)","(16, 336)","raw_attn interpreted as [batch, heads, prototype_query, low_patch_source]",average_attn_weights=False not supported by current attention module; using module-specific return format.,0.9999999403953552,1.0,0.9696282985806735,0.9882827895299565,0.9999058386847086,0.0625,0.8666666666666667,1.0,0.0,0.0
25034940B11,0,"(1, 1, 16, 188)","(16, 188)","raw_attn interpreted as [batch, heads, prototype_query, low_patch_source]",average_attn_weights=False not supported by current attention module; using module-specific return format.,0.9999998211860657,1.0000001192092896,0.9895917756713905,0.9962207291139213,0.9999221925141228,0.0625,1.0,1.0,0.0,0.0
25034940B12,0,"(1, 1, 16, 110)","(16, 110)","raw_attn interpreted as [batch, heads, prototype_query, low_patch_source]",average_attn_weights=False not supported by current attention module; using module-specific return format.,0.9999998211860657,1.0000001192092896,0.9753858903531367,0.9909196008523097,0.999961268761089,0.0625,1.0,1.0,0.0,0.0
25035354B3,0,"(1, 1, 16, 241)","(16, 241)","raw_attn interpreted as [batch, heads, prototype_query, low_patch_source]",average_attn_weights=False not supported by current attention module; using module-specific return format.,0.9999998807907104,1.0000001192092896,0.983364375286084,0.9947583026116116,0.9999882679923306,0.0625,1.0,1.0,0.0,0.0
25044694B,0,"(1, 1, 16, 290)","(16, 290)","raw_attn interpreted as [batch, heads, prototype_query, low_patch_source]",average_attn_weights=False not supported by current attention module; using module-specific return format.,0.9999999403953552,1.0000001192092896,0.974130761822421,0.9885393243976717,0.9998991451279742,0.0625,1.0,0.9016666666666668,0.0,0.0
25045625B3,0,"(1, 1, 16, 154)","(16, 154)","raw_attn interpreted as [batch, heads, prototype_query, low_patch_source]",average_attn_weights=False not supported by current attention module; using module-specific return format.,0.9999998807907104,1.0000001192092896,0.9798486578495118,0.9922392333662315,0.999912203031861,0.0625,1.0,1.0,0.0,0.0
25045625B1,0,"(1, 1, 16, 153)","(16, 153)","raw_attn interpreted as [batch, heads, prototype_query, low_patch_source]",average_attn_weights=False not supported by current attention module; using module-specific return format.,0.9999999403953552,1.0,0.9594404235115803,0.9841061130583322,0.9999517257533707,0.0625,1.0,1.0,0.0,0.0
25045801B2,0,"(1, 1, 16, 136)","(16, 136)","raw_attn interpreted as [batch, heads, prototype_query, low_patch_source]",average_attn_weights=False not supported by current attention module; using module-specific return format.,0.9999999403953552,1.0000001192092896,0.979532650655432,0.9918711866263532,0.9998218560594277,0.0625,1.0,0.975,0.0,0.0
25045829B2,0,"(1, 1, 16, 298)","(16, 298)","raw_attn interpreted as [batch, heads, prototype_query, low_patch_source]",average_attn_weights=False not supported by current attention module; using module-specific return format.,0.9999998807907104,1.0000001192092896,0.9774807054639062,0.9909750909369811,0.999939978804321,0.0625,1.0,1.0,0.0,0.0
25046631B2,0,"(1, 1, 16, 240)","(16, 240)","raw_attn interpreted as [batch, heads, prototype_query, low_patch_source]",average_attn_weights=False not supported by current attention module; using module-specific return format.,0.9999998807907104,1.0000001192092896,0.9576419522469521,0.9850688261852278,0.9999822063879051,0.0625,1.0,1.0,0.0,0.0
25047538B2,0,"(1, 1, 16, 122)","(16, 122)","raw_attn interpreted as [batch, heads, prototype_query, low_patch_source]",average_attn_weights=False not supported by current attention module; using module-specific return format.,0.9999998807907104,1.0000001192092896,0.9746266460337769,0.9900674776002572,0.9999510176611851,0.0625,1.0,1.0,0.0,0.0
25049999B2,0,"(1, 1, 16, 201)","(16, 201)","raw_attn interpreted as [batch, heads, prototype_query, low_patch_source]",average_attn_weights=False not supported by current attention module; using module-specific return format.,0.9999998807907104,1.0000001192092896,0.9833077604570973,0.9930235750709678,0.9999643091504873,0.0625,1.0,0.8850000000000001,0.0,0.0
25050888B2,0,"(1, 1, 16, 108)","(16, 108)","raw_attn interpreted as [batch, heads, prototype_query, low_patch_source]",average_attn_weights=False not supported by current attention module; using module-specific return format.,0.9999998807907104,1.0000001192092896,0.9767898718190945,0.9920239232784352,0.999933009395908,0.0625,1.0,0.92,0.0,0.0
25051008B4,0,"(1, 1, 16, 153)","(16, 153)","raw_attn interpreted as [batch, heads, prototype_query, low_patch_source]",average_attn_weights=False not supported by current attention module; using module-specific return format.,0.9999997615814209,1.0000001192092896,0.9827947083791576,0.9927384442112153,0.9999897062426691,0.0625,1.0,1.0,0.0,0.0
25054693B2,0,"(1, 1, 16, 269)","(16, 269)","raw_attn interpreted as [batch, heads, prototype_query, low_patch_source]",average_attn_weights=False not supported by current attention module; using module-specific return format.,0.9999998807907104,1.0000001192092896,0.9690505945093402,0.9884091246185104,0.9999528519309331,0.0625,0.8916666666666667,1.0,0.0,0.0
25055778B2,0,"(1, 1, 16, 345)","(16, 345)","raw_attn interpreted as [batch, heads, prototype_query, low_patch_source]",average_attn_weights=False not supported by current attention module; using module-specific return format.,0.9999998807907104,1.0000001192092896,0.9675598709030226,0.9860866654124317,0.9999430590174252,0.0625,1.0,1.0,0.0,0.0
25055784B2,0,"(1, 1, 16, 254)","(16, 254)","raw_attn interpreted as [batch, heads, prototype_query, low_patch_source]",average_attn_weights=False not supported by current attention module; using module-specific return format.,1.0,1.000000238418579,0.9864094278458201,0.9947230685244981,0.9999413727487664,0.0625,1.0,1.0,0.0,0.0
25057854B3,0,"(1, 1, 16, 102)","(16, 102)","raw_attn interpreted as [batch, heads, prototype_query, low_patch_source]",average_attn_weights=False not supported by current attention module; using module-specific return format.,0.9999998807907104,1.0000001192092896,0.9704157769893847,0.9901082912843089,0.9999731284823274,0.0625,1.0,1.0,0.0,0.0
25057865B1,0,"(1, 1, 16, 310)","(16, 310)","raw_attn interpreted as [batch, heads, prototype_query, low_patch_source]",average_attn_weights=False not supported by current attention module; using module-specific return format.,0.9999998807907104,1.000000238418579,0.9702107125999645,0.9879274500469681,0.9999578656673348,0.0625,1.0,1.0,0.0,0.0
25059686B2,0,"(1, 1, 16, 291)","(16, 291)","raw_attn interpreted as [batch, heads, prototype_query, low_patch_source]",average_attn_weights=False not supported by current attention module; using module-specific return format.,0.9999998807907104,1.000000238418579,0.977346808209033,0.9920141778406981,0.999923654827723,0.0625,1.0,1.0,0.0,0.0
25062891B4,0,"(1, 1, 16, 55)","(16, 55)","raw_attn interpreted as [batch, heads, prototype_query, low_patch_source]",average_attn_weights=False not supported by current attention module; using module-specific return format.,0.9999998807907104,1.0000001192092896,0.9702255293699698,0.9895426543159563,0.9999681576813866,0.0625,1.0,0.9150000000000001,0.0,0.0
25063642B,0,"(1, 1, 16, 131)","(16, 131)","raw_attn interpreted as [batch, heads, prototype_query, low_patch_source]",average_attn_weights=False not supported by current attention module; using module-specific return format.,0.9999998807907104,1.000000238418579,0.9716887193827439,0.9891442520757239,0.9999065022324243,0.0625,0.8916666666666667,1.0,0.0,0.0
2461703-B3,1,"(1, 1, 16, 253)","(16, 253)","raw_attn interpreted as [batch, heads, prototype_query, low_patch_source]",average_attn_weights=False not supported by current attention module; using module-specific return format.,0.9999998807907104,1.0000001192092896,0.9683037651399438,0.9996763242341874,0.9999944799472104,0.0625,1.0,1.0,0.0,0.0
2461861-B2,1,"(1, 1, 16, 62)","(16, 62)","raw_attn interpreted as [batch, heads, prototype_query, low_patch_source]",average_attn_weights=False not supported by current attention module; using module-specific return format.,0.9999998807907104,1.000000238418579,0.9781099208258702,0.9995774033833663,0.9999835267300194,0.125,1.0,1.0,2048.0,2048.0
2462885-B2,1,"(1, 1, 16, 272)","(16, 272)","raw_attn interpreted as [batch, heads, prototype_query, low_patch_source]",average_attn_weights=False not supported by current attention module; using module-specific return format.,0.9999998807907104,1.0000001192092896,0.9771967742070785,0.9995659817265736,0.9999854171430387,0.0625,1.0,1.0,0.0,0.0
2462987-B2,1,"(1, 1, 16, 139)","(16, 139)","raw_attn interpreted as [batch, heads, prototype_query, low_patch_source]",average_attn_weights=False not supported by current attention module; using module-specific return format.,0.9999998807907104,1.0000001192092896,0.9626357845862773,0.9995929871046512,0.9999882094402192,0.0625,1.0,0.9750000000000001,0.0,0.0
2463135-B,1,"(1, 1, 16, 307)","(16, 307)","raw_attn interpreted as [batch, heads, prototype_query, low_patch_source]",average_attn_weights=False not supported by current attention module; using module-specific return format.,0.9999998807907104,1.000000238418579,0.9702546380791244,0.9992958669551608,0.9999770739275579,0.0625,1.0,0.9533333333333334,0.0,0.0
2463187-B2,1,"(1, 1, 16, 110)","(16, 110)","raw_attn interpreted as [batch, heads, prototype_query, low_patch_source]",average_attn_weights=False not supported by current attention module; using module-specific return format.,0.9999998211860657,1.0000001192092896,0.9707919108429182,0.9998447786566558,0.9999993016954791,0.0625,1.0,1.0,0.0,0.0
2463404-B2,1,"(1, 1, 16, 217)","(16, 217)","raw_attn interpreted as [batch, heads, prototype_query, low_patch_source]",average_attn_weights=False not supported by current attention module; using module-specific return format.,0.9999998807907104,1.0000001192092896,0.9682416838383132,0.9995187561042949,0.9999902125715014,0.0625,1.0,1.0,0.0,0.0
2463643-B,1,"(1, 1, 16, 241)","(16, 241)","raw_attn interpreted as [batch, heads, prototype_query, low_patch_source]",average_attn_weights=False not supported by current attention module; using module-specific return format.,0.9999998211860657,1.0000001192092896,0.9822268962177869,0.999803800287142,0.9999963636568409,0.0625,1.0,1.0,0.0,0.0
2464438-B5,1,"(1, 1, 16, 98)","(16, 98)","raw_attn interpreted as [batch, heads, prototype_query, low_patch_source]",average_attn_weights=False not supported by current attention module; using module-specific return format.,0.9999998807907104,1.0000001192092896,0.9829761609048063,0.9997760003533489,0.9999910963226218,0.125,1.0,1.0,30628.827391491464,57429.0513590465
2464929-B,1,"(1, 1, 16, 291)","(16, 291)","raw_attn interpreted as [batch, heads, prototype_query, low_patch_source]",average_attn_weights=False not supported by current attention module; using module-specific return format.,0.9999999403953552,1.0000001192092896,0.9724901368432833,0.9994896230174881,0.9999721903658148,0.0625,1.0,1.0,0.0,0.0
2465263-B2,1,"(1, 1, 16, 163)","(16, 163)","raw_attn interpreted as [batch, heads, prototype_query, low_patch_source]",average_attn_weights=False not supported by current attention module; using module-specific return format.,0.9999998807907104,1.0000001192092896,0.9813981276147147,0.9993328116820608,0.999970221681791,0.0625,1.0,1.0,0.0,0.0
2465636-B,1,"(1, 1, 16, 230)","(16, 230)","raw_attn interpreted as [batch, heads, prototype_query, low_patch_source]",average_attn_weights=False not supported by current attention module; using module-specific return format.,0.9999998807907104,1.0000001192092896,0.9821535987757096,0.9995822556815775,0.9999507561700084,0.0625,1.0,1.0,0.0,0.0
2465989-B2,1,"(1, 1, 16, 205)","(16, 205)","raw_attn interpreted as [batch, heads, prototype_query, low_patch_source]",average_attn_weights=False not supported by current attention module; using module-specific return format.,0.9999998211860657,1.0000001192092896,0.982004017964785,0.9999019652166292,0.9999997644420273,0.0625,1.0,1.0,0.0,0.0
2466580-B5,1,"(1, 1, 16, 102)","(16, 102)","raw_attn interpreted as [batch, heads, prototype_query, low_patch_source]",average_attn_weights=False not supported by current attention module; using module-specific return format.,0.9999998211860657,1.0000001192092896,0.9706114189666256,0.9995658773492284,0.9999871141821288,0.0625,1.0,0.975,0.0,0.0
2466581-B1,1,"(1, 1, 16, 300)","(16, 300)","raw_attn interpreted as [batch, heads, prototype_query, low_patch_source]",average_attn_weights=False not supported by current attention module; using module-specific return format.,0.9999998211860657,1.0000003576278687,0.9564621348658691,0.9996691304053804,0.9999982077615469,0.0625,1.0,1.0,0.0,0.0
2466866-B,1,"(1, 1, 16, 206)","(16, 206)","raw_attn interpreted as [batch, heads, prototype_query, low_patch_source]",average_attn_weights=False not supported by current attention module; using module-specific return format.,0.9999998807907104,1.0000001192092896,0.9816231104385152,0.999473749679462,0.9999725665835741,0.0625,1.0,1.0,0.0,0.0
2466884-B2,1,"(1, 1, 16, 136)","(16, 136)","raw_attn interpreted as [batch, heads, prototype_query, low_patch_source]",average_attn_weights=False not supported by current attention module; using module-specific return format.,0.9999998211860657,1.000000238418579,0.9814299554033911,0.9997826204308348,0.999997500056014,0.0625,1.0,1.0,0.0,0.0
2466899-B2,1,"(1, 1, 16, 218)","(16, 218)","raw_attn interpreted as [batch, heads, prototype_query, low_patch_source]",average_attn_weights=False not supported by current attention module; using module-specific return format.,0.9999998807907104,1.0000001192092896,0.9868586441889946,0.9996274474676032,0.9999831196808946,0.0625,1.0,1.0,0.0,0.0
2468698-B2,1,"(1, 1, 16, 276)","(16, 276)","raw_attn interpreted as [batch, heads, prototype_query, low_patch_source]",average_attn_weights=False not supported by current attention module; using module-specific return format.,0.9999998807907104,1.0,0.9740981212936066,0.9996877171542313,0.9999989889231147,0.0625,1.0,1.0,0.0,0.0
2469024-B,1,"(1, 1, 16, 115)","(16, 115)","raw_attn interpreted as [batch, heads, prototype_query, low_patch_source]",average_attn_weights=False not supported by current attention module; using module-specific return format.,0.9999998807907104,1.0000001192092896,0.9784612455548415,0.9996996938244133,0.9999927693882735,0.0625,1.0,1.0,0.0,0.0
2469505-B2,1,"(1, 1, 16, 252)","(16, 252)","raw_attn interpreted as [batch, heads, prototype_query, low_patch_source]",average_attn_weights=False not supported by current attention module; using module-specific return format.,0.9999999403953552,1.0000001192092896,0.9671156758682528,0.9992321819362053,0.9999746230432547,0.0625,1.0,1.0,0.0,0.0
2469969-B2,1,"(1, 1, 16, 176)","(16, 176)","raw_attn interpreted as [batch, heads, prototype_query, low_patch_source]",average_attn_weights=False not supported by current attention module; using module-specific return format.,0.9999999403953552,1.000000238418579,0.9721386708822543,0.999747376074793,0.9999973883431441,0.0625,1.0,0.9350000000000002,0.0,0.0
2470260-B,1,"(1, 1, 16, 287)","(16, 287)","raw_attn interpreted as [batch, heads, prototype_query, low_patch_source]",average_attn_weights=False not supported by current attention module; using module-specific return format.,0.9999998807907104,1.0000001192092896,0.9747458281555126,0.9996823805390972,0.9999834570132667,0.0625,1.0,1.0,0.0,0.0
2471072-B2,1,"(1, 1, 16, 263)","(16, 263)","raw_attn interpreted as [batch, heads, prototype_query, low_patch_source]",average_attn_weights=False not supported by current attention module; using module-specific return format.,0.9999998211860657,1.000000238418579,0.9704060680217265,0.9997904800619628,0.9999986668405564,0.0625,1.0,0.9750000000000001,0.0,0.0
2472465-B2,1,"(1, 1, 16, 249)","(16, 249)","raw_attn interpreted as [batch, heads, prototype_query, low_patch_source]",average_attn_weights=False not supported by current attention module; using module-specific return format.,0.9999998807907104,1.0000001192092896,0.9638987869964973,0.9993737933270499,0.9999878929367717,0.0625,0.8472222222222221,1.0,0.0,0.0
2472471-B2,1,"(1, 1, 16, 190)","(16, 190)","raw_attn interpreted as [batch, heads, prototype_query, low_patch_source]",average_attn_weights=False not supported by current attention module; using module-specific return format.,0.9999998807907104,1.0000001192092896,0.9695193884884008,0.9995706343925397,0.9999886628748036,0.0625,1.0,1.0,0.0,0.0
2473272-B3,1,"(1, 1, 16, 247)","(16, 247)","raw_attn interpreted as [batch, heads, prototype_query, low_patch_source]",average_attn_weights=False not supported by current attention module; using module-specific return format.,0.9999997615814209,1.0000001192092896,0.9768065763774598,0.9995855581750709,0.999998185006891,0.0625,1.0,1.0,0.0,0.0
2473394-B2,1,"(1, 1, 16, 295)","(16, 295)","raw_attn interpreted as [batch, heads, prototype_query, low_patch_source]",average_attn_weights=False not supported by current attention module; using module-specific return format.,0.9999998807907104,1.0000001192092896,0.9659171352144215,0.9994743631179319,0.9999981941412099,0.0625,1.0,1.0,0.0,0.0
2474124-B2,1,"(1, 1, 16, 209)","(16, 209)","raw_attn interpreted as [batch, heads, prototype_query, low_patch_source]",average_attn_weights=False not supported by current attention module; using module-specific return format.,0.9999998807907104,1.0000001192092896,0.9776593320301258,0.9992698678265789,0.9999667778706406,0.0625,1.0,1.0,0.0,0.0
2474718-B4,1,"(1, 1, 16, 154)","(16, 154)","raw_attn interpreted as [batch, heads, prototype_query, low_patch_source]",average_attn_weights=False not supported by current attention module; using module-specific return format.,0.9999998807907104,1.0000001192092896,0.9758377392361504,0.9993740956185112,0.9999661879021149,0.0625,1.0,1.0,0.0,0.0
2475159-B,1,"(1, 1, 16, 178)","(16, 178)","raw_attn interpreted as [batch, heads, prototype_query, low_patch_source]",average_attn_weights=False not supported by current attention module; using module-specific return format.,0.9999998807907104,1.0000001192092896,0.966970978158399,0.9995030750224432,0.9999885959027585,0.0625,1.0,1.0,0.0,0.0
2476250-B2,1,"(1, 1, 16, 79)","(16, 79)","raw_attn interpreted as [batch, heads, prototype_query, low_patch_source]",average_attn_weights=False not supported by current attention module; using module-specific return format.,0.9999997615814209,1.0000001192092896,0.9810191770222446,0.9995711270761158,0.9999700999525507,0.0625,1.0,1.0,0.0,0.0
2476295-B3,1,"(1, 1, 16, 249)","(16, 249)","raw_attn interpreted as [batch, heads, prototype_query, low_patch_source]",average_attn_weights=False not supported by current attention module; using module-specific return format.,0.9999998807907104,1.0000001192092896,0.9693454845198243,0.9995361966067774,0.9999697961488763,0.0625,1.0,1.0,0.0,0.0
2476681-B2,1,"(1, 1, 16, 172)","(16, 172)","raw_attn interpreted as [batch, heads, prototype_query, low_patch_source]",average_attn_weights=False not supported by current attention module; using module-specific return format.,0.9999998807907104,1.0000001192092896,0.9738106297467107,0.9993240669938229,0.9999903170155332,0.0625,1.0,1.0,0.0,0.0
2476856-B2,1,"(1, 1, 16, 260)","(16, 260)","raw_attn interpreted as [batch, heads, prototype_query, low_patch_source]",average_attn_weights=False not supported by current attention module; using module-specific return format.,0.9999999403953552,1.000000238418579,0.9544019638971087,0.9995435908281454,0.9999963694275783,0.0625,0.9583333333333334,0.895,0.0,0.0
2477285-B2,1,"(1, 1, 16, 221)","(16, 221)","raw_attn interpreted as [batch, heads, prototype_query, low_patch_source]",average_attn_weights=False not supported by current attention module; using module-specific return format.,0.9999998211860657,1.000000238418579,0.9659058472588022,0.999639910494278,0.9999930495994973,0.0625,1.0,1.0,0.0,0.0
2477299-B2,1,"(1, 1, 16, 396)","(16, 396)","raw_attn interpreted as [batch, heads, prototype_query, low_patch_source]",average_attn_weights=False not supported by current attention module; using module-specific return format.,0.9999997615814209,1.000000238418579,0.9540463206865117,0.9997001585267603,0.9999984485731324,0.0625,1.0,0.9516666666666668,0.0,0.0
2477473-B2,1,"(1, 1, 16, 280)","(16, 280)","raw_attn interpreted as [batch, heads, prototype_query, low_patch_source]",average_attn_weights=False not supported by current attention module; using module-specific return format.,0.9999999403953552,1.0000001192092896,0.9659792130397662,0.999265424115421,0.9999774924393485,0.0625,1.0,1.0,0.0,0.0
2477941-B2,1,"(1, 1, 16, 272)","(16, 272)","raw_attn interpreted as [batch, heads, prototype_query, low_patch_source]",average_attn_weights=False not supported by current attention module; using module-specific return format.,0.9999998807907104,1.0000001192092896,0.9656515775101234,0.9994347510190218,0.9999896519524628,0.0625,1.0,1.0,0.0,0.0
2481723-B2,1,"(1, 1, 16, 214)","(16, 214)","raw_attn interpreted as [batch, heads, prototype_query, low_patch_source]",average_attn_weights=False not supported by current attention module; using module-specific return format.,0.9999998807907104,1.0000001192092896,0.953874905906847,0.9996394407476732,0.999992428800766,0.0625,1.0,1.0,0.0,0.0
2482461-B2,1,"(1, 1, 16, 266)","(16, 266)","raw_attn interpreted as [batch, heads, prototype_query, low_patch_source]",average_attn_weights=False not supported by current attention module; using module-specific return format.,0.9999998807907104,1.0000001192092896,0.9643187174202765,0.9994739323106101,0.9999908261251034,0.0625,1.0,1.0,0.0,0.0
2482962-B2,1,"(1, 1, 16, 105)","(16, 105)","raw_attn interpreted as [batch, heads, prototype_query, low_patch_source]",average_attn_weights=False not supported by current attention module; using module-specific return format.,0.9999998211860657,1.0000001192092896,0.9758135378446465,0.9992661051099831,0.9999900398062751,0.0625,1.0,1.0,0.0,0.0
2483014-B4,1,"(1, 1, 16, 281)","(16, 281)","raw_attn interpreted as [batch, heads, prototype_query, low_patch_source]",average_attn_weights=False not supported by current attention module; using module-specific return format.,0.9999998807907104,1.0000001192092896,0.9797809651989233,0.9998538691989562,0.9999980961107823,0.0625,1.0,1.0,0.0,0.0
2483215-B5,1,"(1, 1, 16, 228)","(16, 228)","raw_attn interpreted as [batch, heads, prototype_query, low_patch_source]",average_attn_weights=False not supported by current attention module; using module-specific return format.,0.9999998807907104,1.0000001192092896,0.9600779751334799,0.9998140732101062,0.9999980927758345,0.0625,0.9583333333333334,1.0,0.0,0.0
2483220-B1,1,"(1, 1, 16, 286)","(16, 286)","raw_attn interpreted as [batch, heads, prototype_query, low_patch_source]",average_attn_weights=False not supported by current attention module; using module-specific return format.,0.9999997019767761,1.0000003576278687,0.9879327535779266,0.9999924474738202,0.9999999564004066,0.0625,0.8916666666666665,1.0,0.0,0.0
2483868-B4,1,"(1, 1, 16, 244)","(16, 244)","raw_attn interpreted as [batch, heads, prototype_query, low_patch_source]",average_attn_weights=False not supported by current attention module; using module-specific return format.,0.9999998807907104,1.0000001192092896,0.9657713170327671,0.9991711480813716,0.9999795222843539,0.0625,1.0,1.0,0.0,0.0
2483973-B1,1,"(1, 1, 16, 300)","(16, 300)","raw_attn interpreted as [batch, heads, prototype_query, low_patch_source]",average_attn_weights=False not supported by current attention module; using module-specific return format.,0.9999998807907104,1.0000001192092896,0.9770619539184355,0.9996803489712519,0.9999825006787078,0.0625,1.0,1.0,0.0,0.0
2484004-B2,1,"(1, 1, 16, 309)","(16, 309)","raw_attn interpreted as [batch, heads, prototype_query, low_patch_source]",average_attn_weights=False not supported by current attention module; using module-specific return format.,0.9999997615814209,1.000000238418579,0.9708568631432403,0.999129072916539,0.9999766307289593,0.0625,1.0,1.0,0.0,0.0
2484734-B4,1,"(1, 1, 16, 190)","(16, 190)","raw_attn interpreted as [batch, heads, prototype_query, low_patch_source]",average_attn_weights=False not supported by current attention module; using module-specific return format.,0.9999998211860657,1.0000001192092896,0.973520374672627,0.9995772845803867,0.9999839541191794,0.0625,1.0,1.0,0.0,0.0
2485318-B2,1,"(1, 1, 16, 116)","(16, 116)","raw_attn interpreted as [batch, heads, prototype_query, low_patch_source]",average_attn_weights=False not supported by current attention module; using module-specific return format.,0.9999998211860657,1.0000001192092896,0.9670448947885107,0.9994765882802273,0.9999942295859469,0.0625,1.0,1.0,0.0,0.0
2485322-B2,1,"(1, 1, 16, 95)","(16, 95)","raw_attn interpreted as [batch, heads, prototype_query, low_patch_source]",average_attn_weights=False not supported by current attention module; using module-specific return format.,0.9999998211860657,1.0000001192092896,0.9797850076056,0.9993378323519911,0.9999709208508744,0.0625,0.8333333333333333,1.0,0.0,0.0
2485328-B2,1,"(1, 1, 16, 191)","(16, 191)","raw_attn interpreted as [batch, heads, prototype_query, low_patch_source]",average_attn_weights=False not supported by current attention module; using module-specific return format.,0.9999998807907104,1.0000001192092896,0.9542421617163632,0.9991892572506751,0.9999820203317874,0.0625,1.0,1.0,0.0,0.0
2485517-B2,1,"(1, 1, 16, 84)","(16, 84)","raw_attn interpreted as [batch, heads, prototype_query, low_patch_source]",average_attn_weights=False not supported by current attention module; using module-specific return format.,0.9999998807907104,1.0000001192092896,0.9620888129594026,0.999662103318327,0.9999979438890669,0.0625,1.0,1.0,0.0,0.0
2485805-B,1,"(1, 1, 16, 362)","(16, 362)","raw_attn interpreted as [batch, heads, prototype_query, low_patch_source]",average_attn_weights=False not supported by current attention module; using module-specific return format.,0.9999998807907104,1.000000238418579,0.9651452810212062,0.9995324450800727,0.9999954810889244,0.0625,1.0,1.0,0.0,0.0
2486104-B1,1,"(1, 1, 16, 111)","(16, 111)","raw_attn interpreted as [batch, heads, prototype_query, low_patch_source]",average_attn_weights=False not supported by current attention module; using module-specific return format.,0.9999998807907104,1.0000001192092896,0.9789114372645356,0.9995873651800601,0.9999950397880227,0.0625,1.0,1.0,0.0,0.0
2486191-B,1,"(1, 1, 16, 252)","(16, 252)","raw_attn interpreted as [batch, heads, prototype_query, low_patch_source]",average_attn_weights=False not supported by current attention module; using module-specific return format.,0.9999998807907104,1.0000001192092896,0.9740944596125541,0.9989750879885702,0.9999672596828709,0.0625,1.0,0.975,0.0,0.0
2487656-B4,1,"(1, 1, 16, 196)","(16, 196)","raw_attn interpreted as [batch, heads, prototype_query, low_patch_source]",average_attn_weights=False not supported by current attention module; using module-specific return format.,0.9999998807907104,1.0000001192092896,0.9812711319504346,0.9996090291517742,0.9999770251741741,0.0625,1.0,1.0,0.0,0.0
2488767-B,1,"(1, 1, 16, 477)","(16, 477)","raw_attn interpreted as [batch, heads, prototype_query, low_patch_source]",average_attn_weights=False not supported by current attention module; using module-specific return format.,0.9999998807907104,1.000000238418579,0.9694560499214523,0.9995978193677397,0.9999939364345831,0.0625,1.0,1.0,0.0,0.0
2488932-B4,1,"(1, 1, 16, 377)","(16, 377)","raw_attn interpreted as [batch, heads, prototype_query, low_patch_source]",average_attn_weights=False not supported by current attention module; using module-specific return format.,0.9999998211860657,1.0000001192092896,0.9740183892526083,0.999697170579801,0.9999431563414607,0.0625,1.0,1.0,0.0,0.0
2489331-B2,1,"(1, 1, 16, 221)","(16, 221)","raw_attn interpreted as [batch, heads, prototype_query, low_patch_source]",average_attn_weights=False not supported by current attention module; using module-specific return format.,0.9999998807907104,1.0000001192092896,0.9678472861783245,0.9997530922823084,0.9999887383391638,0.0625,0.8916666666666667,1.0,0.0,0.0
25012175B4,1,"(1, 1, 16, 122)","(16, 122)","raw_attn interpreted as [batch, heads, prototype_query, low_patch_source]",average_attn_weights=False not supported by current attention module; using module-specific return format.,0.9999998807907104,1.0000001192092896,0.9759082154127703,0.9995441800356214,0.9999843606995418,0.0625,1.0,1.0,0.0,0.0
25012915B2,1,"(1, 1, 16, 308)","(16, 308)","raw_attn interpreted as [batch, heads, prototype_query, low_patch_source]",average_attn_weights=False not supported by current attention module; using module-specific return format.,0.9999998807907104,1.0000001192092896,0.975078453024375,0.9996074229417495,0.9999779931446298,0.0625,0.9583333333333334,1.0,0.0,0.0
25013062B3,1,"(1, 1, 16, 143)","(16, 143)","raw_attn interpreted as [batch, heads, prototype_query, low_patch_source]",average_attn_weights=False not supported by current attention module; using module-specific return format.,0.9999998807907104,1.0000001192092896,0.9723164965913907,0.9993859091566559,0.9999843429960024,0.0625,1.0,1.0,0.0,0.0
25013162B2,1,"(1, 1, 16, 177)","(16, 177)","raw_attn interpreted as [batch, heads, prototype_query, low_patch_source]",average_attn_weights=False not supported by current attention module; using module-specific return format.,0.9999997019767761,1.000000238418579,0.991571037866614,0.9999913019160106,0.9999999889430728,0.0625,1.0,1.0,0.0,0.0
25013352B2,1,"(1, 1, 16, 445)","(16, 445)","raw_attn interpreted as [batch, heads, prototype_query, low_patch_source]",average_attn_weights=False not supported by current attention module; using module-specific return format.,0.9999998807907104,1.0000001192092896,0.9514558310352956,0.9990122431940374,0.9999782024216277,0.0625,1.0,0.9350000000000002,0.0,0.0
25014217B2,1,"(1, 1, 16, 46)","(16, 46)","raw_attn interpreted as [batch, heads, prototype_query, low_patch_source]",average_attn_weights=False not supported by current attention module; using module-specific return format.,0.9999998807907104,1.000000238418579,0.9766840280112649,0.9996995217520906,0.999996952308149,0.0625,1.0,1.0,0.0,0.0
25014265B2,1,"(1, 1, 16, 199)","(16, 199)","raw_attn interpreted as [batch, heads, prototype_query, low_patch_source]",average_attn_weights=False not supported by current attention module; using module-specific return format.,0.9999998211860657,1.0000001192092896,0.9707639385384617,0.9996342514390972,0.9999951333650394,0.0625,1.0,1.0,0.0,0.0
25015101B2,1,"(1, 1, 16, 205)","(16, 205)","raw_attn interpreted as [batch, heads, prototype_query, low_patch_source]",average_attn_weights=False not supported by current attention module; using module-specific return format.,0.9999998211860657,1.0000001192092896,0.9850002758147555,0.9998549320035351,0.9999998552326976,0.0625,1.0,1.0,0.0,0.0
25015190B2,1,"(1, 1, 16, 241)","(16, 241)","raw_attn interpreted as [batch, heads, prototype_query, low_patch_source]",average_attn_weights=False not supported by current attention module; using module-specific return format.,0.9999998807907104,1.000000238418579,0.9618732397172426,0.9996103889450412,0.9999996985229437,0.0625,1.0,1.0,0.0,0.0
25015425B2,1,"(1, 1, 16, 329)","(16, 329)","raw_attn interpreted as [batch, heads, prototype_query, low_patch_source]",average_attn_weights=False not supported by current attention module; using module-specific return format.,0.9999997615814209,1.000000238418579,0.961551588524419,0.9997652338527665,0.9999987613787361,0.0625,1.0,1.0,0.0,0.0
25016915B2,1,"(1, 1, 16, 193)","(16, 193)","raw_attn interpreted as [batch, heads, prototype_query, low_patch_source]",average_attn_weights=False not supported by current attention module; using module-specific return format.,0.9999998211860657,1.0000001192092896,0.9839588343167736,0.999676252741307,0.9999984033241371,0.0625,1.0,1.0,0.0,0.0
25017322B2,1,"(1, 1, 16, 333)","(16, 333)","raw_attn interpreted as [batch, heads, prototype_query, low_patch_source]",average_attn_weights=False not supported by current attention module; using module-specific return format.,0.9999999403953552,1.0000001192092896,0.9734783476604945,0.9995230704549962,0.9999867998734937,0.0625,1.0,1.0,0.0,0.0
25017338B3,1,"(1, 1, 16, 309)","(16, 309)","raw_attn interpreted as [batch, heads, prototype_query, low_patch_source]",average_attn_weights=False not supported by current attention module; using module-specific return format.,0.9999999403953552,1.0000001192092896,0.9765438578096778,0.999561193896698,0.999979550918192,0.0625,1.0,1.0,0.0,0.0
25017372B2,1,"(1, 1, 16, 152)","(16, 152)","raw_attn interpreted as [batch, heads, prototype_query, low_patch_source]",average_attn_weights=False not supported by current attention module; using module-specific return format.,0.9999998807907104,1.0000001192092896,0.9557528276320523,0.9993850981540378,0.9999854836214199,0.0625,1.0,1.0,0.0,0.0
25017539B2,1,"(1, 1, 16, 275)","(16, 275)","raw_attn interpreted as [batch, heads, prototype_query, low_patch_source]",average_attn_weights=False not supported by current attention module; using module-specific return format.,0.9999998807907104,1.0000001192092896,0.976468614901287,0.9995135421193581,0.9999898481365891,0.0625,1.0,1.0,0.0,0.0
25017589B6,1,"(1, 1, 16, 153)","(16, 153)","raw_attn interpreted as [batch, heads, prototype_query, low_patch_source]",average_attn_weights=False not supported by current attention module; using module-specific return format.,0.9999998807907104,1.0000001192092896,0.9778696109729492,0.9995829669700995,0.9999755859281303,0.0625,0.9583333333333334,1.0,0.0,0.0
25017738B2,1,"(1, 1, 16, 334)","(16, 334)","raw_attn interpreted as [batch, heads, prototype_query, low_patch_source]",average_attn_weights=False not supported by current attention module; using module-specific return format.,0.9999997615814209,1.0,0.9600761904383008,0.9994158082311488,0.9999909553729099,0.0625,0.9222222222222222,1.0,0.0,0.0
25017748B2,1,"(1, 1, 16, 192)","(16, 192)","raw_attn interpreted as [batch, heads, prototype_query, low_patch_source]",average_attn_weights=False not supported by current attention module; using module-specific return format.,0.9999998807907104,1.0000001192092896,0.971372821019784,0.9995106411080947,0.9999777759169448,0.0625,1.0,1.0,0.0,0.0
25017767B2,1,"(1, 1, 16, 210)","(16, 210)","raw_attn interpreted as [batch, heads, prototype_query, low_patch_source]",average_attn_weights=False not supported by current attention module; using module-specific return format.,0.9999998807907104,1.0000001192092896,0.9735432353120271,0.9994134677995645,0.9999774685239742,0.0625,1.0,1.0,0.0,0.0
25018002B2,1,"(1, 1, 16, 249)","(16, 249)","raw_attn interpreted as [batch, heads, prototype_query, low_patch_source]",average_attn_weights=False not supported by current attention module; using module-specific return format.,0.9999998807907104,1.0000001192092896,0.9671650877805743,0.9995823253785998,0.9999946089537189,0.0625,1.0,1.0,0.0,0.0
25019081B3,1,"(1, 1, 16, 301)","(16, 301)","raw_attn interpreted as [batch, heads, prototype_query, low_patch_source]",average_attn_weights=False not supported by current attention module; using module-specific return format.,0.9999998807907104,1.0000001192092896,0.9711906624094133,0.9994651097760989,0.9999952461930837,0.0625,1.0,1.0,0.0,0.0
25019283B2,1,"(1, 1, 16, 166)","(16, 166)","raw_attn interpreted as [batch, heads, prototype_query, low_patch_source]",average_attn_weights=False not supported by current attention module; using module-specific return format.,0.9999998211860657,1.0000001192092896,0.9762182216445046,0.9996400437066546,0.9999882394730174,0.0625,1.0,1.0,0.0,0.0
25019457B2,1,"(1, 1, 16, 192)","(16, 192)","raw_attn interpreted as [batch, heads, prototype_query, low_patch_source]",average_attn_weights=False not supported by current attention module; using module-specific return format.,0.9999998807907104,1.0000001192092896,0.9751339414182792,0.9992718995919263,0.9999756510785407,0.0625,1.0,0.9750000000000001,0.0,0.0
25019621B2,1,"(1, 1, 16, 124)","(16, 124)","raw_attn interpreted as [batch, heads, prototype_query, low_patch_source]",average_attn_weights=False not supported by current attention module; using module-specific return format.,0.9999998211860657,1.0000001192092896,0.976099019277027,0.9994847702533778,0.9999864708566419,0.0625,1.0,0.895,0.0,0.0
25019716B2,1,"(1, 1, 16, 186)","(16, 186)","raw_attn interpreted as [batch, heads, prototype_query, low_patch_source]",average_attn_weights=False not supported by current attention module; using module-specific return format.,0.9999998807907104,1.0000001192092896,0.9582040004477856,0.9995116623692611,0.9999830435799894,0.0625,1.0,1.0,0.0,0.0
25020257B2,1,"(1, 1, 16, 287)","(16, 287)","raw_attn interpreted as [batch, heads, prototype_query, low_patch_source]",average_attn_weights=False not supported by current attention module; using module-specific return format.,0.9999998807907104,1.0000001192092896,0.9695408898362473,0.9998305169297022,0.9999981970240138,0.0625,1.0,1.0,0.0,0.0
25020573B3,1,"(1, 1, 16, 286)","(16, 286)","raw_attn interpreted as [batch, heads, prototype_query, low_patch_source]",average_attn_weights=False not supported by current attention module; using module-specific return format.,0.9999998807907104,1.000000238418579,0.9758958039843965,0.9999343034260192,0.9999992541252132,0.0625,1.0,0.8716666666666668,0.0,0.0
25020714B2,1,"(1, 1, 16, 515)","(16, 515)","raw_attn interpreted as [batch, heads, prototype_query, low_patch_source]",average_attn_weights=False not supported by current attention module; using module-specific return format.,0.9999998807907104,1.000000238418579,0.961441195272062,0.999134425907442,0.9999529864590582,0.0625,0.9583333333333334,0.9000000000000001,0.0,0.0
25021120B4,1,"(1, 1, 16, 281)","(16, 281)","raw_attn interpreted as [batch, heads, prototype_query, low_patch_source]",average_attn_weights=False not supported by current attention module; using module-specific return format.,0.9999998807907104,1.0,0.9753021807860807,0.9994757381272736,0.9999836599554098,0.0625,1.0,1.0,0.0,0.0
25021291B2,1,"(1, 1, 16, 267)","(16, 267)","raw_attn interpreted as [batch, heads, prototype_query, low_patch_source]",average_attn_weights=False not supported by current attention module; using module-specific return format.,1.0,1.000000238418579,0.976505251060571,0.9996356596623439,0.9999787475890102,0.125,1.0,0.9533333333333334,23625.40192008646,0.0
25021662B2,1,"(1, 1, 16, 243)","(16, 243)","raw_attn interpreted as [batch, heads, prototype_query, low_patch_source]",average_attn_weights=False not supported by current attention module; using module-specific return format.,0.9999998807907104,1.0,0.9701192697807818,0.9992912948849204,0.999973049239461,0.0625,1.0,1.0,0.0,0.0
25021894B3,1,"(1, 1, 16, 195)","(16, 195)","raw_attn interpreted as [batch, heads, prototype_query, low_patch_source]",average_attn_weights=False not supported by current attention module; using module-specific return format.,0.9999998211860657,1.0000001192092896,0.9652124199811922,0.9995347829000347,0.9999893905531442,0.0625,1.0,1.0,0.0,0.0
25021918B4,1,"(1, 1, 16, 288)","(16, 288)","raw_attn interpreted as [batch, heads, prototype_query, low_patch_source]",average_attn_weights=False not supported by current attention module; using module-specific return format.,0.9999998807907104,1.0000001192092896,0.9755114403198083,0.9995545276549979,0.999994073168893,0.0625,1.0,1.0,0.0,0.0
25022019B2,1,"(1, 1, 16, 112)","(16, 112)","raw_attn interpreted as [batch, heads, prototype_query, low_patch_source]",average_attn_weights=False not supported by current attention module; using module-specific return format.,0.9999998807907104,1.0000001192092896,0.982893065329241,0.9998256854117866,0.9999982490918956,0.125,1.0,1.0,3041.124844527104,5792.618751480198
25022262B2,1,"(1, 1, 16, 242)","(16, 242)","raw_attn interpreted as [batch, heads, prototype_query, low_patch_source]",average_attn_weights=False not supported by current attention module; using module-specific return format.,0.9999998807907104,1.0000001192092896,0.969976419114826,0.9991491960612262,0.999979667956064,0.0625,1.0,1.0,0.0,0.0
25022406B2,1,"(1, 1, 16, 217)","(16, 217)","raw_attn interpreted as [batch, heads, prototype_query, low_patch_source]",average_attn_weights=False not supported by current attention module; using module-specific return format.,0.9999998807907104,1.000000238418579,0.9756321439075281,0.9995129531248166,0.9999806653274644,0.0625,1.0,1.0,0.0,0.0
25023184B2,1,"(1, 1, 16, 394)","(16, 394)","raw_attn interpreted as [batch, heads, prototype_query, low_patch_source]",average_attn_weights=False not supported by current attention module; using module-specific return format.,0.9999998807907104,1.0000001192092896,0.9648021538602198,0.9993139812801796,0.9999830519612212,0.0625,1.0,1.0,0.0,0.0
25023934B2,1,"(1, 1, 16, 359)","(16, 359)","raw_attn interpreted as [batch, heads, prototype_query, low_patch_source]",average_attn_weights=False not supported by current attention module; using module-specific return format.,0.9999998807907104,1.0000001192092896,0.9554875867114554,0.9996653497897605,0.9999935184661626,0.0625,1.0,0.8583333333333336,0.0,0.0
25025240B,1,"(1, 1, 16, 146)","(16, 146)","raw_attn interpreted as [batch, heads, prototype_query, low_patch_source]",average_attn_weights=False not supported by current attention module; using module-specific return format.,0.9999998807907104,1.0000001192092896,0.9737978439497255,0.9998133753728213,0.9999962931524401,0.0625,1.0,1.0,0.0,0.0
25025510B1,1,"(1, 1, 16, 336)","(16, 336)","raw_attn interpreted as [batch, heads, prototype_query, low_patch_source]",average_attn_weights=False not supported by current attention module; using module-specific return format.,0.9999998807907104,1.000000238418579,0.9817608507237082,0.9998905595333059,0.9999999015247336,0.0625,1.0,1.0,0.0,0.0
25025575B2,1,"(1, 1, 16, 385)","(16, 385)","raw_attn interpreted as [batch, heads, prototype_query, low_patch_source]",average_attn_weights=False not supported by current attention module; using module-specific return format.,0.9999998807907104,1.0000001192092896,0.9709753997663558,0.9995502780592751,0.9999733991210201,0.0625,1.0,1.0,0.0,0.0
25025960B2,1,"(1, 1, 16, 195)","(16, 195)","raw_attn interpreted as [batch, heads, prototype_query, low_patch_source]",average_attn_weights=False not supported by current attention module; using module-specific return format.,0.9999998807907104,1.000000238418579,0.9722592770610843,0.9992406508219593,0.9999819332588692,0.0625,1.0,1.0,0.0,0.0
25026103B3,1,"(1, 1, 16, 174)","(16, 174)","raw_attn interpreted as [batch, heads, prototype_query, low_patch_source]",average_attn_weights=False not supported by current attention module; using module-specific return format.,0.9999998807907104,1.000000238418579,0.9825866437785559,0.9997199937250494,0.9999926136143913,0.0625,1.0,1.0,0.0,0.0
25026180B2,1,"(1, 1, 16, 415)","(16, 415)","raw_attn interpreted as [batch, heads, prototype_query, low_patch_source]",average_attn_weights=False not supported by current attention module; using module-specific return format.,0.9999998807907104,1.000000238418579,0.9606312913488697,0.9994334366659596,0.9999538919226469,0.0625,1.0,0.9000000000000001,0.0,0.0
25026798B2,1,"(1, 1, 16, 410)","(16, 410)","raw_attn interpreted as [batch, heads, prototype_query, low_patch_source]",average_attn_weights=False not supported by current attention module; using module-specific return format.,0.9999998807907104,1.000000238418579,0.9652668680855343,0.9995794209898055,0.9999764159587684,0.125,1.0,0.8933333333333334,2150.4,4096.0
25027122B2,1,"(1, 1, 16, 247)","(16, 247)","raw_attn interpreted as [batch, heads, prototype_query, low_patch_source]",average_attn_weights=False not supported by current attention module; using module-specific return format.,0.9999998807907104,1.0000001192092896,0.9716872607229979,0.9994014038618323,0.9999468492156457,0.0625,1.0,1.0,0.0,0.0
25027167B2,1,"(1, 1, 16, 239)","(16, 239)","raw_attn interpreted as [batch, heads, prototype_query, low_patch_source]",average_attn_weights=False not supported by current attention module; using module-specific return format.,0.9999998807907104,1.0000001192092896,0.9724911623654928,0.9994090544769267,0.9999857543403102,0.0625,1.0,1.0,0.0,0.0
25012148B3,1,"(1, 1, 16, 239)","(16, 239)","raw_attn interpreted as [batch, heads, prototype_query, low_patch_source]",average_attn_weights=False not supported by current attention module; using module-specific return format.,0.9999997615814209,1.000000238418579,0.9664472292655808,0.9995819947212385,0.9999955158103764,0.0625,1.0,1.0,0.0,0.0
2490547B2,1,"(1, 1, 16, 189)","(16, 189)","raw_attn interpreted as [batch, heads, prototype_query, low_patch_source]",average_attn_weights=False not supported by current attention module; using module-specific return format.,0.9999998807907104,1.0000001192092896,0.9724439097412828,0.9995248361657512,0.9999646979330706,0.0625,1.0,1.0,0.0,0.0
2490750B4,1,"(1, 1, 16, 79)","(16, 79)","raw_attn interpreted as [batch, heads, prototype_query, low_patch_source]",average_attn_weights=False not supported by current attention module; using module-specific return format.,0.9999998211860657,1.0000001192092896,0.9757544904885068,0.9994775714067932,0.9999740927617959,0.0625,1.0,1.0,0.0,0.0
2490820B3,1,"(1, 1, 16, 134)","(16, 134)","raw_attn interpreted as [batch, heads, prototype_query, low_patch_source]",average_attn_weights=False not supported by current attention module; using module-specific return format.,0.9999998211860657,1.0000001192092896,0.9890833989351502,0.9997285588003244,0.9999923048085253,0.0625,1.0,1.0,0.0,0.0
2490963B2,1,"(1, 1, 16, 258)","(16, 258)","raw_attn interpreted as [batch, heads, prototype_query, low_patch_source]",average_attn_weights=False not supported by current attention module; using module-specific return format.,0.9999998807907104,1.0,0.9741977767270752,0.9992765716260932,0.9999619337546627,0.0625,0.8666666666666666,1.0,0.0,0.0
2490972B8,1,"(1, 1, 16, 191)","(16, 191)","raw_attn interpreted as [batch, heads, prototype_query, low_patch_source]",average_attn_weights=False not supported by current attention module; using module-specific return format.,0.9999998807907104,1.000000238418579,0.9630029235017569,0.99945877006381,0.9999933720442333,0.0625,1.0,1.0,0.0,0.0
2491560B2,1,"(1, 1, 16, 128)","(16, 128)","raw_attn interpreted as [batch, heads, prototype_query, low_patch_source]",average_attn_weights=False not supported by current attention module; using module-specific return format.,0.9999999403953552,1.0000001192092896,0.9821007806611798,0.999614831387136,0.9999822709236759,0.125,1.0,0.92,2976.6536916477203,0.0
25002073B3,1,"(1, 1, 16, 172)","(16, 172)","raw_attn interpreted as [batch, heads, prototype_query, low_patch_source]",average_attn_weights=False not supported by current attention module; using module-specific return format.,0.9999998807907104,1.0000001192092896,0.976765479989368,0.9996290206667937,0.9999666700984523,0.0625,1.0,1.0,0.0,0.0
25002238B,1,"(1, 1, 16, 343)","(16, 343)","raw_attn interpreted as [batch, heads, prototype_query, low_patch_source]",average_attn_weights=False not supported by current attention module; using module-specific return format.,0.9999997019767761,1.000000238418579,0.9785244061182915,0.99989814118126,0.9999997762770456,0.0625,1.0,1.0,0.0,0.0
25002328B2,1,"(1, 1, 16, 87)","(16, 87)","raw_attn interpreted as [batch, heads, prototype_query, low_patch_source]",average_attn_weights=False not supported by current attention module; using module-specific return format.,0.9999998211860657,1.000000238418579,0.9597943905705395,0.9996854478271654,0.9999959635417931,0.0625,1.0,1.0,0.0,0.0
25002472B2,1,"(1, 1, 16, 363)","(16, 363)","raw_attn interpreted as [batch, heads, prototype_query, low_patch_source]",average_attn_weights=False not supported by current attention module; using module-specific return format.,0.9999999403953552,1.0000001192092896,0.9617347249120767,0.9993332936613917,0.9999689987235366,0.0625,1.0,1.0,0.0,0.0
25002504B2,1,"(1, 1, 16, 346)","(16, 346)","raw_attn interpreted as [batch, heads, prototype_query, low_patch_source]",average_attn_weights=False not supported by current attention module; using module-specific return format.,0.9999998807907104,1.0000001192092896,0.9717460104246595,0.9994473580526003,0.9999883052931771,0.0625,1.0,1.0,0.0,0.0
25002663B5,1,"(1, 1, 16, 341)","(16, 341)","raw_attn interpreted as [batch, heads, prototype_query, low_patch_source]",average_attn_weights=False not supported by current attention module; using module-specific return format.,0.9999998211860657,1.0000001192092896,0.9656603566250216,0.999874259955392,0.9999990241814787,0.0625,1.0,1.0,0.0,0.0
25002788B2,1,"(1, 1, 16, 211)","(16, 211)","raw_attn interpreted as [batch, heads, prototype_query, low_patch_source]",average_attn_weights=False not supported by current attention module; using module-specific return format.,0.9999998807907104,1.0000001192092896,0.9728335115768575,0.9996274111961926,0.9999857846546385,0.0625,1.0,1.0,0.0,0.0
25002789B2,1,"(1, 1, 16, 249)","(16, 249)","raw_attn interpreted as [batch, heads, prototype_query, low_patch_source]",average_attn_weights=False not supported by current attention module; using module-specific return format.,0.9999998807907104,1.0000001192092896,0.9737970785996369,0.9996918772429175,0.9999836457440711,0.0625,1.0,1.0,0.0,0.0
25002897B2,1,"(1, 1, 16, 177)","(16, 177)","raw_attn interpreted as [batch, heads, prototype_query, low_patch_source]",average_attn_weights=False not supported by current attention module; using module-specific return format.,0.9999998807907104,1.0000001192092896,0.9697141478972805,0.9994964054774463,0.9999961005506643,0.0625,1.0,1.0,0.0,0.0
25002906B2,1,"(1, 1, 16, 186)","(16, 186)","raw_attn interpreted as [batch, heads, prototype_query, low_patch_source]",average_attn_weights=False not supported by current attention module; using module-specific return format.,0.9999998807907104,1.0000001192092896,0.962995074031713,0.9993213433400312,0.999995394675192,0.0625,1.0,1.0,0.0,0.0
25002907B3,1,"(1, 1, 16, 189)","(16, 189)","raw_attn interpreted as [batch, heads, prototype_query, low_patch_source]",average_attn_weights=False not supported by current attention module; using module-specific return format.,0.9999998211860657,1.0000001192092896,0.9627775700525802,0.9995844526378176,0.999993762461875,0.0625,1.0,0.9533333333333334,0.0,0.0
25003038B2,1,"(1, 1, 16, 392)","(16, 392)","raw_attn interpreted as [batch, heads, prototype_query, low_patch_source]",average_attn_weights=False not supported by current attention module; using module-specific return format.,0.9999998807907104,1.0000001192092896,0.9501345455124713,0.999322692985079,0.9999789173976928,0.0625,1.0,1.0,0.0,0.0
25009124B2,1,"(1, 1, 16, 223)","(16, 223)","raw_attn interpreted as [batch, heads, prototype_query, low_patch_source]",average_attn_weights=False not supported by current attention module; using module-specific return format.,0.9999998807907104,1.0000001192092896,0.9580919242314316,0.999247788958775,0.9999916331029913,0.0625,0.9222222222222222,1.0,0.0,0.0
25009578B4,1,"(1, 1, 16, 287)","(16, 287)","raw_attn interpreted as [batch, heads, prototype_query, low_patch_source]",average_attn_weights=False not supported by current attention module; using module-specific return format.,0.9999998807907104,1.0000001192092896,0.967361278598078,0.9996764829787692,0.9999975393009545,0.0625,1.0,0.9533333333333334,0.0,0.0
2463367-B2,1,"(1, 1, 16, 301)","(16, 301)","raw_attn interpreted as [batch, heads, prototype_query, low_patch_source]",average_attn_weights=False not supported by current attention module; using module-specific return format.,0.9999998807907104,1.0000001192092896,0.9705103553440023,0.9994924057744127,0.9999848929957651,0.0625,1.0,1.0,0.0,0.0
2476299-B2,1,"(1, 1, 16, 227)","(16, 227)","raw_attn interpreted as [batch, heads, prototype_query, low_patch_source]",average_attn_weights=False not supported by current attention module; using module-specific return format.,0.9999998807907104,1.000000238418579,0.9659049516884192,0.999676087874757,0.9999991229258488,0.0625,1.0,0.9750000000000001,0.0,0.0
2483073-B3,1,"(1, 1, 16, 231)","(16, 231)","raw_attn interpreted as [batch, heads, prototype_query, low_patch_source]",average_attn_weights=False not supported by current attention module; using module-specific return format.,0.9999998211860657,1.000000238418579,0.9714644936353817,0.9994788416755334,0.9999371982877661,0.0625,1.0,1.0,0.0,0.0
2484660-B2,1,"(1, 1, 16, 201)","(16, 201)","raw_attn interpreted as [batch, heads, prototype_query, low_patch_source]",average_attn_weights=False not supported by current attention module; using module-specific return format.,0.9999998807907104,1.0000001192092896,0.9745395766113404,0.9998110868138428,0.9999996485088112,0.0625,1.0,1.0,0.0,0.0
2485164-B2,1,"(1, 1, 16, 146)","(16, 146)","raw_attn interpreted as [batch, heads, prototype_query, low_patch_source]",average_attn_weights=False not supported by current attention module; using module-specific return format.,0.9999998807907104,1.0000001192092896,0.9663650257257984,0.9994495584176761,0.9999797469454955,0.0625,1.0,1.0,0.0,0.0
2485536-B2,1,"(1, 1, 16, 192)","(16, 192)","raw_attn interpreted as [batch, heads, prototype_query, low_patch_source]",average_attn_weights=False not supported by current attention module; using module-specific return format.,0.9999998807907104,1.000000238418579,0.967827250181637,0.9996307731994343,0.9999856628675098,0.0625,1.0,1.0,0.0,0.0
2488040-B,1,"(1, 1, 16, 255)","(16, 255)","raw_attn interpreted as [batch, heads, prototype_query, low_patch_source]",average_attn_weights=False not supported by current attention module; using module-specific return format.,0.9999997615814209,1.0000001192092896,0.9688339513412958,0.9997810887884446,0.9999987569108593,0.0625,1.0,0.975,0.0,0.0
25013189B4,1,"(1, 1, 16, 119)","(16, 119)","raw_attn interpreted as [batch, heads, prototype_query, low_patch_source]",average_attn_weights=False not supported by current attention module; using module-specific return format.,0.9999998211860657,1.000000238418579,0.9773366760602717,0.999557394350616,0.9999992607378754,0.0625,1.0,1.0,0.0,0.0
25014298B2,1,"(1, 1, 16, 83)","(16, 83)","raw_attn interpreted as [batch, heads, prototype_query, low_patch_source]",average_attn_weights=False not supported by current attention module; using module-specific return format.,0.9999998211860657,1.0000001192092896,0.9672089588597771,0.9996282460487702,0.9999893837740115,0.0625,1.0,0.975,0.0,0.0
25015215B2,1,"(1, 1, 16, 145)","(16, 145)","raw_attn interpreted as [batch, heads, prototype_query, low_patch_source]",average_attn_weights=False not supported by current attention module; using module-specific return format.,0.9999997615814209,1.000000238418579,0.9773815144413756,0.9997592866260203,0.9999988676576164,0.0625,1.0,0.975,0.0,0.0
25015471B,1,"(1, 1, 16, 388)","(16, 388)","raw_attn interpreted as [batch, heads, prototype_query, low_patch_source]",average_attn_weights=False not supported by current attention module; using module-specific return format.,0.9999999403953552,1.0000001192092896,0.9698948117759645,0.999534984211326,0.9999950440483416,0.0625,1.0,1.0,0.0,0.0
25015496B,1,"(1, 1, 16, 99)","(16, 99)","raw_attn interpreted as [batch, heads, prototype_query, low_patch_source]",average_attn_weights=False not supported by current attention module; using module-specific return format.,0.9999999403953552,1.0000001192092896,0.9759364901844396,0.9994471509252498,0.9999788381734096,0.0625,1.0,1.0,0.0,0.0
25015594B2,1,"(1, 1, 16, 162)","(16, 162)","raw_attn interpreted as [batch, heads, prototype_query, low_patch_source]",average_attn_weights=False not supported by current attention module; using module-specific return format.,0.9999997615814209,1.0,0.980604886070715,0.9998864266201368,0.9999976613936393,0.0625,1.0,0.895,0.0,0.0
25015784B2,1,"(1, 1, 16, 51)","(16, 51)","raw_attn interpreted as [batch, heads, prototype_query, low_patch_source]",average_attn_weights=False not supported by current attention module; using module-specific return format.,0.9999998807907104,1.0000001192092896,0.9738517428401762,0.9995589663822608,0.9999845469887564,0.0625,1.0,1.0,0.0,0.0
25015798B2,1,"(1, 1, 16, 36)","(16, 36)","raw_attn interpreted as [batch, heads, prototype_query, low_patch_source]",average_attn_weights=False not supported by current attention module; using module-specific return format.,0.9999998807907104,1.0000001192092896,0.9840648371634046,0.9993662971589181,0.9999950610356245,0.0625,1.0,1.0,0.0,0.0
25017592B3,1,"(1, 1, 16, 97)","(16, 97)","raw_attn interpreted as [batch, heads, prototype_query, low_patch_source]",average_attn_weights=False not supported by current attention module; using module-specific return format.,0.9999998807907104,1.0000001192092896,0.9921030246947994,0.9999780669272865,0.9999999434565301,0.0625,1.0,1.0,0.0,0.0
25019294B1,1,"(1, 1, 16, 35)","(16, 35)","raw_attn interpreted as [batch, heads, prototype_query, low_patch_source]",average_attn_weights=False not supported by current attention module; using module-specific return format.,0.9999998211860657,1.0000001192092896,0.9760524468133125,0.9990091076338812,0.999979501771805,0.0625,1.0,1.0,0.0,0.0
25019474B2,1,"(1, 1, 16, 251)","(16, 251)","raw_attn interpreted as [batch, heads, prototype_query, low_patch_source]",average_attn_weights=False not supported by current attention module; using module-specific return format.,0.9999999403953552,1.0000001192092896,0.9775833747734902,0.9994014724355864,0.9999732577799253,0.0625,1.0,1.0,0.0,0.0
25019503B,1,"(1, 1, 16, 109)","(16, 109)","raw_attn interpreted as [batch, heads, prototype_query, low_patch_source]",average_attn_weights=False not supported by current attention module; using module-specific return format.,0.9999998807907104,1.0000001192092896,0.9739415260215513,0.999795486969556,0.9999992313023591,0.0625,1.0,1.0,0.0,0.0
25019629B2,1,"(1, 1, 16, 166)","(16, 166)","raw_attn interpreted as [batch, heads, prototype_query, low_patch_source]",average_attn_weights=False not supported by current attention module; using module-specific return format.,0.9999998807907104,1.000000238418579,0.9709842497725598,0.9998781982596816,0.9999993223987668,0.0625,1.0,1.0,0.0,0.0
25021421B2,1,"(1, 1, 16, 337)","(16, 337)","raw_attn interpreted as [batch, heads, prototype_query, low_patch_source]",average_attn_weights=False not supported by current attention module; using module-specific return format.,0.9999998807907104,1.0000001192092896,0.9500847860583671,0.9993448116370969,0.9999949428380097,0.0625,1.0,1.0,0.0,0.0
25021555B2,1,"(1, 1, 16, 56)","(16, 56)","raw_attn interpreted as [batch, heads, prototype_query, low_patch_source]",average_attn_weights=False not supported by current attention module; using module-specific return format.,0.9999998807907104,1.0000001192092896,0.9810860399459497,0.999189625821522,0.999980268605042,0.0625,1.0,1.0,0.0,0.0
25021665B3,1,"(1, 1, 16, 242)","(16, 242)","raw_attn interpreted as [batch, heads, prototype_query, low_patch_source]",average_attn_weights=False not supported by current attention module; using module-specific return format.,0.9999998807907104,1.0000001192092896,0.9686749204975086,0.9995389679059596,0.9999968337896643,0.0625,1.0,1.0,0.0,0.0
25021890B4,1,"(1, 1, 16, 106)","(16, 106)","raw_attn interpreted as [batch, heads, prototype_query, low_patch_source]",average_attn_weights=False not supported by current attention module; using module-specific return format.,0.9999998807907104,1.0000001192092896,0.9740221901662005,0.999607962989739,0.9999958931053774,0.0625,0.8472222222222221,1.0,0.0,0.0
25022344B2,1,"(1, 1, 16, 419)","(16, 419)","raw_attn interpreted as [batch, heads, prototype_query, low_patch_source]",average_attn_weights=False not supported by current attention module; using module-specific return format.,0.9999998807907104,1.0000001192092896,0.9638123218937562,0.9994749395332747,0.9999816160371213,0.0625,1.0,1.0,0.0,0.0
25024433B2,1,"(1, 1, 16, 177)","(16, 177)","raw_attn interpreted as [batch, heads, prototype_query, low_patch_source]",average_attn_weights=False not supported by current attention module; using module-specific return format.,0.9999998807907104,1.0000001192092896,0.9815881265268869,0.9996026398157155,0.9999787069500529,0.0625,1.0,1.0,0.0,0.0
25024765B2,1,"(1, 1, 16, 375)","(16, 375)","raw_attn interpreted as [batch, heads, prototype_query, low_patch_source]",average_attn_weights=False not supported by current attention module; using module-specific return format.,0.9999998807907104,1.0000001192092896,0.9593538031312233,0.999255044830316,0.9999717582211385,0.0625,1.0,1.0,0.0,0.0
25024875B2,1,"(1, 1, 16, 76)","(16, 76)","raw_attn interpreted as [batch, heads, prototype_query, low_patch_source]",average_attn_weights=False not supported by current attention module; using module-specific return format.,0.9999998807907104,1.0000001192092896,0.9788438621213577,0.9995696946081079,0.9999950682576242,0.0625,0.8333333333333331,1.0,0.0,0.0
25025616B,1,"(1, 1, 16, 136)","(16, 136)","raw_attn interpreted as [batch, heads, prototype_query, low_patch_source]",average_attn_weights=False not supported by current attention module; using module-specific return format.,0.9999998807907104,1.0,0.9544901324371107,0.9992755484213047,0.9999876702129974,0.0625,1.0,1.0,0.0,0.0
25025951B,1,"(1, 1, 16, 265)","(16, 265)","raw_attn interpreted as [batch, heads, prototype_query, low_patch_source]",average_attn_weights=False not supported by current attention module; using module-specific return format.,0.9999998807907104,1.0000001192092896,0.9571118998179374,0.9993555209071875,0.9999973628811298,0.0625,1.0,1.0,0.0,0.0
25026103B2,1,"(1, 1, 16, 213)","(16, 213)","raw_attn interpreted as [batch, heads, prototype_query, low_patch_source]",average_attn_weights=False not supported by current attention module; using module-specific return format.,0.9999998211860657,1.0000001192092896,0.9769643067369974,0.9996253108429851,0.9999874596014892,0.0625,1.0,1.0,0.0,0.0
25026144B3,1,"(1, 1, 16, 252)","(16, 252)","raw_attn interpreted as [batch, heads, prototype_query, low_patch_source]",average_attn_weights=False not supported by current attention module; using module-specific return format.,0.9999999403953552,1.0000001192092896,0.9653810503765264,0.9996619170327739,0.999994163416821,0.0625,0.8222222222222222,1.0,0.0,0.0
25026509B,1,"(1, 1, 16, 202)","(16, 202)","raw_attn interpreted as [batch, heads, prototype_query, low_patch_source]",average_attn_weights=False not supported by current attention module; using module-specific return format.,0.9999998211860657,1.000000238418579,0.9788842094222926,0.9994837717047076,0.9999922431369942,0.0625,1.0,1.0,0.0,0.0
25026752B,1,"(1, 1, 16, 148)","(16, 148)","raw_attn interpreted as [batch, heads, prototype_query, low_patch_source]",average_attn_weights=False not supported by current attention module; using module-specific return format.,0.9999997615814209,1.0000001192092896,0.9616000346036278,0.9994850759642118,0.9999932002665857,0.0625,1.0,1.0,0.0,0.0
25026797B2,1,"(1, 1, 16, 76)","(16, 76)","raw_attn interpreted as [batch, heads, prototype_query, low_patch_source]",average_attn_weights=False not supported by current attention module; using module-specific return format.,0.9999999403953552,1.0000001192092896,0.9745917277553496,0.99955661640293,0.9999970968280415,0.0625,1.0,1.0,0.0,0.0
25027181B5,1,"(1, 1, 16, 316)","(16, 316)","raw_attn interpreted as [batch, heads, prototype_query, low_patch_source]",average_attn_weights=False not supported by current attention module; using module-specific return format.,0.9999998211860657,1.0000001192092896,0.9699346159595742,0.9995916584420592,0.9999756365973747,0.0625,1.0,1.0,0.0,0.0
25002510B2,1,"(1, 1, 16, 185)","(16, 185)","raw_attn interpreted as [batch, heads, prototype_query, low_patch_source]",average_attn_weights=False not supported by current attention module; using module-specific return format.,0.9999997615814209,1.0000001192092896,0.9891304343474326,0.9999099487467931,0.9999982148781345,0.125,1.0,1.0,15759.506333755526,0.0
25027606B3,1,"(1, 1, 16, 152)","(16, 152)","raw_attn interpreted as [batch, heads, prototype_query, low_patch_source]",average_attn_weights=False not supported by current attention module; using module-specific return format.,0.9999998807907104,1.0000001192092896,0.9823221041063684,0.9995530795940856,0.999984155705226,0.0625,1.0,1.0,0.0,0.0
25028014B5,1,"(1, 1, 16, 177)","(16, 177)","raw_attn interpreted as [batch, heads, prototype_query, low_patch_source]",average_attn_weights=False not supported by current attention module; using module-specific return format.,0.9999998211860657,1.0000001192092896,0.9621300232890024,0.9992500887434073,0.9999910448090646,0.0625,1.0,1.0,0.0,0.0
25029560B2,1,"(1, 1, 16, 42)","(16, 42)","raw_attn interpreted as [batch, heads, prototype_query, low_patch_source]",average_attn_weights=False not supported by current attention module; using module-specific return format.,0.9999998807907104,1.000000238418579,0.9752360806297844,0.9996056746589408,0.9999944691611785,0.0625,1.0,1.0,0.0,0.0
25029906B2,1,"(1, 1, 16, 264)","(16, 264)","raw_attn interpreted as [batch, heads, prototype_query, low_patch_source]",average_attn_weights=False not supported by current attention module; using module-specific return format.,0.9999998211860657,1.0000001192092896,0.9722952366108557,0.9995606244335481,0.9999813036736062,0.0625,1.0,1.0,0.0,0.0
25031271B2,1,"(1, 1, 16, 143)","(16, 143)","raw_attn interpreted as [batch, heads, prototype_query, low_patch_source]",average_attn_weights=False not supported by current attention module; using module-specific return format.,0.9999998807907104,1.0000001192092896,0.9875135469936782,0.9996752876676547,0.999999244001142,0.0625,1.0,1.0,0.0,0.0
25032146B2,1,"(1, 1, 16, 20)","(16, 20)","raw_attn interpreted as [batch, heads, prototype_query, low_patch_source]",average_attn_weights=False not supported by current attention module; using module-specific return format.,0.9999998807907104,1.0,0.9743905498205355,0.9996919637617184,0.9999980227121974,0.0625,1.0,1.0,0.0,0.0
25033211B,1,"(1, 1, 16, 217)","(16, 217)","raw_attn interpreted as [batch, heads, prototype_query, low_patch_source]",average_attn_weights=False not supported by current attention module; using module-specific return format.,0.9999998807907104,1.000000238418579,0.9719532059402188,0.9996477243618285,0.9999964302461065,0.0625,0.8222222222222222,1.0,0.0,0.0
25033482B2,1,"(1, 1, 16, 101)","(16, 101)","raw_attn interpreted as [batch, heads, prototype_query, low_patch_source]",average_attn_weights=False not supported by current attention module; using module-specific return format.,0.9999998807907104,1.0000001192092896,0.9823140682241591,0.9993904454997025,0.9999846336792565,0.0625,1.0,1.0,0.0,0.0
25034245B2,1,"(1, 1, 16, 174)","(16, 174)","raw_attn interpreted as [batch, heads, prototype_query, low_patch_source]",average_attn_weights=False not supported by current attention module; using module-specific return format.,0.9999998211860657,1.0000001192092896,0.9734622288328102,0.9997389993190628,0.9999979890104322,0.0625,0.9583333333333334,1.0,0.0,0.0
25034940B8,1,"(1, 1, 16, 100)","(16, 100)","raw_attn interpreted as [batch, heads, prototype_query, low_patch_source]",average_attn_weights=False not supported by current attention module; using module-specific return format.,0.9999998807907104,1.000000238418579,0.9696369869785468,0.9993928378452419,0.9999827705097308,0.0625,1.0,1.0,0.0,0.0
25035354B2,1,"(1, 1, 16, 127)","(16, 127)","raw_attn interpreted as [batch, heads, prototype_query, low_patch_source]",average_attn_weights=False not supported by current attention module; using module-specific return format.,0.9999998211860657,1.0000001192092896,0.9720598204359097,0.9996844275852408,0.9999815132503597,0.0625,1.0,1.0,0.0,0.0
25036333B3,1,"(1, 1, 16, 59)","(16, 59)","raw_attn interpreted as [batch, heads, prototype_query, low_patch_source]",average_attn_weights=False not supported by current attention module; using module-specific return format.,0.9999998807907104,1.0000001192092896,0.9870879679196193,0.9998979440084044,0.9999994743124796,0.0625,1.0,1.0,0.0,0.0
25041763B,1,"(1, 1, 16, 337)","(16, 337)","raw_attn interpreted as [batch, heads, prototype_query, low_patch_source]",average_attn_weights=False not supported by current attention module; using module-specific return format.,0.9999999403953552,1.000000238418579,0.9549671090546619,0.9993375822897396,0.9999832718105441,0.0625,1.0,0.9750000000000001,0.0,0.0
25043126B2,1,"(1, 1, 16, 84)","(16, 84)","raw_attn interpreted as [batch, heads, prototype_query, low_patch_source]",average_attn_weights=False not supported by current attention module; using module-specific return format.,0.9999998211860657,1.0000001192092896,0.9748182238321808,0.9998500038884736,0.9999990449412244,0.0625,1.0,1.0,0.0,0.0
25045403B-1,1,"(1, 1, 16, 83)","(16, 83)","raw_attn interpreted as [batch, heads, prototype_query, low_patch_source]",average_attn_weights=False not supported by current attention module; using module-specific return format.,0.9999997615814209,1.0000001192092896,0.9763082352614545,0.9998936485301825,0.9999991045274423,0.0625,1.0,1.0,0.0,0.0
25045450B5,1,"(1, 1, 16, 186)","(16, 186)","raw_attn interpreted as [batch, heads, prototype_query, low_patch_source]",average_attn_weights=False not supported by current attention module; using module-specific return format.,0.9999998807907104,1.000000238418579,0.9736744372630098,0.9998143976491376,0.9999991285191332,0.0625,1.0,1.0,0.0,0.0
25045839B,1,"(1, 1, 16, 240)","(16, 240)","raw_attn interpreted as [batch, heads, prototype_query, low_patch_source]",average_attn_weights=False not supported by current attention module; using module-specific return format.,0.9999998211860657,1.000000238418579,0.9769392610922518,0.9997599758130096,0.9999963638842553,0.0625,1.0,0.9150000000000001,0.0,0.0
25047066B,1,"(1, 1, 16, 194)","(16, 194)","raw_attn interpreted as [batch, heads, prototype_query, low_patch_source]",average_attn_weights=False not supported by current attention module; using module-specific return format.,0.9999998211860657,1.0000001192092896,0.9893188610121205,0.9997261567933736,0.9999989620304035,0.0625,1.0,1.0,0.0,0.0
25047077B2,1,"(1, 1, 16, 189)","(16, 189)","raw_attn interpreted as [batch, heads, prototype_query, low_patch_source]",average_attn_weights=False not supported by current attention module; using module-specific return format.,0.9999998807907104,1.0000001192092896,0.9745367016080002,0.9996773340924492,0.999996037197503,0.0625,1.0,1.0,0.0,0.0
25047401B2,1,"(1, 1, 16, 209)","(16, 209)","raw_attn interpreted as [batch, heads, prototype_query, low_patch_source]",average_attn_weights=False not supported by current attention module; using module-specific return format.,0.9999998807907104,1.0000001192092896,0.961274798149659,0.9990563142661504,0.9999645114356974,0.0625,1.0,1.0,0.0,0.0
25047972B2,1,"(1, 1, 16, 211)","(16, 211)","raw_attn interpreted as [batch, heads, prototype_query, low_patch_source]",average_attn_weights=False not supported by current attention module; using module-specific return format.,0.9999998807907104,1.0000001192092896,0.9740400941757129,0.9995373050667403,0.9999854940641787,0.0625,1.0,0.9750000000000001,0.0,0.0
25048633B2,1,"(1, 1, 16, 191)","(16, 191)","raw_attn interpreted as [batch, heads, prototype_query, low_patch_source]",average_attn_weights=False not supported by current attention module; using module-specific return format.,0.9999998807907104,1.000000238418579,0.9609104215528101,0.9992800388491971,0.9999850113490386,0.0625,0.9583333333333334,1.0,0.0,0.0
25049966B2,1,"(1, 1, 16, 132)","(16, 132)","raw_attn interpreted as [batch, heads, prototype_query, low_patch_source]",average_attn_weights=False not supported by current attention module; using module-specific return format.,0.9999998807907104,1.0,0.9666439414350196,0.9995611899077019,0.9999959504504795,0.0625,1.0,1.0,0.0,0.0
25050888B3,1,"(1, 1, 16, 81)","(16, 81)","raw_attn interpreted as [batch, heads, prototype_query, low_patch_source]",average_attn_weights=False not supported by current attention module; using module-specific return format.,0.9999998807907104,1.0,0.958838285190817,0.9996870902533838,0.9999968208081105,0.0625,1.0,1.0,0.0,0.0
25053425B2,1,"(1, 1, 16, 117)","(16, 117)","raw_attn interpreted as [batch, heads, prototype_query, low_patch_source]",average_attn_weights=False not supported by current attention module; using module-specific return format.,0.9999998807907104,1.0000001192092896,0.9832801809444334,0.9998458487912077,0.9999991277974548,0.0625,1.0,1.0,0.0,0.0
25057856B2,1,"(1, 1, 16, 229)","(16, 229)","raw_attn interpreted as [batch, heads, prototype_query, low_patch_source]",average_attn_weights=False not supported by current attention module; using module-specific return format.,0.9999998807907104,1.0000001192092896,0.9713948206707442,0.9996217000324814,0.9999893473376221,0.0625,1.0,1.0,0.0,0.0
25061727B2,1,"(1, 1, 16, 282)","(16, 282)","raw_attn interpreted as [batch, heads, prototype_query, low_patch_source]",average_attn_weights=False not supported by current attention module; using module-specific return format.,0.9999998807907104,1.000000238418579,0.9634507278810428,0.9992638649017733,0.9999849223420778,0.0625,1.0,1.0,0.0,0.0
25063676B,1,"(1, 1, 16, 75)","(16, 75)","raw_attn interpreted as [batch, heads, prototype_query, low_patch_source]",average_attn_weights=False not supported by current attention module; using module-specific return format.,0.9999998807907104,1.0000001192092896,0.977586963017109,0.999689838094432,0.9999924110387334,0.0625,1.0,1.0,0.0,0.0
25063676B2,1,"(1, 1, 16, 184)","(16, 184)","raw_attn interpreted as [batch, heads, prototype_query, low_patch_source]",average_attn_weights=False not supported by current attention module; using module-specific return format.,0.9999998807907104,1.0000001192092896,0.9663452568843982,0.9992447107139164,0.9999696255598043,0.0625,1.0,1.0,0.0,0.0
2460602-B,2,"(1, 1, 16, 252)","(16, 252)","raw_attn interpreted as [batch, heads, prototype_query, low_patch_source]",average_attn_weights=False not supported by current attention module; using module-specific return format.,0.9999998807907104,1.0000001192092896,0.9951040334227818,0.9983052543792885,0.9999943841688963,0.0625,1.0,1.0,0.0,0.0
2460949-B3,2,"(1, 1, 16, 200)","(16, 200)","raw_attn interpreted as [batch, heads, prototype_query, low_patch_source]",average_attn_weights=False not supported by current attention module; using module-specific return format.,0.9999998211860657,1.000000238418579,0.9957717284832417,0.9982371623320948,0.9999954055153671,0.0625,1.0,1.0,0.0,0.0
2461002-B2,2,"(1, 1, 16, 135)","(16, 135)","raw_attn interpreted as [batch, heads, prototype_query, low_patch_source]",average_attn_weights=False not supported by current attention module; using module-specific return format.,0.9999997615814209,1.0000001192092896,0.9969638373900306,0.9989722292092748,0.9999974874673804,0.0625,1.0,1.0,0.0,0.0
2461698-B,2,"(1, 1, 16, 239)","(16, 239)","raw_attn interpreted as [batch, heads, prototype_query, low_patch_source]",average_attn_weights=False not supported by current attention module; using module-specific return format.,0.9999998807907104,1.0000001192092896,0.9971602792898829,0.9989731784028268,0.9999801800600774,0.0625,1.0,1.0,0.0,0.0
2461857-B2,2,"(1, 1, 16, 159)","(16, 159)","raw_attn interpreted as [batch, heads, prototype_query, low_patch_source]",average_attn_weights=False not supported by current attention module; using module-specific return format.,0.9999997615814209,1.000000238418579,0.9982892778617499,0.9992465622079649,0.9999991346742686,0.0625,1.0,1.0,0.0,0.0
2462123-B2,2,"(1, 1, 16, 122)","(16, 122)","raw_attn interpreted as [batch, heads, prototype_query, low_patch_source]",average_attn_weights=False not supported by current attention module; using module-specific return format.,0.9999998807907104,1.0000001192092896,0.996952928525909,0.9987682879533197,0.9999940739747276,0.0625,1.0,1.0,0.0,0.0
2462170-B4,2,"(1, 1, 16, 117)","(16, 117)","raw_attn interpreted as [batch, heads, prototype_query, low_patch_source]",average_attn_weights=False not supported by current attention module; using module-specific return format.,0.9999998807907104,1.0000001192092896,0.9960940413280073,0.9980516412224986,0.9999443747800764,0.125,0.8666666666666666,1.0,11419.372856879858,0.0
2462614-B3,2,"(1, 1, 16, 225)","(16, 225)","raw_attn interpreted as [batch, heads, prototype_query, low_patch_source]",average_attn_weights=False not supported by current attention module; using module-specific return format.,0.9999998807907104,1.0000001192092896,0.9965392004003004,0.9986722761346863,0.9999662464373053,0.0625,0.8333333333333334,1.0,0.0,0.0
2463126-B2,2,"(1, 1, 16, 144)","(16, 144)","raw_attn interpreted as [batch, heads, prototype_query, low_patch_source]",average_attn_weights=False not supported by current attention module; using module-specific return format.,0.9999998807907104,1.0000001192092896,0.9971696517060613,0.9989738499204759,0.9999746165002287,0.0625,0.9222222222222222,1.0,0.0,0.0
2463351-B4,2,"(1, 1, 16, 175)","(16, 175)","raw_attn interpreted as [batch, heads, prototype_query, low_patch_source]",average_attn_weights=False not supported by current attention module; using module-specific return format.,0.9999998807907104,1.0000001192092896,0.9975100186289476,0.9990767097606267,0.9999977646309515,0.0625,1.0,1.0,0.0,0.0
2464404-B5,2,"(1, 1, 16, 207)","(16, 207)","raw_attn interpreted as [batch, heads, prototype_query, low_patch_source]",average_attn_weights=False not supported by current attention module; using module-specific return format.,0.9999998807907104,1.0000001192092896,0.997222401210524,0.9988069624838167,0.9999715477547393,0.0625,1.0,0.9350000000000002,0.0,0.0
2464879-B2,2,"(1, 1, 16, 268)","(16, 268)","raw_attn interpreted as [batch, heads, prototype_query, low_patch_source]",average_attn_weights=False not supported by current attention module; using module-specific return format.,0.9999997615814209,1.0000001192092896,0.9969655074017609,0.9988554372466063,0.99999848017062,0.0625,1.0,1.0,0.0,0.0
2464943-B2,2,"(1, 1, 16, 323)","(16, 323)","raw_attn interpreted as [batch, heads, prototype_query, low_patch_source]",average_attn_weights=False not supported by current attention module; using module-specific return format.,0.9999998807907104,1.0000001192092896,0.9979083085974956,0.9993547102126301,0.9999989386538077,0.0625,1.0,1.0,0.0,0.0
2465339-B2,2,"(1, 1, 16, 427)","(16, 427)","raw_attn interpreted as [batch, heads, prototype_query, low_patch_source]",average_attn_weights=False not supported by current attention module; using module-specific return format.,0.9999998807907104,1.0,0.9971312344725587,0.99867066022906,0.9999507804558012,0.0625,1.0,1.0,0.0,0.0
2465643-B3,2,"(1, 1, 16, 251)","(16, 251)","raw_attn interpreted as [batch, heads, prototype_query, low_patch_source]",average_attn_weights=False not supported by current attention module; using module-specific return format.,0.9999998211860657,1.000000238418579,0.9987645764315835,0.9995673929096016,0.9999998246340692,0.0625,1.0,1.0,0.0,0.0
2465827-B5,2,"(1, 1, 16, 211)","(16, 211)","raw_attn interpreted as [batch, heads, prototype_query, low_patch_source]",average_attn_weights=False not supported by current attention module; using module-specific return format.,0.9999999403953552,1.0,0.996016330517272,0.9987282458199769,0.9999756318496744,0.0625,1.0,0.895,0.0,0.0
2466159-B2,2,"(1, 1, 16, 234)","(16, 234)","raw_attn interpreted as [batch, heads, prototype_query, low_patch_source]",average_attn_weights=False not supported by current attention module; using module-specific return format.,0.9999998807907104,1.0000001192092896,0.9953004903149373,0.9979791394105116,0.9999961674833158,0.0625,1.0,1.0,0.0,0.0
2466285-B,2,"(1, 1, 16, 154)","(16, 154)","raw_attn interpreted as [batch, heads, prototype_query, low_patch_source]",average_attn_weights=False not supported by current attention module; using module-specific return format.,0.9999999403953552,1.0000001192092896,0.9964209718774205,0.9987001939399327,0.9999913717944581,0.0625,1.0,1.0,0.0,0.0
2466581-B2,2,"(1, 1, 16, 175)","(16, 175)","raw_attn interpreted as [batch, heads, prototype_query, low_patch_source]",average_attn_weights=False not supported by current attention module; using module-specific return format.,0.9999998807907104,1.0000001192092896,0.9962217448018563,0.9984887523225963,0.9999728623472371,0.0625,1.0,1.0,0.0,0.0
2466584-B,2,"(1, 1, 16, 206)","(16, 206)","raw_attn interpreted as [batch, heads, prototype_query, low_patch_source]",average_attn_weights=False not supported by current attention module; using module-specific return format.,0.9999998807907104,1.0000001192092896,0.9950242597910768,0.9981533496229853,0.9999768736297189,0.0625,1.0,0.9000000000000002,0.0,0.0
2466703-B4,2,"(1, 1, 16, 73)","(16, 73)","raw_attn interpreted as [batch, heads, prototype_query, low_patch_source]",average_attn_weights=False not supported by current attention module; using module-specific return format.,0.9999997615814209,1.0000001192092896,0.9985858491423515,0.9994462872022466,0.9999847748080359,0.0625,1.0,1.0,0.0,0.0
2466718-B,2,"(1, 1, 16, 317)","(16, 317)","raw_attn interpreted as [batch, heads, prototype_query, low_patch_source]",average_attn_weights=False not supported by current attention module; using module-specific return format.,0.9999998807907104,1.0000001192092896,0.9949420256630052,0.9979418068810866,0.9999764260639622,0.0625,1.0,1.0,0.0,0.0
2466893-B2,2,"(1, 1, 16, 192)","(16, 192)","raw_attn interpreted as [batch, heads, prototype_query, low_patch_source]",average_attn_weights=False not supported by current attention module; using module-specific return format.,0.9999998807907104,1.0000001192092896,0.9927978958124856,0.9965085951425456,0.9999389998265098,0.0625,1.0,1.0,0.0,0.0
2466898-B2,2,"(1, 1, 16, 276)","(16, 276)","raw_attn interpreted as [batch, heads, prototype_query, low_patch_source]",average_attn_weights=False not supported by current attention module; using module-specific return format.,0.9999998807907104,1.0000001192092896,0.9969808265809113,0.9988234647552686,0.9999812161749064,0.0625,0.8472222222222221,1.0,0.0,0.0
2468417-B2,2,"(1, 1, 16, 184)","(16, 184)","raw_attn interpreted as [batch, heads, prototype_query, low_patch_source]",average_attn_weights=False not supported by current attention module; using module-specific return format.,0.9999998807907104,1.0000001192092896,0.9944461584438471,0.998209835982117,0.9999849112905946,0.0625,1.0,0.975,0.0,0.0
2468419-B2,2,"(1, 1, 16, 316)","(16, 316)","raw_attn interpreted as [batch, heads, prototype_query, low_patch_source]",average_attn_weights=False not supported by current attention module; using module-specific return format.,0.9999998807907104,1.000000238418579,0.9939168032832195,0.9977392811436709,0.9999879507572286,0.0625,1.0,1.0,0.0,0.0
2468419-B3,2,"(1, 1, 16, 249)","(16, 249)","raw_attn interpreted as [batch, heads, prototype_query, low_patch_source]",average_attn_weights=False not supported by current attention module; using module-specific return format.,0.9999998807907104,1.0000001192092896,0.9980141535377206,0.9993008082096044,0.9999993269827486,0.0625,1.0,1.0,0.0,0.0
2468442-B2,2,"(1, 1, 16, 396)","(16, 396)","raw_attn interpreted as [batch, heads, prototype_query, low_patch_source]",average_attn_weights=False not supported by current attention module; using module-specific return format.,0.9999998807907104,1.0000001192092896,0.997390049359272,0.9988696706986522,0.9999951903118491,0.0625,1.0,0.9533333333333334,0.0,0.0
2468450-B2,2,"(1, 1, 16, 183)","(16, 183)","raw_attn interpreted as [batch, heads, prototype_query, low_patch_source]",average_attn_weights=False not supported by current attention module; using module-specific return format.,0.9999997615814209,1.000000238418579,0.9973125195057316,0.9988790756820662,0.9999914505732511,0.0625,1.0,1.0,0.0,0.0
2468720-B2,2,"(1, 1, 16, 244)","(16, 244)","raw_attn interpreted as [batch, heads, prototype_query, low_patch_source]",average_attn_weights=False not supported by current attention module; using module-specific return format.,0.9999998807907104,1.0000001192092896,0.999173464470992,0.999738810602354,0.9999998061797479,0.0625,1.0,1.0,0.0,0.0
2468954-B2,2,"(1, 1, 16, 107)","(16, 107)","raw_attn interpreted as [batch, heads, prototype_query, low_patch_source]",average_attn_weights=False not supported by current attention module; using module-specific return format.,0.9999998211860657,1.0000001192092896,0.9976506028506023,0.9990373134868236,0.9999971070359942,0.0625,1.0,1.0,0.0,0.0
2469019-B2,2,"(1, 1, 16, 257)","(16, 257)","raw_attn interpreted as [batch, heads, prototype_query, low_patch_source]",average_attn_weights=False not supported by current attention module; using module-specific return format.,0.9999998211860657,1.0,0.9952578684018616,0.997924059759838,0.999976471468201,0.0625,0.825,0.9000000000000001,0.0,0.0
2469023-B4,2,"(1, 1, 16, 173)","(16, 173)","raw_attn interpreted as [batch, heads, prototype_query, low_patch_source]",average_attn_weights=False not supported by current attention module; using module-specific return format.,0.9999998211860657,1.0,0.9971950362227356,0.9991003375748182,0.999999222298129,0.0625,1.0,1.0,0.0,0.0
2469072-B2,2,"(1, 1, 16, 203)","(16, 203)","raw_attn interpreted as [batch, heads, prototype_query, low_patch_source]",average_attn_weights=False not supported by current attention module; using module-specific return format.,0.9999998807907104,1.0000001192092896,0.9981936333919942,0.9993754327908093,0.9999771952624699,0.125,1.0,1.0,955.7333333333333,0.0
2469110-B3,2,"(1, 1, 16, 189)","(16, 189)","raw_attn interpreted as [batch, heads, prototype_query, low_patch_source]",average_attn_weights=False not supported by current attention module; using module-specific return format.,0.9999997615814209,1.000000238418579,0.9947885050664671,0.9979568138676371,0.9999930326399905,0.0625,1.0,0.9350000000000002,0.0,0.0
2469260-B3,2,"(1, 1, 16, 201)","(16, 201)","raw_attn interpreted as [batch, heads, prototype_query, low_patch_source]",average_attn_weights=False not supported by current attention module; using module-specific return format.,0.9999998807907104,1.0000001192092896,0.9966058099280264,0.9986608000759263,0.9999905070470416,0.0625,1.0,1.0,0.0,0.0
2469515-B2,2,"(1, 1, 16, 83)","(16, 83)","raw_attn interpreted as [batch, heads, prototype_query, low_patch_source]",average_attn_weights=False not supported by current attention module; using module-specific return format.,0.9999998211860657,1.0000001192092896,0.9989660047139455,0.9996340150650596,0.9999996861195785,0.0625,1.0,1.0,0.0,0.0
2470647-B2,2,"(1, 1, 16, 318)","(16, 318)","raw_attn interpreted as [batch, heads, prototype_query, low_patch_source]",average_attn_weights=False not supported by current attention module; using module-specific return format.,0.9999999403953552,1.0000001192092896,0.9929524252031432,0.9976229256389213,0.9999895667682964,0.0625,1.0,1.0,0.0,0.0
2472481-B2,2,"(1, 1, 16, 155)","(16, 155)","raw_attn interpreted as [batch, heads, prototype_query, low_patch_source]",average_attn_weights=False not supported by current attention module; using module-specific return format.,0.9999998211860657,1.0000001192092896,0.9959300106386783,0.9984713149007014,0.9999843941585936,0.0625,1.0,1.0,0.0,0.0
2472509-B4,2,"(1, 1, 16, 245)","(16, 245)","raw_attn interpreted as [batch, heads, prototype_query, low_patch_source]",average_attn_weights=False not supported by current attention module; using module-specific return format.,0.9999998807907104,1.0000001192092896,0.9974592818965758,0.9992386250162288,0.9999964428507393,0.0625,1.0,1.0,0.0,0.0
2473218-B2,2,"(1, 1, 16, 321)","(16, 321)","raw_attn interpreted as [batch, heads, prototype_query, low_patch_source]",average_attn_weights=False not supported by current attention module; using module-specific return format.,0.9999998807907104,1.000000238418579,0.998206909831127,0.9993525022277995,0.9999900672372358,0.0625,1.0,1.0,0.0,0.0
2473228-B2,2,"(1, 1, 16, 188)","(16, 188)","raw_attn interpreted as [batch, heads, prototype_query, low_patch_source]",average_attn_weights=False not supported by current attention module; using module-specific return format.,0.9999998807907104,1.0000001192092896,0.9959109013114398,0.9979918467732344,0.9999611546888828,0.0625,1.0,1.0,0.0,0.0
2473545-B2,2,"(1, 1, 16, 422)","(16, 422)","raw_attn interpreted as [batch, heads, prototype_query, low_patch_source]",average_attn_weights=False not supported by current attention module; using module-specific return format.,0.9999998807907104,1.0,0.9971881391864723,0.9987789151579398,0.9999697280609114,0.0625,1.0,1.0,0.0,0.0
2473545-B3,2,"(1, 1, 16, 248)","(16, 248)","raw_attn interpreted as [batch, heads, prototype_query, low_patch_source]",average_attn_weights=False not supported by current attention module; using module-specific return format.,0.9999999403953552,1.0000001192092896,0.9944705548191273,0.997616915508571,0.9999937747719913,0.0625,1.0,1.0,0.0,0.0
2473623-B2,2,"(1, 1, 16, 73)","(16, 73)","raw_attn interpreted as [batch, heads, prototype_query, low_patch_source]",average_attn_weights=False not supported by current attention module; using module-specific return format.,0.9999998807907104,1.0000001192092896,0.996205517975885,0.9988730671708075,0.9999959346486365,0.0625,1.0,1.0,0.0,0.0
2474188-B2,2,"(1, 1, 16, 317)","(16, 317)","raw_attn interpreted as [batch, heads, prototype_query, low_patch_source]",average_attn_weights=False not supported by current attention module; using module-specific return format.,0.9999998807907104,1.000000238418579,0.9960418655720588,0.9985521797612017,0.9999856804229252,0.0625,1.0,1.0,0.0,0.0
2474626-B2,2,"(1, 1, 16, 212)","(16, 212)","raw_attn interpreted as [batch, heads, prototype_query, low_patch_source]",average_attn_weights=False not supported by current attention module; using module-specific return format.,0.9999998211860657,1.000000238418579,0.996826518289318,0.998846316548514,0.9999985474027059,0.0625,1.0,0.9000000000000001,0.0,0.0
2474704-B2,2,"(1, 1, 16, 144)","(16, 144)","raw_attn interpreted as [batch, heads, prototype_query, low_patch_source]",average_attn_weights=False not supported by current attention module; using module-specific return format.,0.9999998807907104,1.0000001192092896,0.996004506438842,0.9986650406114533,0.9999794692099485,0.0625,1.0,1.0,0.0,0.0
2476242-B2,2,"(1, 1, 16, 240)","(16, 240)","raw_attn interpreted as [batch, heads, prototype_query, low_patch_source]",average_attn_weights=False not supported by current attention module; using module-specific return format.,0.9999996423721313,1.000000238418579,0.9985551068621864,0.9988973686873006,0.999992062648874,0.0625,1.0,1.0,0.0,0.0
2476358-B2,2,"(1, 1, 16, 212)","(16, 212)","raw_attn interpreted as [batch, heads, prototype_query, low_patch_source]",average_attn_weights=False not supported by current attention module; using module-specific return format.,0.9999998211860657,1.000000238418579,0.9983108290229418,0.9993865415506777,0.9999995317330826,0.0625,1.0,1.0,0.0,0.0
2476376-B2,2,"(1, 1, 16, 262)","(16, 262)","raw_attn interpreted as [batch, heads, prototype_query, low_patch_source]",average_attn_weights=False not supported by current attention module; using module-specific return format.,0.9999998807907104,1.0000001192092896,0.9962651761322794,0.9978654778068076,0.999989006793482,0.0625,1.0,1.0,0.0,0.0
2476834-B3,2,"(1, 1, 16, 303)","(16, 303)","raw_attn interpreted as [batch, heads, prototype_query, low_patch_source]",average_attn_weights=False not supported by current attention module; using module-specific return format.,0.9999998211860657,1.0000001192092896,0.9960190100135321,0.9985340947760455,0.9999937668969039,0.0625,1.0,1.0,0.0,0.0
2476983-B,2,"(1, 1, 16, 178)","(16, 178)","raw_attn interpreted as [batch, heads, prototype_query, low_patch_source]",average_attn_weights=False not supported by current attention module; using module-specific return format.,0.9999998807907104,1.0000001192092896,0.9988790637471507,0.9995852122159592,0.9999996158331586,0.0625,1.0,1.0,0.0,0.0
2477274-B3,2,"(1, 1, 16, 127)","(16, 127)","raw_attn interpreted as [batch, heads, prototype_query, low_patch_source]",average_attn_weights=False not supported by current attention module; using module-specific return format.,0.9999998807907104,1.000000238418579,0.9953737319364333,0.9983694199389217,0.9999937777443636,0.0625,1.0,0.975,0.0,0.0
2477577-B3,2,"(1, 1, 16, 254)","(16, 254)","raw_attn interpreted as [batch, heads, prototype_query, low_patch_source]",average_attn_weights=False not supported by current attention module; using module-specific return format.,0.9999999403953552,1.0000001192092896,0.9963764304414595,0.9983942063736131,0.9999909277968856,0.0625,1.0,1.0,0.0,0.0
2477670-B2,2,"(1, 1, 16, 262)","(16, 262)","raw_attn interpreted as [batch, heads, prototype_query, low_patch_source]",average_attn_weights=False not supported by current attention module; using module-specific return format.,0.9999998807907104,1.0000001192092896,0.9938166934839098,0.9976508786631058,0.9999905911043224,0.0625,1.0,1.0,0.0,0.0
2482483-B2,2,"(1, 1, 16, 339)","(16, 339)","raw_attn interpreted as [batch, heads, prototype_query, low_patch_source]",average_attn_weights=False not supported by current attention module; using module-specific return format.,0.9999998211860657,1.000000238418579,0.9966837631865786,0.9987507376150864,0.9999986798893595,0.0625,1.0,0.9533333333333333,0.0,0.0
2482952-B2,2,"(1, 1, 16, 235)","(16, 235)","raw_attn interpreted as [batch, heads, prototype_query, low_patch_source]",average_attn_weights=False not supported by current attention module; using module-specific return format.,0.9999998807907104,1.0000001192092896,0.9945587790162426,0.9981146674847023,0.9999866733067047,0.0625,1.0,1.0,0.0,0.0
2483055-B2,2,"(1, 1, 16, 270)","(16, 270)","raw_attn interpreted as [batch, heads, prototype_query, low_patch_source]",average_attn_weights=False not supported by current attention module; using module-specific return format.,0.9999998807907104,1.000000238418579,0.995978141332193,0.9984126827223694,0.9999899065141913,0.0625,1.0,1.0,0.0,0.0
2484312-B2,2,"(1, 1, 16, 305)","(16, 305)","raw_attn interpreted as [batch, heads, prototype_query, low_patch_source]",average_attn_weights=False not supported by current attention module; using module-specific return format.,0.9999998807907104,1.0000001192092896,0.9950675453644424,0.9982013075788116,0.9999718878512828,0.0625,1.0,1.0,0.0,0.0
2484633-B2,2,"(1, 1, 16, 153)","(16, 153)","raw_attn interpreted as [batch, heads, prototype_query, low_patch_source]",average_attn_weights=False not supported by current attention module; using module-specific return format.,0.9999998211860657,1.000000238418579,0.9993685026503046,0.9998010732817542,0.9999998820754997,0.0625,1.0,1.0,0.0,0.0
2484734-B5,2,"(1, 1, 16, 97)","(16, 97)","raw_attn interpreted as [batch, heads, prototype_query, low_patch_source]",average_attn_weights=False not supported by current attention module; using module-specific return format.,0.9999998807907104,1.0000001192092896,0.9947463311506862,0.9977330356561555,0.9999687967093343,0.0625,0.8666666666666665,0.9750000000000001,0.0,0.0
2484743-B4,2,"(1, 1, 16, 120)","(16, 120)","raw_attn interpreted as [batch, heads, prototype_query, low_patch_source]",average_attn_weights=False not supported by current attention module; using module-specific return format.,0.9999998807907104,1.0000001192092896,0.9974373127861607,0.9990698861386077,0.9999846570138237,0.125,1.0,0.92,3663.573774335656,0.0
2485303-B2,2,"(1, 1, 16, 247)","(16, 247)","raw_attn interpreted as [batch, heads, prototype_query, low_patch_source]",average_attn_weights=False not supported by current attention module; using module-specific return format.,0.9999997615814209,1.0000001192092896,0.998077688724893,0.9992240501453226,0.9999998315306046,0.0625,1.0,1.0,0.0,0.0
2486653-B2,2,"(1, 1, 16, 244)","(16, 244)","raw_attn interpreted as [batch, heads, prototype_query, low_patch_source]",average_attn_weights=False not supported by current attention module; using module-specific return format.,0.9999999403953552,1.0000001192092896,0.9965475735358339,0.9986526271937481,0.9999918366021053,0.0625,1.0,1.0,0.0,0.0
2486812-B2,2,"(1, 1, 16, 294)","(16, 294)","raw_attn interpreted as [batch, heads, prototype_query, low_patch_source]",average_attn_weights=False not supported by current attention module; using module-specific return format.,0.9999998807907104,1.0000001192092896,0.9962434524081387,0.9984309880694063,0.9999516507496782,0.0625,1.0,1.0,0.0,0.0
2486813-B2,2,"(1, 1, 16, 108)","(16, 108)","raw_attn interpreted as [batch, heads, prototype_query, low_patch_source]",average_attn_weights=False not supported by current attention module; using module-specific return format.,0.9999998807907104,1.0000001192092896,0.9980732638367146,0.9988936872587844,0.9999688474261685,0.0625,1.0,1.0,0.0,0.0
2486845-B2,2,"(1, 1, 16, 154)","(16, 154)","raw_attn interpreted as [batch, heads, prototype_query, low_patch_source]",average_attn_weights=False not supported by current attention module; using module-specific return format.,0.9999998807907104,1.0000001192092896,0.9955010172410804,0.9986699374685868,0.9999637060704958,0.125,0.8916666666666667,0.9750000000000001,6310.502119483046,0.0
2487246-B2,2,"(1, 1, 16, 90)","(16, 90)","raw_attn interpreted as [batch, heads, prototype_query, low_patch_source]",average_attn_weights=False not supported by current attention module; using module-specific return format.,0.9999998807907104,1.000000238418579,0.9962758863499791,0.9983324476811444,0.9999940308516793,0.0625,1.0,1.0,0.0,0.0
2487388-B2,2,"(1, 1, 16, 239)","(16, 239)","raw_attn interpreted as [batch, heads, prototype_query, low_patch_source]",average_attn_weights=False not supported by current attention module; using module-specific return format.,0.9999997615814209,1.000000238418579,0.9962550927485372,0.9987757223701075,0.9999977785074068,0.0625,1.0,1.0,0.0,0.0
2488320-B3,2,"(1, 1, 16, 121)","(16, 121)","raw_attn interpreted as [batch, heads, prototype_query, low_patch_source]",average_attn_weights=False not supported by current attention module; using module-specific return format.,0.9999999403953552,1.0000001192092896,0.9986809455343614,0.9995203077438266,0.9999952940245276,0.0625,1.0,1.0,0.0,0.0
25012153B2,2,"(1, 1, 16, 216)","(16, 216)","raw_attn interpreted as [batch, heads, prototype_query, low_patch_source]",average_attn_weights=False not supported by current attention module; using module-specific return format.,0.9999998807907104,1.0000001192092896,0.9966658093391307,0.9987464077888353,0.999995046618721,0.0625,1.0,0.92,0.0,0.0
25012485B2,2,"(1, 1, 16, 293)","(16, 293)","raw_attn interpreted as [batch, heads, prototype_query, low_patch_source]",average_attn_weights=False not supported by current attention module; using module-specific return format.,0.9999998807907104,1.0,0.9907006185474854,0.995755465894371,0.999972412847054,0.0625,0.8333333333333333,0.9533333333333334,0.0,0.0
25012760B2,2,"(1, 1, 16, 429)","(16, 429)","raw_attn interpreted as [batch, heads, prototype_query, low_patch_source]",average_attn_weights=False not supported by current attention module; using module-specific return format.,0.9999998807907104,1.0000001192092896,0.9983717835440927,0.9993063149802572,0.9999890365589647,0.0625,1.0,1.0,0.0,0.0
25013189B2,2,"(1, 1, 16, 251)","(16, 251)","raw_attn interpreted as [batch, heads, prototype_query, low_patch_source]",average_attn_weights=False not supported by current attention module; using module-specific return format.,0.9999998807907104,1.0000001192092896,0.9947576963761695,0.9979208530077481,0.9999841922880643,0.0625,1.0,1.0,0.0,0.0
25013465B2,2,"(1, 1, 16, 347)","(16, 347)","raw_attn interpreted as [batch, heads, prototype_query, low_patch_source]",average_attn_weights=False not supported by current attention module; using module-specific return format.,0.9999998807907104,1.0000001192092896,0.995564333134364,0.9985080000820558,0.9999962944835066,0.0625,0.8666666666666666,1.0,0.0,0.0
25014226B2,2,"(1, 1, 16, 236)","(16, 236)","raw_attn interpreted as [batch, heads, prototype_query, low_patch_source]",average_attn_weights=False not supported by current attention module; using module-specific return format.,0.9999998807907104,1.000000238418579,0.9969219836602814,0.9988810393274146,0.9999955806550084,0.0625,0.7749999999999999,1.0,0.0,0.0
25015103B2,2,"(1, 1, 16, 134)","(16, 134)","raw_attn interpreted as [batch, heads, prototype_query, low_patch_source]",average_attn_weights=False not supported by current attention module; using module-specific return format.,0.9999998807907104,1.0000001192092896,0.9967520409372829,0.9988832969535834,0.9999778923359516,0.125,1.0,1.0,34827.62499428435,66338.33332244639
25015234B2,2,"(1, 1, 16, 214)","(16, 214)","raw_attn interpreted as [batch, heads, prototype_query, low_patch_source]",average_attn_weights=False not supported by current attention module; using module-specific return format.,0.9999998807907104,1.0000001192092896,0.9968908218616064,0.99886039753617,0.999990694669204,0.0625,1.0,1.0,0.0,0.0
25015495B4,2,"(1, 1, 16, 219)","(16, 219)","raw_attn interpreted as [batch, heads, prototype_query, low_patch_source]",average_attn_weights=False not supported by current attention module; using module-specific return format.,0.9999998807907104,1.0000001192092896,0.9956508142786594,0.9980715248043814,0.9999538929958637,0.0625,1.0,1.0,0.0,0.0
25015863B2,2,"(1, 1, 16, 363)","(16, 363)","raw_attn interpreted as [batch, heads, prototype_query, low_patch_source]",average_attn_weights=False not supported by current attention module; using module-specific return format.,0.9999997615814209,1.000000238418579,0.9996186790237331,0.9998541085115394,0.9999999695219892,0.0625,1.0,1.0,0.0,0.0
25016801B2,2,"(1, 1, 16, 370)","(16, 370)","raw_attn interpreted as [batch, heads, prototype_query, low_patch_source]",average_attn_weights=False not supported by current attention module; using module-specific return format.,0.9999998807907104,1.000000238418579,0.9950319804646639,0.998044247636175,0.9999778075718583,0.0625,1.0,0.9750000000000001,0.0,0.0
25016829B2,2,"(1, 1, 16, 201)","(16, 201)","raw_attn interpreted as [batch, heads, prototype_query, low_patch_source]",average_attn_weights=False not supported by current attention module; using module-specific return format.,0.9999998807907104,1.0,0.9932356272791204,0.9972509900935149,0.9999819819422352,0.0625,1.0,1.0,0.0,0.0
25017089B2,2,"(1, 1, 16, 308)","(16, 308)","raw_attn interpreted as [batch, heads, prototype_query, low_patch_source]",average_attn_weights=False not supported by current attention module; using module-specific return format.,0.9999998807907104,1.0000001192092896,0.9956247731654919,0.9985566905923572,0.9999969154515794,0.0625,1.0,1.0,0.0,0.0
25017242B2,2,"(1, 1, 16, 279)","(16, 279)","raw_attn interpreted as [batch, heads, prototype_query, low_patch_source]",average_attn_weights=False not supported by current attention module; using module-specific return format.,0.9999998211860657,1.000000238418579,0.9990767544847373,0.9997372017834676,0.999999089053117,0.0625,1.0,1.0,0.0,0.0
25017354B5,2,"(1, 1, 16, 119)","(16, 119)","raw_attn interpreted as [batch, heads, prototype_query, low_patch_source]",average_attn_weights=False not supported by current attention module; using module-specific return format.,0.9999998807907104,1.000000238418579,0.9974357536827178,0.9989929265803013,0.9999823320621718,0.0625,1.0,1.0,0.0,0.0
25017518B2,2,"(1, 1, 16, 328)","(16, 328)","raw_attn interpreted as [batch, heads, prototype_query, low_patch_source]",average_attn_weights=False not supported by current attention module; using module-specific return format.,0.9999998807907104,1.000000238418579,0.9969560214277712,0.9987515585082078,0.9999951406015536,0.0625,1.0,1.0,0.0,0.0
25017538B4,2,"(1, 1, 16, 226)","(16, 226)","raw_attn interpreted as [batch, heads, prototype_query, low_patch_source]",average_attn_weights=False not supported by current attention module; using module-specific return format.,0.9999997019767761,1.000000238418579,0.9997033095046653,0.9999099272858378,0.9999999464786852,0.0625,1.0,1.0,0.0,0.0
25017932B2,2,"(1, 1, 16, 93)","(16, 93)","raw_attn interpreted as [batch, heads, prototype_query, low_patch_source]",average_attn_weights=False not supported by current attention module; using module-specific return format.,0.9999997615814209,1.000000238418579,0.9983383449329858,0.999085601766607,0.9999956589743115,0.0625,0.9222222222222222,1.0,0.0,0.0
25019107B,2,"(1, 1, 16, 235)","(16, 235)","raw_attn interpreted as [batch, heads, prototype_query, low_patch_source]",average_attn_weights=False not supported by current attention module; using module-specific return format.,0.9999999403953552,1.0000001192092896,0.9976479563703954,0.999176102540098,0.9999991969728659,0.0625,1.0,1.0,0.0,0.0
25019379B,2,"(1, 1, 16, 219)","(16, 219)","raw_attn interpreted as [batch, heads, prototype_query, low_patch_source]",average_attn_weights=False not supported by current attention module; using module-specific return format.,0.9999998807907104,1.0000001192092896,0.9966685750369,0.9989107889122283,0.9999942026544201,0.0625,1.0,1.0,0.0,0.0
25019621B4,2,"(1, 1, 16, 181)","(16, 181)","raw_attn interpreted as [batch, heads, prototype_query, low_patch_source]",average_attn_weights=False not supported by current attention module; using module-specific return format.,0.9999998807907104,1.0,0.9973773015030359,0.9987603906043176,0.9999772912468056,0.0625,1.0,1.0,0.0,0.0
25019790B2,2,"(1, 1, 16, 438)","(16, 438)","raw_attn interpreted as [batch, heads, prototype_query, low_patch_source]",average_attn_weights=False not supported by current attention module; using module-specific return format.,0.9999998807907104,1.0000001192092896,0.9979783307912176,0.9992661642557276,0.9999939486361992,0.0625,1.0,1.0,0.0,0.0
25020263B2,2,"(1, 1, 16, 348)","(16, 348)","raw_attn interpreted as [batch, heads, prototype_query, low_patch_source]",average_attn_weights=False not supported by current attention module; using module-specific return format.,0.9999998807907104,1.0000001192092896,0.9955767110506291,0.9984791939618779,0.9999763061463899,0.0625,1.0,1.0,0.0,0.0
25021197B2,2,"(1, 1, 16, 228)","(16, 228)","raw_attn interpreted as [batch, heads, prototype_query, low_patch_source]",average_attn_weights=False not supported by current attention module; using module-specific return format.,0.9999998807907104,1.000000238418579,0.9972123543977579,0.9988363393735243,0.9999962137689704,0.0625,1.0,1.0,0.0,0.0
25021575B4,2,"(1, 1, 16, 95)","(16, 95)","raw_attn interpreted as [batch, heads, prototype_query, low_patch_source]",average_attn_weights=False not supported by current attention module; using module-specific return format.,0.9999998807907104,1.0000001192092896,0.9970448641019815,0.9989948684334862,0.999984865828405,0.0625,1.0,1.0,0.0,0.0
25021658B3,2,"(1, 1, 16, 245)","(16, 245)","raw_attn interpreted as [batch, heads, prototype_query, low_patch_source]",average_attn_weights=False not supported by current attention module; using module-specific return format.,0.9999997615814209,1.0000003576278687,0.9996063037015721,0.9998684141865098,0.999999759880633,0.0625,1.0,0.9750000000000001,0.0,0.0
25021901B2,2,"(1, 1, 16, 318)","(16, 318)","raw_attn interpreted as [batch, heads, prototype_query, low_patch_source]",average_attn_weights=False not supported by current attention module; using module-specific return format.,0.9999998807907104,1.000000238418579,0.9944035683452144,0.997771904418197,0.9999853860486605,0.0625,1.0,1.0,0.0,0.0
25021911B2,2,"(1, 1, 16, 299)","(16, 299)","raw_attn interpreted as [batch, heads, prototype_query, low_patch_source]",average_attn_weights=False not supported by current attention module; using module-specific return format.,0.9999998807907104,1.0000001192092896,0.9973042696047109,0.9988917452525738,0.9999902709793141,0.0625,1.0,0.9533333333333334,0.0,0.0
25021973B2,2,"(1, 1, 16, 273)","(16, 273)","raw_attn interpreted as [batch, heads, prototype_query, low_patch_source]",average_attn_weights=False not supported by current attention module; using module-specific return format.,0.9999998807907104,1.0000001192092896,0.9977845504791812,0.9990022002801104,0.9999860249364727,0.0625,1.0,1.0,0.0,0.0
25022038B2,2,"(1, 1, 16, 111)","(16, 111)","raw_attn interpreted as [batch, heads, prototype_query, low_patch_source]",average_attn_weights=False not supported by current attention module; using module-specific return format.,0.9999998211860657,1.0000001192092896,0.9966729661021768,0.9990780862251796,0.9999971146760662,0.0625,1.0,1.0,0.0,0.0
25022354B2,2,"(1, 1, 16, 312)","(16, 312)","raw_attn interpreted as [batch, heads, prototype_query, low_patch_source]",average_attn_weights=False not supported by current attention module; using module-specific return format.,0.9999998211860657,1.0000001192092896,0.9969685849511726,0.9988610426764329,0.9999897871076996,0.0625,1.0,1.0,0.0,0.0
25023573B,2,"(1, 1, 16, 191)","(16, 191)","raw_attn interpreted as [batch, heads, prototype_query, low_patch_source]",average_attn_weights=False not supported by current attention module; using module-specific return format.,0.9999998807907104,1.0000001192092896,0.9971730011458504,0.9990941724238118,0.9999974511359899,0.0625,1.0,1.0,0.0,0.0
25023590B3,2,"(1, 1, 16, 222)","(16, 222)","raw_attn interpreted as [batch, heads, prototype_query, low_patch_source]",average_attn_weights=False not supported by current attention module; using module-specific return format.,0.9999998807907104,1.000000238418579,0.9975568063945872,0.9992503001748823,0.9999930165824551,0.0625,1.0,1.0,0.0,0.0
25023590B4,2,"(1, 1, 16, 166)","(16, 166)","raw_attn interpreted as [batch, heads, prototype_query, low_patch_source]",average_attn_weights=False not supported by current attention module; using module-specific return format.,0.9999998211860657,1.0000001192092896,0.9966815757550176,0.9986831811803163,0.9999950655325236,0.0625,1.0,1.0,0.0,0.0
25023814B,2,"(1, 1, 16, 287)","(16, 287)","raw_attn interpreted as [batch, heads, prototype_query, low_patch_source]",average_attn_weights=False not supported by current attention module; using module-specific return format.,0.9999998211860657,1.0000001192092896,0.9975788717815575,0.9990196692939273,0.9999758598856806,0.0625,1.0,1.0,0.0,0.0
25023869B4,2,"(1, 1, 16, 202)","(16, 202)","raw_attn interpreted as [batch, heads, prototype_query, low_patch_source]",average_attn_weights=False not supported by current attention module; using module-specific return format.,0.9999998807907104,1.000000238418579,0.9959250473767016,0.9982574173248906,0.9999614362206483,0.0625,1.0,1.0,0.0,0.0
25024243B2,2,"(1, 1, 16, 281)","(16, 281)","raw_attn interpreted as [batch, heads, prototype_query, low_patch_source]",average_attn_weights=False not supported by current attention module; using module-specific return format.,0.9999998807907104,1.0000001192092896,0.9950070090718423,0.9982253582338112,0.9999985446984313,0.0625,1.0,1.0,0.0,0.0
25024302B4,2,"(1, 1, 16, 166)","(16, 166)","raw_attn interpreted as [batch, heads, prototype_query, low_patch_source]",average_attn_weights=False not supported by current attention module; using module-specific return format.,0.9999998807907104,1.000000238418579,0.9978775377636445,0.9992581981818177,0.9999968177465899,0.0625,1.0,0.9750000000000001,0.0,0.0
25025109B2,2,"(1, 1, 16, 359)","(16, 359)","raw_attn interpreted as [batch, heads, prototype_query, low_patch_source]",average_attn_weights=False not supported by current attention module; using module-specific return format.,0.9999998807907104,1.0000001192092896,0.9962775801372529,0.9984983489915493,0.9999860809470218,0.0625,1.0,1.0,0.0,0.0
25025245B2,2,"(1, 1, 16, 247)","(16, 247)","raw_attn interpreted as [batch, heads, prototype_query, low_patch_source]",average_attn_weights=False not supported by current attention module; using module-specific return format.,0.9999998807907104,1.000000238418579,0.996659628330562,0.9987681644303401,0.9999919330038323,0.0625,1.0,1.0,0.0,0.0
25025262B2,2,"(1, 1, 16, 196)","(16, 196)","raw_attn interpreted as [batch, heads, prototype_query, low_patch_source]",average_attn_weights=False not supported by current attention module; using module-specific return format.,0.9999998211860657,1.0000003576278687,0.9975204010749174,0.9992187262143919,0.9999991752384203,0.0625,1.0,0.975,0.0,0.0
25025298B2,2,"(1, 1, 16, 386)","(16, 386)","raw_attn interpreted as [batch, heads, prototype_query, low_patch_source]",average_attn_weights=False not supported by current attention module; using module-specific return format.,0.9999998211860657,1.0000001192092896,0.9939743667751177,0.9982141819922781,0.9999943686507028,0.0625,1.0,1.0,0.0,0.0
25026081B2,2,"(1, 1, 16, 240)","(16, 240)","raw_attn interpreted as [batch, heads, prototype_query, low_patch_source]",average_attn_weights=False not supported by current attention module; using module-specific return format.,0.9999998807907104,1.0000001192092896,0.9950755731666822,0.9983431688845978,0.9999978121006871,0.0625,1.0,1.0,0.0,0.0
25026163B,2,"(1, 1, 16, 336)","(16, 336)","raw_attn interpreted as [batch, heads, prototype_query, low_patch_source]",average_attn_weights=False not supported by current attention module; using module-specific return format.,0.9999998807907104,1.000000238418579,0.9961587185767904,0.9985998157213279,0.9999608138265189,0.0625,1.0,1.0,0.0,0.0
25026254B2,2,"(1, 1, 16, 379)","(16, 379)","raw_attn interpreted as [batch, heads, prototype_query, low_patch_source]",average_attn_weights=False not supported by current attention module; using module-specific return format.,0.9999998211860657,1.0000001192092896,0.9958169952483764,0.9984721964148835,0.99997184042139,0.0625,1.0,1.0,0.0,0.0
2490526B3,2,"(1, 1, 16, 201)","(16, 201)","raw_attn interpreted as [batch, heads, prototype_query, low_patch_source]",average_attn_weights=False not supported by current attention module; using module-specific return format.,0.9999998211860657,1.0000001192092896,0.9996037947832481,0.9998749091839787,0.9999998369781365,0.0625,1.0,1.0,0.0,0.0
2490837B2,2,"(1, 1, 16, 209)","(16, 209)","raw_attn interpreted as [batch, heads, prototype_query, low_patch_source]",average_attn_weights=False not supported by current attention module; using module-specific return format.,0.9999998211860657,1.0000001192092896,0.9966285852379706,0.9983754582728417,0.9999990745844604,0.0625,1.0,1.0,0.0,0.0
2491131B2,2,"(1, 1, 16, 264)","(16, 264)","raw_attn interpreted as [batch, heads, prototype_query, low_patch_source]",average_attn_weights=False not supported by current attention module; using module-specific return format.,0.9999997019767761,1.0000001192092896,0.9962172741803127,0.998662763233156,0.9999963269737306,0.0625,1.0,0.9750000000000001,0.0,0.0
2491191B3,2,"(1, 1, 16, 315)","(16, 315)","raw_attn interpreted as [batch, heads, prototype_query, low_patch_source]",average_attn_weights=False not supported by current attention module; using module-specific return format.,0.9999999403953552,1.0000001192092896,0.9913059607221368,0.9969246316751288,0.9999624279459804,0.0625,1.0,1.0,0.0,0.0
2491226B2,2,"(1, 1, 16, 193)","(16, 193)","raw_attn interpreted as [batch, heads, prototype_query, low_patch_source]",average_attn_weights=False not supported by current attention module; using module-specific return format.,0.9999998807907104,1.0000001192092896,0.9955037422645981,0.9985057989924786,0.9999905909130876,0.0625,1.0,1.0,0.0,0.0
2491275B2,2,"(1, 1, 16, 214)","(16, 214)","raw_attn interpreted as [batch, heads, prototype_query, low_patch_source]",average_attn_weights=False not supported by current attention module; using module-specific return format.,0.9999998807907104,1.0000001192092896,0.9999649526669685,0.9999912570495498,0.9999999965267946,0.0625,1.0,1.0,0.0,0.0
25001939B2,2,"(1, 1, 16, 241)","(16, 241)","raw_attn interpreted as [batch, heads, prototype_query, low_patch_source]",average_attn_weights=False not supported by current attention module; using module-specific return format.,0.9999998211860657,1.0000001192092896,0.9991361379652536,0.9997735171028312,0.9999998509312915,0.0625,1.0,1.0,0.0,0.0
25002329B2,2,"(1, 1, 16, 252)","(16, 252)","raw_attn interpreted as [batch, heads, prototype_query, low_patch_source]",average_attn_weights=False not supported by current attention module; using module-specific return format.,0.9999998807907104,1.0000001192092896,0.9961140891478022,0.9982103466445578,0.9999901200756551,0.0625,1.0,1.0,0.0,0.0
25002391B2,2,"(1, 1, 16, 220)","(16, 220)","raw_attn interpreted as [batch, heads, prototype_query, low_patch_source]",average_attn_weights=False not supported by current attention module; using module-specific return format.,0.9999997615814209,1.000000238418579,0.9956256196716852,0.9985745235056143,0.9999972837299836,0.0625,1.0,0.9000000000000001,0.0,0.0
25002804B2,2,"(1, 1, 16, 333)","(16, 333)","raw_attn interpreted as [batch, heads, prototype_query, low_patch_source]",average_attn_weights=False not supported by current attention module; using module-specific return format.,0.9999998807907104,1.0000001192092896,0.9958689368982085,0.9983537631844509,0.9999745596796662,0.0625,1.0,1.0,0.0,0.0
25009148B3,2,"(1, 1, 16, 176)","(16, 176)","raw_attn interpreted as [batch, heads, prototype_query, low_patch_source]",average_attn_weights=False not supported by current attention module; using module-specific return format.,0.9999998807907104,1.0,0.9970181575371748,0.9991550044314007,0.9999755592144246,0.0625,1.0,1.0,0.0,0.0
2462609-B2,2,"(1, 1, 16, 61)","(16, 61)","raw_attn interpreted as [batch, heads, prototype_query, low_patch_source]",average_attn_weights=False not supported by current attention module; using module-specific return format.,0.9999997019767761,1.0000001192092896,0.9996929684380392,0.9999130710707202,0.999999940021815,0.0625,1.0,1.0,0.0,0.0
2476286-B2,2,"(1, 1, 16, 302)","(16, 302)","raw_attn interpreted as [batch, heads, prototype_query, low_patch_source]",average_attn_weights=False not supported by current attention module; using module-specific return format.,0.9999998807907104,1.0000001192092896,0.99644259049348,0.9988260827219346,0.9999969504015551,0.0625,1.0,1.0,0.0,0.0
2484862-B3,2,"(1, 1, 16, 236)","(16, 236)","raw_attn interpreted as [batch, heads, prototype_query, low_patch_source]",average_attn_weights=False not supported by current attention module; using module-specific return format.,0.9999998807907104,1.0000001192092896,0.9975772631334389,0.9988334892110621,0.9999862062749253,0.0625,1.0,0.9533333333333334,0.0,0.0
2485473-B2,2,"(1, 1, 16, 263)","(16, 263)","raw_attn interpreted as [batch, heads, prototype_query, low_patch_source]",average_attn_weights=False not supported by current attention module; using module-specific return format.,0.9999998807907104,1.000000238418579,0.9959154178114191,0.9984045557207489,0.9999854616188992,0.0625,1.0,1.0,0.0,0.0
2487567-B2,2,"(1, 1, 16, 103)","(16, 103)","raw_attn interpreted as [batch, heads, prototype_query, low_patch_source]",average_attn_weights=False not supported by current attention module; using module-specific return format.,0.9999998211860657,1.0000001192092896,0.9961016833504066,0.9986770668353735,0.9999773928344993,0.0625,1.0,1.0,0.0,0.0
2488302-B2,2,"(1, 1, 16, 244)","(16, 244)","raw_attn interpreted as [batch, heads, prototype_query, low_patch_source]",average_attn_weights=False not supported by current attention module; using module-specific return format.,0.9999998807907104,1.0000001192092896,0.9959699323313477,0.998384251125743,0.9999943521102578,0.0625,1.0,0.9350000000000002,0.0,0.0
2488335-B,2,"(1, 1, 16, 355)","(16, 355)","raw_attn interpreted as [batch, heads, prototype_query, low_patch_source]",average_attn_weights=False not supported by current attention module; using module-specific return format.,0.9999998807907104,1.0000001192092896,0.9968918514569677,0.9987583139256881,0.9999967123788669,0.0625,1.0,1.0,0.0,0.0
25013062B2,2,"(1, 1, 16, 99)","(16, 99)","raw_attn interpreted as [batch, heads, prototype_query, low_patch_source]",average_attn_weights=False not supported by current attention module; using module-specific return format.,0.9999998807907104,1.0000001192092896,0.995316005673124,0.998448730304965,0.9999923632455239,0.0625,0.8055555555555555,1.0,0.0,0.0
25015608B2,2,"(1, 1, 16, 206)","(16, 206)","raw_attn interpreted as [batch, heads, prototype_query, low_patch_source]",average_attn_weights=False not supported by current attention module; using module-specific return format.,0.9999998807907104,1.000000238418579,0.9965149905485507,0.9985011775072887,0.9999923998954217,0.0625,1.0,1.0,0.0,0.0
25015640B5,2,"(1, 1, 16, 126)","(16, 126)","raw_attn interpreted as [batch, heads, prototype_query, low_patch_source]",average_attn_weights=False not supported by current attention module; using module-specific return format.,0.9999998211860657,1.0000001192092896,0.9964593126410508,0.9985413938532743,0.9999921473252754,0.0625,1.0,1.0,0.0,0.0
25017739B2,2,"(1, 1, 16, 281)","(16, 281)","raw_attn interpreted as [batch, heads, prototype_query, low_patch_source]",average_attn_weights=False not supported by current attention module; using module-specific return format.,0.9999998807907104,1.0000001192092896,0.9952426082032555,0.9982190099334862,0.9999854173952422,0.0625,1.0,1.0,0.0,0.0
25019094B8,2,"(1, 1, 16, 265)","(16, 265)","raw_attn interpreted as [batch, heads, prototype_query, low_patch_source]",average_attn_weights=False not supported by current attention module; using module-specific return format.,0.9999998807907104,1.000000238418579,0.9974967890401276,0.9988259424528922,0.9999923461386855,0.125,1.0,1.0,34112.83635231759,34112.83635231759
25019294B2,2,"(1, 1, 16, 38)","(16, 38)","raw_attn interpreted as [batch, heads, prototype_query, low_patch_source]",average_attn_weights=False not supported by current attention module; using module-specific return format.,0.9999998211860657,1.0000001192092896,0.998049415205197,0.9992897230300789,0.9999989653060978,0.0625,1.0,1.0,0.0,0.0
25020232B,2,"(1, 1, 16, 341)","(16, 341)","raw_attn interpreted as [batch, heads, prototype_query, low_patch_source]",average_attn_weights=False not supported by current attention module; using module-specific return format.,0.9999998211860657,1.0000001192092896,0.9949793973591319,0.9981451167741373,0.9999614214348388,0.0625,1.0,1.0,0.0,0.0
25020799B3,2,"(1, 1, 16, 324)","(16, 324)","raw_attn interpreted as [batch, heads, prototype_query, low_patch_source]",average_attn_weights=False not supported by current attention module; using module-specific return format.,0.9999998211860657,1.0000001192092896,0.9945708047401131,0.9977137182239006,0.9999881314854506,0.0625,1.0,1.0,0.0,0.0
25021196B2,2,"(1, 1, 16, 120)","(16, 120)","raw_attn interpreted as [batch, heads, prototype_query, low_patch_source]",average_attn_weights=False not supported by current attention module; using module-specific return format.,0.9999998807907104,1.0000001192092896,0.9953848283042294,0.9979996333883894,0.999953327060367,0.0625,1.0,1.0,0.0,0.0
25021558B2,2,"(1, 1, 16, 79)","(16, 79)","raw_attn interpreted as [batch, heads, prototype_query, low_patch_source]",average_attn_weights=False not supported by current attention module; using module-specific return format.,0.9999998807907104,1.0000001192092896,0.9969315148571101,0.9985933714249227,0.9999607643213577,0.0625,1.0,0.975,0.0,0.0
25021890B6,2,"(1, 1, 16, 284)","(16, 284)","raw_attn interpreted as [batch, heads, prototype_query, low_patch_source]",average_attn_weights=False not supported by current attention module; using module-specific return format.,0.9999997615814209,1.000000238418579,0.99517481093631,0.9988838058641432,0.9999970054148151,0.0625,1.0,1.0,0.0,0.0
25022458B2,2,"(1, 1, 16, 327)","(16, 327)","raw_attn interpreted as [batch, heads, prototype_query, low_patch_source]",average_attn_weights=False not supported by current attention module; using module-specific return format.,0.9999998807907104,1.0000001192092896,0.9930881036500216,0.9975475613475109,0.9999687701776131,0.0625,1.0,0.8650000000000001,0.0,0.0
25022584B2,2,"(1, 1, 16, 210)","(16, 210)","raw_attn interpreted as [batch, heads, prototype_query, low_patch_source]",average_attn_weights=False not supported by current attention module; using module-specific return format.,0.9999998211860657,1.000000238418579,0.9961329532458599,0.9985222813518255,0.9999923403221793,0.0625,1.0,1.0,0.0,0.0
25023327B3,2,"(1, 1, 16, 38)","(16, 38)","raw_attn interpreted as [batch, heads, prototype_query, low_patch_source]",average_attn_weights=False not supported by current attention module; using module-specific return format.,0.9999998807907104,1.0000001192092896,0.9984458485107208,0.9995702116741105,0.9999997745756563,0.0625,1.0,1.0,0.0,0.0
25023828B,2,"(1, 1, 16, 256)","(16, 256)","raw_attn interpreted as [batch, heads, prototype_query, low_patch_source]",average_attn_weights=False not supported by current attention module; using module-specific return format.,0.9999998211860657,1.000000238418579,0.9971587741945023,0.9990351288968674,0.9999932345933505,0.0625,1.0,1.0,0.0,0.0
25024695B2,2,"(1, 1, 16, 124)","(16, 124)","raw_attn interpreted as [batch, heads, prototype_query, low_patch_source]",average_attn_weights=False not supported by current attention module; using module-specific return format.,0.9999999403953552,1.0000001192092896,0.9960627919753345,0.9985818380784368,0.999950390253834,0.125,1.0,1.0,4873.302916457744,0.0
25025291B,2,"(1, 1, 16, 238)","(16, 238)","raw_attn interpreted as [batch, heads, prototype_query, low_patch_source]",average_attn_weights=False not supported by current attention module; using module-specific return format.,0.9999998211860657,1.000000238418579,0.9965357748224254,0.9987845275547148,0.9999487770617724,0.0625,1.0,1.0,0.0,0.0
25025567B4,2,"(1, 1, 16, 105)","(16, 105)","raw_attn interpreted as [batch, heads, prototype_query, low_patch_source]",average_attn_weights=False not supported by current attention module; using module-specific return format.,0.9999997615814209,1.0000001192092896,0.9947533740249977,0.9982416961620234,0.9999865445307375,0.0625,1.0,1.0,0.0,0.0
25026294B3,2,"(1, 1, 16, 416)","(16, 416)","raw_attn interpreted as [batch, heads, prototype_query, low_patch_source]",average_attn_weights=False not supported by current attention module; using module-specific return format.,0.9999999403953552,1.000000238418579,0.9947805882501934,0.9980664451172394,0.9999579140024579,0.0625,1.0,1.0,0.0,0.0
2490980B,2,"(1, 1, 16, 394)","(16, 394)","raw_attn interpreted as [batch, heads, prototype_query, low_patch_source]",average_attn_weights=False not supported by current attention module; using module-specific return format.,0.9999998211860657,1.000000238418579,0.9960329497921311,0.9985061036248712,0.9999948264178801,0.0625,1.0,1.0,0.0,0.0
25002379B2,2,"(1, 1, 16, 177)","(16, 177)","raw_attn interpreted as [batch, heads, prototype_query, low_patch_source]",average_attn_weights=False not supported by current attention module; using module-specific return format.,0.9999997615814209,1.0000001192092896,0.9971935103080779,0.9987717164657205,0.9999856831546907,0.0625,1.0,1.0,0.0,0.0
25027718B2,2,"(1, 1, 16, 237)","(16, 237)","raw_attn interpreted as [batch, heads, prototype_query, low_patch_source]",average_attn_weights=False not supported by current attention module; using module-specific return format.,0.9999999403953552,1.0000001192092896,0.9949909917222789,0.9983113028143746,0.9999918258648618,0.0625,1.0,1.0,0.0,0.0
25028010B2a,2,"(1, 1, 16, 132)","(16, 132)","raw_attn interpreted as [batch, heads, prototype_query, low_patch_source]",average_attn_weights=False not supported by current attention module; using module-specific return format.,0.9999998807907104,1.000000238418579,0.9961645897629965,0.9983573052896613,0.9999544572838983,0.0625,0.9222222222222222,1.0,0.0,0.0
25028010B3,2,"(1, 1, 16, 239)","(16, 239)","raw_attn interpreted as [batch, heads, prototype_query, low_patch_source]",average_attn_weights=False not supported by current attention module; using module-specific return format.,0.9999998807907104,1.0000001192092896,0.9936983302100822,0.9982507098968287,0.9999880621737813,0.0625,1.0,1.0,0.0,0.0
25028014B4,2,"(1, 1, 16, 167)","(16, 167)","raw_attn interpreted as [batch, heads, prototype_query, low_patch_source]",average_attn_weights=False not supported by current attention module; using module-specific return format.,0.9999998807907104,1.0000001192092896,0.9972541337252149,0.9988558402590489,0.999989047374274,0.0625,1.0,1.0,0.0,0.0
25028147B3,2,"(1, 1, 16, 138)","(16, 138)","raw_attn interpreted as [batch, heads, prototype_query, low_patch_source]",average_attn_weights=False not supported by current attention module; using module-specific return format.,0.9999998807907104,1.0000001192092896,0.9960880962732829,0.9983227399105965,0.9999278354084784,0.0625,1.0,0.8350000000000002,0.0,0.0
25028151B2,2,"(1, 1, 16, 178)","(16, 178)","raw_attn interpreted as [batch, heads, prototype_query, low_patch_source]",average_attn_weights=False not supported by current attention module; using module-specific return format.,0.9999998807907104,1.0000001192092896,0.9932081325810447,0.9969288056475835,0.9999642464841838,0.0625,1.0,1.0,0.0,0.0
25028862B2,2,"(1, 1, 16, 189)","(16, 189)","raw_attn interpreted as [batch, heads, prototype_query, low_patch_source]",average_attn_weights=False not supported by current attention module; using module-specific return format.,0.9999998807907104,1.000000238418579,0.9983134331493136,0.9993870879583617,0.9999993973947532,0.0625,1.0,1.0,0.0,0.0
25028879B3,2,"(1, 1, 16, 283)","(16, 283)","raw_attn interpreted as [batch, heads, prototype_query, low_patch_source]",average_attn_weights=False not supported by current attention module; using module-specific return format.,0.9999998807907104,1.0000001192092896,0.9967516235069301,0.9986625597045522,0.9999977583889338,0.0625,1.0,1.0,0.0,0.0
25028885B2,2,"(1, 1, 16, 252)","(16, 252)","raw_attn interpreted as [batch, heads, prototype_query, low_patch_source]",average_attn_weights=False not supported by current attention module; using module-specific return format.,0.9999998807907104,1.0,0.9930141488750912,0.9977711858372378,0.9999933098272465,0.0625,0.8916666666666667,1.0,0.0,0.0
25029179B,2,"(1, 1, 16, 355)","(16, 355)","raw_attn interpreted as [batch, heads, prototype_query, low_patch_source]",average_attn_weights=False not supported by current attention module; using module-specific return format.,0.9999998807907104,1.0000001192092896,0.9982550247772762,0.9994323020205147,0.9999993789769988,0.0625,1.0,1.0,0.0,0.0
25030118B2,2,"(1, 1, 16, 134)","(16, 134)","raw_attn interpreted as [batch, heads, prototype_query, low_patch_source]",average_attn_weights=False not supported by current attention module; using module-specific return format.,0.9999998807907104,1.0000001192092896,0.9940649309346268,0.9979370548046119,0.9999930751731608,0.0625,1.0,0.975,0.0,0.0
25032143B2,2,"(1, 1, 16, 95)","(16, 95)","raw_attn interpreted as [batch, heads, prototype_query, low_patch_source]",average_attn_weights=False not supported by current attention module; using module-specific return format.,0.9999998211860657,1.0000001192092896,0.9946006037387224,0.9980678505494645,0.9999739945456907,0.0625,1.0,1.0,0.0,0.0
25032143B3,2,"(1, 1, 16, 63)","(16, 63)","raw_attn interpreted as [batch, heads, prototype_query, low_patch_source]",average_attn_weights=False not supported by current attention module; using module-specific return format.,0.9999998807907104,1.0000001192092896,0.9995455203307485,0.9998319004007951,0.999999829865212,0.0625,1.0,0.9750000000000001,0.0,0.0
25032626B2,2,"(1, 1, 16, 159)","(16, 159)","raw_attn interpreted as [batch, heads, prototype_query, low_patch_source]",average_attn_weights=False not supported by current attention module; using module-specific return format.,0.9999998211860657,1.0000001192092896,0.9974073905661449,0.9991561508577944,0.9999984277020906,0.0625,1.0,1.0,0.0,0.0
25033178B4,2,"(1, 1, 16, 294)","(16, 294)","raw_attn interpreted as [batch, heads, prototype_query, low_patch_source]",average_attn_weights=False not supported by current attention module; using module-specific return format.,0.9999998807907104,1.0000001192092896,0.9949942968234889,0.9979547538277577,0.9999954979775121,0.0625,1.0,1.0,0.0,0.0
25034940B10,2,"(1, 1, 16, 125)","(16, 125)","raw_attn interpreted as [batch, heads, prototype_query, low_patch_source]",average_attn_weights=False not supported by current attention module; using module-specific return format.,0.9999999403953552,1.0000001192092896,0.9996022301346251,0.9998972247485045,0.9999999374422154,0.0625,1.0,1.0,0.0,0.0
25035354B,2,"(1, 1, 16, 268)","(16, 268)","raw_attn interpreted as [batch, heads, prototype_query, low_patch_source]",average_attn_weights=False not supported by current attention module; using module-specific return format.,0.9999998807907104,1.0000001192092896,0.9968353368568474,0.9984100310005419,0.9999882548118282,0.125,1.0,1.0,11821.768449770954,0.0
25035882B3,2,"(1, 1, 16, 137)","(16, 137)","raw_attn interpreted as [batch, heads, prototype_query, low_patch_source]",average_attn_weights=False not supported by current attention module; using module-specific return format.,0.9999998807907104,1.000000238418579,0.9972530085205423,0.9989450009563119,0.9999573217117145,0.0625,0.9583333333333334,1.0,0.0,0.0
25036226B4,2,"(1, 1, 16, 241)","(16, 241)","raw_attn interpreted as [batch, heads, prototype_query, low_patch_source]",average_attn_weights=False not supported by current attention module; using module-specific return format.,0.9999998807907104,1.0000001192092896,0.9946260124322603,0.998065889937578,0.9999702595536325,0.0625,1.0,1.0,0.0,0.0
25036341B,2,"(1, 1, 16, 77)","(16, 77)","raw_attn interpreted as [batch, heads, prototype_query, low_patch_source]",average_attn_weights=False not supported by current attention module; using module-specific return format.,0.9999998211860657,1.000000238418579,0.9971377881499158,0.9990410980300302,0.9999980936202604,0.0625,1.0,1.0,0.0,0.0
25042220B2,2,"(1, 1, 16, 356)","(16, 356)","raw_attn interpreted as [batch, heads, prototype_query, low_patch_source]",average_attn_weights=False not supported by current attention module; using module-specific return format.,0.9999998807907104,1.0000001192092896,0.9970134392476326,0.9986420015273454,0.9999921681689564,0.0625,1.0,1.0,0.0,0.0
25042465B3,2,"(1, 1, 16, 197)","(16, 197)","raw_attn interpreted as [batch, heads, prototype_query, low_patch_source]",average_attn_weights=False not supported by current attention module; using module-specific return format.,0.9999998807907104,1.000000238418579,0.9970418687286053,0.9990381459182708,0.9999988183577629,0.0625,1.0,1.0,0.0,0.0
25042830B2,2,"(1, 1, 16, 157)","(16, 157)","raw_attn interpreted as [batch, heads, prototype_query, low_patch_source]",average_attn_weights=False not supported by current attention module; using module-specific return format.,0.9999998807907104,1.0000001192092896,0.9979240063734313,0.9993067900858458,0.9999969124116858,0.0625,1.0,1.0,0.0,0.0
25045403B,2,"(1, 1, 16, 74)","(16, 74)","raw_attn interpreted as [batch, heads, prototype_query, low_patch_source]",average_attn_weights=False not supported by current attention module; using module-specific return format.,0.9999998807907104,1.0000001192092896,0.9968737318283403,0.9988683432089995,0.9999989150324536,0.0625,1.0,1.0,0.0,0.0
25045625B2,2,"(1, 1, 16, 232)","(16, 232)","raw_attn interpreted as [batch, heads, prototype_query, low_patch_source]",average_attn_weights=False not supported by current attention module; using module-specific return format.,0.9999998807907104,1.0000001192092896,0.9947098540419096,0.9974628477235945,0.9999572902348124,0.0625,1.0,1.0,0.0,0.0
25045801B1,2,"(1, 1, 16, 109)","(16, 109)","raw_attn interpreted as [batch, heads, prototype_query, low_patch_source]",average_attn_weights=False not supported by current attention module; using module-specific return format.,0.9999998211860657,1.0000001192092896,0.9942853480075582,0.9980546770219993,0.9999782433412331,0.0625,1.0,0.9750000000000001,0.0,0.0
25046855B,2,"(1, 1, 16, 228)","(16, 228)","raw_attn interpreted as [batch, heads, prototype_query, low_patch_source]",average_attn_weights=False not supported by current attention module; using module-specific return format.,0.9999998807907104,1.0000001192092896,0.9965737332514166,0.9985693529919948,0.9999720590980767,0.0625,1.0,1.0,0.0,0.0
25047815B,2,"(1, 1, 16, 203)","(16, 203)","raw_attn interpreted as [batch, heads, prototype_query, low_patch_source]",average_attn_weights=False not supported by current attention module; using module-specific return format.,0.9999998807907104,1.0000001192092896,0.996032959551371,0.9987789973114023,0.9999975863653148,0.0625,1.0,1.0,0.0,0.0
25047844B2,2,"(1, 1, 16, 119)","(16, 119)","raw_attn interpreted as [batch, heads, prototype_query, low_patch_source]",average_attn_weights=False not supported by current attention module; using module-specific return format.,0.9999998211860657,1.0000001192092896,0.9964577298612901,0.9986503825654247,0.9999855168103031,0.0625,1.0,1.0,0.0,0.0
25049669B3,2,"(1, 1, 16, 287)","(16, 287)","raw_attn interpreted as [batch, heads, prototype_query, low_patch_source]",average_attn_weights=False not supported by current attention module; using module-specific return format.,0.9999998807907104,1.0000001192092896,0.9956995786147189,0.9982902693569851,0.9999808795219671,0.0625,1.0,1.0,0.0,0.0
25050415B2,2,"(1, 1, 16, 314)","(16, 314)","raw_attn interpreted as [batch, heads, prototype_query, low_patch_source]",average_attn_weights=False not supported by current attention module; using module-specific return format.,0.9999997019767761,1.0000001192092896,0.998843675489224,0.9994120734334602,0.9999995972258554,0.0625,1.0,0.9083333333333334,0.0,0.0
25052654B2,2,"(1, 1, 16, 69)","(16, 69)","raw_attn interpreted as [batch, heads, prototype_query, low_patch_source]",average_attn_weights=False not supported by current attention module; using module-specific return format.,0.9999998807907104,1.0000001192092896,0.998168747899597,0.9992911440368413,0.9999990152729722,0.0625,1.0,1.0,0.0,0.0
25053683B2,2,"(1, 1, 16, 232)","(16, 232)","raw_attn interpreted as [batch, heads, prototype_query, low_patch_source]",average_attn_weights=False not supported by current attention module; using module-specific return format.,0.9999998807907104,1.0,0.9953469616207672,0.9983114265399404,0.9999685247161147,0.0625,1.0,0.9083333333333335,0.0,0.0
25054212B,2,"(1, 1, 16, 256)","(16, 256)","raw_attn interpreted as [batch, heads, prototype_query, low_patch_source]",average_attn_weights=False not supported by current attention module; using module-specific return format.,0.9999998807907104,1.0000001192092896,0.9980303087805713,0.9993941098725083,0.9999996670165219,0.0625,1.0,1.0,0.0,0.0
25054489B3,2,"(1, 1, 16, 220)","(16, 220)","raw_attn interpreted as [batch, heads, prototype_query, low_patch_source]",average_attn_weights=False not supported by current attention module; using module-specific return format.,0.9999997615814209,1.000000238418579,0.9992261973617551,0.9996355207618202,0.9999981528718761,0.0625,0.8916666666666665,0.9200000000000002,0.0,0.0
25055681B2,2,"(1, 1, 16, 139)","(16, 139)","raw_attn interpreted as [batch, heads, prototype_query, low_patch_source]",average_attn_weights=False not supported by current attention module; using module-specific return format.,0.9999998807907104,1.0000001192092896,0.9969692420474082,0.9988916330612976,0.9999899773360277,0.0625,1.0,1.0,0.0,0.0
25058118B4,2,"(1, 1, 16, 275)","(16, 275)","raw_attn interpreted as [batch, heads, prototype_query, low_patch_source]",average_attn_weights=False not supported by current attention module; using module-specific return format.,0.9999998807907104,1.0,0.9949512728726139,0.9978176926956759,0.9999327114226292,0.0625,0.9222222222222222,1.0,0.0,0.0
25058746B4,2,"(1, 1, 16, 182)","(16, 182)","raw_attn interpreted as [batch, heads, prototype_query, low_patch_source]",average_attn_weights=False not supported by current attention module; using module-specific return format.,0.9999998211860657,1.0000001192092896,0.9990850152480062,0.9997469110037934,0.9999998792702266,0.0625,0.9583333333333334,0.9000000000000001,0.0,0.0
25062444B,2,"(1, 1, 16, 191)","(16, 191)","raw_attn interpreted as [batch, heads, prototype_query, low_patch_source]",average_attn_weights=False not supported by current attention module; using module-specific return format.,0.9999998211860657,1.000000238418579,0.9932301425937681,0.9976258894404433,0.9999841849690354,0.0625,1.0,1.0,0.0,0.0
2460399-B2,3,"(1, 1, 16, 285)","(16, 285)","raw_attn interpreted as [batch, heads, prototype_query, low_patch_source]",average_attn_weights=False not supported by current attention module; using module-specific return format.,0.9999998807907104,1.000000238418579,0.7631676159693643,0.9982085157138703,0.9999718213386825,0.125,0.9194444444444445,0.8133333333333332,9627.177046809984,0.0
2460404-B3,3,"(1, 1, 16, 308)","(16, 308)","raw_attn interpreted as [batch, heads, prototype_query, low_patch_source]",average_attn_weights=False not supported by current attention module; using module-specific return format.,0.9999998211860657,1.000000238418579,0.6334772985900511,0.9967370365492125,0.9999979911575728,0.0625,1.0,0.975,0.0,0.0
2460591-B2,3,"(1, 1, 16, 253)","(16, 253)","raw_attn interpreted as [batch, heads, prototype_query, low_patch_source]",average_attn_weights=False not supported by current attention module; using module-specific return format.,0.9999998211860657,1.0000001192092896,0.6642986578454412,0.9976659977422542,0.999992117822772,0.0625,0.8916666666666667,0.9150000000000001,0.0,0.0
2460753-B2,3,"(1, 1, 16, 201)","(16, 201)","raw_attn interpreted as [batch, heads, prototype_query, low_patch_source]",average_attn_weights=False not supported by current attention module; using module-specific return format.,0.9999998807907104,1.0,0.73244086012496,0.9979640969634823,0.999953111287528,0.0625,0.9222222222222222,1.0,0.0,0.0
2461718-B3,3,"(1, 1, 16, 82)","(16, 82)","raw_attn interpreted as [batch, heads, prototype_query, low_patch_source]",average_attn_weights=False not supported by current attention module; using module-specific return format.,0.9999998807907104,1.0000001192092896,0.7944047862535715,0.9985879050824933,0.9999613576517574,0.125,0.8916666666666667,1.0,25097.208409614504,0.0
2461755-B3,3,"(1, 1, 16, 247)","(16, 247)","raw_attn interpreted as [batch, heads, prototype_query, low_patch_source]",average_attn_weights=False not supported by current attention module; using module-specific return format.,0.9999998807907104,1.0000001192092896,0.7497682799519061,0.9977330542403878,0.9999544496927075,0.0625,1.0,0.8533333333333334,0.0,0.0
2461836-B2,3,"(1, 1, 16, 144)","(16, 144)","raw_attn interpreted as [batch, heads, prototype_query, low_patch_source]",average_attn_weights=False not supported by current attention module; using module-specific return format.,0.9999998807907104,1.0000001192092896,0.7590242922474623,0.997764809540896,0.9999479910041321,0.125,1.0,0.8916666666666668,26382.726870435516,0.0
2462293-B3,3,"(1, 1, 16, 127)","(16, 127)","raw_attn interpreted as [batch, heads, prototype_query, low_patch_source]",average_attn_weights=False not supported by current attention module; using module-specific return format.,0.9999998211860657,1.0000001192092896,0.6570828652329445,0.9989933386018366,0.9999987066883138,0.0625,0.8666666666666665,1.0,0.0,0.0
2462830-B2,3,"(1, 1, 16, 103)","(16, 103)","raw_attn interpreted as [batch, heads, prototype_query, low_patch_source]",average_attn_weights=False not supported by current attention module; using module-specific return format.,0.9999998807907104,1.0000001192092896,0.6941902323364625,0.998104014699754,0.9999819702447922,0.0625,1.0,0.92,0.0,0.0
2462840-B5,3,"(1, 1, 16, 286)","(16, 286)","raw_attn interpreted as [batch, heads, prototype_query, low_patch_source]",average_attn_weights=False not supported by current attention module; using module-specific return format.,0.9999998807907104,1.0000001192092896,0.6903822509597473,0.998365347317169,0.9999786611661912,0.125,1.0,0.975,2976.65369164772,0.0
2462920-B3,3,"(1, 1, 16, 273)","(16, 273)","raw_attn interpreted as [batch, heads, prototype_query, low_patch_source]",average_attn_weights=False not supported by current attention module; using module-specific return format.,0.9999998807907104,1.0000001192092896,0.6811378823872472,0.9981324427075597,0.9999704511981223,0.0625,1.0,1.0,0.0,0.0
2462921-B,3,"(1, 1, 16, 311)","(16, 311)","raw_attn interpreted as [batch, heads, prototype_query, low_patch_source]",average_attn_weights=False not supported by current attention module; using module-specific return format.,0.9999998807907104,1.000000238418579,0.7409934034684684,0.9977013179955897,0.9999668765901885,0.125,0.8083333333333333,0.92,6755.296257011975,0.0
2464690-B2,3,"(1, 1, 16, 244)","(16, 244)","raw_attn interpreted as [batch, heads, prototype_query, low_patch_source]",average_attn_weights=False not supported by current attention module; using module-specific return format.,0.9999998807907104,1.0000001192092896,0.7569389869940228,0.9979212176042489,0.9999799067895523,0.0625,1.0,0.9083333333333334,0.0,0.0
2464817-B,3,"(1, 1, 16, 265)","(16, 265)","raw_attn interpreted as [batch, heads, prototype_query, low_patch_source]",average_attn_weights=False not supported by current attention module; using module-specific return format.,0.9999998807907104,1.0,0.7587703586097138,0.9977364660792036,0.9999330428919488,0.0625,0.7194444444444444,0.8333333333333334,0.0,0.0
2465367-B3,3,"(1, 1, 16, 125)","(16, 125)","raw_attn interpreted as [batch, heads, prototype_query, low_patch_source]",average_attn_weights=False not supported by current attention module; using module-specific return format.,0.9999998807907104,1.0000001192092896,0.7282701308894446,0.9985815234521983,0.9999640487753285,0.0625,1.0,0.9016666666666668,0.0,0.0
2465639-B2,3,"(1, 1, 16, 137)","(16, 137)","raw_attn interpreted as [batch, heads, prototype_query, low_patch_source]",average_attn_weights=False not supported by current attention module; using module-specific return format.,0.9999998807907104,1.0000001192092896,0.6897672123900483,0.9984944518337067,0.9999936258879895,0.125,1.0,0.9516666666666667,7856.49350855711,0.0
2465795-B4,3,"(1, 1, 16, 293)","(16, 293)","raw_attn interpreted as [batch, heads, prototype_query, low_patch_source]",average_attn_weights=False not supported by current attention module; using module-specific return format.,0.9999999403953552,1.0000001192092896,0.7054262475919219,0.9979111165107053,0.9999693047450422,0.0625,1.0,0.9750000000000001,0.0,0.0
2466152-B2,3,"(1, 1, 16, 155)","(16, 155)","raw_attn interpreted as [batch, heads, prototype_query, low_patch_source]",average_attn_weights=False not supported by current attention module; using module-specific return format.,0.9999998807907104,1.0000001192092896,0.6717086166407377,0.9983031682157055,0.9999837908168675,0.0625,0.8333333333333333,1.0,0.0,0.0
2466881-B2,3,"(1, 1, 16, 212)","(16, 212)","raw_attn interpreted as [batch, heads, prototype_query, low_patch_source]",average_attn_weights=False not supported by current attention module; using module-specific return format.,0.9999998807907104,1.000000238418579,0.6688187659978198,0.9984763141173647,0.9999886036102851,0.0625,0.8333333333333333,0.8966666666666668,0.0,0.0
2468105-B2,3,"(1, 1, 16, 299)","(16, 299)","raw_attn interpreted as [batch, heads, prototype_query, low_patch_source]",average_attn_weights=False not supported by current attention module; using module-specific return format.,0.9999998807907104,1.0,0.7056330646851402,0.9977976210332371,0.9999628550090545,0.0625,0.9583333333333334,0.9533333333333334,0.0,0.0
2468321-B2,3,"(1, 1, 16, 141)","(16, 141)","raw_attn interpreted as [batch, heads, prototype_query, low_patch_source]",average_attn_weights=False not supported by current attention module; using module-specific return format.,0.9999998211860657,1.0000001192092896,0.783894051921353,0.9988324977484542,0.9999450795346521,0.125,0.6722222222222222,0.8783333333333334,25926.15429051569,0.0
2469661-B,3,"(1, 1, 16, 94)","(16, 94)","raw_attn interpreted as [batch, heads, prototype_query, low_patch_source]",average_attn_weights=False not supported by current attention module; using module-specific return format.,0.9999997615814209,1.0000001192092896,0.7189393125967972,0.9961971706189076,0.999997774581305,0.0625,0.886111111111111,1.0,0.0,0.0
2469916-B2,3,"(1, 1, 16, 225)","(16, 225)","raw_attn interpreted as [batch, heads, prototype_query, low_patch_source]",average_attn_weights=False not supported by current attention module; using module-specific return format.,0.9999999403953552,1.0000001192092896,0.7037287606098676,0.9978924495239372,0.9999828695868723,0.125,0.9222222222222222,0.8650000000000001,2080.204440824267,0.0
2469965-B2,3,"(1, 1, 16, 302)","(16, 302)","raw_attn interpreted as [batch, heads, prototype_query, low_patch_source]",average_attn_weights=False not supported by current attention module; using module-specific return format.,0.9999998807907104,1.0000001192092896,0.6678671693799498,0.9979047241695317,0.9999831424412278,0.0625,0.9222222222222222,0.9516666666666668,0.0,0.0
2470405-B2,3,"(1, 1, 16, 253)","(16, 253)","raw_attn interpreted as [batch, heads, prototype_query, low_patch_source]",average_attn_weights=False not supported by current attention module; using module-specific return format.,0.9999998807907104,1.0,0.7194287799042146,0.9981949104298877,0.9999675566923326,0.125,1.0,0.9533333333333334,8523.838984870608,0.0
2471887-B,3,"(1, 1, 16, 223)","(16, 223)","raw_attn interpreted as [batch, heads, prototype_query, low_patch_source]",average_attn_weights=False not supported by current attention module; using module-specific return format.,0.9999998211860657,1.0000001192092896,0.7414329548755428,0.9980447587484096,0.9999463575074922,0.0625,0.9583333333333334,0.9083333333333333,0.0,0.0
2472500-B2,3,"(1, 1, 16, 141)","(16, 141)","raw_attn interpreted as [batch, heads, prototype_query, low_patch_source]",average_attn_weights=False not supported by current attention module; using module-specific return format.,0.9999998807907104,1.0000001192092896,0.7210682091846446,0.9987231615920984,0.9999805256597054,0.125,1.0,0.9349999999999999,8087.062184826453,0.0
2472505-B,3,"(1, 1, 16, 112)","(16, 112)","raw_attn interpreted as [batch, heads, prototype_query, low_patch_source]",average_attn_weights=False not supported by current attention module; using module-specific return format.,0.9999998807907104,1.0000001192092896,0.7256449359150388,0.9987009030116931,0.9999793182665293,0.125,1.0,1.0,3822.9333333333334,0.0
2472509-B6,3,"(1, 1, 16, 461)","(16, 461)","raw_attn interpreted as [batch, heads, prototype_query, low_patch_source]",average_attn_weights=False not supported by current attention module; using module-specific return format.,0.9999998807907104,1.000000238418579,0.681927326179513,0.9978808434046678,0.9999695307964073,0.0625,0.8555555555555555,0.9533333333333334,0.0,0.0
2474500-B2,3,"(1, 1, 16, 257)","(16, 257)","raw_attn interpreted as [batch, heads, prototype_query, low_patch_source]",average_attn_weights=False not supported by current attention module; using module-specific return format.,0.9999998807907104,1.0000001192092896,0.721113851391884,0.9981269581486537,0.9999640013502369,0.0625,0.8916666666666665,0.9266666666666669,0.0,0.0
2474612-B2,3,"(1, 1, 16, 268)","(16, 268)","raw_attn interpreted as [batch, heads, prototype_query, low_patch_source]",average_attn_weights=False not supported by current attention module; using module-specific return format.,0.9999999403953552,1.0000001192092896,0.7154534587815079,0.9979630755575841,0.9999666211517514,0.125,0.9583333333333334,0.9316666666666666,955.7333333333333,0.0
2474631-B3,3,"(1, 1, 16, 293)","(16, 293)","raw_attn interpreted as [batch, heads, prototype_query, low_patch_source]",average_attn_weights=False not supported by current attention module; using module-specific return format.,0.9999999403953552,1.0000001192092896,0.7628420277961724,0.9983089552845066,0.9999228363787608,0.125,0.9583333333333334,0.8833333333333334,7232.372103950404,0.0
2474721-B,3,"(1, 1, 16, 309)","(16, 309)","raw_attn interpreted as [batch, heads, prototype_query, low_patch_source]",average_attn_weights=False not supported by current attention module; using module-specific return format.,0.9999998807907104,1.0000001192092896,0.8078275157344434,0.9979665521735269,0.9999308968971231,0.0625,0.8666666666666667,0.975,0.0,0.0
2474901-B,3,"(1, 1, 16, 250)","(16, 250)","raw_attn interpreted as [batch, heads, prototype_query, low_patch_source]",average_attn_weights=False not supported by current attention module; using module-specific return format.,0.9999998807907104,1.0000001192092896,0.7501955175871682,0.9976870273831521,0.9999574065535717,0.0625,0.85,0.9500000000000001,0.0,0.0
2475184-B2,3,"(1, 1, 16, 243)","(16, 243)","raw_attn interpreted as [batch, heads, prototype_query, low_patch_source]",average_attn_weights=False not supported by current attention module; using module-specific return format.,0.9999998807907104,1.0000001192092896,0.6361006920096931,0.9986302214155522,0.9999966268497602,0.0625,1.0,0.9150000000000001,0.0,0.0
2476750-B,3,"(1, 1, 16, 320)","(16, 320)","raw_attn interpreted as [batch, heads, prototype_query, low_patch_source]",average_attn_weights=False not supported by current attention module; using module-specific return format.,0.9999998807907104,1.000000238418579,0.6286851177099062,0.9984811496374566,0.9999971697290815,0.0625,0.8472222222222221,0.8883333333333333,0.0,0.0
2476984-B2,3,"(1, 1, 16, 79)","(16, 79)","raw_attn interpreted as [batch, heads, prototype_query, low_patch_source]",average_attn_weights=False not supported by current attention module; using module-specific return format.,0.9999998807907104,1.0000001192092896,0.8076572332484531,0.99875926838543,0.9999647317032233,0.0625,0.8055555555555555,0.9016666666666667,0.0,0.0
2477058-B2,3,"(1, 1, 16, 224)","(16, 224)","raw_attn interpreted as [batch, heads, prototype_query, low_patch_source]",average_attn_weights=False not supported by current attention module; using module-specific return format.,0.9999998807907104,1.0000001192092896,0.6450553134690049,0.998412289176953,0.9999950663073227,0.0625,0.9583333333333334,1.0,0.0,0.0
2477118-B3,3,"(1, 1, 16, 221)","(16, 221)","raw_attn interpreted as [batch, heads, prototype_query, low_patch_source]",average_attn_weights=False not supported by current attention module; using module-specific return format.,0.9999998807907104,1.0000001192092896,0.7311657234541032,0.9979830333523685,0.9999691367685082,0.0625,1.0,0.95,0.0,0.0
2477118-B4,3,"(1, 1, 16, 167)","(16, 167)","raw_attn interpreted as [batch, heads, prototype_query, low_patch_source]",average_attn_weights=False not supported by current attention module; using module-specific return format.,0.9999998211860657,1.0000001192092896,0.7684118754022623,0.9985041783661716,0.9999347251556169,0.1875,1.0,0.9016666666666668,3924.758000762237,0.0
2477476-B2,3,"(1, 1, 16, 313)","(16, 313)","raw_attn interpreted as [batch, heads, prototype_query, low_patch_source]",average_attn_weights=False not supported by current attention module; using module-specific return format.,0.9999999403953552,1.0,0.734435918178245,0.9974540946271988,0.9999471621757378,0.0625,0.9583333333333334,0.8033333333333332,0.0,0.0
2477695-B2,3,"(1, 1, 16, 305)","(16, 305)","raw_attn interpreted as [batch, heads, prototype_query, low_patch_source]",average_attn_weights=False not supported by current attention module; using module-specific return format.,0.9999998807907104,1.0000001192092896,0.6715344926511028,0.9976612076225813,0.9999888877553983,0.0625,0.886111111111111,0.9516666666666668,0.0,0.0
2477814-B5,3,"(1, 1, 16, 143)","(16, 143)","raw_attn interpreted as [batch, heads, prototype_query, low_patch_source]",average_attn_weights=False not supported by current attention module; using module-specific return format.,0.9999998807907104,1.0000001192092896,0.7456680727564976,0.9983893415559597,0.9999874862071093,0.125,0.9194444444444443,1.0,4300.8,8192.0
2481696-B4,3,"(1, 1, 16, 181)","(16, 181)","raw_attn interpreted as [batch, heads, prototype_query, low_patch_source]",average_attn_weights=False not supported by current attention module; using module-specific return format.,0.9999998807907104,1.000000238418579,0.6977909212350217,0.9979912047728611,0.999981379298473,0.0625,0.886111111111111,0.92,0.0,0.0
2481750-B2,3,"(1, 1, 16, 248)","(16, 248)","raw_attn interpreted as [batch, heads, prototype_query, low_patch_source]",average_attn_weights=False not supported by current attention module; using module-specific return format.,0.9999998807907104,1.0000001192092896,0.7871959894344636,0.9985788073065482,0.9999565475156381,0.125,0.9194444444444444,0.9083333333333334,1846.0422530375624,0.0
2482056-B9,3,"(1, 1, 16, 187)","(16, 187)","raw_attn interpreted as [batch, heads, prototype_query, low_patch_source]",average_attn_weights=False not supported by current attention module; using module-specific return format.,0.9999998807907104,1.0000001192092896,0.700411504650274,0.9983643519670953,0.9999806024737824,0.0625,1.0,0.9750000000000001,0.0,0.0
2482947-B2,3,"(1, 1, 16, 148)","(16, 148)","raw_attn interpreted as [batch, heads, prototype_query, low_patch_source]",average_attn_weights=False not supported by current attention module; using module-specific return format.,0.9999999403953552,1.0000001192092896,0.7754943298327691,0.9985444895610913,0.9999368277380472,0.125,1.0,0.9083333333333333,1448.1546878700494,0.0
2482956-B,3,"(1, 1, 16, 100)","(16, 100)","raw_attn interpreted as [batch, heads, prototype_query, low_patch_source]",average_attn_weights=False not supported by current attention module; using module-specific return format.,0.9999998807907104,1.0000001192092896,0.7773767564238618,0.9981538369143154,0.999948397927004,0.0625,0.9583333333333334,0.9316666666666668,0.0,0.0
2482992-B,3,"(1, 1, 16, 235)","(16, 235)","raw_attn interpreted as [batch, heads, prototype_query, low_patch_source]",average_attn_weights=False not supported by current attention module; using module-specific return format.,0.9999998807907104,1.0000001192092896,0.7495746020172633,0.9979669069014545,0.9999690247493371,0.125,1.0,0.8866666666666667,16807.017518617366,0.0
2483363-B3,3,"(1, 1, 16, 349)","(16, 349)","raw_attn interpreted as [batch, heads, prototype_query, low_patch_source]",average_attn_weights=False not supported by current attention module; using module-specific return format.,0.9999998807907104,1.0000001192092896,0.7144723932806443,0.9985486619561794,0.9999446699953334,0.1875,0.8666666666666667,0.935,16895.632568018507,0.0
2483862-B2,3,"(1, 1, 16, 198)","(16, 198)","raw_attn interpreted as [batch, heads, prototype_query, low_patch_source]",average_attn_weights=False not supported by current attention module; using module-specific return format.,0.9999997615814209,1.0000001192092896,0.6686056007347708,0.9983245325536567,0.9999877196111976,0.0625,1.0,0.9516666666666667,0.0,0.0
2484209-B2,3,"(1, 1, 16, 393)","(16, 393)","raw_attn interpreted as [batch, heads, prototype_query, low_patch_source]",average_attn_weights=False not supported by current attention module; using module-specific return format.,0.9999998807907104,1.0000001192092896,0.7001557892682463,0.99832219682194,0.9999734769284655,0.0625,1.0,1.0,0.0,0.0
2484220-B3,3,"(1, 1, 16, 378)","(16, 378)","raw_attn interpreted as [batch, heads, prototype_query, low_patch_source]",average_attn_weights=False not supported by current attention module; using module-specific return format.,0.9999998807907104,1.0,0.7020158430712174,0.9971939743970777,0.9999853976653678,0.0625,0.8555555555555555,0.9349999999999999,0.0,0.0
2484228-B,3,"(1, 1, 16, 467)","(16, 467)","raw_attn interpreted as [batch, heads, prototype_query, low_patch_source]",average_attn_weights=False not supported by current attention module; using module-specific return format.,0.9999999403953552,1.0000001192092896,0.7484693826293888,0.9981663246716489,0.9999261334274723,0.0625,0.9583333333333334,0.8716666666666668,0.0,0.0
2484301-B2,3,"(1, 1, 16, 254)","(16, 254)","raw_attn interpreted as [batch, heads, prototype_query, low_patch_source]",average_attn_weights=False not supported by current attention module; using module-specific return format.,0.9999998807907104,1.000000238418579,0.7498036911898431,0.9978485648663672,0.9999699329217985,0.0625,0.6972222222222222,0.8816666666666667,0.0,0.0
2484463-B2,3,"(1, 1, 16, 219)","(16, 219)","raw_attn interpreted as [batch, heads, prototype_query, low_patch_source]",average_attn_weights=False not supported by current attention module; using module-specific return format.,0.9999998807907104,1.0000001192092896,0.6965268624520073,0.9983937463404741,0.9999762213621883,0.0625,1.0,0.93,0.0,0.0
2484883-B2,3,"(1, 1, 16, 258)","(16, 258)","raw_attn interpreted as [batch, heads, prototype_query, low_patch_source]",average_attn_weights=False not supported by current attention module; using module-specific return format.,0.9999999403953552,1.0,0.7195445984378342,0.9980893029613143,0.9999364545676381,0.0625,0.7916666666666665,0.9516666666666668,0.0,0.0
2485059-B2,3,"(1, 1, 16, 265)","(16, 265)","raw_attn interpreted as [batch, heads, prototype_query, low_patch_source]",average_attn_weights=False not supported by current attention module; using module-specific return format.,0.9999998807907104,1.0000001192092896,0.7201923477023595,0.9981173499541774,0.999960851350335,0.0625,1.0,0.9083333333333333,0.0,0.0
2485635-B2,3,"(1, 1, 16, 253)","(16, 253)","raw_attn interpreted as [batch, heads, prototype_query, low_patch_source]",average_attn_weights=False not supported by current attention module; using module-specific return format.,0.9999998807907104,1.0000001192092896,0.7594693062318922,0.998113164083086,0.999955254029626,0.0625,0.8472222222222221,0.8783333333333335,0.0,0.0
2485803-B2,3,"(1, 1, 16, 519)","(16, 519)","raw_attn interpreted as [batch, heads, prototype_query, low_patch_source]",average_attn_weights=False not supported by current attention module; using module-specific return format.,0.9999998807907104,1.000000238418579,0.6122015720223407,0.9981550386597514,0.9999971511400927,0.0625,1.0,0.975,0.0,0.0
2486197-B2,3,"(1, 1, 16, 256)","(16, 256)","raw_attn interpreted as [batch, heads, prototype_query, low_patch_source]",average_attn_weights=False not supported by current attention module; using module-specific return format.,0.9999999403953552,1.0000001192092896,0.7625786300600359,0.9982517770857566,0.9999160595088327,0.1875,1.0,0.8066666666666668,12048.716242490093,0.0
2487143-B,3,"(1, 1, 16, 204)","(16, 204)","raw_attn interpreted as [batch, heads, prototype_query, low_patch_source]",average_attn_weights=False not supported by current attention module; using module-specific return format.,0.9999997615814209,1.0000001192092896,0.6457993440003665,0.9986096652344503,0.9999965667045827,0.0625,1.0,0.9750000000000001,0.0,0.0
2487651-B,3,"(1, 1, 16, 160)","(16, 160)","raw_attn interpreted as [batch, heads, prototype_query, low_patch_source]",average_attn_weights=False not supported by current attention module; using module-specific return format.,0.9999998807907104,1.0,0.7498264048239919,0.9975191908050534,0.9999804268243508,0.0625,0.9583333333333334,0.8,0.0,0.0
2487664-B2,3,"(1, 1, 16, 126)","(16, 126)","raw_attn interpreted as [batch, heads, prototype_query, low_patch_source]",average_attn_weights=False not supported by current attention module; using module-specific return format.,0.9999998807907104,1.0000001192092896,0.7230251612309649,0.9977308045149993,0.9999764858433248,0.0625,0.8916666666666667,0.8883333333333335,0.0,0.0
2487896-B2,3,"(1, 1, 16, 198)","(16, 198)","raw_attn interpreted as [batch, heads, prototype_query, low_patch_source]",average_attn_weights=False not supported by current attention module; using module-specific return format.,0.9999998807907104,1.0000001192092896,0.6748556491443298,0.9985822320916591,0.9999836404579744,0.125,0.8833333333333333,0.8316666666666666,7066.641610853771,0.0
2487941-B2,3,"(1, 1, 16, 126)","(16, 126)","raw_attn interpreted as [batch, heads, prototype_query, low_patch_source]",average_attn_weights=False not supported by current attention module; using module-specific return format.,0.9999998807907104,1.0000001192092896,0.7264327880896445,0.9986100401945874,0.9999805395691986,0.125,0.9583333333333334,0.8716666666666668,24823.836050256214,24823.836050256214
2488044-B2,3,"(1, 1, 16, 298)","(16, 298)","raw_attn interpreted as [batch, heads, prototype_query, low_patch_source]",average_attn_weights=False not supported by current attention module; using module-specific return format.,0.9999998807907104,1.0,0.7203371066151277,0.9978921364049774,0.9999493868469762,0.1875,0.8111111111111112,0.92,19971.525032907106,0.0
2488477-B2,3,"(1, 1, 16, 159)","(16, 159)","raw_attn interpreted as [batch, heads, prototype_query, low_patch_source]",average_attn_weights=False not supported by current attention module; using module-specific return format.,0.9999998807907104,1.0000001192092896,0.745903856575245,0.9982010647689051,0.9999462543180885,0.0625,0.8277777777777776,0.8166666666666667,0.0,0.0
2488806-B2,3,"(1, 1, 16, 311)","(16, 311)","raw_attn interpreted as [batch, heads, prototype_query, low_patch_source]",average_attn_weights=False not supported by current attention module; using module-specific return format.,0.9999999403953552,1.0000001192092896,0.7438217724168198,0.9977073580028905,0.9999511383395026,0.0625,1.0,0.8733333333333334,0.0,0.0
2488916-B2,3,"(1, 1, 16, 463)","(16, 463)","raw_attn interpreted as [batch, heads, prototype_query, low_patch_source]",average_attn_weights=False not supported by current attention module; using module-specific return format.,0.9999998807907104,1.0,0.7062244462796682,0.9979262370204074,0.9999641855946979,0.125,0.9583333333333334,0.9150000000000001,33928.04996079735,0.0
25012148B4,3,"(1, 1, 16, 280)","(16, 280)","raw_attn interpreted as [batch, heads, prototype_query, low_patch_source]",average_attn_weights=False not supported by current attention module; using module-specific return format.,0.9999998807907104,1.0,0.7293113459617452,0.998241972883358,0.9999786086015681,0.1875,0.8805555555555554,1.0,3976.804871504456,0.0
25012170B4,3,"(1, 1, 16, 202)","(16, 202)","raw_attn interpreted as [batch, heads, prototype_query, low_patch_source]",average_attn_weights=False not supported by current attention module; using module-specific return format.,0.9999999403953552,1.0000001192092896,0.7198590775766713,0.9981741482246591,0.9999514723668766,0.125,0.886111111111111,1.0,1144.8668044798926,0.0
25012170B5,3,"(1, 1, 16, 271)","(16, 271)","raw_attn interpreted as [batch, heads, prototype_query, low_patch_source]",average_attn_weights=False not supported by current attention module; using module-specific return format.,0.9999997615814209,1.0000001192092896,0.7342148258650278,0.9978818350559923,0.9999439214414787,0.125,0.8472222222222221,0.9150000000000001,512.0,0.0
25012919B8,3,"(1, 1, 16, 210)","(16, 210)","raw_attn interpreted as [batch, heads, prototype_query, low_patch_source]",average_attn_weights=False not supported by current attention module; using module-specific return format.,0.9999998807907104,1.0000001192092896,0.8121994719584725,0.9981689917969738,0.9998901502833757,0.125,0.8805555555555554,0.76,1638.4,0.0
25014160B2,3,"(1, 1, 16, 168)","(16, 168)","raw_attn interpreted as [batch, heads, prototype_query, low_patch_source]",average_attn_weights=False not supported by current attention module; using module-specific return format.,0.9999998807907104,1.0000001192092896,0.7189337887706322,0.9983738730637294,0.9999723503135834,0.125,0.8916666666666667,0.8933333333333334,21981.63610860463,0.0
25015811B4,3,"(1, 1, 16, 278)","(16, 278)","raw_attn interpreted as [batch, heads, prototype_query, low_patch_source]",average_attn_weights=False not supported by current attention module; using module-specific return format.,0.9999998807907104,1.0000001192092896,0.6656464617353062,0.9984900424365649,0.9999850110029578,0.0625,1.0,1.0,0.0,0.0
25016077B2,3,"(1, 1, 16, 127)","(16, 127)","raw_attn interpreted as [batch, heads, prototype_query, low_patch_source]",average_attn_weights=False not supported by current attention module; using module-specific return format.,0.9999998211860657,1.0000001192092896,0.746686972447636,0.9977885144875613,0.9999775691852804,0.0625,0.9194444444444445,0.9516666666666668,0.0,0.0
25016088B2,3,"(1, 1, 16, 228)","(16, 228)","raw_attn interpreted as [batch, heads, prototype_query, low_patch_source]",average_attn_weights=False not supported by current attention module; using module-specific return format.,0.9999998807907104,1.0,0.688106398615302,0.9985697813913812,0.9999793436997882,0.0625,1.0,0.9350000000000002,0.0,0.0
25016785B2,3,"(1, 1, 16, 420)","(16, 420)","raw_attn interpreted as [batch, heads, prototype_query, low_patch_source]",average_attn_weights=False not supported by current attention module; using module-specific return format.,0.9999998211860657,1.0,0.7823866422215178,0.9983463492500713,0.9998733706155847,0.25,0.7499999999999999,0.9266666666666666,36868.07067478113,52454.393753049895
25016903B4,3,"(1, 1, 16, 274)","(16, 274)","raw_attn interpreted as [batch, heads, prototype_query, low_patch_source]",average_attn_weights=False not supported by current attention module; using module-specific return format.,0.9999999403953552,1.0000001192092896,0.6896951510317311,0.9971809644211956,0.9999822464418101,0.0625,0.8666666666666667,0.9750000000000001,0.0,0.0
25016905B4,3,"(1, 1, 16, 165)","(16, 165)","raw_attn interpreted as [batch, heads, prototype_query, low_patch_source]",average_attn_weights=False not supported by current attention module; using module-specific return format.,0.9999998807907104,1.0000001192092896,0.7599008888917128,0.9982534259083362,0.9999598301552192,0.0625,0.9583333333333334,0.9750000000000001,0.0,0.0
25016926B2,3,"(1, 1, 16, 292)","(16, 292)","raw_attn interpreted as [batch, heads, prototype_query, low_patch_source]",average_attn_weights=False not supported by current attention module; using module-specific return format.,0.9999998807907104,1.0000001192092896,0.7451206229594812,0.9983863706115543,0.9999410817741864,0.0625,0.8916666666666665,0.9150000000000001,0.0,0.0
25017218B3,3,"(1, 1, 16, 157)","(16, 157)","raw_attn interpreted as [batch, heads, prototype_query, low_patch_source]",average_attn_weights=False not supported by current attention module; using module-specific return format.,0.9999998211860657,1.000000238418579,0.6833426700539462,0.9981838925844793,0.999977691520736,0.0625,1.0,0.8983333333333334,0.0,0.0
25017220B2,3,"(1, 1, 16, 259)","(16, 259)","raw_attn interpreted as [batch, heads, prototype_query, low_patch_source]",average_attn_weights=False not supported by current attention module; using module-specific return format.,0.9999999403953552,1.0000001192092896,0.6748874735918879,0.9986122447670056,0.9999564902761408,0.0625,0.9583333333333334,0.92,0.0,0.0
25017515B2,3,"(1, 1, 16, 412)","(16, 412)","raw_attn interpreted as [batch, heads, prototype_query, low_patch_source]",average_attn_weights=False not supported by current attention module; using module-specific return format.,0.9999999403953552,1.0000001192092896,0.6691459439161186,0.9979779061240425,0.9999760648297735,0.0625,1.0,0.9283333333333332,0.0,0.0
25017539B3,3,"(1, 1, 16, 333)","(16, 333)","raw_attn interpreted as [batch, heads, prototype_query, low_patch_source]",average_attn_weights=False not supported by current attention module; using module-specific return format.,0.9999999403953552,1.0000001192092896,0.6774320726539834,0.9976801473810946,0.999985781783668,0.125,1.0,1.0,16632.646867097115,0.0
25017716B2,3,"(1, 1, 16, 218)","(16, 218)","raw_attn interpreted as [batch, heads, prototype_query, low_patch_source]",average_attn_weights=False not supported by current attention module; using module-specific return format.,0.9999998807907104,1.0000001192092896,0.7543618928408542,0.9982314282102627,0.9999522496296127,0.125,0.8666666666666667,0.92,2896.309375740099,0.0
25017718B2,3,"(1, 1, 16, 214)","(16, 214)","raw_attn interpreted as [batch, heads, prototype_query, low_patch_source]",average_attn_weights=False not supported by current attention module; using module-specific return format.,0.9999998211860657,1.0000003576278687,0.614714772021681,0.9989731443658285,0.9999996997788546,0.0625,0.9194444444444443,0.8683333333333335,0.0,0.0
25019102B4,3,"(1, 1, 16, 312)","(16, 312)","raw_attn interpreted as [batch, heads, prototype_query, low_patch_source]",average_attn_weights=False not supported by current attention module; using module-specific return format.,0.9999998211860657,1.000000238418579,0.7083707527538347,0.9978039641298186,0.9999689031195096,0.0625,0.9583333333333334,0.9016666666666668,0.0,0.0
25019376B2,3,"(1, 1, 16, 412)","(16, 412)","raw_attn interpreted as [batch, heads, prototype_query, low_patch_source]",average_attn_weights=False not supported by current attention module; using module-specific return format.,0.9999998807907104,1.0000001192092896,0.7020871959883233,0.9978316901215567,0.9999603181943622,0.0625,1.0,0.9533333333333334,0.0,0.0
25019468B2,3,"(1, 1, 16, 185)","(16, 185)","raw_attn interpreted as [batch, heads, prototype_query, low_patch_source]",average_attn_weights=False not supported by current attention module; using module-specific return format.,0.9999998807907104,1.0,0.7630571505425553,0.9986370042964647,0.9999370735702825,0.0625,0.85,0.9266666666666666,0.0,0.0
25019773B3,3,"(1, 1, 16, 139)","(16, 139)","raw_attn interpreted as [batch, heads, prototype_query, low_patch_source]",average_attn_weights=False not supported by current attention module; using module-specific return format.,0.9999999403953552,1.0,0.6930070470451132,0.9984017258896292,0.9999790340606362,0.0625,0.8916666666666667,0.8850000000000001,0.0,0.0
25019806B2,3,"(1, 1, 16, 220)","(16, 220)","raw_attn interpreted as [batch, heads, prototype_query, low_patch_source]",average_attn_weights=False not supported by current attention module; using module-specific return format.,0.9999998807907104,1.0000001192092896,0.6906158651576447,0.9982849451548352,0.999989219574885,0.0625,0.7166666666666667,0.8683333333333333,0.0,0.0
25020291B2,3,"(1, 1, 16, 159)","(16, 159)","raw_attn interpreted as [batch, heads, prototype_query, low_patch_source]",average_attn_weights=False not supported by current attention module; using module-specific return format.,0.9999998807907104,1.0000001192092896,0.7350627013380914,0.9978840252294829,0.9999607267727451,0.125,0.8083333333333333,0.8233333333333335,3434.600413439677,0.0
25020717B2,3,"(1, 1, 16, 219)","(16, 219)","raw_attn interpreted as [batch, heads, prototype_query, low_patch_source]",average_attn_weights=False not supported by current attention module; using module-specific return format.,0.9999998807907104,1.0,0.7244767022042388,0.9979669248114817,0.999948353437739,0.0625,0.8472222222222221,0.8783333333333334,0.0,0.0
25020760B3,3,"(1, 1, 16, 319)","(16, 319)","raw_attn interpreted as [batch, heads, prototype_query, low_patch_source]",average_attn_weights=False not supported by current attention module; using module-specific return format.,0.9999998211860657,1.0000001192092896,0.6802739776365511,0.9983393987537028,0.9999753444293279,0.0625,1.0,0.9516666666666665,0.0,0.0
25021893B2,3,"(1, 1, 16, 317)","(16, 317)","raw_attn interpreted as [batch, heads, prototype_query, low_patch_source]",average_attn_weights=False not supported by current attention module; using module-specific return format.,0.9999998211860657,1.0000001192092896,0.7169750963111967,0.9982854911227842,0.9999694606841153,0.0625,0.8583333333333332,0.9100000000000001,0.0,0.0
25021894B2,3,"(1, 1, 16, 250)","(16, 250)","raw_attn interpreted as [batch, heads, prototype_query, low_patch_source]",average_attn_weights=False not supported by current attention module; using module-specific return format.,0.9999998807907104,1.0000001192092896,0.781266990371977,0.9981057607346423,0.9999288089692867,0.0625,0.886111111111111,0.8833333333333333,0.0,0.0
25022343B3,3,"(1, 1, 16, 268)","(16, 268)","raw_attn interpreted as [batch, heads, prototype_query, low_patch_source]",average_attn_weights=False not supported by current attention module; using module-specific return format.,0.9999998807907104,1.0000001192092896,0.6921347428040604,0.9979243153159909,0.9999617296379815,0.0625,0.8666666666666667,1.0,0.0,0.0
25023869B3,3,"(1, 1, 16, 136)","(16, 136)","raw_attn interpreted as [batch, heads, prototype_query, low_patch_source]",average_attn_weights=False not supported by current attention module; using module-specific return format.,0.9999998807907104,1.0000001192092896,0.7471081973276621,0.9982809787622551,0.9999001366983417,0.1875,0.8166666666666667,0.8866666666666668,20258.10380826299,0.0
25024142B2,3,"(1, 1, 16, 131)","(16, 131)","raw_attn interpreted as [batch, heads, prototype_query, low_patch_source]",average_attn_weights=False not supported by current attention module; using module-specific return format.,0.9999998807907104,1.0000001192092896,0.7419884730680439,0.9984157202105601,0.9999733299246031,0.1875,1.0,0.9316666666666668,8838.040725826932,0.0
25024698B4,3,"(1, 1, 16, 311)","(16, 311)","raw_attn interpreted as [batch, heads, prototype_query, low_patch_source]",average_attn_weights=False not supported by current attention module; using module-specific return format.,0.9999998807907104,1.000000238418579,0.7354979338529758,0.9984458252403188,0.9999518095055547,0.125,0.9194444444444443,0.7866666666666667,6516.704710300292,0.0
25024878B3,3,"(1, 1, 16, 324)","(16, 324)","raw_attn interpreted as [batch, heads, prototype_query, low_patch_source]",average_attn_weights=False not supported by current attention module; using module-specific return format.,0.9999998807907104,1.0000001192092896,0.708690806038709,0.9981464500026871,0.9999555744047959,0.1875,0.9583333333333334,0.9316666666666668,14903.359575445891,0.0
25024982B2,3,"(1, 1, 16, 261)","(16, 261)","raw_attn interpreted as [batch, heads, prototype_query, low_patch_source]",average_attn_weights=False not supported by current attention module; using module-specific return format.,0.9999998807907104,1.0,0.7016537047076319,0.9985687217685981,0.9999738246374944,0.125,1.0,0.975,4873.302916457744,0.0
25025096B2,3,"(1, 1, 16, 330)","(16, 330)","raw_attn interpreted as [batch, heads, prototype_query, low_patch_source]",average_attn_weights=False not supported by current attention module; using module-specific return format.,0.9999999403953552,1.0000001192092896,0.7034458443421376,0.9977231313689414,0.9999604146075142,0.0625,1.0,0.8283333333333334,0.0,0.0
25025102B2,3,"(1, 1, 16, 401)","(16, 401)","raw_attn interpreted as [batch, heads, prototype_query, low_patch_source]",average_attn_weights=False not supported by current attention module; using module-specific return format.,0.9999998807907104,1.0000001192092896,0.6560374096580668,0.9980423705102283,0.9999872026959222,0.125,0.8916666666666667,1.0,1619.0861620062103,0.0
25025509B2,3,"(1, 1, 16, 229)","(16, 229)","raw_attn interpreted as [batch, heads, prototype_query, low_patch_source]",average_attn_weights=False not supported by current attention module; using module-specific return format.,0.9999998807907104,1.0000001192092896,0.7192733608735966,0.9984479736765539,0.9999600842593245,0.0625,0.8333333333333334,0.9316666666666668,0.0,0.0
25025567B3,3,"(1, 1, 16, 287)","(16, 287)","raw_attn interpreted as [batch, heads, prototype_query, low_patch_source]",average_attn_weights=False not supported by current attention module; using module-specific return format.,0.9999998807907104,1.0000001192092896,0.6707992874374806,0.9977046536053586,0.9999917275477299,0.0625,0.9194444444444444,1.0,0.0,0.0
25025570B2,3,"(1, 1, 16, 422)","(16, 422)","raw_attn interpreted as [batch, heads, prototype_query, low_patch_source]",average_attn_weights=False not supported by current attention module; using module-specific return format.,0.9999998807907104,1.0,0.6967912183275874,0.9980050922382204,0.9999727542749035,0.125,1.0,0.9150000000000001,512.0,0.0
25025788B2,3,"(1, 1, 16, 445)","(16, 445)","raw_attn interpreted as [batch, heads, prototype_query, low_patch_source]",average_attn_weights=False not supported by current attention module; using module-specific return format.,0.9999998807907104,1.000000238418579,0.7493561296498019,0.9978358154596294,0.9999384324843661,0.0625,0.7444444444444446,0.8666666666666667,0.0,0.0
25025953B2,3,"(1, 1, 16, 410)","(16, 410)","raw_attn interpreted as [batch, heads, prototype_query, low_patch_source]",average_attn_weights=False not supported by current attention module; using module-specific return format.,0.9999998807907104,1.0000001192092896,0.6478900661404484,0.9987457280915326,0.9999758889827972,0.0625,1.0,0.8983333333333334,0.0,0.0
25026075B2,3,"(1, 1, 16, 196)","(16, 196)","raw_attn interpreted as [batch, heads, prototype_query, low_patch_source]",average_attn_weights=False not supported by current attention module; using module-specific return format.,0.9999998807907104,1.0000001192092896,0.7174448481182217,0.9983051919258524,0.9999923550911591,0.125,0.8916666666666665,1.0,1619.0861620062103,0.0
25026291B2,3,"(1, 1, 16, 450)","(16, 450)","raw_attn interpreted as [batch, heads, prototype_query, low_patch_source]",average_attn_weights=False not supported by current attention module; using module-specific return format.,0.9999998807907104,1.0000001192092896,0.7364873354398912,0.9980840891345208,0.9999458660128138,0.1875,0.7777777777777778,0.8633333333333334,7162.05739068905,0.0
25026669B2,3,"(1, 1, 16, 233)","(16, 233)","raw_attn interpreted as [batch, heads, prototype_query, low_patch_source]",average_attn_weights=False not supported by current attention module; using module-specific return format.,0.9999998807907104,1.0000001192092896,0.685583835324794,0.99840228185376,0.9999764714686586,0.125,0.9583333333333334,1.0,512.0,0.0
25018584B,3,"(1, 1, 16, 246)","(16, 246)","raw_attn interpreted as [batch, heads, prototype_query, low_patch_source]",average_attn_weights=False not supported by current attention module; using module-specific return format.,0.9999998807907104,1.0000001192092896,0.7141151174214658,0.9981848378861207,0.9999750744747457,0.1875,0.9194444444444444,0.9350000000000002,17359.813521245196,0.0
25018592B,3,"(1, 1, 16, 98)","(16, 98)","raw_attn interpreted as [batch, heads, prototype_query, low_patch_source]",average_attn_weights=False not supported by current attention module; using module-specific return format.,0.9999998211860657,1.0000001192092896,0.7129788021106714,0.9981097026758465,0.999992961789124,0.0625,1.0,0.975,0.0,0.0
2490844B1,3,"(1, 1, 16, 265)","(16, 265)","raw_attn interpreted as [batch, heads, prototype_query, low_patch_source]",average_attn_weights=False not supported by current attention module; using module-specific return format.,0.9999998807907104,1.0000001192092896,0.7302845022665134,0.998441460387767,0.9999580821198686,0.125,1.0,0.95,18176.757048494652,0.0
2491191B2,3,"(1, 1, 16, 223)","(16, 223)","raw_attn interpreted as [batch, heads, prototype_query, low_patch_source]",average_attn_weights=False not supported by current attention module; using module-specific return format.,0.9999999403953552,1.0000001192092896,0.7892950445425734,0.9982806659724868,0.9999658186108795,0.0625,0.9583333333333334,0.9750000000000001,0.0,0.0
25001966B2,3,"(1, 1, 16, 259)","(16, 259)","raw_attn interpreted as [batch, heads, prototype_query, low_patch_source]",average_attn_weights=False not supported by current attention module; using module-specific return format.,0.9999998807907104,1.0000001192092896,0.7478339205278265,0.9984785031930727,0.9999693414979486,0.0625,0.8472222222222221,0.8166666666666665,0.0,0.0
25002366B6,3,"(1, 1, 16, 246)","(16, 246)","raw_attn interpreted as [batch, heads, prototype_query, low_patch_source]",average_attn_weights=False not supported by current attention module; using module-specific return format.,0.9999998807907104,1.0000001192092896,0.7308065086887368,0.9981219617368633,0.9999656388845418,0.0625,0.8527777777777777,0.9150000000000001,0.0,0.0
25002388B2,3,"(1, 1, 16, 109)","(16, 109)","raw_attn interpreted as [batch, heads, prototype_query, low_patch_source]",average_attn_weights=False not supported by current attention module; using module-specific return format.,0.9999998807907104,1.0000001192092896,0.7764609457307465,0.9988209652576342,0.9999623586050355,0.1875,0.9194444444444444,0.975,12294.470855917525,0.0
25002496B2,3,"(1, 1, 16, 109)","(16, 109)","raw_attn interpreted as [batch, heads, prototype_query, low_patch_source]",average_attn_weights=False not supported by current attention module; using module-specific return format.,0.9999998807907104,1.0000001192092896,0.7912444593662904,0.9987237344812014,0.9999539926491874,0.125,0.9194444444444445,0.9133333333333336,1638.4,0.0
25002744B2,3,"(1, 1, 16, 195)","(16, 195)","raw_attn interpreted as [batch, heads, prototype_query, low_patch_source]",average_attn_weights=False not supported by current attention module; using module-specific return format.,0.9999998807907104,1.0000001192092896,0.7193407480470831,0.998636997915779,0.999971141094799,0.0625,0.9222222222222222,0.9533333333333334,0.0,0.0
25002801B1,3,"(1, 1, 16, 168)","(16, 168)","raw_attn interpreted as [batch, heads, prototype_query, low_patch_source]",average_attn_weights=False not supported by current attention module; using module-specific return format.,0.9999999403953552,1.0000001192092896,0.7586224752115537,0.9989175381041124,0.9999568640300593,0.125,1.0,0.8783333333333334,3276.8,0.0
25009294B2,3,"(1, 1, 16, 210)","(16, 210)","raw_attn interpreted as [batch, heads, prototype_query, low_patch_source]",average_attn_weights=False not supported by current attention module; using module-specific return format.,0.9999998807907104,1.0000001192092896,0.7852943887719939,0.9983715818227588,0.9999210164201601,0.0625,0.7361111111111109,0.7999999999999999,0.0,0.0
25009367B2,3,"(1, 1, 16, 252)","(16, 252)","raw_attn interpreted as [batch, heads, prototype_query, low_patch_source]",average_attn_weights=False not supported by current attention module; using module-specific return format.,0.9999998807907104,1.0000001192092896,0.7342023205216338,0.9979360305667275,0.9999726867999849,0.0625,0.8194444444444443,0.9516666666666667,0.0,0.0
25009529B2,3,"(1, 1, 16, 170)","(16, 170)","raw_attn interpreted as [batch, heads, prototype_query, low_patch_source]",average_attn_weights=False not supported by current attention module; using module-specific return format.,0.9999998211860657,1.0000001192092896,0.6981101310157486,0.9978714983104069,0.99998308242001,0.0625,0.9583333333333334,0.9133333333333336,0.0,0.0
2460615-B4,3,"(1, 1, 16, 157)","(16, 157)","raw_attn interpreted as [batch, heads, prototype_query, low_patch_source]",average_attn_weights=False not supported by current attention module; using module-specific return format.,0.9999998211860657,1.0000001192092896,0.7949329900499201,0.9985332623502501,0.9998573559256348,0.1875,0.6722222222222223,0.7533333333333334,25620.97787495187,0.0
2460943-B3,3,"(1, 1, 16, 98)","(16, 98)","raw_attn interpreted as [batch, heads, prototype_query, low_patch_source]",average_attn_weights=False not supported by current attention module; using module-specific return format.,0.9999998211860657,1.0000001192092896,0.6938184170339224,0.9980183062570009,0.9999929928810916,0.0625,1.0,0.9016666666666668,0.0,0.0
2462468-B2,3,"(1, 1, 16, 197)","(16, 197)","raw_attn interpreted as [batch, heads, prototype_query, low_patch_source]",average_attn_weights=False not supported by current attention module; using module-specific return format.,0.9999998807907104,1.0,0.7266656873524416,0.9981210933799035,0.9999624548095453,0.0625,0.9222222222222222,0.895,0.0,0.0
2462939-B,3,"(1, 1, 16, 99)","(16, 99)","raw_attn interpreted as [batch, heads, prototype_query, low_patch_source]",average_attn_weights=False not supported by current attention module; using module-specific return format.,0.9999999403953552,1.0000001192092896,0.8085929891207643,0.9980877728031204,0.9999754322828278,0.1875,1.0,0.8666666666666667,17372.97345870907,17377.85625444059
2484791-B2,3,"(1, 1, 16, 206)","(16, 206)","raw_attn interpreted as [batch, heads, prototype_query, low_patch_source]",average_attn_weights=False not supported by current attention module; using module-specific return format.,0.9999999403953552,1.0000001192092896,0.6720813991037365,0.9982779586546764,0.9999855070505749,0.0625,1.0,0.9150000000000001,0.0,0.0
2486102-B2,3,"(1, 1, 16, 77)","(16, 77)","raw_attn interpreted as [batch, heads, prototype_query, low_patch_source]",average_attn_weights=False not supported by current attention module; using module-specific return format.,0.9999998807907104,1.0000001192092896,0.7887705333872513,0.9988112924432535,0.9999398043043094,0.1875,0.8666666666666667,0.9750000000000001,19996.478682413774,0.0
2487043-B,3,"(1, 1, 16, 106)","(16, 106)","raw_attn interpreted as [batch, heads, prototype_query, low_patch_source]",average_attn_weights=False not supported by current attention module; using module-specific return format.,0.9999998807907104,1.0000001192092896,0.8026416418595991,0.9988460236158825,0.9999716830358861,0.1875,0.9583333333333334,0.8783333333333334,19035.846245638917,0.0
2488960-B2,3,"(1, 1, 16, 221)","(16, 221)","raw_attn interpreted as [batch, heads, prototype_query, low_patch_source]",average_attn_weights=False not supported by current attention module; using module-specific return format.,0.9999998807907104,1.0000001192092896,0.766473360172347,0.9982786748806549,0.9999771436789242,0.0625,1.0,0.9283333333333333,0.0,0.0
2488987-B2,3,"(1, 1, 16, 262)","(16, 262)","raw_attn interpreted as [batch, heads, prototype_query, low_patch_source]",average_attn_weights=False not supported by current attention module; using module-specific return format.,0.9999998807907104,1.0000001192092896,0.6454791096583815,0.9985225918085536,0.9999924450235109,0.0625,0.8583333333333333,1.0,0.0,0.0
25013977B2,3,"(1, 1, 16, 340)","(16, 340)","raw_attn interpreted as [batch, heads, prototype_query, low_patch_source]",average_attn_weights=False not supported by current attention module; using module-specific return format.,0.9999998807907104,1.0000001192092896,0.657924538818253,0.9978939510472019,0.9999838800565227,0.0625,0.9194444444444443,0.8683333333333335,0.0,0.0
25014627B3,3,"(1, 1, 16, 147)","(16, 147)","raw_attn interpreted as [batch, heads, prototype_query, low_patch_source]",average_attn_weights=False not supported by current attention module; using module-specific return format.,1.0,1.0000001192092896,0.7240335251029173,0.9980968613373837,0.99997653743786,0.125,1.0,1.0,2867.2,0.0
25015421B3,3,"(1, 1, 16, 302)","(16, 302)","raw_attn interpreted as [batch, heads, prototype_query, low_patch_source]",average_attn_weights=False not supported by current attention module; using module-specific return format.,0.9999998807907104,1.0,0.7350371856204033,0.997764716724787,0.9999304908678882,0.125,0.9194444444444443,0.9266666666666666,20163.624206448825,0.0
25016827B2,3,"(1, 1, 16, 277)","(16, 277)","raw_attn interpreted as [batch, heads, prototype_query, low_patch_source]",average_attn_weights=False not supported by current attention module; using module-specific return format.,0.9999998807907104,1.0000001192092896,0.6792983856793106,0.9981826024008216,0.9999733850445953,0.0625,0.8583333333333332,1.0,0.0,0.0
25017341B3,3,"(1, 1, 16, 119)","(16, 119)","raw_attn interpreted as [batch, heads, prototype_query, low_patch_source]",average_attn_weights=False not supported by current attention module; using module-specific return format.,0.9999998807907104,1.0000001192092896,0.709357352214685,0.9989196495503813,0.9999744462015836,0.0625,1.0,0.9350000000000002,0.0,0.0
25017342B2,3,"(1, 1, 16, 133)","(16, 133)","raw_attn interpreted as [batch, heads, prototype_query, low_patch_source]",average_attn_weights=False not supported by current attention module; using module-specific return format.,0.9999998807907104,1.0000001192092896,0.739295862782108,0.9982654818753205,0.9999780260897536,0.125,1.0,0.975,6755.296257011975,0.0
25017499B,3,"(1, 1, 16, 42)","(16, 42)","raw_attn interpreted as [batch, heads, prototype_query, low_patch_source]",average_attn_weights=False not supported by current attention module; using module-specific return format.,0.9999998807907104,1.0000001192092896,0.7792811004455936,0.9986210417268486,0.9999894752314495,0.125,0.7694444444444443,0.9750000000000001,19740.70496189282,0.0
25018956B3,3,"(1, 1, 16, 108)","(16, 108)","raw_attn interpreted as [batch, heads, prototype_query, low_patch_source]",average_attn_weights=False not supported by current attention module; using module-specific return format.,0.9999998807907104,1.0000001192092896,0.8038365140847816,0.9986098940636279,0.9999309760826026,0.1875,0.7694444444444445,0.9516666666666668,11259.519427362908,16384.0
25019339B2,3,"(1, 1, 16, 227)","(16, 227)","raw_attn interpreted as [batch, heads, prototype_query, low_patch_source]",average_attn_weights=False not supported by current attention module; using module-specific return format.,0.9999998807907104,1.0000001192092896,0.7558926477628353,0.9977660721225449,0.9999545543522135,0.0625,1.0,0.8416666666666667,0.0,0.0
25019339B3,3,"(1, 1, 16, 211)","(16, 211)","raw_attn interpreted as [batch, heads, prototype_query, low_patch_source]",average_attn_weights=False not supported by current attention module; using module-specific return format.,0.9999998807907104,1.0000001192092896,0.6679488074234285,0.998668293509813,0.9999887282247834,0.0625,0.8916666666666667,0.9533333333333334,0.0,0.0
25020714B4,3,"(1, 1, 16, 340)","(16, 340)","raw_attn interpreted as [batch, heads, prototype_query, low_patch_source]",average_attn_weights=False not supported by current attention module; using module-specific return format.,0.9999998807907104,1.0000001192092896,0.7080488089234007,0.9973207466147241,0.9999582272695742,0.0625,0.886111111111111,0.8966666666666668,0.0,0.0
25021665B2,3,"(1, 1, 16, 167)","(16, 167)","raw_attn interpreted as [batch, heads, prototype_query, low_patch_source]",average_attn_weights=False not supported by current attention module; using module-specific return format.,0.9999998211860657,1.000000238418579,0.6417870545218496,0.9986602544406706,0.9999969424211759,0.0625,0.886111111111111,0.9083333333333334,0.0,0.0
25021672B,3,"(1, 1, 16, 73)","(16, 73)","raw_attn interpreted as [batch, heads, prototype_query, low_patch_source]",average_attn_weights=False not supported by current attention module; using module-specific return format.,0.9999998807907104,1.0000001192092896,0.7495357193545903,0.9985611155821366,0.9999767602683889,0.0625,0.9222222222222222,0.8333333333333334,0.0,0.0
25021922B2,3,"(1, 1, 16, 423)","(16, 423)","raw_attn interpreted as [batch, heads, prototype_query, low_patch_source]",average_attn_weights=False not supported by current attention module; using module-specific return format.,0.9999998807907104,1.0000001192092896,0.7695338466046299,0.9978872340157434,0.9999211232291008,0.125,0.8472222222222221,0.8583333333333333,42840.02690402723,80325.05044505108
25023174B2,3,"(1, 1, 16, 120)","(16, 120)","raw_attn interpreted as [batch, heads, prototype_query, low_patch_source]",average_attn_weights=False not supported by current attention module; using module-specific return format.,0.9999999403953552,1.0000001192092896,0.6906804315303503,0.9981093594501188,0.9999846470128142,0.0625,1.0,0.8366666666666667,0.0,0.0
25024982B1,3,"(1, 1, 16, 173)","(16, 173)","raw_attn interpreted as [batch, heads, prototype_query, low_patch_source]",average_attn_weights=False not supported by current attention module; using module-specific return format.,0.9999998807907104,1.0000001192092896,0.7374790225698433,0.9984622634976341,0.999917058613428,0.1875,0.9222222222222222,0.8983333333333334,2249.785625444059,0.0
25025097B,3,"(1, 1, 16, 261)","(16, 261)","raw_attn interpreted as [batch, heads, prototype_query, low_patch_source]",average_attn_weights=False not supported by current attention module; using module-specific return format.,0.9999998807907104,1.0000001192092896,0.7405735371801077,0.9973770932983701,0.9999595077393898,0.0625,0.8555555555555555,1.0,0.0,0.0
25027181B2,3,"(1, 1, 16, 135)","(16, 135)","raw_attn interpreted as [batch, heads, prototype_query, low_patch_source]",average_attn_weights=False not supported by current attention module; using module-specific return format.,0.9999997615814209,1.000000238418579,0.6303786976234413,0.9982778003168568,0.9999997532057122,0.0625,0.7972222222222222,1.0,0.0,0.0
25027181B4,3,"(1, 1, 16, 406)","(16, 406)","raw_attn interpreted as [batch, heads, prototype_query, low_patch_source]",average_attn_weights=False not supported by current attention module; using module-specific return format.,0.9999998807907104,1.0000001192092896,0.6533768384404293,0.9980696113846095,0.999987299051342,0.0625,0.8472222222222221,0.8983333333333334,0.0,0.0
25027181B6,3,"(1, 1, 16, 145)","(16, 145)","raw_attn interpreted as [batch, heads, prototype_query, low_patch_source]",average_attn_weights=False not supported by current attention module; using module-specific return format.,0.9999998807907104,1.0,0.7649544035522376,0.9985327303849548,0.9999439821091086,0.125,0.8472222222222221,0.9316666666666668,2703.2220840240925,0.0
2491552B,3,"(1, 1, 16, 117)","(16, 117)","raw_attn interpreted as [batch, heads, prototype_query, low_patch_source]",average_attn_weights=False not supported by current attention module; using module-specific return format.,0.9999998807907104,1.0000001192092896,0.7525300080041103,0.99817251629824,0.9999599260676794,0.0625,1.0,0.9533333333333334,0.0,0.0
2491579B,3,"(1, 1, 16, 269)","(16, 269)","raw_attn interpreted as [batch, heads, prototype_query, low_patch_source]",average_attn_weights=False not supported by current attention module; using module-specific return format.,0.9999998807907104,1.000000238418579,0.6937102482658299,0.9977807408894388,0.9999901233022729,0.0625,0.9194444444444444,0.975,0.0,0.0
25009557B,3,"(1, 1, 16, 153)","(16, 153)","raw_attn interpreted as [batch, heads, prototype_query, low_patch_source]",average_attn_weights=False not supported by current attention module; using module-specific return format.,0.9999999403953552,1.0000001192092896,0.7543302704440289,0.998047516710374,0.9999643927069024,0.0625,0.811111111111111,0.9533333333333334,0.0,0.0
25027770B,3,"(1, 1, 16, 218)","(16, 218)","raw_attn interpreted as [batch, heads, prototype_query, low_patch_source]",average_attn_weights=False not supported by current attention module; using module-specific return format.,0.9999998807907104,1.0000001192092896,0.7341927364125834,0.9983266571651738,0.9999564457512967,0.125,0.8861111111111111,1.0,10109.749397927173,0.0
25028014B6,3,"(1, 1, 16, 81)","(16, 81)","raw_attn interpreted as [batch, heads, prototype_query, low_patch_source]",average_attn_weights=False not supported by current attention module; using module-specific return format.,0.9999998211860657,1.0000001192092896,0.7314791422042125,0.9982677963112887,0.9999806145770509,0.0625,0.8305555555555555,0.9516666666666668,0.0,0.0
25028134B,3,"(1, 1, 16, 290)","(16, 290)","raw_attn interpreted as [batch, heads, prototype_query, low_patch_source]",average_attn_weights=False not supported by current attention module; using module-specific return format.,0.9999998807907104,1.0000001192092896,0.7684441290834669,0.9983619141235865,0.9999587753747458,0.1875,0.85,0.91,5993.190247669368,0.0
25028151B3,3,"(1, 1, 16, 283)","(16, 283)","raw_attn interpreted as [batch, heads, prototype_query, low_patch_source]",average_attn_weights=False not supported by current attention module; using module-specific return format.,0.9999998807907104,1.0,0.710837826330328,0.9968485698076355,0.9999862130043317,0.0625,1.0,0.8116666666666668,0.0,0.0
25028210B2,3,"(1, 1, 16, 133)","(16, 133)","raw_attn interpreted as [batch, heads, prototype_query, low_patch_source]",average_attn_weights=False not supported by current attention module; using module-specific return format.,0.9999999403953552,1.0000001192092896,0.7474489782631315,0.9978478930369552,0.9999691513583734,0.0625,1.0,0.9533333333333334,0.0,0.0
25028520B3,3,"(1, 1, 16, 151)","(16, 151)","raw_attn interpreted as [batch, heads, prototype_query, low_patch_source]",average_attn_weights=False not supported by current attention module; using module-specific return format.,0.9999998807907104,1.0000001192092896,0.8040685850611718,0.9987421736145594,0.9999510746438021,0.125,0.8861111111111111,0.9283333333333333,3022.294169078259,0.0
25029134B,3,"(1, 1, 16, 267)","(16, 267)","raw_attn interpreted as [batch, heads, prototype_query, low_patch_source]",average_attn_weights=False not supported by current attention module; using module-specific return format.,0.9999998807907104,1.0000001192092896,0.7217933325556494,0.9980143437282302,0.9999817225139587,0.125,0.8916666666666667,0.975,2172.232031805074,0.0
25029565B5,3,"(1, 1, 16, 76)","(16, 76)","raw_attn interpreted as [batch, heads, prototype_query, low_patch_source]",average_attn_weights=False not supported by current attention module; using module-specific return format.,0.9999998807907104,1.0000001192092896,0.7595121115943341,0.9987888071065727,0.9999710567154894,0.0625,1.0,1.0,0.0,0.0
25030157B3,3,"(1, 1, 16, 93)","(16, 93)","raw_attn interpreted as [batch, heads, prototype_query, low_patch_source]",average_attn_weights=False not supported by current attention module; using module-specific return format.,0.9999998807907104,1.0000001192092896,0.8032567507085254,0.9986397748723244,0.9999697842147982,0.125,0.9583333333333334,0.87,17006.55026175372,0.0
25030157B4,3,"(1, 1, 16, 214)","(16, 214)","raw_attn interpreted as [batch, heads, prototype_query, low_patch_source]",average_attn_weights=False not supported by current attention module; using module-specific return format.,0.9999999403953552,1.0000001192092896,0.6422019457102067,0.998181508316681,0.999986964631805,0.0625,0.9583333333333334,0.9083333333333334,0.0,0.0
25030619B2,3,"(1, 1, 16, 255)","(16, 255)","raw_attn interpreted as [batch, heads, prototype_query, low_patch_source]",average_attn_weights=False not supported by current attention module; using module-specific return format.,0.9999998807907104,1.0,0.6965173736154623,0.9967225060987462,0.9999554968183656,0.0625,0.8666666666666667,0.7933333333333333,0.0,0.0
25031281B2,3,"(1, 1, 16, 192)","(16, 192)","raw_attn interpreted as [batch, heads, prototype_query, low_patch_source]",average_attn_weights=False not supported by current attention module; using module-specific return format.,0.9999998807907104,1.0,0.7517790892637114,0.9982646608233365,0.9999648989855519,0.125,1.0,0.9750000000000001,512.0,0.0
25031706B2,3,"(1, 1, 16, 257)","(16, 257)","raw_attn interpreted as [batch, heads, prototype_query, low_patch_source]",average_attn_weights=False not supported by current attention module; using module-specific return format.,0.9999999403953552,1.0000001192092896,0.6891278335362514,0.998568663738548,0.9999578811888467,0.0625,0.8916666666666667,0.9533333333333334,0.0,0.0
25032788B4,3,"(1, 1, 16, 210)","(16, 210)","raw_attn interpreted as [batch, heads, prototype_query, low_patch_source]",average_attn_weights=False not supported by current attention module; using module-specific return format.,0.9999997615814209,1.0000001192092896,0.6352364363260257,0.9982781661181725,0.9999953124102207,0.0625,0.9583333333333334,0.9533333333333334,0.0,0.0
25033169B1,3,"(1, 1, 16, 335)","(16, 335)","raw_attn interpreted as [batch, heads, prototype_query, low_patch_source]",average_attn_weights=False not supported by current attention module; using module-specific return format.,0.9999998807907104,1.0,0.7886983750948432,0.9982619611341208,0.9999553108998004,0.0625,0.8805555555555554,0.8116666666666666,0.0,0.0
25033486B,3,"(1, 1, 16, 281)","(16, 281)","raw_attn interpreted as [batch, heads, prototype_query, low_patch_source]",average_attn_weights=False not supported by current attention module; using module-specific return format.,0.9999998807907104,1.0000001192092896,0.7228684932468131,0.9978639972990684,0.9999764385211727,0.0625,0.8305555555555555,0.975,0.0,0.0
25034929B2,3,"(1, 1, 16, 274)","(16, 274)","raw_attn interpreted as [batch, heads, prototype_query, low_patch_source]",average_attn_weights=False not supported by current attention module; using module-specific return format.,0.9999998211860657,1.0000001192092896,0.694575814381942,0.9980250980289753,0.9999288635021363,0.125,0.8472222222222221,0.8883333333333333,1331.2,0.0
25036634B2,3,"(1, 1, 16, 147)","(16, 147)","raw_attn interpreted as [batch, heads, prototype_query, low_patch_source]",average_attn_weights=False not supported by current attention module; using module-specific return format.,0.9999998807907104,1.0000001192092896,0.7893276203524269,0.9983416553035138,0.9999546966426858,0.125,1.0,0.9750000000000001,21725.69248424547,0.0
25043600B3,3,"(1, 1, 16, 102)","(16, 102)","raw_attn interpreted as [batch, heads, prototype_query, low_patch_source]",average_attn_weights=False not supported by current attention module; using module-specific return format.,0.9999999403953552,1.0000001192092896,0.7454698613171495,0.9983412678506358,0.9999598420467685,0.0625,0.9222222222222222,1.0,0.0,0.0
25045403B2,3,"(1, 1, 16, 79)","(16, 79)","raw_attn interpreted as [batch, heads, prototype_query, low_patch_source]",average_attn_weights=False not supported by current attention module; using module-specific return format.,0.9999998807907104,1.0000001192092896,0.7851270186069281,0.999021436724842,0.9999779324843402,0.125,0.8777777777777779,0.9316666666666668,7462.48954982518,0.0
25045450B2,3,"(1, 1, 16, 48)","(16, 48)","raw_attn interpreted as [batch, heads, prototype_query, low_patch_source]",average_attn_weights=False not supported by current attention module; using module-specific return format.,0.9999998807907104,1.0000001192092896,0.6934658381217016,0.999048951553164,0.9999974253770547,0.0625,0.7888888888888889,0.9016666666666668,0.0,0.0
25046521B3,3,"(1, 1, 16, 162)","(16, 162)","raw_attn interpreted as [batch, heads, prototype_query, low_patch_source]",average_attn_weights=False not supported by current attention module; using module-specific return format.,0.9999998807907104,1.000000238418579,0.7727470319289277,0.9981857813111392,0.9999576866949028,0.125,0.8305555555555555,0.9016666666666668,6021.247794269889,0.0
25047067B2,3,"(1, 1, 16, 194)","(16, 194)","raw_attn interpreted as [batch, heads, prototype_query, low_patch_source]",average_attn_weights=False not supported by current attention module; using module-specific return format.,0.9999998807907104,1.0000001192092896,0.7247839943889496,0.9974153921333685,0.9999805351112613,0.0625,0.8916666666666667,0.8016666666666669,0.0,0.0
25047835B3,3,"(1, 1, 16, 94)","(16, 94)","raw_attn interpreted as [batch, heads, prototype_query, low_patch_source]",average_attn_weights=False not supported by current attention module; using module-specific return format.,0.9999998807907104,1.0000001192092896,0.6425955993094205,0.998799601852007,0.9999999651133148,0.0625,1.0,0.9150000000000001,0.0,0.0
25048256B2,3,"(1, 1, 16, 274)","(16, 274)","raw_attn interpreted as [batch, heads, prototype_query, low_patch_source]",average_attn_weights=False not supported by current attention module; using module-specific return format.,0.9999998807907104,1.0000001192092896,0.7719228106948713,0.9978820004126616,0.9999660238540797,0.0625,1.0,0.9266666666666666,0.0,0.0
25050862B2,3,"(1, 1, 16, 282)","(16, 282)","raw_attn interpreted as [batch, heads, prototype_query, low_patch_source]",average_attn_weights=False not supported by current attention module; using module-specific return format.,0.9999998807907104,1.0000001192092896,0.6991357576131387,0.998130771115599,0.9999815815713972,0.125,1.0,0.92,29143.497748002854,0.0
25050984B2,3,"(1, 1, 16, 243)","(16, 243)","raw_attn interpreted as [batch, heads, prototype_query, low_patch_source]",average_attn_weights=False not supported by current attention module; using module-specific return format.,0.9999998807907104,1.000000238418579,0.7307216425531856,0.9970982649455891,0.9999706239015054,0.0625,0.8444444444444444,0.9750000000000001,0.0,0.0
25051207B5,3,"(1, 1, 16, 140)","(16, 140)","raw_attn interpreted as [batch, heads, prototype_query, low_patch_source]",average_attn_weights=False not supported by current attention module; using module-specific return format.,0.9999998807907104,1.0000001192092896,0.7068224740632786,0.9977505683172235,0.9999589552587793,0.0625,0.9583333333333334,0.9016666666666668,0.0,0.0
25054130B1,3,"(1, 1, 16, 215)","(16, 215)","raw_attn interpreted as [batch, heads, prototype_query, low_patch_source]",average_attn_weights=False not supported by current attention module; using module-specific return format.,0.9999998807907104,1.0000001192092896,0.7265508652856704,0.9988121986770445,0.9999710725608107,0.0625,0.8194444444444443,0.9533333333333334,0.0,0.0
25055857B2,3,"(1, 1, 16, 258)","(16, 258)","raw_attn interpreted as [batch, heads, prototype_query, low_patch_source]",average_attn_weights=False not supported by current attention module; using module-specific return format.,0.9999998211860657,1.0,0.7805477712872905,0.9971611908333922,0.9999481764793974,0.0625,0.886111111111111,0.8300000000000002,0.0,0.0
25058713B2,3,"(1, 1, 16, 187)","(16, 187)","raw_attn interpreted as [batch, heads, prototype_query, low_patch_source]",average_attn_weights=False not supported by current attention module; using module-specific return format.,0.9999998807907104,1.0000001192092896,0.6846994195532409,0.9960943706222148,0.9999937262079593,0.0625,0.7972222222222222,0.9533333333333334,0.0,0.0
25060539B2,3,"(1, 1, 16, 295)","(16, 295)","raw_attn interpreted as [batch, heads, prototype_query, low_patch_source]",average_attn_weights=False not supported by current attention module; using module-specific return format.,0.9999998211860657,1.0000001192092896,0.8261155610664707,0.9984815787768706,0.9999682928534578,0.0625,0.886111111111111,0.87,0.0,0.0
25063371B2,3,"(1, 1, 16, 237)","(16, 237)","raw_attn interpreted as [batch, heads, prototype_query, low_patch_source]",average_attn_weights=False not supported by current attention module; using module-specific return format.,0.9999998211860657,1.000000238418579,0.7974317861078597,0.9984358198762746,0.9999172214038126,0.25,0.6833333333333333,0.7449999999999999,27288.154403086854,23170.47500592079
25063700B,3,"(1, 1, 16, 107)","(16, 107)","raw_attn interpreted as [batch, heads, prototype_query, low_patch_source]",average_attn_weights=False not supported by current attention module; using module-specific return format.,0.9999998211860657,1.0000001192092896,0.7698841292943464,0.9985553051457499,0.9999709183123698,0.125,1.0,1.0,2137.084701695799,0.0
2460242-B2,4,"(1, 1, 16, 426)","(16, 426)","raw_attn interpreted as [batch, heads, prototype_query, low_patch_source]",average_attn_weights=False not supported by current attention module; using module-specific return format.,0.9999998807907104,1.0000001192092896,0.9989418650676359,0.9993264025145934,0.9999491189083032,0.0625,1.0,1.0,0.0,0.0
2460405-B2,4,"(1, 1, 16, 128)","(16, 128)","raw_attn interpreted as [batch, heads, prototype_query, low_patch_source]",average_attn_weights=False not supported by current attention module; using module-specific return format.,0.9999998807907104,1.0,0.9990317913563213,0.9992566661467105,0.9999522949358538,0.0625,1.0,1.0,0.0,0.0
2460643-B,4,"(1, 1, 16, 182)","(16, 182)","raw_attn interpreted as [batch, heads, prototype_query, low_patch_source]",average_attn_weights=False not supported by current attention module; using module-specific return format.,0.9999998807907104,1.0000001192092896,0.9991585354887581,0.9995144872685323,0.9999852371054014,0.0625,1.0,1.0,0.0,0.0
2460770-B2,4,"(1, 1, 16, 181)","(16, 181)","raw_attn interpreted as [batch, heads, prototype_query, low_patch_source]",average_attn_weights=False not supported by current attention module; using module-specific return format.,0.9999998807907104,1.0000001192092896,0.9991134147103868,0.9993665835319071,0.9999471735709852,0.0625,1.0,0.9533333333333334,0.0,0.0
2460974-B2,4,"(1, 1, 16, 234)","(16, 234)","raw_attn interpreted as [batch, heads, prototype_query, low_patch_source]",average_attn_weights=False not supported by current attention module; using module-specific return format.,0.9999997615814209,1.0,0.9990163430936945,0.9993076343509112,0.9999591792809476,0.0625,1.0,1.0,0.0,0.0
2461487-B2,4,"(1, 1, 16, 232)","(16, 232)","raw_attn interpreted as [batch, heads, prototype_query, low_patch_source]",average_attn_weights=False not supported by current attention module; using module-specific return format.,0.9999999403953552,1.0000001192092896,0.9992628611650869,0.9994872246265423,0.999941712827919,0.0625,1.0,1.0,0.0,0.0
2461672-B2,4,"(1, 1, 16, 212)","(16, 212)","raw_attn interpreted as [batch, heads, prototype_query, low_patch_source]",average_attn_weights=False not supported by current attention module; using module-specific return format.,0.9999998807907104,1.0000001192092896,0.9988073879818884,0.9992716784434063,0.9999792429243095,0.0625,1.0,1.0,0.0,0.0
2462290-B2,4,"(1, 1, 16, 286)","(16, 286)","raw_attn interpreted as [batch, heads, prototype_query, low_patch_source]",average_attn_weights=False not supported by current attention module; using module-specific return format.,0.9999998807907104,1.0000001192092896,0.9990806436911079,0.9993384803533121,0.9999586676775805,0.0625,1.0,1.0,0.0,0.0
2462483-B,4,"(1, 1, 16, 85)","(16, 85)","raw_attn interpreted as [batch, heads, prototype_query, low_patch_source]",average_attn_weights=False not supported by current attention module; using module-specific return format.,0.9999998807907104,1.0000001192092896,0.999397960848487,0.9995613335744922,0.9999512684256339,0.0625,1.0,1.0,0.0,0.0
2462830-B4,4,"(1, 1, 16, 210)","(16, 210)","raw_attn interpreted as [batch, heads, prototype_query, low_patch_source]",average_attn_weights=False not supported by current attention module; using module-specific return format.,0.9999998807907104,1.0000001192092896,0.9994158114504011,0.9996520728521718,0.9999905153878923,0.0625,1.0,1.0,0.0,0.0
2463370-B2,4,"(1, 1, 16, 192)","(16, 192)","raw_attn interpreted as [batch, heads, prototype_query, low_patch_source]",average_attn_weights=False not supported by current attention module; using module-specific return format.,0.9999999403953552,1.0000001192092896,0.9993577423718774,0.9994763978515463,0.9999621971602166,0.0625,0.9583333333333334,1.0,0.0,0.0
2463379-B4,4,"(1, 1, 16, 153)","(16, 153)","raw_attn interpreted as [batch, heads, prototype_query, low_patch_source]",average_attn_weights=False not supported by current attention module; using module-specific return format.,0.9999998211860657,1.0000001192092896,0.9992740901683611,0.9995411797686332,0.999989007190913,0.0625,1.0,1.0,0.0,0.0
2463720-B7,4,"(1, 1, 16, 207)","(16, 207)","raw_attn interpreted as [batch, heads, prototype_query, low_patch_source]",average_attn_weights=False not supported by current attention module; using module-specific return format.,0.9999998807907104,1.0000001192092896,0.9993658313149216,0.9996216049148378,0.9999854837835227,0.0625,1.0,1.0,0.0,0.0
2464443-B,4,"(1, 1, 16, 254)","(16, 254)","raw_attn interpreted as [batch, heads, prototype_query, low_patch_source]",average_attn_weights=False not supported by current attention module; using module-specific return format.,0.9999998211860657,1.0000001192092896,0.9990551034146296,0.9994300763348529,0.9999859416503696,0.0625,1.0,1.0,0.0,0.0
2464812-B3,4,"(1, 1, 16, 254)","(16, 254)","raw_attn interpreted as [batch, heads, prototype_query, low_patch_source]",average_attn_weights=False not supported by current attention module; using module-specific return format.,0.9999998807907104,1.0000001192092896,0.998934623167966,0.9992350934899505,0.9999535139750497,0.125,1.0,1.0,1448.1546878700494,0.0
2465202-B3,4,"(1, 1, 16, 269)","(16, 269)","raw_attn interpreted as [batch, heads, prototype_query, low_patch_source]",average_attn_weights=False not supported by current attention module; using module-specific return format.,0.9999998807907104,1.0000001192092896,0.9991915558391377,0.9994121559394231,0.9999500849037263,0.0625,0.8666666666666667,1.0,0.0,0.0
2465625-B,4,"(1, 1, 16, 172)","(16, 172)","raw_attn interpreted as [batch, heads, prototype_query, low_patch_source]",average_attn_weights=False not supported by current attention module; using module-specific return format.,0.9999998807907104,1.0,0.9989879222572626,0.9995032995000057,0.9999832345161501,0.0625,1.0,1.0,0.0,0.0
2465661-B2,4,"(1, 1, 16, 189)","(16, 189)","raw_attn interpreted as [batch, heads, prototype_query, low_patch_source]",average_attn_weights=False not supported by current attention module; using module-specific return format.,0.9999998807907104,1.0000001192092896,0.9984401931681799,0.9988774546624644,0.9999715994424773,0.0625,1.0,1.0,0.0,0.0
2465843-B2,4,"(1, 1, 16, 269)","(16, 269)","raw_attn interpreted as [batch, heads, prototype_query, low_patch_source]",average_attn_weights=False not supported by current attention module; using module-specific return format.,0.9999998807907104,1.0000001192092896,0.9990942974386521,0.9993307926607791,0.9999038490830895,0.0625,0.9222222222222222,1.0,0.0,0.0
2466891-B2,4,"(1, 1, 16, 435)","(16, 435)","raw_attn interpreted as [batch, heads, prototype_query, low_patch_source]",average_attn_weights=False not supported by current attention module; using module-specific return format.,0.9999997615814209,1.0000001192092896,0.9989506219139621,0.9992679535879218,0.9999552044821878,0.0625,1.0,1.0,0.0,0.0
2468325-B,4,"(1, 1, 16, 167)","(16, 167)","raw_attn interpreted as [batch, heads, prototype_query, low_patch_source]",average_attn_weights=False not supported by current attention module; using module-specific return format.,0.9999998807907104,1.0000001192092896,0.9988253012527596,0.99922805693451,0.9999339810083734,0.0625,1.0,0.9533333333333334,0.0,0.0
2469005-B2,4,"(1, 1, 16, 238)","(16, 238)","raw_attn interpreted as [batch, heads, prototype_query, low_patch_source]",average_attn_weights=False not supported by current attention module; using module-specific return format.,0.9999998807907104,1.0000001192092896,0.9991698938443996,0.9995047294439123,0.9999662523574879,0.0625,1.0,1.0,0.0,0.0
2469007-B2,4,"(1, 1, 16, 157)","(16, 157)","raw_attn interpreted as [batch, heads, prototype_query, low_patch_source]",average_attn_weights=False not supported by current attention module; using module-specific return format.,0.9999999403953552,1.0,0.9995170829153276,0.9996785375980292,0.9999748796375487,0.0625,1.0,1.0,0.0,0.0
2469023-B2,4,"(1, 1, 16, 173)","(16, 173)","raw_attn interpreted as [batch, heads, prototype_query, low_patch_source]",average_attn_weights=False not supported by current attention module; using module-specific return format.,0.9999998807907104,1.0,0.9991398980686964,0.9994641058358942,0.9999593941137576,0.0625,1.0,1.0,0.0,0.0
2469047-B2,4,"(1, 1, 16, 212)","(16, 212)","raw_attn interpreted as [batch, heads, prototype_query, low_patch_source]",average_attn_weights=False not supported by current attention module; using module-specific return format.,0.9999998211860657,1.0,0.9990880705327705,0.9994821825232999,0.9999724855026131,0.0625,1.0,0.9350000000000002,0.0,0.0
2469074-B2,4,"(1, 1, 16, 104)","(16, 104)","raw_attn interpreted as [batch, heads, prototype_query, low_patch_source]",average_attn_weights=False not supported by current attention module; using module-specific return format.,0.9999998807907104,1.0000001192092896,0.9991263738958144,0.9993523265384437,0.9999727301080183,0.0625,1.0,1.0,0.0,0.0
2469230-B,4,"(1, 1, 16, 319)","(16, 319)","raw_attn interpreted as [batch, heads, prototype_query, low_patch_source]",average_attn_weights=False not supported by current attention module; using module-specific return format.,0.9999997615814209,1.000000238418579,0.999119727684311,0.9994438679729597,0.9999645153401555,0.0625,1.0,0.8933333333333334,0.0,0.0
2469256-B2,4,"(1, 1, 16, 195)","(16, 195)","raw_attn interpreted as [batch, heads, prototype_query, low_patch_source]",average_attn_weights=False not supported by current attention module; using module-specific return format.,0.9999998807907104,1.0000001192092896,0.9989236390983091,0.9990375078802652,0.9999415991187902,0.0625,1.0,1.0,0.0,0.0
2469693-B,4,"(1, 1, 16, 340)","(16, 340)","raw_attn interpreted as [batch, heads, prototype_query, low_patch_source]",average_attn_weights=False not supported by current attention module; using module-specific return format.,0.9999998807907104,1.0000001192092896,0.9992321909691102,0.9994460082912775,0.9999585156530303,0.0625,1.0,0.8933333333333334,0.0,0.0
2469963-B2,4,"(1, 1, 16, 275)","(16, 275)","raw_attn interpreted as [batch, heads, prototype_query, low_patch_source]",average_attn_weights=False not supported by current attention module; using module-specific return format.,0.9999998211860657,1.0000001192092896,0.9992513723627421,0.999536230337454,0.9999771152259117,0.0625,1.0,1.0,0.0,0.0
2470270-B2,4,"(1, 1, 16, 176)","(16, 176)","raw_attn interpreted as [batch, heads, prototype_query, low_patch_source]",average_attn_weights=False not supported by current attention module; using module-specific return format.,0.9999998807907104,1.0000001192092896,0.9992851238436983,0.9994163775029226,0.9999344970555228,0.125,1.0,1.0,7984.509037035402,0.0
2470657-B3,4,"(1, 1, 16, 472)","(16, 472)","raw_attn interpreted as [batch, heads, prototype_query, low_patch_source]",average_attn_weights=False not supported by current attention module; using module-specific return format.,0.9999998807907104,1.0000001192092896,0.9986805830945126,0.9991178728976908,0.9999333610717208,0.0625,1.0,1.0,0.0,0.0
2471442-B3,4,"(1, 1, 16, 261)","(16, 261)","raw_attn interpreted as [batch, heads, prototype_query, low_patch_source]",average_attn_weights=False not supported by current attention module; using module-specific return format.,0.9999998211860657,1.0000001192092896,0.9991556730643079,0.9994469189167616,0.999957075106716,0.0625,1.0,1.0,0.0,0.0
2471595-B3,4,"(1, 1, 16, 321)","(16, 321)","raw_attn interpreted as [batch, heads, prototype_query, low_patch_source]",average_attn_weights=False not supported by current attention module; using module-specific return format.,0.9999999403953552,1.000000238418579,0.9991234693452952,0.9993906179799857,0.9999354840641077,0.0625,1.0,0.9133333333333334,0.0,0.0
2471618-B3,4,"(1, 1, 16, 258)","(16, 258)","raw_attn interpreted as [batch, heads, prototype_query, low_patch_source]",average_attn_weights=False not supported by current attention module; using module-specific return format.,0.9999998807907104,1.0000001192092896,0.998813392495096,0.9992817921425069,0.9999877325066661,0.0625,0.8333333333333333,0.975,0.0,0.0
2471885-B2,4,"(1, 1, 16, 128)","(16, 128)","raw_attn interpreted as [batch, heads, prototype_query, low_patch_source]",average_attn_weights=False not supported by current attention module; using module-specific return format.,0.9999998807907104,1.0000001192092896,0.9995535087097982,0.9996624171870192,0.9999750290452276,0.0625,1.0,0.9533333333333334,0.0,0.0
2471921-B2,4,"(1, 1, 16, 196)","(16, 196)","raw_attn interpreted as [batch, heads, prototype_query, low_patch_source]",average_attn_weights=False not supported by current attention module; using module-specific return format.,0.9999998807907104,1.0000001192092896,0.9994346336048373,0.9996596161039659,0.9999825849577232,0.0625,1.0,1.0,0.0,0.0
2472316-B7,4,"(1, 1, 16, 46)","(16, 46)","raw_attn interpreted as [batch, heads, prototype_query, low_patch_source]",average_attn_weights=False not supported by current attention module; using module-specific return format.,0.9999998807907104,1.0000001192092896,0.9994961665328004,0.9996551009762719,0.9999922580832563,0.0625,1.0,1.0,0.0,0.0
2472453-B2,4,"(1, 1, 16, 84)","(16, 84)","raw_attn interpreted as [batch, heads, prototype_query, low_patch_source]",average_attn_weights=False not supported by current attention module; using module-specific return format.,0.9999998807907104,1.0000001192092896,0.9993286145521106,0.9995776202295434,0.9999782296639897,0.0625,1.0,1.0,0.0,0.0
2473266-B,4,"(1, 1, 16, 201)","(16, 201)","raw_attn interpreted as [batch, heads, prototype_query, low_patch_source]",average_attn_weights=False not supported by current attention module; using module-specific return format.,0.9999998807907104,1.0000001192092896,0.9990038234620807,0.9993662335439564,0.9999576315599059,0.0625,1.0,1.0,0.0,0.0
2473366-B2,4,"(1, 1, 16, 228)","(16, 228)","raw_attn interpreted as [batch, heads, prototype_query, low_patch_source]",average_attn_weights=False not supported by current attention module; using module-specific return format.,0.9999998807907104,1.0000001192092896,0.9986865677098092,0.999222274668756,0.9999628090810866,0.0625,1.0,1.0,0.0,0.0
2473600-B3,4,"(1, 1, 16, 321)","(16, 321)","raw_attn interpreted as [batch, heads, prototype_query, low_patch_source]",average_attn_weights=False not supported by current attention module; using module-specific return format.,0.9999998211860657,1.0000001192092896,0.9988343208040665,0.9989959708931553,0.9999732856382071,0.0625,1.0,1.0,0.0,0.0
2473608-B2,4,"(1, 1, 16, 299)","(16, 299)","raw_attn interpreted as [batch, heads, prototype_query, low_patch_source]",average_attn_weights=False not supported by current attention module; using module-specific return format.,0.9999998211860657,1.0,0.9986261270751282,0.9992270528152991,0.9999370636871386,0.0625,0.9222222222222222,1.0,0.0,0.0
2473738-B3,4,"(1, 1, 16, 264)","(16, 264)","raw_attn interpreted as [batch, heads, prototype_query, low_patch_source]",average_attn_weights=False not supported by current attention module; using module-specific return format.,0.9999998807907104,1.0000001192092896,0.9993716505908098,0.9995459568685875,0.9999780829271278,0.125,1.0,1.0,4209.624021216147,0.0
2474140-B3,4,"(1, 1, 16, 227)","(16, 227)","raw_attn interpreted as [batch, heads, prototype_query, low_patch_source]",average_attn_weights=False not supported by current attention module; using module-specific return format.,0.9999998807907104,1.000000238418579,0.9990793102434163,0.9993192932567002,0.9999489773244101,0.0625,1.0,1.0,0.0,0.0
2474189-B7,4,"(1, 1, 16, 61)","(16, 61)","raw_attn interpreted as [batch, heads, prototype_query, low_patch_source]",average_attn_weights=False not supported by current attention module; using module-specific return format.,0.9999998807907104,1.0,0.9996854155376255,0.9997672418881187,0.9999956606278264,0.0625,1.0,1.0,0.0,0.0
2476391-B2,4,"(1, 1, 16, 154)","(16, 154)","raw_attn interpreted as [batch, heads, prototype_query, low_patch_source]",average_attn_weights=False not supported by current attention module; using module-specific return format.,0.9999998807907104,1.000000238418579,0.9991886956465723,0.9994522938262238,0.9999802149261913,0.0625,1.0,1.0,0.0,0.0
2477039-B,4,"(1, 1, 16, 247)","(16, 247)","raw_attn interpreted as [batch, heads, prototype_query, low_patch_source]",average_attn_weights=False not supported by current attention module; using module-specific return format.,0.9999998807907104,1.0000001192092896,0.9990320661231998,0.9994430000879213,0.9999694879519769,0.0625,1.0,0.935,0.0,0.0
2477053-B3,4,"(1, 1, 16, 396)","(16, 396)","raw_attn interpreted as [batch, heads, prototype_query, low_patch_source]",average_attn_weights=False not supported by current attention module; using module-specific return format.,0.9999998807907104,1.0000001192092896,0.9986073135220525,0.9991186274925785,0.9999318913485942,0.0625,1.0,1.0,0.0,0.0
2477189-B2,4,"(1, 1, 16, 291)","(16, 291)","raw_attn interpreted as [batch, heads, prototype_query, low_patch_source]",average_attn_weights=False not supported by current attention module; using module-specific return format.,0.9999998807907104,1.000000238418579,0.9991708361463452,0.9995263840981194,0.9999890006252236,0.0625,1.0,1.0,0.0,0.0
2477668-B3,4,"(1, 1, 16, 316)","(16, 316)","raw_attn interpreted as [batch, heads, prototype_query, low_patch_source]",average_attn_weights=False not supported by current attention module; using module-specific return format.,0.9999998807907104,1.0000001192092896,0.9985659913394552,0.9990246764676374,0.9999541473693542,0.0625,1.0,0.8733333333333335,0.0,0.0
2478091-B4,4,"(1, 1, 16, 273)","(16, 273)","raw_attn interpreted as [batch, heads, prototype_query, low_patch_source]",average_attn_weights=False not supported by current attention module; using module-specific return format.,0.9999998807907104,1.0000001192092896,0.9991515035841027,0.9993887683625292,0.9999568033613189,0.0625,1.0,0.8833333333333333,0.0,0.0
2481703-B2,4,"(1, 1, 16, 237)","(16, 237)","raw_attn interpreted as [batch, heads, prototype_query, low_patch_source]",average_attn_weights=False not supported by current attention module; using module-specific return format.,0.9999998807907104,1.0000001192092896,0.9993534928752389,0.9995897150595272,0.999940328627791,0.0625,0.9222222222222222,1.0,0.0,0.0
2482055-B2,4,"(1, 1, 16, 332)","(16, 332)","raw_attn interpreted as [batch, heads, prototype_query, low_patch_source]",average_attn_weights=False not supported by current attention module; using module-specific return format.,0.9999998807907104,1.0000001192092896,0.9991020695126397,0.9993036332932881,0.9999409029575627,0.0625,1.0,1.0,0.0,0.0
2482607-B,4,"(1, 1, 16, 250)","(16, 250)","raw_attn interpreted as [batch, heads, prototype_query, low_patch_source]",average_attn_weights=False not supported by current attention module; using module-specific return format.,0.9999998211860657,1.0000001192092896,0.998777237247126,0.9991923820651378,0.9999517931443157,0.0625,1.0,1.0,0.0,0.0
2482886-B2,4,"(1, 1, 16, 299)","(16, 299)","raw_attn interpreted as [batch, heads, prototype_query, low_patch_source]",average_attn_weights=False not supported by current attention module; using module-specific return format.,0.9999998807907104,1.0,0.9993326069574294,0.9994271690455732,0.9999709404287572,0.0625,1.0,1.0,0.0,0.0
2482957-B2,4,"(1, 1, 16, 143)","(16, 143)","raw_attn interpreted as [batch, heads, prototype_query, low_patch_source]",average_attn_weights=False not supported by current attention module; using module-specific return format.,0.9999998807907104,1.0,0.9991015988686989,0.9993820697101776,0.9999341436942861,0.0625,1.0,1.0,0.0,0.0
2482964-B2,4,"(1, 1, 16, 475)","(16, 475)","raw_attn interpreted as [batch, heads, prototype_query, low_patch_source]",average_attn_weights=False not supported by current attention module; using module-specific return format.,0.9999998807907104,1.0000001192092896,0.9991246275040366,0.9992816518729482,0.9998938627533827,0.0625,0.811111111111111,1.0,0.0,0.0
2483215-B6,4,"(1, 1, 16, 315)","(16, 315)","raw_attn interpreted as [batch, heads, prototype_query, low_patch_source]",average_attn_weights=False not supported by current attention module; using module-specific return format.,0.9999998211860657,1.0000001192092896,0.9988797429233726,0.9993743451549837,0.9999685578256768,0.0625,1.0,0.9083333333333334,0.0,0.0
2483768-B4,4,"(1, 1, 16, 148)","(16, 148)","raw_attn interpreted as [batch, heads, prototype_query, low_patch_source]",average_attn_weights=False not supported by current attention module; using module-specific return format.,0.9999998807907104,1.0000001192092896,0.9991405845337997,0.9992901383445207,0.9999072990207722,0.0625,1.0,1.0,0.0,0.0
2485259-B6,4,"(1, 1, 16, 174)","(16, 174)","raw_attn interpreted as [batch, heads, prototype_query, low_patch_source]",average_attn_weights=False not supported by current attention module; using module-specific return format.,0.9999998807907104,1.0000001192092896,0.9990882913939793,0.9993947699483579,0.9999323893734791,0.0625,1.0,0.9750000000000001,0.0,0.0
2486100-B,4,"(1, 1, 16, 280)","(16, 280)","raw_attn interpreted as [batch, heads, prototype_query, low_patch_source]",average_attn_weights=False not supported by current attention module; using module-specific return format.,1.0,1.0000001192092896,0.9989036876692889,0.999289061969795,0.9999738840845951,0.0625,1.0,0.895,0.0,0.0
2486104-B2,4,"(1, 1, 16, 111)","(16, 111)","raw_attn interpreted as [batch, heads, prototype_query, low_patch_source]",average_attn_weights=False not supported by current attention module; using module-specific return format.,0.9999999403953552,1.0000001192092896,0.9992023310888067,0.9995585535553988,0.9999885758380782,0.0625,1.0,1.0,0.0,0.0
2486165-B2,4,"(1, 1, 16, 247)","(16, 247)","raw_attn interpreted as [batch, heads, prototype_query, low_patch_source]",average_attn_weights=False not supported by current attention module; using module-specific return format.,0.9999998807907104,1.0000001192092896,0.9988423515408602,0.9992119726745798,0.9999539563348535,0.0625,1.0,1.0,0.0,0.0
2486262-B4,4,"(1, 1, 16, 141)","(16, 141)","raw_attn interpreted as [batch, heads, prototype_query, low_patch_source]",average_attn_weights=False not supported by current attention module; using module-specific return format.,0.9999998807907104,1.0000001192092896,0.9990777423798878,0.9993781275620781,0.9999620463098647,0.0625,1.0,1.0,0.0,0.0
2486653-B3,4,"(1, 1, 16, 318)","(16, 318)","raw_attn interpreted as [batch, heads, prototype_query, low_patch_source]",average_attn_weights=False not supported by current attention module; using module-specific return format.,0.9999998807907104,1.0,0.9986638866635644,0.9990227984310776,0.9999074529546592,0.0625,1.0,1.0,0.0,0.0
2486859-B2,4,"(1, 1, 16, 60)","(16, 60)","raw_attn interpreted as [batch, heads, prototype_query, low_patch_source]",average_attn_weights=False not supported by current attention module; using module-specific return format.,0.9999999403953552,1.0000001192092896,0.9992282973670069,0.9994555145547288,0.9999492867008954,0.0625,1.0,1.0,0.0,0.0
2487935-B2,4,"(1, 1, 16, 236)","(16, 236)","raw_attn interpreted as [batch, heads, prototype_query, low_patch_source]",average_attn_weights=False not supported by current attention module; using module-specific return format.,0.9999998807907104,1.0000001192092896,0.9992626273864968,0.999602065708266,0.999971498537615,0.0625,1.0,1.0,0.0,0.0
2488044-B3,4,"(1, 1, 16, 283)","(16, 283)","raw_attn interpreted as [batch, heads, prototype_query, low_patch_source]",average_attn_weights=False not supported by current attention module; using module-specific return format.,0.9999998807907104,1.0000001192092896,0.9985100378351602,0.9991267771234302,0.999963575969476,0.0625,1.0,0.8483333333333334,0.0,0.0
2488065-B3,4,"(1, 1, 16, 162)","(16, 162)","raw_attn interpreted as [batch, heads, prototype_query, low_patch_source]",average_attn_weights=False not supported by current attention module; using module-specific return format.,0.9999998807907104,1.0000001192092896,0.9991289531904629,0.9994624147955085,0.9999688709446446,0.0625,1.0,1.0,0.0,0.0
2488344-B2,4,"(1, 1, 16, 143)","(16, 143)","raw_attn interpreted as [batch, heads, prototype_query, low_patch_source]",average_attn_weights=False not supported by current attention module; using module-specific return format.,0.9999998211860657,1.0000001192092896,0.9993471317641887,0.9996340785379523,0.9999886035175217,0.0625,1.0,1.0,0.0,0.0
2488369-B2,4,"(1, 1, 16, 367)","(16, 367)","raw_attn interpreted as [batch, heads, prototype_query, low_patch_source]",average_attn_weights=False not supported by current attention module; using module-specific return format.,0.9999998807907104,1.0000001192092896,0.998831090136102,0.9992958661311474,0.999974587033426,0.0625,1.0,1.0,0.0,0.0
2488475-B2,4,"(1, 1, 16, 138)","(16, 138)","raw_attn interpreted as [batch, heads, prototype_query, low_patch_source]",average_attn_weights=False not supported by current attention module; using module-specific return format.,0.9999999403953552,1.0000001192092896,0.998867355845718,0.9992530820766939,0.999955134630015,0.0625,1.0,1.0,0.0,0.0
2489131-B3,4,"(1, 1, 16, 55)","(16, 55)","raw_attn interpreted as [batch, heads, prototype_query, low_patch_source]",average_attn_weights=False not supported by current attention module; using module-specific return format.,0.9999998807907104,1.0000001192092896,0.9983775111992425,0.9988272579724968,0.9999361089984423,0.0625,1.0,1.0,0.0,0.0
2489182-B2,4,"(1, 1, 16, 275)","(16, 275)","raw_attn interpreted as [batch, heads, prototype_query, low_patch_source]",average_attn_weights=False not supported by current attention module; using module-specific return format.,0.9999999403953552,1.000000238418579,0.9987208729914823,0.999084837377411,0.9999462567642804,0.125,1.0,0.9350000000000002,955.7333333333333,0.0
25012628B2,4,"(1, 1, 16, 173)","(16, 173)","raw_attn interpreted as [batch, heads, prototype_query, low_patch_source]",average_attn_weights=False not supported by current attention module; using module-specific return format.,0.9999998807907104,1.0000001192092896,0.999311299406615,0.9994164518447729,0.9999451040573641,0.0625,1.0,0.8933333333333334,0.0,0.0
25012919B9,4,"(1, 1, 16, 235)","(16, 235)","raw_attn interpreted as [batch, heads, prototype_query, low_patch_source]",average_attn_weights=False not supported by current attention module; using module-specific return format.,0.9999997615814209,1.0000001192092896,0.9992027958379972,0.9994405805556876,0.9999691074019221,0.0625,1.0,0.8683333333333335,0.0,0.0
25013023B2,4,"(1, 1, 16, 352)","(16, 352)","raw_attn interpreted as [batch, heads, prototype_query, low_patch_source]",average_attn_weights=False not supported by current attention module; using module-specific return format.,0.9999998211860657,1.0000001192092896,0.9985816043040363,0.9991043093664111,0.9999735061179252,0.0625,1.0,0.9350000000000002,0.0,0.0
25013189B3,4,"(1, 1, 16, 250)","(16, 250)","raw_attn interpreted as [batch, heads, prototype_query, low_patch_source]",average_attn_weights=False not supported by current attention module; using module-specific return format.,0.9999998807907104,1.0000001192092896,0.9990574041160808,0.9994164301070112,0.9999736304671828,0.0625,0.8333333333333333,1.0,0.0,0.0
25013878B2,4,"(1, 1, 16, 265)","(16, 265)","raw_attn interpreted as [batch, heads, prototype_query, low_patch_source]",average_attn_weights=False not supported by current attention module; using module-specific return format.,0.9999998807907104,1.000000238418579,0.9997210257098118,0.9998352901573165,0.9999969296451776,0.0625,0.9583333333333334,1.0,0.0,0.0
25015408B3,4,"(1, 1, 16, 149)","(16, 149)","raw_attn interpreted as [batch, heads, prototype_query, low_patch_source]",average_attn_weights=False not supported by current attention module; using module-specific return format.,0.9999998807907104,1.0000001192092896,0.9988471773532351,0.9992298404039295,0.9999716689127761,0.0625,1.0,1.0,0.0,0.0
25015488B2,4,"(1, 1, 16, 183)","(16, 183)","raw_attn interpreted as [batch, heads, prototype_query, low_patch_source]",average_attn_weights=False not supported by current attention module; using module-specific return format.,0.9999998807907104,1.0000001192092896,0.9990825546012012,0.9993501541270491,0.9999671975449509,0.0625,0.9583333333333334,1.0,0.0,0.0
25015495B3,4,"(1, 1, 16, 144)","(16, 144)","raw_attn interpreted as [batch, heads, prototype_query, low_patch_source]",average_attn_weights=False not supported by current attention module; using module-specific return format.,0.9999998211860657,1.0000001192092896,0.9993027700890302,0.9995691068969086,0.9999765520628798,0.0625,1.0,1.0,0.0,0.0
25015625B2,4,"(1, 1, 16, 199)","(16, 199)","raw_attn interpreted as [batch, heads, prototype_query, low_patch_source]",average_attn_weights=False not supported by current attention module; using module-specific return format.,0.9999999403953552,1.0000001192092896,0.999261205289933,0.9994357867951646,0.9998937566682059,0.0625,0.8861111111111111,1.0,0.0,0.0
25016772B2,4,"(1, 1, 16, 345)","(16, 345)","raw_attn interpreted as [batch, heads, prototype_query, low_patch_source]",average_attn_weights=False not supported by current attention module; using module-specific return format.,0.9999998807907104,1.000000238418579,0.9989006132853026,0.9994327578892408,0.9999875274050212,0.0625,1.0,1.0,0.0,0.0
25017227B2,4,"(1, 1, 16, 314)","(16, 314)","raw_attn interpreted as [batch, heads, prototype_query, low_patch_source]",average_attn_weights=False not supported by current attention module; using module-specific return format.,0.9999998807907104,1.0000001192092896,0.9991376756411472,0.9993525359308727,0.9999264724755844,0.0625,1.0,1.0,0.0,0.0
25017320B2,4,"(1, 1, 16, 283)","(16, 283)","raw_attn interpreted as [batch, heads, prototype_query, low_patch_source]",average_attn_weights=False not supported by current attention module; using module-specific return format.,0.9999998807907104,1.0000001192092896,0.9986115525917683,0.9989370450255375,0.9999071319992303,0.0625,1.0,1.0,0.0,0.0
25017341B4,4,"(1, 1, 16, 108)","(16, 108)","raw_attn interpreted as [batch, heads, prototype_query, low_patch_source]",average_attn_weights=False not supported by current attention module; using module-specific return format.,0.9999998807907104,1.000000238418579,0.999098910059583,0.9993775203871289,0.9999796037831666,0.0625,1.0,1.0,0.0,0.0
25017383B2,4,"(1, 1, 16, 174)","(16, 174)","raw_attn interpreted as [batch, heads, prototype_query, low_patch_source]",average_attn_weights=False not supported by current attention module; using module-specific return format.,0.9999998807907104,1.0000001192092896,0.9986890618639369,0.9991896212812932,0.9999475378966963,0.0625,0.9583333333333334,1.0,0.0,0.0
25018050B2,4,"(1, 1, 16, 195)","(16, 195)","raw_attn interpreted as [batch, heads, prototype_query, low_patch_source]",average_attn_weights=False not supported by current attention module; using module-specific return format.,0.9999998807907104,1.0000001192092896,0.9986375384959774,0.9989572625410577,0.9999513775461657,0.0625,0.8472222222222221,1.0,0.0,0.0
25018453B2,4,"(1, 1, 16, 168)","(16, 168)","raw_attn interpreted as [batch, heads, prototype_query, low_patch_source]",average_attn_weights=False not supported by current attention module; using module-specific return format.,0.9999998807907104,1.0,0.9990400922964218,0.999305742276055,0.9999648880055231,0.0625,1.0,1.0,0.0,0.0
25018457B2,4,"(1, 1, 16, 282)","(16, 282)","raw_attn interpreted as [batch, heads, prototype_query, low_patch_source]",average_attn_weights=False not supported by current attention module; using module-specific return format.,0.9999998807907104,1.0000001192092896,0.9992112712182776,0.9994773728479264,0.999975705383367,0.0625,1.0,1.0,0.0,0.0
25018571B2,4,"(1, 1, 16, 339)","(16, 339)","raw_attn interpreted as [batch, heads, prototype_query, low_patch_source]",average_attn_weights=False not supported by current attention module; using module-specific return format.,0.9999998211860657,1.0000001192092896,0.9989999738118556,0.9994408421450305,0.9999605064007784,0.0625,1.0,1.0,0.0,0.0
25018910B2,4,"(1, 1, 16, 145)","(16, 145)","raw_attn interpreted as [batch, heads, prototype_query, low_patch_source]",average_attn_weights=False not supported by current attention module; using module-specific return format.,0.9999998807907104,1.0000001192092896,0.9991582104708759,0.9995790112885207,0.9999882760792748,0.0625,1.0,1.0,0.0,0.0
25019284B2,4,"(1, 1, 16, 244)","(16, 244)","raw_attn interpreted as [batch, heads, prototype_query, low_patch_source]",average_attn_weights=False not supported by current attention module; using module-specific return format.,0.9999998807907104,1.0000001192092896,0.9990894580815833,0.999327052247906,0.9999299646672184,0.0625,1.0,1.0,0.0,0.0
25019352B2,4,"(1, 1, 16, 232)","(16, 232)","raw_attn interpreted as [batch, heads, prototype_query, low_patch_source]",average_attn_weights=False not supported by current attention module; using module-specific return format.,0.9999998807907104,1.0000001192092896,0.9982573823581518,0.9989026757655886,0.999969480274984,0.0625,1.0,0.8950000000000001,0.0,0.0
25019508B4,4,"(1, 1, 16, 178)","(16, 178)","raw_attn interpreted as [batch, heads, prototype_query, low_patch_source]",average_attn_weights=False not supported by current attention module; using module-specific return format.,0.9999998807907104,1.0,0.9988852067625797,0.9993121092184274,0.9999814038207494,0.0625,1.0,0.895,0.0,0.0
25019776B2,4,"(1, 1, 16, 287)","(16, 287)","raw_attn interpreted as [batch, heads, prototype_query, low_patch_source]",average_attn_weights=False not supported by current attention module; using module-specific return format.,0.9999998807907104,1.0,0.9990789578485443,0.9992798327735717,0.9999399189286229,0.0625,1.0,1.0,0.0,0.0
25020282B2,4,"(1, 1, 16, 342)","(16, 342)","raw_attn interpreted as [batch, heads, prototype_query, low_patch_source]",average_attn_weights=False not supported by current attention module; using module-specific return format.,0.9999999403953552,1.0,0.9988192993891398,0.9991253914201903,0.9999702320830364,0.0625,1.0,1.0,0.0,0.0
25021164B2,4,"(1, 1, 16, 355)","(16, 355)","raw_attn interpreted as [batch, heads, prototype_query, low_patch_source]",average_attn_weights=False not supported by current attention module; using module-specific return format.,0.9999998807907104,1.0000001192092896,0.9985084955435314,0.9989366998656728,0.9998933507296596,0.0625,0.9583333333333334,1.0,0.0,0.0
25021419B1,4,"(1, 1, 16, 317)","(16, 317)","raw_attn interpreted as [batch, heads, prototype_query, low_patch_source]",average_attn_weights=False not supported by current attention module; using module-specific return format.,0.9999998807907104,1.0000001192092896,0.9992493027703764,0.9995059080082265,0.9999763337098533,0.0625,1.0,0.9000000000000001,0.0,0.0
25021474B,4,"(1, 1, 16, 171)","(16, 171)","raw_attn interpreted as [batch, heads, prototype_query, low_patch_source]",average_attn_weights=False not supported by current attention module; using module-specific return format.,0.9999998807907104,1.0000001192092896,0.9989058262657893,0.9992702124893948,0.9999637553130982,0.0625,1.0,1.0,0.0,0.0
25021481B2,4,"(1, 1, 16, 170)","(16, 170)","raw_attn interpreted as [batch, heads, prototype_query, low_patch_source]",average_attn_weights=False not supported by current attention module; using module-specific return format.,0.9999998807907104,1.0,0.999331206782599,0.9994827176603356,0.9999603107092865,0.0625,1.0,1.0,0.0,0.0
25021538B2,4,"(1, 1, 16, 269)","(16, 269)","raw_attn interpreted as [batch, heads, prototype_query, low_patch_source]",average_attn_weights=False not supported by current attention module; using module-specific return format.,0.9999998807907104,1.0000001192092896,0.9991635754051217,0.9994194972276342,0.9999550816568085,0.0625,1.0,1.0,0.0,0.0
25021554B2,4,"(1, 1, 16, 270)","(16, 270)","raw_attn interpreted as [batch, heads, prototype_query, low_patch_source]",average_attn_weights=False not supported by current attention module; using module-specific return format.,0.9999998211860657,1.0,0.9988427458925114,0.9990853404052875,0.9999496821496998,0.0625,1.0,1.0,0.0,0.0
25021667B2,4,"(1, 1, 16, 244)","(16, 244)","raw_attn interpreted as [batch, heads, prototype_query, low_patch_source]",average_attn_weights=False not supported by current attention module; using module-specific return format.,0.9999998807907104,1.0000001192092896,0.9990848161945393,0.9992979969474083,0.9999067056243673,0.0625,1.0,0.9533333333333334,0.0,0.0
25021668B2,4,"(1, 1, 16, 174)","(16, 174)","raw_attn interpreted as [batch, heads, prototype_query, low_patch_source]",average_attn_weights=False not supported by current attention module; using module-specific return format.,0.9999999403953552,1.000000238418579,0.9993984629666255,0.9995521108651059,0.999965775510952,0.0625,1.0,0.8933333333333334,0.0,0.0
25022330B2,4,"(1, 1, 16, 269)","(16, 269)","raw_attn interpreted as [batch, heads, prototype_query, low_patch_source]",average_attn_weights=False not supported by current attention module; using module-specific return format.,0.9999998807907104,1.000000238418579,0.9992276326176914,0.9994781671137617,0.9999632070393117,0.0625,0.8916666666666665,1.0,0.0,0.0
25023016B6,4,"(1, 1, 16, 362)","(16, 362)","raw_attn interpreted as [batch, heads, prototype_query, low_patch_source]",average_attn_weights=False not supported by current attention module; using module-specific return format.,0.9999998807907104,1.0,0.9988232671503307,0.9990566765037545,0.999937851374777,0.0625,0.9583333333333334,1.0,0.0,0.0
25024431B,4,"(1, 1, 16, 196)","(16, 196)","raw_attn interpreted as [batch, heads, prototype_query, low_patch_source]",average_attn_weights=False not supported by current attention module; using module-specific return format.,0.9999998807907104,1.0000001192092896,0.999141807333517,0.9994785983924028,0.9999765587225519,0.0625,1.0,1.0,0.0,0.0
25024709B2,4,"(1, 1, 16, 239)","(16, 239)","raw_attn interpreted as [batch, heads, prototype_query, low_patch_source]",average_attn_weights=False not supported by current attention module; using module-specific return format.,0.9999998807907104,1.000000238418579,0.9992918982891535,0.9995704607795095,0.9999894281756639,0.0625,1.0,1.0,0.0,0.0
25024732B2,4,"(1, 1, 16, 192)","(16, 192)","raw_attn interpreted as [batch, heads, prototype_query, low_patch_source]",average_attn_weights=False not supported by current attention module; using module-specific return format.,0.9999998807907104,1.0000001192092896,0.9993016662443003,0.9995721407612159,0.9999847387178008,0.0625,1.0,1.0,0.0,0.0
25024855B3,4,"(1, 1, 16, 126)","(16, 126)","raw_attn interpreted as [batch, heads, prototype_query, low_patch_source]",average_attn_weights=False not supported by current attention module; using module-specific return format.,0.9999998211860657,1.0000001192092896,0.999128663573965,0.9992675207053018,0.999939931343408,0.0625,1.0,1.0,0.0,0.0
25025083B2,4,"(1, 1, 16, 217)","(16, 217)","raw_attn interpreted as [batch, heads, prototype_query, low_patch_source]",average_attn_weights=False not supported by current attention module; using module-specific return format.,0.9999998807907104,1.0000001192092896,0.9990359378653345,0.9994157671172927,0.9999788589721197,0.0625,1.0,1.0,0.0,0.0
25025251B,4,"(1, 1, 16, 206)","(16, 206)","raw_attn interpreted as [batch, heads, prototype_query, low_patch_source]",average_attn_weights=False not supported by current attention module; using module-specific return format.,0.9999998807907104,1.0,0.9989192147631549,0.9994138139117485,0.9999782346136741,0.0625,1.0,1.0,0.0,0.0
25025297B,4,"(1, 1, 16, 310)","(16, 310)","raw_attn interpreted as [batch, heads, prototype_query, low_patch_source]",average_attn_weights=False not supported by current attention module; using module-specific return format.,0.9999998807907104,1.0,0.9992860101745954,0.9994065306450828,0.99991371792725,0.0625,1.0,0.92,0.0,0.0
25025602B2,4,"(1, 1, 16, 506)","(16, 506)","raw_attn interpreted as [batch, heads, prototype_query, low_patch_source]",average_attn_weights=False not supported by current attention module; using module-specific return format.,0.9999998807907104,1.0,0.998184506560835,0.9989446043220057,0.9999425665313046,0.0625,0.9222222222222222,1.0,0.0,0.0
25025675B2,4,"(1, 1, 16, 310)","(16, 310)","raw_attn interpreted as [batch, heads, prototype_query, low_patch_source]",average_attn_weights=False not supported by current attention module; using module-specific return format.,0.9999998807907104,1.0000001192092896,0.9993302893879578,0.9995610286981237,0.9999753269220385,0.125,1.0,1.0,32297.46426388201,0.0
25026740B2,4,"(1, 1, 16, 333)","(16, 333)","raw_attn interpreted as [batch, heads, prototype_query, low_patch_source]",average_attn_weights=False not supported by current attention module; using module-specific return format.,0.9999997615814209,1.0000001192092896,0.9996472262699302,0.9997983203719264,0.999998523251424,0.0625,1.0,1.0,0.0,0.0
25017073B2,4,"(1, 1, 16, 148)","(16, 148)","raw_attn interpreted as [batch, heads, prototype_query, low_patch_source]",average_attn_weights=False not supported by current attention module; using module-specific return format.,0.9999998807907104,1.0000001192092896,0.9992186512317386,0.999404389526285,0.9999559495824715,0.0625,1.0,1.0,0.0,0.0
2490820B2,4,"(1, 1, 16, 133)","(16, 133)","raw_attn interpreted as [batch, heads, prototype_query, low_patch_source]",average_attn_weights=False not supported by current attention module; using module-specific return format.,0.9999998807907104,1.0000001192092896,0.9995765471874951,0.9996780318026048,0.9999878908000688,0.0625,1.0,1.0,0.0,0.0
25001965B2,4,"(1, 1, 16, 150)","(16, 150)","raw_attn interpreted as [batch, heads, prototype_query, low_patch_source]",average_attn_weights=False not supported by current attention module; using module-specific return format.,0.9999998807907104,1.0000001192092896,0.9991739022230874,0.9993806143991542,0.9999645321869106,0.0625,1.0,1.0,0.0,0.0
25002898B2,4,"(1, 1, 16, 105)","(16, 105)","raw_attn interpreted as [batch, heads, prototype_query, low_patch_source]",average_attn_weights=False not supported by current attention module; using module-specific return format.,0.9999998807907104,1.0000001192092896,0.9993696759593232,0.9995719079513592,0.9999517066950935,0.0625,0.9583333333333334,0.9350000000000002,0.0,0.0
25009148B4,4,"(1, 1, 16, 124)","(16, 124)","raw_attn interpreted as [batch, heads, prototype_query, low_patch_source]",average_attn_weights=False not supported by current attention module; using module-specific return format.,0.9999998807907104,1.0000001192092896,0.9990404424567939,0.9992168115893686,0.99993324332777,0.0625,1.0,1.0,0.0,0.0
25009297B,4,"(1, 1, 16, 344)","(16, 344)","raw_attn interpreted as [batch, heads, prototype_query, low_patch_source]",average_attn_weights=False not supported by current attention module; using module-specific return format.,0.9999998807907104,1.0000001192092896,0.999085823739699,0.9993099769127587,0.9999505251491784,0.0625,1.0,1.0,0.0,0.0
25009539B3,4,"(1, 1, 16, 222)","(16, 222)","raw_attn interpreted as [batch, heads, prototype_query, low_patch_source]",average_attn_weights=False not supported by current attention module; using module-specific return format.,0.9999998211860657,1.000000238418579,0.9993518660387143,0.9996363415353335,0.9999834222007304,0.0625,1.0,0.895,0.0,0.0
25009747B,4,"(1, 1, 16, 293)","(16, 293)","raw_attn interpreted as [batch, heads, prototype_query, low_patch_source]",average_attn_weights=False not supported by current attention module; using module-specific return format.,0.9999998807907104,1.0,0.9991708001795128,0.9994852566170631,0.9999626984580638,0.0625,1.0,1.0,0.0,0.0
2476693-B3,4,"(1, 1, 16, 220)","(16, 220)","raw_attn interpreted as [batch, heads, prototype_query, low_patch_source]",average_attn_weights=False not supported by current attention module; using module-specific return format.,0.9999998807907104,1.000000238418579,0.9994419612611343,0.9995378130427219,0.9999675571703133,0.0625,1.0,1.0,0.0,0.0
2477926-B4,4,"(1, 1, 16, 156)","(16, 156)","raw_attn interpreted as [batch, heads, prototype_query, low_patch_source]",average_attn_weights=False not supported by current attention module; using module-specific return format.,0.9999998807907104,1.0000001192092896,0.999975593184438,0.9999865260979186,0.9999999464709997,0.0625,0.9222222222222222,0.9533333333333334,0.0,0.0
2482111-B2,4,"(1, 1, 16, 424)","(16, 424)","raw_attn interpreted as [batch, heads, prototype_query, low_patch_source]",average_attn_weights=False not supported by current attention module; using module-specific return format.,0.9999998211860657,1.0000001192092896,0.9989326469025446,0.9993998498876115,0.9999735040781873,0.0625,1.0,1.0,0.0,0.0
2485276-B3,4,"(1, 1, 16, 147)","(16, 147)","raw_attn interpreted as [batch, heads, prototype_query, low_patch_source]",average_attn_weights=False not supported by current attention module; using module-specific return format.,0.9999998807907104,1.0000001192092896,0.9988044340378902,0.9991597682396167,0.999925599178048,0.0625,1.0,1.0,0.0,0.0
2487063-B2,4,"(1, 1, 16, 121)","(16, 121)","raw_attn interpreted as [batch, heads, prototype_query, low_patch_source]",average_attn_weights=False not supported by current attention module; using module-specific return format.,0.9999997615814209,1.000000238418579,0.9999590020884609,0.9999756034648116,0.9999997831601465,0.0625,1.0,1.0,0.0,0.0
2487518-B,4,"(1, 1, 16, 89)","(16, 89)","raw_attn interpreted as [batch, heads, prototype_query, low_patch_source]",average_attn_weights=False not supported by current attention module; using module-specific return format.,0.9999998807907104,1.0000001192092896,0.9999405827646387,0.9999653394900897,0.9999996284819324,0.0625,1.0,1.0,0.0,0.0
25012737B4,4,"(1, 1, 16, 122)","(16, 122)","raw_attn interpreted as [batch, heads, prototype_query, low_patch_source]",average_attn_weights=False not supported by current attention module; using module-specific return format.,0.9999998807907104,1.0000001192092896,0.9991557193039021,0.9994814562022916,0.9999775908352619,0.0625,1.0,0.92,0.0,0.0
25015191B2,4,"(1, 1, 16, 201)","(16, 201)","raw_attn interpreted as [batch, heads, prototype_query, low_patch_source]",average_attn_weights=False not supported by current attention module; using module-specific return format.,0.9999998807907104,1.0000001192092896,0.9986740976375091,0.9991560535410623,0.9999262912723669,0.0625,0.9583333333333334,0.975,0.0,0.0
25015640B3,4,"(1, 1, 16, 144)","(16, 144)","raw_attn interpreted as [batch, heads, prototype_query, low_patch_source]",average_attn_weights=False not supported by current attention module; using module-specific return format.,0.9999998807907104,1.0000001192092896,0.9991468509547267,0.999355550717935,0.9999532294132386,0.125,1.0,1.0,1351.6110420120463,0.0
25015867B2,4,"(1, 1, 16, 173)","(16, 173)","raw_attn interpreted as [batch, heads, prototype_query, low_patch_source]",average_attn_weights=False not supported by current attention module; using module-specific return format.,0.9999998211860657,1.000000238418579,0.9993341193237751,0.9996122316820757,0.999990373316468,0.0625,1.0,0.8866666666666668,0.0,0.0
25017500B,4,"(1, 1, 16, 36)","(16, 36)","raw_attn interpreted as [batch, heads, prototype_query, low_patch_source]",average_attn_weights=False not supported by current attention module; using module-specific return format.,0.9999999403953552,1.0000001192092896,0.9993587420107987,0.9996496076478127,0.9999940808418131,0.0625,1.0,0.9083333333333334,0.0,0.0
25017730B2,4,"(1, 1, 16, 153)","(16, 153)","raw_attn interpreted as [batch, heads, prototype_query, low_patch_source]",average_attn_weights=False not supported by current attention module; using module-specific return format.,0.9999998807907104,1.0000001192092896,0.9991311309333036,0.9992050656231446,0.9999583173629436,0.0625,1.0,1.0,0.0,0.0
25017930B,4,"(1, 1, 16, 115)","(16, 115)","raw_attn interpreted as [batch, heads, prototype_query, low_patch_source]",average_attn_weights=False not supported by current attention module; using module-specific return format.,0.9999998807907104,1.0000001192092896,0.9988815716931294,0.9990576494559873,0.99996223134976,0.0625,1.0,1.0,0.0,0.0
25018478B2,4,"(1, 1, 16, 229)","(16, 229)","raw_attn interpreted as [batch, heads, prototype_query, low_patch_source]",average_attn_weights=False not supported by current attention module; using module-specific return format.,0.9999998807907104,1.000000238418579,0.999197302414144,0.9995174209557355,0.9999746372705587,0.0625,1.0,1.0,0.0,0.0
25019335B6,4,"(1, 1, 16, 150)","(16, 150)","raw_attn interpreted as [batch, heads, prototype_query, low_patch_source]",average_attn_weights=False not supported by current attention module; using module-specific return format.,0.9999998807907104,1.0000001192092896,0.9989179387313174,0.9990990395741883,0.9999332841098503,0.0625,1.0,0.8933333333333334,0.0,0.0
25019675B2,4,"(1, 1, 16, 172)","(16, 172)","raw_attn interpreted as [batch, heads, prototype_query, low_patch_source]",average_attn_weights=False not supported by current attention module; using module-specific return format.,0.9999998807907104,1.000000238418579,0.9991585171059477,0.9993952290513578,0.9999646288021149,0.0625,1.0,0.9533333333333334,0.0,0.0
25019705B2,4,"(1, 1, 16, 276)","(16, 276)","raw_attn interpreted as [batch, heads, prototype_query, low_patch_source]",average_attn_weights=False not supported by current attention module; using module-specific return format.,0.9999998807907104,1.0,0.9992164988978725,0.9994134207443175,0.9999785140889176,0.0625,1.0,1.0,0.0,0.0
25020353B2,4,"(1, 1, 16, 94)","(16, 94)","raw_attn interpreted as [batch, heads, prototype_query, low_patch_source]",average_attn_weights=False not supported by current attention module; using module-specific return format.,0.9999998211860657,1.0000001192092896,0.9994003464792764,0.9996223200843244,0.9999909253040575,0.0625,1.0,1.0,0.0,0.0
25020799B5,4,"(1, 1, 16, 282)","(16, 282)","raw_attn interpreted as [batch, heads, prototype_query, low_patch_source]",average_attn_weights=False not supported by current attention module; using module-specific return format.,0.9999998807907104,1.0000001192092896,0.9998681035946974,0.9998972098880229,0.9999946093460735,0.0625,1.0,1.0,0.0,0.0
25021277B3,4,"(1, 1, 16, 121)","(16, 121)","raw_attn interpreted as [batch, heads, prototype_query, low_patch_source]",average_attn_weights=False not supported by current attention module; using module-specific return format.,0.9999999403953552,1.0000001192092896,0.9990823874972841,0.9993685853078764,0.9999808254605953,0.0625,1.0,1.0,0.0,0.0
25021487B,4,"(1, 1, 16, 240)","(16, 240)","raw_attn interpreted as [batch, heads, prototype_query, low_patch_source]",average_attn_weights=False not supported by current attention module; using module-specific return format.,0.9999998807907104,1.000000238418579,0.9992400609556077,0.9995457937250178,0.999930785656068,0.0625,1.0,1.0,0.0,0.0
25021735B5,4,"(1, 1, 16, 156)","(16, 156)","raw_attn interpreted as [batch, heads, prototype_query, low_patch_source]",average_attn_weights=False not supported by current attention module; using module-specific return format.,0.9999999403953552,1.000000238418579,0.9991132490613207,0.9992520925830343,0.9999491003522504,0.125,1.0,0.935,16145.20799914405,0.0
25022584B3,4,"(1, 1, 16, 80)","(16, 80)","raw_attn interpreted as [batch, heads, prototype_query, low_patch_source]",average_attn_weights=False not supported by current attention module; using module-specific return format.,0.9999998807907104,1.0000001192092896,0.9986515887702788,0.9991722452327375,0.999976464602634,0.0625,1.0,1.0,0.0,0.0
25022613B2,4,"(1, 1, 16, 115)","(16, 115)","raw_attn interpreted as [batch, heads, prototype_query, low_patch_source]",average_attn_weights=False not supported by current attention module; using module-specific return format.,0.9999998807907104,1.000000238418579,0.99921712815496,0.9993403575143676,0.9998981049051037,0.0625,1.0,1.0,0.0,0.0
25023687B3,4,"(1, 1, 16, 88)","(16, 88)","raw_attn interpreted as [batch, heads, prototype_query, low_patch_source]",average_attn_weights=False not supported by current attention module; using module-specific return format.,0.9999998807907104,1.0000001192092896,0.9990506663659328,0.999268076523413,0.9999455354217098,0.0625,1.0,0.9000000000000001,0.0,0.0
25023846B4,4,"(1, 1, 16, 211)","(16, 211)","raw_attn interpreted as [batch, heads, prototype_query, low_patch_source]",average_attn_weights=False not supported by current attention module; using module-specific return format.,0.9999998807907104,1.0,0.9990384837841833,0.9991440116537551,0.9999288067658455,0.125,1.0,1.0,1911.4666666666667,0.0
25023935B2,4,"(1, 1, 16, 130)","(16, 130)","raw_attn interpreted as [batch, heads, prototype_query, low_patch_source]",average_attn_weights=False not supported by current attention module; using module-specific return format.,0.9999998211860657,1.0000001192092896,0.9989332518596122,0.9993284541541256,0.9999853923869837,0.0625,0.9222222222222222,1.0,0.0,0.0
25024254B2,4,"(1, 1, 16, 135)","(16, 135)","raw_attn interpreted as [batch, heads, prototype_query, low_patch_source]",average_attn_weights=False not supported by current attention module; using module-specific return format.,0.9999998807907104,1.0000001192092896,0.9992816572005293,0.9994078932838101,0.999979591453286,0.0625,0.8666666666666667,1.0,0.0,0.0
25025293B2,4,"(1, 1, 16, 203)","(16, 203)","raw_attn interpreted as [batch, heads, prototype_query, low_patch_source]",average_attn_weights=False not supported by current attention module; using module-specific return format.,0.9999999403953552,1.0000001192092896,0.9991393424533491,0.9994885855957999,0.9999819620758948,0.0625,1.0,1.0,0.0,0.0
25025569B,4,"(1, 1, 16, 51)","(16, 51)","raw_attn interpreted as [batch, heads, prototype_query, low_patch_source]",average_attn_weights=False not supported by current attention module; using module-specific return format.,0.9999998211860657,1.000000238418579,0.9995670329299343,0.9997173558815433,0.9999685969359966,0.0625,1.0,1.0,0.0,0.0
25025975B2,4,"(1, 1, 16, 154)","(16, 154)","raw_attn interpreted as [batch, heads, prototype_query, low_patch_source]",average_attn_weights=False not supported by current attention module; using module-specific return format.,0.9999998807907104,1.0000001192092896,0.9994317665682154,0.999480989297709,0.9999650165910249,0.0625,1.0,1.0,0.0,0.0
25026285B2,4,"(1, 1, 16, 368)","(16, 368)","raw_attn interpreted as [batch, heads, prototype_query, low_patch_source]",average_attn_weights=False not supported by current attention module; using module-specific return format.,0.9999999403953552,1.0000001192092896,0.9990378127492172,0.9993459659350381,0.9999471390992967,0.0625,0.9222222222222222,1.0,0.0,0.0
25027193B,4,"(1, 1, 16, 295)","(16, 295)","raw_attn interpreted as [batch, heads, prototype_query, low_patch_source]",average_attn_weights=False not supported by current attention module; using module-specific return format.,0.9999998807907104,1.0,0.9989866562535671,0.9992478249259054,0.9999272894378898,0.0625,0.9583333333333334,0.975,0.0,0.0
25027636B2,4,"(1, 1, 16, 344)","(16, 344)","raw_attn interpreted as [batch, heads, prototype_query, low_patch_source]",average_attn_weights=False not supported by current attention module; using module-specific return format.,0.9999999403953552,1.0000001192092896,0.9995564535640433,0.999707875047526,0.9999742885402354,0.0625,1.0,1.0,0.0,0.0
25028010B2,4,"(1, 1, 16, 144)","(16, 144)","raw_attn interpreted as [batch, heads, prototype_query, low_patch_source]",average_attn_weights=False not supported by current attention module; using module-specific return format.,0.9999998807907104,1.0000001192092896,0.9988488375309716,0.9990895713414818,0.999899888799361,0.0625,1.0,1.0,0.0,0.0
25028186B2,4,"(1, 1, 16, 286)","(16, 286)","raw_attn interpreted as [batch, heads, prototype_query, low_patch_source]",average_attn_weights=False not supported by current attention module; using module-specific return format.,0.9999998211860657,1.0,0.9995667222497779,0.9997491733070796,0.9999960653161507,0.0625,1.0,1.0,0.0,0.0
25028868B2,4,"(1, 1, 16, 120)","(16, 120)","raw_attn interpreted as [batch, heads, prototype_query, low_patch_source]",average_attn_weights=False not supported by current attention module; using module-specific return format.,0.9999998807907104,1.0,0.9993354431387975,0.999543250489858,0.9999562519847017,0.125,1.0,0.9350000000000002,2654.950261095091,0.0
25029425B3,4,"(1, 1, 16, 243)","(16, 243)","raw_attn interpreted as [batch, heads, prototype_query, low_patch_source]",average_attn_weights=False not supported by current attention module; using module-specific return format.,0.9999998807907104,1.0000001192092896,0.9994098306323614,0.9996538616802684,0.9999717842155439,0.0625,1.0,1.0,0.0,0.0
25030630B,4,"(1, 1, 16, 305)","(16, 305)","raw_attn interpreted as [batch, heads, prototype_query, low_patch_source]",average_attn_weights=False not supported by current attention module; using module-specific return format.,0.9999998807907104,1.0,0.9990737442106619,0.9994138161669492,0.9999692626235401,0.0625,0.825,1.0,0.0,0.0
25031302B,4,"(1, 1, 16, 245)","(16, 245)","raw_attn interpreted as [batch, heads, prototype_query, low_patch_source]",average_attn_weights=False not supported by current attention module; using module-specific return format.,0.9999998807907104,1.0000001192092896,0.9993723708492729,0.9996226789086833,0.9999869906030362,0.0625,1.0,0.9533333333333334,0.0,0.0
25031385B4,4,"(1, 1, 16, 185)","(16, 185)","raw_attn interpreted as [batch, heads, prototype_query, low_patch_source]",average_attn_weights=False not supported by current attention module; using module-specific return format.,0.9999998807907104,1.0,0.9987525213491313,0.9992495677090558,0.9999448382394046,0.0625,1.0,0.9000000000000001,0.0,0.0
25031387B2,4,"(1, 1, 16, 350)","(16, 350)","raw_attn interpreted as [batch, heads, prototype_query, low_patch_source]",average_attn_weights=False not supported by current attention module; using module-specific return format.,0.9999998807907104,1.0,0.998438089297163,0.9989109557951381,0.99993972407248,0.0625,1.0,1.0,0.0,0.0
25032245B2,4,"(1, 1, 16, 62)","(16, 62)","raw_attn interpreted as [batch, heads, prototype_query, low_patch_source]",average_attn_weights=False not supported by current attention module; using module-specific return format.,0.9999998807907104,1.0000001192092896,0.9990342503879807,0.9992336768111013,0.9999256153358219,0.0625,0.9222222222222222,1.0,0.0,0.0
25032360B2,4,"(1, 1, 16, 189)","(16, 189)","raw_attn interpreted as [batch, heads, prototype_query, low_patch_source]",average_attn_weights=False not supported by current attention module; using module-specific return format.,0.9999998807907104,1.0000001192092896,0.9989664572804666,0.999296761378121,0.9999707830418412,0.0625,1.0,1.0,0.0,0.0
25033894B2,4,"(1, 1, 16, 89)","(16, 89)","raw_attn interpreted as [batch, heads, prototype_query, low_patch_source]",average_attn_weights=False not supported by current attention module; using module-specific return format.,0.9999998807907104,1.0000001192092896,0.9986664918213161,0.9991565922331109,0.9999653114616847,0.0625,1.0,1.0,0.0,0.0
25034940B9,4,"(1, 1, 16, 134)","(16, 134)","raw_attn interpreted as [batch, heads, prototype_query, low_patch_source]",average_attn_weights=False not supported by current attention module; using module-specific return format.,0.9999998807907104,1.0000001192092896,0.9988192979850242,0.9993284294965714,0.9999801424669089,0.0625,1.0,1.0,0.0,0.0
25035882B4,4,"(1, 1, 16, 114)","(16, 114)","raw_attn interpreted as [batch, heads, prototype_query, low_patch_source]",average_attn_weights=False not supported by current attention module; using module-specific return format.,0.9999998807907104,1.000000238418579,0.9991063286815123,0.9993717480578066,0.9999372186605426,0.0625,1.0,1.0,0.0,0.0
25036340B1,4,"(1, 1, 16, 101)","(16, 101)","raw_attn interpreted as [batch, heads, prototype_query, low_patch_source]",average_attn_weights=False not supported by current attention module; using module-specific return format.,0.9999998807907104,1.0,0.9991515393976286,0.999389302749037,0.999954028237382,0.0625,1.0,1.0,0.0,0.0
25041732B,4,"(1, 1, 16, 253)","(16, 253)","raw_attn interpreted as [batch, heads, prototype_query, low_patch_source]",average_attn_weights=False not supported by current attention module; using module-specific return format.,0.9999998807907104,1.0000001192092896,0.9987585328810689,0.9991327024976591,0.9999326710385762,0.0625,0.825,1.0,0.0,0.0
25045676B4,4,"(1, 1, 16, 245)","(16, 245)","raw_attn interpreted as [batch, heads, prototype_query, low_patch_source]",average_attn_weights=False not supported by current attention module; using module-specific return format.,0.9999998807907104,1.000000238418579,0.9993473936918761,0.9996097215209149,0.9999869061186893,0.0625,1.0,1.0,0.0,0.0
25045807B4,4,"(1, 1, 16, 50)","(16, 50)","raw_attn interpreted as [batch, heads, prototype_query, low_patch_source]",average_attn_weights=False not supported by current attention module; using module-specific return format.,0.9999998807907104,1.000000238418579,0.9993268943656434,0.9994705962341028,0.9999645197494637,0.0625,1.0,1.0,0.0,0.0
25047088B,4,"(1, 1, 16, 81)","(16, 81)","raw_attn interpreted as [batch, heads, prototype_query, low_patch_source]",average_attn_weights=False not supported by current attention module; using module-specific return format.,0.9999999403953552,1.0000001192092896,0.9992974076119449,0.9995216090599959,0.9999643350906866,0.0625,1.0,1.0,0.0,0.0
25048669B2,4,"(1, 1, 16, 347)","(16, 347)","raw_attn interpreted as [batch, heads, prototype_query, low_patch_source]",average_attn_weights=False not supported by current attention module; using module-specific return format.,0.9999998807907104,1.0000001192092896,0.9992705219443532,0.9995416020388953,0.9999818035753142,0.0625,1.0,1.0,0.0,0.0
25050326B,4,"(1, 1, 16, 126)","(16, 126)","raw_attn interpreted as [batch, heads, prototype_query, low_patch_source]",average_attn_weights=False not supported by current attention module; using module-specific return format.,0.9999998807907104,1.000000238418579,0.9994367168077154,0.999621309219255,0.9999876628202577,0.0625,1.0,1.0,0.0,0.0
25050345B2,4,"(1, 1, 16, 220)","(16, 220)","raw_attn interpreted as [batch, heads, prototype_query, low_patch_source]",average_attn_weights=False not supported by current attention module; using module-specific return format.,0.9999998807907104,1.000000238418579,0.9991171157929394,0.999352855241098,0.9999628878851229,0.125,1.0,1.0,3114.3744155126888,0.0
25050830B2,4,"(1, 1, 16, 166)","(16, 166)","raw_attn interpreted as [batch, heads, prototype_query, low_patch_source]",average_attn_weights=False not supported by current attention module; using module-specific return format.,0.9999998807907104,1.0000001192092896,0.998913721486772,0.9992464610452078,0.9999872633647203,0.0625,1.0,1.0,0.0,0.0
25052288B,4,"(1, 1, 16, 96)","(16, 96)","raw_attn interpreted as [batch, heads, prototype_query, low_patch_source]",average_attn_weights=False not supported by current attention module; using module-specific return format.,0.9999998807907104,1.0,0.9989540596542932,0.9991063318882687,0.9999225253874219,0.0625,0.9583333333333334,1.0,0.0,0.0
25052316B,4,"(1, 1, 16, 180)","(16, 180)","raw_attn interpreted as [batch, heads, prototype_query, low_patch_source]",average_attn_weights=False not supported by current attention module; using module-specific return format.,0.9999997615814209,1.0000001192092896,0.9994206080001751,0.999620091837607,0.9999746620352488,0.0625,1.0,1.0,0.0,0.0
25054130B2,4,"(1, 1, 16, 71)","(16, 71)","raw_attn interpreted as [batch, heads, prototype_query, low_patch_source]",average_attn_weights=False not supported by current attention module; using module-specific return format.,0.9999998807907104,1.0000001192092896,0.9993135763788532,0.9995310092007017,0.9999870353139505,0.0625,1.0,1.0,0.0,0.0
25055380B2,4,"(1, 1, 16, 319)","(16, 319)","raw_attn interpreted as [batch, heads, prototype_query, low_patch_source]",average_attn_weights=False not supported by current attention module; using module-specific return format.,0.9999998807907104,1.0000001192092896,0.9986128492714077,0.9991738653677347,0.9999822695704891,0.0625,1.0,1.0,0.0,0.0
25057858B2,4,"(1, 1, 16, 212)","(16, 212)","raw_attn interpreted as [batch, heads, prototype_query, low_patch_source]",average_attn_weights=False not supported by current attention module; using module-specific return format.,0.9999998807907104,1.0,0.9987814389423167,0.9989274997573141,0.9999513410187062,0.0625,1.0,1.0,0.0,0.0
25058118B3,4,"(1, 1, 16, 96)","(16, 96)","raw_attn interpreted as [batch, heads, prototype_query, low_patch_source]",average_attn_weights=False not supported by current attention module; using module-specific return format.,0.9999998807907104,1.000000238418579,0.9994176458832965,0.9996446025159985,0.9999711151745448,0.0625,1.0,1.0,0.0,0.0
25058627B2,4,"(1, 1, 16, 209)","(16, 209)","raw_attn interpreted as [batch, heads, prototype_query, low_patch_source]",average_attn_weights=False not supported by current attention module; using module-specific return format.,0.9999998807907104,1.0000001192092896,0.9994399206457947,0.9995302022689478,0.999914938827082,0.0625,1.0,1.0,0.0,0.0
25059470B2,4,"(1, 1, 16, 144)","(16, 144)","raw_attn interpreted as [batch, heads, prototype_query, low_patch_source]",average_attn_weights=False not supported by current attention module; using module-specific return format.,0.9999998807907104,1.0000001192092896,0.9992407047658693,0.9994488059977846,0.9999823816078818,0.0625,1.0,0.9533333333333334,0.0,0.0
25063228B5,4,"(1, 1, 16, 101)","(16, 101)","raw_attn interpreted as [batch, heads, prototype_query, low_patch_source]",average_attn_weights=False not supported by current attention module; using module-specific return format.,0.9999998211860657,1.0000001192092896,0.9992402303460601,0.9994763687571666,0.999969865316883,0.0625,1.0,1.0,0.0,0.0
25063642B2,4,"(1, 1, 16, 35)","(16, 35)","raw_attn interpreted as [batch, heads, prototype_query, low_patch_source]",average_attn_weights=False not supported by current attention module; using module-specific return format.,0.9999998807907104,1.0000001192092896,0.9993372897548681,0.9995336124355371,0.9999901403568764,0.0625,0.9222222222222222,1.0,0.0,0.0
