slide_id,fold,top_m,anchor_rank,anchor_score,coord_x,coord_y
2460239-B2,0,3,1,0.16381341218948364,41904.0,40801.0
2460239-B2,0,3,2,0.07978372275829315,134468.0,47777.0
2460239-B2,0,3,3,0.07490711659193039,130372.0,43681.0
2460239-B2,0,5,1,0.16381341218948364,41904.0,40801.0
2460239-B2,0,5,2,0.07978372275829315,134468.0,47777.0
2460239-B2,0,5,3,0.07490711659193039,130372.0,43681.0
2460239-B2,0,5,4,0.058632075786590576,126276.0,47777.0
2460239-B2,0,5,5,0.05318881571292877,62384.0,48993.0
2460239-B2,0,10,1,0.16381341218948364,41904.0,40801.0
2460239-B2,0,10,2,0.07978372275829315,134468.0,47777.0
2460239-B2,0,10,3,0.07490711659193039,130372.0,43681.0
2460239-B2,0,10,4,0.058632075786590576,126276.0,47777.0
2460239-B2,0,10,5,0.05318881571292877,62384.0,48993.0
2460239-B2,0,10,6,0.0402977429330349,138564.0,43681.0
2460239-B2,0,10,7,0.03746486455202103,109892.0,31393.0
2460239-B2,0,10,8,0.028252964839339256,41904.0,44897.0
2460239-B2,0,10,9,0.025764014571905136,149110.0,5392.0
2460239-B2,0,10,10,0.025215595960617065,54192.0,44897.0
2460628-B2,0,3,1,0.06342955678701401,16928.0,28417.0
2460628-B2,0,3,2,0.059707872569561005,21024.0,44801.0
2460628-B2,0,3,3,0.05152256786823273,12832.0,24321.0
2460628-B2,0,5,1,0.06342955678701401,16928.0,28417.0
2460628-B2,0,5,2,0.059707872569561005,21024.0,44801.0
2460628-B2,0,5,3,0.05152256786823273,12832.0,24321.0
2460628-B2,0,5,4,0.04010312259197235,12832.0,28417.0
2460628-B2,0,5,5,0.03889016807079315,25120.0,36609.0
2460628-B2,0,10,1,0.06342955678701401,16928.0,28417.0
2460628-B2,0,10,2,0.059707872569561005,21024.0,44801.0
2460628-B2,0,10,3,0.05152256786823273,12832.0,24321.0
2460628-B2,0,10,4,0.04010312259197235,12832.0,28417.0
2460628-B2,0,10,5,0.03889016807079315,25120.0,36609.0
2460628-B2,0,10,6,0.03444625809788704,16928.0,12033.0
2460628-B2,0,10,7,0.02972327545285225,123523.0,34196.0
2460628-B2,0,10,8,0.029198329895734787,33312.0,40705.0
2460628-B2,0,10,9,0.027550604194402695,12832.0,40705.0
2460628-B2,0,10,10,0.025696244090795517,16928.0,48897.0
2460641-B2,0,3,1,0.02339326962828636,44624.0,74834.0
2460641-B2,0,3,2,0.018292156979441643,44624.0,66642.0
2460641-B2,0,3,3,0.017663508653640747,32336.0,50258.0
2460641-B2,0,5,1,0.02339326962828636,44624.0,74834.0
2460641-B2,0,5,2,0.018292156979441643,44624.0,66642.0
2460641-B2,0,5,3,0.017663508653640747,32336.0,50258.0
2460641-B2,0,5,4,0.017090070992708206,95942.0,37762.0
2460641-B2,0,5,5,0.016661640256643295,100038.0,62338.0
2460641-B2,0,10,1,0.02339326962828636,44624.0,74834.0
2460641-B2,0,10,2,0.018292156979441643,44624.0,66642.0
2460641-B2,0,10,3,0.017663508653640747,32336.0,50258.0
2460641-B2,0,10,4,0.017090070992708206,95942.0,37762.0
2460641-B2,0,10,5,0.016661640256643295,100038.0,62338.0
2460641-B2,0,10,6,0.014872143045067787,104134.0,54146.0
2460641-B2,0,10,7,0.014830579981207848,36432.0,58450.0
2460641-B2,0,10,8,0.014719565398991108,112326.0,74626.0
2460641-B2,0,10,9,0.014631718397140503,112326.0,66434.0
2460641-B2,0,10,10,0.013281207531690598,32336.0,29778.0
2460960-B,0,3,1,0.06725205481052399,45168.0,50737.0
2460960-B,0,3,2,0.062097564339637756,41072.0,50737.0
2460960-B,0,3,3,0.04145229607820511,96598.0,39840.0
2460960-B,0,5,1,0.06725205481052399,45168.0,50737.0
2460960-B,0,5,2,0.062097564339637756,41072.0,50737.0
2460960-B,0,5,3,0.04145229607820511,96598.0,39840.0
2460960-B,0,5,4,0.040800999850034714,32880.0,38449.0
2460960-B,0,5,5,0.025684725493192673,41072.0,54833.0
2460960-B,0,10,1,0.06725205481052399,45168.0,50737.0
2460960-B,0,10,2,0.062097564339637756,41072.0,50737.0
2460960-B,0,10,3,0.04145229607820511,96598.0,39840.0
2460960-B,0,10,4,0.040800999850034714,32880.0,38449.0
2460960-B,0,10,5,0.025684725493192673,41072.0,54833.0
2460960-B,0,10,6,0.023549694567918777,108886.0,43936.0
2460960-B,0,10,7,0.021224819123744965,36976.0,42545.0
2460960-B,0,10,8,0.01931716874241829,28784.0,34353.0
2460960-B,0,10,9,0.019079366698861122,100694.0,39840.0
2460960-B,0,10,10,0.01842299848794937,108886.0,27552.0
2461671-B2,0,3,1,0.06023619696497917,24160.0,68176.0
2461671-B2,0,3,2,0.037431150674819946,40544.0,51792.0
2461671-B2,0,3,3,0.034487299621105194,20064.0,55888.0
2461671-B2,0,5,1,0.06023619696497917,24160.0,68176.0
2461671-B2,0,5,2,0.037431150674819946,40544.0,51792.0
2461671-B2,0,5,3,0.034487299621105194,20064.0,55888.0
2461671-B2,0,5,4,0.027507510036230087,92723.0,53089.0
2461671-B2,0,5,5,0.025678414851427078,125491.0,53089.0
2461671-B2,0,10,1,0.06023619696497917,24160.0,68176.0
2461671-B2,0,10,2,0.037431150674819946,40544.0,51792.0
2461671-B2,0,10,3,0.034487299621105194,20064.0,55888.0
2461671-B2,0,10,4,0.027507510036230087,92723.0,53089.0
2461671-B2,0,10,5,0.025678414851427078,125491.0,53089.0
2461671-B2,0,10,6,0.021297425031661987,20064.0,64080.0
2461671-B2,0,10,7,0.020265623927116394,117299.0,57185.0
2461671-B2,0,10,8,0.01905151456594467,100915.0,65377.0
2461671-B2,0,10,9,0.015408840961754322,44640.0,55888.0
2461671-B2,0,10,10,0.014954008162021637,36448.0,43600.0
2461677-B2,0,3,1,0.18847355246543884,66786.0,14689.0
2461677-B2,0,3,2,0.1267162561416626,123110.0,14961.0
2461677-B2,0,3,3,0.06744475662708282,70882.0,18785.0
2461677-B2,0,5,1,0.18847355246543884,66786.0,14689.0
2461677-B2,0,5,2,0.1267162561416626,123110.0,14961.0
2461677-B2,0,5,3,0.06744475662708282,70882.0,18785.0
2461677-B2,0,5,4,0.06384892761707306,127206.0,14961.0
2461677-B2,0,5,5,0.048099882900714874,73892.0,38583.0
2461677-B2,0,10,1,0.18847355246543884,66786.0,14689.0
2461677-B2,0,10,2,0.1267162561416626,123110.0,14961.0
2461677-B2,0,10,3,0.06744475662708282,70882.0,18785.0
2461677-B2,0,10,4,0.06384892761707306,127206.0,14961.0
2461677-B2,0,10,5,0.048099882900714874,73892.0,38583.0
2461677-B2,0,10,6,0.04515865445137024,54498.0,14689.0
2461677-B2,0,10,7,0.043717384338378906,66786.0,18785.0
2461677-B2,0,10,8,0.041686199605464935,54498.0,18785.0
2461677-B2,0,10,9,0.028268102556467056,79074.0,18785.0
2461677-B2,0,10,10,0.026774927973747253,127206.0,19057.0
2461700-B2,0,3,1,0.15443752706050873,91431.0,33282.0
2461700-B2,0,3,2,0.12018907070159912,87335.0,25090.0
2461700-B2,0,3,3,0.08889912813901901,91431.0,25090.0
2461700-B2,0,5,1,0.15443752706050873,91431.0,33282.0
2461700-B2,0,5,2,0.12018907070159912,87335.0,25090.0
2461700-B2,0,5,3,0.08889912813901901,91431.0,25090.0
2461700-B2,0,5,4,0.06008429080247879,87335.0,29186.0
2461700-B2,0,5,5,0.045478373765945435,87335.0,33282.0
2461700-B2,0,10,1,0.15443752706050873,91431.0,33282.0
2461700-B2,0,10,2,0.12018907070159912,87335.0,25090.0
2461700-B2,0,10,3,0.08889912813901901,91431.0,25090.0
2461700-B2,0,10,4,0.06008429080247879,87335.0,29186.0
2461700-B2,0,10,5,0.045478373765945435,87335.0,33282.0
2461700-B2,0,10,6,0.04537881538271904,91431.0,29186.0
2461700-B2,0,10,7,0.04453866556286812,83239.0,29186.0
2461700-B2,0,10,8,0.04436151683330536,13360.0,27249.0
2461700-B2,0,10,9,0.03460925444960594,25648.0,14961.0
2461700-B2,0,10,10,0.03260631114244461,99623.0,29186.0
2462478-B2,0,3,1,0.059668563306331635,118629.0,27568.0
2462478-B2,0,3,2,0.049110330641269684,37553.0,56608.0
2462478-B2,0,3,3,0.048075806349515915,33457.0,52512.0
2462478-B2,0,5,1,0.059668563306331635,118629.0,27568.0
2462478-B2,0,5,2,0.049110330641269684,37553.0,56608.0
2462478-B2,0,5,3,0.048075806349515915,33457.0,52512.0
2462478-B2,0,5,4,0.04755651205778122,52737.0,30320.0
2462478-B2,0,5,5,0.0447014719247818,44545.0,34416.0
2462478-B2,0,10,1,0.059668563306331635,118629.0,27568.0
2462478-B2,0,10,2,0.049110330641269684,37553.0,56608.0
2462478-B2,0,10,3,0.048075806349515915,33457.0,52512.0
2462478-B2,0,10,4,0.04755651205778122,52737.0,30320.0
2462478-B2,0,10,5,0.0447014719247818,44545.0,34416.0
2462478-B2,0,10,6,0.03996556997299194,33457.0,48416.0
2462478-B2,0,10,7,0.037353917956352234,48641.0,22128.0
2462478-B2,0,10,8,0.0367407351732254,40449.0,38512.0
2462478-B2,0,10,9,0.03326566144824028,100005.0,45136.0
2462478-B2,0,10,10,0.030252980068325996,36353.0,38512.0
2462598-B,0,3,1,0.08995022624731064,113600.0,51410.0
2462598-B,0,3,2,0.05113576352596283,32512.0,50578.0
2462598-B,0,3,3,0.04824046418070793,113600.0,47314.0
2462598-B,0,5,1,0.08995022624731064,113600.0,51410.0
2462598-B,0,5,2,0.05113576352596283,32512.0,50578.0
2462598-B,0,5,3,0.04824046418070793,113600.0,47314.0
2462598-B,0,5,4,0.044146303087472916,105408.0,39122.0
2462598-B,0,5,5,0.04212938994169235,36608.0,54674.0
2462598-B,0,10,1,0.08995022624731064,113600.0,51410.0
2462598-B,0,10,2,0.05113576352596283,32512.0,50578.0
2462598-B,0,10,3,0.04824046418070793,113600.0,47314.0
2462598-B,0,10,4,0.044146303087472916,105408.0,39122.0
2462598-B,0,10,5,0.04212938994169235,36608.0,54674.0
2462598-B,0,10,6,0.04076231271028519,105408.0,47314.0
2462598-B,0,10,7,0.0394778735935688,117696.0,39122.0
2462598-B,0,10,8,0.03761463612318039,44800.0,42386.0
2462598-B,0,10,9,0.03400484845042229,32512.0,42386.0
2462598-B,0,10,10,0.032768286764621735,36608.0,42386.0
2462637-B2,0,3,1,0.15230746567249298,40576.0,67169.0
2462637-B2,0,3,2,0.04807336628437042,40576.0,46689.0
2462637-B2,0,3,3,0.03727136179804802,103765.0,39872.0
2462637-B2,0,5,1,0.15230746567249298,40576.0,67169.0
2462637-B2,0,5,2,0.04807336628437042,40576.0,46689.0
2462637-B2,0,5,3,0.03727136179804802,103765.0,39872.0
2462637-B2,0,5,4,0.03198448568582535,36480.0,42593.0
2462637-B2,0,5,5,0.029406588524580002,44672.0,42593.0
2462637-B2,0,10,1,0.15230746567249298,40576.0,67169.0
2462637-B2,0,10,2,0.04807336628437042,40576.0,46689.0
2462637-B2,0,10,3,0.03727136179804802,103765.0,39872.0
2462637-B2,0,10,4,0.03198448568582535,36480.0,42593.0
2462637-B2,0,10,5,0.029406588524580002,44672.0,42593.0
2462637-B2,0,10,6,0.028275828808546066,111957.0,48064.0
2462637-B2,0,10,7,0.028211846947669983,24192.0,58977.0
2462637-B2,0,10,8,0.027249690145254135,40576.0,50785.0
2462637-B2,0,10,9,0.025128556415438652,107861.0,43968.0
2462637-B2,0,10,10,0.02240540087223053,24192.0,42593.0
2463127-B3,0,3,1,0.08019428700208664,81810.0,19440.0
2463127-B3,0,3,2,0.0685155838727951,19984.0,22000.0
2463127-B3,0,3,3,0.04259417951107025,90002.0,52208.0
2463127-B3,0,5,1,0.08019428700208664,81810.0,19440.0
2463127-B3,0,5,2,0.0685155838727951,19984.0,22000.0
2463127-B3,0,5,3,0.04259417951107025,90002.0,52208.0
2463127-B3,0,5,4,0.03509518876671791,77714.0,19440.0
2463127-B3,0,5,5,0.026056790724396706,85906.0,19440.0
2463127-B3,0,10,1,0.08019428700208664,81810.0,19440.0
2463127-B3,0,10,2,0.0685155838727951,19984.0,22000.0
2463127-B3,0,10,3,0.04259417951107025,90002.0,52208.0
2463127-B3,0,10,4,0.03509518876671791,77714.0,19440.0
2463127-B3,0,10,5,0.026056790724396706,85906.0,19440.0
2463127-B3,0,10,6,0.02383096143603325,32272.0,54768.0
2463127-B3,0,10,7,0.021509431302547455,19984.0,17904.0
2463127-B3,0,10,8,0.020441468805074692,24080.0,26096.0
2463127-B3,0,10,9,0.01926613599061966,90002.0,48112.0
2463127-B3,0,10,10,0.018831459805369377,81810.0,15344.0
2463647-B2,0,3,1,0.15141722559928894,79510.0,34080.0
2463647-B2,0,3,2,0.09590459614992142,20032.0,31632.0
2463647-B2,0,3,3,0.08139364421367645,32320.0,43920.0
2463647-B2,0,5,1,0.15141722559928894,79510.0,34080.0
2463647-B2,0,5,2,0.09590459614992142,20032.0,31632.0
2463647-B2,0,5,3,0.08139364421367645,32320.0,43920.0
2463647-B2,0,5,4,0.036217100918293,83606.0,29984.0
2463647-B2,0,5,5,0.035695064812898636,20032.0,35728.0
2463647-B2,0,10,1,0.15141722559928894,79510.0,34080.0
2463647-B2,0,10,2,0.09590459614992142,20032.0,31632.0
2463647-B2,0,10,3,0.08139364421367645,32320.0,43920.0
2463647-B2,0,10,4,0.036217100918293,83606.0,29984.0
2463647-B2,0,10,5,0.035695064812898636,20032.0,35728.0
2463647-B2,0,10,6,0.0309070385992527,20032.0,39824.0
2463647-B2,0,10,7,0.02963772602379322,24128.0,31632.0
2463647-B2,0,10,8,0.025954928249120712,91798.0,21792.0
2463647-B2,0,10,9,0.025424014776945114,87702.0,21792.0
2463647-B2,0,10,10,0.02416713908314705,83606.0,25888.0
2463656-B2,0,3,1,0.11637699604034424,83313.0,28689.0
2463656-B2,0,3,2,0.11526530981063843,36528.0,36226.0
2463656-B2,0,3,3,0.07452070713043213,24240.0,28034.0
2463656-B2,0,5,1,0.11637699604034424,83313.0,28689.0
2463656-B2,0,5,2,0.11526530981063843,36528.0,36226.0
2463656-B2,0,5,3,0.07452070713043213,24240.0,28034.0
2463656-B2,0,5,4,0.05267249792814255,28336.0,23938.0
2463656-B2,0,5,5,0.04672178253531456,87409.0,24593.0
2463656-B2,0,10,1,0.11637699604034424,83313.0,28689.0
2463656-B2,0,10,2,0.11526530981063843,36528.0,36226.0
2463656-B2,0,10,3,0.07452070713043213,24240.0,28034.0
2463656-B2,0,10,4,0.05267249792814255,28336.0,23938.0
2463656-B2,0,10,5,0.04672178253531456,87409.0,24593.0
2463656-B2,0,10,6,0.03744417056441307,99697.0,32785.0
2463656-B2,0,10,7,0.02760361135005951,24240.0,32130.0
2463656-B2,0,10,8,0.02540121227502823,87409.0,32785.0
2463656-B2,0,10,9,0.025003816932439804,32432.0,28034.0
2463656-B2,0,10,10,0.02456635609269142,91505.0,28689.0
2464548-B,0,3,1,0.08208353072404861,138196.0,38368.0
2464548-B,0,3,2,0.0664241686463356,40656.0,33809.0
2464548-B,0,3,3,0.038122791796922684,138196.0,42464.0
2464548-B,0,5,1,0.08208353072404861,138196.0,38368.0
2464548-B,0,5,2,0.0664241686463356,40656.0,33809.0
2464548-B,0,5,3,0.038122791796922684,138196.0,42464.0
2464548-B,0,5,4,0.028607314452528954,32464.0,42001.0
2464548-B,0,5,5,0.02798018790781498,134100.0,50656.0
2464548-B,0,10,1,0.08208353072404861,138196.0,38368.0
2464548-B,0,10,2,0.0664241686463356,40656.0,33809.0
2464548-B,0,10,3,0.038122791796922684,138196.0,42464.0
2464548-B,0,10,4,0.028607314452528954,32464.0,42001.0
2464548-B,0,10,5,0.02798018790781498,134100.0,50656.0
2464548-B,0,10,6,0.020024016499519348,44752.0,42001.0
2464548-B,0,10,7,0.020011013373732567,105428.0,38368.0
2464548-B,0,10,8,0.018658051267266273,52944.0,58385.0
2464548-B,0,10,9,0.018574073910713196,65232.0,66577.0
2464548-B,0,10,10,0.018198641017079353,57040.0,29713.0
2465243-B2,0,3,1,0.06136312335729599,24656.0,62480.0
2465243-B2,0,3,2,0.037062570452690125,146404.0,66883.0
2465243-B2,0,3,3,0.028375351801514626,24656.0,25616.0
2465243-B2,0,5,1,0.06136312335729599,24656.0,62480.0
2465243-B2,0,5,2,0.037062570452690125,146404.0,66883.0
2465243-B2,0,5,3,0.028375351801514626,24656.0,25616.0
2465243-B2,0,5,4,0.027780655771493912,150500.0,66883.0
2465243-B2,0,5,5,0.024705028161406517,41040.0,50192.0
2465243-B2,0,10,1,0.06136312335729599,24656.0,62480.0
2465243-B2,0,10,2,0.037062570452690125,146404.0,66883.0
2465243-B2,0,10,3,0.028375351801514626,24656.0,25616.0
2465243-B2,0,10,4,0.027780655771493912,150500.0,66883.0
2465243-B2,0,10,5,0.024705028161406517,41040.0,50192.0
2465243-B2,0,10,6,0.021392861381173134,32848.0,29712.0
2465243-B2,0,10,7,0.01959206722676754,28752.0,42000.0
2465243-B2,0,10,8,0.019214153289794922,36944.0,62480.0
2465243-B2,0,10,9,0.017905963584780693,28752.0,29712.0
2465243-B2,0,10,10,0.016989052295684814,41040.0,54288.0
2465396-B2,0,3,1,0.07795912027359009,16016.0,45584.0
2465396-B2,0,3,2,0.05365237593650818,32400.0,41488.0
2465396-B2,0,3,3,0.047739896923303604,36496.0,33296.0
2465396-B2,0,5,1,0.07795912027359009,16016.0,45584.0
2465396-B2,0,5,2,0.05365237593650818,32400.0,41488.0
2465396-B2,0,5,3,0.047739896923303604,36496.0,33296.0
2465396-B2,0,5,4,0.047713764011859894,24208.0,41488.0
2465396-B2,0,5,5,0.0397355891764164,11920.0,61968.0
2465396-B2,0,10,1,0.07795912027359009,16016.0,45584.0
2465396-B2,0,10,2,0.05365237593650818,32400.0,41488.0
2465396-B2,0,10,3,0.047739896923303604,36496.0,33296.0
2465396-B2,0,10,4,0.047713764011859894,24208.0,41488.0
2465396-B2,0,10,5,0.0397355891764164,11920.0,61968.0
2465396-B2,0,10,6,0.03094192035496235,28304.0,37392.0
2465396-B2,0,10,7,0.03013233095407486,52880.0,41488.0
2465396-B2,0,10,8,0.027986476197838783,7824.0,61968.0
2465396-B2,0,10,9,0.027475837618112564,20112.0,61968.0
2465396-B2,0,10,10,0.02710815891623497,90291.0,32976.0
2465397-B,0,3,1,0.14176729321479797,44624.0,41936.0
2465397-B,0,3,2,0.08532431721687317,40528.0,17360.0
2465397-B,0,3,3,0.05906545743346214,32336.0,33744.0
2465397-B,0,5,1,0.14176729321479797,44624.0,41936.0
2465397-B,0,5,2,0.08532431721687317,40528.0,17360.0
2465397-B,0,5,3,0.05906545743346214,32336.0,33744.0
2465397-B,0,5,4,0.03958721458911896,44624.0,21456.0
2465397-B,0,5,5,0.039105527102947235,32336.0,41936.0
2465397-B,0,10,1,0.14176729321479797,44624.0,41936.0
2465397-B,0,10,2,0.08532431721687317,40528.0,17360.0
2465397-B,0,10,3,0.05906545743346214,32336.0,33744.0
2465397-B,0,10,4,0.03958721458911896,44624.0,21456.0
2465397-B,0,10,5,0.039105527102947235,32336.0,41936.0
2465397-B,0,10,6,0.02762933075428009,79925.0,29968.0
2465397-B,0,10,7,0.02597651258111,44624.0,17360.0
2465397-B,0,10,8,0.023144401609897614,108597.0,38160.0
2465397-B,0,10,9,0.02293885499238968,28240.0,33744.0
2465397-B,0,10,10,0.022036362439393997,44624.0,29648.0
2465568-B2,0,3,1,0.10752610117197037,83988.0,11728.0
2465568-B2,0,3,2,0.05476129800081253,24480.0,12672.0
2465568-B2,0,3,3,0.05247172713279724,32672.0,24960.0
2465568-B2,0,5,1,0.10752610117197037,83988.0,11728.0
2465568-B2,0,5,2,0.05476129800081253,24480.0,12672.0
2465568-B2,0,5,3,0.05247172713279724,32672.0,24960.0
2465568-B2,0,5,4,0.03888509050011635,83988.0,15824.0
2465568-B2,0,5,5,0.03313204646110535,88084.0,44496.0
2465568-B2,0,10,1,0.10752610117197037,83988.0,11728.0
2465568-B2,0,10,2,0.05476129800081253,24480.0,12672.0
2465568-B2,0,10,3,0.05247172713279724,32672.0,24960.0
2465568-B2,0,10,4,0.03888509050011635,83988.0,15824.0
2465568-B2,0,10,5,0.03313204646110535,88084.0,44496.0
2465568-B2,0,10,6,0.028589662164449692,32672.0,33152.0
2465568-B2,0,10,7,0.026752253994345665,28576.0,29056.0
2465568-B2,0,10,8,0.025586621835827827,75796.0,15824.0
2465568-B2,0,10,9,0.024055764079093933,16288.0,12672.0
2465568-B2,0,10,10,0.01887764409184456,28576.0,57728.0
2465608-B2,0,3,1,0.18209438025951385,135363.0,224.0
2465608-B2,0,3,2,0.15022478997707367,139459.0,224.0
2465608-B2,0,3,3,0.0879528746008873,140099.0,60592.0
2465608-B2,0,5,1,0.18209438025951385,135363.0,224.0
2465608-B2,0,5,2,0.15022478997707367,139459.0,224.0
2465608-B2,0,5,3,0.0879528746008873,140099.0,60592.0
2465608-B2,0,5,4,0.05665845423936844,136003.0,64688.0
2465608-B2,0,5,5,0.020751837641000748,140099.0,64688.0
2465608-B2,0,10,1,0.18209438025951385,135363.0,224.0
2465608-B2,0,10,2,0.15022478997707367,139459.0,224.0
2465608-B2,0,10,3,0.0879528746008873,140099.0,60592.0
2465608-B2,0,10,4,0.05665845423936844,136003.0,64688.0
2465608-B2,0,10,5,0.020751837641000748,140099.0,64688.0
2465608-B2,0,10,6,0.020569831132888794,48816.0,29632.0
2465608-B2,0,10,7,0.019647561013698578,28336.0,37824.0
2465608-B2,0,10,8,0.017736393958330154,103970.0,31616.0
2465608-B2,0,10,9,0.015798963606357574,120354.0,31616.0
2465608-B2,0,10,10,0.015229551121592522,32432.0,33728.0
2466264-B2,0,3,1,0.1295049488544464,122249.0,5392.0
2466264-B2,0,3,2,0.06048693507909775,28416.0,29505.0
2466264-B2,0,3,3,0.04676070809364319,36608.0,54081.0
2466264-B2,0,5,1,0.1295049488544464,122249.0,5392.0
2466264-B2,0,5,2,0.06048693507909775,28416.0,29505.0
2466264-B2,0,5,3,0.04676070809364319,36608.0,54081.0
2466264-B2,0,5,4,0.046520259231328964,123401.0,70120.0
2466264-B2,0,5,5,0.04629964753985405,36608.0,41793.0
2466264-B2,0,10,1,0.1295049488544464,122249.0,5392.0
2466264-B2,0,10,2,0.06048693507909775,28416.0,29505.0
2466264-B2,0,10,3,0.04676070809364319,36608.0,54081.0
2466264-B2,0,10,4,0.046520259231328964,123401.0,70120.0
2466264-B2,0,10,5,0.04629964753985405,36608.0,41793.0
2466264-B2,0,10,6,0.04441436752676964,122249.0,9488.0
2466264-B2,0,10,7,0.032715342938899994,24320.0,45889.0
2466264-B2,0,10,8,0.026703722774982452,122249.0,13584.0
2466264-B2,0,10,9,0.02646951749920845,109222.0,67857.0
2466264-B2,0,10,10,0.02486352249979973,44800.0,58177.0
2466923-B2,0,3,1,0.1152430921792984,15888.0,45521.0
2466923-B2,0,3,2,0.09162318706512451,15888.0,49617.0
2466923-B2,0,3,3,0.055829085409641266,11792.0,45521.0
2466923-B2,0,5,1,0.1152430921792984,15888.0,45521.0
2466923-B2,0,5,2,0.09162318706512451,15888.0,49617.0
2466923-B2,0,5,3,0.055829085409641266,11792.0,45521.0
2466923-B2,0,5,4,0.05279719829559326,11792.0,49617.0
2466923-B2,0,5,5,0.04958847165107727,83120.0,35345.0
2466923-B2,0,10,1,0.1152430921792984,15888.0,45521.0
2466923-B2,0,10,2,0.09162318706512451,15888.0,49617.0
2466923-B2,0,10,3,0.055829085409641266,11792.0,45521.0
2466923-B2,0,10,4,0.05279719829559326,11792.0,49617.0
2466923-B2,0,10,5,0.04958847165107727,83120.0,35345.0
2466923-B2,0,10,6,0.032185547053813934,11792.0,61905.0
2466923-B2,0,10,7,0.030018549412488937,7696.0,41425.0
2466923-B2,0,10,8,0.030011745169758797,79024.0,47633.0
2466923-B2,0,10,9,0.028289828449487686,74928.0,43537.0
2466923-B2,0,10,10,0.025515876710414886,74928.0,31249.0
2468673-B2,0,3,1,0.18024909496307373,97441.0,16337.0
2468673-B2,0,3,2,0.07648414373397827,118610.0,8928.0
2468673-B2,0,3,3,0.06683412194252014,122706.0,8928.0
2468673-B2,0,5,1,0.18024909496307373,97441.0,16337.0
2468673-B2,0,5,2,0.07648414373397827,118610.0,8928.0
2468673-B2,0,5,3,0.06683412194252014,122706.0,8928.0
2468673-B2,0,5,4,0.056707125157117844,81057.0,36817.0
2468673-B2,0,5,5,0.04653284326195717,89249.0,32721.0
2468673-B2,0,10,1,0.18024909496307373,97441.0,16337.0
2468673-B2,0,10,2,0.07648414373397827,118610.0,8928.0
2468673-B2,0,10,3,0.06683412194252014,122706.0,8928.0
2468673-B2,0,10,4,0.056707125157117844,81057.0,36817.0
2468673-B2,0,10,5,0.04653284326195717,89249.0,32721.0
2468673-B2,0,10,6,0.02696065977215767,99890.0,63193.0
2468673-B2,0,10,7,0.026355553418397903,93345.0,24529.0
2468673-B2,0,10,8,0.02591644413769245,28368.0,50306.0
2468673-B2,0,10,9,0.02421792782843113,85153.0,20433.0
2468673-B2,0,10,10,0.020711474120616913,93345.0,16337.0
2468796-B3,0,3,1,0.12895381450653076,58864.0,33329.0
2468796-B3,0,3,2,0.11163671314716339,126994.0,27008.0
2468796-B3,0,3,3,0.05957382172346115,54768.0,33329.0
2468796-B3,0,5,1,0.12895381450653076,58864.0,33329.0
2468796-B3,0,5,2,0.11163671314716339,126994.0,27008.0
2468796-B3,0,5,3,0.05957382172346115,54768.0,33329.0
2468796-B3,0,5,4,0.05471889674663544,42480.0,33329.0
2468796-B3,0,5,5,0.03394132852554321,122898.0,18816.0
2468796-B3,0,10,1,0.12895381450653076,58864.0,33329.0
2468796-B3,0,10,2,0.11163671314716339,126994.0,27008.0
2468796-B3,0,10,3,0.05957382172346115,54768.0,33329.0
2468796-B3,0,10,4,0.05471889674663544,42480.0,33329.0
2468796-B3,0,10,5,0.03394132852554321,122898.0,18816.0
2468796-B3,0,10,6,0.028516236692667007,67056.0,41521.0
2468796-B3,0,10,7,0.028018785640597343,135186.0,31104.0
2468796-B3,0,10,8,0.0278825331479311,50672.0,25137.0
2468796-B3,0,10,9,0.02729533240199089,114706.0,27008.0
2468796-B3,0,10,10,0.017867792397737503,38384.0,41521.0
2469004-B2,0,3,1,0.10663206875324249,56992.0,38930.0
2469004-B2,0,3,2,0.08336988836526871,65184.0,55314.0
2469004-B2,0,3,3,0.07006417214870453,77472.0,38930.0
2469004-B2,0,5,1,0.10663206875324249,56992.0,38930.0
2469004-B2,0,5,2,0.08336988836526871,65184.0,55314.0
2469004-B2,0,5,3,0.07006417214870453,77472.0,38930.0
2469004-B2,0,5,4,0.053933218121528625,69280.0,43026.0
2469004-B2,0,5,5,0.04742705449461937,146768.0,29938.0
2469004-B2,0,10,1,0.10663206875324249,56992.0,38930.0
2469004-B2,0,10,2,0.08336988836526871,65184.0,55314.0
2469004-B2,0,10,3,0.07006417214870453,77472.0,38930.0
2469004-B2,0,10,4,0.053933218121528625,69280.0,43026.0
2469004-B2,0,10,5,0.04742705449461937,146768.0,29938.0
2469004-B2,0,10,6,0.042542923241853714,81568.0,38930.0
2469004-B2,0,10,7,0.03107329085469246,77472.0,34834.0
2469004-B2,0,10,8,0.025233473628759384,65184.0,51218.0
2469004-B2,0,10,9,0.024837329983711243,130384.0,34034.0
2469004-B2,0,10,10,0.02168082818388939,36512.0,47122.0
2469029-B2,0,3,1,0.07358001172542572,95957.0,35280.0
2469029-B2,0,3,2,0.05844555050134659,36560.0,45073.0
2469029-B2,0,3,3,0.04593128338456154,95957.0,10704.0
2469029-B2,0,5,1,0.07358001172542572,95957.0,35280.0
2469029-B2,0,5,2,0.05844555050134659,36560.0,45073.0
2469029-B2,0,5,3,0.04593128338456154,95957.0,10704.0
2469029-B2,0,5,4,0.039666276425123215,32464.0,36881.0
2469029-B2,0,5,5,0.038413580507040024,18272.0,39460.0
2469029-B2,0,10,1,0.07358001172542572,95957.0,35280.0
2469029-B2,0,10,2,0.05844555050134659,36560.0,45073.0
2469029-B2,0,10,3,0.04593128338456154,95957.0,10704.0
2469029-B2,0,10,4,0.039666276425123215,32464.0,36881.0
2469029-B2,0,10,5,0.038413580507040024,18272.0,39460.0
2469029-B2,0,10,6,0.03502655401825905,44752.0,32785.0
2469029-B2,0,10,7,0.03491839021444321,32464.0,20497.0
2469029-B2,0,10,8,0.031094100326299667,20176.0,49169.0
2469029-B2,0,10,9,0.027610797435045242,87765.0,55760.0
2469029-B2,0,10,10,0.022651320323348045,32464.0,24593.0
2469033-B2,0,3,1,0.12706491351127625,19984.0,38545.0
2469033-B2,0,3,2,0.09440839290618896,84820.0,35297.0
2469033-B2,0,3,3,0.07800891995429993,15888.0,22161.0
2469033-B2,0,5,1,0.12706491351127625,19984.0,38545.0
2469033-B2,0,5,2,0.09440839290618896,84820.0,35297.0
2469033-B2,0,5,3,0.07800891995429993,15888.0,22161.0
2469033-B2,0,5,4,0.07317085564136505,76628.0,18913.0
2469033-B2,0,5,5,0.06553520262241364,24080.0,34449.0
2469033-B2,0,10,1,0.12706491351127625,19984.0,38545.0
2469033-B2,0,10,2,0.09440839290618896,84820.0,35297.0
2469033-B2,0,10,3,0.07800891995429993,15888.0,22161.0
2469033-B2,0,10,4,0.07317085564136505,76628.0,18913.0
2469033-B2,0,10,5,0.06553520262241364,24080.0,34449.0
2469033-B2,0,10,6,0.042776063084602356,24080.0,38545.0
2469033-B2,0,10,7,0.0422496572136879,19984.0,26257.0
2469033-B2,0,10,8,0.03924023360013962,15888.0,34449.0
2469033-B2,0,10,9,0.027404801920056343,24080.0,30353.0
2469033-B2,0,10,10,0.022251112386584282,76628.0,23009.0
2469496-B,0,3,1,0.09519148617982864,46672.0,16960.0
2469496-B,0,3,2,0.08250431716442108,42576.0,53824.0
2469496-B,0,3,3,0.05883753299713135,107524.0,27058.0
2469496-B,0,5,1,0.09519148617982864,46672.0,16960.0
2469496-B,0,5,2,0.08250431716442108,42576.0,53824.0
2469496-B,0,5,3,0.05883753299713135,107524.0,27058.0
2469496-B,0,5,4,0.04906077682971954,120596.0,30705.0
2469496-B,0,5,5,0.043407343327999115,26192.0,33344.0
2469496-B,0,10,1,0.09519148617982864,46672.0,16960.0
2469496-B,0,10,2,0.08250431716442108,42576.0,53824.0
2469496-B,0,10,3,0.05883753299713135,107524.0,27058.0
2469496-B,0,10,4,0.04906077682971954,120596.0,30705.0
2469496-B,0,10,5,0.043407343327999115,26192.0,33344.0
2469496-B,0,10,6,0.0334588885307312,22096.0,25152.0
2469496-B,0,10,7,0.0320625826716423,42576.0,21056.0
2469496-B,0,10,8,0.02972586639225483,98660.0,10160.0
2469496-B,0,10,9,0.02703660912811756,132884.0,42993.0
2469496-B,0,10,10,0.020881861448287964,106852.0,14256.0
2469569-B2,0,3,1,0.11895554512739182,56176.0,20049.0
2469569-B2,0,3,2,0.08037973940372467,56176.0,24145.0
2469569-B2,0,3,3,0.04543662443757057,52080.0,20049.0
2469569-B2,0,5,1,0.11895554512739182,56176.0,20049.0
2469569-B2,0,5,2,0.08037973940372467,56176.0,24145.0
2469569-B2,0,5,3,0.04543662443757057,52080.0,20049.0
2469569-B2,0,5,4,0.043495580554008484,16000.0,23570.0
2469569-B2,0,5,5,0.04334511607885361,11904.0,35858.0
2469569-B2,0,10,1,0.11895554512739182,56176.0,20049.0
2469569-B2,0,10,2,0.08037973940372467,56176.0,24145.0
2469569-B2,0,10,3,0.04543662443757057,52080.0,20049.0
2469569-B2,0,10,4,0.043495580554008484,16000.0,23570.0
2469569-B2,0,10,5,0.04334511607885361,11904.0,35858.0
2469569-B2,0,10,6,0.04017602279782295,56176.0,28241.0
2469569-B2,0,10,7,0.03577161952853203,11904.0,31762.0
2469569-B2,0,10,8,0.035605620592832565,47984.0,20049.0
2469569-B2,0,10,9,0.031002217903733253,56176.0,15953.0
2469569-B2,0,10,10,0.028333041816949844,20096.0,39954.0
2469849-B2,0,3,1,0.14618736505508423,44816.0,15873.0
2469849-B2,0,3,2,0.08997887372970581,103206.0,17153.0
2469849-B2,0,3,3,0.05473851412534714,107302.0,21249.0
2469849-B2,0,5,1,0.14618736505508423,44816.0,15873.0
2469849-B2,0,5,2,0.08997887372970581,103206.0,17153.0
2469849-B2,0,5,3,0.05473851412534714,107302.0,21249.0
2469849-B2,0,5,4,0.05269160866737366,24336.0,24065.0
2469849-B2,0,5,5,0.043135255575180054,28432.0,32257.0
2469849-B2,0,10,1,0.14618736505508423,44816.0,15873.0
2469849-B2,0,10,2,0.08997887372970581,103206.0,17153.0
2469849-B2,0,10,3,0.05473851412534714,107302.0,21249.0
2469849-B2,0,10,4,0.05269160866737366,24336.0,24065.0
2469849-B2,0,10,5,0.043135255575180054,28432.0,32257.0
2469849-B2,0,10,6,0.04011865332722664,44816.0,24065.0
2469849-B2,0,10,7,0.037100933492183685,36624.0,19969.0
2469849-B2,0,10,8,0.03531065583229065,99110.0,21249.0
2469849-B2,0,10,9,0.0336570143699646,103206.0,21249.0
2469849-B2,0,10,10,0.030894268304109573,32528.0,32257.0
2469927-B2,0,3,1,0.19828324019908905,93088.0,67588.0
2469927-B2,0,3,2,0.06902387738227844,109472.0,67588.0
2469927-B2,0,3,3,0.05529087409377098,135712.0,6928.0
2469927-B2,0,5,1,0.19828324019908905,93088.0,67588.0
2469927-B2,0,5,2,0.06902387738227844,109472.0,67588.0
2469927-B2,0,5,3,0.05529087409377098,135712.0,6928.0
2469927-B2,0,5,4,0.04362814128398895,135712.0,11024.0
2469927-B2,0,5,5,0.039219923317432404,40656.0,66785.0
2469927-B2,0,10,1,0.19828324019908905,93088.0,67588.0
2469927-B2,0,10,2,0.06902387738227844,109472.0,67588.0
2469927-B2,0,10,3,0.05529087409377098,135712.0,6928.0
2469927-B2,0,10,4,0.04362814128398895,135712.0,11024.0
2469927-B2,0,10,5,0.039219923317432404,40656.0,66785.0
2469927-B2,0,10,6,0.027053361758589745,24272.0,66785.0
2469927-B2,0,10,7,0.026270132511854172,28368.0,70881.0
2469927-B2,0,10,8,0.025797899812459946,24272.0,13537.0
2469927-B2,0,10,9,0.024865437299013138,24272.0,58593.0
2469927-B2,0,10,10,0.0216281246393919,105376.0,63492.0
2471237-B2,0,3,1,0.046833306550979614,52960.0,43728.0
2471237-B2,0,3,2,0.0304056815803051,118552.0,52288.0
2471237-B2,0,3,3,0.02703750506043434,114456.0,56384.0
2471237-B2,0,5,1,0.046833306550979614,52960.0,43728.0
2471237-B2,0,5,2,0.0304056815803051,118552.0,52288.0
2471237-B2,0,5,3,0.02703750506043434,114456.0,56384.0
2471237-B2,0,5,4,0.02567305602133274,130840.0,35904.0
2471237-B2,0,5,5,0.02516295574605465,52960.0,51920.0
2471237-B2,0,10,1,0.046833306550979614,52960.0,43728.0
2471237-B2,0,10,2,0.0304056815803051,118552.0,52288.0
2471237-B2,0,10,3,0.02703750506043434,114456.0,56384.0
2471237-B2,0,10,4,0.02567305602133274,130840.0,35904.0
2471237-B2,0,10,5,0.02516295574605465,52960.0,51920.0
2471237-B2,0,10,6,0.024516886100172997,48864.0,31440.0
2471237-B2,0,10,7,0.023245658725500107,36576.0,15056.0
2471237-B2,0,10,8,0.02323576807975769,126744.0,40000.0
2471237-B2,0,10,9,0.022973299026489258,122648.0,31808.0
2471237-B2,0,10,10,0.020988542586565018,126744.0,31808.0
2471452-B2,0,3,1,0.1565425992012024,20112.0,29235.0
2471452-B2,0,3,2,0.1072460263967514,102240.0,39345.0
2471452-B2,0,3,3,0.09146878123283386,20112.0,37427.0
2471452-B2,0,5,1,0.1565425992012024,20112.0,29235.0
2471452-B2,0,5,2,0.1072460263967514,102240.0,39345.0
2471452-B2,0,5,3,0.09146878123283386,20112.0,37427.0
2471452-B2,0,5,4,0.07863059639930725,114528.0,59643.0
2471452-B2,0,5,5,0.07345780730247498,89952.0,27057.0
2471452-B2,0,10,1,0.1565425992012024,20112.0,29235.0
2471452-B2,0,10,2,0.1072460263967514,102240.0,39345.0
2471452-B2,0,10,3,0.09146878123283386,20112.0,37427.0
2471452-B2,0,10,4,0.07863059639930725,114528.0,59643.0
2471452-B2,0,10,5,0.07345780730247498,89952.0,27057.0
2471452-B2,0,10,6,0.039498645812273026,28304.0,33331.0
2471452-B2,0,10,7,0.037864528596401215,36496.0,41523.0
2471452-B2,0,10,8,0.03326959162950516,118624.0,59643.0
2471452-B2,0,10,9,0.02799852192401886,89952.0,31153.0
2471452-B2,0,10,10,0.024208171293139458,94048.0,27057.0
2471884-B2,0,3,1,0.12595683336257935,35344.0,40963.0
2471884-B2,0,3,2,0.07629291713237762,77377.0,37604.0
2471884-B2,0,3,3,0.06477053463459015,77377.0,41700.0
2471884-B2,0,5,1,0.12595683336257935,35344.0,40963.0
2471884-B2,0,5,2,0.07629291713237762,77377.0,37604.0
2471884-B2,0,5,3,0.06477053463459015,77377.0,41700.0
2471884-B2,0,5,4,0.05850047618150711,101377.0,30257.0
2471884-B2,0,5,5,0.058419369161129,101377.0,42545.0
2471884-B2,0,10,1,0.12595683336257935,35344.0,40963.0
2471884-B2,0,10,2,0.07629291713237762,77377.0,37604.0
2471884-B2,0,10,3,0.06477053463459015,77377.0,41700.0
2471884-B2,0,10,4,0.05850047618150711,101377.0,30257.0
2471884-B2,0,10,5,0.058419369161129,101377.0,42545.0
2471884-B2,0,10,6,0.05471713840961456,31248.0,36867.0
2471884-B2,0,10,7,0.03222644701600075,89089.0,34353.0
2471884-B2,0,10,8,0.030732411891222,27152.0,36867.0
2471884-B2,0,10,9,0.02501881681382656,89089.0,17969.0
2471884-B2,0,10,10,0.02489844709634781,97281.0,26161.0
2471957-B,0,3,1,0.05870765447616577,28320.0,39248.0
2471957-B,0,3,2,0.05727307125926018,78021.0,35712.0
2471957-B,0,3,3,0.04960278049111366,20128.0,22864.0
2471957-B,0,5,1,0.05870765447616577,28320.0,39248.0
2471957-B,0,5,2,0.05727307125926018,78021.0,35712.0
2471957-B,0,5,3,0.04960278049111366,20128.0,22864.0
2471957-B,0,5,4,0.04580770432949066,24224.0,39248.0
2471957-B,0,5,5,0.045101266354322433,32416.0,26960.0
2471957-B,0,10,1,0.05870765447616577,28320.0,39248.0
2471957-B,0,10,2,0.05727307125926018,78021.0,35712.0
2471957-B,0,10,3,0.04960278049111366,20128.0,22864.0
2471957-B,0,10,4,0.04580770432949066,24224.0,39248.0
2471957-B,0,10,5,0.045101266354322433,32416.0,26960.0
2471957-B,0,10,6,0.041169632226228714,11936.0,35152.0
2471957-B,0,10,7,0.039581120014190674,28320.0,31056.0
2471957-B,0,10,8,0.03286432474851608,28320.0,26960.0
2471957-B,0,10,9,0.03028295934200287,90309.0,27520.0
2471957-B,0,10,10,0.027277767658233643,11936.0,39248.0
2471959-B2,0,3,1,0.12858720123767853,35073.0,56963.0
2471959-B2,0,3,2,0.10302293300628662,39169.0,48771.0
2471959-B2,0,3,3,0.08179333806037903,35073.0,61059.0
2471959-B2,0,5,1,0.12858720123767853,35073.0,56963.0
2471959-B2,0,5,2,0.10302293300628662,39169.0,48771.0
2471959-B2,0,5,3,0.08179333806037903,35073.0,61059.0
2471959-B2,0,5,4,0.03395122289657593,113783.0,61218.0
2471959-B2,0,5,5,0.033935803920030594,26881.0,44675.0
2471959-B2,0,10,1,0.12858720123767853,35073.0,56963.0
2471959-B2,0,10,2,0.10302293300628662,39169.0,48771.0
2471959-B2,0,10,3,0.08179333806037903,35073.0,61059.0
2471959-B2,0,10,4,0.03395122289657593,113783.0,61218.0
2471959-B2,0,10,5,0.033935803920030594,26881.0,44675.0
2471959-B2,0,10,6,0.03254449740052223,30977.0,40579.0
2471959-B2,0,10,7,0.0321783684194088,113783.0,40738.0
2471959-B2,0,10,8,0.028413809835910797,30977.0,44675.0
2471959-B2,0,10,9,0.025866448879241943,43265.0,52867.0
2471959-B2,0,10,10,0.024162739515304565,43265.0,61059.0
2471963-B,0,3,1,0.27788472175598145,17088.0,26210.0
2471963-B,0,3,2,0.20266780257225037,17088.0,30306.0
2471963-B,0,3,3,0.04827791824936867,84707.0,19025.0
2471963-B,0,5,1,0.27788472175598145,17088.0,26210.0
2471963-B,0,5,2,0.20266780257225037,17088.0,30306.0
2471963-B,0,5,3,0.04827791824936867,84707.0,19025.0
2471963-B,0,5,4,0.03749348223209381,12992.0,26210.0
2471963-B,0,5,5,0.02858813665807247,80611.0,43601.0
2471963-B,0,10,1,0.27788472175598145,17088.0,26210.0
2471963-B,0,10,2,0.20266780257225037,17088.0,30306.0
2471963-B,0,10,3,0.04827791824936867,84707.0,19025.0
2471963-B,0,10,4,0.03749348223209381,12992.0,26210.0
2471963-B,0,10,5,0.02858813665807247,80611.0,43601.0
2471963-B,0,10,6,0.02091464027762413,17088.0,34402.0
2471963-B,0,10,7,0.02063027024269104,12992.0,46690.0
2471963-B,0,10,8,0.0172487273812294,146870.0,1136.0
2471963-B,0,10,9,0.016122087836265564,49856.0,58978.0
2471963-B,0,10,10,0.01610121876001358,146870.0,5232.0
2473212-B4,0,3,1,0.1298854947090149,53488.0,14928.0
2473212-B4,0,3,2,0.0702064037322998,57584.0,14928.0
2473212-B4,0,3,3,0.05933460593223572,118551.0,19328.0
2473212-B4,0,5,1,0.1298854947090149,53488.0,14928.0
2473212-B4,0,5,2,0.0702064037322998,57584.0,14928.0
2473212-B4,0,5,3,0.05933460593223572,118551.0,19328.0
2473212-B4,0,5,4,0.04621609300374985,16624.0,31312.0
2473212-B4,0,5,5,0.04021280258893967,124315.0,57106.0
2473212-B4,0,10,1,0.1298854947090149,53488.0,14928.0
2473212-B4,0,10,2,0.0702064037322998,57584.0,14928.0
2473212-B4,0,10,3,0.05933460593223572,118551.0,19328.0
2473212-B4,0,10,4,0.04621609300374985,16624.0,31312.0
2473212-B4,0,10,5,0.04021280258893967,124315.0,57106.0
2473212-B4,0,10,6,0.03891477361321449,128411.0,53010.0
2473212-B4,0,10,7,0.03230314329266548,122647.0,19328.0
2473212-B4,0,10,8,0.02776603028178215,16624.0,27216.0
2473212-B4,0,10,9,0.026939887553453445,128411.0,57106.0
2473212-B4,0,10,10,0.021616369485855103,12528.0,23120.0
2473218-B3,0,3,1,0.07170304656028748,89399.0,37777.0
2473218-B3,0,3,2,0.05036263167858124,28992.0,57730.0
2473218-B3,0,3,3,0.038376256823539734,89399.0,50065.0
2473218-B3,0,5,1,0.07170304656028748,89399.0,37777.0
2473218-B3,0,5,2,0.05036263167858124,28992.0,57730.0
2473218-B3,0,5,3,0.038376256823539734,89399.0,50065.0
2473218-B3,0,5,4,0.035671573132276535,85303.0,37777.0
2473218-B3,0,5,5,0.031076835468411446,89399.0,54161.0
2473218-B3,0,10,1,0.07170304656028748,89399.0,37777.0
2473218-B3,0,10,2,0.05036263167858124,28992.0,57730.0
2473218-B3,0,10,3,0.038376256823539734,89399.0,50065.0
2473218-B3,0,10,4,0.035671573132276535,85303.0,37777.0
2473218-B3,0,10,5,0.031076835468411446,89399.0,54161.0
2473218-B3,0,10,6,0.030678845942020416,93495.0,41873.0
2473218-B3,0,10,7,0.029442239552736282,89399.0,62353.0
2473218-B3,0,10,8,0.027981996536254883,113468.0,74232.0
2473218-B3,0,10,9,0.025533240288496017,33088.0,57730.0
2473218-B3,0,10,10,0.024164609611034393,89399.0,41873.0
2473534-B2,0,3,1,0.058782853186130524,43488.0,34049.0
2473534-B2,0,3,2,0.04013856500387192,107507.0,16720.0
2473534-B2,0,3,3,0.03318476676940918,103411.0,20816.0
2473534-B2,0,5,1,0.058782853186130524,43488.0,34049.0
2473534-B2,0,5,2,0.04013856500387192,107507.0,16720.0
2473534-B2,0,5,3,0.03318476676940918,103411.0,20816.0
2473534-B2,0,5,4,0.030635397881269455,47584.0,34049.0
2473534-B2,0,5,5,0.0283603947609663,169509.0,71062.0
2473534-B2,0,10,1,0.058782853186130524,43488.0,34049.0
2473534-B2,0,10,2,0.04013856500387192,107507.0,16720.0
2473534-B2,0,10,3,0.03318476676940918,103411.0,20816.0
2473534-B2,0,10,4,0.030635397881269455,47584.0,34049.0
2473534-B2,0,10,5,0.0283603947609663,169509.0,71062.0
2473534-B2,0,10,6,0.027374984696507454,107507.0,24912.0
2473534-B2,0,10,7,0.027255751192569733,107507.0,12624.0
2473534-B2,0,10,8,0.026856087148189545,55776.0,38145.0
2473534-B2,0,10,9,0.023035507649183273,103411.0,16720.0
2473534-B2,0,10,10,0.0210566446185112,111603.0,24912.0
2473549-B,0,3,1,0.11409176141023636,100929.0,31602.0
2473549-B,0,3,2,0.0731804147362709,105025.0,35698.0
2473549-B,0,3,3,0.07219228893518448,109121.0,35698.0
2473549-B,0,5,1,0.11409176141023636,100929.0,31602.0
2473549-B,0,5,2,0.0731804147362709,105025.0,35698.0
2473549-B,0,5,3,0.07219228893518448,109121.0,35698.0
2473549-B,0,5,4,0.043027281761169434,20704.0,30994.0
2473549-B,0,5,5,0.03517769277095795,109121.0,39794.0
2473549-B,0,10,1,0.11409176141023636,100929.0,31602.0
2473549-B,0,10,2,0.0731804147362709,105025.0,35698.0
2473549-B,0,10,3,0.07219228893518448,109121.0,35698.0
2473549-B,0,10,4,0.043027281761169434,20704.0,30994.0
2473549-B,0,10,5,0.03517769277095795,109121.0,39794.0
2473549-B,0,10,6,0.03366399556398392,28896.0,39186.0
2473549-B,0,10,7,0.030522800981998444,37088.0,30994.0
2473549-B,0,10,8,0.025890793651342392,24800.0,35090.0
2473549-B,0,10,9,0.02113954722881317,28896.0,35090.0
2473549-B,0,10,10,0.01737397350370884,121409.0,27506.0
2473621-B3,0,3,1,0.16673198342323303,24224.0,39297.0
2473621-B3,0,3,2,0.07171981036663055,20128.0,22913.0
2473621-B3,0,3,3,0.06283162534236908,20128.0,31105.0
2473621-B3,0,5,1,0.16673198342323303,24224.0,39297.0
2473621-B3,0,5,2,0.07171981036663055,20128.0,22913.0
2473621-B3,0,5,3,0.06283162534236908,20128.0,31105.0
2473621-B3,0,5,4,0.05942631512880325,16032.0,22913.0
2473621-B3,0,5,5,0.054002974182367325,97012.0,37682.0
2473621-B3,0,10,1,0.16673198342323303,24224.0,39297.0
2473621-B3,0,10,2,0.07171981036663055,20128.0,22913.0
2473621-B3,0,10,3,0.06283162534236908,20128.0,31105.0
2473621-B3,0,10,4,0.05942631512880325,16032.0,22913.0
2473621-B3,0,10,5,0.054002974182367325,97012.0,37682.0
2473621-B3,0,10,6,0.0450165793299675,16032.0,31105.0
2473621-B3,0,10,7,0.04005159065127373,24224.0,31105.0
2473621-B3,0,10,8,0.037247106432914734,92916.0,25394.0
2473621-B3,0,10,9,0.028046339750289917,105204.0,45874.0
2473621-B3,0,10,10,0.026680996641516685,20128.0,35201.0
2474150-B3,0,3,1,0.06346039474010468,103925.0,38176.0
2474150-B3,0,3,2,0.042600616812705994,83445.0,34080.0
2474150-B3,0,3,3,0.03980649635195732,120309.0,50464.0
2474150-B3,0,5,1,0.06346039474010468,103925.0,38176.0
2474150-B3,0,5,2,0.042600616812705994,83445.0,34080.0
2474150-B3,0,5,3,0.03980649635195732,120309.0,50464.0
2474150-B3,0,5,4,0.034647006541490555,99829.0,25888.0
2474150-B3,0,5,5,0.0337953194975853,108021.0,34080.0
2474150-B3,0,10,1,0.06346039474010468,103925.0,38176.0
2474150-B3,0,10,2,0.042600616812705994,83445.0,34080.0
2474150-B3,0,10,3,0.03980649635195732,120309.0,50464.0
2474150-B3,0,10,4,0.034647006541490555,99829.0,25888.0
2474150-B3,0,10,5,0.0337953194975853,108021.0,34080.0
2474150-B3,0,10,6,0.02453511208295822,95733.0,25888.0
2474150-B3,0,10,7,0.023766949772834778,83445.0,29984.0
2474150-B3,0,10,8,0.02112729474902153,124405.0,42272.0
2474150-B3,0,10,9,0.020755929872393608,95733.0,29984.0
2474150-B3,0,10,10,0.019421303644776344,116213.0,38176.0
2474291-B2,0,3,1,0.0855669379234314,50128.0,58593.0
2474291-B2,0,3,2,0.05387097969651222,133760.0,49777.0
2474291-B2,0,3,3,0.04609663784503937,152784.0,70904.0
2474291-B2,0,5,1,0.0855669379234314,50128.0,58593.0
2474291-B2,0,5,2,0.05387097969651222,133760.0,49777.0
2474291-B2,0,5,3,0.04609663784503937,152784.0,70904.0
2474291-B2,0,5,4,0.03805716708302498,149184.0,7440.0
2474291-B2,0,5,5,0.03673098608851433,125568.0,62065.0
2474291-B2,0,10,1,0.0855669379234314,50128.0,58593.0
2474291-B2,0,10,2,0.05387097969651222,133760.0,49777.0
2474291-B2,0,10,3,0.04609663784503937,152784.0,70904.0
2474291-B2,0,10,4,0.03805716708302498,149184.0,7440.0
2474291-B2,0,10,5,0.03673098608851433,125568.0,62065.0
2474291-B2,0,10,6,0.03289748728275299,117376.0,66161.0
2474291-B2,0,10,7,0.02586141973733902,149184.0,11536.0
2474291-B2,0,10,8,0.024135025218129158,37840.0,58593.0
2474291-B2,0,10,9,0.02361891232430935,54224.0,58593.0
2474291-B2,0,10,10,0.020433787256479263,148688.0,75000.0
2474337-B3,0,3,1,0.06724509596824646,32928.0,45602.0
2474337-B3,0,3,2,0.05853208154439926,96532.0,48273.0
2474337-B3,0,3,3,0.040775272995233536,41120.0,29218.0
2474337-B3,0,5,1,0.06724509596824646,32928.0,45602.0
2474337-B3,0,5,2,0.05853208154439926,96532.0,48273.0
2474337-B3,0,5,3,0.040775272995233536,41120.0,29218.0
2474337-B3,0,5,4,0.02971019223332405,104724.0,44177.0
2474337-B3,0,5,5,0.019517047330737114,28832.0,53794.0
2474337-B3,0,10,1,0.06724509596824646,32928.0,45602.0
2474337-B3,0,10,2,0.05853208154439926,96532.0,48273.0
2474337-B3,0,10,3,0.040775272995233536,41120.0,29218.0
2474337-B3,0,10,4,0.02971019223332405,104724.0,44177.0
2474337-B3,0,10,5,0.019517047330737114,28832.0,53794.0
2474337-B3,0,10,6,0.01925787515938282,108820.0,44177.0
2474337-B3,0,10,7,0.018708158284425735,104724.0,52369.0
2474337-B3,0,10,8,0.01685592532157898,112916.0,35985.0
2474337-B3,0,10,9,0.01667473092675209,37024.0,25122.0
2474337-B3,0,10,10,0.015853065997362137,112916.0,31889.0
2474638-B3,0,3,1,0.25288569927215576,28177.0,25968.0
2474638-B3,0,3,2,0.18004867434501648,90007.0,34769.0
2474638-B3,0,3,3,0.05405035614967346,32273.0,21872.0
2474638-B3,0,5,1,0.25288569927215576,28177.0,25968.0
2474638-B3,0,5,2,0.18004867434501648,90007.0,34769.0
2474638-B3,0,5,3,0.05405035614967346,32273.0,21872.0
2474638-B3,0,5,4,0.04099348932504654,85911.0,34769.0
2474638-B3,0,5,5,0.037432026118040085,90007.0,30673.0
2474638-B3,0,10,1,0.25288569927215576,28177.0,25968.0
2474638-B3,0,10,2,0.18004867434501648,90007.0,34769.0
2474638-B3,0,10,3,0.05405035614967346,32273.0,21872.0
2474638-B3,0,10,4,0.04099348932504654,85911.0,34769.0
2474638-B3,0,10,5,0.037432026118040085,90007.0,30673.0
2474638-B3,0,10,6,0.029871035367250443,44561.0,21872.0
2474638-B3,0,10,7,0.029559608548879623,32273.0,25968.0
2474638-B3,0,10,8,0.016522055491805077,40465.0,46448.0
2474638-B3,0,10,9,0.014934169128537178,36369.0,50544.0
2474638-B3,0,10,10,0.014858614653348923,40465.0,30064.0
2474739-B2,0,3,1,0.07609190791845322,52880.0,18640.0
2474739-B2,0,3,2,0.06592284888029099,115511.0,37120.0
2474739-B2,0,3,3,0.030865373089909554,56976.0,39120.0
2474739-B2,0,5,1,0.07609190791845322,52880.0,18640.0
2474739-B2,0,5,2,0.06592284888029099,115511.0,37120.0
2474739-B2,0,5,3,0.030865373089909554,56976.0,39120.0
2474739-B2,0,5,4,0.02315622568130493,40592.0,26832.0
2474739-B2,0,5,5,0.022358950227499008,127799.0,41216.0
2474739-B2,0,10,1,0.07609190791845322,52880.0,18640.0
2474739-B2,0,10,2,0.06592284888029099,115511.0,37120.0
2474739-B2,0,10,3,0.030865373089909554,56976.0,39120.0
2474739-B2,0,10,4,0.02315622568130493,40592.0,26832.0
2474739-B2,0,10,5,0.022358950227499008,127799.0,41216.0
2474739-B2,0,10,6,0.018800903111696243,40592.0,39120.0
2474739-B2,0,10,7,0.018392413854599,115511.0,12544.0
2474739-B2,0,10,8,0.014973539859056473,36496.0,43216.0
2474739-B2,0,10,9,0.01478051021695137,123703.0,45312.0
2474739-B2,0,10,10,0.014282183721661568,103223.0,16640.0
2475011-B2,0,3,1,0.09292751550674438,32432.0,35488.0
2475011-B2,0,3,2,0.09081032872200012,94720.0,37441.0
2475011-B2,0,3,3,0.0658676028251648,32432.0,39584.0
2475011-B2,0,5,1,0.09292751550674438,32432.0,35488.0
2475011-B2,0,5,2,0.09081032872200012,94720.0,37441.0
2475011-B2,0,5,3,0.0658676028251648,32432.0,39584.0
2475011-B2,0,5,4,0.03377349302172661,90624.0,41537.0
2475011-B2,0,5,5,0.030333545058965683,82432.0,41537.0
2475011-B2,0,10,1,0.09292751550674438,32432.0,35488.0
2475011-B2,0,10,2,0.09081032872200012,94720.0,37441.0
2475011-B2,0,10,3,0.0658676028251648,32432.0,39584.0
2475011-B2,0,10,4,0.03377349302172661,90624.0,41537.0
2475011-B2,0,10,5,0.030333545058965683,82432.0,41537.0
2475011-B2,0,10,6,0.029215896502137184,86528.0,41537.0
2475011-B2,0,10,7,0.025338003411889076,28336.0,43680.0
2475011-B2,0,10,8,0.024499597027897835,86528.0,45633.0
2475011-B2,0,10,9,0.024188797920942307,16048.0,43680.0
2475011-B2,0,10,10,0.023762613534927368,24240.0,51872.0
2475022-B,0,3,1,0.08758789300918579,85665.0,58273.0
2475022-B,0,3,2,0.0839988961815834,110241.0,25505.0
2475022-B,0,3,3,0.05862528085708618,73377.0,58273.0
2475022-B,0,5,1,0.08758789300918579,85665.0,58273.0
2475022-B,0,5,2,0.0839988961815834,110241.0,25505.0
2475022-B,0,5,3,0.05862528085708618,73377.0,58273.0
2475022-B,0,5,4,0.047919582575559616,81569.0,58273.0
2475022-B,0,5,5,0.04572776332497597,12640.0,51408.0
2475022-B,0,10,1,0.08758789300918579,85665.0,58273.0
2475022-B,0,10,2,0.0839988961815834,110241.0,25505.0
2475022-B,0,10,3,0.05862528085708618,73377.0,58273.0
2475022-B,0,10,4,0.047919582575559616,81569.0,58273.0
2475022-B,0,10,5,0.04572776332497597,12640.0,51408.0
2475022-B,0,10,6,0.02493051439523697,81569.0,54177.0
2475022-B,0,10,7,0.021372349932789803,93857.0,41889.0
2475022-B,0,10,8,0.01993853785097599,93857.0,21409.0
2475022-B,0,10,9,0.019527584314346313,33120.0,26832.0
2475022-B,0,10,10,0.018653525039553642,20832.0,55504.0
2475126-B2,0,3,1,0.1292967051267624,48704.0,31952.0
2475126-B2,0,3,2,0.04789000004529953,44608.0,19664.0
2475126-B2,0,3,3,0.03873666003346443,48704.0,27856.0
2475126-B2,0,5,1,0.1292967051267624,48704.0,31952.0
2475126-B2,0,5,2,0.04789000004529953,44608.0,19664.0
2475126-B2,0,5,3,0.03873666003346443,48704.0,27856.0
2475126-B2,0,5,4,0.03524172678589821,101734.0,33888.0
2475126-B2,0,5,5,0.03406960517168045,114022.0,33888.0
2475126-B2,0,10,1,0.1292967051267624,48704.0,31952.0
2475126-B2,0,10,2,0.04789000004529953,44608.0,19664.0
2475126-B2,0,10,3,0.03873666003346443,48704.0,27856.0
2475126-B2,0,10,4,0.03524172678589821,101734.0,33888.0
2475126-B2,0,10,5,0.03406960517168045,114022.0,33888.0
2475126-B2,0,10,6,0.03276322782039642,11840.0,48336.0
2475126-B2,0,10,7,0.030695751309394836,118118.0,37984.0
2475126-B2,0,10,8,0.029760049656033516,40512.0,40144.0
2475126-B2,0,10,9,0.02254093624651432,11840.0,44240.0
2475126-B2,0,10,10,0.022183336317539215,32320.0,36048.0
2475349-B2,0,3,1,0.16316509246826172,108678.0,45202.0
2475349-B2,0,3,2,0.09017226845026016,38288.0,54402.0
2475349-B2,0,3,3,0.07162880152463913,34192.0,54402.0
2475349-B2,0,5,1,0.16316509246826172,108678.0,45202.0
2475349-B2,0,5,2,0.09017226845026016,38288.0,54402.0
2475349-B2,0,5,3,0.07162880152463913,34192.0,54402.0
2475349-B2,0,5,4,0.06704124808311462,104582.0,41106.0
2475349-B2,0,5,5,0.047066085040569305,30096.0,66690.0
2475349-B2,0,10,1,0.16316509246826172,108678.0,45202.0
2475349-B2,0,10,2,0.09017226845026016,38288.0,54402.0
2475349-B2,0,10,3,0.07162880152463913,34192.0,54402.0
2475349-B2,0,10,4,0.06704124808311462,104582.0,41106.0
2475349-B2,0,10,5,0.047066085040569305,30096.0,66690.0
2475349-B2,0,10,6,0.03267289698123932,21904.0,74882.0
2475349-B2,0,10,7,0.026341397315263748,104582.0,45202.0
2475349-B2,0,10,8,0.023742593824863434,104582.0,37010.0
2475349-B2,0,10,9,0.023122282698750496,38288.0,50306.0
2475349-B2,0,10,10,0.018886812031269073,17808.0,74882.0
2476252-B2,0,3,1,0.09979821741580963,20864.0,34642.0
2476252-B2,0,3,2,0.06991127878427505,79041.0,35265.0
2476252-B2,0,3,3,0.053627729415893555,12672.0,38738.0
2476252-B2,0,5,1,0.09979821741580963,20864.0,34642.0
2476252-B2,0,5,2,0.06991127878427505,79041.0,35265.0
2476252-B2,0,5,3,0.053627729415893555,12672.0,38738.0
2476252-B2,0,5,4,0.047597531229257584,20864.0,18258.0
2476252-B2,0,5,5,0.042607374489307404,74945.0,35265.0
2476252-B2,0,10,1,0.09979821741580963,20864.0,34642.0
2476252-B2,0,10,2,0.06991127878427505,79041.0,35265.0
2476252-B2,0,10,3,0.053627729415893555,12672.0,38738.0
2476252-B2,0,10,4,0.047597531229257584,20864.0,18258.0
2476252-B2,0,10,5,0.042607374489307404,74945.0,35265.0
2476252-B2,0,10,6,0.04085345193743706,24960.0,34642.0
2476252-B2,0,10,7,0.03656842187047005,16768.0,34642.0
2476252-B2,0,10,8,0.035724617540836334,12672.0,30546.0
2476252-B2,0,10,9,0.02900342270731926,87233.0,27073.0
2476252-B2,0,10,10,0.028639772906899452,8576.0,38738.0
2477189-B3,0,3,1,0.10077723115682602,24720.0,14752.0
2477189-B3,0,3,2,0.08883295208215714,94471.0,14720.0
2477189-B3,0,3,3,0.06385641545057297,12432.0,27040.0
2477189-B3,0,5,1,0.10077723115682602,24720.0,14752.0
2477189-B3,0,5,2,0.08883295208215714,94471.0,14720.0
2477189-B3,0,5,3,0.06385641545057297,12432.0,27040.0
2477189-B3,0,5,4,0.04479294270277023,98567.0,14720.0
2477189-B3,0,5,5,0.04421064630150795,32912.0,35232.0
2477189-B3,0,10,1,0.10077723115682602,24720.0,14752.0
2477189-B3,0,10,2,0.08883295208215714,94471.0,14720.0
2477189-B3,0,10,3,0.06385641545057297,12432.0,27040.0
2477189-B3,0,10,4,0.04479294270277023,98567.0,14720.0
2477189-B3,0,10,5,0.04421064630150795,32912.0,35232.0
2477189-B3,0,10,6,0.04020047187805176,90375.0,14720.0
2477189-B3,0,10,7,0.039323192089796066,28816.0,18848.0
2477189-B3,0,10,8,0.03252158313989639,16528.0,35232.0
2477189-B3,0,10,9,0.02860596403479576,90375.0,10624.0
2477189-B3,0,10,10,0.02776649408042431,12432.0,35232.0
2477541-B2,0,3,1,0.13712315261363983,120407.0,56090.0
2477541-B2,0,3,2,0.11502591520547867,124503.0,51994.0
2477541-B2,0,3,3,0.10023398697376251,124503.0,56090.0
2477541-B2,0,5,1,0.13712315261363983,120407.0,56090.0
2477541-B2,0,5,2,0.11502591520547867,124503.0,51994.0
2477541-B2,0,5,3,0.10023398697376251,124503.0,56090.0
2477541-B2,0,5,4,0.05225716531276703,128599.0,56090.0
2477541-B2,0,5,5,0.04729429632425308,50129.0,36481.0
2477541-B2,0,10,1,0.13712315261363983,120407.0,56090.0
2477541-B2,0,10,2,0.11502591520547867,124503.0,51994.0
2477541-B2,0,10,3,0.10023398697376251,124503.0,56090.0
2477541-B2,0,10,4,0.05225716531276703,128599.0,56090.0
2477541-B2,0,10,5,0.04729429632425308,50129.0,36481.0
2477541-B2,0,10,6,0.0387723371386528,37841.0,24193.0
2477541-B2,0,10,7,0.030472438782453537,103973.0,22801.0
2477541-B2,0,10,8,0.02951658144593239,41937.0,24193.0
2477541-B2,0,10,9,0.021298563107848167,33745.0,28289.0
2477541-B2,0,10,10,0.0202117208391428,46033.0,24193.0
2477809-B3,0,3,1,0.06416874378919601,24336.0,33744.0
2477809-B3,0,3,2,0.047419674694538116,28432.0,33744.0
2477809-B3,0,3,3,0.03977403789758682,16144.0,41936.0
2477809-B3,0,5,1,0.06416874378919601,24336.0,33744.0
2477809-B3,0,5,2,0.047419674694538116,28432.0,33744.0
2477809-B3,0,5,3,0.03977403789758682,16144.0,41936.0
2477809-B3,0,5,4,0.03370249643921852,88451.0,40160.0
2477809-B3,0,5,5,0.032166652381420135,7952.0,41936.0
2477809-B3,0,10,1,0.06416874378919601,24336.0,33744.0
2477809-B3,0,10,2,0.047419674694538116,28432.0,33744.0
2477809-B3,0,10,3,0.03977403789758682,16144.0,41936.0
2477809-B3,0,10,4,0.03370249643921852,88451.0,40160.0
2477809-B3,0,10,5,0.032166652381420135,7952.0,41936.0
2477809-B3,0,10,6,0.030045315623283386,7952.0,25552.0
2477809-B3,0,10,7,0.02360052429139614,84355.0,23776.0
2477809-B3,0,10,8,0.022624894976615906,7952.0,33744.0
2477809-B3,0,10,9,0.022575203329324722,28432.0,50128.0
2477809-B3,0,10,10,0.02134740725159645,28432.0,17360.0
2477949-B2,0,3,1,0.1525469571352005,11920.0,40385.0
2477949-B2,0,3,2,0.05364613234996796,32400.0,40385.0
2477949-B2,0,3,3,0.04643869400024414,24208.0,52673.0
2477949-B2,0,5,1,0.1525469571352005,11920.0,40385.0
2477949-B2,0,5,2,0.05364613234996796,32400.0,40385.0
2477949-B2,0,5,3,0.04643869400024414,24208.0,52673.0
2477949-B2,0,5,4,0.04596703499555588,80104.0,42962.0
2477949-B2,0,5,5,0.040848564356565475,16016.0,19905.0
2477949-B2,0,10,1,0.1525469571352005,11920.0,40385.0
2477949-B2,0,10,2,0.05364613234996796,32400.0,40385.0
2477949-B2,0,10,3,0.04643869400024414,24208.0,52673.0
2477949-B2,0,10,4,0.04596703499555588,80104.0,42962.0
2477949-B2,0,10,5,0.040848564356565475,16016.0,19905.0
2477949-B2,0,10,6,0.034144315868616104,80104.0,38866.0
2477949-B2,0,10,7,0.0332401841878891,28304.0,19905.0
2477949-B2,0,10,8,0.028845494613051414,28304.0,28097.0
2477949-B2,0,10,9,0.02618023008108139,16016.0,48577.0
2477949-B2,0,10,10,0.026123182848095894,11920.0,28097.0
2477977-B3,0,3,1,0.0937374085187912,7856.0,43440.0
2477977-B3,0,3,2,0.06503023952245712,40624.0,35248.0
2477977-B3,0,3,3,0.04832072556018829,44720.0,27056.0
2477977-B3,0,5,1,0.0937374085187912,7856.0,43440.0
2477977-B3,0,5,2,0.06503023952245712,40624.0,35248.0
2477977-B3,0,5,3,0.04832072556018829,44720.0,27056.0
2477977-B3,0,5,4,0.04593333974480629,36528.0,31152.0
2477977-B3,0,5,5,0.04074070230126381,57008.0,51632.0
2477977-B3,0,10,1,0.0937374085187912,7856.0,43440.0
2477977-B3,0,10,2,0.06503023952245712,40624.0,35248.0
2477977-B3,0,10,3,0.04832072556018829,44720.0,27056.0
2477977-B3,0,10,4,0.04593333974480629,36528.0,31152.0
2477977-B3,0,10,5,0.04074070230126381,57008.0,51632.0
2477977-B3,0,10,6,0.036200396716594696,112227.0,31616.0
2477977-B3,0,10,7,0.03184721991419792,75363.0,35712.0
2477977-B3,0,10,8,0.03173070400953293,44720.0,35248.0
2477977-B3,0,10,9,0.025031844154000282,40624.0,27056.0
2477977-B3,0,10,10,0.023292195051908493,36528.0,22960.0
2482056-B4,0,3,1,0.08446954190731049,24192.0,31472.0
2482056-B4,0,3,2,0.0817423015832901,48768.0,10992.0
2482056-B4,0,3,3,0.07320769131183624,56960.0,10992.0
2482056-B4,0,5,1,0.08446954190731049,24192.0,31472.0
2482056-B4,0,5,2,0.0817423015832901,48768.0,10992.0
2482056-B4,0,5,3,0.07320769131183624,56960.0,10992.0
2482056-B4,0,5,4,0.05447497218847275,112676.0,37184.0
2482056-B4,0,5,5,0.04343699291348457,108580.0,28992.0
2482056-B4,0,10,1,0.08446954190731049,24192.0,31472.0
2482056-B4,0,10,2,0.0817423015832901,48768.0,10992.0
2482056-B4,0,10,3,0.07320769131183624,56960.0,10992.0
2482056-B4,0,10,4,0.05447497218847275,112676.0,37184.0
2482056-B4,0,10,5,0.04343699291348457,108580.0,28992.0
2482056-B4,0,10,6,0.04029802605509758,129060.0,12608.0
2482056-B4,0,10,7,0.03595656156539917,145015.0,65447.0
2482056-B4,0,10,8,0.03291671723127365,36480.0,31472.0
2482056-B4,0,10,9,0.03137892857193947,148631.0,272.0
2482056-B4,0,10,10,0.02940179780125618,44672.0,31472.0
2482896-B2,0,3,1,0.1501609981060028,97526.0,50274.0
2482896-B2,0,3,2,0.12432387471199036,93430.0,50274.0
2482896-B2,0,3,3,0.08250288665294647,12368.0,39362.0
2482896-B2,0,5,1,0.1501609981060028,97526.0,50274.0
2482896-B2,0,5,2,0.12432387471199036,93430.0,50274.0
2482896-B2,0,5,3,0.08250288665294647,12368.0,39362.0
2482896-B2,0,5,4,0.049252547323703766,97526.0,46178.0
2482896-B2,0,5,5,0.032468050718307495,12368.0,35266.0
2482896-B2,0,10,1,0.1501609981060028,97526.0,50274.0
2482896-B2,0,10,2,0.12432387471199036,93430.0,50274.0
2482896-B2,0,10,3,0.08250288665294647,12368.0,39362.0
2482896-B2,0,10,4,0.049252547323703766,97526.0,46178.0
2482896-B2,0,10,5,0.032468050718307495,12368.0,35266.0
2482896-B2,0,10,6,0.02540833130478859,12368.0,27074.0
2482896-B2,0,10,7,0.02490946836769581,20560.0,43458.0
2482896-B2,0,10,8,0.024334833025932312,16464.0,39362.0
2482896-B2,0,10,9,0.024059399962425232,89334.0,29794.0
2482896-B2,0,10,10,0.02095828577876091,93430.0,29794.0
2482969-B,0,3,1,0.04000416770577431,97062.0,51648.0
2482969-B,0,3,2,0.03455129265785217,109350.0,47552.0
2482969-B,0,3,3,0.03336893767118454,105254.0,47552.0
2482969-B,0,5,1,0.04000416770577431,97062.0,51648.0
2482969-B,0,5,2,0.03455129265785217,109350.0,47552.0
2482969-B,0,5,3,0.03336893767118454,105254.0,47552.0
2482969-B,0,5,4,0.027090545743703842,36001.0,60417.0
2482969-B,0,5,5,0.026651356369256973,101158.0,55744.0
2482969-B,0,10,1,0.04000416770577431,97062.0,51648.0
2482969-B,0,10,2,0.03455129265785217,109350.0,47552.0
2482969-B,0,10,3,0.03336893767118454,105254.0,47552.0
2482969-B,0,10,4,0.027090545743703842,36001.0,60417.0
2482969-B,0,10,5,0.026651356369256973,101158.0,55744.0
2482969-B,0,10,6,0.023137053474783897,56481.0,35841.0
2482969-B,0,10,7,0.02261764369904995,117542.0,27072.0
2482969-B,0,10,8,0.022194692865014076,113446.0,43456.0
2482969-B,0,10,9,0.020976118743419647,27809.0,56321.0
2482969-B,0,10,10,0.0193493589758873,60577.0,44033.0
2483211-B2,0,3,1,0.13067205250263214,31824.0,31472.0
2483211-B2,0,3,2,0.1106092631816864,100752.0,51664.0
2483211-B2,0,3,3,0.052585750818252563,92560.0,51664.0
2483211-B2,0,5,1,0.13067205250263214,31824.0,31472.0
2483211-B2,0,5,2,0.1106092631816864,100752.0,51664.0
2483211-B2,0,5,3,0.052585750818252563,92560.0,51664.0
2483211-B2,0,5,4,0.035180993378162384,35920.0,31472.0
2483211-B2,0,5,5,0.03400634974241257,40016.0,39664.0
2483211-B2,0,10,1,0.13067205250263214,31824.0,31472.0
2483211-B2,0,10,2,0.1106092631816864,100752.0,51664.0
2483211-B2,0,10,3,0.052585750818252563,92560.0,51664.0
2483211-B2,0,10,4,0.035180993378162384,35920.0,31472.0
2483211-B2,0,10,5,0.03400634974241257,40016.0,39664.0
2483211-B2,0,10,6,0.028785493224859238,88464.0,39376.0
2483211-B2,0,10,7,0.02680046856403351,44112.0,39664.0
2483211-B2,0,10,8,0.026325248181819916,100752.0,35280.0
2483211-B2,0,10,9,0.025212343782186508,31824.0,35568.0
2483211-B2,0,10,10,0.02471643127501011,27728.0,39664.0
2483846-B,0,3,1,0.09083087742328644,130128.0,65131.0
2483846-B,0,3,2,0.08221134543418884,126032.0,65131.0
2483846-B,0,3,3,0.08009033650159836,24048.0,35841.0
2483846-B,0,5,1,0.09083087742328644,130128.0,65131.0
2483846-B,0,5,2,0.08221134543418884,126032.0,65131.0
2483846-B,0,5,3,0.08009033650159836,24048.0,35841.0
2483846-B,0,5,4,0.05138852819800377,86368.0,37681.0
2483846-B,0,5,5,0.03889365494251251,19952.0,39937.0
2483846-B,0,10,1,0.09083087742328644,130128.0,65131.0
2483846-B,0,10,2,0.08221134543418884,126032.0,65131.0
2483846-B,0,10,3,0.08009033650159836,24048.0,35841.0
2483846-B,0,10,4,0.05138852819800377,86368.0,37681.0
2483846-B,0,10,5,0.03889365494251251,19952.0,39937.0
2483846-B,0,10,6,0.033694639801979065,24048.0,39937.0
2483846-B,0,10,7,0.029988598078489304,119136.0,17201.0
2483846-B,0,10,8,0.01936083659529686,86368.0,41777.0
2483846-B,0,10,9,0.018247749656438828,15856.0,39937.0
2483846-B,0,10,10,0.017981301993131638,90464.0,41777.0
2483961-B3,0,3,1,0.10300116240978241,85811.0,27200.0
2483961-B3,0,3,2,0.05757424235343933,81715.0,31296.0
2483961-B3,0,3,3,0.040447741746902466,73523.0,31296.0
2483961-B3,0,5,1,0.10300116240978241,85811.0,27200.0
2483961-B3,0,5,2,0.05757424235343933,81715.0,31296.0
2483961-B3,0,5,3,0.040447741746902466,73523.0,31296.0
2483961-B3,0,5,4,0.03980172425508499,89907.0,23104.0
2483961-B3,0,5,5,0.03950415551662445,81715.0,19008.0
2483961-B3,0,10,1,0.10300116240978241,85811.0,27200.0
2483961-B3,0,10,2,0.05757424235343933,81715.0,31296.0
2483961-B3,0,10,3,0.040447741746902466,73523.0,31296.0
2483961-B3,0,10,4,0.03980172425508499,89907.0,23104.0
2483961-B3,0,10,5,0.03950415551662445,81715.0,19008.0
2483961-B3,0,10,6,0.03946070000529289,8432.0,39121.0
2483961-B3,0,10,7,0.0391022227704525,85811.0,35392.0
2483961-B3,0,10,8,0.036586400121450424,77619.0,35392.0
2483961-B3,0,10,9,0.03620532155036926,81715.0,27200.0
2483961-B3,0,10,10,0.03605050593614578,77619.0,39488.0
2483993-B2,0,3,1,0.08853726089000702,71585.0,47152.0
2483993-B2,0,3,2,0.07010998576879501,38817.0,18480.0
2483993-B2,0,3,3,0.04883021116256714,30625.0,26672.0
2483993-B2,0,5,1,0.08853726089000702,71585.0,47152.0
2483993-B2,0,5,2,0.07010998576879501,38817.0,18480.0
2483993-B2,0,5,3,0.04883021116256714,30625.0,26672.0
2483993-B2,0,5,4,0.03923998773097992,59297.0,18480.0
2483993-B2,0,5,5,0.03745302930474281,59297.0,75824.0
2483993-B2,0,10,1,0.08853726089000702,71585.0,47152.0
2483993-B2,0,10,2,0.07010998576879501,38817.0,18480.0
2483993-B2,0,10,3,0.04883021116256714,30625.0,26672.0
2483993-B2,0,10,4,0.03923998773097992,59297.0,18480.0
2483993-B2,0,10,5,0.03745302930474281,59297.0,75824.0
2483993-B2,0,10,6,0.03713831305503845,63393.0,71728.0
2483993-B2,0,10,7,0.03649839013814926,63393.0,43056.0
2483993-B2,0,10,8,0.018958432599902153,30625.0,22576.0
2483993-B2,0,10,9,0.017580922693014145,47009.0,59440.0
2483993-B2,0,10,10,0.01694287732243538,67489.0,55344.0
2484727-B2,0,3,1,0.059405066072940826,88629.0,22370.0
2484727-B2,0,3,2,0.05659610778093338,88629.0,18274.0
2484727-B2,0,3,3,0.055518750101327896,88629.0,38754.0
2484727-B2,0,5,1,0.059405066072940826,88629.0,22370.0
2484727-B2,0,5,2,0.05659610778093338,88629.0,18274.0
2484727-B2,0,5,3,0.055518750101327896,88629.0,38754.0
2484727-B2,0,5,4,0.05229249969124794,100917.0,30562.0
2484727-B2,0,5,5,0.04229018837213516,28096.0,26961.0
2484727-B2,0,10,1,0.059405066072940826,88629.0,22370.0
2484727-B2,0,10,2,0.05659610778093338,88629.0,18274.0
2484727-B2,0,10,3,0.055518750101327896,88629.0,38754.0
2484727-B2,0,10,4,0.05229249969124794,100917.0,30562.0
2484727-B2,0,10,5,0.04229018837213516,28096.0,26961.0
2484727-B2,0,10,6,0.04014548286795616,19904.0,43345.0
2484727-B2,0,10,7,0.032658882439136505,28096.0,39249.0
2484727-B2,0,10,8,0.02891770750284195,88629.0,34658.0
2484727-B2,0,10,9,0.02472081035375595,92725.0,42850.0
2484727-B2,0,10,10,0.02450409159064293,32192.0,35153.0
2484771-B3,0,3,1,0.18744754791259766,22833.0,18992.0
2484771-B3,0,3,2,0.07869947701692581,22833.0,14896.0
2484771-B3,0,3,3,0.06887117028236389,84743.0,32369.0
2484771-B3,0,5,1,0.18744754791259766,22833.0,18992.0
2484771-B3,0,5,2,0.07869947701692581,22833.0,14896.0
2484771-B3,0,5,3,0.06887117028236389,84743.0,32369.0
2484771-B3,0,5,4,0.06849448382854462,84743.0,28273.0
2484771-B3,0,5,5,0.05308760702610016,88839.0,24177.0
2484771-B3,0,10,1,0.18744754791259766,22833.0,18992.0
2484771-B3,0,10,2,0.07869947701692581,22833.0,14896.0
2484771-B3,0,10,3,0.06887117028236389,84743.0,32369.0
2484771-B3,0,10,4,0.06849448382854462,84743.0,28273.0
2484771-B3,0,10,5,0.05308760702610016,88839.0,24177.0
2484771-B3,0,10,6,0.04337121173739433,84743.0,24177.0
2484771-B3,0,10,7,0.041971854865550995,22833.0,10800.0
2484771-B3,0,10,8,0.0408623069524765,26929.0,18992.0
2484771-B3,0,10,9,0.02868805080652237,22833.0,23088.0
2484771-B3,0,10,10,0.027550285682082176,14641.0,10800.0
2484791-B3,0,3,1,0.10411006212234497,64807.0,26384.0
2484791-B3,0,3,2,0.10236315429210663,24081.0,27344.0
2484791-B3,0,3,3,0.08069056272506714,52519.0,38672.0
2484791-B3,0,5,1,0.10411006212234497,64807.0,26384.0
2484791-B3,0,5,2,0.10236315429210663,24081.0,27344.0
2484791-B3,0,5,3,0.08069056272506714,52519.0,38672.0
2484791-B3,0,5,4,0.053654994815588,24081.0,35536.0
2484791-B3,0,5,5,0.04157327860593796,19985.0,27344.0
2484791-B3,0,10,1,0.10411006212234497,64807.0,26384.0
2484791-B3,0,10,2,0.10236315429210663,24081.0,27344.0
2484791-B3,0,10,3,0.08069056272506714,52519.0,38672.0
2484791-B3,0,10,4,0.053654994815588,24081.0,35536.0
2484791-B3,0,10,5,0.04157327860593796,19985.0,27344.0
2484791-B3,0,10,6,0.03603699803352356,28177.0,23248.0
2484791-B3,0,10,7,0.02966819331049919,68903.0,26384.0
2484791-B3,0,10,8,0.02746371552348137,24081.0,31440.0
2484791-B3,0,10,9,0.027176599949598312,11793.0,27344.0
2484791-B3,0,10,10,0.026439964771270752,48423.0,26384.0
2485275-B2,0,3,1,0.03362097591161728,35872.0,35809.0
2485275-B2,0,3,2,0.03155933693051338,142368.0,48097.0
2485275-B2,0,3,3,0.027757976204156876,39968.0,52193.0
2485275-B2,0,5,1,0.03362097591161728,35872.0,35809.0
2485275-B2,0,5,2,0.03155933693051338,142368.0,48097.0
2485275-B2,0,5,3,0.027757976204156876,39968.0,52193.0
2485275-B2,0,5,4,0.02738189324736595,142368.0,44001.0
2485275-B2,0,5,5,0.02475130558013916,44064.0,56289.0
2485275-B2,0,10,1,0.03362097591161728,35872.0,35809.0
2485275-B2,0,10,2,0.03155933693051338,142368.0,48097.0
2485275-B2,0,10,3,0.027757976204156876,39968.0,52193.0
2485275-B2,0,10,4,0.02738189324736595,142368.0,44001.0
2485275-B2,0,10,5,0.02475130558013916,44064.0,56289.0
2485275-B2,0,10,6,0.02333071082830429,56352.0,31713.0
2485275-B2,0,10,7,0.022485118359327316,72736.0,52193.0
2485275-B2,0,10,8,0.01996200904250145,113696.0,35809.0
2485275-B2,0,10,9,0.019677776843309402,130080.0,48097.0
2485275-B2,0,10,10,0.019462013617157936,117792.0,56289.0
2485969-B2,0,3,1,0.038087405264377594,140961.0,51393.0
2485969-B2,0,3,2,0.03675469756126404,140961.0,47297.0
2485969-B2,0,3,3,0.029449593275785446,128673.0,47297.0
2485969-B2,0,5,1,0.038087405264377594,140961.0,51393.0
2485969-B2,0,5,2,0.03675469756126404,140961.0,47297.0
2485969-B2,0,5,3,0.029449593275785446,128673.0,47297.0
2485969-B2,0,5,4,0.025665579363703728,145057.0,51393.0
2485969-B2,0,5,5,0.02556874416768551,41024.0,19744.0
2485969-B2,0,10,1,0.038087405264377594,140961.0,51393.0
2485969-B2,0,10,2,0.03675469756126404,140961.0,47297.0
2485969-B2,0,10,3,0.029449593275785446,128673.0,47297.0
2485969-B2,0,10,4,0.025665579363703728,145057.0,51393.0
2485969-B2,0,10,5,0.02556874416768551,41024.0,19744.0
2485969-B2,0,10,6,0.023890502750873566,124577.0,43201.0
2485969-B2,0,10,7,0.022593315690755844,128673.0,59585.0
2485969-B2,0,10,8,0.021386923268437386,145057.0,47297.0
2485969-B2,0,10,9,0.019854465499520302,57408.0,44320.0
2485969-B2,0,10,10,0.018483489751815796,124577.0,55489.0
2486687-B3,0,3,1,0.059042755514383316,47505.0,41200.0
2486687-B3,0,3,2,0.04946117103099823,39313.0,65776.0
2486687-B3,0,3,3,0.03559540584683418,18833.0,37104.0
2486687-B3,0,5,1,0.059042755514383316,47505.0,41200.0
2486687-B3,0,5,2,0.04946117103099823,39313.0,65776.0
2486687-B3,0,5,3,0.03559540584683418,18833.0,37104.0
2486687-B3,0,5,4,0.03310595452785492,22929.0,33008.0
2486687-B3,0,5,5,0.028236057609319687,10641.0,28912.0
2486687-B3,0,10,1,0.059042755514383316,47505.0,41200.0
2486687-B3,0,10,2,0.04946117103099823,39313.0,65776.0
2486687-B3,0,10,3,0.03559540584683418,18833.0,37104.0
2486687-B3,0,10,4,0.03310595452785492,22929.0,33008.0
2486687-B3,0,10,5,0.028236057609319687,10641.0,28912.0
2486687-B3,0,10,6,0.023365776985883713,14737.0,28912.0
2486687-B3,0,10,7,0.021760359406471252,39313.0,33008.0
2486687-B3,0,10,8,0.018956860527396202,79575.0,37040.0
2486687-B3,0,10,9,0.017483584582805634,14737.0,33008.0
2486687-B3,0,10,10,0.01675325259566307,91863.0,24752.0
2486833-B2,0,3,1,0.14578953385353088,91172.0,50880.0
2486833-B2,0,3,2,0.07652647793292999,28592.0,50048.0
2486833-B2,0,3,3,0.054512105882167816,36784.0,50048.0
2486833-B2,0,5,1,0.14578953385353088,91172.0,50880.0
2486833-B2,0,5,2,0.07652647793292999,28592.0,50048.0
2486833-B2,0,5,3,0.054512105882167816,36784.0,50048.0
2486833-B2,0,5,4,0.05344569310545921,16304.0,33664.0
2486833-B2,0,5,5,0.05286543443799019,28592.0,58240.0
2486833-B2,0,10,1,0.14578953385353088,91172.0,50880.0
2486833-B2,0,10,2,0.07652647793292999,28592.0,50048.0
2486833-B2,0,10,3,0.054512105882167816,36784.0,50048.0
2486833-B2,0,10,4,0.05344569310545921,16304.0,33664.0
2486833-B2,0,10,5,0.05286543443799019,28592.0,58240.0
2486833-B2,0,10,6,0.03238190710544586,36784.0,54144.0
2486833-B2,0,10,7,0.02708195149898529,36784.0,45952.0
2486833-B2,0,10,8,0.024646036326885223,32688.0,54144.0
2486833-B2,0,10,9,0.022427953779697418,16304.0,37760.0
2486833-B2,0,10,10,0.021209336817264557,78884.0,46784.0
2487140-B2,0,3,1,0.22760728001594543,20833.0,60579.0
2487140-B2,0,3,2,0.07712893187999725,91608.0,45457.0
2487140-B2,0,3,3,0.07631537318229675,20833.0,48291.0
2487140-B2,0,5,1,0.22760728001594543,20833.0,60579.0
2487140-B2,0,5,2,0.07712893187999725,91608.0,45457.0
2487140-B2,0,5,3,0.07631537318229675,20833.0,48291.0
2487140-B2,0,5,4,0.060645692050457,91608.0,57745.0
2487140-B2,0,5,5,0.04288680851459503,20833.0,52387.0
2487140-B2,0,10,1,0.22760728001594543,20833.0,60579.0
2487140-B2,0,10,2,0.07712893187999725,91608.0,45457.0
2487140-B2,0,10,3,0.07631537318229675,20833.0,48291.0
2487140-B2,0,10,4,0.060645692050457,91608.0,57745.0
2487140-B2,0,10,5,0.04288680851459503,20833.0,52387.0
2487140-B2,0,10,6,0.03588303178548813,91608.0,41361.0
2487140-B2,0,10,7,0.031064020469784737,91608.0,33169.0
2487140-B2,0,10,8,0.028802528977394104,87512.0,49553.0
2487140-B2,0,10,9,0.025192245841026306,87512.0,45457.0
2487140-B2,0,10,10,0.019894171506166458,95704.0,57745.0
2487146-B2,0,3,1,0.08510948717594147,75653.0,38016.0
2487146-B2,0,3,2,0.07339384406805038,19568.0,41392.0
2487146-B2,0,3,3,0.06375601887702942,115112.0,60513.0
2487146-B2,0,5,1,0.08510948717594147,75653.0,38016.0
2487146-B2,0,5,2,0.07339384406805038,19568.0,41392.0
2487146-B2,0,5,3,0.06375601887702942,115112.0,60513.0
2487146-B2,0,5,4,0.04628797620534897,71557.0,46208.0
2487146-B2,0,5,5,0.04486106336116791,92037.0,29824.0
2487146-B2,0,10,1,0.08510948717594147,75653.0,38016.0
2487146-B2,0,10,2,0.07339384406805038,19568.0,41392.0
2487146-B2,0,10,3,0.06375601887702942,115112.0,60513.0
2487146-B2,0,10,4,0.04628797620534897,71557.0,46208.0
2487146-B2,0,10,5,0.04486106336116791,92037.0,29824.0
2487146-B2,0,10,6,0.035487134009599686,111016.0,60513.0
2487146-B2,0,10,7,0.03396748751401901,67461.0,46208.0
2487146-B2,0,10,8,0.03182964771986008,111016.0,56417.0
2487146-B2,0,10,9,0.02787727490067482,106920.0,60513.0
2487146-B2,0,10,10,0.027465494349598885,71557.0,50304.0
2487237-B2,0,3,1,0.09468670189380646,78148.0,41712.0
2487237-B2,0,3,2,0.0582519993185997,25952.0,42337.0
2487237-B2,0,3,3,0.044050682336091995,17760.0,42337.0
2487237-B2,0,5,1,0.09468670189380646,78148.0,41712.0
2487237-B2,0,5,2,0.0582519993185997,25952.0,42337.0
2487237-B2,0,5,3,0.044050682336091995,17760.0,42337.0
2487237-B2,0,5,4,0.040483053773641586,98628.0,37616.0
2487237-B2,0,5,5,0.03741433843970299,30048.0,42337.0
2487237-B2,0,10,1,0.09468670189380646,78148.0,41712.0
2487237-B2,0,10,2,0.0582519993185997,25952.0,42337.0
2487237-B2,0,10,3,0.044050682336091995,17760.0,42337.0
2487237-B2,0,10,4,0.040483053773641586,98628.0,37616.0
2487237-B2,0,10,5,0.03741433843970299,30048.0,42337.0
2487237-B2,0,10,6,0.03261805698275566,90436.0,29424.0
2487237-B2,0,10,7,0.0319998562335968,13664.0,50529.0
2487237-B2,0,10,8,0.031599827110767365,21856.0,30049.0
2487237-B2,0,10,9,0.030833669006824493,34144.0,42337.0
2487237-B2,0,10,10,0.030549027025699615,42336.0,46433.0
2487274-B2,0,3,1,0.07354514300823212,28400.0,22864.0
2487274-B2,0,3,2,0.04714702069759369,65846.0,36480.0
2487274-B2,0,3,3,0.030272047966718674,90422.0,40576.0
2487274-B2,0,5,1,0.07354514300823212,28400.0,22864.0
2487274-B2,0,5,2,0.04714702069759369,65846.0,36480.0
2487274-B2,0,5,3,0.030272047966718674,90422.0,40576.0
2487274-B2,0,5,4,0.029958020895719528,32496.0,39248.0
2487274-B2,0,5,5,0.027076343074440956,12016.0,59728.0
2487274-B2,0,10,1,0.07354514300823212,28400.0,22864.0
2487274-B2,0,10,2,0.04714702069759369,65846.0,36480.0
2487274-B2,0,10,3,0.030272047966718674,90422.0,40576.0
2487274-B2,0,10,4,0.029958020895719528,32496.0,39248.0
2487274-B2,0,10,5,0.027076343074440956,12016.0,59728.0
2487274-B2,0,10,6,0.02482903003692627,7920.0,35152.0
2487274-B2,0,10,7,0.02453329786658287,69942.0,61056.0
2487274-B2,0,10,8,0.02427203208208084,69942.0,52864.0
2487274-B2,0,10,9,0.02284078299999237,82230.0,32384.0
2487274-B2,0,10,10,0.022819597274065018,12016.0,18768.0
2487376-B2,0,3,1,0.055161718279123306,114449.0,31360.0
2487376-B2,0,3,2,0.03903259336948395,102161.0,27264.0
2487376-B2,0,3,3,0.0369800329208374,118545.0,35456.0
2487376-B2,0,5,1,0.055161718279123306,114449.0,31360.0
2487376-B2,0,5,2,0.03903259336948395,102161.0,27264.0
2487376-B2,0,5,3,0.0369800329208374,118545.0,35456.0
2487376-B2,0,5,4,0.03142356500029564,15680.0,61008.0
2487376-B2,0,5,5,0.03035486862063408,32064.0,36432.0
2487376-B2,0,10,1,0.055161718279123306,114449.0,31360.0
2487376-B2,0,10,2,0.03903259336948395,102161.0,27264.0
2487376-B2,0,10,3,0.0369800329208374,118545.0,35456.0
2487376-B2,0,10,4,0.03142356500029564,15680.0,61008.0
2487376-B2,0,10,5,0.03035486862063408,32064.0,36432.0
2487376-B2,0,10,6,0.02594044804573059,36160.0,36432.0
2487376-B2,0,10,7,0.02453341707587242,36160.0,20048.0
2487376-B2,0,10,8,0.022788768634200096,110353.0,39552.0
2487376-B2,0,10,9,0.020727459341287613,98065.0,55936.0
2487376-B2,0,10,10,0.020201895385980606,106257.0,35456.0
2487558-B2,0,3,1,0.06977146118879318,80530.0,43344.0
2487558-B2,0,3,2,0.06269161403179169,24160.0,24624.0
2487558-B2,0,3,3,0.0472431406378746,20064.0,49200.0
2487558-B2,0,5,1,0.06977146118879318,80530.0,43344.0
2487558-B2,0,5,2,0.06269161403179169,24160.0,24624.0
2487558-B2,0,5,3,0.0472431406378746,20064.0,49200.0
2487558-B2,0,5,4,0.04666526988148689,15968.0,24624.0
2487558-B2,0,5,5,0.0439954549074173,28256.0,61488.0
2487558-B2,0,10,1,0.06977146118879318,80530.0,43344.0
2487558-B2,0,10,2,0.06269161403179169,24160.0,24624.0
2487558-B2,0,10,3,0.0472431406378746,20064.0,49200.0
2487558-B2,0,10,4,0.04666526988148689,15968.0,24624.0
2487558-B2,0,10,5,0.0439954549074173,28256.0,61488.0
2487558-B2,0,10,6,0.03476545959711075,15968.0,28720.0
2487558-B2,0,10,7,0.034195151180028915,28256.0,32816.0
2487558-B2,0,10,8,0.03163307160139084,80530.0,39248.0
2487558-B2,0,10,9,0.02788812667131424,28256.0,41008.0
2487558-B2,0,10,10,0.02734510228037834,88722.0,22864.0
2488039-B2,0,3,1,0.2486332505941391,41152.0,23280.0
2488039-B2,0,3,2,0.05500810965895653,136072.0,272.0
2488039-B2,0,3,3,0.05193052440881729,104468.0,23904.0
2488039-B2,0,5,1,0.2486332505941391,41152.0,23280.0
2488039-B2,0,5,2,0.05500810965895653,136072.0,272.0
2488039-B2,0,5,3,0.05193052440881729,104468.0,23904.0
2488039-B2,0,5,4,0.04745893552899361,83988.0,44384.0
2488039-B2,0,5,5,0.03186241537332535,104468.0,52576.0
2488039-B2,0,10,1,0.2486332505941391,41152.0,23280.0
2488039-B2,0,10,2,0.05500810965895653,136072.0,272.0
2488039-B2,0,10,3,0.05193052440881729,104468.0,23904.0
2488039-B2,0,10,4,0.04745893552899361,83988.0,44384.0
2488039-B2,0,10,5,0.03186241537332535,104468.0,52576.0
2488039-B2,0,10,6,0.030949801206588745,88084.0,44384.0
2488039-B2,0,10,7,0.025167636573314667,41152.0,19184.0
2488039-B2,0,10,8,0.023689471185207367,133257.0,62375.0
2488039-B2,0,10,9,0.021367987617850304,137353.0,66471.0
2488039-B2,0,10,10,0.018741603940725327,131976.0,272.0
2488050-B3,0,3,1,0.051677726209163666,24368.0,66242.0
2488050-B3,0,3,2,0.03788917511701584,110688.0,32130.0
2488050-B3,0,3,3,0.031636763364076614,44848.0,33474.0
2488050-B3,0,5,1,0.051677726209163666,24368.0,66242.0
2488050-B3,0,5,2,0.03788917511701584,110688.0,32130.0
2488050-B3,0,5,3,0.031636763364076614,44848.0,33474.0
2488050-B3,0,5,4,0.02913738042116165,102496.0,48514.0
2488050-B3,0,5,5,0.02697101980447769,24368.0,49858.0
2488050-B3,0,10,1,0.051677726209163666,24368.0,66242.0
2488050-B3,0,10,2,0.03788917511701584,110688.0,32130.0
2488050-B3,0,10,3,0.031636763364076614,44848.0,33474.0
2488050-B3,0,10,4,0.02913738042116165,102496.0,48514.0
2488050-B3,0,10,5,0.02697101980447769,24368.0,49858.0
2488050-B3,0,10,6,0.02422393299639225,106592.0,52610.0
2488050-B3,0,10,7,0.023854579776525497,40752.0,29378.0
2488050-B3,0,10,8,0.019968556240200996,40752.0,33474.0
2488050-B3,0,10,9,0.01899089850485325,32560.0,49858.0
2488050-B3,0,10,10,0.01889297366142273,90208.0,40322.0
2488330-B2,0,3,1,0.0958564281463623,28320.0,38192.0
2488330-B2,0,3,2,0.06567102670669556,84227.0,41136.0
2488330-B2,0,3,3,0.03962860628962517,96515.0,32944.0
2488330-B2,0,5,1,0.0958564281463623,28320.0,38192.0
2488330-B2,0,5,2,0.06567102670669556,84227.0,41136.0
2488330-B2,0,5,3,0.03962860628962517,96515.0,32944.0
2488330-B2,0,5,4,0.03614357113838196,108803.0,49328.0
2488330-B2,0,5,5,0.03353039175271988,104707.0,37040.0
2488330-B2,0,10,1,0.0958564281463623,28320.0,38192.0
2488330-B2,0,10,2,0.06567102670669556,84227.0,41136.0
2488330-B2,0,10,3,0.03962860628962517,96515.0,32944.0
2488330-B2,0,10,4,0.03614357113838196,108803.0,49328.0
2488330-B2,0,10,5,0.03353039175271988,104707.0,37040.0
2488330-B2,0,10,6,0.02778632566332817,40608.0,42288.0
2488330-B2,0,10,7,0.02129550278186798,36512.0,21808.0
2488330-B2,0,10,8,0.020788326859474182,16032.0,21808.0
2488330-B2,0,10,9,0.020577263087034225,92419.0,12464.0
2488330-B2,0,10,10,0.020384717732667923,32416.0,21808.0
2488769-B2,0,3,1,0.10474254190921783,133080.0,11344.0
2488769-B2,0,3,2,0.059490934014320374,92597.0,29505.0
2488769-B2,0,3,3,0.05221486836671829,21520.0,26128.0
2488769-B2,0,5,1,0.10474254190921783,133080.0,11344.0
2488769-B2,0,5,2,0.059490934014320374,92597.0,29505.0
2488769-B2,0,5,3,0.05221486836671829,21520.0,26128.0
2488769-B2,0,5,4,0.04861505702137947,21520.0,22032.0
2488769-B2,0,5,5,0.04820941388607025,133032.0,75400.0
2488769-B2,0,10,1,0.10474254190921783,133080.0,11344.0
2488769-B2,0,10,2,0.059490934014320374,92597.0,29505.0
2488769-B2,0,10,3,0.05221486836671829,21520.0,26128.0
2488769-B2,0,10,4,0.04861505702137947,21520.0,22032.0
2488769-B2,0,10,5,0.04820941388607025,133032.0,75400.0
2488769-B2,0,10,6,0.03660072013735771,25616.0,50704.0
2488769-B2,0,10,7,0.030992615967988968,96693.0,54081.0
2488769-B2,0,10,8,0.029499202966690063,137176.0,11344.0
2488769-B2,0,10,9,0.026786059141159058,96693.0,41793.0
2488769-B2,0,10,10,0.026334740221500397,88501.0,58177.0
2489137-B4,0,3,1,0.041216664016246796,118498.0,68792.0
2489137-B4,0,3,2,0.033453308045864105,80673.0,56656.0
2489137-B4,0,3,3,0.030695004388689995,117906.0,8512.0
2489137-B4,0,5,1,0.041216664016246796,118498.0,68792.0
2489137-B4,0,5,2,0.033453308045864105,80673.0,56656.0
2489137-B4,0,5,3,0.030695004388689995,117906.0,8512.0
2489137-B4,0,5,4,0.027660241350531578,117906.0,4416.0
2489137-B4,0,5,5,0.02694586291909218,88865.0,40272.0
2489137-B4,0,10,1,0.041216664016246796,118498.0,68792.0
2489137-B4,0,10,2,0.033453308045864105,80673.0,56656.0
2489137-B4,0,10,3,0.030695004388689995,117906.0,8512.0
2489137-B4,0,10,4,0.027660241350531578,117906.0,4416.0
2489137-B4,0,10,5,0.02694586291909218,88865.0,40272.0
2489137-B4,0,10,6,0.02559717744588852,101153.0,36176.0
2489137-B4,0,10,7,0.02345413714647293,113810.0,8512.0
2489137-B4,0,10,8,0.02337201125919819,105249.0,36176.0
2489137-B4,0,10,9,0.01831759326159954,80673.0,64848.0
2489137-B4,0,10,10,0.01675216108560562,113441.0,23888.0
2489203-B,0,3,1,0.08271890133619308,151344.0,16384.0
2489203-B,0,3,2,0.03795236349105835,66464.0,36400.0
2489203-B,0,3,3,0.03590349853038788,82848.0,24112.0
2489203-B,0,5,1,0.08271890133619308,151344.0,16384.0
2489203-B,0,5,2,0.03795236349105835,66464.0,36400.0
2489203-B,0,5,3,0.03590349853038788,82848.0,24112.0
2489203-B,0,5,4,0.031070299446582794,130864.0,53248.0
2489203-B,0,5,5,0.028971347957849503,70560.0,52784.0
2489203-B,0,10,1,0.08271890133619308,151344.0,16384.0
2489203-B,0,10,2,0.03795236349105835,66464.0,36400.0
2489203-B,0,10,3,0.03590349853038788,82848.0,24112.0
2489203-B,0,10,4,0.031070299446582794,130864.0,53248.0
2489203-B,0,10,5,0.028971347957849503,70560.0,52784.0
2489203-B,0,10,6,0.023016102612018585,74656.0,32304.0
2489203-B,0,10,7,0.022248195484280586,62368.0,52784.0
2489203-B,0,10,8,0.021272562444210052,151344.0,24576.0
2489203-B,0,10,9,0.020459437742829323,134960.0,53248.0
2489203-B,0,10,10,0.01898243837058544,143152.0,61440.0
25012253B3,0,3,1,0.05799638479948044,79169.0,50757.0
25012253B3,0,3,2,0.04670065641403198,20784.0,26658.0
25012253B3,0,3,3,0.040655266493558884,79169.0,38469.0
25012253B3,0,5,1,0.05799638479948044,79169.0,50757.0
25012253B3,0,5,2,0.04670065641403198,20784.0,26658.0
25012253B3,0,5,3,0.040655266493558884,79169.0,38469.0
25012253B3,0,5,4,0.03533853963017464,79169.0,42565.0
25012253B3,0,5,5,0.03169303014874458,24880.0,38946.0
25012253B3,0,10,1,0.05799638479948044,79169.0,50757.0
25012253B3,0,10,2,0.04670065641403198,20784.0,26658.0
25012253B3,0,10,3,0.040655266493558884,79169.0,38469.0
25012253B3,0,10,4,0.03533853963017464,79169.0,42565.0
25012253B3,0,10,5,0.03169303014874458,24880.0,38946.0
25012253B3,0,10,6,0.031084993854165077,28976.0,38946.0
25012253B3,0,10,7,0.03072439320385456,83265.0,38469.0
25012253B3,0,10,8,0.028145942836999893,70977.0,46661.0
25012253B3,0,10,9,0.02794605679810047,79169.0,54853.0
25012253B3,0,10,10,0.026546571403741837,70977.0,54853.0
25012785B2,0,3,1,0.16268545389175415,52960.0,28593.0
25012785B2,0,3,2,0.03681929036974907,118519.0,42865.0
25012785B2,0,3,3,0.03623916581273079,36576.0,32689.0
25012785B2,0,5,1,0.16268545389175415,52960.0,28593.0
25012785B2,0,5,2,0.03681929036974907,118519.0,42865.0
25012785B2,0,5,3,0.03623916581273079,36576.0,32689.0
25012785B2,0,5,4,0.025746798142790794,126711.0,26481.0
25012785B2,0,5,5,0.02556745521724224,130807.0,22385.0
25012785B2,0,10,1,0.16268545389175415,52960.0,28593.0
25012785B2,0,10,2,0.03681929036974907,118519.0,42865.0
25012785B2,0,10,3,0.03623916581273079,36576.0,32689.0
25012785B2,0,10,4,0.025746798142790794,126711.0,26481.0
25012785B2,0,10,5,0.02556745521724224,130807.0,22385.0
25012785B2,0,10,6,0.024372387677431107,44768.0,36785.0
25012785B2,0,10,7,0.023949384689331055,52960.0,24497.0
25012785B2,0,10,8,0.023725083097815514,32480.0,65457.0
25012785B2,0,10,9,0.0194612555205822,126711.0,30577.0
25012785B2,0,10,10,0.018469154834747314,48864.0,40881.0
25013871B6,0,3,1,0.17388297617435455,40464.0,52769.0
25013871B6,0,3,2,0.06646477431058884,32272.0,40481.0
25013871B6,0,3,3,0.05395608767867088,44560.0,56865.0
25013871B6,0,5,1,0.17388297617435455,40464.0,52769.0
25013871B6,0,5,2,0.06646477431058884,32272.0,40481.0
25013871B6,0,5,3,0.05395608767867088,44560.0,56865.0
25013871B6,0,5,4,0.037571340799331665,111540.0,48289.0
25013871B6,0,5,5,0.033454857766628265,52752.0,48673.0
25013871B6,0,10,1,0.17388297617435455,40464.0,52769.0
25013871B6,0,10,2,0.06646477431058884,32272.0,40481.0
25013871B6,0,10,3,0.05395608767867088,44560.0,56865.0
25013871B6,0,10,4,0.037571340799331665,111540.0,48289.0
25013871B6,0,10,5,0.033454857766628265,52752.0,48673.0
25013871B6,0,10,6,0.03274105489253998,103348.0,52385.0
25013871B6,0,10,7,0.02662469446659088,36368.0,65057.0
25013871B6,0,10,8,0.024840697646141052,151255.0,71305.0
25013871B6,0,10,9,0.024250255897641182,28176.0,32289.0
25013871B6,0,10,10,0.02189963310956955,36368.0,56865.0
25014124B2,0,3,1,0.07920005172491074,112792.0,53296.0
25014124B2,0,3,2,0.06325933337211609,28880.0,45056.0
25014124B2,0,3,3,0.04786428064107895,100504.0,53296.0
25014124B2,0,5,1,0.07920005172491074,112792.0,53296.0
25014124B2,0,5,2,0.06325933337211609,28880.0,45056.0
25014124B2,0,5,3,0.04786428064107895,100504.0,53296.0
25014124B2,0,5,4,0.04072389006614685,24784.0,49152.0
25014124B2,0,5,5,0.03992108255624771,32976.0,65536.0
25014124B2,0,10,1,0.07920005172491074,112792.0,53296.0
25014124B2,0,10,2,0.06325933337211609,28880.0,45056.0
25014124B2,0,10,3,0.04786428064107895,100504.0,53296.0
25014124B2,0,10,4,0.04072389006614685,24784.0,49152.0
25014124B2,0,10,5,0.03992108255624771,32976.0,65536.0
25014124B2,0,10,6,0.035807229578495026,108696.0,53296.0
25014124B2,0,10,7,0.026173342019319534,28880.0,40960.0
25014124B2,0,10,8,0.02456849440932274,104600.0,41008.0
25014124B2,0,10,9,0.019469808787107468,49360.0,16384.0
25014124B2,0,10,10,0.018822062760591507,120984.0,16432.0
25014217B3,0,3,1,0.19232666492462158,36416.0,39793.0
25014217B3,0,3,2,0.05768512189388275,98817.0,43058.0
25014217B3,0,3,3,0.054090239107608795,40512.0,35697.0
25014217B3,0,5,1,0.19232666492462158,36416.0,39793.0
25014217B3,0,5,2,0.05768512189388275,98817.0,43058.0
25014217B3,0,5,3,0.054090239107608795,40512.0,35697.0
25014217B3,0,5,4,0.040080778300762177,44608.0,35697.0
25014217B3,0,5,5,0.03176310285925865,32320.0,56177.0
25014217B3,0,10,1,0.19232666492462158,36416.0,39793.0
25014217B3,0,10,2,0.05768512189388275,98817.0,43058.0
25014217B3,0,10,3,0.054090239107608795,40512.0,35697.0
25014217B3,0,10,4,0.040080778300762177,44608.0,35697.0
25014217B3,0,10,5,0.03176310285925865,32320.0,56177.0
25014217B3,0,10,6,0.027215000241994858,45344.0,22433.0
25014217B3,0,10,7,0.02459707483649254,102913.0,51250.0
25014217B3,0,10,8,0.023310260847210884,24128.0,39793.0
25014217B3,0,10,9,0.022424157708883286,36416.0,19313.0
25014217B3,0,10,10,0.02087700366973877,94721.0,38962.0
25014268B,0,3,1,0.08336418122053146,35777.0,28896.0
25014268B,0,3,2,0.060411859303712845,102423.0,25904.0
25014268B,0,3,3,0.059706881642341614,15297.0,49376.0
25014268B,0,5,1,0.08336418122053146,35777.0,28896.0
25014268B,0,5,2,0.060411859303712845,102423.0,25904.0
25014268B,0,5,3,0.059706881642341614,15297.0,49376.0
25014268B,0,5,4,0.04290829598903656,81943.0,30000.0
25014268B,0,5,5,0.040147311985492706,27585.0,45280.0
25014268B,0,10,1,0.08336418122053146,35777.0,28896.0
25014268B,0,10,2,0.060411859303712845,102423.0,25904.0
25014268B,0,10,3,0.059706881642341614,15297.0,49376.0
25014268B,0,10,4,0.04290829598903656,81943.0,30000.0
25014268B,0,10,5,0.040147311985492706,27585.0,45280.0
25014268B,0,10,6,0.036877986043691635,81943.0,46384.0
25014268B,0,10,7,0.03534189611673355,31681.0,24800.0
25014268B,0,10,8,0.03311966732144356,39873.0,28896.0
25014268B,0,10,9,0.026929890736937523,15297.0,53472.0
25014268B,0,10,10,0.02117879129946232,43969.0,32992.0
25014311B2,0,3,1,0.15272760391235352,14672.0,33985.0
25014311B2,0,3,2,0.0842183381319046,14672.0,25793.0
25014311B2,0,3,3,0.0753297284245491,78006.0,29361.0
25014311B2,0,5,1,0.15272760391235352,14672.0,33985.0
25014311B2,0,5,2,0.0842183381319046,14672.0,25793.0
25014311B2,0,5,3,0.0753297284245491,78006.0,29361.0
25014311B2,0,5,4,0.07290144264698029,22864.0,46273.0
25014311B2,0,5,5,0.06539959460496902,22864.0,29889.0
25014311B2,0,10,1,0.15272760391235352,14672.0,33985.0
25014311B2,0,10,2,0.0842183381319046,14672.0,25793.0
25014311B2,0,10,3,0.0753297284245491,78006.0,29361.0
25014311B2,0,10,4,0.07290144264698029,22864.0,46273.0
25014311B2,0,10,5,0.06539959460496902,22864.0,29889.0
25014311B2,0,10,6,0.05124221369624138,18768.0,25793.0
25014311B2,0,10,7,0.04999691620469093,78006.0,25265.0
25014311B2,0,10,8,0.03778451308608055,14672.0,29889.0
25014311B2,0,10,9,0.03414101526141167,22864.0,38081.0
25014311B2,0,10,10,0.03227519989013672,26960.0,46273.0
25014318B,0,3,1,0.0646161437034607,81508.0,39985.0
25014318B,0,3,2,0.06351979076862335,85604.0,35889.0
25014318B,0,3,3,0.05573552846908569,17872.0,40689.0
25014318B,0,5,1,0.0646161437034607,81508.0,39985.0
25014318B,0,5,2,0.06351979076862335,85604.0,35889.0
25014318B,0,5,3,0.05573552846908569,17872.0,40689.0
25014318B,0,5,4,0.04648556187748909,75332.0,54822.0
25014318B,0,5,5,0.03213416785001755,73316.0,15409.0
25014318B,0,10,1,0.0646161437034607,81508.0,39985.0
25014318B,0,10,2,0.06351979076862335,85604.0,35889.0
25014318B,0,10,3,0.05573552846908569,17872.0,40689.0
25014318B,0,10,4,0.04648556187748909,75332.0,54822.0
25014318B,0,10,5,0.03213416785001755,73316.0,15409.0
25014318B,0,10,6,0.031228039413690567,77412.0,23601.0
25014318B,0,10,7,0.031041938811540604,81508.0,27697.0
25014318B,0,10,8,0.028351549059152603,21968.0,32497.0
25014318B,0,10,9,0.028167571872472763,17872.0,28401.0
25014318B,0,10,10,0.02545054443180561,85604.0,19505.0
25014684B,0,3,1,0.21639573574066162,120611.0,31936.0
25014684B,0,3,2,0.048741910606622696,116515.0,40128.0
25014684B,0,3,3,0.04651757329702377,116515.0,27840.0
25014684B,0,5,1,0.21639573574066162,120611.0,31936.0
25014684B,0,5,2,0.048741910606622696,116515.0,40128.0
25014684B,0,5,3,0.04651757329702377,116515.0,27840.0
25014684B,0,5,4,0.04044733941555023,124707.0,36032.0
25014684B,0,5,5,0.04011615365743637,116515.0,36032.0
25014684B,0,10,1,0.21639573574066162,120611.0,31936.0
25014684B,0,10,2,0.048741910606622696,116515.0,40128.0
25014684B,0,10,3,0.04651757329702377,116515.0,27840.0
25014684B,0,10,4,0.04044733941555023,124707.0,36032.0
25014684B,0,10,5,0.04011615365743637,116515.0,36032.0
25014684B,0,10,6,0.030667375773191452,120611.0,40128.0
25014684B,0,10,7,0.02749689668416977,120611.0,27840.0
25014684B,0,10,8,0.026803284883499146,120611.0,36032.0
25014684B,0,10,9,0.026406442746520042,124707.0,40128.0
25014684B,0,10,10,0.023272277787327766,32160.0,32768.0
25015070B2,0,3,1,0.042993564158678055,11424.0,59968.0
25015070B2,0,3,2,0.03680499643087387,11424.0,64064.0
25015070B2,0,3,3,0.032831307500600815,27808.0,64064.0
25015070B2,0,5,1,0.042993564158678055,11424.0,59968.0
25015070B2,0,5,2,0.03680499643087387,11424.0,64064.0
25015070B2,0,5,3,0.032831307500600815,27808.0,64064.0
25015070B2,0,5,4,0.03150643780827522,31904.0,59968.0
25015070B2,0,5,5,0.03059748373925686,7328.0,59968.0
25015070B2,0,10,1,0.042993564158678055,11424.0,59968.0
25015070B2,0,10,2,0.03680499643087387,11424.0,64064.0
25015070B2,0,10,3,0.032831307500600815,27808.0,64064.0
25015070B2,0,10,4,0.03150643780827522,31904.0,59968.0
25015070B2,0,10,5,0.03059748373925686,7328.0,59968.0
25015070B2,0,10,6,0.029948607087135315,19616.0,55872.0
25015070B2,0,10,7,0.028291285037994385,94917.0,59008.0
25015070B2,0,10,8,0.022529443725943565,31904.0,47680.0
25015070B2,0,10,9,0.020746517926454544,103109.0,38528.0
25015070B2,0,10,10,0.02038479968905449,107205.0,50816.0
25015087B2,0,3,1,0.25718367099761963,96471.0,36224.0
25015087B2,0,3,2,0.10729038715362549,20560.0,35552.0
25015087B2,0,3,3,0.07501091808080673,16464.0,35552.0
25015087B2,0,5,1,0.25718367099761963,96471.0,36224.0
25015087B2,0,5,2,0.10729038715362549,20560.0,35552.0
25015087B2,0,5,3,0.07501091808080673,16464.0,35552.0
25015087B2,0,5,4,0.05584161728620529,92375.0,36224.0
25015087B2,0,5,5,0.044538307934999466,20560.0,31456.0
25015087B2,0,10,1,0.25718367099761963,96471.0,36224.0
25015087B2,0,10,2,0.10729038715362549,20560.0,35552.0
25015087B2,0,10,3,0.07501091808080673,16464.0,35552.0
25015087B2,0,10,4,0.05584161728620529,92375.0,36224.0
25015087B2,0,10,5,0.044538307934999466,20560.0,31456.0
25015087B2,0,10,6,0.04107348248362541,125143.0,64896.0
25015087B2,0,10,7,0.03715631365776062,24656.0,64224.0
25015087B2,0,10,8,0.03395897150039673,92375.0,32128.0
25015087B2,0,10,9,0.02273901365697384,20560.0,39648.0
25015087B2,0,10,10,0.015804864466190338,16464.0,39648.0
25015204B2,0,3,1,0.09354671090841293,93893.0,56080.0
25015204B2,0,3,2,0.0549338236451149,89797.0,68368.0
25015204B2,0,3,3,0.04391855001449585,102085.0,43792.0
25015204B2,0,5,1,0.09354671090841293,93893.0,56080.0
25015204B2,0,5,2,0.0549338236451149,89797.0,68368.0
25015204B2,0,5,3,0.04391855001449585,102085.0,43792.0
25015204B2,0,5,4,0.03808986023068428,28192.0,70801.0
25015204B2,0,5,5,0.0336926244199276,102085.0,72464.0
25015204B2,0,10,1,0.09354671090841293,93893.0,56080.0
25015204B2,0,10,2,0.0549338236451149,89797.0,68368.0
25015204B2,0,10,3,0.04391855001449585,102085.0,43792.0
25015204B2,0,10,4,0.03808986023068428,28192.0,70801.0
25015204B2,0,10,5,0.0336926244199276,102085.0,72464.0
25015204B2,0,10,6,0.031572453677654266,110277.0,64272.0
25015204B2,0,10,7,0.030459970235824585,93893.0,60176.0
25015204B2,0,10,8,0.028627287596464157,89797.0,60176.0
25015204B2,0,10,9,0.025906138122081757,118469.0,31504.0
25015204B2,0,10,10,0.025788504630327225,97989.0,72464.0
25015422B,0,3,1,0.07966766506433487,11584.0,27217.0
25015422B,0,3,2,0.061671726405620575,27968.0,23121.0
25015422B,0,3,3,0.05945395678281784,15680.0,27217.0
25015422B,0,5,1,0.07966766506433487,11584.0,27217.0
25015422B,0,5,2,0.061671726405620575,27968.0,23121.0
25015422B,0,5,3,0.05945395678281784,15680.0,27217.0
25015422B,0,5,4,0.04674085974693298,11584.0,23121.0
25015422B,0,5,5,0.04073566198348999,36160.0,19025.0
25015422B,0,10,1,0.07966766506433487,11584.0,27217.0
25015422B,0,10,2,0.061671726405620575,27968.0,23121.0
25015422B,0,10,3,0.05945395678281784,15680.0,27217.0
25015422B,0,10,4,0.04674085974693298,11584.0,23121.0
25015422B,0,10,5,0.04073566198348999,36160.0,19025.0
25015422B,0,10,6,0.038259051740169525,27968.0,19025.0
25015422B,0,10,7,0.03344429284334183,90278.0,22881.0
25015422B,0,10,8,0.0265812911093235,23872.0,23121.0
25015422B,0,10,9,0.018458722159266472,94374.0,18785.0
25015422B,0,10,10,0.01786358840763569,44352.0,31313.0
25015607B2,0,3,1,0.23591497540473938,29808.0,40898.0
25015607B2,0,3,2,0.08042888343334198,25712.0,40898.0
25015607B2,0,3,3,0.06870922446250916,42096.0,53186.0
25015607B2,0,5,1,0.23591497540473938,29808.0,40898.0
25015607B2,0,5,2,0.08042888343334198,25712.0,40898.0
25015607B2,0,5,3,0.06870922446250916,42096.0,53186.0
25015607B2,0,5,4,0.05761510133743286,106882.0,34498.0
25015607B2,0,5,5,0.04233323782682419,110978.0,34498.0
25015607B2,0,10,1,0.23591497540473938,29808.0,40898.0
25015607B2,0,10,2,0.08042888343334198,25712.0,40898.0
25015607B2,0,10,3,0.06870922446250916,42096.0,53186.0
25015607B2,0,10,4,0.05761510133743286,106882.0,34498.0
25015607B2,0,10,5,0.04233323782682419,110978.0,34498.0
25015607B2,0,10,6,0.040169842541217804,106882.0,46786.0
25015607B2,0,10,7,0.026683390140533447,29808.0,44994.0
25015607B2,0,10,8,0.024435650557279587,46192.0,49090.0
25015607B2,0,10,9,0.02236512117087841,123266.0,42690.0
25015607B2,0,10,10,0.021515415981411934,123266.0,50882.0
25015622B2,0,3,1,0.07292033731937408,92008.0,41776.0
25015622B2,0,3,2,0.0493021123111248,137883.0,33408.0
25015622B2,0,3,3,0.04253368824720383,28288.0,47344.0
25015622B2,0,5,1,0.07292033731937408,92008.0,41776.0
25015622B2,0,5,2,0.0493021123111248,137883.0,33408.0
25015622B2,0,5,3,0.04253368824720383,28288.0,47344.0
25015622B2,0,5,4,0.041777729988098145,92008.0,45872.0
25015622B2,0,5,5,0.03705669939517975,16000.0,43248.0
25015622B2,0,10,1,0.07292033731937408,92008.0,41776.0
25015622B2,0,10,2,0.0493021123111248,137883.0,33408.0
25015622B2,0,10,3,0.04253368824720383,28288.0,47344.0
25015622B2,0,10,4,0.041777729988098145,92008.0,45872.0
25015622B2,0,10,5,0.03705669939517975,16000.0,43248.0
25015622B2,0,10,6,0.029680531471967697,16000.0,63728.0
25015622B2,0,10,7,0.026807039976119995,61056.0,30960.0
25015622B2,0,10,8,0.022008657455444336,11904.0,63728.0
25015622B2,0,10,9,0.019318655133247375,129691.0,25216.0
25015622B2,0,10,10,0.019248628988862038,16000.0,51440.0
25015811B3,0,3,1,0.15609920024871826,46049.0,27491.0
25015811B3,0,3,2,0.10864663124084473,111654.0,29650.0
25015811B3,0,3,3,0.08464670181274414,41953.0,39779.0
25015811B3,0,5,1,0.15609920024871826,46049.0,27491.0
25015811B3,0,5,2,0.10864663124084473,111654.0,29650.0
25015811B3,0,5,3,0.08464670181274414,41953.0,39779.0
25015811B3,0,5,4,0.054759614169597626,50145.0,31587.0
25015811B3,0,5,5,0.04416413605213165,107558.0,41938.0
25015811B3,0,10,1,0.15609920024871826,46049.0,27491.0
25015811B3,0,10,2,0.10864663124084473,111654.0,29650.0
25015811B3,0,10,3,0.08464670181274414,41953.0,39779.0
25015811B3,0,10,4,0.054759614169597626,50145.0,31587.0
25015811B3,0,10,5,0.04416413605213165,107558.0,41938.0
25015811B3,0,10,6,0.04021896421909332,99366.0,29650.0
25015811B3,0,10,7,0.035452865064144135,95270.0,25554.0
25015811B3,0,10,8,0.025642629712820053,46049.0,35683.0
25015811B3,0,10,9,0.024655204266309738,37857.0,39779.0
25015811B3,0,10,10,0.02128153294324875,103462.0,17362.0
25015820B,0,3,1,0.07579305768013,104345.0,26672.0
25015820B,0,3,2,0.069420725107193,100249.0,51248.0
25015820B,0,3,3,0.0542917475104332,33104.0,33824.0
25015820B,0,5,1,0.07579305768013,104345.0,26672.0
25015820B,0,5,2,0.069420725107193,100249.0,51248.0
25015820B,0,5,3,0.0542917475104332,33104.0,33824.0
25015820B,0,5,4,0.03317392244935036,24912.0,29728.0
25015820B,0,5,5,0.03130041062831879,87961.0,30768.0
25015820B,0,10,1,0.07579305768013,104345.0,26672.0
25015820B,0,10,2,0.069420725107193,100249.0,51248.0
25015820B,0,10,3,0.0542917475104332,33104.0,33824.0
25015820B,0,10,4,0.03317392244935036,24912.0,29728.0
25015820B,0,10,5,0.03130041062831879,87961.0,30768.0
25015820B,0,10,6,0.025724288076162338,16720.0,25632.0
25015820B,0,10,7,0.02318747714161873,83865.0,30768.0
25015820B,0,10,8,0.023178506642580032,16720.0,37920.0
25015820B,0,10,9,0.023164944723248482,104345.0,30768.0
25015820B,0,10,10,0.02168239653110504,87961.0,38960.0
25015870B3,0,3,1,0.16235338151454926,152384.0,72745.0
25015870B3,0,3,2,0.08562426269054413,118064.0,43283.0
25015870B3,0,3,3,0.07954312860965729,156480.0,72745.0
25015870B3,0,5,1,0.16235338151454926,152384.0,72745.0
25015870B3,0,5,2,0.08562426269054413,118064.0,43283.0
25015870B3,0,5,3,0.07954312860965729,156480.0,72745.0
25015870B3,0,5,4,0.06873449683189392,152112.0,8977.0
25015870B3,0,5,5,0.05309862643480301,152112.0,13073.0
25015870B3,0,10,1,0.16235338151454926,152384.0,72745.0
25015870B3,0,10,2,0.08562426269054413,118064.0,43283.0
25015870B3,0,10,3,0.07954312860965729,156480.0,72745.0
25015870B3,0,10,4,0.06873449683189392,152112.0,8977.0
25015870B3,0,10,5,0.05309862643480301,152112.0,13073.0
25015870B3,0,10,6,0.04443570226430893,109872.0,43283.0
25015870B3,0,10,7,0.039969705045223236,118064.0,47379.0
25015870B3,0,10,8,0.03202080354094505,122160.0,39187.0
25015870B3,0,10,9,0.03050355240702629,109872.0,63763.0
25015870B3,0,10,10,0.026407457888126373,118064.0,39187.0
25017211B2,0,3,1,0.09798374027013779,20064.0,53218.0
25017211B2,0,3,2,0.07024964690208435,97504.0,54896.0
25017211B2,0,3,3,0.04762987047433853,93408.0,42608.0
25017211B2,0,5,1,0.09798374027013779,20064.0,53218.0
25017211B2,0,5,2,0.07024964690208435,97504.0,54896.0
25017211B2,0,5,3,0.04762987047433853,93408.0,42608.0
25017211B2,0,5,4,0.041659366339445114,89312.0,34416.0
25017211B2,0,5,5,0.039898376911878586,101600.0,54896.0
25017211B2,0,10,1,0.09798374027013779,20064.0,53218.0
25017211B2,0,10,2,0.07024964690208435,97504.0,54896.0
25017211B2,0,10,3,0.04762987047433853,93408.0,42608.0
25017211B2,0,10,4,0.041659366339445114,89312.0,34416.0
25017211B2,0,10,5,0.039898376911878586,101600.0,54896.0
25017211B2,0,10,6,0.026623332872986794,28256.0,40930.0
25017211B2,0,10,7,0.02515600062906742,85216.0,18032.0
25017211B2,0,10,8,0.022061672061681747,36448.0,36834.0
25017211B2,0,10,9,0.021943839266896248,101600.0,34416.0
25017211B2,0,10,10,0.021930627524852753,93408.0,38512.0
25017355B1,0,3,1,0.0460747554898262,115523.0,13424.0
25017355B1,0,3,2,0.030782276764512062,86851.0,46192.0
25017355B1,0,3,3,0.02770247310400009,11952.0,38560.0
25017355B1,0,5,1,0.0460747554898262,115523.0,13424.0
25017355B1,0,5,2,0.030782276764512062,86851.0,46192.0
25017355B1,0,5,3,0.02770247310400009,11952.0,38560.0
25017355B1,0,5,4,0.020751621574163437,36528.0,13984.0
25017355B1,0,5,5,0.01951446942985058,115523.0,38000.0
25017355B1,0,10,1,0.0460747554898262,115523.0,13424.0
25017355B1,0,10,2,0.030782276764512062,86851.0,46192.0
25017355B1,0,10,3,0.02770247310400009,11952.0,38560.0
25017355B1,0,10,4,0.020751621574163437,36528.0,13984.0
25017355B1,0,10,5,0.01951446942985058,115523.0,38000.0
25017355B1,0,10,6,0.019437547773122787,16048.0,46752.0
25017355B1,0,10,7,0.01899034157395363,24240.0,34464.0
25017355B1,0,10,8,0.018501266837120056,48816.0,13984.0
25017355B1,0,10,9,0.015529608353972435,44720.0,34464.0
25017355B1,0,10,10,0.014867160469293594,7856.0,67232.0
25017711B,0,3,1,0.048197709023952484,40464.0,27984.0
25017711B,0,3,2,0.03602840006351471,36368.0,44368.0
25017711B,0,3,3,0.032177530229091644,19984.0,60752.0
25017711B,0,5,1,0.048197709023952484,40464.0,27984.0
25017711B,0,5,2,0.03602840006351471,36368.0,44368.0
25017711B,0,5,3,0.032177530229091644,19984.0,60752.0
25017711B,0,5,4,0.028882773593068123,44560.0,60752.0
25017711B,0,5,5,0.026971351355314255,32272.0,27984.0
25017711B,0,10,1,0.048197709023952484,40464.0,27984.0
25017711B,0,10,2,0.03602840006351471,36368.0,44368.0
25017711B,0,10,3,0.032177530229091644,19984.0,60752.0
25017711B,0,10,4,0.028882773593068123,44560.0,60752.0
25017711B,0,10,5,0.026971351355314255,32272.0,27984.0
25017711B,0,10,6,0.0196779016405344,95303.0,53248.0
25017711B,0,10,7,0.018160806968808174,107591.0,24576.0
25017711B,0,10,8,0.014209294691681862,115783.0,28672.0
25017711B,0,10,9,0.013707302510738373,15888.0,56656.0
25017711B,0,10,10,0.013273730874061584,103495.0,20480.0
25017948B3,0,3,1,0.08703047037124634,103016.0,20976.0
25017948B3,0,3,2,0.07986467331647873,103016.0,37360.0
25017948B3,0,3,3,0.05797290429472923,94824.0,33264.0
25017948B3,0,5,1,0.08703047037124634,103016.0,20976.0
25017948B3,0,5,2,0.07986467331647873,103016.0,37360.0
25017948B3,0,5,3,0.05797290429472923,94824.0,33264.0
25017948B3,0,5,4,0.04452316462993622,94824.0,29168.0
25017948B3,0,5,5,0.03408988192677498,94824.0,20976.0
25017948B3,0,10,1,0.08703047037124634,103016.0,20976.0
25017948B3,0,10,2,0.07986467331647873,103016.0,37360.0
25017948B3,0,10,3,0.05797290429472923,94824.0,33264.0
25017948B3,0,10,4,0.04452316462993622,94824.0,29168.0
25017948B3,0,10,5,0.03408988192677498,94824.0,20976.0
25017948B3,0,10,6,0.03155480697751045,111208.0,20976.0
25017948B3,0,10,7,0.029088662937283516,28192.0,37440.0
25017948B3,0,10,8,0.02682587504386902,98920.0,20976.0
25017948B3,0,10,9,0.02202444151043892,86632.0,20976.0
25017948B3,0,10,10,0.02091844379901886,115304.0,45552.0
25019384B2,0,3,1,0.20787003636360168,100034.0,47266.0
25019384B2,0,3,2,0.09126930683851242,130403.0,10896.0
25019384B2,0,3,3,0.07420876622200012,91842.0,51362.0
25019384B2,0,5,1,0.20787003636360168,100034.0,47266.0
25019384B2,0,5,2,0.09126930683851242,130403.0,10896.0
25019384B2,0,5,3,0.07420876622200012,91842.0,51362.0
25019384B2,0,5,4,0.04601915180683136,131171.0,75720.0
25019384B2,0,5,5,0.03442564606666565,130403.0,6800.0
25019384B2,0,10,1,0.20787003636360168,100034.0,47266.0
25019384B2,0,10,2,0.09126930683851242,130403.0,10896.0
25019384B2,0,10,3,0.07420876622200012,91842.0,51362.0
25019384B2,0,10,4,0.04601915180683136,131171.0,75720.0
25019384B2,0,10,5,0.03442564606666565,130403.0,6800.0
25019384B2,0,10,6,0.033851318061351776,91842.0,55458.0
25019384B2,0,10,7,0.029350124299526215,24064.0,38402.0
25019384B2,0,10,8,0.026236556470394135,95938.0,51362.0
25019384B2,0,10,9,0.026165742427110672,100034.0,55458.0
25019384B2,0,10,10,0.023308856412768364,131171.0,71624.0
25021171B2,0,3,1,0.06297947466373444,58900.0,54672.0
25021171B2,0,3,2,0.04108421504497528,75284.0,42384.0
25021171B2,0,3,3,0.03975984454154968,67092.0,34192.0
25021171B2,0,5,1,0.06297947466373444,58900.0,54672.0
25021171B2,0,5,2,0.04108421504497528,75284.0,42384.0
25021171B2,0,5,3,0.03975984454154968,67092.0,34192.0
25021171B2,0,5,4,0.03505496308207512,79380.0,38288.0
25021171B2,0,5,5,0.026647206395864487,67092.0,50576.0
25021171B2,0,10,1,0.06297947466373444,58900.0,54672.0
25021171B2,0,10,2,0.04108421504497528,75284.0,42384.0
25021171B2,0,10,3,0.03975984454154968,67092.0,34192.0
25021171B2,0,10,4,0.03505496308207512,79380.0,38288.0
25021171B2,0,10,5,0.026647206395864487,67092.0,50576.0
25021171B2,0,10,6,0.026159942150115967,75284.0,54672.0
25021171B2,0,10,7,0.02598048560321331,62996.0,38288.0
25021171B2,0,10,8,0.025944292545318604,87572.0,42384.0
25021171B2,0,10,9,0.024807188659906387,62996.0,30096.0
25021171B2,0,10,10,0.020776968449354172,62996.0,34192.0
25021260B2,0,3,1,0.10396590828895569,97586.0,33440.0
25021260B2,0,3,2,0.08401058614253998,101682.0,41632.0
25021260B2,0,3,3,0.06857436895370483,43232.0,41537.0
25021260B2,0,5,1,0.10396590828895569,97586.0,33440.0
25021260B2,0,5,2,0.08401058614253998,101682.0,41632.0
25021260B2,0,5,3,0.06857436895370483,43232.0,41537.0
25021260B2,0,5,4,0.06550756096839905,89394.0,45728.0
25021260B2,0,5,5,0.044393010437488556,43232.0,37441.0
25021260B2,0,10,1,0.10396590828895569,97586.0,33440.0
25021260B2,0,10,2,0.08401058614253998,101682.0,41632.0
25021260B2,0,10,3,0.06857436895370483,43232.0,41537.0
25021260B2,0,10,4,0.06550756096839905,89394.0,45728.0
25021260B2,0,10,5,0.044393010437488556,43232.0,37441.0
25021260B2,0,10,6,0.03726512938737869,105778.0,45728.0
25021260B2,0,10,7,0.02703218162059784,51424.0,53825.0
25021260B2,0,10,8,0.023945661261677742,43232.0,45633.0
25021260B2,0,10,9,0.019780850037932396,39136.0,37441.0
25021260B2,0,10,10,0.018265144899487495,47328.0,49729.0
25021622B4,0,3,1,0.12032266706228256,11793.0,49553.0
25021622B4,0,3,2,0.059124596416950226,19985.0,45457.0
25021622B4,0,3,3,0.04109448567032814,28177.0,49553.0
25021622B4,0,5,1,0.12032266706228256,11793.0,49553.0
25021622B4,0,5,2,0.059124596416950226,19985.0,45457.0
25021622B4,0,5,3,0.04109448567032814,28177.0,49553.0
25021622B4,0,5,4,0.038621686398983,7697.0,45457.0
25021622B4,0,5,5,0.0361376591026783,78376.0,49170.0
25021622B4,0,10,1,0.12032266706228256,11793.0,49553.0
25021622B4,0,10,2,0.059124596416950226,19985.0,45457.0
25021622B4,0,10,3,0.04109448567032814,28177.0,49553.0
25021622B4,0,10,4,0.038621686398983,7697.0,45457.0
25021622B4,0,10,5,0.0361376591026783,78376.0,49170.0
25021622B4,0,10,6,0.033928386867046356,19985.0,20881.0
25021622B4,0,10,7,0.03389684483408928,15889.0,45457.0
25021622B4,0,10,8,0.029884887859225273,11793.0,45457.0
25021622B4,0,10,9,0.02860330045223236,15889.0,49553.0
25021622B4,0,10,10,0.027807017788290977,24081.0,33169.0
25021640B3,0,3,1,0.05268801748752594,101621.0,26433.0
25021640B3,0,3,2,0.044629428535699844,109813.0,51009.0
25021640B3,0,3,3,0.03695069998502731,45200.0,55969.0
25021640B3,0,5,1,0.05268801748752594,101621.0,26433.0
25021640B3,0,5,2,0.044629428535699844,109813.0,51009.0
25021640B3,0,5,3,0.03695069998502731,45200.0,55969.0
25021640B3,0,5,4,0.032659921795129776,37008.0,60065.0
25021640B3,0,5,5,0.026811284944415092,101621.0,38721.0
25021640B3,0,10,1,0.05268801748752594,101621.0,26433.0
25021640B3,0,10,2,0.044629428535699844,109813.0,51009.0
25021640B3,0,10,3,0.03695069998502731,45200.0,55969.0
25021640B3,0,10,4,0.032659921795129776,37008.0,60065.0
25021640B3,0,10,5,0.026811284944415092,101621.0,38721.0
25021640B3,0,10,6,0.021290384232997894,45200.0,60065.0
25021640B3,0,10,7,0.018803400918841362,109813.0,38721.0
25021640B3,0,10,8,0.017065150663256645,49296.0,60065.0
25021640B3,0,10,9,0.015576954931020737,118005.0,55105.0
25021640B3,0,10,10,0.015161940827965736,24720.0,51873.0
25022278B2,0,3,1,0.07897695899009705,19840.0,16113.0
25022278B2,0,3,2,0.047917671501636505,90742.0,25121.0
25022278B2,0,3,3,0.038964711129665375,86646.0,29217.0
25022278B2,0,5,1,0.07897695899009705,19840.0,16113.0
25022278B2,0,5,2,0.047917671501636505,90742.0,25121.0
25022278B2,0,5,3,0.038964711129665375,86646.0,29217.0
25022278B2,0,5,4,0.03282158076763153,28032.0,24305.0
25022278B2,0,5,5,0.029759155586361885,90742.0,29217.0
25022278B2,0,10,1,0.07897695899009705,19840.0,16113.0
25022278B2,0,10,2,0.047917671501636505,90742.0,25121.0
25022278B2,0,10,3,0.038964711129665375,86646.0,29217.0
25022278B2,0,10,4,0.03282158076763153,28032.0,24305.0
25022278B2,0,10,5,0.029759155586361885,90742.0,29217.0
25022278B2,0,10,6,0.028746601194143295,82550.0,21025.0
25022278B2,0,10,7,0.024373933672904968,40320.0,24305.0
25022278B2,0,10,8,0.023583319038152695,36224.0,24305.0
25022278B2,0,10,9,0.022422000765800476,94838.0,21025.0
25022278B2,0,10,10,0.022122688591480255,40320.0,20209.0
25023687B2,0,3,1,0.21650373935699463,116154.0,70184.0
25023687B2,0,3,2,0.06389866769313812,112058.0,74280.0
25023687B2,0,3,3,0.06107328087091446,30144.0,49152.0
25023687B2,0,5,1,0.21650373935699463,116154.0,70184.0
25023687B2,0,5,2,0.06389866769313812,112058.0,74280.0
25023687B2,0,5,3,0.06107328087091446,30144.0,49152.0
25023687B2,0,5,4,0.038508787751197815,116154.0,74280.0
25023687B2,0,5,5,0.02313820645213127,90374.0,26946.0
25023687B2,0,10,1,0.21650373935699463,116154.0,70184.0
25023687B2,0,10,2,0.06389866769313812,112058.0,74280.0
25023687B2,0,10,3,0.06107328087091446,30144.0,49152.0
25023687B2,0,10,4,0.038508787751197815,116154.0,74280.0
25023687B2,0,10,5,0.02313820645213127,90374.0,26946.0
25023687B2,0,10,6,0.022233817726373672,34240.0,53248.0
25023687B2,0,10,7,0.019950205460190773,30144.0,53248.0
25023687B2,0,10,8,0.019376564770936966,21952.0,24576.0
25023687B2,0,10,9,0.019159212708473206,90374.0,43330.0
25023687B2,0,10,10,0.01783832162618637,46528.0,65536.0
25023690B3,0,3,1,0.06597571074962616,37392.0,38226.0
25023690B3,0,3,2,0.060198791325092316,37392.0,46418.0
25023690B3,0,3,3,0.05507061630487442,37392.0,62802.0
25023690B3,0,5,1,0.06597571074962616,37392.0,38226.0
25023690B3,0,5,2,0.060198791325092316,37392.0,46418.0
25023690B3,0,5,3,0.05507061630487442,37392.0,62802.0
25023690B3,0,5,4,0.04763173311948776,98129.0,63569.0
25023690B3,0,5,5,0.04328043386340141,94033.0,59473.0
25023690B3,0,10,1,0.06597571074962616,37392.0,38226.0
25023690B3,0,10,2,0.060198791325092316,37392.0,46418.0
25023690B3,0,10,3,0.05507061630487442,37392.0,62802.0
25023690B3,0,10,4,0.04763173311948776,98129.0,63569.0
25023690B3,0,10,5,0.04328043386340141,94033.0,59473.0
25023690B3,0,10,6,0.03520125523209572,41488.0,34130.0
25023690B3,0,10,7,0.03344392031431198,94033.0,43089.0
25023690B3,0,10,8,0.027151985093951225,33296.0,38226.0
25023690B3,0,10,9,0.02492823265492916,106321.0,34897.0
25023690B3,0,10,10,0.024792203679680824,49680.0,38226.0
25023930B2,0,3,1,0.07685746997594833,23056.0,41265.0
25023930B2,0,3,2,0.07066309452056885,27152.0,41265.0
25023930B2,0,3,3,0.06988954544067383,27152.0,45361.0
25023930B2,0,5,1,0.07685746997594833,23056.0,41265.0
25023930B2,0,5,2,0.07066309452056885,27152.0,41265.0
25023930B2,0,5,3,0.06988954544067383,27152.0,45361.0
25023930B2,0,5,4,0.03854701668024063,23056.0,45361.0
25023930B2,0,5,5,0.03655565157532692,31248.0,33073.0
25023930B2,0,10,1,0.07685746997594833,23056.0,41265.0
25023930B2,0,10,2,0.07066309452056885,27152.0,41265.0
25023930B2,0,10,3,0.06988954544067383,27152.0,45361.0
25023930B2,0,10,4,0.03854701668024063,23056.0,45361.0
25023930B2,0,10,5,0.03655565157532692,31248.0,33073.0
25023930B2,0,10,6,0.03498092293739319,91252.0,30224.0
25023930B2,0,10,7,0.03190366178750992,83060.0,30224.0
25023930B2,0,10,8,0.031813256442546844,31248.0,37169.0
25023930B2,0,10,9,0.02994447760283947,23056.0,57649.0
25023930B2,0,10,10,0.029241904616355896,18960.0,45361.0
25023936B2,0,3,1,0.08360576629638672,81944.0,59056.0
25023936B2,0,3,2,0.06491708010435104,90136.0,59056.0
25023936B2,0,3,3,0.046590160578489304,81944.0,46768.0
25023936B2,0,5,1,0.08360576629638672,81944.0,59056.0
25023936B2,0,5,2,0.06491708010435104,90136.0,59056.0
25023936B2,0,5,3,0.046590160578489304,81944.0,46768.0
25023936B2,0,5,4,0.033389247953891754,20113.0,46112.0
25023936B2,0,5,5,0.032775282859802246,24209.0,58400.0
25023936B2,0,10,1,0.08360576629638672,81944.0,59056.0
25023936B2,0,10,2,0.06491708010435104,90136.0,59056.0
25023936B2,0,10,3,0.046590160578489304,81944.0,46768.0
25023936B2,0,10,4,0.033389247953891754,20113.0,46112.0
25023936B2,0,10,5,0.032775282859802246,24209.0,58400.0
25023936B2,0,10,6,0.02504369430243969,86040.0,38576.0
25023936B2,0,10,7,0.024087294936180115,81944.0,50864.0
25023936B2,0,10,8,0.021878283470869064,81944.0,42672.0
25023936B2,0,10,9,0.02130073867738247,24209.0,54304.0
25023936B2,0,10,10,0.0205141119658947,24209.0,46112.0
25023977B2,0,3,1,0.1723051369190216,116957.0,4976.0
25023977B2,0,3,2,0.13868561387062073,117741.0,69504.0
25023977B2,0,3,3,0.07327533513307571,117741.0,77696.0
25023977B2,0,5,1,0.1723051369190216,116957.0,4976.0
25023977B2,0,5,2,0.13868561387062073,117741.0,69504.0
25023977B2,0,5,3,0.07327533513307571,117741.0,77696.0
25023977B2,0,5,4,0.07027755677700043,116957.0,9072.0
25023977B2,0,5,5,0.06477529555559158,116957.0,13168.0
25023977B2,0,10,1,0.1723051369190216,116957.0,4976.0
25023977B2,0,10,2,0.13868561387062073,117741.0,69504.0
25023977B2,0,10,3,0.07327533513307571,117741.0,77696.0
25023977B2,0,10,4,0.07027755677700043,116957.0,9072.0
25023977B2,0,10,5,0.06477529555559158,116957.0,13168.0
25023977B2,0,10,6,0.05865444615483284,117741.0,73600.0
25023977B2,0,10,7,0.05572863668203354,113645.0,73600.0
25023977B2,0,10,8,0.034982845187187195,112861.0,9072.0
25023977B2,0,10,9,0.02308664098381996,34497.0,36880.0
25023977B2,0,10,10,0.02000531367957592,28913.0,69808.0
25024310B3,0,3,1,0.06723976135253906,77328.0,29473.0
25024310B3,0,3,2,0.0368378609418869,81424.0,29473.0
25024310B3,0,3,3,0.03320397436618805,65040.0,29473.0
25024310B3,0,5,1,0.06723976135253906,77328.0,29473.0
25024310B3,0,5,2,0.0368378609418869,81424.0,29473.0
25024310B3,0,5,3,0.03320397436618805,65040.0,29473.0
25024310B3,0,5,4,0.027791297063231468,135346.0,29361.0
25024310B3,0,5,5,0.027420029044151306,81424.0,21281.0
25024310B3,0,10,1,0.06723976135253906,77328.0,29473.0
25024310B3,0,10,2,0.0368378609418869,81424.0,29473.0
25024310B3,0,10,3,0.03320397436618805,65040.0,29473.0
25024310B3,0,10,4,0.027791297063231468,135346.0,29361.0
25024310B3,0,10,5,0.027420029044151306,81424.0,21281.0
25024310B3,0,10,6,0.026336034759879112,85520.0,33569.0
25024310B3,0,10,7,0.02444353885948658,135346.0,33457.0
25024310B3,0,10,8,0.02299347147345543,60944.0,29473.0
25024310B3,0,10,9,0.022136585786938667,85520.0,37665.0
25024310B3,0,10,10,0.02185254730284214,139442.0,29361.0
25024688B2,0,3,1,0.13229599595069885,24032.0,57298.0
25024688B2,0,3,2,0.059010062366724014,40416.0,53202.0
25024688B2,0,3,3,0.054354969412088394,19936.0,61394.0
25024688B2,0,5,1,0.13229599595069885,24032.0,57298.0
25024688B2,0,5,2,0.059010062366724014,40416.0,53202.0
25024688B2,0,5,3,0.054354969412088394,19936.0,61394.0
25024688B2,0,5,4,0.04735209420323372,81907.0,36626.0
25024688B2,0,5,5,0.04194880276918411,94195.0,36626.0
25024688B2,0,10,1,0.13229599595069885,24032.0,57298.0
25024688B2,0,10,2,0.059010062366724014,40416.0,53202.0
25024688B2,0,10,3,0.054354969412088394,19936.0,61394.0
25024688B2,0,10,4,0.04735209420323372,81907.0,36626.0
25024688B2,0,10,5,0.04194880276918411,94195.0,36626.0
25024688B2,0,10,6,0.03919042646884918,32224.0,28626.0
25024688B2,0,10,7,0.038282960653305054,90099.0,57106.0
25024688B2,0,10,8,0.03054094687104225,15840.0,40914.0
25024688B2,0,10,9,0.02933477610349655,32224.0,24530.0
25024688B2,0,10,10,0.025655601173639297,24032.0,61394.0
25024983B2,0,3,1,0.06981402635574341,84192.0,20688.0
25024983B2,0,3,2,0.04786407947540283,92384.0,37072.0
25024983B2,0,3,3,0.04293408244848251,84192.0,16592.0
25024983B2,0,5,1,0.06981402635574341,84192.0,20688.0
25024983B2,0,5,2,0.04786407947540283,92384.0,37072.0
25024983B2,0,5,3,0.04293408244848251,84192.0,16592.0
25024983B2,0,5,4,0.04098542779684067,88288.0,32976.0
25024983B2,0,5,5,0.03197227045893669,24016.0,24736.0
25024983B2,0,10,1,0.06981402635574341,84192.0,20688.0
25024983B2,0,10,2,0.04786407947540283,92384.0,37072.0
25024983B2,0,10,3,0.04293408244848251,84192.0,16592.0
25024983B2,0,10,4,0.04098542779684067,88288.0,32976.0
25024983B2,0,10,5,0.03197227045893669,24016.0,24736.0
25024983B2,0,10,6,0.031066812574863434,80096.0,37072.0
25024983B2,0,10,7,0.02875480055809021,84192.0,12496.0
25024983B2,0,10,8,0.028566336259245872,131984.0,74850.0
25024983B2,0,10,9,0.026167944073677063,84192.0,37072.0
25024983B2,0,10,10,0.02557561732828617,80096.0,20688.0
25025506B,0,3,1,0.11380012333393097,115335.0,42225.0
25025506B,0,3,2,0.06315870583057404,37729.0,21712.0
25025506B,0,3,3,0.03912391886115074,115335.0,25841.0
25025506B,0,5,1,0.11380012333393097,115335.0,42225.0
25025506B,0,5,2,0.06315870583057404,37729.0,21712.0
25025506B,0,5,3,0.03912391886115074,115335.0,25841.0
25025506B,0,5,4,0.03575336933135986,33633.0,29904.0
25025506B,0,5,5,0.03269897773861885,29537.0,29904.0
25025506B,0,10,1,0.11380012333393097,115335.0,42225.0
25025506B,0,10,2,0.06315870583057404,37729.0,21712.0
25025506B,0,10,3,0.03912391886115074,115335.0,25841.0
25025506B,0,10,4,0.03575336933135986,33633.0,29904.0
25025506B,0,10,5,0.03269897773861885,29537.0,29904.0
25025506B,0,10,6,0.029764149338006973,111239.0,9457.0
25025506B,0,10,7,0.029340703040361404,111239.0,34033.0
25025506B,0,10,8,0.026024265214800835,37729.0,34000.0
25025506B,0,10,9,0.026000386103987694,41825.0,42192.0
25025506B,0,10,10,0.023806478828191757,25441.0,29904.0
25025510B3,0,3,1,0.14928382635116577,44480.0,27201.0
25025510B3,0,3,2,0.04951231926679611,120663.0,22929.0
25025510B3,0,3,3,0.04116373509168625,137047.0,22929.0
25025510B3,0,5,1,0.14928382635116577,44480.0,27201.0
25025510B3,0,5,2,0.04951231926679611,120663.0,22929.0
25025510B3,0,5,3,0.04116373509168625,137047.0,22929.0
25025510B3,0,5,4,0.03547435998916626,116567.0,35217.0
25025510B3,0,5,5,0.031427253037691116,116567.0,51601.0
25025510B3,0,10,1,0.14928382635116577,44480.0,27201.0
25025510B3,0,10,2,0.04951231926679611,120663.0,22929.0
25025510B3,0,10,3,0.04116373509168625,137047.0,22929.0
25025510B3,0,10,4,0.03547435998916626,116567.0,35217.0
25025510B3,0,10,5,0.031427253037691116,116567.0,51601.0
25025510B3,0,10,6,0.026682933792471886,124759.0,31121.0
25025510B3,0,10,7,0.021165255457162857,32192.0,47681.0
25025510B3,0,10,8,0.017771562561392784,100183.0,35217.0
25025510B3,0,10,9,0.017526553943753242,124759.0,27025.0
25025510B3,0,10,10,0.016739893704652786,108375.0,27025.0
25027135B3,0,3,1,0.059433016926050186,13120.0,30433.0
25027135B3,0,3,2,0.0531778410077095,83328.0,74834.0
25027135B3,0,3,3,0.04345764219760895,99712.0,37970.0
25027135B3,0,5,1,0.059433016926050186,13120.0,30433.0
25027135B3,0,5,2,0.0531778410077095,83328.0,74834.0
25027135B3,0,5,3,0.04345764219760895,99712.0,37970.0
25027135B3,0,5,4,0.041745658963918686,87424.0,46162.0
25027135B3,0,5,5,0.03440273180603981,25408.0,42721.0
25027135B3,0,10,1,0.059433016926050186,13120.0,30433.0
25027135B3,0,10,2,0.0531778410077095,83328.0,74834.0
25027135B3,0,10,3,0.04345764219760895,99712.0,37970.0
25027135B3,0,10,4,0.041745658963918686,87424.0,46162.0
25027135B3,0,10,5,0.03440273180603981,25408.0,42721.0
25027135B3,0,10,6,0.032997600734233856,87424.0,33874.0
25027135B3,0,10,7,0.025585448369383812,95616.0,50258.0
25027135B3,0,10,8,0.02516704611480236,21312.0,46817.0
25027135B3,0,10,9,0.02411775104701519,21312.0,67297.0
25027135B3,0,10,10,0.021245447918772697,37696.0,38625.0
25027290B2,0,3,1,0.08492201566696167,24624.0,13088.0
25027290B2,0,3,2,0.08397559821605682,53296.0,45856.0
25027290B2,0,3,3,0.04818345233798027,134422.0,40384.0
25027290B2,0,5,1,0.08492201566696167,24624.0,13088.0
25027290B2,0,5,2,0.08397559821605682,53296.0,45856.0
25027290B2,0,5,3,0.04818345233798027,134422.0,40384.0
25027290B2,0,5,4,0.03616892546415329,138518.0,44480.0
25027290B2,0,5,5,0.03449544310569763,61488.0,58144.0
25027290B2,0,10,1,0.08492201566696167,24624.0,13088.0
25027290B2,0,10,2,0.08397559821605682,53296.0,45856.0
25027290B2,0,10,3,0.04818345233798027,134422.0,40384.0
25027290B2,0,10,4,0.03616892546415329,138518.0,44480.0
25027290B2,0,10,5,0.03449544310569763,61488.0,58144.0
25027290B2,0,10,6,0.030371038243174553,130326.0,40384.0
25027290B2,0,10,7,0.02628565952181816,138518.0,40384.0
25027290B2,0,10,8,0.024672262370586395,61488.0,49952.0
25027290B2,0,10,9,0.024327173829078674,57392.0,54048.0
25027290B2,0,10,10,0.021817222237586975,158970.0,7488.0
2490860B2,0,3,1,0.07521161437034607,84370.0,53840.0
2490860B2,0,3,2,0.04221046343445778,84370.0,49744.0
2490860B2,0,3,3,0.041585132479667664,84370.0,33360.0
2490860B2,0,5,1,0.07521161437034607,84370.0,53840.0
2490860B2,0,5,2,0.04221046343445778,84370.0,49744.0
2490860B2,0,5,3,0.041585132479667664,84370.0,33360.0
2490860B2,0,5,4,0.03550790250301361,92562.0,37456.0
2490860B2,0,5,5,0.033760879188776016,80274.0,57936.0
2490860B2,0,10,1,0.07521161437034607,84370.0,53840.0
2490860B2,0,10,2,0.04221046343445778,84370.0,49744.0
2490860B2,0,10,3,0.041585132479667664,84370.0,33360.0
2490860B2,0,10,4,0.03550790250301361,92562.0,37456.0
2490860B2,0,10,5,0.033760879188776016,80274.0,57936.0
2490860B2,0,10,6,0.03146730363368988,45408.0,45168.0
2490860B2,0,10,7,0.03106420859694481,49504.0,41072.0
2490860B2,0,10,8,0.031019944697618484,41312.0,36976.0
2490860B2,0,10,9,0.030640672892332077,96658.0,53840.0
2490860B2,0,10,10,0.027304792776703835,88466.0,45648.0
2490964B2,0,3,1,0.14864689111709595,28448.0,43376.0
2490964B2,0,3,2,0.06372109055519104,24352.0,43376.0
2490964B2,0,3,3,0.05983680859208107,16160.0,18800.0
2490964B2,0,5,1,0.14864689111709595,28448.0,43376.0
2490964B2,0,5,2,0.06372109055519104,24352.0,43376.0
2490964B2,0,5,3,0.05983680859208107,16160.0,18800.0
2490964B2,0,5,4,0.04924384877085686,140011.0,208.0
2490964B2,0,5,5,0.04349479824304581,12064.0,18800.0
2490964B2,0,10,1,0.14864689111709595,28448.0,43376.0
2490964B2,0,10,2,0.06372109055519104,24352.0,43376.0
2490964B2,0,10,3,0.05983680859208107,16160.0,18800.0
2490964B2,0,10,4,0.04924384877085686,140011.0,208.0
2490964B2,0,10,5,0.04349479824304581,12064.0,18800.0
2490964B2,0,10,6,0.04067032039165497,144107.0,208.0
2490964B2,0,10,7,0.037539415061473846,140011.0,4304.0
2490964B2,0,10,8,0.03343511000275612,88358.0,23169.0
2490964B2,0,10,9,0.03116137906908989,32544.0,39280.0
2490964B2,0,10,10,0.022403066977858543,92454.0,10881.0
2490978B2,0,3,1,0.11894480884075165,32480.0,23008.0
2490978B2,0,3,2,0.08558827638626099,48864.0,23008.0
2490978B2,0,3,3,0.050183940678834915,32480.0,27104.0
2490978B2,0,5,1,0.11894480884075165,32480.0,23008.0
2490978B2,0,5,2,0.08558827638626099,48864.0,23008.0
2490978B2,0,5,3,0.050183940678834915,32480.0,27104.0
2490978B2,0,5,4,0.04981327801942825,101208.0,22928.0
2490978B2,0,5,5,0.04973131790757179,16096.0,39392.0
2490978B2,0,10,1,0.11894480884075165,32480.0,23008.0
2490978B2,0,10,2,0.08558827638626099,48864.0,23008.0
2490978B2,0,10,3,0.050183940678834915,32480.0,27104.0
2490978B2,0,10,4,0.04981327801942825,101208.0,22928.0
2490978B2,0,10,5,0.04973131790757179,16096.0,39392.0
2490978B2,0,10,6,0.03699079155921936,36576.0,27104.0
2490978B2,0,10,7,0.03645516186952591,93016.0,22928.0
2490978B2,0,10,8,0.027716899290680885,36576.0,18912.0
2490978B2,0,10,9,0.027425948530435562,28384.0,39392.0
2490978B2,0,10,10,0.02206317149102688,40672.0,18912.0
25001929B3,0,3,1,0.08066460490226746,124916.0,9424.0
25001929B3,0,3,2,0.07359614223241806,129844.0,69654.0
25001929B3,0,3,3,0.06867553293704987,125748.0,73750.0
25001929B3,0,5,1,0.08066460490226746,124916.0,9424.0
25001929B3,0,5,2,0.07359614223241806,129844.0,69654.0
25001929B3,0,5,3,0.06867553293704987,125748.0,73750.0
25001929B3,0,5,4,0.06856618076562881,129844.0,77846.0
25001929B3,0,5,5,0.046135108917951584,133940.0,73750.0
25001929B3,0,10,1,0.08066460490226746,124916.0,9424.0
25001929B3,0,10,2,0.07359614223241806,129844.0,69654.0
25001929B3,0,10,3,0.06867553293704987,125748.0,73750.0
25001929B3,0,10,4,0.06856618076562881,129844.0,77846.0
25001929B3,0,10,5,0.046135108917951584,133940.0,73750.0
25001929B3,0,10,6,0.04325815290212631,129012.0,5328.0
25001929B3,0,10,7,0.041275374591350555,45953.0,29074.0
25001929B3,0,10,8,0.03792458772659302,129012.0,9424.0
25001929B3,0,10,9,0.03631337732076645,129844.0,73750.0
25001929B3,0,10,10,0.036278512328863144,36272.0,59969.0
25009756B2,0,3,1,0.14155913889408112,32192.0,50658.0
25009756B2,0,3,2,0.10596827417612076,19904.0,17890.0
25009756B2,0,3,3,0.06261911243200302,104820.0,50866.0
25009756B2,0,5,1,0.14155913889408112,32192.0,50658.0
25009756B2,0,5,2,0.10596827417612076,19904.0,17890.0
25009756B2,0,5,3,0.06261911243200302,104820.0,50866.0
25009756B2,0,5,4,0.05730460584163666,28096.0,50658.0
25009756B2,0,5,5,0.03279948979616165,24000.0,46562.0
25009756B2,0,10,1,0.14155913889408112,32192.0,50658.0
25009756B2,0,10,2,0.10596827417612076,19904.0,17890.0
25009756B2,0,10,3,0.06261911243200302,104820.0,50866.0
25009756B2,0,10,4,0.05730460584163666,28096.0,50658.0
25009756B2,0,10,5,0.03279948979616165,24000.0,46562.0
25009756B2,0,10,6,0.03206716105341911,28096.0,46562.0
25009756B2,0,10,7,0.027399461716413498,28096.0,54754.0
25009756B2,0,10,8,0.02511882223188877,28096.0,58850.0
25009756B2,0,10,9,0.023624133318662643,32192.0,42466.0
25009756B2,0,10,10,0.0229050200432539,104820.0,54962.0
25015064B,0,3,1,0.07289440929889679,16832.0,23488.0
25015064B,0,3,2,0.061104703694581985,20928.0,23488.0
25015064B,0,3,3,0.05709787830710411,16832.0,19392.0
25015064B,0,5,1,0.07289440929889679,16832.0,23488.0
25015064B,0,5,2,0.061104703694581985,20928.0,23488.0
25015064B,0,5,3,0.05709787830710411,16832.0,19392.0
25015064B,0,5,4,0.0482635423541069,71221.0,16752.0
25015064B,0,5,5,0.048229750245809555,25024.0,15296.0
25015064B,0,10,1,0.07289440929889679,16832.0,23488.0
25015064B,0,10,2,0.061104703694581985,20928.0,23488.0
25015064B,0,10,3,0.05709787830710411,16832.0,19392.0
25015064B,0,10,4,0.0482635423541069,71221.0,16752.0
25015064B,0,10,5,0.048229750245809555,25024.0,15296.0
25015064B,0,10,6,0.04530054330825806,12736.0,19392.0
25015064B,0,10,7,0.04186979681253433,8640.0,15296.0
25015064B,0,10,8,0.03632427752017975,25024.0,23488.0
25015064B,0,10,9,0.03536761552095413,20928.0,15296.0
25015064B,0,10,10,0.034694649279117584,16832.0,11200.0
2482883-B2,0,3,1,0.055210407823324203,115574.0,60176.0
2482883-B2,0,3,2,0.043420031666755676,127862.0,43792.0
2482883-B2,0,3,3,0.02640356309711933,28576.0,51152.0
2482883-B2,0,5,1,0.055210407823324203,115574.0,60176.0
2482883-B2,0,5,2,0.043420031666755676,127862.0,43792.0
2482883-B2,0,5,3,0.02640356309711933,28576.0,51152.0
2482883-B2,0,5,4,0.02621977962553501,53152.0,51152.0
2482883-B2,0,5,5,0.024191783741116524,115574.0,56080.0
2482883-B2,0,10,1,0.055210407823324203,115574.0,60176.0
2482883-B2,0,10,2,0.043420031666755676,127862.0,43792.0
2482883-B2,0,10,3,0.02640356309711933,28576.0,51152.0
2482883-B2,0,10,4,0.02621977962553501,53152.0,51152.0
2482883-B2,0,10,5,0.024191783741116524,115574.0,56080.0
2482883-B2,0,10,6,0.022614168003201485,40864.0,38864.0
2482883-B2,0,10,7,0.022072356194257736,136054.0,56080.0
2482883-B2,0,10,8,0.020714234560728073,119670.0,43792.0
2482883-B2,0,10,9,0.019468791782855988,28576.0,38864.0
2482883-B2,0,10,10,0.015520966611802578,73632.0,38864.0
2483850-B2,0,3,1,0.08805084228515625,24177.0,58384.0
2483850-B2,0,3,2,0.04639328271150589,15985.0,58384.0
2483850-B2,0,3,3,0.04373132064938545,24177.0,54288.0
2483850-B2,0,5,1,0.08805084228515625,24177.0,58384.0
2483850-B2,0,5,2,0.04639328271150589,15985.0,58384.0
2483850-B2,0,5,3,0.04373132064938545,24177.0,54288.0
2483850-B2,0,5,4,0.03683048486709595,15985.0,62480.0
2483850-B2,0,5,5,0.03672397509217262,82392.0,64033.0
2483850-B2,0,10,1,0.08805084228515625,24177.0,58384.0
2483850-B2,0,10,2,0.04639328271150589,15985.0,58384.0
2483850-B2,0,10,3,0.04373132064938545,24177.0,54288.0
2483850-B2,0,10,4,0.03683048486709595,15985.0,62480.0
2483850-B2,0,10,5,0.03672397509217262,82392.0,64033.0
2483850-B2,0,10,6,0.036695051938295364,24177.0,74768.0
2483850-B2,0,10,7,0.03649512678384781,20081.0,58384.0
2483850-B2,0,10,8,0.02926013246178627,82392.0,59937.0
2483850-B2,0,10,9,0.02733289822936058,74200.0,59937.0
2483850-B2,0,10,10,0.02532258816063404,11889.0,62480.0
2485632-B,0,3,1,0.04802940785884857,69924.0,41425.0
2485632-B,0,3,2,0.04265199601650238,74020.0,20945.0
2485632-B,0,3,3,0.04077448695898056,74020.0,33233.0
2485632-B,0,5,1,0.04802940785884857,69924.0,41425.0
2485632-B,0,5,2,0.04265199601650238,74020.0,20945.0
2485632-B,0,5,3,0.04077448695898056,74020.0,33233.0
2485632-B,0,5,4,0.03839058429002762,86308.0,57809.0
2485632-B,0,5,5,0.03834545612335205,82212.0,20945.0
2485632-B,0,10,1,0.04802940785884857,69924.0,41425.0
2485632-B,0,10,2,0.04265199601650238,74020.0,20945.0
2485632-B,0,10,3,0.04077448695898056,74020.0,33233.0
2485632-B,0,10,4,0.03839058429002762,86308.0,57809.0
2485632-B,0,10,5,0.03834545612335205,82212.0,20945.0
2485632-B,0,10,6,0.03261490911245346,78116.0,20945.0
2485632-B,0,10,7,0.028320103883743286,82212.0,16849.0
2485632-B,0,10,8,0.027973923832178116,82212.0,25041.0
2485632-B,0,10,9,0.027586679905653,25408.0,17073.0
2485632-B,0,10,10,0.025977343320846558,13120.0,12977.0
2487053-B2,0,3,1,0.06312723457813263,101573.0,31344.0
2487053-B2,0,3,2,0.05922912806272507,28272.0,61696.0
2487053-B2,0,3,3,0.05723317340016365,81093.0,19056.0
2487053-B2,0,5,1,0.06312723457813263,101573.0,31344.0
2487053-B2,0,5,2,0.05922912806272507,28272.0,61696.0
2487053-B2,0,5,3,0.05723317340016365,81093.0,19056.0
2487053-B2,0,5,4,0.0395001545548439,36464.0,33024.0
2487053-B2,0,5,5,0.0342484787106514,40560.0,41216.0
2487053-B2,0,10,1,0.06312723457813263,101573.0,31344.0
2487053-B2,0,10,2,0.05922912806272507,28272.0,61696.0
2487053-B2,0,10,3,0.05723317340016365,81093.0,19056.0
2487053-B2,0,10,4,0.0395001545548439,36464.0,33024.0
2487053-B2,0,10,5,0.0342484787106514,40560.0,41216.0
2487053-B2,0,10,6,0.029166951775550842,89285.0,23152.0
2487053-B2,0,10,7,0.024372035637497902,36464.0,37120.0
2487053-B2,0,10,8,0.021859025582671165,109765.0,43632.0
2487053-B2,0,10,9,0.019392332062125206,105669.0,31344.0
2487053-B2,0,10,10,0.019053157418966293,28272.0,33024.0
25013629B6,0,3,1,0.16529662907123566,157104.0,69752.0
25013629B6,0,3,2,0.1321122646331787,161200.0,73848.0
25013629B6,0,3,3,0.12129238247871399,157104.0,73848.0
25013629B6,0,5,1,0.16529662907123566,157104.0,69752.0
25013629B6,0,5,2,0.1321122646331787,161200.0,73848.0
25013629B6,0,5,3,0.12129238247871399,157104.0,73848.0
25013629B6,0,5,4,0.1153215765953064,160336.0,3760.0
25013629B6,0,5,5,0.05476671829819679,32144.0,49025.0
25013629B6,0,10,1,0.16529662907123566,157104.0,69752.0
25013629B6,0,10,2,0.1321122646331787,161200.0,73848.0
25013629B6,0,10,3,0.12129238247871399,157104.0,73848.0
25013629B6,0,10,4,0.1153215765953064,160336.0,3760.0
25013629B6,0,10,5,0.05476671829819679,32144.0,49025.0
25013629B6,0,10,6,0.03192532807588577,160336.0,7856.0
25013629B6,0,10,7,0.03024536557495594,28048.0,49025.0
25013629B6,0,10,8,0.020691964775323868,32144.0,12161.0
25013629B6,0,10,9,0.016118325293064117,156240.0,7856.0
25013629B6,0,10,10,0.01126361358910799,64912.0,20353.0
25015052B3,0,3,1,0.13994964957237244,40464.0,28913.0
25015052B3,0,3,2,0.0744687095284462,15888.0,24817.0
25015052B3,0,3,3,0.06757986545562744,40464.0,61681.0
25015052B3,0,5,1,0.13994964957237244,40464.0,28913.0
25015052B3,0,5,2,0.0744687095284462,15888.0,24817.0
25015052B3,0,5,3,0.06757986545562744,40464.0,61681.0
25015052B3,0,5,4,0.05572138726711273,36368.0,28913.0
25015052B3,0,5,5,0.052110057324171066,32272.0,49393.0
25015052B3,0,10,1,0.13994964957237244,40464.0,28913.0
25015052B3,0,10,2,0.0744687095284462,15888.0,24817.0
25015052B3,0,10,3,0.06757986545562744,40464.0,61681.0
25015052B3,0,10,4,0.05572138726711273,36368.0,28913.0
25015052B3,0,10,5,0.052110057324171066,32272.0,49393.0
25015052B3,0,10,6,0.040037620812654495,19984.0,28913.0
25015052B3,0,10,7,0.02748735249042511,96208.0,39649.0
25015052B3,0,10,8,0.02732166461646557,145360.0,47841.0
25015052B3,0,10,9,0.01808316260576248,104400.0,56033.0
25015052B3,0,10,10,0.017429620027542114,108496.0,31457.0
25015191B3,0,3,1,0.18411535024642944,36496.0,43505.0
25015191B3,0,3,2,0.08559095114469528,77569.0,23090.0
25015191B3,0,3,3,0.06712854653596878,106241.0,39474.0
25015191B3,0,5,1,0.18411535024642944,36496.0,43505.0
25015191B3,0,5,2,0.08559095114469528,77569.0,23090.0
25015191B3,0,5,3,0.06712854653596878,106241.0,39474.0
25015191B3,0,5,4,0.05870126932859421,98049.0,39474.0
25015191B3,0,5,5,0.04197542369365692,125730.0,49273.0
25015191B3,0,10,1,0.18411535024642944,36496.0,43505.0
25015191B3,0,10,2,0.08559095114469528,77569.0,23090.0
25015191B3,0,10,3,0.06712854653596878,106241.0,39474.0
25015191B3,0,10,4,0.05870126932859421,98049.0,39474.0
25015191B3,0,10,5,0.04197542369365692,125730.0,49273.0
25015191B3,0,10,6,0.035211894661188126,7824.0,18929.0
25015191B3,0,10,7,0.03277042508125305,32400.0,31217.0
25015191B3,0,10,8,0.031958725303411484,106241.0,47666.0
25015191B3,0,10,9,0.031069068238139153,102145.0,35378.0
25015191B3,0,10,10,0.030335811898112297,106241.0,43570.0
25016027B,0,3,1,0.06522081047296524,28432.0,29011.0
25016027B,0,3,2,0.0550575777888298,40720.0,49491.0
25016027B,0,3,3,0.046123772859573364,36624.0,33107.0
25016027B,0,5,1,0.06522081047296524,28432.0,29011.0
25016027B,0,5,2,0.0550575777888298,40720.0,49491.0
25016027B,0,5,3,0.046123772859573364,36624.0,33107.0
25016027B,0,5,4,0.04243810102343559,113137.0,52643.0
25016027B,0,5,5,0.041694141924381256,32528.0,20819.0
25016027B,0,10,1,0.06522081047296524,28432.0,29011.0
25016027B,0,10,2,0.0550575777888298,40720.0,49491.0
25016027B,0,10,3,0.046123772859573364,36624.0,33107.0
25016027B,0,10,4,0.04243810102343559,113137.0,52643.0
25016027B,0,10,5,0.041694141924381256,32528.0,20819.0
25016027B,0,10,6,0.03864727169275284,28432.0,20819.0
25016027B,0,10,7,0.035582251846790314,24336.0,29011.0
25016027B,0,10,8,0.03263750672340393,32528.0,33107.0
25016027B,0,10,9,0.032215043902397156,40720.0,33107.0
25016027B,0,10,10,0.028681959956884384,32528.0,24915.0
25016031B2,0,3,1,0.07133133709430695,41264.0,43538.0
25016031B2,0,3,2,0.06994561851024628,111335.0,48081.0
25016031B2,0,3,3,0.03183881565928459,119527.0,39889.0
25016031B2,0,5,1,0.07133133709430695,41264.0,43538.0
25016031B2,0,5,2,0.06994561851024628,111335.0,48081.0
25016031B2,0,5,3,0.03183881565928459,119527.0,39889.0
25016031B2,0,5,4,0.0283098965883255,115431.0,39889.0
25016031B2,0,5,5,0.0275704488158226,37168.0,39442.0
25016031B2,0,10,1,0.07133133709430695,41264.0,43538.0
25016031B2,0,10,2,0.06994561851024628,111335.0,48081.0
25016031B2,0,10,3,0.03183881565928459,119527.0,39889.0
25016031B2,0,10,4,0.0283098965883255,115431.0,39889.0
25016031B2,0,10,5,0.0275704488158226,37168.0,39442.0
25016031B2,0,10,6,0.025682535022497177,37168.0,27154.0
25016031B2,0,10,7,0.024787066504359245,99047.0,19409.0
25016031B2,0,10,8,0.022722652181982994,33072.0,35346.0
25016031B2,0,10,9,0.01844470202922821,45360.0,27154.0
25016031B2,0,10,10,0.017517980188131332,41264.0,39442.0
25017355B4,0,3,1,0.1515689492225647,100887.0,30434.0
25017355B4,0,3,2,0.08084330707788467,75141.0,16113.0
25017355B4,0,3,3,0.07416612654924393,100887.0,46818.0
25017355B4,0,5,1,0.1515689492225647,100887.0,30434.0
25017355B4,0,5,2,0.08084330707788467,75141.0,16113.0
25017355B4,0,5,3,0.07416612654924393,100887.0,46818.0
25017355B4,0,5,4,0.06952908635139465,83333.0,20209.0
25017355B4,0,5,5,0.05033797025680542,100887.0,34530.0
25017355B4,0,10,1,0.1515689492225647,100887.0,30434.0
25017355B4,0,10,2,0.08084330707788467,75141.0,16113.0
25017355B4,0,10,3,0.07416612654924393,100887.0,46818.0
25017355B4,0,10,4,0.06952908635139465,83333.0,20209.0
25017355B4,0,10,5,0.05033797025680542,100887.0,34530.0
25017355B4,0,10,6,0.04310151934623718,96791.0,30434.0
25017355B4,0,10,7,0.0422457717359066,100887.0,42722.0
25017355B4,0,10,8,0.032498858869075775,28208.0,26370.0
25017355B4,0,10,9,0.029636463150382042,34274.0,39091.0
25017355B4,0,10,10,0.02577795833349228,79237.0,20209.0
25017923B,0,3,1,0.13640791177749634,85638.0,36945.0
25017923B,0,3,2,0.11875499784946442,26593.0,25985.0
25017923B,0,3,3,0.08018610626459122,22497.0,25985.0
25017923B,0,5,1,0.13640791177749634,85638.0,36945.0
25017923B,0,5,2,0.11875499784946442,26593.0,25985.0
25017923B,0,5,3,0.08018610626459122,22497.0,25985.0
25017923B,0,5,4,0.074295774102211,77446.0,28753.0
25017923B,0,5,5,0.06296022236347198,22497.0,21889.0
25017923B,0,10,1,0.13640791177749634,85638.0,36945.0
25017923B,0,10,2,0.11875499784946442,26593.0,25985.0
25017923B,0,10,3,0.08018610626459122,22497.0,25985.0
25017923B,0,10,4,0.074295774102211,77446.0,28753.0
25017923B,0,10,5,0.06296022236347198,22497.0,21889.0
25017923B,0,10,6,0.0319170281291008,48658.0,20400.0
25017923B,0,10,7,0.02874319814145565,18401.0,25985.0
25017923B,0,10,8,0.028710417449474335,104536.0,29745.0
25017923B,0,10,9,0.027351710945367813,100440.0,25649.0
25017923B,0,10,10,0.02142566442489624,26593.0,17793.0
25019273B,0,3,1,0.08592671155929565,57184.0,50641.0
25019273B,0,3,2,0.03148411214351654,117457.0,55825.0
25019273B,0,3,3,0.02484661154448986,121553.0,55825.0
25019273B,0,5,1,0.08592671155929565,57184.0,50641.0
25019273B,0,5,2,0.03148411214351654,117457.0,55825.0
25019273B,0,5,3,0.02484661154448986,121553.0,55825.0
25019273B,0,5,4,0.02260509505867958,48992.0,54737.0
25019273B,0,5,5,0.019816098734736443,57184.0,58833.0
25019273B,0,10,1,0.08592671155929565,57184.0,50641.0
25019273B,0,10,2,0.03148411214351654,117457.0,55825.0
25019273B,0,10,3,0.02484661154448986,121553.0,55825.0
25019273B,0,10,4,0.02260509505867958,48992.0,54737.0
25019273B,0,10,5,0.019816098734736443,57184.0,58833.0
25019273B,0,10,6,0.018770398572087288,129745.0,51729.0
25019273B,0,10,7,0.016404498368501663,53088.0,54737.0
25019273B,0,10,8,0.01600141078233719,129745.0,55825.0
25019273B,0,10,9,0.01563616283237934,117457.0,27153.0
25019273B,0,10,10,0.015286099165678024,109265.0,31249.0
25020556B4,0,3,1,0.10614611208438873,79524.0,43633.0
25020556B4,0,3,2,0.08604517579078674,36400.0,43361.0
25020556B4,0,3,3,0.08156370371580124,36400.0,22881.0
25020556B4,0,5,1,0.10614611208438873,79524.0,43633.0
25020556B4,0,5,2,0.08604517579078674,36400.0,43361.0
25020556B4,0,5,3,0.08156370371580124,36400.0,22881.0
25020556B4,0,5,4,0.06385409086942673,40496.0,43361.0
25020556B4,0,5,5,0.06329343467950821,24112.0,51553.0
25020556B4,0,10,1,0.10614611208438873,79524.0,43633.0
25020556B4,0,10,2,0.08604517579078674,36400.0,43361.0
25020556B4,0,10,3,0.08156370371580124,36400.0,22881.0
25020556B4,0,10,4,0.06385409086942673,40496.0,43361.0
25020556B4,0,10,5,0.06329343467950821,24112.0,51553.0
25020556B4,0,10,6,0.03803147375583649,91812.0,14961.0
25020556B4,0,10,7,0.0364639088511467,40496.0,55649.0
25020556B4,0,10,8,0.03589817136526108,83620.0,39537.0
25020556B4,0,10,9,0.028740154579281807,28208.0,59745.0
25020556B4,0,10,10,0.027211207896471024,32304.0,59745.0
25021277B4,0,3,1,0.20206408202648163,42994.0,29728.0
25021277B4,0,3,2,0.06870678067207336,91094.0,22752.0
25021277B4,0,3,3,0.06627827137708664,47090.0,29728.0
25021277B4,0,5,1,0.20206408202648163,42994.0,29728.0
25021277B4,0,5,2,0.06870678067207336,91094.0,22752.0
25021277B4,0,5,3,0.06627827137708664,47090.0,29728.0
25021277B4,0,5,4,0.061015866696834564,30706.0,13344.0
25021277B4,0,5,5,0.046958860009908676,91094.0,14560.0
25021277B4,0,10,1,0.20206408202648163,42994.0,29728.0
25021277B4,0,10,2,0.06870678067207336,91094.0,22752.0
25021277B4,0,10,3,0.06627827137708664,47090.0,29728.0
25021277B4,0,10,4,0.061015866696834564,30706.0,13344.0
25021277B4,0,10,5,0.046958860009908676,91094.0,14560.0
25021277B4,0,10,6,0.03904770314693451,99286.0,14560.0
25021277B4,0,10,7,0.038634754717350006,95190.0,18656.0
25021277B4,0,10,8,0.037303078919649124,47090.0,25632.0
25021277B4,0,10,9,0.034290097653865814,30706.0,17440.0
25021277B4,0,10,10,0.0335853137075901,34802.0,13344.0
25022013B,0,3,1,0.13794973492622375,88658.0,33569.0
25022013B,0,3,2,0.09128987789154053,28176.0,38801.0
25022013B,0,3,3,0.07767245173454285,24080.0,22417.0
25022013B,0,5,1,0.13794973492622375,88658.0,33569.0
25022013B,0,5,2,0.09128987789154053,28176.0,38801.0
25022013B,0,5,3,0.07767245173454285,24080.0,22417.0
25022013B,0,5,4,0.04619847238063812,19984.0,42897.0
25022013B,0,5,5,0.04447037726640701,84562.0,49953.0
25022013B,0,10,1,0.13794973492622375,88658.0,33569.0
25022013B,0,10,2,0.09128987789154053,28176.0,38801.0
25022013B,0,10,3,0.07767245173454285,24080.0,22417.0
25022013B,0,10,4,0.04619847238063812,19984.0,42897.0
25022013B,0,10,5,0.04447037726640701,84562.0,49953.0
25022013B,0,10,6,0.04419779032468796,19984.0,30609.0
25022013B,0,10,7,0.04254286736249924,84562.0,29473.0
25022013B,0,10,8,0.03765406459569931,24080.0,26513.0
25022013B,0,10,9,0.036893684417009354,92754.0,41761.0
25022013B,0,10,10,0.03178677707910538,92754.0,37665.0
25023687B4,0,3,1,0.1740575134754181,15920.0,30944.0
25023687B4,0,3,2,0.1068936213850975,11824.0,26848.0
25023687B4,0,3,3,0.10471731424331665,15920.0,26848.0
25023687B4,0,5,1,0.1740575134754181,15920.0,30944.0
25023687B4,0,5,2,0.1068936213850975,11824.0,26848.0
25023687B4,0,5,3,0.10471731424331665,15920.0,26848.0
25023687B4,0,5,4,0.08666418492794037,75272.0,32544.0
25023687B4,0,5,5,0.05297676846385002,67080.0,36640.0
25023687B4,0,10,1,0.1740575134754181,15920.0,30944.0
25023687B4,0,10,2,0.1068936213850975,11824.0,26848.0
25023687B4,0,10,3,0.10471731424331665,15920.0,26848.0
25023687B4,0,10,4,0.08666418492794037,75272.0,32544.0
25023687B4,0,10,5,0.05297676846385002,67080.0,36640.0
25023687B4,0,10,6,0.044811949133872986,15920.0,22752.0
25023687B4,0,10,7,0.03340353071689606,75272.0,12064.0
25023687B4,0,10,8,0.031186532229185104,79368.0,20256.0
25023687B4,0,10,9,0.027008406817913055,20016.0,30944.0
25023687B4,0,10,10,0.023324770852923393,71176.0,28448.0
25023961B2,0,3,1,0.3171079158782959,25520.0,54579.0
25023961B2,0,3,2,0.24265241622924805,81380.0,48484.0
25023961B2,0,3,3,0.1514294445514679,81380.0,44388.0
25023961B2,0,5,1,0.3171079158782959,25520.0,54579.0
25023961B2,0,5,2,0.24265241622924805,81380.0,48484.0
25023961B2,0,5,3,0.1514294445514679,81380.0,44388.0
25023961B2,0,5,4,0.05751313641667366,81380.0,52580.0
25023961B2,0,5,5,0.036366477608680725,25520.0,50483.0
25023961B2,0,10,1,0.3171079158782959,25520.0,54579.0
25023961B2,0,10,2,0.24265241622924805,81380.0,48484.0
25023961B2,0,10,3,0.1514294445514679,81380.0,44388.0
25023961B2,0,10,4,0.05751313641667366,81380.0,52580.0
25023961B2,0,10,5,0.036366477608680725,25520.0,50483.0
25023961B2,0,10,6,0.03592739999294281,25520.0,46387.0
25023961B2,0,10,7,0.02953646332025528,25520.0,42291.0
25023961B2,0,10,8,0.0216927919536829,18464.0,48182.0
25023961B2,0,10,9,0.013581963256001472,21424.0,50483.0
25023961B2,0,10,10,0.012781238183379173,13232.0,42291.0
25023972B3,0,3,1,0.05881698429584503,145712.0,33472.0
25023972B3,0,3,2,0.05527052283287048,53296.0,44385.0
25023972B3,0,3,3,0.044519659131765366,125232.0,45760.0
25023972B3,0,5,1,0.05881698429584503,145712.0,33472.0
25023972B3,0,5,2,0.05527052283287048,53296.0,44385.0
25023972B3,0,5,3,0.044519659131765366,125232.0,45760.0
25023972B3,0,5,4,0.03297414258122444,77872.0,36193.0
25023972B3,0,5,5,0.024939000606536865,141616.0,62144.0
25023972B3,0,10,1,0.05881698429584503,145712.0,33472.0
25023972B3,0,10,2,0.05527052283287048,53296.0,44385.0
25023972B3,0,10,3,0.044519659131765366,125232.0,45760.0
25023972B3,0,10,4,0.03297414258122444,77872.0,36193.0
25023972B3,0,10,5,0.024939000606536865,141616.0,62144.0
25023972B3,0,10,6,0.02105608396232128,61488.0,52577.0
25023972B3,0,10,7,0.019976265728473663,73776.0,36193.0
25023972B3,0,10,8,0.01989593729376793,125232.0,49856.0
25023972B3,0,10,9,0.01833224669098854,81968.0,44385.0
25023972B3,0,10,10,0.018194224685430527,149808.0,33472.0
25024855B4,0,3,1,0.11399085819721222,56672.0,24544.0
25024855B4,0,3,2,0.096705362200737,10368.0,27408.0
25024855B4,0,3,3,0.08615027368068695,56672.0,28640.0
25024855B4,0,5,1,0.11399085819721222,56672.0,24544.0
25024855B4,0,5,2,0.096705362200737,10368.0,27408.0
25024855B4,0,5,3,0.08615027368068695,56672.0,28640.0
25024855B4,0,5,4,0.08421381562948227,87253.0,23568.0
25024855B4,0,5,5,0.05318217724561691,73556.0,38880.0
25024855B4,0,10,1,0.11399085819721222,56672.0,24544.0
25024855B4,0,10,2,0.096705362200737,10368.0,27408.0
25024855B4,0,10,3,0.08615027368068695,56672.0,28640.0
25024855B4,0,10,4,0.08421381562948227,87253.0,23568.0
25024855B4,0,10,5,0.05318217724561691,73556.0,38880.0
25024855B4,0,10,6,0.032650426030159,14464.0,23312.0
25024855B4,0,10,7,0.026897937059402466,102228.0,26592.0
25024855B4,0,10,8,0.02366580441594124,89940.0,42976.0
25024855B4,0,10,9,0.02310112863779068,23904.0,36832.0
25024855B4,0,10,10,0.021677706390619278,19808.0,49120.0
25025076B,0,3,1,0.051273033022880554,99233.0,61056.0
25025076B,0,3,2,0.048173289746046066,15920.0,43312.0
25025076B,0,3,3,0.04607972502708435,103329.0,40576.0
25025076B,0,5,1,0.051273033022880554,99233.0,61056.0
25025076B,0,5,2,0.048173289746046066,15920.0,43312.0
25025076B,0,5,3,0.04607972502708435,103329.0,40576.0
25025076B,0,5,4,0.044707223773002625,20016.0,59696.0
25025076B,0,5,5,0.033532410860061646,95137.0,61056.0
25025076B,0,10,1,0.051273033022880554,99233.0,61056.0
25025076B,0,10,2,0.048173289746046066,15920.0,43312.0
25025076B,0,10,3,0.04607972502708435,103329.0,40576.0
25025076B,0,10,4,0.044707223773002625,20016.0,59696.0
25025076B,0,10,5,0.033532410860061646,95137.0,61056.0
25025076B,0,10,6,0.028706643730401993,32304.0,43312.0
25025076B,0,10,7,0.024766067042946815,95137.0,52864.0
25025076B,0,10,8,0.021094035357236862,11824.0,43312.0
25025076B,0,10,9,0.020827332511544228,28208.0,63792.0
25025076B,0,10,10,0.020306376740336418,36400.0,39216.0
25025087B,0,3,1,0.21311721205711365,90849.0,61232.0
25025087B,0,3,2,0.12627799808979034,97474.0,39344.0
25025087B,0,3,3,0.10179819166660309,74465.0,40752.0
25025087B,0,5,1,0.21311721205711365,90849.0,61232.0
25025087B,0,5,2,0.12627799808979034,97474.0,39344.0
25025087B,0,5,3,0.10179819166660309,74465.0,40752.0
25025087B,0,5,4,0.08359519392251968,11568.0,47329.0
25025087B,0,5,5,0.05077957361936569,23856.0,59617.0
25025087B,0,10,1,0.21311721205711365,90849.0,61232.0
25025087B,0,10,2,0.12627799808979034,97474.0,39344.0
25025087B,0,10,3,0.10179819166660309,74465.0,40752.0
25025087B,0,10,4,0.08359519392251968,11568.0,47329.0
25025087B,0,10,5,0.05077957361936569,23856.0,59617.0
25025087B,0,10,6,0.04906854033470154,90849.0,57136.0
25025087B,0,10,7,0.04254304990172386,94945.0,61232.0
25025087B,0,10,8,0.028408102691173553,23856.0,67809.0
25025087B,0,10,9,0.025428907945752144,78561.0,44848.0
25025087B,0,10,10,0.0240298043936491,27952.0,63713.0
25025954B3,0,3,1,0.24433894455432892,89367.0,29760.0
25025954B3,0,3,2,0.08599287271499634,39556.0,19040.0
25025954B3,0,3,3,0.08009770512580872,7888.0,16864.0
25025954B3,0,5,1,0.24433894455432892,89367.0,29760.0
25025954B3,0,5,2,0.08599287271499634,39556.0,19040.0
25025954B3,0,5,3,0.08009770512580872,7888.0,16864.0
25025954B3,0,5,4,0.07490049302577972,37908.0,32704.0
25025954B3,0,5,5,0.05423292517662048,24272.0,25056.0
25025954B3,0,10,1,0.24433894455432892,89367.0,29760.0
25025954B3,0,10,2,0.08599287271499634,39556.0,19040.0
25025954B3,0,10,3,0.08009770512580872,7888.0,16864.0
25025954B3,0,10,4,0.07490049302577972,37908.0,32704.0
25025954B3,0,10,5,0.05423292517662048,24272.0,25056.0
25025954B3,0,10,6,0.04817239195108414,42004.0,32704.0
25025954B3,0,10,7,0.03704984113574028,14544.0,36961.0
25025954B3,0,10,8,0.03588506579399109,46100.0,32704.0
25025954B3,0,10,9,0.035127051174640656,11984.0,16864.0
25025954B3,0,10,10,0.029541492462158203,18640.0,36961.0
25026144B2,0,3,1,0.17181596159934998,22144.0,65584.0
25026144B2,0,3,2,0.042387060821056366,26240.0,41008.0
25026144B2,0,3,3,0.03488685563206673,42624.0,57392.0
25026144B2,0,5,1,0.17181596159934998,22144.0,65584.0
25026144B2,0,5,2,0.042387060821056366,26240.0,41008.0
25026144B2,0,5,3,0.03488685563206673,42624.0,57392.0
25026144B2,0,5,4,0.031905800104141235,26240.0,65584.0
25026144B2,0,5,5,0.03135138377547264,34432.0,45104.0
25026144B2,0,10,1,0.17181596159934998,22144.0,65584.0
25026144B2,0,10,2,0.042387060821056366,26240.0,41008.0
25026144B2,0,10,3,0.03488685563206673,42624.0,57392.0
25026144B2,0,10,4,0.031905800104141235,26240.0,65584.0
25026144B2,0,10,5,0.03135138377547264,34432.0,45104.0
25026144B2,0,10,6,0.027760639786720276,102033.0,53520.0
25026144B2,0,10,7,0.026362108066678047,30336.0,41008.0
25026144B2,0,10,8,0.022439919412136078,106129.0,57616.0
25026144B2,0,10,9,0.021527830511331558,34432.0,41008.0
25026144B2,0,10,10,0.017739346250891685,22144.0,53296.0
25026499B3,0,3,1,0.13712948560714722,32608.0,45072.0
25026499B3,0,3,2,0.09692403674125671,36704.0,49168.0
25026499B3,0,3,3,0.09471803903579712,28512.0,45072.0
25026499B3,0,5,1,0.13712948560714722,32608.0,45072.0
25026499B3,0,5,2,0.09692403674125671,36704.0,49168.0
25026499B3,0,5,3,0.09471803903579712,28512.0,45072.0
25026499B3,0,5,4,0.09381531924009323,113223.0,48337.0
25026499B3,0,5,5,0.07122702896595001,105031.0,44241.0
25026499B3,0,10,1,0.13712948560714722,32608.0,45072.0
25026499B3,0,10,2,0.09692403674125671,36704.0,49168.0
25026499B3,0,10,3,0.09471803903579712,28512.0,45072.0
25026499B3,0,10,4,0.09381531924009323,113223.0,48337.0
25026499B3,0,10,5,0.07122702896595001,105031.0,44241.0
25026499B3,0,10,6,0.05709637328982353,100935.0,44241.0
25026499B3,0,10,7,0.03612787276506424,109127.0,40145.0
25026499B3,0,10,8,0.03517870604991913,109127.0,44241.0
25026499B3,0,10,9,0.03170308098196983,36704.0,45072.0
25026499B3,0,10,10,0.030560800805687904,121415.0,44241.0
25026782B3,0,3,1,0.060952700674533844,19792.0,40048.0
25026782B3,0,3,2,0.05563484504818916,40272.0,35952.0
25026782B3,0,3,3,0.037372563034296036,105425.0,25664.0
25026782B3,0,5,1,0.060952700674533844,19792.0,40048.0
25026782B3,0,5,2,0.05563484504818916,40272.0,35952.0
25026782B3,0,5,3,0.037372563034296036,105425.0,25664.0
25026782B3,0,5,4,0.03381862863898277,19792.0,27760.0
25026782B3,0,5,5,0.033476732671260834,109521.0,25664.0
25026782B3,0,10,1,0.060952700674533844,19792.0,40048.0
25026782B3,0,10,2,0.05563484504818916,40272.0,35952.0
25026782B3,0,10,3,0.037372563034296036,105425.0,25664.0
25026782B3,0,10,4,0.03381862863898277,19792.0,27760.0
25026782B3,0,10,5,0.033476732671260834,109521.0,25664.0
25026782B3,0,10,6,0.032653458416461945,109521.0,37952.0
25026782B3,0,10,7,0.031846173107624054,36176.0,35952.0
25026782B3,0,10,8,0.03062441758811474,19792.0,35952.0
25026782B3,0,10,9,0.03044438175857067,40272.0,40048.0
25026782B3,0,10,10,0.02841522917151451,113617.0,46144.0
25027131B2,0,3,1,0.07218984514474869,118532.0,39120.0
25027131B2,0,3,2,0.06086239963769913,143108.0,35024.0
25027131B2,0,3,3,0.05443563312292099,147204.0,35024.0
25027131B2,0,5,1,0.07218984514474869,118532.0,39120.0
25027131B2,0,5,2,0.06086239963769913,143108.0,35024.0
25027131B2,0,5,3,0.05443563312292099,147204.0,35024.0
25027131B2,0,5,4,0.04458065703511238,54000.0,43488.0
25027131B2,0,5,5,0.0425712913274765,58096.0,39392.0
25027131B2,0,10,1,0.07218984514474869,118532.0,39120.0
25027131B2,0,10,2,0.06086239963769913,143108.0,35024.0
25027131B2,0,10,3,0.05443563312292099,147204.0,35024.0
25027131B2,0,10,4,0.04458065703511238,54000.0,43488.0
25027131B2,0,10,5,0.0425712913274765,58096.0,39392.0
25027131B2,0,10,6,0.039837755262851715,143108.0,47312.0
25027131B2,0,10,7,0.02852850779891014,147204.0,43216.0
25027131B2,0,10,8,0.02609560638666153,130820.0,59600.0
25027131B2,0,10,9,0.02416108548641205,143108.0,43216.0
25027131B2,0,10,10,0.02233041822910309,37616.0,43488.0
25027181B3,0,3,1,0.1850963681936264,83190.0,41425.0
25027181B3,0,3,2,0.07962260395288467,21664.0,39857.0
25027181B3,0,3,3,0.0787472128868103,21664.0,43953.0
25027181B3,0,5,1,0.1850963681936264,83190.0,41425.0
25027181B3,0,5,2,0.07962260395288467,21664.0,39857.0
25027181B3,0,5,3,0.0787472128868103,21664.0,43953.0
25027181B3,0,5,4,0.07466477900743484,17568.0,48049.0
25027181B3,0,5,5,0.06971191614866257,83190.0,37329.0
25027181B3,0,10,1,0.1850963681936264,83190.0,41425.0
25027181B3,0,10,2,0.07962260395288467,21664.0,39857.0
25027181B3,0,10,3,0.0787472128868103,21664.0,43953.0
25027181B3,0,10,4,0.07466477900743484,17568.0,48049.0
25027181B3,0,10,5,0.06971191614866257,83190.0,37329.0
25027181B3,0,10,6,0.06323587894439697,83190.0,33233.0
25027181B3,0,10,7,0.055720701813697815,17568.0,39857.0
25027181B3,0,10,8,0.03288789838552475,17568.0,43953.0
25027181B3,0,10,9,0.021588053554296494,79094.0,41425.0
25027181B3,0,10,10,0.0178767591714859,87286.0,41425.0
25027723B4,0,3,1,0.10146955400705338,44640.0,52304.0
25027723B4,0,3,2,0.05331633239984512,100496.0,45888.0
25027723B4,0,3,3,0.04626964032649994,104592.0,41792.0
25027723B4,0,5,1,0.10146955400705338,44640.0,52304.0
25027723B4,0,5,2,0.05331633239984512,100496.0,45888.0
25027723B4,0,5,3,0.04626964032649994,104592.0,41792.0
25027723B4,0,5,4,0.035996608436107635,108688.0,49984.0
25027723B4,0,5,5,0.027667846530675888,125072.0,54080.0
25027723B4,0,10,1,0.10146955400705338,44640.0,52304.0
25027723B4,0,10,2,0.05331633239984512,100496.0,45888.0
25027723B4,0,10,3,0.04626964032649994,104592.0,41792.0
25027723B4,0,10,4,0.035996608436107635,108688.0,49984.0
25027723B4,0,10,5,0.027667846530675888,125072.0,54080.0
25027723B4,0,10,6,0.02468014881014824,120976.0,33600.0
25027723B4,0,10,7,0.024241425096988678,120976.0,54080.0
25027723B4,0,10,8,0.022827692329883575,36448.0,40016.0
25027723B4,0,10,9,0.022459354251623154,116880.0,66368.0
25027723B4,0,10,10,0.019844964146614075,104592.0,45888.0
25028014B7,0,3,1,0.13424529135227203,84176.0,42129.0
25028014B7,0,3,2,0.10650938749313354,80080.0,29841.0
25028014B7,0,3,3,0.08029051870107651,84176.0,29841.0
25028014B7,0,5,1,0.13424529135227203,84176.0,42129.0
25028014B7,0,5,2,0.10650938749313354,80080.0,29841.0
25028014B7,0,5,3,0.08029051870107651,84176.0,29841.0
25028014B7,0,5,4,0.07810413837432861,88272.0,33937.0
25028014B7,0,5,5,0.0632837787270546,80080.0,46225.0
25028014B7,0,10,1,0.13424529135227203,84176.0,42129.0
25028014B7,0,10,2,0.10650938749313354,80080.0,29841.0
25028014B7,0,10,3,0.08029051870107651,84176.0,29841.0
25028014B7,0,10,4,0.07810413837432861,88272.0,33937.0
25028014B7,0,10,5,0.0632837787270546,80080.0,46225.0
25028014B7,0,10,6,0.044577859342098236,80080.0,42129.0
25028014B7,0,10,7,0.04437138885259628,88272.0,42129.0
25028014B7,0,10,8,0.04112899303436279,84176.0,33937.0
25028014B7,0,10,9,0.041079286485910416,16736.0,39201.0
25028014B7,0,10,10,0.02831222303211689,92368.0,38033.0
25028514B,0,3,1,0.21507930755615234,15744.0,70561.0
25028514B,0,3,2,0.1427040845155716,7552.0,21409.0
25028514B,0,3,3,0.06876634806394577,31120.0,68440.0
25028514B,0,5,1,0.21507930755615234,15744.0,70561.0
25028514B,0,5,2,0.1427040845155716,7552.0,21409.0
25028514B,0,5,3,0.06876634806394577,31120.0,68440.0
25028514B,0,5,4,0.037884462624788284,59280.0,19984.0
25028514B,0,5,5,0.03092866577208042,11648.0,29601.0
25028514B,0,10,1,0.21507930755615234,15744.0,70561.0
25028514B,0,10,2,0.1427040845155716,7552.0,21409.0
25028514B,0,10,3,0.06876634806394577,31120.0,68440.0
25028514B,0,10,4,0.037884462624788284,59280.0,19984.0
25028514B,0,10,5,0.03092866577208042,11648.0,29601.0
25028514B,0,10,6,0.027856921777129173,59280.0,24080.0
25028514B,0,10,7,0.02569451555609703,79760.0,48656.0
25028514B,0,10,8,0.02483757585287094,15744.0,62369.0
25028514B,0,10,9,0.02364998683333397,83408.0,65752.0
25028514B,0,10,10,0.02361387014389038,67472.0,65040.0
25028738B2,0,3,1,0.05820252373814583,86452.0,54977.0
25028738B2,0,3,2,0.05533452704548836,40576.0,51266.0
25028738B2,0,3,3,0.041516873985528946,102836.0,50881.0
25028738B2,0,5,1,0.05820252373814583,86452.0,54977.0
25028738B2,0,5,2,0.05533452704548836,40576.0,51266.0
25028738B2,0,5,3,0.041516873985528946,102836.0,50881.0
25028738B2,0,5,4,0.03723295405507088,44672.0,55362.0
25028738B2,0,5,5,0.03506799414753914,32384.0,63554.0
25028738B2,0,10,1,0.05820252373814583,86452.0,54977.0
25028738B2,0,10,2,0.05533452704548836,40576.0,51266.0
25028738B2,0,10,3,0.041516873985528946,102836.0,50881.0
25028738B2,0,10,4,0.03723295405507088,44672.0,55362.0
25028738B2,0,10,5,0.03506799414753914,32384.0,63554.0
25028738B2,0,10,6,0.029559101909399033,86452.0,46785.0
25028738B2,0,10,7,0.02744455635547638,48768.0,30786.0
25028738B2,0,10,8,0.02666577324271202,32384.0,59458.0
25028738B2,0,10,9,0.02436716854572296,40576.0,47170.0
25028738B2,0,10,10,0.023114189505577087,102836.0,46785.0
25029425B2,0,3,1,0.0334307961165905,102562.0,14464.0
25029425B2,0,3,2,0.029406210407614708,123042.0,18560.0
25029425B2,0,3,3,0.02612164057791233,36720.0,50752.0
25029425B2,0,5,1,0.0334307961165905,102562.0,14464.0
25029425B2,0,5,2,0.029406210407614708,123042.0,18560.0
25029425B2,0,5,3,0.02612164057791233,36720.0,50752.0
25029425B2,0,5,4,0.02438080497086048,36720.0,17984.0
25029425B2,0,5,5,0.022789986804127693,114850.0,51328.0
25029425B2,0,10,1,0.0334307961165905,102562.0,14464.0
25029425B2,0,10,2,0.029406210407614708,123042.0,18560.0
25029425B2,0,10,3,0.02612164057791233,36720.0,50752.0
25029425B2,0,10,4,0.02438080497086048,36720.0,17984.0
25029425B2,0,10,5,0.022789986804127693,114850.0,51328.0
25029425B2,0,10,6,0.021252021193504333,32624.0,50752.0
25029425B2,0,10,7,0.020233768969774246,110754.0,39040.0
25029425B2,0,10,8,0.017878452315926552,24432.0,63040.0
25029425B2,0,10,9,0.017152514308691025,102562.0,26752.0
25029425B2,0,10,10,0.01630426198244095,102562.0,30848.0
25029425B,0,3,1,0.04527107998728752,45360.0,50112.0
25029425B,0,3,2,0.04154529422521591,45360.0,54208.0
25029425B,0,3,3,0.03935173898935318,113232.0,4096.0
25029425B,0,5,1,0.04527107998728752,45360.0,50112.0
25029425B,0,5,2,0.04154529422521591,45360.0,54208.0
25029425B,0,5,3,0.03935173898935318,113232.0,4096.0
25029425B,0,5,4,0.025076888501644135,117328.0,45056.0
25029425B,0,5,5,0.02383311837911606,49456.0,29632.0
25029425B,0,10,1,0.04527107998728752,45360.0,50112.0
25029425B,0,10,2,0.04154529422521591,45360.0,54208.0
25029425B,0,10,3,0.03935173898935318,113232.0,4096.0
25029425B,0,10,4,0.025076888501644135,117328.0,45056.0
25029425B,0,10,5,0.02383311837911606,49456.0,29632.0
25029425B,0,10,6,0.023505661636590958,45360.0,29632.0
25029425B,0,10,7,0.018972745165228844,41264.0,25536.0
25029425B,0,10,8,0.018208393827080727,41264.0,58304.0
25029425B,0,10,9,0.017213845625519753,41264.0,37824.0
25029425B,0,10,10,0.017104163765907288,41264.0,54208.0
25029737B2,0,3,1,0.17108792066574097,48560.0,30497.0
25029737B2,0,3,2,0.0761183351278305,40368.0,46881.0
25029737B2,0,3,3,0.06037397310137749,113289.0,34001.0
25029737B2,0,5,1,0.17108792066574097,48560.0,30497.0
25029737B2,0,5,2,0.0761183351278305,40368.0,46881.0
25029737B2,0,5,3,0.06037397310137749,113289.0,34001.0
25029737B2,0,5,4,0.04995593801140785,44464.0,46881.0
25029737B2,0,5,5,0.040236130356788635,44464.0,34593.0
25029737B2,0,10,1,0.17108792066574097,48560.0,30497.0
25029737B2,0,10,2,0.0761183351278305,40368.0,46881.0
25029737B2,0,10,3,0.06037397310137749,113289.0,34001.0
25029737B2,0,10,4,0.04995593801140785,44464.0,46881.0
25029737B2,0,10,5,0.040236130356788635,44464.0,34593.0
25029737B2,0,10,6,0.033723440021276474,91798.0,61030.0
25029737B2,0,10,7,0.031628310680389404,117385.0,34001.0
25029737B2,0,10,8,0.030504295602440834,23984.0,55073.0
25029737B2,0,10,9,0.02930257096886635,48560.0,46881.0
25029737B2,0,10,10,0.027255596593022346,23984.0,59169.0
25030334B2,0,3,1,0.16274026036262512,107973.0,42273.0
25030334B2,0,3,2,0.10059082508087158,103877.0,42273.0
25030334B2,0,3,3,0.07890196144580841,99781.0,46369.0
25030334B2,0,5,1,0.16274026036262512,107973.0,42273.0
25030334B2,0,5,2,0.10059082508087158,103877.0,42273.0
25030334B2,0,5,3,0.07890196144580841,99781.0,46369.0
25030334B2,0,5,4,0.07392124086618423,28128.0,43360.0
25030334B2,0,5,5,0.03404402360320091,112069.0,42273.0
25030334B2,0,10,1,0.16274026036262512,107973.0,42273.0
25030334B2,0,10,2,0.10059082508087158,103877.0,42273.0
25030334B2,0,10,3,0.07890196144580841,99781.0,46369.0
25030334B2,0,10,4,0.07392124086618423,28128.0,43360.0
25030334B2,0,10,5,0.03404402360320091,112069.0,42273.0
25030334B2,0,10,6,0.032440487295389175,24032.0,59744.0
25030334B2,0,10,7,0.03143659234046936,28128.0,39264.0
25030334B2,0,10,8,0.02787887677550316,116165.0,50465.0
25030334B2,0,10,9,0.024746183305978775,24032.0,47456.0
25030334B2,0,10,10,0.02453443966805935,32224.0,43360.0
25030750B2,0,3,1,0.08665579557418823,113734.0,12288.0
25030750B2,0,3,2,0.05062783136963844,117830.0,12288.0
25030750B2,0,3,3,0.029376287013292313,126022.0,12288.0
25030750B2,0,5,1,0.08665579557418823,113734.0,12288.0
25030750B2,0,5,2,0.05062783136963844,117830.0,12288.0
25030750B2,0,5,3,0.029376287013292313,126022.0,12288.0
25030750B2,0,5,4,0.027990443632006645,40736.0,14448.0
25030750B2,0,5,5,0.026591863483190536,32544.0,14448.0
25030750B2,0,10,1,0.08665579557418823,113734.0,12288.0
25030750B2,0,10,2,0.05062783136963844,117830.0,12288.0
25030750B2,0,10,3,0.029376287013292313,126022.0,12288.0
25030750B2,0,10,4,0.027990443632006645,40736.0,14448.0
25030750B2,0,10,5,0.026591863483190536,32544.0,14448.0
25030750B2,0,10,6,0.024970436468720436,126022.0,28672.0
25030750B2,0,10,7,0.024876434355974197,32544.0,10352.0
25030750B2,0,10,8,0.02269049920141697,126022.0,8192.0
25030750B2,0,10,9,0.0196712464094162,138310.0,20480.0
25030750B2,0,10,10,0.018267538398504257,121926.0,28672.0
25030988B4,0,3,1,0.21225544810295105,28176.0,44161.0
25030988B4,0,3,2,0.08935161679983139,94688.0,49473.0
25030988B4,0,3,3,0.07419602572917938,32272.0,48257.0
25030988B4,0,5,1,0.21225544810295105,28176.0,44161.0
25030988B4,0,5,2,0.08935161679983139,94688.0,49473.0
25030988B4,0,5,3,0.07419602572917938,32272.0,48257.0
25030988B4,0,5,4,0.054485682398080826,28176.0,48257.0
25030988B4,0,5,5,0.04582710564136505,98784.0,45377.0
25030988B4,0,10,1,0.21225544810295105,28176.0,44161.0
25030988B4,0,10,2,0.08935161679983139,94688.0,49473.0
25030988B4,0,10,3,0.07419602572917938,32272.0,48257.0
25030988B4,0,10,4,0.054485682398080826,28176.0,48257.0
25030988B4,0,10,5,0.04582710564136505,98784.0,45377.0
25030988B4,0,10,6,0.04483145847916603,94688.0,45377.0
25030988B4,0,10,7,0.04082135483622551,94688.0,41281.0
25030988B4,0,10,8,0.024154458194971085,28176.0,52353.0
25030988B4,0,10,9,0.0238213911652565,90592.0,49473.0
25030988B4,0,10,10,0.021526280790567398,24080.0,44161.0
25030998B2,0,3,1,0.1559271216392517,12320.0,46001.0
25030998B2,0,3,2,0.09901721030473709,16416.0,46001.0
25030998B2,0,3,3,0.07557819783687592,16416.0,41905.0
25030998B2,0,5,1,0.1559271216392517,12320.0,46001.0
25030998B2,0,5,2,0.09901721030473709,16416.0,46001.0
25030998B2,0,5,3,0.07557819783687592,16416.0,41905.0
25030998B2,0,5,4,0.06938757002353668,86791.0,50496.0
25030998B2,0,5,5,0.06111210584640503,16416.0,50097.0
25030998B2,0,10,1,0.1559271216392517,12320.0,46001.0
25030998B2,0,10,2,0.09901721030473709,16416.0,46001.0
25030998B2,0,10,3,0.07557819783687592,16416.0,41905.0
25030998B2,0,10,4,0.06938757002353668,86791.0,50496.0
25030998B2,0,10,5,0.06111210584640503,16416.0,50097.0
25030998B2,0,10,6,0.057975854724645615,20512.0,41905.0
25030998B2,0,10,7,0.045619819313287735,86791.0,46400.0
25030998B2,0,10,8,0.039648763835430145,12320.0,41905.0
25030998B2,0,10,9,0.03670777380466461,135292.0,71640.0
25030998B2,0,10,10,0.03356807678937912,131196.0,71640.0
25031267B2,0,3,1,0.07379300892353058,28128.0,42576.0
25031267B2,0,3,2,0.042778708040714264,99345.0,39248.0
25031267B2,0,3,3,0.03288250416517258,99345.0,14672.0
25031267B2,0,5,1,0.07379300892353058,28128.0,42576.0
25031267B2,0,5,2,0.042778708040714264,99345.0,39248.0
25031267B2,0,5,3,0.03288250416517258,99345.0,14672.0
25031267B2,0,5,4,0.030565747991204262,112370.0,57524.0
25031267B2,0,5,5,0.02873857691884041,99345.0,18768.0
25031267B2,0,10,1,0.07379300892353058,28128.0,42576.0
25031267B2,0,10,2,0.042778708040714264,99345.0,39248.0
25031267B2,0,10,3,0.03288250416517258,99345.0,14672.0
25031267B2,0,10,4,0.030565747991204262,112370.0,57524.0
25031267B2,0,10,5,0.02873857691884041,99345.0,18768.0
25031267B2,0,10,6,0.028516054153442383,40416.0,34384.0
25031267B2,0,10,7,0.024430977180600166,32224.0,22096.0
25031267B2,0,10,8,0.020363152027130127,32224.0,26192.0
25031267B2,0,10,9,0.020065512508153915,78865.0,14672.0
25031267B2,0,10,10,0.01899171806871891,28128.0,18000.0
25031411B3,0,3,1,0.33875107765197754,78772.0,36113.0
25031411B3,0,3,2,0.1696566343307495,20720.0,29617.0
25031411B3,0,3,3,0.12394870072603226,16624.0,29617.0
25031411B3,0,5,1,0.33875107765197754,78772.0,36113.0
25031411B3,0,5,2,0.1696566343307495,20720.0,29617.0
25031411B3,0,5,3,0.12394870072603226,16624.0,29617.0
25031411B3,0,5,4,0.07113983482122421,82868.0,36113.0
25031411B3,0,5,5,0.06405652314424515,78772.0,32017.0
25031411B3,0,10,1,0.33875107765197754,78772.0,36113.0
25031411B3,0,10,2,0.1696566343307495,20720.0,29617.0
25031411B3,0,10,3,0.12394870072603226,16624.0,29617.0
25031411B3,0,10,4,0.07113983482122421,82868.0,36113.0
25031411B3,0,10,5,0.06405652314424515,78772.0,32017.0
25031411B3,0,10,6,0.03128007426857948,8432.0,37809.0
25031411B3,0,10,7,0.03123302571475506,23984.0,54802.0
25031411B3,0,10,8,0.021081820130348206,82868.0,32017.0
25031411B3,0,10,9,0.017350077629089355,20720.0,33713.0
25031411B3,0,10,10,0.012043225578963757,23984.0,50706.0
25031706B,0,3,1,0.06113726645708084,11920.0,20016.0
25031706B,0,3,2,0.052661385387182236,92689.0,32192.0
25031706B,0,3,3,0.0450623445212841,24208.0,24112.0
25031706B,0,5,1,0.06113726645708084,11920.0,20016.0
25031706B,0,5,2,0.052661385387182236,92689.0,32192.0
25031706B,0,5,3,0.0450623445212841,24208.0,24112.0
25031706B,0,5,4,0.035545382648706436,28304.0,20016.0
25031706B,0,5,5,0.031385380774736404,80401.0,32192.0
25031706B,0,10,1,0.06113726645708084,11920.0,20016.0
25031706B,0,10,2,0.052661385387182236,92689.0,32192.0
25031706B,0,10,3,0.0450623445212841,24208.0,24112.0
25031706B,0,10,4,0.035545382648706436,28304.0,20016.0
25031706B,0,10,5,0.031385380774736404,80401.0,32192.0
25031706B,0,10,6,0.026978611946105957,88593.0,48576.0
25031706B,0,10,7,0.026845967397093773,76305.0,24000.0
25031706B,0,10,8,0.026390064507722855,88593.0,24000.0
25031706B,0,10,9,0.02363361045718193,24208.0,11824.0
25031706B,0,10,10,0.021435745060443878,84497.0,28096.0
25032179B3,0,3,1,0.0850856602191925,71681.0,20433.0
25032179B3,0,3,2,0.08303294330835342,75777.0,24529.0
25032179B3,0,3,3,0.08110631257295609,75777.0,12241.0
25032179B3,0,5,1,0.0850856602191925,71681.0,20433.0
25032179B3,0,5,2,0.08303294330835342,75777.0,24529.0
25032179B3,0,5,3,0.08110631257295609,75777.0,12241.0
25032179B3,0,5,4,0.07713636755943298,12192.0,21826.0
25032179B3,0,5,5,0.07458307594060898,12192.0,30018.0
25032179B3,0,10,1,0.0850856602191925,71681.0,20433.0
25032179B3,0,10,2,0.08303294330835342,75777.0,24529.0
25032179B3,0,10,3,0.08110631257295609,75777.0,12241.0
25032179B3,0,10,4,0.07713636755943298,12192.0,21826.0
25032179B3,0,10,5,0.07458307594060898,12192.0,30018.0
25032179B3,0,10,6,0.05709238350391388,71681.0,12241.0
25032179B3,0,10,7,0.04823577404022217,12192.0,25922.0
25032179B3,0,10,8,0.04740491881966591,16288.0,17730.0
25032179B3,0,10,9,0.038363851606845856,12192.0,17730.0
25032179B3,0,10,10,0.03485722839832306,75777.0,20433.0
25032789B2,0,3,1,0.07374347746372223,7856.0,43137.0
25032789B2,0,3,2,0.04384221136569977,7856.0,39041.0
25032789B2,0,3,3,0.042404018342494965,7856.0,34945.0
25032789B2,0,5,1,0.07374347746372223,7856.0,43137.0
25032789B2,0,5,2,0.04384221136569977,7856.0,39041.0
25032789B2,0,5,3,0.042404018342494965,7856.0,34945.0
25032789B2,0,5,4,0.04035935550928116,24240.0,34945.0
25032789B2,0,5,5,0.022979365661740303,11952.0,10369.0
25032789B2,0,10,1,0.07374347746372223,7856.0,43137.0
25032789B2,0,10,2,0.04384221136569977,7856.0,39041.0
25032789B2,0,10,3,0.042404018342494965,7856.0,34945.0
25032789B2,0,10,4,0.04035935550928116,24240.0,34945.0
25032789B2,0,10,5,0.022979365661740303,11952.0,10369.0
25032789B2,0,10,6,0.022455589845776558,11952.0,51329.0
25032789B2,0,10,7,0.018691960722208023,16048.0,63617.0
25032789B2,0,10,8,0.018100280314683914,20144.0,14465.0
25032789B2,0,10,9,0.01792546547949314,86517.0,35888.0
25032789B2,0,10,10,0.01763378456234932,90613.0,52272.0
25033447B4,0,3,1,0.36334002017974854,30641.0,22241.0
25033447B4,0,3,2,0.16179247200489044,34737.0,26337.0
25033447B4,0,3,3,0.09953614324331284,34737.0,22241.0
25033447B4,0,5,1,0.36334002017974854,30641.0,22241.0
25033447B4,0,5,2,0.16179247200489044,34737.0,26337.0
25033447B4,0,5,3,0.09953614324331284,34737.0,22241.0
25033447B4,0,5,4,0.05862050503492355,30641.0,26337.0
25033447B4,0,5,5,0.04223504662513733,100536.0,25761.0
25033447B4,0,10,1,0.36334002017974854,30641.0,22241.0
25033447B4,0,10,2,0.16179247200489044,34737.0,26337.0
25033447B4,0,10,3,0.09953614324331284,34737.0,22241.0
25033447B4,0,10,4,0.05862050503492355,30641.0,26337.0
25033447B4,0,10,5,0.04223504662513733,100536.0,25761.0
25033447B4,0,10,6,0.02671138010919094,100536.0,21665.0
25033447B4,0,10,7,0.015176226384937763,42929.0,22241.0
25033447B4,0,10,8,0.014877518638968468,30641.0,30433.0
25033447B4,0,10,9,0.01401308923959732,34737.0,34529.0
25033447B4,0,10,10,0.013429366983473301,104632.0,17569.0
25034327B2,0,3,1,0.049950845539569855,106900.0,43136.0
25034327B2,0,3,2,0.04378839582204819,110996.0,43136.0
25034327B2,0,3,3,0.02823367528617382,110996.0,26752.0
25034327B2,0,5,1,0.049950845539569855,106900.0,43136.0
25034327B2,0,5,2,0.04378839582204819,110996.0,43136.0
25034327B2,0,5,3,0.02823367528617382,110996.0,26752.0
25034327B2,0,5,4,0.02793865278363228,31712.0,54704.0
25034327B2,0,5,5,0.019859664142131805,27616.0,71088.0
25034327B2,0,10,1,0.049950845539569855,106900.0,43136.0
25034327B2,0,10,2,0.04378839582204819,110996.0,43136.0
25034327B2,0,10,3,0.02823367528617382,110996.0,26752.0
25034327B2,0,10,4,0.02793865278363228,31712.0,54704.0
25034327B2,0,10,5,0.019859664142131805,27616.0,71088.0
25034327B2,0,10,6,0.018509166315197945,31712.0,46512.0
25034327B2,0,10,7,0.01808347925543785,106900.0,30848.0
25034327B2,0,10,8,0.01759353093802929,102804.0,30848.0
25034327B2,0,10,9,0.01655283197760582,119188.0,18560.0
25034327B2,0,10,10,0.01602090336382389,102804.0,43136.0
25034940B11,0,3,1,0.08617059141397476,83509.0,36336.0
25034940B11,0,3,2,0.08241413533687592,19968.0,29536.0
25034940B11,0,3,3,0.0726635754108429,11776.0,37728.0
25034940B11,0,5,1,0.08617059141397476,83509.0,36336.0
25034940B11,0,5,2,0.08241413533687592,19968.0,29536.0
25034940B11,0,5,3,0.0726635754108429,11776.0,37728.0
25034940B11,0,5,4,0.06971956044435501,11776.0,33632.0
25034940B11,0,5,5,0.06872402131557465,19968.0,33632.0
25034940B11,0,10,1,0.08617059141397476,83509.0,36336.0
25034940B11,0,10,2,0.08241413533687592,19968.0,29536.0
25034940B11,0,10,3,0.0726635754108429,11776.0,37728.0
25034940B11,0,10,4,0.06971956044435501,11776.0,33632.0
25034940B11,0,10,5,0.06872402131557465,19968.0,33632.0
25034940B11,0,10,6,0.061401207000017166,19968.0,37728.0
25034940B11,0,10,7,0.04777646064758301,91701.0,40432.0
25034940B11,0,10,8,0.04411131888628006,19968.0,41824.0
25034940B11,0,10,9,0.04290134832262993,87605.0,44528.0
25034940B11,0,10,10,0.04025091603398323,15872.0,37728.0
25034940B12,0,3,1,0.195709228515625,11744.0,44416.0
25034940B12,0,3,2,0.1808338612318039,11744.0,40320.0
25034940B12,0,3,3,0.06978641450405121,7648.0,40320.0
25034940B12,0,5,1,0.195709228515625,11744.0,44416.0
25034940B12,0,5,2,0.1808338612318039,11744.0,40320.0
25034940B12,0,5,3,0.06978641450405121,7648.0,40320.0
25034940B12,0,5,4,0.042623668909072876,7648.0,32128.0
25034940B12,0,5,5,0.036305274814367294,63862.0,39216.0
25034940B12,0,10,1,0.195709228515625,11744.0,44416.0
25034940B12,0,10,2,0.1808338612318039,11744.0,40320.0
25034940B12,0,10,3,0.06978641450405121,7648.0,40320.0
25034940B12,0,10,4,0.042623668909072876,7648.0,32128.0
25034940B12,0,10,5,0.036305274814367294,63862.0,39216.0
25034940B12,0,10,6,0.03425765037536621,59766.0,35120.0
25034940B12,0,10,7,0.032761767506599426,11744.0,32128.0
25034940B12,0,10,8,0.030114874243736267,67958.0,39216.0
25034940B12,0,10,9,0.02993934601545334,15840.0,36224.0
25034940B12,0,10,10,0.029184749349951744,15840.0,40320.0
25035354B3,0,3,1,0.27259570360183716,127544.0,65558.0
25035354B3,0,3,2,0.19462308287620544,126776.0,5392.0
25035354B3,0,3,3,0.11494776606559753,126776.0,1296.0
25035354B3,0,5,1,0.27259570360183716,127544.0,65558.0
25035354B3,0,5,2,0.19462308287620544,126776.0,5392.0
25035354B3,0,5,3,0.11494776606559753,126776.0,1296.0
25035354B3,0,5,4,0.07283437997102737,127544.0,69654.0
25035354B3,0,5,5,0.01786620356142521,33618.0,8816.0
25035354B3,0,10,1,0.27259570360183716,127544.0,65558.0
25035354B3,0,10,2,0.19462308287620544,126776.0,5392.0
25035354B3,0,10,3,0.11494776606559753,126776.0,1296.0
25035354B3,0,10,4,0.07283437997102737,127544.0,69654.0
25035354B3,0,10,5,0.01786620356142521,33618.0,8816.0
25035354B3,0,10,6,0.01644275337457657,116165.0,48256.0
25035354B3,0,10,7,0.013514026999473572,123448.0,69654.0
25035354B3,0,10,8,0.010679559782147408,8048.0,58736.0
25035354B3,0,10,9,0.009963137097656727,32624.0,50544.0
25035354B3,0,10,10,0.007802305743098259,36720.0,30064.0
25044694B,0,3,1,0.06565503776073456,48672.0,58272.0
25044694B,0,3,2,0.04740198329091072,111586.0,58512.0
25044694B,0,3,3,0.03693823888897896,52768.0,50080.0
25044694B,0,5,1,0.06565503776073456,48672.0,58272.0
25044694B,0,5,2,0.04740198329091072,111586.0,58512.0
25044694B,0,5,3,0.03693823888897896,52768.0,50080.0
25044694B,0,5,4,0.034489888697862625,56864.0,33696.0
25044694B,0,5,5,0.026772258803248405,24096.0,29600.0
25044694B,0,10,1,0.06565503776073456,48672.0,58272.0
25044694B,0,10,2,0.04740198329091072,111586.0,58512.0
25044694B,0,10,3,0.03693823888897896,52768.0,50080.0
25044694B,0,10,4,0.034489888697862625,56864.0,33696.0
25044694B,0,10,5,0.026772258803248405,24096.0,29600.0
25044694B,0,10,6,0.026410186663269997,60960.0,41888.0
25044694B,0,10,7,0.02629293128848076,48672.0,29600.0
25044694B,0,10,8,0.023350529372692108,111586.0,54416.0
25044694B,0,10,9,0.021708503365516663,119778.0,50320.0
25044694B,0,10,10,0.02143712341785431,95202.0,25744.0
25045625B3,0,3,1,0.06192293390631676,24944.0,38161.0
25045625B3,0,3,2,0.048409171402454376,37232.0,50449.0
25045625B3,0,3,3,0.04722954332828522,24944.0,46353.0
25045625B3,0,5,1,0.06192293390631676,24944.0,38161.0
25045625B3,0,5,2,0.048409171402454376,37232.0,50449.0
25045625B3,0,5,3,0.04722954332828522,24944.0,46353.0
25045625B3,0,5,4,0.04058318957686424,33136.0,34065.0
25045625B3,0,5,5,0.03983032703399658,24944.0,34065.0
25045625B3,0,10,1,0.06192293390631676,24944.0,38161.0
25045625B3,0,10,2,0.048409171402454376,37232.0,50449.0
25045625B3,0,10,3,0.04722954332828522,24944.0,46353.0
25045625B3,0,10,4,0.04058318957686424,33136.0,34065.0
25045625B3,0,10,5,0.03983032703399658,24944.0,34065.0
25045625B3,0,10,6,0.03013119101524353,20848.0,54545.0
25045625B3,0,10,7,0.02783787250518799,33136.0,25873.0
25045625B3,0,10,8,0.026648469269275665,41328.0,38161.0
25045625B3,0,10,9,0.02328774519264698,24944.0,50449.0
25045625B3,0,10,10,0.022904234007000923,20848.0,34065.0
25045625B1,0,3,1,0.15781955420970917,15744.0,63154.0
25045625B1,0,3,2,0.05636913701891899,23936.0,54962.0
25045625B1,0,3,3,0.041545964777469635,28032.0,67250.0
25045625B1,0,5,1,0.15781955420970917,15744.0,63154.0
25045625B1,0,5,2,0.05636913701891899,23936.0,54962.0
25045625B1,0,5,3,0.041545964777469635,28032.0,67250.0
25045625B1,0,5,4,0.03912758082151413,80471.0,56481.0
25045625B1,0,5,5,0.03291470929980278,19840.0,67250.0
25045625B1,0,10,1,0.15781955420970917,15744.0,63154.0
25045625B1,0,10,2,0.05636913701891899,23936.0,54962.0
25045625B1,0,10,3,0.041545964777469635,28032.0,67250.0
25045625B1,0,10,4,0.03912758082151413,80471.0,56481.0
25045625B1,0,10,5,0.03291470929980278,19840.0,67250.0
25045625B1,0,10,6,0.02701554261147976,88663.0,60577.0
25045625B1,0,10,7,0.026835832744836807,88663.0,48289.0
25045625B1,0,10,8,0.02656634896993637,19840.0,38578.0
25045625B1,0,10,9,0.024387188255786896,19840.0,42674.0
25045625B1,0,10,10,0.021553421393036842,84567.0,31905.0
25045801B2,0,3,1,0.05593094229698181,89441.0,22961.0
25045801B2,0,3,2,0.05204363539814949,44416.0,33155.0
25045801B2,0,3,3,0.0512947216629982,73057.0,22961.0
25045801B2,0,5,1,0.05593094229698181,89441.0,22961.0
25045801B2,0,5,2,0.05204363539814949,44416.0,33155.0
25045801B2,0,5,3,0.0512947216629982,73057.0,22961.0
25045801B2,0,5,4,0.039279550313949585,23936.0,41347.0
25045801B2,0,5,5,0.034547045826911926,11648.0,24963.0
25045801B2,0,10,1,0.05593094229698181,89441.0,22961.0
25045801B2,0,10,2,0.05204363539814949,44416.0,33155.0
25045801B2,0,10,3,0.0512947216629982,73057.0,22961.0
25045801B2,0,10,4,0.039279550313949585,23936.0,41347.0
25045801B2,0,10,5,0.034547045826911926,11648.0,24963.0
25045801B2,0,10,6,0.032918836921453476,36224.0,65923.0
25045801B2,0,10,7,0.032497864216566086,93537.0,6577.0
25045801B2,0,10,8,0.031036056578159332,32128.0,33155.0
25045801B2,0,10,9,0.02874349243938923,11648.0,29059.0
25045801B2,0,10,10,0.025794826447963715,7552.0,24963.0
25045829B2,0,3,1,0.055337633937597275,37552.0,39504.0
25045829B2,0,3,2,0.0475517138838768,37552.0,31312.0
25045829B2,0,3,3,0.04127994179725647,29360.0,35408.0
25045829B2,0,5,1,0.055337633937597275,37552.0,39504.0
25045829B2,0,5,2,0.0475517138838768,37552.0,31312.0
25045829B2,0,5,3,0.04127994179725647,29360.0,35408.0
25045829B2,0,5,4,0.028746770694851875,49840.0,35408.0
25045829B2,0,5,5,0.028227167204022408,120630.0,37024.0
25045829B2,0,10,1,0.055337633937597275,37552.0,39504.0
25045829B2,0,10,2,0.0475517138838768,37552.0,31312.0
25045829B2,0,10,3,0.04127994179725647,29360.0,35408.0
25045829B2,0,10,4,0.028746770694851875,49840.0,35408.0
25045829B2,0,10,5,0.028227167204022408,120630.0,37024.0
25045829B2,0,10,6,0.026120129972696304,45744.0,39504.0
25045829B2,0,10,7,0.02533627673983574,116534.0,20640.0
25045829B2,0,10,8,0.022071659564971924,41648.0,31312.0
25045829B2,0,10,9,0.020422615110874176,25264.0,31312.0
25045829B2,0,10,10,0.019960280507802963,128822.0,28832.0
25046631B2,0,3,1,0.21306581795215607,41073.0,64339.0
25046631B2,0,3,2,0.053273629397153854,95575.0,34514.0
25046631B2,0,3,3,0.04318832978606224,65649.0,52051.0
25046631B2,0,5,1,0.21306581795215607,41073.0,64339.0
25046631B2,0,5,2,0.053273629397153854,95575.0,34514.0
25046631B2,0,5,3,0.04318832978606224,65649.0,52051.0
25046631B2,0,5,4,0.03794217109680176,107863.0,54994.0
25046631B2,0,5,5,0.0337911993265152,36977.0,60243.0
25046631B2,0,10,1,0.21306581795215607,41073.0,64339.0
25046631B2,0,10,2,0.053273629397153854,95575.0,34514.0
25046631B2,0,10,3,0.04318832978606224,65649.0,52051.0
25046631B2,0,10,4,0.03794217109680176,107863.0,54994.0
25046631B2,0,10,5,0.0337911993265152,36977.0,60243.0
25046631B2,0,10,6,0.03217683359980583,41073.0,52051.0
25046631B2,0,10,7,0.030224932357668877,111959.0,59090.0
25046631B2,0,10,8,0.026597430929541588,41073.0,60243.0
25046631B2,0,10,9,0.025159185752272606,61553.0,64339.0
25046631B2,0,10,10,0.02502184920012951,107863.0,46802.0
25047538B2,0,3,1,0.11740273982286453,82531.0,22689.0
25047538B2,0,3,2,0.06236834451556206,16336.0,26579.0
25047538B2,0,3,3,0.05035659298300743,90723.0,30881.0
25047538B2,0,5,1,0.11740273982286453,82531.0,22689.0
25047538B2,0,5,2,0.06236834451556206,16336.0,26579.0
25047538B2,0,5,3,0.05035659298300743,90723.0,30881.0
25047538B2,0,5,4,0.0385492742061615,86627.0,14497.0
25047538B2,0,5,5,0.03765123337507248,82531.0,18593.0
25047538B2,0,10,1,0.11740273982286453,82531.0,22689.0
25047538B2,0,10,2,0.06236834451556206,16336.0,26579.0
25047538B2,0,10,3,0.05035659298300743,90723.0,30881.0
25047538B2,0,10,4,0.0385492742061615,86627.0,14497.0
25047538B2,0,10,5,0.03765123337507248,82531.0,18593.0
25047538B2,0,10,6,0.03335496038198471,20432.0,26579.0
25047538B2,0,10,7,0.03207297623157501,94819.0,14497.0
25047538B2,0,10,8,0.03180135786533356,94819.0,18593.0
25047538B2,0,10,9,0.031168390065431595,82531.0,26785.0
25047538B2,0,10,10,0.031070664525032043,86627.0,34977.0
25049999B2,0,3,1,0.08161241561174393,112088.0,46528.0
25049999B2,0,3,2,0.050271183252334595,107992.0,30144.0
25049999B2,0,3,3,0.04982553794980049,33504.0,50769.0
25049999B2,0,5,1,0.08161241561174393,112088.0,46528.0
25049999B2,0,5,2,0.050271183252334595,107992.0,30144.0
25049999B2,0,5,3,0.04982553794980049,33504.0,50769.0
25049999B2,0,5,4,0.0450848713517189,37600.0,42577.0
25049999B2,0,5,5,0.042394936084747314,29408.0,38481.0
25049999B2,0,10,1,0.08161241561174393,112088.0,46528.0
25049999B2,0,10,2,0.050271183252334595,107992.0,30144.0
25049999B2,0,10,3,0.04982553794980049,33504.0,50769.0
25049999B2,0,10,4,0.0450848713517189,37600.0,42577.0
25049999B2,0,10,5,0.042394936084747314,29408.0,38481.0
25049999B2,0,10,6,0.04234020784497261,95704.0,34240.0
25049999B2,0,10,7,0.04157843440771103,107992.0,46528.0
25049999B2,0,10,8,0.03136231005191803,107992.0,34240.0
25049999B2,0,10,9,0.031358491629362106,29408.0,42577.0
25049999B2,0,10,10,0.029834572225809097,116184.0,38336.0
25050888B2,0,3,1,0.16343443095684052,21713.0,48352.0
25050888B2,0,3,2,0.12924911081790924,97225.0,39840.0
25050888B2,0,3,3,0.08935992419719696,93129.0,39840.0
25050888B2,0,5,1,0.16343443095684052,21713.0,48352.0
25050888B2,0,5,2,0.12924911081790924,97225.0,39840.0
25050888B2,0,5,3,0.08935992419719696,93129.0,39840.0
25050888B2,0,5,4,0.05290808156132698,17617.0,44256.0
25050888B2,0,5,5,0.04844281077384949,97225.0,35744.0
25050888B2,0,10,1,0.16343443095684052,21713.0,48352.0
25050888B2,0,10,2,0.12924911081790924,97225.0,39840.0
25050888B2,0,10,3,0.08935992419719696,93129.0,39840.0
25050888B2,0,10,4,0.05290808156132698,17617.0,44256.0
25050888B2,0,10,5,0.04844281077384949,97225.0,35744.0
25050888B2,0,10,6,0.047709062695503235,25809.0,48352.0
25050888B2,0,10,7,0.04506862536072731,80841.0,27552.0
25050888B2,0,10,8,0.03140632063150406,97225.0,43936.0
25050888B2,0,10,9,0.020025549456477165,17617.0,40160.0
25050888B2,0,10,10,0.018773896619677544,105417.0,43936.0
25051008B4,0,3,1,0.3321630656719208,127666.0,62101.0
25051008B4,0,3,2,0.1358383595943451,126866.0,176.0
25051008B4,0,3,3,0.13388310372829437,122770.0,176.0
25051008B4,0,5,1,0.3321630656719208,127666.0,62101.0
25051008B4,0,5,2,0.1358383595943451,126866.0,176.0
25051008B4,0,5,3,0.13388310372829437,122770.0,176.0
25051008B4,0,5,4,0.09412914514541626,123570.0,62101.0
25051008B4,0,5,5,0.06698335707187653,123570.0,66197.0
25051008B4,0,10,1,0.3321630656719208,127666.0,62101.0
25051008B4,0,10,2,0.1358383595943451,126866.0,176.0
25051008B4,0,10,3,0.13388310372829437,122770.0,176.0
25051008B4,0,10,4,0.09412914514541626,123570.0,62101.0
25051008B4,0,10,5,0.06698335707187653,123570.0,66197.0
25051008B4,0,10,6,0.028385786339640617,67073.0,44929.0
25051008B4,0,10,7,0.024779457598924637,67073.0,49025.0
25051008B4,0,10,8,0.021509528160095215,83457.0,57217.0
25051008B4,0,10,9,0.01685290038585663,79361.0,61313.0
25051008B4,0,10,10,0.007124869152903557,75265.0,57217.0
25054693B2,0,3,1,0.1369856595993042,44912.0,47808.0
25054693B2,0,3,2,0.07673978805541992,44912.0,43712.0
25054693B2,0,3,3,0.0610809363424778,53104.0,31424.0
25054693B2,0,5,1,0.1369856595993042,44912.0,47808.0
25054693B2,0,5,2,0.07673978805541992,44912.0,43712.0
25054693B2,0,5,3,0.0610809363424778,53104.0,31424.0
25054693B2,0,5,4,0.059280216693878174,49008.0,23232.0
25054693B2,0,5,5,0.0570211261510849,44912.0,31424.0
25054693B2,0,10,1,0.1369856595993042,44912.0,47808.0
25054693B2,0,10,2,0.07673978805541992,44912.0,43712.0
25054693B2,0,10,3,0.0610809363424778,53104.0,31424.0
25054693B2,0,10,4,0.059280216693878174,49008.0,23232.0
25054693B2,0,10,5,0.0570211261510849,44912.0,31424.0
25054693B2,0,10,6,0.038873083889484406,49008.0,31424.0
25054693B2,0,10,7,0.025226667523384094,121715.0,45792.0
25054693B2,0,10,8,0.023949045687913895,53104.0,43712.0
25054693B2,0,10,9,0.018445873633027077,44912.0,35520.0
25054693B2,0,10,10,0.01722862385213375,49008.0,43712.0
25055778B2,0,3,1,0.1333104968070984,143782.0,24576.0
25055778B2,0,3,2,0.054130446165800095,61937.0,27344.0
25055778B2,0,3,3,0.05139289051294327,45553.0,31440.0
25055778B2,0,5,1,0.1333104968070984,143782.0,24576.0
25055778B2,0,5,2,0.054130446165800095,61937.0,27344.0
25055778B2,0,5,3,0.05139289051294327,45553.0,31440.0
25055778B2,0,5,4,0.047178927809000015,127398.0,32768.0
25055778B2,0,5,5,0.03430677950382233,119206.0,28672.0
25055778B2,0,10,1,0.1333104968070984,143782.0,24576.0
25055778B2,0,10,2,0.054130446165800095,61937.0,27344.0
25055778B2,0,10,3,0.05139289051294327,45553.0,31440.0
25055778B2,0,10,4,0.047178927809000015,127398.0,32768.0
25055778B2,0,10,5,0.03430677950382233,119206.0,28672.0
25055778B2,0,10,6,0.03317233920097351,45553.0,35536.0
25055778B2,0,10,7,0.03187771886587143,41457.0,47824.0
25055778B2,0,10,8,0.03083287551999092,135590.0,20480.0
25055778B2,0,10,9,0.030070535838603973,127398.0,20480.0
25055778B2,0,10,10,0.025953980162739754,37361.0,43728.0
25055784B2,0,3,1,0.06823042035102844,32368.0,25872.0
25055784B2,0,3,2,0.05335630476474762,106057.0,25792.0
25055784B2,0,3,3,0.04682234674692154,24176.0,38160.0
25055784B2,0,5,1,0.06823042035102844,32368.0,25872.0
25055784B2,0,5,2,0.05335630476474762,106057.0,25792.0
25055784B2,0,5,3,0.04682234674692154,24176.0,38160.0
25055784B2,0,5,4,0.042875323444604874,20080.0,34064.0
25055784B2,0,5,5,0.040811020880937576,97865.0,38080.0
25055784B2,0,10,1,0.06823042035102844,32368.0,25872.0
25055784B2,0,10,2,0.05335630476474762,106057.0,25792.0
25055784B2,0,10,3,0.04682234674692154,24176.0,38160.0
25055784B2,0,10,4,0.042875323444604874,20080.0,34064.0
25055784B2,0,10,5,0.040811020880937576,97865.0,38080.0
25055784B2,0,10,6,0.0385129414498806,36464.0,25872.0
25055784B2,0,10,7,0.0378921739757061,24176.0,29968.0
25055784B2,0,10,8,0.03616447001695633,110153.0,21696.0
25055784B2,0,10,9,0.035333335399627686,101961.0,38080.0
25055784B2,0,10,10,0.03285971283912659,101961.0,25792.0
25057854B3,0,3,1,0.40217873454093933,24240.0,20016.0
25057854B3,0,3,2,0.09851506352424622,7856.0,24112.0
25057854B3,0,3,3,0.03122902289032936,106167.0,42481.0
25057854B3,0,5,1,0.40217873454093933,24240.0,20016.0
25057854B3,0,5,2,0.09851506352424622,7856.0,24112.0
25057854B3,0,5,3,0.03122902289032936,106167.0,42481.0
25057854B3,0,5,4,0.025813795626163483,102071.0,46577.0
25057854B3,0,5,5,0.022892650216817856,106167.0,46577.0
25057854B3,0,10,1,0.40217873454093933,24240.0,20016.0
25057854B3,0,10,2,0.09851506352424622,7856.0,24112.0
25057854B3,0,10,3,0.03122902289032936,106167.0,42481.0
25057854B3,0,10,4,0.025813795626163483,102071.0,46577.0
25057854B3,0,10,5,0.022892650216817856,106167.0,46577.0
25057854B3,0,10,6,0.018166884779930115,24240.0,69168.0
25057854B3,0,10,7,0.01544151734560728,20144.0,69168.0
25057854B3,0,10,8,0.01470924448221922,20144.0,32304.0
25057854B3,0,10,9,0.01469773706048727,20144.0,24112.0
25057854B3,0,10,10,0.014669939875602722,28336.0,40496.0
25057865B1,0,3,1,0.09032705426216125,45664.0,63425.0
25057865B1,0,3,2,0.05431758612394333,57952.0,38849.0
25057865B1,0,3,3,0.045393288135528564,45664.0,59329.0
25057865B1,0,5,1,0.09032705426216125,45664.0,63425.0
25057865B1,0,5,2,0.05431758612394333,57952.0,38849.0
25057865B1,0,5,3,0.045393288135528564,45664.0,59329.0
25057865B1,0,5,4,0.03680432587862015,128387.0,56385.0
25057865B1,0,5,5,0.0357070118188858,49760.0,51137.0
25057865B1,0,10,1,0.09032705426216125,45664.0,63425.0
25057865B1,0,10,2,0.05431758612394333,57952.0,38849.0
25057865B1,0,10,3,0.045393288135528564,45664.0,59329.0
25057865B1,0,10,4,0.03680432587862015,128387.0,56385.0
25057865B1,0,10,5,0.0357070118188858,49760.0,51137.0
25057865B1,0,10,6,0.02705702744424343,45664.0,67521.0
25057865B1,0,10,7,0.0214528888463974,49760.0,47041.0
25057865B1,0,10,8,0.0205141119658947,57952.0,42945.0
25057865B1,0,10,9,0.018644938245415688,124291.0,44097.0
25057865B1,0,10,10,0.018187500536441803,53856.0,51137.0
25059686B2,0,3,1,0.07246951758861542,23825.0,55713.0
25059686B2,0,3,2,0.06274360418319702,27921.0,31137.0
25059686B2,0,3,3,0.060893550515174866,96648.0,19440.0
25059686B2,0,5,1,0.07246951758861542,23825.0,55713.0
25059686B2,0,5,2,0.06274360418319702,27921.0,31137.0
25059686B2,0,5,3,0.060893550515174866,96648.0,19440.0
25059686B2,0,5,4,0.05302855372428894,92552.0,52208.0
25059686B2,0,5,5,0.05022932589054108,23825.0,31137.0
25059686B2,0,10,1,0.07246951758861542,23825.0,55713.0
25059686B2,0,10,2,0.06274360418319702,27921.0,31137.0
25059686B2,0,10,3,0.060893550515174866,96648.0,19440.0
25059686B2,0,10,4,0.05302855372428894,92552.0,52208.0
25059686B2,0,10,5,0.05022932589054108,23825.0,31137.0
25059686B2,0,10,6,0.040132440626621246,96648.0,23536.0
25059686B2,0,10,7,0.027345165610313416,27921.0,27041.0
25059686B2,0,10,8,0.02329777181148529,27921.0,22945.0
25059686B2,0,10,9,0.021628523245453835,142109.0,71480.0
25059686B2,0,10,10,0.020881332457065582,96648.0,15344.0
25062891B4,0,3,1,0.2982144355773926,73396.0,28016.0
25062891B4,0,3,2,0.10634402930736542,85684.0,28016.0
25062891B4,0,3,3,0.07469718903303146,81588.0,40304.0
25062891B4,0,5,1,0.2982144355773926,73396.0,28016.0
25062891B4,0,5,2,0.10634402930736542,85684.0,28016.0
25062891B4,0,5,3,0.07469718903303146,81588.0,40304.0
25062891B4,0,5,4,0.04722081124782562,7824.0,30384.0
25062891B4,0,5,5,0.038741856813430786,85684.0,15728.0
25062891B4,0,10,1,0.2982144355773926,73396.0,28016.0
25062891B4,0,10,2,0.10634402930736542,85684.0,28016.0
25062891B4,0,10,3,0.07469718903303146,81588.0,40304.0
25062891B4,0,10,4,0.04722081124782562,7824.0,30384.0
25062891B4,0,10,5,0.038741856813430786,85684.0,15728.0
25062891B4,0,10,6,0.03799434006214142,69300.0,28016.0
25062891B4,0,10,7,0.0353800430893898,81588.0,28016.0
25062891B4,0,10,8,0.035248056054115295,77492.0,23920.0
25062891B4,0,10,9,0.03107791393995285,73396.0,32112.0
25062891B4,0,10,10,0.024115536361932755,69300.0,32112.0
25063642B,0,3,1,0.09798435866832733,80336.0,32912.0
25063642B,0,3,2,0.08544208109378815,72144.0,16528.0
25063642B,0,3,3,0.047275714576244354,88528.0,24720.0
25063642B,0,5,1,0.09798435866832733,80336.0,32912.0
25063642B,0,5,2,0.08544208109378815,72144.0,16528.0
25063642B,0,5,3,0.047275714576244354,88528.0,24720.0
25063642B,0,5,4,0.04602649435400963,23984.0,20256.0
25063642B,0,5,5,0.03773447498679161,23984.0,36640.0
25063642B,0,10,1,0.09798435866832733,80336.0,32912.0
25063642B,0,10,2,0.08544208109378815,72144.0,16528.0
25063642B,0,10,3,0.047275714576244354,88528.0,24720.0
25063642B,0,10,4,0.04602649435400963,23984.0,20256.0
25063642B,0,10,5,0.03773447498679161,23984.0,36640.0
25063642B,0,10,6,0.022951729595661163,76240.0,20624.0
25063642B,0,10,7,0.02149060368537903,80336.0,37008.0
25063642B,0,10,8,0.020945079624652863,84432.0,24720.0
25063642B,0,10,9,0.020504973828792572,15792.0,28448.0
25063642B,0,10,10,0.020184392109513283,76240.0,32912.0
2461703-B3,1,3,1,0.2806423008441925,126421.0,27057.0
2461703-B3,1,3,2,0.2553921043872833,122325.0,47537.0
2461703-B3,1,3,3,0.06533192098140717,118229.0,51633.0
2461703-B3,1,5,1,0.2806423008441925,126421.0,27057.0
2461703-B3,1,5,2,0.2553921043872833,122325.0,47537.0
2461703-B3,1,5,3,0.06533192098140717,118229.0,51633.0
2461703-B3,1,5,4,0.04945812374353409,51473.0,24417.0
2461703-B3,1,5,5,0.046402715146541595,118229.0,27057.0
2461703-B3,1,10,1,0.2806423008441925,126421.0,27057.0
2461703-B3,1,10,2,0.2553921043872833,122325.0,47537.0
2461703-B3,1,10,3,0.06533192098140717,118229.0,51633.0
2461703-B3,1,10,4,0.04945812374353409,51473.0,24417.0
2461703-B3,1,10,5,0.046402715146541595,118229.0,27057.0
2461703-B3,1,10,6,0.03418181091547012,43281.0,24417.0
2461703-B3,1,10,7,0.029994109645485878,122325.0,31153.0
2461703-B3,1,10,8,0.018977226689457893,130517.0,27057.0
2461703-B3,1,10,9,0.015826070681214333,126421.0,22961.0
2461703-B3,1,10,10,0.01499255746603012,126421.0,55729.0
2461861-B2,1,3,1,0.20674367249011993,63634.0,23121.0
2461861-B2,1,3,2,0.20519620180130005,59538.0,23121.0
2461861-B2,1,3,3,0.10208318382501602,12384.0,41490.0
2461861-B2,1,5,1,0.20674367249011993,63634.0,23121.0
2461861-B2,1,5,2,0.20519620180130005,59538.0,23121.0
2461861-B2,1,5,3,0.10208318382501602,12384.0,41490.0
2461861-B2,1,5,4,0.08442160487174988,63634.0,14929.0
2461861-B2,1,5,5,0.05765768885612488,59538.0,35409.0
2461861-B2,1,10,1,0.20674367249011993,63634.0,23121.0
2461861-B2,1,10,2,0.20519620180130005,59538.0,23121.0
2461861-B2,1,10,3,0.10208318382501602,12384.0,41490.0
2461861-B2,1,10,4,0.08442160487174988,63634.0,14929.0
2461861-B2,1,10,5,0.05765768885612488,59538.0,35409.0
2461861-B2,1,10,6,0.04125378280878067,67730.0,27217.0
2461861-B2,1,10,7,0.039962075650691986,59538.0,27217.0
2461861-B2,1,10,8,0.03726941719651222,63634.0,31313.0
2461861-B2,1,10,9,0.03725811094045639,12384.0,33298.0
2461861-B2,1,10,10,0.03682655841112137,59538.0,19025.0
2462885-B2,1,3,1,0.1774342954158783,106515.0,45955.0
2462885-B2,1,3,2,0.15416741371154785,110611.0,62339.0
2462885-B2,1,3,3,0.13753685355186462,110611.0,58243.0
2462885-B2,1,5,1,0.1774342954158783,106515.0,45955.0
2462885-B2,1,5,2,0.15416741371154785,110611.0,62339.0
2462885-B2,1,5,3,0.13753685355186462,110611.0,58243.0
2462885-B2,1,5,4,0.09194943308830261,38976.0,58500.0
2462885-B2,1,5,5,0.08270877599716187,98323.0,41859.0
2462885-B2,1,10,1,0.1774342954158783,106515.0,45955.0
2462885-B2,1,10,2,0.15416741371154785,110611.0,62339.0
2462885-B2,1,10,3,0.13753685355186462,110611.0,58243.0
2462885-B2,1,10,4,0.09194943308830261,38976.0,58500.0
2462885-B2,1,10,5,0.08270877599716187,98323.0,41859.0
2462885-B2,1,10,6,0.03436746448278427,98323.0,37763.0
2462885-B2,1,10,7,0.03212707117199898,118803.0,58243.0
2462885-B2,1,10,8,0.02726747840642929,34880.0,50308.0
2462885-B2,1,10,9,0.026075828820466995,26688.0,54404.0
2462885-B2,1,10,10,0.025356080383062363,106515.0,62339.0
2462987-B2,1,3,1,0.3560650646686554,83184.0,43600.0
2462987-B2,1,3,2,0.1221722811460495,119536.0,24368.0
2462987-B2,1,3,3,0.11430645734071732,140016.0,28464.0
2462987-B2,1,5,1,0.3560650646686554,83184.0,43600.0
2462987-B2,1,5,2,0.1221722811460495,119536.0,24368.0
2462987-B2,1,5,3,0.11430645734071732,140016.0,28464.0
2462987-B2,1,5,4,0.03904961049556732,54512.0,31312.0
2462987-B2,1,5,5,0.0349462553858757,135920.0,40752.0
2462987-B2,1,10,1,0.3560650646686554,83184.0,43600.0
2462987-B2,1,10,2,0.1221722811460495,119536.0,24368.0
2462987-B2,1,10,3,0.11430645734071732,140016.0,28464.0
2462987-B2,1,10,4,0.03904961049556732,54512.0,31312.0
2462987-B2,1,10,5,0.0349462553858757,135920.0,40752.0
2462987-B2,1,10,6,0.033118460327386856,66800.0,47696.0
2462987-B2,1,10,7,0.03261372819542885,131824.0,28464.0
2462987-B2,1,10,8,0.026124099269509315,123632.0,24368.0
2462987-B2,1,10,9,0.024859458208084106,74992.0,47696.0
2462987-B2,1,10,10,0.024067526683211327,66800.0,27216.0
2463135-B,1,3,1,0.2504085302352905,36320.0,61184.0
2463135-B,1,3,2,0.17528589069843292,102481.0,24032.0
2463135-B,1,3,3,0.08627375960350037,24032.0,20224.0
2463135-B,1,5,1,0.2504085302352905,36320.0,61184.0
2463135-B,1,5,2,0.17528589069843292,102481.0,24032.0
2463135-B,1,5,3,0.08627375960350037,24032.0,20224.0
2463135-B,1,5,4,0.07353834062814713,24032.0,44800.0
2463135-B,1,5,5,0.05732067674398422,36320.0,40704.0
2463135-B,1,10,1,0.2504085302352905,36320.0,61184.0
2463135-B,1,10,2,0.17528589069843292,102481.0,24032.0
2463135-B,1,10,3,0.08627375960350037,24032.0,20224.0
2463135-B,1,10,4,0.07353834062814713,24032.0,44800.0
2463135-B,1,10,5,0.05732067674398422,36320.0,40704.0
2463135-B,1,10,6,0.055982183665037155,32224.0,12032.0
2463135-B,1,10,7,0.03321229666471481,98385.0,19936.0
2463135-B,1,10,8,0.02965351939201355,98385.0,36320.0
2463135-B,1,10,9,0.024637991562485695,28128.0,7936.0
2463135-B,1,10,10,0.01738063432276249,36320.0,24320.0
2463187-B2,1,3,1,0.6455183625221252,89129.0,27041.0
2463187-B2,1,3,2,0.08116872608661652,85033.0,22945.0
2463187-B2,1,3,3,0.03180069476366043,24401.0,28209.0
2463187-B2,1,5,1,0.6455183625221252,89129.0,27041.0
2463187-B2,1,5,2,0.08116872608661652,85033.0,22945.0
2463187-B2,1,5,3,0.03180069476366043,24401.0,28209.0
2463187-B2,1,5,4,0.026729589328169823,85033.0,31137.0
2463187-B2,1,5,5,0.025958584621548653,76841.0,27041.0
2463187-B2,1,10,1,0.6455183625221252,89129.0,27041.0
2463187-B2,1,10,2,0.08116872608661652,85033.0,22945.0
2463187-B2,1,10,3,0.03180069476366043,24401.0,28209.0
2463187-B2,1,10,4,0.026729589328169823,85033.0,31137.0
2463187-B2,1,10,5,0.025958584621548653,76841.0,27041.0
2463187-B2,1,10,6,0.02450248971581459,80937.0,22945.0
2463187-B2,1,10,7,0.024442903697490692,85033.0,18849.0
2463187-B2,1,10,8,0.023583583533763885,28497.0,36401.0
2463187-B2,1,10,9,0.021469902247190475,28497.0,28209.0
2463187-B2,1,10,10,0.019038254395127296,85033.0,35233.0
2463404-B2,1,3,1,0.205480694770813,113446.0,52673.0
2463404-B2,1,3,2,0.19527611136436462,42272.0,37507.0
2463404-B2,1,3,3,0.11355341225862503,92966.0,44481.0
2463404-B2,1,5,1,0.205480694770813,113446.0,52673.0
2463404-B2,1,5,2,0.19527611136436462,42272.0,37507.0
2463404-B2,1,5,3,0.11355341225862503,92966.0,44481.0
2463404-B2,1,5,4,0.061284810304641724,121638.0,44481.0
2463404-B2,1,5,5,0.043923281133174896,38176.0,57987.0
2463404-B2,1,10,1,0.205480694770813,113446.0,52673.0
2463404-B2,1,10,2,0.19527611136436462,42272.0,37507.0
2463404-B2,1,10,3,0.11355341225862503,92966.0,44481.0
2463404-B2,1,10,4,0.061284810304641724,121638.0,44481.0
2463404-B2,1,10,5,0.043923281133174896,38176.0,57987.0
2463404-B2,1,10,6,0.03630092367529869,117542.0,48577.0
2463404-B2,1,10,7,0.02656504139304161,121638.0,48577.0
2463404-B2,1,10,8,0.0208231620490551,117542.0,32193.0
2463404-B2,1,10,9,0.020620744675397873,117542.0,44481.0
2463404-B2,1,10,10,0.020195137709379196,46368.0,62083.0
2463643-B,1,3,1,0.37445181608200073,117509.0,42592.0
2463643-B,1,3,2,0.3300868570804596,137989.0,42592.0
2463643-B,1,3,3,0.09058712422847748,121605.0,46688.0
2463643-B,1,5,1,0.37445181608200073,117509.0,42592.0
2463643-B,1,5,2,0.3300868570804596,137989.0,42592.0
2463643-B,1,5,3,0.09058712422847748,121605.0,46688.0
2463643-B,1,5,4,0.057758182287216187,125701.0,42592.0
2463643-B,1,5,5,0.017452402040362358,125701.0,46688.0
2463643-B,1,10,1,0.37445181608200073,117509.0,42592.0
2463643-B,1,10,2,0.3300868570804596,137989.0,42592.0
2463643-B,1,10,3,0.09058712422847748,121605.0,46688.0
2463643-B,1,10,4,0.057758182287216187,125701.0,42592.0
2463643-B,1,10,5,0.017452402040362358,125701.0,46688.0
2463643-B,1,10,6,0.01669437065720558,36320.0,41104.0
2463643-B,1,10,7,0.011411124840378761,28128.0,53392.0
2463643-B,1,10,8,0.010366277769207954,56800.0,37008.0
2463643-B,1,10,9,0.008822869509458542,44512.0,45200.0
2463643-B,1,10,10,0.008571552112698555,129797.0,46688.0
2464438-B5,1,3,1,0.3010707199573517,77442.0,23584.0
2464438-B5,1,3,2,0.3000936210155487,20016.0,22992.0
2464438-B5,1,3,3,0.1591324806213379,24112.0,22992.0
2464438-B5,1,5,1,0.3010707199573517,77442.0,23584.0
2464438-B5,1,5,2,0.3000936210155487,20016.0,22992.0
2464438-B5,1,5,3,0.1591324806213379,24112.0,22992.0
2464438-B5,1,5,4,0.04547850042581558,11824.0,10704.0
2464438-B5,1,5,5,0.03558292239904404,7728.0,10704.0
2464438-B5,1,10,1,0.3010707199573517,77442.0,23584.0
2464438-B5,1,10,2,0.3000936210155487,20016.0,22992.0
2464438-B5,1,10,3,0.1591324806213379,24112.0,22992.0
2464438-B5,1,10,4,0.04547850042581558,11824.0,10704.0
2464438-B5,1,10,5,0.03558292239904404,7728.0,10704.0
2464438-B5,1,10,6,0.02593015506863594,24112.0,27088.0
2464438-B5,1,10,7,0.02264423668384552,24112.0,43472.0
2464438-B5,1,10,8,0.018903547897934914,61058.0,11296.0
2464438-B5,1,10,9,0.01403120905160904,11824.0,14800.0
2464438-B5,1,10,10,0.01261990051716566,77442.0,27680.0
2464929-B,1,3,1,0.1395154446363449,40560.0,74001.0
2464929-B,1,3,2,0.1042303591966629,116000.0,32944.0
2464929-B,1,3,3,0.09189628809690475,40560.0,53521.0
2464929-B,1,5,1,0.1395154446363449,40560.0,74001.0
2464929-B,1,5,2,0.1042303591966629,116000.0,32944.0
2464929-B,1,5,3,0.09189628809690475,40560.0,53521.0
2464929-B,1,5,4,0.06750467419624329,128288.0,49328.0
2464929-B,1,5,5,0.06082462519407272,44656.0,45329.0
2464929-B,1,10,1,0.1395154446363449,40560.0,74001.0
2464929-B,1,10,2,0.1042303591966629,116000.0,32944.0
2464929-B,1,10,3,0.09189628809690475,40560.0,53521.0
2464929-B,1,10,4,0.06750467419624329,128288.0,49328.0
2464929-B,1,10,5,0.06082462519407272,44656.0,45329.0
2464929-B,1,10,6,0.04146600887179375,124192.0,45232.0
2464929-B,1,10,7,0.03751308098435402,44656.0,65809.0
2464929-B,1,10,8,0.035287100821733475,40560.0,57617.0
2464929-B,1,10,9,0.030088085681200027,124192.0,41136.0
2464929-B,1,10,10,0.027237355709075928,44656.0,53521.0
2465263-B2,1,3,1,0.19715262949466705,20672.0,33856.0
2465263-B2,1,3,2,0.16656436026096344,28864.0,21568.0
2465263-B2,1,3,3,0.0966382622718811,80244.0,15488.0
2465263-B2,1,5,1,0.19715262949466705,20672.0,33856.0
2465263-B2,1,5,2,0.16656436026096344,28864.0,21568.0
2465263-B2,1,5,3,0.0966382622718811,80244.0,15488.0
2465263-B2,1,5,4,0.08373650908470154,16576.0,42048.0
2465263-B2,1,5,5,0.07620950043201447,92532.0,19584.0
2465263-B2,1,10,1,0.19715262949466705,20672.0,33856.0
2465263-B2,1,10,2,0.16656436026096344,28864.0,21568.0
2465263-B2,1,10,3,0.0966382622718811,80244.0,15488.0
2465263-B2,1,10,4,0.08373650908470154,16576.0,42048.0
2465263-B2,1,10,5,0.07620950043201447,92532.0,19584.0
2465263-B2,1,10,6,0.06543182581663132,88436.0,35968.0
2465263-B2,1,10,7,0.06494983285665512,20672.0,17472.0
2465263-B2,1,10,8,0.06041024625301361,24768.0,42048.0
2465263-B2,1,10,9,0.03363809362053871,88436.0,19584.0
2465263-B2,1,10,10,0.025024566799402237,92532.0,27776.0
2465636-B,1,3,1,0.13358163833618164,87344.0,35344.0
2465636-B,1,3,2,0.11928489804267883,111920.0,47632.0
2465636-B,1,3,3,0.11903142184019089,116016.0,47632.0
2465636-B,1,5,1,0.13358163833618164,87344.0,35344.0
2465636-B,1,5,2,0.11928489804267883,111920.0,47632.0
2465636-B,1,5,3,0.11903142184019089,116016.0,47632.0
2465636-B,1,5,4,0.11073198914527893,40816.0,53120.0
2465636-B,1,5,5,0.07051455229520798,87344.0,43536.0
2465636-B,1,10,1,0.13358163833618164,87344.0,35344.0
2465636-B,1,10,2,0.11928489804267883,111920.0,47632.0
2465636-B,1,10,3,0.11903142184019089,116016.0,47632.0
2465636-B,1,10,4,0.11073198914527893,40816.0,53120.0
2465636-B,1,10,5,0.07051455229520798,87344.0,43536.0
2465636-B,1,10,6,0.0628705695271492,40816.0,20352.0
2465636-B,1,10,7,0.05747687444090843,28528.0,28544.0
2465636-B,1,10,8,0.04661986604332924,116016.0,43536.0
2465636-B,1,10,9,0.04265085235238075,91440.0,35344.0
2465636-B,1,10,10,0.028978072106838226,111920.0,51728.0
2465989-B2,1,3,1,0.7162980437278748,108404.0,37200.0
2465989-B2,1,3,2,0.129754900932312,100212.0,41296.0
2465989-B2,1,3,3,0.03061234951019287,100212.0,37200.0
2465989-B2,1,5,1,0.7162980437278748,108404.0,37200.0
2465989-B2,1,5,2,0.129754900932312,100212.0,41296.0
2465989-B2,1,5,3,0.03061234951019287,100212.0,37200.0
2465989-B2,1,5,4,0.015898944810032845,20240.0,34480.0
2465989-B2,1,5,5,0.009105661883950233,24336.0,34480.0
2465989-B2,1,10,1,0.7162980437278748,108404.0,37200.0
2465989-B2,1,10,2,0.129754900932312,100212.0,41296.0
2465989-B2,1,10,3,0.03061234951019287,100212.0,37200.0
2465989-B2,1,10,4,0.015898944810032845,20240.0,34480.0
2465989-B2,1,10,5,0.009105661883950233,24336.0,34480.0
2465989-B2,1,10,6,0.008604943752288818,108404.0,41296.0
2465989-B2,1,10,7,0.008448859676718712,100212.0,45392.0
2465989-B2,1,10,8,0.007190370932221413,112500.0,37200.0
2465989-B2,1,10,9,0.005391796585172415,24336.0,30384.0
2465989-B2,1,10,10,0.004691957961767912,112500.0,49488.0
2466580-B5,1,3,1,0.23498985171318054,12513.0,33345.0
2466580-B5,1,3,2,0.21857844293117523,32993.0,37441.0
2466580-B5,1,3,3,0.11053453385829926,95289.0,43473.0
2466580-B5,1,5,1,0.23498985171318054,12513.0,33345.0
2466580-B5,1,5,2,0.21857844293117523,32993.0,37441.0
2466580-B5,1,5,3,0.11053453385829926,95289.0,43473.0
2466580-B5,1,5,4,0.06600353121757507,37089.0,37441.0
2466580-B5,1,5,5,0.030501622706651688,24801.0,25153.0
2466580-B5,1,10,1,0.23498985171318054,12513.0,33345.0
2466580-B5,1,10,2,0.21857844293117523,32993.0,37441.0
2466580-B5,1,10,3,0.11053453385829926,95289.0,43473.0
2466580-B5,1,10,4,0.06600353121757507,37089.0,37441.0
2466580-B5,1,10,5,0.030501622706651688,24801.0,25153.0
2466580-B5,1,10,6,0.029886847361922264,16609.0,41537.0
2466580-B5,1,10,7,0.029407180845737457,78905.0,31185.0
2466580-B5,1,10,8,0.025553040206432343,12513.0,16961.0
2466580-B5,1,10,9,0.025023603811860085,16609.0,33345.0
2466580-B5,1,10,10,0.021923603489995003,37089.0,41537.0
2466581-B1,1,3,1,0.5005893707275391,101031.0,36417.0
2466581-B1,1,3,2,0.0633435770869255,24240.0,47392.0
2466581-B1,1,3,3,0.05502825230360031,32432.0,35104.0
2466581-B1,1,5,1,0.5005893707275391,101031.0,36417.0
2466581-B1,1,5,2,0.0633435770869255,24240.0,47392.0
2466581-B1,1,5,3,0.05502825230360031,32432.0,35104.0
2466581-B1,1,5,4,0.047420427203178406,96935.0,36417.0
2466581-B1,1,5,5,0.04063507542014122,24240.0,51488.0
2466581-B1,1,10,1,0.5005893707275391,101031.0,36417.0
2466581-B1,1,10,2,0.0633435770869255,24240.0,47392.0
2466581-B1,1,10,3,0.05502825230360031,32432.0,35104.0
2466581-B1,1,10,4,0.047420427203178406,96935.0,36417.0
2466581-B1,1,10,5,0.04063507542014122,24240.0,51488.0
2466581-B1,1,10,6,0.03244422748684883,20144.0,47392.0
2466581-B1,1,10,7,0.0235966257750988,28336.0,31008.0
2466581-B1,1,10,8,0.021730288863182068,101031.0,48705.0
2466581-B1,1,10,9,0.016697678714990616,24240.0,18720.0
2466581-B1,1,10,10,0.015399836003780365,32432.0,67872.0
2466866-B,1,3,1,0.30709534883499146,112563.0,55041.0
2466866-B,1,3,2,0.2718477249145508,113299.0,9616.0
2466866-B,1,3,3,0.1488754153251648,137556.0,71496.0
2466866-B,1,5,1,0.30709534883499146,112563.0,55041.0
2466866-B,1,5,2,0.2718477249145508,113299.0,9616.0
2466866-B,1,5,3,0.1488754153251648,137556.0,71496.0
2466866-B,1,5,4,0.07438890635967255,133060.0,10736.0
2466866-B,1,5,5,0.03210464492440224,133060.0,6640.0
2466866-B,1,10,1,0.30709534883499146,112563.0,55041.0
2466866-B,1,10,2,0.2718477249145508,113299.0,9616.0
2466866-B,1,10,3,0.1488754153251648,137556.0,71496.0
2466866-B,1,10,4,0.07438890635967255,133060.0,10736.0
2466866-B,1,10,5,0.03210464492440224,133060.0,6640.0
2466866-B,1,10,6,0.017220500856637955,133460.0,75592.0
2466866-B,1,10,7,0.013516733422875404,23888.0,51760.0
2466866-B,1,10,8,0.01259647123515606,133460.0,71496.0
2466866-B,1,10,9,0.007298398297280073,32080.0,43568.0
2466866-B,1,10,10,0.005543164908885956,32080.0,27184.0
2466884-B2,1,3,1,0.426001638174057,76279.0,33744.0
2466884-B2,1,3,2,0.28929364681243896,84471.0,33744.0
2466884-B2,1,3,3,0.08218219131231308,80375.0,37840.0
2466884-B2,1,5,1,0.426001638174057,76279.0,33744.0
2466884-B2,1,5,2,0.28929364681243896,84471.0,33744.0
2466884-B2,1,5,3,0.08218219131231308,80375.0,37840.0
2466884-B2,1,5,4,0.04003904014825821,80375.0,41936.0
2466884-B2,1,5,5,0.03980974480509758,16176.0,43824.0
2466884-B2,1,10,1,0.426001638174057,76279.0,33744.0
2466884-B2,1,10,2,0.28929364681243896,84471.0,33744.0
2466884-B2,1,10,3,0.08218219131231308,80375.0,37840.0
2466884-B2,1,10,4,0.04003904014825821,80375.0,41936.0
2466884-B2,1,10,5,0.03980974480509758,16176.0,43824.0
2466884-B2,1,10,6,0.036142054945230484,12080.0,43824.0
2466884-B2,1,10,7,0.013251475989818573,16176.0,39728.0
2466884-B2,1,10,8,0.011723998934030533,80375.0,33744.0
2466884-B2,1,10,9,0.01172158494591713,84471.0,46032.0
2466884-B2,1,10,10,0.006613055244088173,88567.0,46032.0
2466899-B2,1,3,1,0.23056913912296295,91042.0,43424.0
2466899-B2,1,3,2,0.19427067041397095,91042.0,35232.0
2466899-B2,1,3,3,0.1700943261384964,95138.0,35232.0
2466899-B2,1,5,1,0.23056913912296295,91042.0,43424.0
2466899-B2,1,5,2,0.19427067041397095,91042.0,35232.0
2466899-B2,1,5,3,0.1700943261384964,95138.0,35232.0
2466899-B2,1,5,4,0.11688829958438873,20048.0,15377.0
2466899-B2,1,5,5,0.10261726379394531,24144.0,39953.0
2466899-B2,1,10,1,0.23056913912296295,91042.0,43424.0
2466899-B2,1,10,2,0.19427067041397095,91042.0,35232.0
2466899-B2,1,10,3,0.1700943261384964,95138.0,35232.0
2466899-B2,1,10,4,0.11688829958438873,20048.0,15377.0
2466899-B2,1,10,5,0.10261726379394531,24144.0,39953.0
2466899-B2,1,10,6,0.04226325824856758,86946.0,43424.0
2466899-B2,1,10,7,0.027407510206103325,91042.0,18848.0
2466899-B2,1,10,8,0.024723201990127563,32336.0,23569.0
2466899-B2,1,10,9,0.01314810011535883,24144.0,31761.0
2466899-B2,1,10,10,0.013111615553498268,11856.0,19473.0
2468698-B2,1,3,1,0.5060433149337769,52928.0,31344.0
2468698-B2,1,3,2,0.18491040170192719,32448.0,51824.0
2468698-B2,1,3,3,0.08785394579172134,105345.0,53792.0
2468698-B2,1,5,1,0.5060433149337769,52928.0,31344.0
2468698-B2,1,5,2,0.18491040170192719,32448.0,51824.0
2468698-B2,1,5,3,0.08785394579172134,105345.0,53792.0
2468698-B2,1,5,4,0.041987307369709015,32448.0,55920.0
2468698-B2,1,5,5,0.024459360167384148,121729.0,37408.0
2468698-B2,1,10,1,0.5060433149337769,52928.0,31344.0
2468698-B2,1,10,2,0.18491040170192719,32448.0,51824.0
2468698-B2,1,10,3,0.08785394579172134,105345.0,53792.0
2468698-B2,1,10,4,0.041987307369709015,32448.0,55920.0
2468698-B2,1,10,5,0.024459360167384148,121729.0,37408.0
2468698-B2,1,10,6,0.014297007583081722,121729.0,33312.0
2468698-B2,1,10,7,0.011885171756148338,109441.0,41504.0
2468698-B2,1,10,8,0.008522924967110157,48832.0,39536.0
2468698-B2,1,10,9,0.007557405158877373,117633.0,57888.0
2468698-B2,1,10,10,0.006398007273674011,113537.0,53792.0
2469024-B,1,3,1,0.4280570149421692,102420.0,30465.0
2469024-B,1,3,2,0.23618632555007935,36432.0,52402.0
2469024-B,1,3,3,0.11477310955524445,35265.0,33314.0
2469024-B,1,5,1,0.4280570149421692,102420.0,30465.0
2469024-B,1,5,2,0.23618632555007935,36432.0,52402.0
2469024-B,1,5,3,0.11477310955524445,35265.0,33314.0
2469024-B,1,5,4,0.04432738944888115,24144.0,44210.0
2469024-B,1,5,5,0.03482499718666077,40528.0,52402.0
2469024-B,1,10,1,0.4280570149421692,102420.0,30465.0
2469024-B,1,10,2,0.23618632555007935,36432.0,52402.0
2469024-B,1,10,3,0.11477310955524445,35265.0,33314.0
2469024-B,1,10,4,0.04432738944888115,24144.0,44210.0
2469024-B,1,10,5,0.03482499718666077,40528.0,52402.0
2469024-B,1,10,6,0.021579168736934662,91187.0,45585.0
2469024-B,1,10,7,0.015323875471949577,99379.0,49681.0
2469024-B,1,10,8,0.014329569414258003,107571.0,49681.0
2469024-B,1,10,9,0.014282727614045143,36432.0,48306.0
2469024-B,1,10,10,0.01364951767027378,7760.0,36018.0
2469505-B2,1,3,1,0.20641018450260162,30464.0,43649.0
2469505-B2,1,3,2,0.12333962321281433,109888.0,40384.0
2469505-B2,1,3,3,0.08573662489652634,42752.0,31361.0
2469505-B2,1,5,1,0.20641018450260162,30464.0,43649.0
2469505-B2,1,5,2,0.12333962321281433,109888.0,40384.0
2469505-B2,1,5,3,0.08573662489652634,42752.0,31361.0
2469505-B2,1,5,4,0.06025158613920212,118080.0,36288.0
2469505-B2,1,5,5,0.05920790880918503,126272.0,48576.0
2469505-B2,1,10,1,0.20641018450260162,30464.0,43649.0
2469505-B2,1,10,2,0.12333962321281433,109888.0,40384.0
2469505-B2,1,10,3,0.08573662489652634,42752.0,31361.0
2469505-B2,1,10,4,0.06025158613920212,118080.0,36288.0
2469505-B2,1,10,5,0.05920790880918503,126272.0,48576.0
2469505-B2,1,10,6,0.05241473764181137,109888.0,36288.0
2469505-B2,1,10,7,0.033402442932128906,42752.0,51841.0
2469505-B2,1,10,8,0.030091071501374245,55040.0,39553.0
2469505-B2,1,10,9,0.026042446494102478,30464.0,39553.0
2469505-B2,1,10,10,0.02439858391880989,105792.0,52672.0
2469969-B2,1,3,1,0.366668164730072,21568.0,23217.0
2469969-B2,1,3,2,0.255920946598053,25664.0,39601.0
2469969-B2,1,3,3,0.04864821583032608,25664.0,35505.0
2469969-B2,1,5,1,0.366668164730072,21568.0,23217.0
2469969-B2,1,5,2,0.255920946598053,25664.0,39601.0
2469969-B2,1,5,3,0.04864821583032608,25664.0,35505.0
2469969-B2,1,5,4,0.04719490557909012,91734.0,37089.0
2469969-B2,1,5,5,0.03546670824289322,21568.0,27313.0
2469969-B2,1,10,1,0.366668164730072,21568.0,23217.0
2469969-B2,1,10,2,0.255920946598053,25664.0,39601.0
2469969-B2,1,10,3,0.04864821583032608,25664.0,35505.0
2469969-B2,1,10,4,0.04719490557909012,91734.0,37089.0
2469969-B2,1,10,5,0.03546670824289322,21568.0,27313.0
2469969-B2,1,10,6,0.03497946262359619,87638.0,37089.0
2469969-B2,1,10,7,0.02557053603231907,17472.0,31409.0
2469969-B2,1,10,8,0.02073858305811882,29760.0,27313.0
2469969-B2,1,10,9,0.01933993212878704,21568.0,39601.0
2469969-B2,1,10,10,0.01808263547718525,83542.0,28897.0
2470260-B,1,3,1,0.18230009078979492,47968.0,52896.0
2470260-B,1,3,2,0.13184255361557007,35680.0,48800.0
2470260-B,1,3,3,0.11247788369655609,35680.0,61088.0
2470260-B,1,5,1,0.18230009078979492,47968.0,52896.0
2470260-B,1,5,2,0.13184255361557007,35680.0,48800.0
2470260-B,1,5,3,0.11247788369655609,35680.0,61088.0
2470260-B,1,5,4,0.08405689895153046,96019.0,39648.0
2470260-B,1,5,5,0.07896125316619873,52064.0,44704.0
2470260-B,1,10,1,0.18230009078979492,47968.0,52896.0
2470260-B,1,10,2,0.13184255361557007,35680.0,48800.0
2470260-B,1,10,3,0.11247788369655609,35680.0,61088.0
2470260-B,1,10,4,0.08405689895153046,96019.0,39648.0
2470260-B,1,10,5,0.07896125316619873,52064.0,44704.0
2470260-B,1,10,6,0.06012285500764847,56160.0,44704.0
2470260-B,1,10,7,0.05638578534126282,31584.0,52896.0
2470260-B,1,10,8,0.02552109584212303,112403.0,60128.0
2470260-B,1,10,9,0.02520562708377838,39776.0,44704.0
2470260-B,1,10,10,0.025070156902074814,96019.0,35552.0
2471072-B2,1,3,1,0.5241912007331848,48688.0,54433.0
2471072-B2,1,3,2,0.18865032494068146,36400.0,50337.0
2471072-B2,1,3,3,0.02885087952017784,40496.0,46241.0
2471072-B2,1,5,1,0.5241912007331848,48688.0,54433.0
2471072-B2,1,5,2,0.18865032494068146,36400.0,50337.0
2471072-B2,1,5,3,0.02885087952017784,40496.0,46241.0
2471072-B2,1,5,4,0.024952825158834457,28208.0,54433.0
2471072-B2,1,5,5,0.02376273274421692,32304.0,50337.0
2471072-B2,1,10,1,0.5241912007331848,48688.0,54433.0
2471072-B2,1,10,2,0.18865032494068146,36400.0,50337.0
2471072-B2,1,10,3,0.02885087952017784,40496.0,46241.0
2471072-B2,1,10,4,0.024952825158834457,28208.0,54433.0
2471072-B2,1,10,5,0.02376273274421692,32304.0,50337.0
2471072-B2,1,10,6,0.02280644327402115,52784.0,38049.0
2471072-B2,1,10,7,0.0126477787271142,52784.0,58529.0
2471072-B2,1,10,8,0.012423532083630562,40496.0,50337.0
2471072-B2,1,10,9,0.011631602421402931,119681.0,54864.0
2471072-B2,1,10,10,0.009930377826094627,111489.0,42576.0
2472465-B2,1,3,1,0.21345952153205872,101168.0,19872.0
2472465-B2,1,3,2,0.16876375675201416,97072.0,32160.0
2472465-B2,1,3,3,0.0655808299779892,109360.0,36256.0
2472465-B2,1,5,1,0.21345952153205872,101168.0,19872.0
2472465-B2,1,5,2,0.16876375675201416,97072.0,32160.0
2472465-B2,1,5,3,0.0655808299779892,109360.0,36256.0
2472465-B2,1,5,4,0.06514152139425278,113456.0,36256.0
2472465-B2,1,5,5,0.05058308690786362,42064.0,51008.0
2472465-B2,1,10,1,0.21345952153205872,101168.0,19872.0
2472465-B2,1,10,2,0.16876375675201416,97072.0,32160.0
2472465-B2,1,10,3,0.0655808299779892,109360.0,36256.0
2472465-B2,1,10,4,0.06514152139425278,113456.0,36256.0
2472465-B2,1,10,5,0.05058308690786362,42064.0,51008.0
2472465-B2,1,10,6,0.03972140699625015,92976.0,36256.0
2472465-B2,1,10,7,0.03177695348858833,105264.0,40352.0
2472465-B2,1,10,8,0.025220785290002823,42064.0,63296.0
2472465-B2,1,10,9,0.02335405722260475,117552.0,48544.0
2472465-B2,1,10,10,0.019003916531801224,92976.0,48544.0
2472471-B2,1,3,1,0.31799444556236267,29408.0,15072.0
2472471-B2,1,3,2,0.1838916391134262,115960.0,20800.0
2472471-B2,1,3,3,0.09054145961999893,111864.0,24896.0
2472471-B2,1,5,1,0.31799444556236267,29408.0,15072.0
2472471-B2,1,5,2,0.1838916391134262,115960.0,20800.0
2472471-B2,1,5,3,0.09054145961999893,111864.0,24896.0
2472471-B2,1,5,4,0.0730835571885109,45792.0,23264.0
2472471-B2,1,5,5,0.04460392892360687,45792.0,19168.0
2472471-B2,1,10,1,0.31799444556236267,29408.0,15072.0
2472471-B2,1,10,2,0.1838916391134262,115960.0,20800.0
2472471-B2,1,10,3,0.09054145961999893,111864.0,24896.0
2472471-B2,1,10,4,0.0730835571885109,45792.0,23264.0
2472471-B2,1,10,5,0.04460392892360687,45792.0,19168.0
2472471-B2,1,10,6,0.03851841017603874,124152.0,16704.0
2472471-B2,1,10,7,0.02980201318860054,103672.0,12608.0
2472471-B2,1,10,8,0.02477620542049408,128248.0,16704.0
2472471-B2,1,10,9,0.02223515883088112,107768.0,20800.0
2472471-B2,1,10,10,0.02151060476899147,120056.0,16704.0
2473272-B3,1,3,1,0.4165452718734741,104005.0,14561.0
2473272-B3,1,3,2,0.22792737185955048,38993.0,39858.0
2473272-B3,1,3,3,0.0840354710817337,99909.0,14561.0
2473272-B3,1,5,1,0.4165452718734741,104005.0,14561.0
2473272-B3,1,5,2,0.22792737185955048,38993.0,39858.0
2473272-B3,1,5,3,0.0840354710817337,99909.0,14561.0
2473272-B3,1,5,4,0.07230118662118912,104005.0,22753.0
2473272-B3,1,5,5,0.04312339052557945,50626.0,40228.0
2473272-B3,1,10,1,0.4165452718734741,104005.0,14561.0
2473272-B3,1,10,2,0.22792737185955048,38993.0,39858.0
2473272-B3,1,10,3,0.0840354710817337,99909.0,14561.0
2473272-B3,1,10,4,0.07230118662118912,104005.0,22753.0
2473272-B3,1,10,5,0.04312339052557945,50626.0,40228.0
2473272-B3,1,10,6,0.022406309843063354,30801.0,48050.0
2473272-B3,1,10,7,0.018075158819556236,99909.0,22753.0
2473272-B3,1,10,8,0.009299414232373238,54722.0,44324.0
2473272-B3,1,10,9,0.00840582512319088,116293.0,14561.0
2473272-B3,1,10,10,0.0075258538126945496,120389.0,30945.0
2473394-B2,1,3,1,0.3847065567970276,40304.0,23424.0
2473394-B2,1,3,2,0.10919827222824097,115457.0,30048.0
2473394-B2,1,3,3,0.09131461381912231,115457.0,17760.0
2473394-B2,1,5,1,0.3847065567970276,40304.0,23424.0
2473394-B2,1,5,2,0.10919827222824097,115457.0,30048.0
2473394-B2,1,5,3,0.09131461381912231,115457.0,17760.0
2473394-B2,1,5,4,0.07786527276039124,36208.0,27520.0
2473394-B2,1,5,5,0.06462190300226212,36208.0,11136.0
2473394-B2,1,10,1,0.3847065567970276,40304.0,23424.0
2473394-B2,1,10,2,0.10919827222824097,115457.0,30048.0
2473394-B2,1,10,3,0.09131461381912231,115457.0,17760.0
2473394-B2,1,10,4,0.07786527276039124,36208.0,27520.0
2473394-B2,1,10,5,0.06462190300226212,36208.0,11136.0
2473394-B2,1,10,6,0.04462102800607681,44400.0,19328.0
2473394-B2,1,10,7,0.03132382780313492,123649.0,25952.0
2473394-B2,1,10,8,0.028433136641979218,115457.0,25952.0
2473394-B2,1,10,9,0.021297350525856018,36208.0,23424.0
2473394-B2,1,10,10,0.014020305126905441,36208.0,7040.0
2474124-B2,1,3,1,0.17419254779815674,22449.0,44352.0
2474124-B2,1,3,2,0.1348431259393692,115173.0,39072.0
2474124-B2,1,3,3,0.12006944417953491,148985.0,944.0
2474124-B2,1,5,1,0.17419254779815674,22449.0,44352.0
2474124-B2,1,5,2,0.1348431259393692,115173.0,39072.0
2474124-B2,1,5,3,0.12006944417953491,148985.0,944.0
2474124-B2,1,5,4,0.0882982462644577,42929.0,40256.0
2474124-B2,1,5,5,0.06655817478895187,38833.0,44352.0
2474124-B2,1,10,1,0.17419254779815674,22449.0,44352.0
2474124-B2,1,10,2,0.1348431259393692,115173.0,39072.0
2474124-B2,1,10,3,0.12006944417953491,148985.0,944.0
2474124-B2,1,10,4,0.0882982462644577,42929.0,40256.0
2474124-B2,1,10,5,0.06655817478895187,38833.0,44352.0
2474124-B2,1,10,6,0.049978967756032944,38833.0,27968.0
2474124-B2,1,10,7,0.04991494119167328,115173.0,43168.0
2474124-B2,1,10,8,0.047650307416915894,106981.0,26784.0
2474124-B2,1,10,9,0.03525255620479584,119269.0,34976.0
2474124-B2,1,10,10,0.025091178715229034,102885.0,43168.0
2474718-B4,1,3,1,0.20628489553928375,20160.0,44417.0
2474718-B4,1,3,2,0.16649708151817322,28352.0,48513.0
2474718-B4,1,3,3,0.07192089408636093,91539.0,30705.0
2474718-B4,1,5,1,0.20628489553928375,20160.0,44417.0
2474718-B4,1,5,2,0.16649708151817322,28352.0,48513.0
2474718-B4,1,5,3,0.07192089408636093,91539.0,30705.0
2474718-B4,1,5,4,0.06733424961566925,99731.0,30705.0
2474718-B4,1,5,5,0.06419588625431061,107923.0,42993.0
2474718-B4,1,10,1,0.20628489553928375,20160.0,44417.0
2474718-B4,1,10,2,0.16649708151817322,28352.0,48513.0
2474718-B4,1,10,3,0.07192089408636093,91539.0,30705.0
2474718-B4,1,10,4,0.06733424961566925,99731.0,30705.0
2474718-B4,1,10,5,0.06419588625431061,107923.0,42993.0
2474718-B4,1,10,6,0.059815146028995514,87443.0,34801.0
2474718-B4,1,10,7,0.05572981759905815,91539.0,26609.0
2474718-B4,1,10,8,0.0518411248922348,95635.0,26609.0
2474718-B4,1,10,9,0.04429946467280388,95635.0,30705.0
2474718-B4,1,10,10,0.03744494169950485,20160.0,32129.0
2475159-B,1,3,1,0.3416191637516022,28272.0,35808.0
2475159-B,1,3,2,0.17767725884914398,77477.0,31344.0
2475159-B,1,3,3,0.06355118751525879,89765.0,39536.0
2475159-B,1,5,1,0.3416191637516022,28272.0,35808.0
2475159-B,1,5,2,0.17767725884914398,77477.0,31344.0
2475159-B,1,5,3,0.06355118751525879,89765.0,39536.0
2475159-B,1,5,4,0.059942860156297684,85669.0,35440.0
2475159-B,1,5,5,0.0436253659427166,15984.0,35808.0
2475159-B,1,10,1,0.3416191637516022,28272.0,35808.0
2475159-B,1,10,2,0.17767725884914398,77477.0,31344.0
2475159-B,1,10,3,0.06355118751525879,89765.0,39536.0
2475159-B,1,10,4,0.059942860156297684,85669.0,35440.0
2475159-B,1,10,5,0.0436253659427166,15984.0,35808.0
2475159-B,1,10,6,0.03848869353532791,73381.0,35440.0
2475159-B,1,10,7,0.03652496635913849,28272.0,44000.0
2475159-B,1,10,8,0.03626415878534317,36464.0,44000.0
2475159-B,1,10,9,0.028248079121112823,20080.0,39904.0
2475159-B,1,10,10,0.017716802656650543,28272.0,39904.0
2476250-B2,1,3,1,0.20788633823394775,83030.0,35744.0
2476250-B2,1,3,2,0.17707353830337524,87126.0,35744.0
2476250-B2,1,3,3,0.1696312129497528,12048.0,48624.0
2476250-B2,1,5,1,0.20788633823394775,83030.0,35744.0
2476250-B2,1,5,2,0.17707353830337524,87126.0,35744.0
2476250-B2,1,5,3,0.1696312129497528,12048.0,48624.0
2476250-B2,1,5,4,0.08941890299320221,16144.0,40432.0
2476250-B2,1,5,5,0.056729525327682495,91222.0,35744.0
2476250-B2,1,10,1,0.20788633823394775,83030.0,35744.0
2476250-B2,1,10,2,0.17707353830337524,87126.0,35744.0
2476250-B2,1,10,3,0.1696312129497528,12048.0,48624.0
2476250-B2,1,10,4,0.08941890299320221,16144.0,40432.0
2476250-B2,1,10,5,0.056729525327682495,91222.0,35744.0
2476250-B2,1,10,6,0.049153562635183334,78934.0,48032.0
2476250-B2,1,10,7,0.04666715860366821,78934.0,35744.0
2476250-B2,1,10,8,0.036145567893981934,83030.0,39840.0
2476250-B2,1,10,9,0.030045758932828903,20240.0,44528.0
2476250-B2,1,10,10,0.02127993106842041,12048.0,44528.0
2476295-B3,1,3,1,0.16749033331871033,40960.0,26256.0
2476295-B3,1,3,2,0.09888992458581924,94482.0,18960.0
2476295-B3,1,3,3,0.0968674048781395,49152.0,34448.0
2476295-B3,1,5,1,0.16749033331871033,40960.0,26256.0
2476295-B3,1,5,2,0.09888992458581924,94482.0,18960.0
2476295-B3,1,5,3,0.0968674048781395,49152.0,34448.0
2476295-B3,1,5,4,0.0894046500325203,20480.0,30352.0
2476295-B3,1,5,5,0.05167163908481598,40960.0,42640.0
2476295-B3,1,10,1,0.16749033331871033,40960.0,26256.0
2476295-B3,1,10,2,0.09888992458581924,94482.0,18960.0
2476295-B3,1,10,3,0.0968674048781395,49152.0,34448.0
2476295-B3,1,10,4,0.0894046500325203,20480.0,30352.0
2476295-B3,1,10,5,0.05167163908481598,40960.0,42640.0
2476295-B3,1,10,6,0.0482148602604866,20480.0,22160.0
2476295-B3,1,10,7,0.03346659615635872,110866.0,23056.0
2476295-B3,1,10,8,0.028357762843370438,24576.0,34448.0
2476295-B3,1,10,9,0.027676183730363846,36864.0,42640.0
2476295-B3,1,10,10,0.02614324539899826,32768.0,50832.0
2476681-B2,1,3,1,0.3099597096443176,17760.0,32017.0
2476681-B2,1,3,2,0.16850414872169495,30048.0,44305.0
2476681-B2,1,3,3,0.09005597233772278,87203.0,24723.0
2476681-B2,1,5,1,0.3099597096443176,17760.0,32017.0
2476681-B2,1,5,2,0.16850414872169495,30048.0,44305.0
2476681-B2,1,5,3,0.09005597233772278,87203.0,24723.0
2476681-B2,1,5,4,0.07912543416023254,17760.0,36113.0
2476681-B2,1,5,5,0.06506035476922989,13664.0,32017.0
2476681-B2,1,10,1,0.3099597096443176,17760.0,32017.0
2476681-B2,1,10,2,0.16850414872169495,30048.0,44305.0
2476681-B2,1,10,3,0.09005597233772278,87203.0,24723.0
2476681-B2,1,10,4,0.07912543416023254,17760.0,36113.0
2476681-B2,1,10,5,0.06506035476922989,13664.0,32017.0
2476681-B2,1,10,6,0.038588304072618484,21856.0,27921.0
2476681-B2,1,10,7,0.036056410521268845,13664.0,36113.0
2476681-B2,1,10,8,0.03540261462330818,21856.0,44305.0
2476681-B2,1,10,9,0.0347917340695858,17760.0,27921.0
2476681-B2,1,10,10,0.030401598662137985,25952.0,27921.0
2476856-B2,1,3,1,0.4277344346046448,100549.0,21345.0
2476856-B2,1,3,2,0.1053943932056427,112837.0,21345.0
2476856-B2,1,3,3,0.045287586748600006,125125.0,62305.0
2476856-B2,1,5,1,0.4277344346046448,100549.0,21345.0
2476856-B2,1,5,2,0.1053943932056427,112837.0,21345.0
2476856-B2,1,5,3,0.045287586748600006,125125.0,62305.0
2476856-B2,1,5,4,0.041339755058288574,28705.0,33009.0
2476856-B2,1,5,5,0.03155462071299553,116933.0,21345.0
2476856-B2,1,10,1,0.4277344346046448,100549.0,21345.0
2476856-B2,1,10,2,0.1053943932056427,112837.0,21345.0
2476856-B2,1,10,3,0.045287586748600006,125125.0,62305.0
2476856-B2,1,10,4,0.041339755058288574,28705.0,33009.0
2476856-B2,1,10,5,0.03155462071299553,116933.0,21345.0
2476856-B2,1,10,6,0.03151863440871239,32801.0,45297.0
2476856-B2,1,10,7,0.02360842004418373,36897.0,45297.0
2476856-B2,1,10,8,0.020519929006695747,116933.0,62305.0
2476856-B2,1,10,9,0.019917208701372147,45089.0,37105.0
2476856-B2,1,10,10,0.019458092749118805,116933.0,25441.0
2477285-B2,1,3,1,0.3385447859764099,109465.0,33105.0
2477285-B2,1,3,2,0.2334616482257843,88985.0,45393.0
2477285-B2,1,3,3,0.07350503653287888,44273.0,50865.0
2477285-B2,1,5,1,0.3385447859764099,109465.0,33105.0
2477285-B2,1,5,2,0.2334616482257843,88985.0,45393.0
2477285-B2,1,5,3,0.07350503653287888,44273.0,50865.0
2477285-B2,1,5,4,0.030061159282922745,113561.0,45393.0
2477285-B2,1,5,5,0.02311013638973236,88985.0,41297.0
2477285-B2,1,10,1,0.3385447859764099,109465.0,33105.0
2477285-B2,1,10,2,0.2334616482257843,88985.0,45393.0
2477285-B2,1,10,3,0.07350503653287888,44273.0,50865.0
2477285-B2,1,10,4,0.030061159282922745,113561.0,45393.0
2477285-B2,1,10,5,0.02311013638973236,88985.0,41297.0
2477285-B2,1,10,6,0.022074410691857338,93081.0,41297.0
2477285-B2,1,10,7,0.019378874450922012,109465.0,41297.0
2477285-B2,1,10,8,0.01861470937728882,105369.0,24913.0
2477285-B2,1,10,9,0.017265615984797478,101273.0,29009.0
2477285-B2,1,10,10,0.015302760526537895,44273.0,42673.0
2477299-B2,1,3,1,0.5037132501602173,128832.0,27504.0
2477299-B2,1,3,2,0.05748852714896202,42448.0,32960.0
2477299-B2,1,3,3,0.044933661818504333,50640.0,24768.0
2477299-B2,1,5,1,0.5037132501602173,128832.0,27504.0
2477299-B2,1,5,2,0.05748852714896202,42448.0,32960.0
2477299-B2,1,5,3,0.044933661818504333,50640.0,24768.0
2477299-B2,1,5,4,0.04269281402230263,34256.0,24768.0
2477299-B2,1,5,5,0.023154117166996002,141120.0,47984.0
2477299-B2,1,10,1,0.5037132501602173,128832.0,27504.0
2477299-B2,1,10,2,0.05748852714896202,42448.0,32960.0
2477299-B2,1,10,3,0.044933661818504333,50640.0,24768.0
2477299-B2,1,10,4,0.04269281402230263,34256.0,24768.0
2477299-B2,1,10,5,0.023154117166996002,141120.0,47984.0
2477299-B2,1,10,6,0.02260332927107811,46544.0,37056.0
2477299-B2,1,10,7,0.02220752462744713,141120.0,11120.0
2477299-B2,1,10,8,0.015351283363997936,42448.0,20672.0
2477299-B2,1,10,9,0.012475375086069107,50640.0,8384.0
2477299-B2,1,10,10,0.011409582570195198,145216.0,47984.0
2477473-B2,1,3,1,0.30310291051864624,109555.0,51728.0
2477473-B2,1,3,2,0.10512986034154892,113651.0,64016.0
2477473-B2,1,3,3,0.09950597584247589,109555.0,64016.0
2477473-B2,1,5,1,0.30310291051864624,109555.0,51728.0
2477473-B2,1,5,2,0.10512986034154892,113651.0,64016.0
2477473-B2,1,5,3,0.09950597584247589,109555.0,64016.0
2477473-B2,1,5,4,0.07011532783508301,125939.0,55824.0
2477473-B2,1,5,5,0.06917157024145126,109555.0,39440.0
2477473-B2,1,10,1,0.30310291051864624,109555.0,51728.0
2477473-B2,1,10,2,0.10512986034154892,113651.0,64016.0
2477473-B2,1,10,3,0.09950597584247589,109555.0,64016.0
2477473-B2,1,10,4,0.07011532783508301,125939.0,55824.0
2477473-B2,1,10,5,0.06917157024145126,109555.0,39440.0
2477473-B2,1,10,6,0.04631299525499344,101363.0,59920.0
2477473-B2,1,10,7,0.03378336876630783,105459.0,35344.0
2477473-B2,1,10,8,0.02656586840748787,109555.0,59920.0
2477473-B2,1,10,9,0.02574867755174637,36496.0,65089.0
2477473-B2,1,10,10,0.02427925541996956,28304.0,60993.0
2477941-B2,1,3,1,0.37046289443969727,113314.0,35136.0
2477941-B2,1,3,2,0.15086576342582703,113314.0,43328.0
2477941-B2,1,3,3,0.0771971121430397,105122.0,51520.0
2477941-B2,1,5,1,0.37046289443969727,113314.0,35136.0
2477941-B2,1,5,2,0.15086576342582703,113314.0,43328.0
2477941-B2,1,5,3,0.0771971121430397,105122.0,51520.0
2477941-B2,1,5,4,0.05971647799015045,117410.0,35136.0
2477941-B2,1,5,5,0.05040314048528671,113314.0,26944.0
2477941-B2,1,10,1,0.37046289443969727,113314.0,35136.0
2477941-B2,1,10,2,0.15086576342582703,113314.0,43328.0
2477941-B2,1,10,3,0.0771971121430397,105122.0,51520.0
2477941-B2,1,10,4,0.05971647799015045,117410.0,35136.0
2477941-B2,1,10,5,0.05040314048528671,113314.0,26944.0
2477941-B2,1,10,6,0.04289131611585617,109218.0,47424.0
2477941-B2,1,10,7,0.036881767213344574,105122.0,43328.0
2477941-B2,1,10,8,0.028364744037389755,109218.0,22848.0
2477941-B2,1,10,9,0.021030385047197342,105122.0,47424.0
2477941-B2,1,10,10,0.011296405456960201,46528.0,44065.0
2481723-B2,1,3,1,0.41196343302726746,111893.0,14832.0
2481723-B2,1,3,2,0.06999757140874863,115989.0,31216.0
2481723-B2,1,3,3,0.06820307672023773,107797.0,23024.0
2481723-B2,1,5,1,0.41196343302726746,111893.0,14832.0
2481723-B2,1,5,2,0.06999757140874863,115989.0,31216.0
2481723-B2,1,5,3,0.06820307672023773,107797.0,23024.0
2481723-B2,1,5,4,0.05617264285683632,107797.0,35312.0
2481723-B2,1,5,5,0.055573951452970505,107797.0,47600.0
2481723-B2,1,10,1,0.41196343302726746,111893.0,14832.0
2481723-B2,1,10,2,0.06999757140874863,115989.0,31216.0
2481723-B2,1,10,3,0.06820307672023773,107797.0,23024.0
2481723-B2,1,10,4,0.05617264285683632,107797.0,35312.0
2481723-B2,1,10,5,0.055573951452970505,107797.0,47600.0
2481723-B2,1,10,6,0.029754560440778732,103701.0,35312.0
2481723-B2,1,10,7,0.027620451524853706,107797.0,43504.0
2481723-B2,1,10,8,0.019797857850790024,40544.0,20641.0
2481723-B2,1,10,9,0.018282875418663025,36448.0,37025.0
2481723-B2,1,10,10,0.017234576866030693,32352.0,41121.0
2482461-B2,1,3,1,0.3374495804309845,36400.0,49281.0
2482461-B2,1,3,2,0.18135467171669006,44592.0,32897.0
2482461-B2,1,3,3,0.06507658213376999,112277.0,23808.0
2482461-B2,1,5,1,0.3374495804309845,36400.0,49281.0
2482461-B2,1,5,2,0.18135467171669006,44592.0,32897.0
2482461-B2,1,5,3,0.06507658213376999,112277.0,23808.0
2482461-B2,1,5,4,0.052650317549705505,108181.0,23808.0
2482461-B2,1,5,5,0.030754080042243004,104085.0,32000.0
2482461-B2,1,10,1,0.3374495804309845,36400.0,49281.0
2482461-B2,1,10,2,0.18135467171669006,44592.0,32897.0
2482461-B2,1,10,3,0.06507658213376999,112277.0,23808.0
2482461-B2,1,10,4,0.052650317549705505,108181.0,23808.0
2482461-B2,1,10,5,0.030754080042243004,104085.0,32000.0
2482461-B2,1,10,6,0.02846609801054001,40496.0,45185.0
2482461-B2,1,10,7,0.026231568306684494,99989.0,36096.0
2482461-B2,1,10,8,0.025797609239816666,32304.0,41089.0
2482461-B2,1,10,9,0.025527987629175186,44592.0,36993.0
2482461-B2,1,10,10,0.01893240213394165,91797.0,32000.0
2482962-B2,1,3,1,0.3292074501514435,142032.0,41505.0
2482962-B2,1,3,2,0.1259194016456604,180592.0,5152.0
2482962-B2,1,3,3,0.12311679124832153,137936.0,49697.0
2482962-B2,1,5,1,0.3292074501514435,142032.0,41505.0
2482962-B2,1,5,2,0.1259194016456604,180592.0,5152.0
2482962-B2,1,5,3,0.12311679124832153,137936.0,49697.0
2482962-B2,1,5,4,0.10822951793670654,180832.0,69783.0
2482962-B2,1,5,5,0.08641675859689713,137936.0,53793.0
2482962-B2,1,10,1,0.3292074501514435,142032.0,41505.0
2482962-B2,1,10,2,0.1259194016456604,180592.0,5152.0
2482962-B2,1,10,3,0.12311679124832153,137936.0,49697.0
2482962-B2,1,10,4,0.10822951793670654,180832.0,69783.0
2482962-B2,1,10,5,0.08641675859689713,137936.0,53793.0
2482962-B2,1,10,6,0.029209110885858536,133840.0,49697.0
2482962-B2,1,10,7,0.028642700985074043,146128.0,41505.0
2482962-B2,1,10,8,0.027873875573277473,74160.0,43633.0
2482962-B2,1,10,9,0.022226372733712196,142032.0,45601.0
2482962-B2,1,10,10,0.018660692498087883,176496.0,9248.0
2483014-B4,1,3,1,0.4329722821712494,129559.0,27185.0
2483014-B4,1,3,2,0.2816604673862457,58083.0,19856.0
2483014-B4,1,3,3,0.08627300709486008,62179.0,23952.0
2483014-B4,1,5,1,0.4329722821712494,129559.0,27185.0
2483014-B4,1,5,2,0.2816604673862457,58083.0,19856.0
2483014-B4,1,5,3,0.08627300709486008,62179.0,23952.0
2483014-B4,1,5,4,0.018089449033141136,66275.0,36240.0
2483014-B4,1,5,5,0.01583966054022312,150039.0,76337.0
2483014-B4,1,10,1,0.4329722821712494,129559.0,27185.0
2483014-B4,1,10,2,0.2816604673862457,58083.0,19856.0
2483014-B4,1,10,3,0.08627300709486008,62179.0,23952.0
2483014-B4,1,10,4,0.018089449033141136,66275.0,36240.0
2483014-B4,1,10,5,0.01583966054022312,150039.0,76337.0
2483014-B4,1,10,6,0.013310267589986324,133655.0,18993.0
2483014-B4,1,10,7,0.010275723412632942,58083.0,28048.0
2483014-B4,1,10,8,0.009290792047977448,141847.0,51761.0
2483014-B4,1,10,9,0.008841839618980885,145943.0,55857.0
2483014-B4,1,10,10,0.008783952333033085,150039.0,43569.0
2483215-B5,1,3,1,0.5458000898361206,90087.0,41952.0
2483215-B5,1,3,2,0.07682226598262787,90087.0,17376.0
2483215-B5,1,3,3,0.032948412001132965,28640.0,37456.0
2483215-B5,1,5,1,0.5458000898361206,90087.0,41952.0
2483215-B5,1,5,2,0.07682226598262787,90087.0,17376.0
2483215-B5,1,5,3,0.032948412001132965,28640.0,37456.0
2483215-B5,1,5,4,0.03159676864743233,98279.0,29664.0
2483215-B5,1,5,5,0.03157370164990425,81895.0,17376.0
2483215-B5,1,10,1,0.5458000898361206,90087.0,41952.0
2483215-B5,1,10,2,0.07682226598262787,90087.0,17376.0
2483215-B5,1,10,3,0.032948412001132965,28640.0,37456.0
2483215-B5,1,10,4,0.03159676864743233,98279.0,29664.0
2483215-B5,1,10,5,0.03157370164990425,81895.0,17376.0
2483215-B5,1,10,6,0.027048345655202866,94183.0,37856.0
2483215-B5,1,10,7,0.026969876140356064,94183.0,33760.0
2483215-B5,1,10,8,0.023751454427838326,16352.0,21072.0
2483215-B5,1,10,9,0.016220014542341232,16352.0,41552.0
2483215-B5,1,10,10,0.01577594317495823,98279.0,37856.0
2483220-B1,1,3,1,0.827319860458374,101813.0,58128.0
2483220-B1,1,3,2,0.009968655183911324,105909.0,62224.0
2483220-B1,1,3,3,0.008061552420258522,16016.0,47936.0
2483220-B1,1,5,1,0.827319860458374,101813.0,58128.0
2483220-B1,1,5,2,0.009968655183911324,105909.0,62224.0
2483220-B1,1,5,3,0.008061552420258522,16016.0,47936.0
2483220-B1,1,5,4,0.007606072351336479,146776.0,9680.0
2483220-B1,1,5,5,0.00716849509626627,93621.0,58128.0
2483220-B1,1,10,1,0.827319860458374,101813.0,58128.0
2483220-B1,1,10,2,0.009968655183911324,105909.0,62224.0
2483220-B1,1,10,3,0.008061552420258522,16016.0,47936.0
2483220-B1,1,10,4,0.007606072351336479,146776.0,9680.0
2483220-B1,1,10,5,0.00716849509626627,93621.0,58128.0
2483220-B1,1,10,6,0.005876074079424143,44688.0,64320.0
2483220-B1,1,10,7,0.005336230620741844,36496.0,52032.0
2483220-B1,1,10,8,0.00518389418721199,146776.0,5584.0
2483220-B1,1,10,9,0.004764337092638016,16016.0,64320.0
2483220-B1,1,10,10,0.0045854575000703335,97717.0,21264.0
2483868-B4,1,3,1,0.14528696238994598,36496.0,55872.0
2483868-B4,1,3,2,0.06030627340078354,40592.0,14912.0
2483868-B4,1,3,3,0.0594806894659996,24208.0,35392.0
2483868-B4,1,5,1,0.14528696238994598,36496.0,55872.0
2483868-B4,1,5,2,0.06030627340078354,40592.0,14912.0
2483868-B4,1,5,3,0.0594806894659996,24208.0,35392.0
2483868-B4,1,5,4,0.0489664152264595,40592.0,55872.0
2483868-B4,1,5,5,0.04579487442970276,106932.0,18816.0
2483868-B4,1,10,1,0.14528696238994598,36496.0,55872.0
2483868-B4,1,10,2,0.06030627340078354,40592.0,14912.0
2483868-B4,1,10,3,0.0594806894659996,24208.0,35392.0
2483868-B4,1,10,4,0.0489664152264595,40592.0,55872.0
2483868-B4,1,10,5,0.04579487442970276,106932.0,18816.0
2483868-B4,1,10,6,0.03521792218089104,32400.0,47680.0
2483868-B4,1,10,7,0.03367272764444351,102836.0,43392.0
2483868-B4,1,10,8,0.0336652547121048,102836.0,63872.0
2483868-B4,1,10,9,0.03237764537334442,106932.0,35200.0
2483868-B4,1,10,10,0.03167568892240524,24208.0,51776.0
2483973-B1,1,3,1,0.1518498659133911,85928.0,39376.0
2483973-B1,1,3,2,0.1141316294670105,16080.0,35232.0
2483973-B1,1,3,3,0.11029937118291855,32464.0,35232.0
2483973-B1,1,5,1,0.1518498659133911,85928.0,39376.0
2483973-B1,1,5,2,0.1141316294670105,16080.0,35232.0
2483973-B1,1,5,3,0.11029937118291855,32464.0,35232.0
2483973-B1,1,5,4,0.0998920202255249,32464.0,39328.0
2483973-B1,1,5,5,0.08429320156574249,102312.0,35280.0
2483973-B1,1,10,1,0.1518498659133911,85928.0,39376.0
2483973-B1,1,10,2,0.1141316294670105,16080.0,35232.0
2483973-B1,1,10,3,0.11029937118291855,32464.0,35232.0
2483973-B1,1,10,4,0.0998920202255249,32464.0,39328.0
2483973-B1,1,10,5,0.08429320156574249,102312.0,35280.0
2483973-B1,1,10,6,0.0760686993598938,114600.0,22992.0
2483973-B1,1,10,7,0.047884322702884674,24272.0,35232.0
2483973-B1,1,10,8,0.03163668513298035,24272.0,31136.0
2483973-B1,1,10,9,0.023519320413470268,48848.0,14752.0
2483973-B1,1,10,10,0.023451924324035645,81832.0,47568.0
2484004-B2,1,3,1,0.21604277193546295,105656.0,40656.0
2484004-B2,1,3,2,0.13485106825828552,101560.0,52944.0
2484004-B2,1,3,3,0.12646692991256714,81080.0,48848.0
2484004-B2,1,5,1,0.21604277193546295,105656.0,40656.0
2484004-B2,1,5,2,0.13485106825828552,101560.0,52944.0
2484004-B2,1,5,3,0.12646692991256714,81080.0,48848.0
2484004-B2,1,5,4,0.10809499025344849,76984.0,69328.0
2484004-B2,1,5,5,0.04200233519077301,32928.0,23328.0
2484004-B2,1,10,1,0.21604277193546295,105656.0,40656.0
2484004-B2,1,10,2,0.13485106825828552,101560.0,52944.0
2484004-B2,1,10,3,0.12646692991256714,81080.0,48848.0
2484004-B2,1,10,4,0.10809499025344849,76984.0,69328.0
2484004-B2,1,10,5,0.04200233519077301,32928.0,23328.0
2484004-B2,1,10,6,0.03956008702516556,113848.0,36560.0
2484004-B2,1,10,7,0.030888324603438377,93368.0,69328.0
2484004-B2,1,10,8,0.026563148945569992,81080.0,61136.0
2484004-B2,1,10,9,0.02376568503677845,105656.0,52944.0
2484004-B2,1,10,10,0.02053067460656166,109752.0,44752.0
2484734-B4,1,3,1,0.2483351081609726,24640.0,39346.0
2484734-B4,1,3,2,0.14633017778396606,12352.0,39346.0
2484734-B4,1,3,3,0.09902659058570862,12352.0,43442.0
2484734-B4,1,5,1,0.2483351081609726,24640.0,39346.0
2484734-B4,1,5,2,0.14633017778396606,12352.0,39346.0
2484734-B4,1,5,3,0.09902659058570862,12352.0,43442.0
2484734-B4,1,5,4,0.0794980525970459,84613.0,42466.0
2484734-B4,1,5,5,0.07104796171188354,28736.0,43442.0
2484734-B4,1,10,1,0.2483351081609726,24640.0,39346.0
2484734-B4,1,10,2,0.14633017778396606,12352.0,39346.0
2484734-B4,1,10,3,0.09902659058570862,12352.0,43442.0
2484734-B4,1,10,4,0.0794980525970459,84613.0,42466.0
2484734-B4,1,10,5,0.07104796171188354,28736.0,43442.0
2484734-B4,1,10,6,0.06830504536628723,16448.0,35250.0
2484734-B4,1,10,7,0.03939567506313324,84613.0,46562.0
2484734-B4,1,10,8,0.023224076256155968,28736.0,39346.0
2484734-B4,1,10,9,0.02112257480621338,88709.0,54754.0
2484734-B4,1,10,10,0.020010514184832573,88709.0,38370.0
2485318-B2,1,3,1,0.40533071756362915,70965.0,45792.0
2485318-B2,1,3,2,0.2030179351568222,70965.0,53984.0
2485318-B2,1,3,3,0.054058708250522614,18272.0,52816.0
2485318-B2,1,5,1,0.40533071756362915,70965.0,45792.0
2485318-B2,1,5,2,0.2030179351568222,70965.0,53984.0
2485318-B2,1,5,3,0.054058708250522614,18272.0,52816.0
2485318-B2,1,5,4,0.03851599991321564,79157.0,49888.0
2485318-B2,1,5,5,0.03476225212216377,75061.0,37600.0
2485318-B2,1,10,1,0.40533071756362915,70965.0,45792.0
2485318-B2,1,10,2,0.2030179351568222,70965.0,53984.0
2485318-B2,1,10,3,0.054058708250522614,18272.0,52816.0
2485318-B2,1,10,4,0.03851599991321564,79157.0,49888.0
2485318-B2,1,10,5,0.03476225212216377,75061.0,37600.0
2485318-B2,1,10,6,0.028921039775013924,18272.0,44624.0
2485318-B2,1,10,7,0.0247722789645195,18272.0,48720.0
2485318-B2,1,10,8,0.024161450564861298,18272.0,40528.0
2485318-B2,1,10,9,0.01499592699110508,70965.0,41696.0
2485318-B2,1,10,10,0.01385989598929882,22368.0,28240.0
2485322-B2,1,3,1,0.17237746715545654,83482.0,23584.0
2485322-B2,1,3,2,0.16904042661190033,20225.0,27665.0
2485322-B2,1,3,3,0.14448539912700653,24321.0,31761.0
2485322-B2,1,5,1,0.17237746715545654,83482.0,23584.0
2485322-B2,1,5,2,0.16904042661190033,20225.0,27665.0
2485322-B2,1,5,3,0.14448539912700653,24321.0,31761.0
2485322-B2,1,5,4,0.14424504339694977,24321.0,23569.0
2485322-B2,1,5,5,0.06044573336839676,24321.0,44049.0
2485322-B2,1,10,1,0.17237746715545654,83482.0,23584.0
2485322-B2,1,10,2,0.16904042661190033,20225.0,27665.0
2485322-B2,1,10,3,0.14448539912700653,24321.0,31761.0
2485322-B2,1,10,4,0.14424504339694977,24321.0,23569.0
2485322-B2,1,10,5,0.06044573336839676,24321.0,44049.0
2485322-B2,1,10,6,0.03858279436826706,16081.0,25280.0
2485322-B2,1,10,7,0.03527576103806496,83482.0,35872.0
2485322-B2,1,10,8,0.02665369212627411,22739.0,12720.0
2485322-B2,1,10,9,0.02436516061425209,28417.0,35857.0
2485322-B2,1,10,10,0.020383421331644058,83482.0,19488.0
2485328-B2,1,3,1,0.24912968277931213,20208.0,24258.0
2485328-B2,1,3,2,0.07337920367717743,24304.0,65218.0
2485328-B2,1,3,3,0.06559278815984726,73088.0,55586.0
2485328-B2,1,5,1,0.24912968277931213,20208.0,24258.0
2485328-B2,1,5,2,0.07337920367717743,24304.0,65218.0
2485328-B2,1,5,3,0.06559278815984726,73088.0,55586.0
2485328-B2,1,5,4,0.05058376491069794,85376.0,26914.0
2485328-B2,1,5,5,0.05030521750450134,89472.0,43298.0
2485328-B2,1,10,1,0.24912968277931213,20208.0,24258.0
2485328-B2,1,10,2,0.07337920367717743,24304.0,65218.0
2485328-B2,1,10,3,0.06559278815984726,73088.0,55586.0
2485328-B2,1,10,4,0.05058376491069794,85376.0,26914.0
2485328-B2,1,10,5,0.05030521750450134,89472.0,43298.0
2485328-B2,1,10,6,0.041941843926906586,28400.0,65218.0
2485328-B2,1,10,7,0.037781015038490295,89472.0,39202.0
2485328-B2,1,10,8,0.03530989959836006,12016.0,28354.0
2485328-B2,1,10,9,0.030574001371860504,89472.0,51490.0
2485328-B2,1,10,10,0.02594367414712906,28400.0,52930.0
2485517-B2,1,3,1,0.44759321212768555,90372.0,24628.0
2485517-B2,1,3,2,0.08688784390687943,82180.0,32820.0
2485517-B2,1,3,3,0.06729944050312042,15920.0,38069.0
2485517-B2,1,5,1,0.44759321212768555,90372.0,24628.0
2485517-B2,1,5,2,0.08688784390687943,82180.0,32820.0
2485517-B2,1,5,3,0.06729944050312042,15920.0,38069.0
2485517-B2,1,5,4,0.057187873870134354,73988.0,36916.0
2485517-B2,1,5,5,0.04934136942028999,82180.0,41012.0
2485517-B2,1,10,1,0.44759321212768555,90372.0,24628.0
2485517-B2,1,10,2,0.08688784390687943,82180.0,32820.0
2485517-B2,1,10,3,0.06729944050312042,15920.0,38069.0
2485517-B2,1,10,4,0.057187873870134354,73988.0,36916.0
2485517-B2,1,10,5,0.04934136942028999,82180.0,41012.0
2485517-B2,1,10,6,0.043277546763420105,20016.0,42165.0
2485517-B2,1,10,7,0.04062512889504433,32304.0,33973.0
2485517-B2,1,10,8,0.02662607654929161,36400.0,25781.0
2485517-B2,1,10,9,0.024406425654888153,28208.0,42165.0
2485517-B2,1,10,10,0.016273315995931625,82180.0,36916.0
2485805-B,1,3,1,0.3670978546142578,137569.0,32976.0
2485805-B,1,3,2,0.16548173129558563,145761.0,32976.0
2485805-B,1,3,3,0.08473671972751617,70336.0,29872.0
2485805-B,1,5,1,0.3670978546142578,137569.0,32976.0
2485805-B,1,5,2,0.16548173129558563,145761.0,32976.0
2485805-B,1,5,3,0.08473671972751617,70336.0,29872.0
2485805-B,1,5,4,0.04731248319149017,66240.0,21680.0
2485805-B,1,5,5,0.040312714874744415,66240.0,33968.0
2485805-B,1,10,1,0.3670978546142578,137569.0,32976.0
2485805-B,1,10,2,0.16548173129558563,145761.0,32976.0
2485805-B,1,10,3,0.08473671972751617,70336.0,29872.0
2485805-B,1,10,4,0.04731248319149017,66240.0,21680.0
2485805-B,1,10,5,0.040312714874744415,66240.0,33968.0
2485805-B,1,10,6,0.03001158870756626,141665.0,49360.0
2485805-B,1,10,7,0.02776666358113289,66240.0,46256.0
2485805-B,1,10,8,0.021784894168376923,137569.0,49360.0
2485805-B,1,10,9,0.015745818614959717,62144.0,25776.0
2485805-B,1,10,10,0.015024188905954361,29376.0,9392.0
2486104-B1,1,3,1,0.37059563398361206,23057.0,41488.0
2486104-B1,1,3,2,0.2577918767929077,95704.0,38016.0
2486104-B1,1,3,3,0.10722440481185913,27153.0,33296.0
2486104-B1,1,5,1,0.37059563398361206,23057.0,41488.0
2486104-B1,1,5,2,0.2577918767929077,95704.0,38016.0
2486104-B1,1,5,3,0.10722440481185913,27153.0,33296.0
2486104-B1,1,5,4,0.07025763392448425,39441.0,29200.0
2486104-B1,1,5,5,0.03522956743836403,103896.0,38016.0
2486104-B1,1,10,1,0.37059563398361206,23057.0,41488.0
2486104-B1,1,10,2,0.2577918767929077,95704.0,38016.0
2486104-B1,1,10,3,0.10722440481185913,27153.0,33296.0
2486104-B1,1,10,4,0.07025763392448425,39441.0,29200.0
2486104-B1,1,10,5,0.03522956743836403,103896.0,38016.0
2486104-B1,1,10,6,0.02888248860836029,103896.0,29824.0
2486104-B1,1,10,7,0.01805068366229534,103896.0,42112.0
2486104-B1,1,10,8,0.015097983181476593,48452.0,46272.0
2486104-B1,1,10,9,0.008107639849185944,39441.0,41488.0
2486104-B1,1,10,10,0.007999548688530922,91608.0,38016.0
2486191-B,1,3,1,0.2336406111717224,24080.0,52097.0
2486191-B,1,3,2,0.12276807427406311,103249.0,36641.0
2486191-B,1,3,3,0.10646986961364746,99153.0,40737.0
2486191-B,1,5,1,0.2336406111717224,24080.0,52097.0
2486191-B,1,5,2,0.12276807427406311,103249.0,36641.0
2486191-B,1,5,3,0.10646986961364746,99153.0,40737.0
2486191-B,1,5,4,0.09175355732440948,19984.0,60289.0
2486191-B,1,5,5,0.06468887627124786,99153.0,57121.0
2486191-B,1,10,1,0.2336406111717224,24080.0,52097.0
2486191-B,1,10,2,0.12276807427406311,103249.0,36641.0
2486191-B,1,10,3,0.10646986961364746,99153.0,40737.0
2486191-B,1,10,4,0.09175355732440948,19984.0,60289.0
2486191-B,1,10,5,0.06468887627124786,99153.0,57121.0
2486191-B,1,10,6,0.06331159919500351,99153.0,36641.0
2486191-B,1,10,7,0.04924768954515457,99153.0,53025.0
2486191-B,1,10,8,0.033804889768362045,24080.0,48001.0
2486191-B,1,10,9,0.02464853785932064,95057.0,48929.0
2486191-B,1,10,10,0.024406474083662033,28176.0,48001.0
2487656-B4,1,3,1,0.2177429348230362,121328.0,39248.0
2487656-B4,1,3,2,0.1587032973766327,121328.0,43344.0
2487656-B4,1,3,3,0.14534783363342285,88560.0,47440.0
2487656-B4,1,5,1,0.2177429348230362,121328.0,39248.0
2487656-B4,1,5,2,0.1587032973766327,121328.0,43344.0
2487656-B4,1,5,3,0.14534783363342285,88560.0,47440.0
2487656-B4,1,5,4,0.12296274304389954,117232.0,43344.0
2487656-B4,1,5,5,0.08185699582099915,104944.0,39248.0
2487656-B4,1,10,1,0.2177429348230362,121328.0,39248.0
2487656-B4,1,10,2,0.1587032973766327,121328.0,43344.0
2487656-B4,1,10,3,0.14534783363342285,88560.0,47440.0
2487656-B4,1,10,4,0.12296274304389954,117232.0,43344.0
2487656-B4,1,10,5,0.08185699582099915,104944.0,39248.0
2487656-B4,1,10,6,0.05444687604904175,84464.0,51536.0
2487656-B4,1,10,7,0.031790606677532196,104944.0,35152.0
2487656-B4,1,10,8,0.017888249829411507,32272.0,46000.0
2487656-B4,1,10,9,0.0175801832228899,100848.0,43344.0
2487656-B4,1,10,10,0.015987325459718704,113136.0,31056.0
2488767-B,1,3,1,0.26585355401039124,25168.0,37920.0
2488767-B,1,3,2,0.15815657377243042,91363.0,37296.0
2488767-B,1,3,3,0.10905072838068008,21072.0,42016.0
2488767-B,1,5,1,0.26585355401039124,25168.0,37920.0
2488767-B,1,5,2,0.15815657377243042,91363.0,37296.0
2488767-B,1,5,3,0.10905072838068008,21072.0,42016.0
2488767-B,1,5,4,0.06686151027679443,95459.0,41392.0
2488767-B,1,5,5,0.05769035592675209,95459.0,33200.0
2488767-B,1,10,1,0.26585355401039124,25168.0,37920.0
2488767-B,1,10,2,0.15815657377243042,91363.0,37296.0
2488767-B,1,10,3,0.10905072838068008,21072.0,42016.0
2488767-B,1,10,4,0.06686151027679443,95459.0,41392.0
2488767-B,1,10,5,0.05769035592675209,95459.0,33200.0
2488767-B,1,10,6,0.04205908626317978,41552.0,66592.0
2488767-B,1,10,7,0.04154597967863083,91363.0,33200.0
2488767-B,1,10,8,0.022103121504187584,115939.0,65968.0
2488767-B,1,10,9,0.018097855150699615,45648.0,58400.0
2488767-B,1,10,10,0.017884330824017525,45648.0,62496.0
2488932-B4,1,3,1,0.13976170122623444,122449.0,58513.0
2488932-B4,1,3,2,0.11581501364707947,118353.0,70801.0
2488932-B4,1,3,3,0.10248657315969467,114257.0,70801.0
2488932-B4,1,5,1,0.13976170122623444,122449.0,58513.0
2488932-B4,1,5,2,0.11581501364707947,118353.0,70801.0
2488932-B4,1,5,3,0.10248657315969467,114257.0,70801.0
2488932-B4,1,5,4,0.09723004698753357,101969.0,74897.0
2488932-B4,1,5,5,0.08312474191188812,93777.0,54417.0
2488932-B4,1,10,1,0.13976170122623444,122449.0,58513.0
2488932-B4,1,10,2,0.11581501364707947,118353.0,70801.0
2488932-B4,1,10,3,0.10248657315969467,114257.0,70801.0
2488932-B4,1,10,4,0.09723004698753357,101969.0,74897.0
2488932-B4,1,10,5,0.08312474191188812,93777.0,54417.0
2488932-B4,1,10,6,0.05449070408940315,126545.0,58513.0
2488932-B4,1,10,7,0.03876710683107376,110161.0,70801.0
2488932-B4,1,10,8,0.02787703648209572,101969.0,66705.0
2488932-B4,1,10,9,0.0262625589966774,106065.0,70801.0
2488932-B4,1,10,10,0.02622271329164505,118353.0,74897.0
2489331-B2,1,3,1,0.38508349657058716,21280.0,60960.0
2489331-B2,1,3,2,0.21822750568389893,41760.0,73248.0
2489331-B2,1,3,3,0.04774440824985504,104121.0,72840.0
2489331-B2,1,5,1,0.38508349657058716,21280.0,60960.0
2489331-B2,1,5,2,0.21822750568389893,41760.0,73248.0
2489331-B2,1,5,3,0.04774440824985504,104121.0,72840.0
2489331-B2,1,5,4,0.046559154987335205,25376.0,65056.0
2489331-B2,1,5,5,0.04098321497440338,21280.0,48672.0
2489331-B2,1,10,1,0.38508349657058716,21280.0,60960.0
2489331-B2,1,10,2,0.21822750568389893,41760.0,73248.0
2489331-B2,1,10,3,0.04774440824985504,104121.0,72840.0
2489331-B2,1,10,4,0.046559154987335205,25376.0,65056.0
2489331-B2,1,10,5,0.04098321497440338,21280.0,48672.0
2489331-B2,1,10,6,0.027414914220571518,45856.0,73248.0
2489331-B2,1,10,7,0.023315854370594025,87510.0,58673.0
2489331-B2,1,10,8,0.020662609487771988,83414.0,54577.0
2489331-B2,1,10,9,0.016360515728592873,80695.0,23186.0
2489331-B2,1,10,10,0.014223622158169746,25376.0,56864.0
25012175B4,1,3,1,0.30346256494522095,92758.0,44608.0
25012175B4,1,3,2,0.17034918069839478,25584.0,39889.0
25012175B4,1,3,3,0.13730335235595703,17392.0,43985.0
25012175B4,1,5,1,0.30346256494522095,92758.0,44608.0
25012175B4,1,5,2,0.17034918069839478,25584.0,39889.0
25012175B4,1,5,3,0.13730335235595703,17392.0,43985.0
25012175B4,1,5,4,0.11129027605056763,29680.0,39889.0
25012175B4,1,5,5,0.05049058794975281,100950.0,36416.0
25012175B4,1,10,1,0.30346256494522095,92758.0,44608.0
25012175B4,1,10,2,0.17034918069839478,25584.0,39889.0
25012175B4,1,10,3,0.13730335235595703,17392.0,43985.0
25012175B4,1,10,4,0.11129027605056763,29680.0,39889.0
25012175B4,1,10,5,0.05049058794975281,100950.0,36416.0
25012175B4,1,10,6,0.031511090695858,21488.0,35793.0
25012175B4,1,10,7,0.01828744076192379,25584.0,48081.0
25012175B4,1,10,8,0.017729060724377632,17392.0,48081.0
25012175B4,1,10,9,0.015315847471356392,21488.0,43985.0
25012175B4,1,10,10,0.015238567255437374,100950.0,48704.0
25012915B2,1,3,1,0.21981093287467957,40480.0,57953.0
25012915B2,1,3,2,0.15680807828903198,114000.0,65777.0
25012915B2,1,3,3,0.09636317193508148,118096.0,61681.0
25012915B2,1,5,1,0.21981093287467957,40480.0,57953.0
25012915B2,1,5,2,0.15680807828903198,114000.0,65777.0
25012915B2,1,5,3,0.09636317193508148,118096.0,61681.0
25012915B2,1,5,4,0.09302008897066116,118096.0,49393.0
25012915B2,1,5,5,0.07010719180107117,122192.0,53489.0
25012915B2,1,10,1,0.21981093287467957,40480.0,57953.0
25012915B2,1,10,2,0.15680807828903198,114000.0,65777.0
25012915B2,1,10,3,0.09636317193508148,118096.0,61681.0
25012915B2,1,10,4,0.09302008897066116,118096.0,49393.0
25012915B2,1,10,5,0.07010719180107117,122192.0,53489.0
25012915B2,1,10,6,0.0528632253408432,105808.0,65777.0
25012915B2,1,10,7,0.035071101039648056,44576.0,53857.0
25012915B2,1,10,8,0.03384002670645714,114000.0,49393.0
25012915B2,1,10,9,0.02861674688756466,32288.0,45665.0
25012915B2,1,10,10,0.027909159660339355,36384.0,57953.0
25013062B3,1,3,1,0.3461741507053375,96050.0,60289.0
25013062B3,1,3,2,0.14814481139183044,32224.0,37489.0
25013062B3,1,3,3,0.11612951010465622,91954.0,60289.0
25013062B3,1,5,1,0.3461741507053375,96050.0,60289.0
25013062B3,1,5,2,0.14814481139183044,32224.0,37489.0
25013062B3,1,5,3,0.11612951010465622,91954.0,60289.0
25013062B3,1,5,4,0.08437851071357727,32224.0,41585.0
25013062B3,1,5,5,0.06488047540187836,7648.0,21105.0
25013062B3,1,10,1,0.3461741507053375,96050.0,60289.0
25013062B3,1,10,2,0.14814481139183044,32224.0,37489.0
25013062B3,1,10,3,0.11612951010465622,91954.0,60289.0
25013062B3,1,10,4,0.08437851071357727,32224.0,41585.0
25013062B3,1,10,5,0.06488047540187836,7648.0,21105.0
25013062B3,1,10,6,0.03761882334947586,71474.0,31617.0
25013062B3,1,10,7,0.026940342038869858,91954.0,56193.0
25013062B3,1,10,8,0.025891998782753944,28128.0,37489.0
25013062B3,1,10,9,0.020680030807852745,28128.0,49777.0
25013062B3,1,10,10,0.017203673720359802,28128.0,45681.0
25013162B2,1,3,1,0.8660203814506531,15888.0,47505.0
25013162B2,1,3,2,0.01579497940838337,11792.0,43409.0
25013162B2,1,3,3,0.014526372775435448,76774.0,41312.0
25013162B2,1,5,1,0.8660203814506531,15888.0,47505.0
25013162B2,1,5,2,0.01579497940838337,11792.0,43409.0
25013162B2,1,5,3,0.014526372775435448,76774.0,41312.0
25013162B2,1,5,4,0.013651653192937374,19984.0,31121.0
25013162B2,1,5,5,0.009330105036497116,80870.0,41312.0
25013162B2,1,10,1,0.8660203814506531,15888.0,47505.0
25013162B2,1,10,2,0.01579497940838337,11792.0,43409.0
25013162B2,1,10,3,0.014526372775435448,76774.0,41312.0
25013162B2,1,10,4,0.013651653192937374,19984.0,31121.0
25013162B2,1,10,5,0.009330105036497116,80870.0,41312.0
25013162B2,1,10,6,0.008922941982746124,28176.0,31121.0
25013162B2,1,10,7,0.004980163648724556,24080.0,47505.0
25013162B2,1,10,8,0.0039012243505567312,15888.0,31121.0
25013162B2,1,10,9,0.0038437037728726864,28176.0,43409.0
25013162B2,1,10,10,0.003479412291198969,72678.0,45408.0
25013352B2,1,3,1,0.21543872356414795,105511.0,40208.0
25013352B2,1,3,2,0.0836329236626625,113703.0,48400.0
25013352B2,1,3,3,0.04862785339355469,101415.0,40208.0
25013352B2,1,5,1,0.21543872356414795,105511.0,40208.0
25013352B2,1,5,2,0.0836329236626625,113703.0,48400.0
25013352B2,1,5,3,0.04862785339355469,101415.0,40208.0
25013352B2,1,5,4,0.04464951902627945,28080.0,64880.0
25013352B2,1,5,5,0.04398065060377121,40368.0,77168.0
25013352B2,1,10,1,0.21543872356414795,105511.0,40208.0
25013352B2,1,10,2,0.0836329236626625,113703.0,48400.0
25013352B2,1,10,3,0.04862785339355469,101415.0,40208.0
25013352B2,1,10,4,0.04464951902627945,28080.0,64880.0
25013352B2,1,10,5,0.04398065060377121,40368.0,77168.0
25013352B2,1,10,6,0.042580023407936096,36272.0,56688.0
25013352B2,1,10,7,0.0412462092936039,105511.0,68880.0
25013352B2,1,10,8,0.023045819252729416,32176.0,32112.0
25013352B2,1,10,9,0.021640202030539513,105511.0,56592.0
25013352B2,1,10,10,0.021457664668560028,23984.0,48496.0
25014217B2,1,3,1,0.5509448051452637,76841.0,31136.0
25014217B2,1,3,2,0.1363655924797058,80937.0,27040.0
25014217B2,1,3,3,0.11294916272163391,76841.0,27040.0
25014217B2,1,5,1,0.5509448051452637,76841.0,31136.0
25014217B2,1,5,2,0.1363655924797058,80937.0,27040.0
25014217B2,1,5,3,0.11294916272163391,76841.0,27040.0
25014217B2,1,5,4,0.05890008062124252,74330.0,14432.0
25014217B2,1,5,5,0.058249861001968384,16017.0,12176.0
25014217B2,1,10,1,0.5509448051452637,76841.0,31136.0
25014217B2,1,10,2,0.1363655924797058,80937.0,27040.0
25014217B2,1,10,3,0.11294916272163391,76841.0,27040.0
25014217B2,1,10,4,0.05890008062124252,74330.0,14432.0
25014217B2,1,10,5,0.058249861001968384,16017.0,12176.0
25014217B2,1,10,6,0.01898808777332306,72745.0,14752.0
25014217B2,1,10,7,0.010156950913369656,74330.0,18528.0
25014217B2,1,10,8,0.006845948286354542,16017.0,16272.0
25014217B2,1,10,9,0.006327037699520588,11921.0,28560.0
25014217B2,1,10,10,0.005524582229554653,16017.0,28560.0
25014265B2,1,3,1,0.4662647843360901,24160.0,16609.0
25014265B2,1,3,2,0.14501507580280304,36448.0,49377.0
25014265B2,1,3,3,0.0953957736492157,15968.0,16609.0
25014265B2,1,5,1,0.4662647843360901,24160.0,16609.0
25014265B2,1,5,2,0.14501507580280304,36448.0,49377.0
25014265B2,1,5,3,0.0953957736492157,15968.0,16609.0
25014265B2,1,5,4,0.06183214858174324,28256.0,20705.0
25014265B2,1,5,5,0.04705676808953285,11872.0,41185.0
25014265B2,1,10,1,0.4662647843360901,24160.0,16609.0
25014265B2,1,10,2,0.14501507580280304,36448.0,49377.0
25014265B2,1,10,3,0.0953957736492157,15968.0,16609.0
25014265B2,1,10,4,0.06183214858174324,28256.0,20705.0
25014265B2,1,10,5,0.04705676808953285,11872.0,41185.0
25014265B2,1,10,6,0.035434819757938385,28256.0,24801.0
25014265B2,1,10,7,0.0156463123857975,32352.0,32993.0
25014265B2,1,10,8,0.01356562227010727,104566.0,18401.0
25014265B2,1,10,9,0.008760549128055573,96374.0,30689.0
25014265B2,1,10,10,0.00870613195002079,24160.0,12513.0
25015101B2,1,3,1,0.7323153018951416,86294.0,51424.0
25015101B2,1,3,2,0.13576921820640564,36352.0,40064.0
25015101B2,1,3,3,0.025496870279312134,94486.0,43232.0
25015101B2,1,5,1,0.7323153018951416,86294.0,51424.0
25015101B2,1,5,2,0.13576921820640564,36352.0,40064.0
25015101B2,1,5,3,0.025496870279312134,94486.0,43232.0
25015101B2,1,5,4,0.016234278678894043,86294.0,55520.0
25015101B2,1,5,5,0.010985225439071655,90390.0,55520.0
25015101B2,1,10,1,0.7323153018951416,86294.0,51424.0
25015101B2,1,10,2,0.13576921820640564,36352.0,40064.0
25015101B2,1,10,3,0.025496870279312134,94486.0,43232.0
25015101B2,1,10,4,0.016234278678894043,86294.0,55520.0
25015101B2,1,10,5,0.010985225439071655,90390.0,55520.0
25015101B2,1,10,6,0.006274229846894741,94486.0,47328.0
25015101B2,1,10,7,0.004264832008630037,28160.0,48256.0
25015101B2,1,10,8,0.0031291809864342213,7680.0,56448.0
25015101B2,1,10,9,0.002898280043154955,24064.0,31872.0
25015101B2,1,10,10,0.002801245544105768,90390.0,51424.0
25015190B2,1,3,1,0.5011670589447021,104853.0,45602.0
25015190B2,1,3,2,0.11165586858987808,28128.0,69826.0
25015190B2,1,3,3,0.06289158761501312,104853.0,49698.0
25015190B2,1,5,1,0.5011670589447021,104853.0,45602.0
25015190B2,1,5,2,0.11165586858987808,28128.0,69826.0
25015190B2,1,5,3,0.06289158761501312,104853.0,49698.0
25015190B2,1,5,4,0.03508785367012024,108949.0,49698.0
25015190B2,1,5,5,0.028092078864574432,19936.0,57538.0
25015190B2,1,10,1,0.5011670589447021,104853.0,45602.0
25015190B2,1,10,2,0.11165586858987808,28128.0,69826.0
25015190B2,1,10,3,0.06289158761501312,104853.0,49698.0
25015190B2,1,10,4,0.03508785367012024,108949.0,49698.0
25015190B2,1,10,5,0.028092078864574432,19936.0,57538.0
25015190B2,1,10,6,0.024364417418837547,32224.0,61634.0
25015190B2,1,10,7,0.021991495043039322,80277.0,61986.0
25015190B2,1,10,8,0.015552366152405739,100757.0,74274.0
25015190B2,1,10,9,0.014935893937945366,96661.0,70178.0
25015190B2,1,10,10,0.0147892190143466,92565.0,66082.0
25015425B2,1,3,1,0.5401746034622192,118323.0,70148.0
25015425B2,1,3,2,0.08437584340572357,19840.0,26993.0
25015425B2,1,3,3,0.042203016579151154,15856.0,45812.0
25015425B2,1,5,1,0.5401746034622192,118323.0,70148.0
25015425B2,1,5,2,0.08437584340572357,19840.0,26993.0
25015425B2,1,5,3,0.042203016579151154,15856.0,45812.0
25015425B2,1,5,4,0.039680495858192444,130611.0,45572.0
25015425B2,1,5,5,0.03310414031147957,118323.0,61956.0
25015425B2,1,10,1,0.5401746034622192,118323.0,70148.0
25015425B2,1,10,2,0.08437584340572357,19840.0,26993.0
25015425B2,1,10,3,0.042203016579151154,15856.0,45812.0
25015425B2,1,10,4,0.039680495858192444,130611.0,45572.0
25015425B2,1,10,5,0.03310414031147957,118323.0,61956.0
25015425B2,1,10,6,0.02386738359928131,40432.0,70388.0
25015425B2,1,10,7,0.017576949670910835,106035.0,57860.0
25015425B2,1,10,8,0.015232443809509277,98147.0,31360.0
25015425B2,1,10,9,0.014216776005923748,89651.0,53764.0
25015425B2,1,10,10,0.010514076799154282,122419.0,66052.0
25016915B2,1,3,1,0.3247983157634735,44416.0,42980.0
25016915B2,1,3,2,0.18231132626533508,100643.0,32210.0
25016915B2,1,3,3,0.15561822056770325,108835.0,28114.0
25016915B2,1,5,1,0.3247983157634735,44416.0,42980.0
25016915B2,1,5,2,0.18231132626533508,100643.0,32210.0
25016915B2,1,5,3,0.15561822056770325,108835.0,28114.0
25016915B2,1,5,4,0.09884633123874664,96547.0,36306.0
25016915B2,1,5,5,0.0839114785194397,108835.0,32210.0
25016915B2,1,10,1,0.3247983157634735,44416.0,42980.0
25016915B2,1,10,2,0.18231132626533508,100643.0,32210.0
25016915B2,1,10,3,0.15561822056770325,108835.0,28114.0
25016915B2,1,10,4,0.09884633123874664,96547.0,36306.0
25016915B2,1,10,5,0.0839114785194397,108835.0,32210.0
25016915B2,1,10,6,0.0576678067445755,36224.0,47076.0
25016915B2,1,10,7,0.02167823165655136,100643.0,36306.0
25016915B2,1,10,8,0.01308249868452549,108835.0,40402.0
25016915B2,1,10,9,0.007937544956803322,36224.0,51172.0
25016915B2,1,10,10,0.007571670692414045,96547.0,32210.0
25017322B2,1,3,1,0.17585517466068268,30480.0,34353.0
25017322B2,1,3,2,0.13240107893943787,34576.0,34353.0
25017322B2,1,3,3,0.10983362048864365,99282.0,30064.0
25017322B2,1,5,1,0.17585517466068268,30480.0,34353.0
25017322B2,1,5,2,0.13240107893943787,34576.0,34353.0
25017322B2,1,5,3,0.10983362048864365,99282.0,30064.0
25017322B2,1,5,4,0.07758019119501114,107474.0,34160.0
25017322B2,1,5,5,0.051472339779138565,103378.0,17776.0
25017322B2,1,10,1,0.17585517466068268,30480.0,34353.0
25017322B2,1,10,2,0.13240107893943787,34576.0,34353.0
25017322B2,1,10,3,0.10983362048864365,99282.0,30064.0
25017322B2,1,10,4,0.07758019119501114,107474.0,34160.0
25017322B2,1,10,5,0.051472339779138565,103378.0,17776.0
25017322B2,1,10,6,0.046593308448791504,103378.0,30064.0
25017322B2,1,10,7,0.0465596541762352,50960.0,42545.0
25017322B2,1,10,8,0.041998010128736496,46864.0,42545.0
25017322B2,1,10,9,0.029543437063694,115666.0,38256.0
25017322B2,1,10,10,0.029373347759246826,38672.0,34353.0
25017338B3,1,3,1,0.16099362075328827,100705.0,28928.0
25017338B3,1,3,2,0.15037983655929565,92513.0,49408.0
25017338B3,1,3,3,0.12956763803958893,23920.0,45457.0
25017338B3,1,5,1,0.16099362075328827,100705.0,28928.0
25017338B3,1,5,2,0.15037983655929565,92513.0,49408.0
25017338B3,1,5,3,0.12956763803958893,23920.0,45457.0
25017338B3,1,5,4,0.07274244725704193,92513.0,45312.0
25017338B3,1,5,5,0.05842442810535431,96609.0,53504.0
25017338B3,1,10,1,0.16099362075328827,100705.0,28928.0
25017338B3,1,10,2,0.15037983655929565,92513.0,49408.0
25017338B3,1,10,3,0.12956763803958893,23920.0,45457.0
25017338B3,1,10,4,0.07274244725704193,92513.0,45312.0
25017338B3,1,10,5,0.05842442810535431,96609.0,53504.0
25017338B3,1,10,6,0.04925263673067093,28016.0,29073.0
25017338B3,1,10,7,0.04528248682618141,100705.0,37120.0
25017338B3,1,10,8,0.044484931975603104,32112.0,37265.0
25017338B3,1,10,9,0.0324859656393528,23920.0,49553.0
25017338B3,1,10,10,0.02961324155330658,44400.0,24977.0
25017372B2,1,3,1,0.3376399278640747,48416.0,52752.0
25017372B2,1,3,2,0.09956911206245422,56608.0,19984.0
25017372B2,1,3,3,0.06960267573595047,48416.0,48656.0
25017372B2,1,5,1,0.3376399278640747,48416.0,52752.0
25017372B2,1,5,2,0.09956911206245422,56608.0,19984.0
25017372B2,1,5,3,0.06960267573595047,48416.0,48656.0
25017372B2,1,5,4,0.05066787451505661,84497.0,8528.0
25017372B2,1,5,5,0.04765601456165314,120673.0,18337.0
25017372B2,1,10,1,0.3376399278640747,48416.0,52752.0
25017372B2,1,10,2,0.09956911206245422,56608.0,19984.0
25017372B2,1,10,3,0.06960267573595047,48416.0,48656.0
25017372B2,1,10,4,0.05066787451505661,84497.0,8528.0
25017372B2,1,10,5,0.04765601456165314,120673.0,18337.0
25017372B2,1,10,6,0.03948459401726723,32032.0,65040.0
25017372B2,1,10,7,0.03105343133211136,96785.0,8528.0
25017372B2,1,10,8,0.026017336174845695,108385.0,51105.0
25017372B2,1,10,9,0.022238772362470627,112481.0,30625.0
25017372B2,1,10,10,0.022189224138855934,92001.0,51105.0
25017539B2,1,3,1,0.19814255833625793,141700.0,52129.0
25017539B2,1,3,2,0.12638559937477112,47568.0,36368.0
25017539B2,1,3,3,0.10869049280881882,145796.0,52129.0
25017539B2,1,5,1,0.19814255833625793,141700.0,52129.0
25017539B2,1,5,2,0.12638559937477112,47568.0,36368.0
25017539B2,1,5,3,0.10869049280881882,145796.0,52129.0
25017539B2,1,5,4,0.08527689427137375,149892.0,52129.0
25017539B2,1,5,5,0.061586759984493256,68048.0,48656.0
25017539B2,1,10,1,0.19814255833625793,141700.0,52129.0
25017539B2,1,10,2,0.12638559937477112,47568.0,36368.0
25017539B2,1,10,3,0.10869049280881882,145796.0,52129.0
25017539B2,1,10,4,0.08527689427137375,149892.0,52129.0
25017539B2,1,10,5,0.061586759984493256,68048.0,48656.0
25017539B2,1,10,6,0.04766208678483963,149892.0,60321.0
25017539B2,1,10,7,0.04741518199443817,145796.0,56225.0
25017539B2,1,10,8,0.045030467212200165,59856.0,48656.0
25017539B2,1,10,9,0.03096010908484459,100740.0,43937.0
25017539B2,1,10,10,0.028473809361457825,68048.0,44560.0
25017589B6,1,3,1,0.23544420301914215,23329.0,37408.0
25017589B6,1,3,2,0.14212369918823242,92038.0,51008.0
25017589B6,1,3,3,0.10928913950920105,79750.0,30528.0
25017589B6,1,5,1,0.23544420301914215,23329.0,37408.0
25017589B6,1,5,2,0.14212369918823242,92038.0,51008.0
25017589B6,1,5,3,0.10928913950920105,79750.0,30528.0
25017589B6,1,5,4,0.1062045618891716,83846.0,26432.0
25017589B6,1,5,5,0.09496022760868073,92038.0,55104.0
25017589B6,1,10,1,0.23544420301914215,23329.0,37408.0
25017589B6,1,10,2,0.14212369918823242,92038.0,51008.0
25017589B6,1,10,3,0.10928913950920105,79750.0,30528.0
25017589B6,1,10,4,0.1062045618891716,83846.0,26432.0
25017589B6,1,10,5,0.09496022760868073,92038.0,55104.0
25017589B6,1,10,6,0.06963475048542023,79750.0,38720.0
25017589B6,1,10,7,0.02818962186574936,15137.0,66080.0
25017589B6,1,10,8,0.022556470707058907,23329.0,29216.0
25017589B6,1,10,9,0.020874125882983208,96134.0,51008.0
25017589B6,1,10,10,0.013889286667108536,83846.0,38720.0
25017738B2,1,3,1,0.2761670649051666,154289.0,51792.0
25017738B2,1,3,2,0.1077827513217926,76112.0,55008.0
25017738B2,1,3,3,0.09750315546989441,162481.0,19024.0
25017738B2,1,5,1,0.2761670649051666,154289.0,51792.0
25017738B2,1,5,2,0.1077827513217926,76112.0,55008.0
25017738B2,1,5,3,0.09750315546989441,162481.0,19024.0
25017738B2,1,5,4,0.09520500898361206,154289.0,47696.0
25017738B2,1,5,5,0.044946976006031036,150193.0,47696.0
25017738B2,1,10,1,0.2761670649051666,154289.0,51792.0
25017738B2,1,10,2,0.1077827513217926,76112.0,55008.0
25017738B2,1,10,3,0.09750315546989441,162481.0,19024.0
25017738B2,1,10,4,0.09520500898361206,154289.0,47696.0
25017738B2,1,10,5,0.044946976006031036,150193.0,47696.0
25017738B2,1,10,6,0.028152870014309883,137905.0,72272.0
25017738B2,1,10,7,0.020957503467798233,133809.0,35408.0
25017738B2,1,10,8,0.018306683748960495,76112.0,59104.0
25017738B2,1,10,9,0.017760446295142174,59728.0,22240.0
25017738B2,1,10,10,0.0168758612126112,158385.0,19024.0
25017748B2,1,3,1,0.1852225363254547,24176.0,51537.0
25017748B2,1,3,2,0.11172328889369965,100962.0,52881.0
25017748B2,1,3,3,0.0781194418668747,96866.0,52881.0
25017748B2,1,5,1,0.1852225363254547,24176.0,51537.0
25017748B2,1,5,2,0.11172328889369965,100962.0,52881.0
25017748B2,1,5,3,0.0781194418668747,96866.0,52881.0
25017748B2,1,5,4,0.0745437741279602,11888.0,26961.0
25017748B2,1,5,5,0.07056791335344315,92770.0,28305.0
25017748B2,1,10,1,0.1852225363254547,24176.0,51537.0
25017748B2,1,10,2,0.11172328889369965,100962.0,52881.0
25017748B2,1,10,3,0.0781194418668747,96866.0,52881.0
25017748B2,1,10,4,0.0745437741279602,11888.0,26961.0
25017748B2,1,10,5,0.07056791335344315,92770.0,28305.0
25017748B2,1,10,6,0.05910925939679146,84578.0,28305.0
25017748B2,1,10,7,0.04579560458660126,20080.0,22865.0
25017748B2,1,10,8,0.04521509259939194,28272.0,14673.0
25017748B2,1,10,9,0.03706284984946251,92770.0,20113.0
25017748B2,1,10,10,0.028795750811696053,20080.0,26961.0
25017767B2,1,3,1,0.24322357773780823,86996.0,59713.0
25017767B2,1,3,2,0.22060808539390564,36240.0,39377.0
25017767B2,1,3,3,0.16161681711673737,19856.0,59857.0
25017767B2,1,5,1,0.24322357773780823,86996.0,59713.0
25017767B2,1,5,2,0.22060808539390564,36240.0,39377.0
25017767B2,1,5,3,0.16161681711673737,19856.0,59857.0
25017767B2,1,5,4,0.04117462784051895,28048.0,43473.0
25017767B2,1,5,5,0.03200493007898331,28048.0,35281.0
25017767B2,1,10,1,0.24322357773780823,86996.0,59713.0
25017767B2,1,10,2,0.22060808539390564,36240.0,39377.0
25017767B2,1,10,3,0.16161681711673737,19856.0,59857.0
25017767B2,1,10,4,0.04117462784051895,28048.0,43473.0
25017767B2,1,10,5,0.03200493007898331,28048.0,35281.0
25017767B2,1,10,6,0.026608122512698174,78804.0,39233.0
25017767B2,1,10,7,0.02427189238369465,11664.0,39377.0
25017767B2,1,10,8,0.02356131188571453,103380.0,31041.0
25017767B2,1,10,9,0.02235320582985878,82900.0,55617.0
25017767B2,1,10,10,0.01997488923370838,36240.0,35281.0
25018002B2,1,3,1,0.2659688889980316,108786.0,35040.0
25018002B2,1,3,2,0.24516037106513977,36448.0,49808.0
25018002B2,1,3,3,0.06582226604223251,104690.0,39136.0
25018002B2,1,5,1,0.2659688889980316,108786.0,35040.0
25018002B2,1,5,2,0.24516037106513977,36448.0,49808.0
25018002B2,1,5,3,0.06582226604223251,104690.0,39136.0
25018002B2,1,5,4,0.04362473636865616,116978.0,26848.0
25018002B2,1,5,5,0.04282868653535843,88306.0,26848.0
25018002B2,1,10,1,0.2659688889980316,108786.0,35040.0
25018002B2,1,10,2,0.24516037106513977,36448.0,49808.0
25018002B2,1,10,3,0.06582226604223251,104690.0,39136.0
25018002B2,1,10,4,0.04362473636865616,116978.0,26848.0
25018002B2,1,10,5,0.04282868653535843,88306.0,26848.0
25018002B2,1,10,6,0.0402987003326416,104690.0,22752.0
25018002B2,1,10,7,0.034378066658973694,40544.0,37520.0
25018002B2,1,10,8,0.026071671396493912,44640.0,33424.0
25018002B2,1,10,9,0.02005007490515709,108786.0,43232.0
25018002B2,1,10,10,0.0164348054677248,108786.0,26848.0
25019081B3,1,3,1,0.3529573976993561,41296.0,10832.0
25019081B3,1,3,2,0.16426172852516174,29008.0,35408.0
25019081B3,1,3,3,0.10171791911125183,87718.0,40128.0
25019081B3,1,5,1,0.3529573976993561,41296.0,10832.0
25019081B3,1,5,2,0.16426172852516174,29008.0,35408.0
25019081B3,1,5,3,0.10171791911125183,87718.0,40128.0
25019081B3,1,5,4,0.09437145292758942,100006.0,23744.0
25019081B3,1,5,5,0.05016246810555458,91814.0,19648.0
25019081B3,1,10,1,0.3529573976993561,41296.0,10832.0
25019081B3,1,10,2,0.16426172852516174,29008.0,35408.0
25019081B3,1,10,3,0.10171791911125183,87718.0,40128.0
25019081B3,1,10,4,0.09437145292758942,100006.0,23744.0
25019081B3,1,10,5,0.05016246810555458,91814.0,19648.0
25019081B3,1,10,6,0.038621898740530014,37200.0,10832.0
25019081B3,1,10,7,0.017287809401750565,87718.0,31936.0
25019081B3,1,10,8,0.01677478477358818,100006.0,31936.0
25019081B3,1,10,9,0.01482788473367691,29008.0,27216.0
25019081B3,1,10,10,0.014523766003549099,87718.0,36032.0
25019283B2,1,3,1,0.32557737827301025,91248.0,36384.0
25019283B2,1,3,2,0.19500406086444855,36352.0,18529.0
25019283B2,1,3,3,0.13184241950511932,24064.0,63585.0
25019283B2,1,5,1,0.32557737827301025,91248.0,36384.0
25019283B2,1,5,2,0.19500406086444855,36352.0,18529.0
25019283B2,1,5,3,0.13184241950511932,24064.0,63585.0
25019283B2,1,5,4,0.06767784059047699,32256.0,43105.0
25019283B2,1,5,5,0.048193950206041336,36352.0,51297.0
25019283B2,1,10,1,0.32557737827301025,91248.0,36384.0
25019283B2,1,10,2,0.19500406086444855,36352.0,18529.0
25019283B2,1,10,3,0.13184241950511932,24064.0,63585.0
25019283B2,1,10,4,0.06767784059047699,32256.0,43105.0
25019283B2,1,10,5,0.048193950206041336,36352.0,51297.0
25019283B2,1,10,6,0.04045526683330536,91248.0,32288.0
25019283B2,1,10,7,0.023117508739233017,36352.0,34913.0
25019283B2,1,10,8,0.022886523976922035,91248.0,40480.0
25019283B2,1,10,9,0.02247517928481102,24064.0,34913.0
25019283B2,1,10,10,0.02203250862658024,91248.0,28192.0
25019457B2,1,3,1,0.2723262906074524,11776.0,40208.0
25019457B2,1,3,2,0.20538507401943207,95697.0,46240.0
25019457B2,1,3,3,0.14944860339164734,11776.0,52496.0
25019457B2,1,5,1,0.2723262906074524,11776.0,40208.0
25019457B2,1,5,2,0.20538507401943207,95697.0,46240.0
25019457B2,1,5,3,0.14944860339164734,11776.0,52496.0
25019457B2,1,5,4,0.07241742312908173,24064.0,32016.0
25019457B2,1,5,5,0.03155241906642914,24064.0,56592.0
25019457B2,1,10,1,0.2723262906074524,11776.0,40208.0
25019457B2,1,10,2,0.20538507401943207,95697.0,46240.0
25019457B2,1,10,3,0.14944860339164734,11776.0,52496.0
25019457B2,1,10,4,0.07241742312908173,24064.0,32016.0
25019457B2,1,10,5,0.03155241906642914,24064.0,56592.0
25019457B2,1,10,6,0.030764179304242134,103889.0,38048.0
25019457B2,1,10,7,0.029114725068211555,91601.0,38048.0
25019457B2,1,10,8,0.02892974391579628,15872.0,44304.0
25019457B2,1,10,9,0.01798318885266781,15872.0,56592.0
25019457B2,1,10,10,0.01285349577665329,24064.0,36112.0
25019621B2,1,3,1,0.38459110260009766,95158.0,41842.0
25019621B2,1,3,2,0.19622492790222168,86966.0,37746.0
25019621B2,1,3,3,0.12294649332761765,19984.0,31841.0
25019621B2,1,5,1,0.38459110260009766,95158.0,41842.0
25019621B2,1,5,2,0.19622492790222168,86966.0,37746.0
25019621B2,1,5,3,0.12294649332761765,19984.0,31841.0
25019621B2,1,5,4,0.053500983864068985,86966.0,33650.0
25019621B2,1,5,5,0.04845341295003891,24080.0,48225.0
25019621B2,1,10,1,0.38459110260009766,95158.0,41842.0
25019621B2,1,10,2,0.19622492790222168,86966.0,37746.0
25019621B2,1,10,3,0.12294649332761765,19984.0,31841.0
25019621B2,1,10,4,0.053500983864068985,86966.0,33650.0
25019621B2,1,10,5,0.04845341295003891,24080.0,48225.0
25019621B2,1,10,6,0.0477144718170166,19984.0,19553.0
25019621B2,1,10,7,0.027534544467926025,28176.0,35937.0
25019621B2,1,10,8,0.013173991814255714,28176.0,40033.0
25019621B2,1,10,9,0.012015203945338726,86966.0,41842.0
25019621B2,1,10,10,0.010946372523903847,19984.0,35937.0
25019716B2,1,3,1,0.3382952809333801,85512.0,64704.0
25019716B2,1,3,2,0.12290512025356293,73224.0,36032.0
25019716B2,1,3,3,0.09379739314317703,20449.0,43536.0
25019716B2,1,5,1,0.3382952809333801,85512.0,64704.0
25019716B2,1,5,2,0.12290512025356293,73224.0,36032.0
25019716B2,1,5,3,0.09379739314317703,20449.0,43536.0
25019716B2,1,5,4,0.04829379543662071,65032.0,40128.0
25019716B2,1,5,5,0.04229526221752167,32737.0,43536.0
25019716B2,1,10,1,0.3382952809333801,85512.0,64704.0
25019716B2,1,10,2,0.12290512025356293,73224.0,36032.0
25019716B2,1,10,3,0.09379739314317703,20449.0,43536.0
25019716B2,1,10,4,0.04829379543662071,65032.0,40128.0
25019716B2,1,10,5,0.04229526221752167,32737.0,43536.0
25019716B2,1,10,6,0.03139050304889679,77320.0,27840.0
25019716B2,1,10,7,0.02929818630218506,20449.0,39440.0
25019716B2,1,10,8,0.020592328161001205,65032.0,44224.0
25019716B2,1,10,9,0.01928715407848358,73224.0,27840.0
25019716B2,1,10,10,0.018537554889917374,73224.0,40128.0
25020257B2,1,3,1,0.5897026062011719,112180.0,37249.0
25020257B2,1,3,2,0.1292596161365509,32192.0,31954.0
25020257B2,1,3,3,0.046086229383945465,40384.0,48338.0
25020257B2,1,5,1,0.5897026062011719,112180.0,37249.0
25020257B2,1,5,2,0.1292596161365509,32192.0,31954.0
25020257B2,1,5,3,0.046086229383945465,40384.0,48338.0
25020257B2,1,5,4,0.022426676005125046,112180.0,29057.0
25020257B2,1,5,5,0.016195882111787796,36288.0,36050.0
25020257B2,1,10,1,0.5897026062011719,112180.0,37249.0
25020257B2,1,10,2,0.1292596161365509,32192.0,31954.0
25020257B2,1,10,3,0.046086229383945465,40384.0,48338.0
25020257B2,1,10,4,0.022426676005125046,112180.0,29057.0
25020257B2,1,10,5,0.016195882111787796,36288.0,36050.0
25020257B2,1,10,6,0.011986703611910343,40384.0,68818.0
25020257B2,1,10,7,0.011962136253714561,44480.0,48338.0
25020257B2,1,10,8,0.009820012375712395,108084.0,24961.0
25020257B2,1,10,9,0.008160027675330639,36288.0,60626.0
25020257B2,1,10,10,0.007167360279709101,108084.0,37249.0
25020573B3,1,3,1,0.7224061489105225,19233.0,37009.0
25020573B3,1,3,2,0.03814644366502762,19233.0,32913.0
25020573B3,1,3,3,0.034540437161922455,35617.0,53393.0
25020573B3,1,5,1,0.7224061489105225,19233.0,37009.0
25020573B3,1,5,2,0.03814644366502762,19233.0,32913.0
25020573B3,1,5,3,0.034540437161922455,35617.0,53393.0
25020573B3,1,5,4,0.021844960749149323,23329.0,53393.0
25020573B3,1,5,5,0.014123212546110153,98871.0,53040.0
25020573B3,1,10,1,0.7224061489105225,19233.0,37009.0
25020573B3,1,10,2,0.03814644366502762,19233.0,32913.0
25020573B3,1,10,3,0.034540437161922455,35617.0,53393.0
25020573B3,1,10,4,0.021844960749149323,23329.0,53393.0
25020573B3,1,10,5,0.014123212546110153,98871.0,53040.0
25020573B3,1,10,6,0.01395912654697895,82487.0,48944.0
25020573B3,1,10,7,0.013938131742179394,86583.0,28464.0
25020573B3,1,10,8,0.013065198436379433,98871.0,48944.0
25020573B3,1,10,9,0.009006412699818611,19233.0,53393.0
25020573B3,1,10,10,0.00847286731004715,94775.0,53040.0
25020714B2,1,3,1,0.16869954764842987,87044.0,52000.0
25020714B2,1,3,2,0.09128369390964508,91140.0,52000.0
25020714B2,1,3,3,0.07586640864610672,103428.0,60192.0
25020714B2,1,5,1,0.16869954764842987,87044.0,52000.0
25020714B2,1,5,2,0.09128369390964508,91140.0,52000.0
25020714B2,1,5,3,0.07586640864610672,103428.0,60192.0
25020714B2,1,5,4,0.0723290666937828,107524.0,64288.0
25020714B2,1,5,5,0.05913560837507248,7856.0,53376.0
25020714B2,1,10,1,0.16869954764842987,87044.0,52000.0
25020714B2,1,10,2,0.09128369390964508,91140.0,52000.0
25020714B2,1,10,3,0.07586640864610672,103428.0,60192.0
25020714B2,1,10,4,0.0723290666937828,107524.0,64288.0
25020714B2,1,10,5,0.05913560837507248,7856.0,53376.0
25020714B2,1,10,6,0.05888763815164566,156676.0,43808.0
25020714B2,1,10,7,0.040402136743068695,152580.0,47904.0
25020714B2,1,10,8,0.03106665425002575,16048.0,65664.0
25020714B2,1,10,9,0.022999487817287445,148484.0,23328.0
25020714B2,1,10,10,0.018457582220435143,136196.0,43808.0
25021120B4,1,3,1,0.1984546184539795,92964.0,38576.0
25021120B4,1,3,2,0.17707490921020508,37120.0,44496.0
25021120B4,1,3,3,0.11537958681583405,41216.0,32208.0
25021120B4,1,5,1,0.1984546184539795,92964.0,38576.0
25021120B4,1,5,2,0.17707490921020508,37120.0,44496.0
25021120B4,1,5,3,0.11537958681583405,41216.0,32208.0
25021120B4,1,5,4,0.11064757406711578,33024.0,40400.0
25021120B4,1,5,5,0.07446141541004181,41216.0,28112.0
25021120B4,1,10,1,0.1984546184539795,92964.0,38576.0
25021120B4,1,10,2,0.17707490921020508,37120.0,44496.0
25021120B4,1,10,3,0.11537958681583405,41216.0,32208.0
25021120B4,1,10,4,0.11064757406711578,33024.0,40400.0
25021120B4,1,10,5,0.07446141541004181,41216.0,28112.0
25021120B4,1,10,6,0.03295193985104561,24832.0,44496.0
25021120B4,1,10,7,0.03188468515872955,105252.0,46768.0
25021120B4,1,10,8,0.024552708491683006,109348.0,42672.0
25021120B4,1,10,9,0.017469339072704315,88868.0,38576.0
25021120B4,1,10,10,0.017367921769618988,33024.0,36304.0
25021291B2,1,3,1,0.15001513063907623,23904.0,27712.0
25021291B2,1,3,2,0.14792583882808685,96177.0,19904.0
25021291B2,1,3,3,0.10531224310398102,108465.0,40384.0
25021291B2,1,5,1,0.15001513063907623,23904.0,27712.0
25021291B2,1,5,2,0.14792583882808685,96177.0,19904.0
25021291B2,1,5,3,0.10531224310398102,108465.0,40384.0
25021291B2,1,5,4,0.08570360392332077,120753.0,44480.0
25021291B2,1,5,5,0.05454692244529724,28000.0,44096.0
25021291B2,1,10,1,0.15001513063907623,23904.0,27712.0
25021291B2,1,10,2,0.14792583882808685,96177.0,19904.0
25021291B2,1,10,3,0.10531224310398102,108465.0,40384.0
25021291B2,1,10,4,0.08570360392332077,120753.0,44480.0
25021291B2,1,10,5,0.05454692244529724,28000.0,44096.0
25021291B2,1,10,6,0.05366164445877075,96177.0,44480.0
25021291B2,1,10,7,0.052061811089515686,104369.0,48576.0
25021291B2,1,10,8,0.035561300814151764,36192.0,48192.0
25021291B2,1,10,9,0.03549152985215187,108465.0,24000.0
25021291B2,1,10,10,0.032153982669115067,104369.0,44480.0
25021662B2,1,3,1,0.15605179965496063,66481.0,17777.0
25021662B2,1,3,2,0.1345570683479309,70577.0,54641.0
25021662B2,1,3,3,0.11068838834762573,74673.0,42353.0
25021662B2,1,5,1,0.15605179965496063,66481.0,17777.0
25021662B2,1,5,2,0.1345570683479309,70577.0,54641.0
25021662B2,1,5,3,0.11068838834762573,74673.0,42353.0
25021662B2,1,5,4,0.08891481161117554,139235.0,30897.0
25021662B2,1,5,5,0.0687263011932373,70577.0,21873.0
25021662B2,1,10,1,0.15605179965496063,66481.0,17777.0
25021662B2,1,10,2,0.1345570683479309,70577.0,54641.0
25021662B2,1,10,3,0.11068838834762573,74673.0,42353.0
25021662B2,1,10,4,0.08891481161117554,139235.0,30897.0
25021662B2,1,10,5,0.0687263011932373,70577.0,21873.0
25021662B2,1,10,6,0.05078098922967911,74673.0,34161.0
25021662B2,1,10,7,0.030169248580932617,143331.0,34993.0
25021662B2,1,10,8,0.025638706982135773,54193.0,34161.0
25021662B2,1,10,9,0.02098233625292778,54193.0,46449.0
25021662B2,1,10,10,0.019708765670657158,126947.0,14513.0
25021894B3,1,3,1,0.33426493406295776,91606.0,32384.0
25021894B3,1,3,2,0.12022579461336136,99798.0,52864.0
25021894B3,1,3,3,0.10930685698986053,23968.0,54129.0
25021894B3,1,5,1,0.33426493406295776,91606.0,32384.0
25021894B3,1,5,2,0.12022579461336136,99798.0,52864.0
25021894B3,1,5,3,0.10930685698986053,23968.0,54129.0
25021894B3,1,5,4,0.090111643075943,99798.0,48768.0
25021894B3,1,5,5,0.03294995427131653,32160.0,50033.0
25021894B3,1,10,1,0.33426493406295776,91606.0,32384.0
25021894B3,1,10,2,0.12022579461336136,99798.0,52864.0
25021894B3,1,10,3,0.10930685698986053,23968.0,54129.0
25021894B3,1,10,4,0.090111643075943,99798.0,48768.0
25021894B3,1,10,5,0.03294995427131653,32160.0,50033.0
25021894B3,1,10,6,0.029693037271499634,71126.0,40576.0
25021894B3,1,10,7,0.026951242238283157,87510.0,28288.0
25021894B3,1,10,8,0.02280118502676487,40352.0,58225.0
25021894B3,1,10,9,0.02232537791132927,28064.0,37745.0
25021894B3,1,10,10,0.021739518269896507,95702.0,28288.0
25021918B4,1,3,1,0.3107490539550781,28144.0,40352.0
25021918B4,1,3,2,0.2905779480934143,40432.0,28064.0
25021918B4,1,3,3,0.10587366670370102,24048.0,36256.0
25021918B4,1,5,1,0.3107490539550781,28144.0,40352.0
25021918B4,1,5,2,0.2905779480934143,40432.0,28064.0
25021918B4,1,5,3,0.10587366670370102,24048.0,36256.0
25021918B4,1,5,4,0.04607187956571579,112390.0,17088.0
25021918B4,1,5,5,0.03437836095690727,40432.0,23968.0
25021918B4,1,10,1,0.3107490539550781,28144.0,40352.0
25021918B4,1,10,2,0.2905779480934143,40432.0,28064.0
25021918B4,1,10,3,0.10587366670370102,24048.0,36256.0
25021918B4,1,10,4,0.04607187956571579,112390.0,17088.0
25021918B4,1,10,5,0.03437836095690727,40432.0,23968.0
25021918B4,1,10,6,0.02236289344727993,40432.0,36256.0
25021918B4,1,10,7,0.019807811826467514,96006.0,25280.0
25021918B4,1,10,8,0.01692870631814003,24048.0,32160.0
25021918B4,1,10,9,0.01527198776602745,116486.0,29376.0
25021918B4,1,10,10,0.009117037989199162,104198.0,25280.0
25022019B2,1,3,1,0.3679916262626648,76313.0,39392.0
25022019B2,1,3,2,0.36614421010017395,80409.0,35296.0
25022019B2,1,3,3,0.062440790235996246,80409.0,39392.0
25022019B2,1,5,1,0.3679916262626648,76313.0,39392.0
25022019B2,1,5,2,0.36614421010017395,80409.0,35296.0
25022019B2,1,5,3,0.062440790235996246,80409.0,39392.0
25022019B2,1,5,4,0.048558641225099564,20001.0,25664.0
25022019B2,1,5,5,0.033573925495147705,20001.0,21568.0
25022019B2,1,10,1,0.3679916262626648,76313.0,39392.0
25022019B2,1,10,2,0.36614421010017395,80409.0,35296.0
25022019B2,1,10,3,0.062440790235996246,80409.0,39392.0
25022019B2,1,10,4,0.048558641225099564,20001.0,25664.0
25022019B2,1,10,5,0.033573925495147705,20001.0,21568.0
25022019B2,1,10,6,0.019830645993351936,20001.0,37952.0
25022019B2,1,10,7,0.015152149833738804,72217.0,35296.0
25022019B2,1,10,8,0.013292016461491585,68121.0,31200.0
25022019B2,1,10,9,0.010224884375929832,15905.0,33856.0
25022019B2,1,10,10,0.008510751649737358,20001.0,29760.0
25022262B2,1,3,1,0.1456395536661148,121093.0,17362.0
25022262B2,1,3,2,0.1165086030960083,24673.0,29249.0
25022262B2,1,3,3,0.08635450899600983,49249.0,21057.0
25022262B2,1,5,1,0.1456395536661148,121093.0,17362.0
25022262B2,1,5,2,0.1165086030960083,24673.0,29249.0
25022262B2,1,5,3,0.08635450899600983,49249.0,21057.0
25022262B2,1,5,4,0.07824935764074326,24673.0,33345.0
25022262B2,1,5,5,0.07395996898412704,41057.0,41537.0
25022262B2,1,10,1,0.1456395536661148,121093.0,17362.0
25022262B2,1,10,2,0.1165086030960083,24673.0,29249.0
25022262B2,1,10,3,0.08635450899600983,49249.0,21057.0
25022262B2,1,10,4,0.07824935764074326,24673.0,33345.0
25022262B2,1,10,5,0.07395996898412704,41057.0,41537.0
25022262B2,1,10,6,0.037607233971357346,41057.0,16961.0
25022262B2,1,10,7,0.036675795912742615,49249.0,12865.0
25022262B2,1,10,8,0.029333332553505898,57441.0,41537.0
25022262B2,1,10,9,0.025794725865125656,49249.0,25153.0
25022262B2,1,10,10,0.023847520351409912,49249.0,29249.0
25022406B2,1,3,1,0.1127108782529831,108519.0,31073.0
25022406B2,1,3,2,0.0833931639790535,28752.0,27841.0
25022406B2,1,3,3,0.08272922784090042,104423.0,39265.0
25022406B2,1,5,1,0.1127108782529831,108519.0,31073.0
25022406B2,1,5,2,0.0833931639790535,28752.0,27841.0
25022406B2,1,5,3,0.08272922784090042,104423.0,39265.0
25022406B2,1,5,4,0.0722627192735672,36944.0,27841.0
25022406B2,1,5,5,0.06408733129501343,12368.0,44225.0
25022406B2,1,10,1,0.1127108782529831,108519.0,31073.0
25022406B2,1,10,2,0.0833931639790535,28752.0,27841.0
25022406B2,1,10,3,0.08272922784090042,104423.0,39265.0
25022406B2,1,10,4,0.0722627192735672,36944.0,27841.0
25022406B2,1,10,5,0.06408733129501343,12368.0,44225.0
25022406B2,1,10,6,0.05641823261976242,112615.0,31073.0
25022406B2,1,10,7,0.05414189398288727,104423.0,35169.0
25022406B2,1,10,8,0.05109245330095291,41040.0,40129.0
25022406B2,1,10,9,0.02381962537765503,45136.0,44225.0
25022406B2,1,10,10,0.023115135729312897,49232.0,40129.0
25023184B2,1,3,1,0.15625780820846558,115602.0,67632.0
25023184B2,1,3,2,0.10685443878173828,53728.0,43105.0
25023184B2,1,3,3,0.08565283566713333,107410.0,47152.0
25023184B2,1,5,1,0.15625780820846558,115602.0,67632.0
25023184B2,1,5,2,0.10685443878173828,53728.0,43105.0
25023184B2,1,5,3,0.08565283566713333,107410.0,47152.0
25023184B2,1,5,4,0.08129491657018661,99218.0,59440.0
25023184B2,1,5,5,0.05551790073513985,45536.0,63585.0
25023184B2,1,10,1,0.15625780820846558,115602.0,67632.0
25023184B2,1,10,2,0.10685443878173828,53728.0,43105.0
25023184B2,1,10,3,0.08565283566713333,107410.0,47152.0
25023184B2,1,10,4,0.08129491657018661,99218.0,59440.0
25023184B2,1,10,5,0.05551790073513985,45536.0,63585.0
25023184B2,1,10,6,0.04817913845181465,37344.0,75873.0
25023184B2,1,10,7,0.03122144192457199,41440.0,67681.0
25023184B2,1,10,8,0.0296716820448637,37344.0,67681.0
25023184B2,1,10,9,0.02482883632183075,107410.0,67632.0
25023184B2,1,10,10,0.023280054330825806,61920.0,59489.0
25023934B2,1,3,1,0.44502848386764526,44464.0,25984.0
25023934B2,1,3,2,0.1206161305308342,36272.0,42368.0
25023934B2,1,3,3,0.04435780644416809,108817.0,16384.0
25023934B2,1,5,1,0.44502848386764526,44464.0,25984.0
25023934B2,1,5,2,0.1206161305308342,36272.0,42368.0
25023934B2,1,5,3,0.04435780644416809,108817.0,16384.0
25023934B2,1,5,4,0.03051590733230114,100625.0,12288.0
25023934B2,1,5,5,0.027014173567295074,52656.0,46464.0
25023934B2,1,10,1,0.44502848386764526,44464.0,25984.0
25023934B2,1,10,2,0.1206161305308342,36272.0,42368.0
25023934B2,1,10,3,0.04435780644416809,108817.0,16384.0
25023934B2,1,10,4,0.03051590733230114,100625.0,12288.0
25023934B2,1,10,5,0.027014173567295074,52656.0,46464.0
25023934B2,1,10,6,0.026966476812958717,36272.0,46464.0
25023934B2,1,10,7,0.026966281235218048,32176.0,50560.0
25023934B2,1,10,8,0.026774849742650986,100625.0,49152.0
25023934B2,1,10,9,0.01231556385755539,44464.0,46464.0
25023934B2,1,10,10,0.011277306824922562,40368.0,25984.0
25025240B,1,3,1,0.5325198173522949,22464.0,41136.0
25025240B,1,3,2,0.192070871591568,80033.0,42640.0
25025240B,1,3,3,0.03627520054578781,80033.0,30352.0
25025240B,1,5,1,0.5325198173522949,22464.0,41136.0
25025240B,1,5,2,0.192070871591568,80033.0,42640.0
25025240B,1,5,3,0.03627520054578781,80033.0,30352.0
25025240B,1,5,4,0.03534961864352226,71841.0,42640.0
25025240B,1,5,5,0.034838415682315826,75937.0,42640.0
25025240B,1,10,1,0.5325198173522949,22464.0,41136.0
25025240B,1,10,2,0.192070871591568,80033.0,42640.0
25025240B,1,10,3,0.03627520054578781,80033.0,30352.0
25025240B,1,10,4,0.03534961864352226,71841.0,42640.0
25025240B,1,10,5,0.034838415682315826,75937.0,42640.0
25025240B,1,10,6,0.028867220506072044,84129.0,38544.0
25025240B,1,10,7,0.025772564113140106,14272.0,37040.0
25025240B,1,10,8,0.023766206577420235,14272.0,41136.0
25025240B,1,10,9,0.014269953593611717,18368.0,41136.0
25025240B,1,10,10,0.014071440324187279,84129.0,30352.0
25025510B1,1,3,1,0.7312265038490295,107825.0,38464.0
25025510B1,1,3,2,0.10424422472715378,99633.0,42560.0
25025510B1,1,3,3,0.02903282456099987,103729.0,46656.0
25025510B1,1,5,1,0.7312265038490295,107825.0,38464.0
25025510B1,1,5,2,0.10424422472715378,99633.0,42560.0
25025510B1,1,5,3,0.02903282456099987,103729.0,46656.0
25025510B1,1,5,4,0.011072196066379547,28048.0,68832.0
25025510B1,1,5,5,0.00961045641452074,32144.0,48352.0
25025510B1,1,10,1,0.7312265038490295,107825.0,38464.0
25025510B1,1,10,2,0.10424422472715378,99633.0,42560.0
25025510B1,1,10,3,0.02903282456099987,103729.0,46656.0
25025510B1,1,10,4,0.011072196066379547,28048.0,68832.0
25025510B1,1,10,5,0.00961045641452074,32144.0,48352.0
25025510B1,1,10,6,0.00608531478792429,28048.0,60640.0
25025510B1,1,10,7,0.005063882563263178,111921.0,42560.0
25025510B1,1,10,8,0.004850062076002359,107825.0,22080.0
25025510B1,1,10,9,0.004549198318272829,111921.0,38464.0
25025510B1,1,10,10,0.004083265550434589,19856.0,44256.0
25025575B2,1,3,1,0.14416632056236267,133409.0,43152.0
25025575B2,1,3,2,0.12045499682426453,56128.0,41904.0
25025575B2,1,3,3,0.09881123155355453,35648.0,41904.0
25025575B2,1,5,1,0.14416632056236267,133409.0,43152.0
25025575B2,1,5,2,0.12045499682426453,56128.0,41904.0
25025575B2,1,5,3,0.09881123155355453,35648.0,41904.0
25025575B2,1,5,4,0.08293581753969193,60224.0,41904.0
25025575B2,1,5,5,0.06394180655479431,141601.0,43152.0
25025575B2,1,10,1,0.14416632056236267,133409.0,43152.0
25025575B2,1,10,2,0.12045499682426453,56128.0,41904.0
25025575B2,1,10,3,0.09881123155355453,35648.0,41904.0
25025575B2,1,10,4,0.08293581753969193,60224.0,41904.0
25025575B2,1,10,5,0.06394180655479431,141601.0,43152.0
25025575B2,1,10,6,0.04876751825213432,47936.0,37808.0
25025575B2,1,10,7,0.04509274661540985,43840.0,50096.0
25025575B2,1,10,8,0.04408196359872818,137505.0,43152.0
25025575B2,1,10,9,0.033102329820394516,137505.0,47248.0
25025575B2,1,10,10,0.020607637241482735,141601.0,47248.0
25025960B2,1,3,1,0.1291150599718094,112752.0,39728.0
25025960B2,1,3,2,0.12323033064603806,44624.0,39952.0
25025960B2,1,3,3,0.09978985041379929,112752.0,35632.0
25025960B2,1,5,1,0.1291150599718094,112752.0,39728.0
25025960B2,1,5,2,0.12323033064603806,44624.0,39952.0
25025960B2,1,5,3,0.09978985041379929,112752.0,35632.0
25025960B2,1,5,4,0.05191422998905182,104560.0,52016.0
25025960B2,1,5,5,0.040763676166534424,112752.0,47920.0
25025960B2,1,10,1,0.1291150599718094,112752.0,39728.0
25025960B2,1,10,2,0.12323033064603806,44624.0,39952.0
25025960B2,1,10,3,0.09978985041379929,112752.0,35632.0
25025960B2,1,10,4,0.05191422998905182,104560.0,52016.0
25025960B2,1,10,5,0.040763676166534424,112752.0,47920.0
25025960B2,1,10,6,0.03891460970044136,44624.0,44048.0
25025960B2,1,10,7,0.038739223033189774,112752.0,52016.0
25025960B2,1,10,8,0.03815451264381409,108656.0,52016.0
25025960B2,1,10,9,0.03663117066025734,40528.0,44048.0
25025960B2,1,10,10,0.02659621648490429,104560.0,47920.0
25026103B3,1,3,1,0.33765554428100586,19856.0,22704.0
25026103B3,1,3,2,0.2878134846687317,23952.0,18608.0
25026103B3,1,3,3,0.15901094675064087,104099.0,24049.0
25026103B3,1,5,1,0.33765554428100586,19856.0,22704.0
25026103B3,1,5,2,0.2878134846687317,23952.0,18608.0
25026103B3,1,5,3,0.15901094675064087,104099.0,24049.0
25026103B3,1,5,4,0.04416476562619209,100003.0,24049.0
25026103B3,1,5,5,0.032100651413202286,23952.0,14512.0
25026103B3,1,10,1,0.33765554428100586,19856.0,22704.0
25026103B3,1,10,2,0.2878134846687317,23952.0,18608.0
25026103B3,1,10,3,0.15901094675064087,104099.0,24049.0
25026103B3,1,10,4,0.04416476562619209,100003.0,24049.0
25026103B3,1,10,5,0.032100651413202286,23952.0,14512.0
25026103B3,1,10,6,0.01931728981435299,23952.0,22704.0
25026103B3,1,10,7,0.012112477794289589,100003.0,32241.0
25026103B3,1,10,8,0.010107620619237423,32144.0,10416.0
25026103B3,1,10,9,0.007011924870312214,36240.0,22704.0
25026103B3,1,10,10,0.006388420704752207,108195.0,24049.0
25026180B2,1,3,1,0.1915055811405182,60992.0,50192.0
25026180B2,1,3,2,0.1365373134613037,117942.0,20176.0
25026180B2,1,3,3,0.05899973586201668,105654.0,52944.0
25026180B2,1,5,1,0.1915055811405182,60992.0,50192.0
25026180B2,1,5,2,0.1365373134613037,117942.0,20176.0
25026180B2,1,5,3,0.05899973586201668,105654.0,52944.0
25026180B2,1,5,4,0.04134877771139145,56896.0,58384.0
25026180B2,1,5,5,0.040152374655008316,117942.0,65232.0
25026180B2,1,10,1,0.1915055811405182,60992.0,50192.0
25026180B2,1,10,2,0.1365373134613037,117942.0,20176.0
25026180B2,1,10,3,0.05899973586201668,105654.0,52944.0
25026180B2,1,10,4,0.04134877771139145,56896.0,58384.0
25026180B2,1,10,5,0.040152374655008316,117942.0,65232.0
25026180B2,1,10,6,0.03996380418539047,65088.0,46096.0
25026180B2,1,10,7,0.03785791993141174,28224.0,46096.0
25026180B2,1,10,8,0.03468658775091171,105654.0,61136.0
25026180B2,1,10,9,0.03345930576324463,109750.0,52944.0
25026180B2,1,10,10,0.030842836946249008,126134.0,16080.0
25026798B2,1,3,1,0.16205893456935883,136596.0,29888.0
25026798B2,1,3,2,0.16192150115966797,132500.0,29888.0
25026798B2,1,3,3,0.10634929686784744,64944.0,54224.0
25026798B2,1,5,1,0.16205893456935883,136596.0,29888.0
25026798B2,1,5,2,0.16192150115966797,132500.0,29888.0
25026798B2,1,5,3,0.10634929686784744,64944.0,54224.0
25026798B2,1,5,4,0.06205436587333679,140692.0,54464.0
25026798B2,1,5,5,0.047189004719257355,69040.0,54224.0
25026798B2,1,10,1,0.16205893456935883,136596.0,29888.0
25026798B2,1,10,2,0.16192150115966797,132500.0,29888.0
25026798B2,1,10,3,0.10634929686784744,64944.0,54224.0
25026798B2,1,10,4,0.06205436587333679,140692.0,54464.0
25026798B2,1,10,5,0.047189004719257355,69040.0,54224.0
25026798B2,1,10,6,0.04684321582317352,132500.0,50368.0
25026798B2,1,10,7,0.037565622478723526,152980.0,50368.0
25026798B2,1,10,8,0.02756643295288086,40368.0,70608.0
25026798B2,1,10,9,0.02500395104289055,136596.0,25792.0
25026798B2,1,10,10,0.020238768309354782,44464.0,66512.0
25027122B2,1,3,1,0.10856300592422485,104374.0,39121.0
25027122B2,1,3,2,0.09398873895406723,79798.0,18641.0
25027122B2,1,3,3,0.08442796766757965,25936.0,22818.0
25027122B2,1,5,1,0.10856300592422485,104374.0,39121.0
25027122B2,1,5,2,0.09398873895406723,79798.0,18641.0
25027122B2,1,5,3,0.08442796766757965,25936.0,22818.0
25027122B2,1,5,4,0.06065881624817848,17744.0,18722.0
25027122B2,1,5,5,0.04415906220674515,104374.0,22737.0
25027122B2,1,10,1,0.10856300592422485,104374.0,39121.0
25027122B2,1,10,2,0.09398873895406723,79798.0,18641.0
25027122B2,1,10,3,0.08442796766757965,25936.0,22818.0
25027122B2,1,10,4,0.06065881624817848,17744.0,18722.0
25027122B2,1,10,5,0.04415906220674515,104374.0,22737.0
25027122B2,1,10,6,0.03802401199936867,83894.0,18641.0
25027122B2,1,10,7,0.033849067986011505,75702.0,22737.0
25027122B2,1,10,8,0.03353923559188843,104374.0,30929.0
25027122B2,1,10,9,0.03314235806465149,34128.0,31010.0
25027122B2,1,10,10,0.032611578702926636,100278.0,51409.0
25027167B2,1,3,1,0.20037348568439484,19984.0,42354.0
25027167B2,1,3,2,0.1577490270137787,28176.0,38258.0
25027167B2,1,3,3,0.14096151292324066,24080.0,25970.0
25027167B2,1,5,1,0.20037348568439484,19984.0,42354.0
25027167B2,1,5,2,0.1577490270137787,28176.0,38258.0
25027167B2,1,5,3,0.14096151292324066,24080.0,25970.0
25027167B2,1,5,4,0.059779442846775055,71605.0,37201.0
25027167B2,1,5,5,0.04267046973109245,15888.0,34162.0
25027167B2,1,10,1,0.20037348568439484,19984.0,42354.0
25027167B2,1,10,2,0.1577490270137787,28176.0,38258.0
25027167B2,1,10,3,0.14096151292324066,24080.0,25970.0
25027167B2,1,10,4,0.059779442846775055,71605.0,37201.0
25027167B2,1,10,5,0.04267046973109245,15888.0,34162.0
25027167B2,1,10,6,0.040567293763160706,19984.0,46450.0
25027167B2,1,10,7,0.03496289998292923,24080.0,38258.0
25027167B2,1,10,8,0.02912488393485546,83893.0,29009.0
25027167B2,1,10,9,0.02860335074365139,15888.0,54642.0
25027167B2,1,10,10,0.02641010843217373,71605.0,29009.0
25012148B3,1,3,1,0.5039494037628174,104465.0,35168.0
25012148B3,1,3,2,0.11348804086446762,88081.0,35168.0
25012148B3,1,3,3,0.09491054713726044,112657.0,67936.0
25012148B3,1,5,1,0.5039494037628174,104465.0,35168.0
25012148B3,1,5,2,0.11348804086446762,88081.0,35168.0
25012148B3,1,5,3,0.09491054713726044,112657.0,67936.0
25012148B3,1,5,4,0.050238363444805145,23824.0,21232.0
25012148B3,1,5,5,0.028214791789650917,92177.0,31072.0
25012148B3,1,10,1,0.5039494037628174,104465.0,35168.0
25012148B3,1,10,2,0.11348804086446762,88081.0,35168.0
25012148B3,1,10,3,0.09491054713726044,112657.0,67936.0
25012148B3,1,10,4,0.050238363444805145,23824.0,21232.0
25012148B3,1,10,5,0.028214791789650917,92177.0,31072.0
25012148B3,1,10,6,0.018584314733743668,23824.0,29424.0
25012148B3,1,10,7,0.01600092276930809,32016.0,74480.0
25012148B3,1,10,8,0.014141669496893883,27920.0,70384.0
25012148B3,1,10,9,0.011343827471137047,23824.0,33520.0
25012148B3,1,10,10,0.010536575689911842,19728.0,21232.0
2490547B2,1,3,1,0.18275083601474762,40480.0,25120.0
2490547B2,1,3,2,0.16805687546730042,97573.0,32193.0
2490547B2,1,3,3,0.11399619281291962,24096.0,29216.0
2490547B2,1,5,1,0.18275083601474762,40480.0,25120.0
2490547B2,1,5,2,0.16805687546730042,97573.0,32193.0
2490547B2,1,5,3,0.11399619281291962,24096.0,29216.0
2490547B2,1,5,4,0.08484402298927307,126216.0,160.0
2490547B2,1,5,5,0.05961441248655319,28192.0,21024.0
2490547B2,1,10,1,0.18275083601474762,40480.0,25120.0
2490547B2,1,10,2,0.16805687546730042,97573.0,32193.0
2490547B2,1,10,3,0.11399619281291962,24096.0,29216.0
2490547B2,1,10,4,0.08484402298927307,126216.0,160.0
2490547B2,1,10,5,0.05961441248655319,28192.0,21024.0
2490547B2,1,10,6,0.04014241322875023,28192.0,45600.0
2490547B2,1,10,7,0.03900396078824997,28192.0,25120.0
2490547B2,1,10,8,0.03450236842036247,126840.0,63493.0
2490547B2,1,10,9,0.029060060158371925,126216.0,4256.0
2490547B2,1,10,10,0.02055651880800724,40480.0,29216.0
2490750B4,1,3,1,0.2614057660102844,82705.0,15121.0
2490750B4,1,3,2,0.15275737643241882,82705.0,19217.0
2490750B4,1,3,3,0.13351507484912872,25440.0,27699.0
2490750B4,1,5,1,0.2614057660102844,82705.0,15121.0
2490750B4,1,5,2,0.15275737643241882,82705.0,19217.0
2490750B4,1,5,3,0.13351507484912872,25440.0,27699.0
2490750B4,1,5,4,0.09350252151489258,78609.0,11025.0
2490750B4,1,5,5,0.050695016980171204,21344.0,31795.0
2490750B4,1,10,1,0.2614057660102844,82705.0,15121.0
2490750B4,1,10,2,0.15275737643241882,82705.0,19217.0
2490750B4,1,10,3,0.13351507484912872,25440.0,27699.0
2490750B4,1,10,4,0.09350252151489258,78609.0,11025.0
2490750B4,1,10,5,0.050695016980171204,21344.0,31795.0
2490750B4,1,10,6,0.0470438189804554,74513.0,19217.0
2490750B4,1,10,7,0.03691590577363968,13152.0,31795.0
2490750B4,1,10,8,0.030625738203525543,78609.0,35601.0
2490750B4,1,10,9,0.029095176607370377,21344.0,39987.0
2490750B4,1,10,10,0.026669688522815704,78609.0,15121.0
2490820B3,1,3,1,0.2559306025505066,19937.0,51010.0
2490820B3,1,3,2,0.21625420451164246,24033.0,55106.0
2490820B3,1,3,3,0.18449155986309052,15841.0,38722.0
2490820B3,1,5,1,0.2559306025505066,19937.0,51010.0
2490820B3,1,5,2,0.21625420451164246,24033.0,55106.0
2490820B3,1,5,3,0.18449155986309052,15841.0,38722.0
2490820B3,1,5,4,0.13648337125778198,32225.0,22338.0
2490820B3,1,5,5,0.08963493257761002,19937.0,55106.0
2490820B3,1,10,1,0.2559306025505066,19937.0,51010.0
2490820B3,1,10,2,0.21625420451164246,24033.0,55106.0
2490820B3,1,10,3,0.18449155986309052,15841.0,38722.0
2490820B3,1,10,4,0.13648337125778198,32225.0,22338.0
2490820B3,1,10,5,0.08963493257761002,19937.0,55106.0
2490820B3,1,10,6,0.018980657681822777,15841.0,51010.0
2490820B3,1,10,7,0.01810135506093502,15841.0,42818.0
2490820B3,1,10,8,0.011651720851659775,78169.0,27137.0
2490820B3,1,10,9,0.009760585613548756,28129.0,46914.0
2490820B3,1,10,10,0.008718959987163544,82265.0,35329.0
2490963B2,1,3,1,0.13879357278347015,19984.0,62129.0
2490963B2,1,3,2,0.10643834620714188,15888.0,37553.0
2490963B2,1,3,3,0.06580288708209991,93927.0,18128.0
2490963B2,1,5,1,0.13879357278347015,19984.0,62129.0
2490963B2,1,5,2,0.10643834620714188,15888.0,37553.0
2490963B2,1,5,3,0.06580288708209991,93927.0,18128.0
2490963B2,1,5,4,0.06495033949613571,98023.0,59088.0
2490963B2,1,5,5,0.057464100420475006,93927.0,14032.0
2490963B2,1,10,1,0.13879357278347015,19984.0,62129.0
2490963B2,1,10,2,0.10643834620714188,15888.0,37553.0
2490963B2,1,10,3,0.06580288708209991,93927.0,18128.0
2490963B2,1,10,4,0.06495033949613571,98023.0,59088.0
2490963B2,1,10,5,0.057464100420475006,93927.0,14032.0
2490963B2,1,10,6,0.0459275096654892,28176.0,70321.0
2490963B2,1,10,7,0.04428616911172867,89831.0,34512.0
2490963B2,1,10,8,0.04098137468099594,93927.0,59088.0
2490963B2,1,10,9,0.03482317924499512,93927.0,38608.0
2490963B2,1,10,10,0.03339913487434387,15888.0,45745.0
2490972B8,1,3,1,0.34672868251800537,36416.0,21280.0
2490972B8,1,3,2,0.1484449952840805,36416.0,29472.0
2490972B8,1,3,3,0.06562121957540512,99479.0,40288.0
2490972B8,1,5,1,0.34672868251800537,36416.0,21280.0
2490972B8,1,5,2,0.1484449952840805,36416.0,29472.0
2490972B8,1,5,3,0.06562121957540512,99479.0,40288.0
2490972B8,1,5,4,0.051182545721530914,24128.0,21280.0
2490972B8,1,5,5,0.03692270815372467,20032.0,21280.0
2490972B8,1,10,1,0.34672868251800537,36416.0,21280.0
2490972B8,1,10,2,0.1484449952840805,36416.0,29472.0
2490972B8,1,10,3,0.06562121957540512,99479.0,40288.0
2490972B8,1,10,4,0.051182545721530914,24128.0,21280.0
2490972B8,1,10,5,0.03692270815372467,20032.0,21280.0
2490972B8,1,10,6,0.03502173349261284,103575.0,28000.0
2490972B8,1,10,7,0.03356728330254555,95383.0,23904.0
2490972B8,1,10,8,0.03071613237261772,95383.0,19808.0
2490972B8,1,10,9,0.03055540658533573,87191.0,28000.0
2490972B8,1,10,10,0.020316604524850845,99479.0,36192.0
2491560B2,1,3,1,0.280262291431427,89728.0,25505.0
2491560B2,1,3,2,0.2771153748035431,85632.0,17313.0
2491560B2,1,3,3,0.1338861733675003,16912.0,14881.0
2491560B2,1,5,1,0.280262291431427,89728.0,25505.0
2491560B2,1,5,2,0.2771153748035431,85632.0,17313.0
2491560B2,1,5,3,0.1338861733675003,16912.0,14881.0
2491560B2,1,5,4,0.0905611589550972,89728.0,13217.0
2491560B2,1,5,5,0.042650721967220306,89728.0,29601.0
2491560B2,1,10,1,0.280262291431427,89728.0,25505.0
2491560B2,1,10,2,0.2771153748035431,85632.0,17313.0
2491560B2,1,10,3,0.1338861733675003,16912.0,14881.0
2491560B2,1,10,4,0.0905611589550972,89728.0,13217.0
2491560B2,1,10,5,0.042650721967220306,89728.0,29601.0
2491560B2,1,10,6,0.04205876588821411,73344.0,21409.0
2491560B2,1,10,7,0.018045900389552116,81536.0,17313.0
2491560B2,1,10,8,0.017594726756215096,85632.0,13217.0
2491560B2,1,10,9,0.015170278027653694,33296.0,27169.0
2491560B2,1,10,10,0.008938747458159924,89728.0,21409.0
25002073B3,1,3,1,0.22538268566131592,93475.0,42770.0
25002073B3,1,3,2,0.18457040190696716,105763.0,30482.0
25002073B3,1,3,3,0.14987346529960632,93475.0,38674.0
25002073B3,1,5,1,0.22538268566131592,93475.0,42770.0
25002073B3,1,5,2,0.18457040190696716,105763.0,30482.0
25002073B3,1,5,3,0.14987346529960632,93475.0,38674.0
25002073B3,1,5,4,0.09657590091228485,93475.0,30482.0
25002073B3,1,5,5,0.042643383145332336,101667.0,38674.0
25002073B3,1,10,1,0.22538268566131592,93475.0,42770.0
25002073B3,1,10,2,0.18457040190696716,105763.0,30482.0
25002073B3,1,10,3,0.14987346529960632,93475.0,38674.0
25002073B3,1,10,4,0.09657590091228485,93475.0,30482.0
25002073B3,1,10,5,0.042643383145332336,101667.0,38674.0
25002073B3,1,10,6,0.04045708850026131,105763.0,34578.0
25002073B3,1,10,7,0.03997620567679405,36368.0,44050.0
25002073B3,1,10,8,0.03021509014070034,36368.0,48146.0
25002073B3,1,10,9,0.014793419279158115,48656.0,56338.0
25002073B3,1,10,10,0.014574704691767693,109859.0,50962.0
25002238B,1,3,1,0.7223078012466431,107222.0,36369.0
25002238B,1,3,2,0.05459216982126236,36192.0,39281.0
25002238B,1,3,3,0.04162198305130005,99030.0,28177.0
25002238B,1,5,1,0.7223078012466431,107222.0,36369.0
25002238B,1,5,2,0.05459216982126236,36192.0,39281.0
25002238B,1,5,3,0.04162198305130005,99030.0,28177.0
25002238B,1,5,4,0.032318320125341415,111318.0,28177.0
25002238B,1,5,5,0.02643236704170704,32096.0,35185.0
25002238B,1,10,1,0.7223078012466431,107222.0,36369.0
25002238B,1,10,2,0.05459216982126236,36192.0,39281.0
25002238B,1,10,3,0.04162198305130005,99030.0,28177.0
25002238B,1,10,4,0.032318320125341415,111318.0,28177.0
25002238B,1,10,5,0.02643236704170704,32096.0,35185.0
25002238B,1,10,6,0.013603456318378448,103126.0,32273.0
25002238B,1,10,7,0.010041829198598862,115414.0,32273.0
25002238B,1,10,8,0.00739728007465601,32096.0,26993.0
25002238B,1,10,9,0.007060784846544266,32096.0,31089.0
25002238B,1,10,10,0.006412847898900509,44384.0,31089.0
25002328B2,1,3,1,0.534329354763031,88566.0,23475.0
25002328B2,1,3,2,0.07336915284395218,19824.0,29860.0
25002328B2,1,3,3,0.04473724588751793,36208.0,46244.0
25002328B2,1,5,1,0.534329354763031,88566.0,23475.0
25002328B2,1,5,2,0.07336915284395218,19824.0,29860.0
25002328B2,1,5,3,0.04473724588751793,36208.0,46244.0
25002328B2,1,5,4,0.03953864425420761,19824.0,33956.0
25002328B2,1,5,5,0.02982243523001671,72182.0,31667.0
25002328B2,1,10,1,0.534329354763031,88566.0,23475.0
25002328B2,1,10,2,0.07336915284395218,19824.0,29860.0
25002328B2,1,10,3,0.04473724588751793,36208.0,46244.0
25002328B2,1,10,4,0.03953864425420761,19824.0,33956.0
25002328B2,1,10,5,0.02982243523001671,72182.0,31667.0
25002328B2,1,10,6,0.024457421153783798,84470.0,27571.0
25002328B2,1,10,7,0.018176518380641937,80374.0,27571.0
25002328B2,1,10,8,0.017785001546144485,88566.0,27571.0
25002328B2,1,10,9,0.014389162883162498,15728.0,29860.0
25002328B2,1,10,10,0.013492497615516186,32112.0,38052.0
25002472B2,1,3,1,0.1063075140118599,111761.0,62688.0
25002472B2,1,3,2,0.06857183575630188,15776.0,62256.0
25002472B2,1,3,3,0.0649000033736229,128145.0,42208.0
25002472B2,1,5,1,0.1063075140118599,111761.0,62688.0
25002472B2,1,5,2,0.06857183575630188,15776.0,62256.0
25002472B2,1,5,3,0.0649000033736229,128145.0,42208.0
25002472B2,1,5,4,0.05223175138235092,115857.0,46304.0
25002472B2,1,5,5,0.04529673606157303,48544.0,17200.0
25002472B2,1,10,1,0.1063075140118599,111761.0,62688.0
25002472B2,1,10,2,0.06857183575630188,15776.0,62256.0
25002472B2,1,10,3,0.0649000033736229,128145.0,42208.0
25002472B2,1,10,4,0.05223175138235092,115857.0,46304.0
25002472B2,1,10,5,0.04529673606157303,48544.0,17200.0
25002472B2,1,10,6,0.04315229505300522,28064.0,41776.0
25002472B2,1,10,7,0.035096425563097,103569.0,38112.0
25002472B2,1,10,8,0.026187783107161522,136337.0,38112.0
25002472B2,1,10,9,0.02299840748310089,23968.0,37680.0
25002472B2,1,10,10,0.018446356058120728,36256.0,33584.0
25002504B2,1,3,1,0.2817612588405609,40752.0,64720.0
25002504B2,1,3,2,0.16946038603782654,24368.0,40144.0
25002504B2,1,3,3,0.1358845978975296,32560.0,68816.0
25002504B2,1,5,1,0.2817612588405609,40752.0,64720.0
25002504B2,1,5,2,0.16946038603782654,24368.0,40144.0
25002504B2,1,5,3,0.1358845978975296,32560.0,68816.0
25002504B2,1,5,4,0.07846372574567795,28464.0,68816.0
25002504B2,1,5,5,0.04589037597179413,89716.0,29376.0
25002504B2,1,10,1,0.2817612588405609,40752.0,64720.0
25002504B2,1,10,2,0.16946038603782654,24368.0,40144.0
25002504B2,1,10,3,0.1358845978975296,32560.0,68816.0
25002504B2,1,10,4,0.07846372574567795,28464.0,68816.0
25002504B2,1,10,5,0.04589037597179413,89716.0,29376.0
25002504B2,1,10,6,0.02978168986737728,44848.0,56528.0
25002504B2,1,10,7,0.02151530236005783,32560.0,36048.0
25002504B2,1,10,8,0.020707428455352783,97908.0,41664.0
25002504B2,1,10,9,0.019442174583673477,20272.0,27856.0
25002504B2,1,10,10,0.017458487302064896,57136.0,48336.0
25002663B5,1,3,1,0.6218645572662354,48528.0,13520.0
25002663B5,1,3,2,0.06007275730371475,115429.0,44192.0
25002663B5,1,3,3,0.03681546077132225,90853.0,36000.0
25002663B5,1,5,1,0.6218645572662354,48528.0,13520.0
25002663B5,1,5,2,0.06007275730371475,115429.0,44192.0
25002663B5,1,5,3,0.03681546077132225,90853.0,36000.0
25002663B5,1,5,4,0.031284648925065994,107237.0,27808.0
25002663B5,1,5,5,0.018625300377607346,111333.0,40096.0
25002663B5,1,10,1,0.6218645572662354,48528.0,13520.0
25002663B5,1,10,2,0.06007275730371475,115429.0,44192.0
25002663B5,1,10,3,0.03681546077132225,90853.0,36000.0
25002663B5,1,10,4,0.031284648925065994,107237.0,27808.0
25002663B5,1,10,5,0.018625300377607346,111333.0,40096.0
25002663B5,1,10,6,0.015599093399941921,119525.0,44192.0
25002663B5,1,10,7,0.012597929686307907,107237.0,48288.0
25002663B5,1,10,8,0.011409797705709934,111333.0,27808.0
25002663B5,1,10,9,0.011093156412243843,107237.0,44192.0
25002663B5,1,10,10,0.010813440196216106,32144.0,38096.0
25002788B2,1,3,1,0.29348865151405334,44640.0,52850.0
25002788B2,1,3,2,0.2734532952308655,32352.0,36466.0
25002788B2,1,3,3,0.06671996414661407,101731.0,25809.0
25002788B2,1,5,1,0.29348865151405334,44640.0,52850.0
25002788B2,1,5,2,0.2734532952308655,32352.0,36466.0
25002788B2,1,5,3,0.06671996414661407,101731.0,25809.0
25002788B2,1,5,4,0.05788548290729523,97635.0,13521.0
25002788B2,1,5,5,0.05663533881306648,101731.0,29905.0
25002788B2,1,10,1,0.29348865151405334,44640.0,52850.0
25002788B2,1,10,2,0.2734532952308655,32352.0,36466.0
25002788B2,1,10,3,0.06671996414661407,101731.0,25809.0
25002788B2,1,10,4,0.05788548290729523,97635.0,13521.0
25002788B2,1,10,5,0.05663533881306648,101731.0,29905.0
25002788B2,1,10,6,0.050840139389038086,93539.0,29905.0
25002788B2,1,10,7,0.015443209558725357,101731.0,58577.0
25002788B2,1,10,8,0.012206614017486572,40544.0,65138.0
25002788B2,1,10,9,0.012089412659406662,93539.0,46289.0
25002788B2,1,10,10,0.011888420209288597,44640.0,48754.0
25002789B2,1,3,1,0.32781293988227844,40368.0,56545.0
25002789B2,1,3,2,0.2127670794725418,36272.0,60641.0
25002789B2,1,3,3,0.14380493760108948,107157.0,43505.0
25002789B2,1,5,1,0.32781293988227844,40368.0,56545.0
25002789B2,1,5,2,0.2127670794725418,36272.0,60641.0
25002789B2,1,5,3,0.14380493760108948,107157.0,43505.0
25002789B2,1,5,4,0.037327878177165985,36272.0,56545.0
25002789B2,1,5,5,0.03286271542310715,19888.0,48353.0
25002789B2,1,10,1,0.32781293988227844,40368.0,56545.0
25002789B2,1,10,2,0.2127670794725418,36272.0,60641.0
25002789B2,1,10,3,0.14380493760108948,107157.0,43505.0
25002789B2,1,10,4,0.037327878177165985,36272.0,56545.0
25002789B2,1,10,5,0.03286271542310715,19888.0,48353.0
25002789B2,1,10,6,0.030584316700696945,107157.0,39409.0
25002789B2,1,10,7,0.02175047993659973,107157.0,55793.0
25002789B2,1,10,8,0.01902456395328045,36272.0,44257.0
25002789B2,1,10,9,0.018027987331151962,23984.0,40161.0
25002789B2,1,10,10,0.009586408734321594,90773.0,39409.0
25002897B2,1,3,1,0.3840877413749695,87922.0,47424.0
25002897B2,1,3,2,0.16077131032943726,87922.0,55616.0
25002897B2,1,3,3,0.1001109778881073,92018.0,55616.0
25002897B2,1,5,1,0.3840877413749695,87922.0,47424.0
25002897B2,1,5,2,0.16077131032943726,87922.0,55616.0
25002897B2,1,5,3,0.1001109778881073,92018.0,55616.0
25002897B2,1,5,4,0.060330234467983246,92018.0,51520.0
25002897B2,1,5,5,0.04772075265645981,83826.0,47424.0
25002897B2,1,10,1,0.3840877413749695,87922.0,47424.0
25002897B2,1,10,2,0.16077131032943726,87922.0,55616.0
25002897B2,1,10,3,0.1001109778881073,92018.0,55616.0
25002897B2,1,10,4,0.060330234467983246,92018.0,51520.0
25002897B2,1,10,5,0.04772075265645981,83826.0,47424.0
25002897B2,1,10,6,0.043816231191158295,87922.0,59712.0
25002897B2,1,10,7,0.03239301219582558,83826.0,43328.0
25002897B2,1,10,8,0.01950448378920555,19856.0,48432.0
25002897B2,1,10,9,0.010564656928181648,11664.0,40240.0
25002897B2,1,10,10,0.010439854115247726,96114.0,47424.0
25002906B2,1,3,1,0.28209856152534485,46386.0,49728.0
25002906B2,1,3,2,0.18124188482761383,102457.0,52384.0
25002906B2,1,3,3,0.06476972252130508,46386.0,53824.0
25002906B2,1,5,1,0.28209856152534485,46386.0,49728.0
25002906B2,1,5,2,0.18124188482761383,102457.0,52384.0
25002906B2,1,5,3,0.06476972252130508,46386.0,53824.0
25002906B2,1,5,4,0.05058719962835312,30002.0,25152.0
25002906B2,1,5,5,0.043228089809417725,50482.0,45632.0
25002906B2,1,10,1,0.28209856152534485,46386.0,49728.0
25002906B2,1,10,2,0.18124188482761383,102457.0,52384.0
25002906B2,1,10,3,0.06476972252130508,46386.0,53824.0
25002906B2,1,10,4,0.05058719962835312,30002.0,25152.0
25002906B2,1,10,5,0.043228089809417725,50482.0,45632.0
25002906B2,1,10,6,0.03757571429014206,30002.0,57920.0
25002906B2,1,10,7,0.025174669921398163,106553.0,48288.0
25002906B2,1,10,8,0.024000002071261406,110649.0,44192.0
25002906B2,1,10,9,0.023110218346118927,42290.0,53824.0
25002906B2,1,10,10,0.021115638315677643,98361.0,48288.0
25002907B3,1,3,1,0.34351596236228943,86296.0,37314.0
25002907B3,1,3,2,0.1555846482515335,17585.0,40657.0
25002907B3,1,3,3,0.07868431508541107,29873.0,48849.0
25002907B3,1,5,1,0.34351596236228943,86296.0,37314.0
25002907B3,1,5,2,0.1555846482515335,17585.0,40657.0
25002907B3,1,5,3,0.07868431508541107,29873.0,48849.0
25002907B3,1,5,4,0.07286150753498077,25777.0,48849.0
25002907B3,1,5,5,0.030697051435709,82200.0,45506.0
25002907B3,1,10,1,0.34351596236228943,86296.0,37314.0
25002907B3,1,10,2,0.1555846482515335,17585.0,40657.0
25002907B3,1,10,3,0.07868431508541107,29873.0,48849.0
25002907B3,1,10,4,0.07286150753498077,25777.0,48849.0
25002907B3,1,10,5,0.030697051435709,82200.0,45506.0
25002907B3,1,10,6,0.03020056150853634,29873.0,52945.0
25002907B3,1,10,7,0.023893563076853752,21681.0,28369.0
25002907B3,1,10,8,0.0222377497702837,17585.0,48849.0
25002907B3,1,10,9,0.020952634513378143,33969.0,36561.0
25002907B3,1,10,10,0.020772628486156464,90392.0,57794.0
25003038B2,1,3,1,0.208218514919281,103893.0,32768.0
25003038B2,1,3,2,0.06444643437862396,112085.0,20480.0
25003038B2,1,3,3,0.06394906342029572,120277.0,61440.0
25003038B2,1,5,1,0.208218514919281,103893.0,32768.0
25003038B2,1,5,2,0.06444643437862396,112085.0,20480.0
25003038B2,1,5,3,0.06394906342029572,120277.0,61440.0
25003038B2,1,5,4,0.05763503909111023,140757.0,32768.0
25003038B2,1,5,5,0.040788304060697556,116181.0,24576.0
25003038B2,1,10,1,0.208218514919281,103893.0,32768.0
25003038B2,1,10,2,0.06444643437862396,112085.0,20480.0
25003038B2,1,10,3,0.06394906342029572,120277.0,61440.0
25003038B2,1,10,4,0.05763503909111023,140757.0,32768.0
25003038B2,1,10,5,0.040788304060697556,116181.0,24576.0
25003038B2,1,10,6,0.03728627786040306,32272.0,69601.0
25003038B2,1,10,7,0.03414265066385269,99797.0,16384.0
25003038B2,1,10,8,0.02672002837061882,99797.0,32768.0
25003038B2,1,10,9,0.022876588627696037,48656.0,57313.0
25003038B2,1,10,10,0.020105618983507156,124373.0,57344.0
25009124B2,1,3,1,0.32629406452178955,103045.0,24210.0
25009124B2,1,3,2,0.1388314664363861,35808.0,47137.0
25009124B2,1,3,3,0.05367632955312729,35808.0,26657.0
25009124B2,1,5,1,0.32629406452178955,103045.0,24210.0
25009124B2,1,5,2,0.1388314664363861,35808.0,47137.0
25009124B2,1,5,3,0.05367632955312729,35808.0,26657.0
25009124B2,1,5,4,0.050913210958242416,103045.0,36498.0
25009124B2,1,5,5,0.04653611779212952,103045.0,40594.0
25009124B2,1,10,1,0.32629406452178955,103045.0,24210.0
25009124B2,1,10,2,0.1388314664363861,35808.0,47137.0
25009124B2,1,10,3,0.05367632955312729,35808.0,26657.0
25009124B2,1,10,4,0.050913210958242416,103045.0,36498.0
25009124B2,1,10,5,0.04653611779212952,103045.0,40594.0
25009124B2,1,10,6,0.03973935544490814,98949.0,28306.0
25009124B2,1,10,7,0.028865355998277664,111237.0,28306.0
25009124B2,1,10,8,0.026637336239218712,39904.0,14369.0
25009124B2,1,10,9,0.021012509241700172,107141.0,24210.0
25009124B2,1,10,10,0.02076796442270279,111237.0,40594.0
25009578B4,1,3,1,0.2873889207839966,48816.0,27152.0
25009578B4,1,3,2,0.21543487906455994,52912.0,14864.0
25009578B4,1,3,3,0.07345136255025864,84435.0,56896.0
25009578B4,1,5,1,0.2873889207839966,48816.0,27152.0
25009578B4,1,5,2,0.21543487906455994,52912.0,14864.0
25009578B4,1,5,3,0.07345136255025864,84435.0,56896.0
25009578B4,1,5,4,0.04938539117574692,117203.0,20032.0
25009578B4,1,5,5,0.04223441332578659,36528.0,43536.0
25009578B4,1,10,1,0.2873889207839966,48816.0,27152.0
25009578B4,1,10,2,0.21543487906455994,52912.0,14864.0
25009578B4,1,10,3,0.07345136255025864,84435.0,56896.0
25009578B4,1,10,4,0.04938539117574692,117203.0,20032.0
25009578B4,1,10,5,0.04223441332578659,36528.0,43536.0
25009578B4,1,10,6,0.04094039648771286,44720.0,23056.0
25009578B4,1,10,7,0.03670934587717056,24240.0,18960.0
25009578B4,1,10,8,0.027482222765684128,80339.0,48704.0
25009578B4,1,10,9,0.02015777677297592,104915.0,44608.0
25009578B4,1,10,10,0.018418069928884506,52912.0,18960.0
2463367-B2,1,3,1,0.1890590935945511,107974.0,32480.0
2463367-B2,1,3,2,0.15162375569343567,103878.0,69344.0
2463367-B2,1,3,3,0.09324426203966141,32352.0,30224.0
2463367-B2,1,5,1,0.1890590935945511,107974.0,32480.0
2463367-B2,1,5,2,0.15162375569343567,103878.0,69344.0
2463367-B2,1,5,3,0.09324426203966141,32352.0,30224.0
2463367-B2,1,5,4,0.09011752903461456,103878.0,44768.0
2463367-B2,1,5,5,0.061981670558452606,91590.0,61152.0
2463367-B2,1,10,1,0.1890590935945511,107974.0,32480.0
2463367-B2,1,10,2,0.15162375569343567,103878.0,69344.0
2463367-B2,1,10,3,0.09324426203966141,32352.0,30224.0
2463367-B2,1,10,4,0.09011752903461456,103878.0,44768.0
2463367-B2,1,10,5,0.061981670558452606,91590.0,61152.0
2463367-B2,1,10,6,0.0380224734544754,40544.0,13840.0
2463367-B2,1,10,7,0.032968662679195404,99782.0,40672.0
2463367-B2,1,10,8,0.03177054226398468,15968.0,58896.0
2463367-B2,1,10,9,0.026268813759088516,95686.0,28384.0
2463367-B2,1,10,10,0.021210120990872383,44640.0,46608.0
2476299-B2,1,3,1,0.5432640314102173,88546.0,49538.0
2476299-B2,1,3,2,0.079979307949543,92642.0,41346.0
2476299-B2,1,3,3,0.07117117941379547,96738.0,41346.0
2476299-B2,1,5,1,0.5432640314102173,88546.0,49538.0
2476299-B2,1,5,2,0.079979307949543,92642.0,41346.0
2476299-B2,1,5,3,0.07117117941379547,96738.0,41346.0
2476299-B2,1,5,4,0.05884560942649841,113122.0,16770.0
2476299-B2,1,5,5,0.032852210104465485,88546.0,29058.0
2476299-B2,1,10,1,0.5432640314102173,88546.0,49538.0
2476299-B2,1,10,2,0.079979307949543,92642.0,41346.0
2476299-B2,1,10,3,0.07117117941379547,96738.0,41346.0
2476299-B2,1,10,4,0.05884560942649841,113122.0,16770.0
2476299-B2,1,10,5,0.032852210104465485,88546.0,29058.0
2476299-B2,1,10,6,0.031718939542770386,109026.0,16770.0
2476299-B2,1,10,7,0.030191585421562195,113122.0,45442.0
2476299-B2,1,10,8,0.016346324235200882,28192.0,39409.0
2476299-B2,1,10,9,0.010583620518445969,44576.0,39409.0
2476299-B2,1,10,10,0.009691547602415085,100834.0,53634.0
2483073-B3,1,3,1,0.11475788056850433,40640.0,52096.0
2483073-B3,1,3,2,0.09615741670131683,40640.0,23424.0
2483073-B3,1,3,3,0.08638043701648712,110785.0,24817.0
2483073-B3,1,5,1,0.11475788056850433,40640.0,52096.0
2483073-B3,1,5,2,0.09615741670131683,40640.0,23424.0
2483073-B3,1,5,3,0.08638043701648712,110785.0,24817.0
2483073-B3,1,5,4,0.07092174887657166,106689.0,24817.0
2483073-B3,1,5,5,0.05028148740530014,44736.0,35712.0
2483073-B3,1,10,1,0.11475788056850433,40640.0,52096.0
2483073-B3,1,10,2,0.09615741670131683,40640.0,23424.0
2483073-B3,1,10,3,0.08638043701648712,110785.0,24817.0
2483073-B3,1,10,4,0.07092174887657166,106689.0,24817.0
2483073-B3,1,10,5,0.05028148740530014,44736.0,35712.0
2483073-B3,1,10,6,0.04312780871987343,11968.0,56192.0
2483073-B3,1,10,7,0.04059344157576561,110785.0,28913.0
2483073-B3,1,10,8,0.035942189395427704,94401.0,65777.0
2483073-B3,1,10,9,0.031062180176377296,90305.0,28913.0
2483073-B3,1,10,10,0.027103979140520096,86209.0,61681.0
2484660-B2,1,3,1,0.6309967637062073,25280.0,25696.0
2484660-B2,1,3,2,0.0862703025341034,21184.0,25696.0
2484660-B2,1,3,3,0.0797833725810051,86321.0,18912.0
2484660-B2,1,5,1,0.6309967637062073,25280.0,25696.0
2484660-B2,1,5,2,0.0862703025341034,21184.0,25696.0
2484660-B2,1,5,3,0.0797833725810051,86321.0,18912.0
2484660-B2,1,5,4,0.06447213888168335,21184.0,21600.0
2484660-B2,1,5,5,0.014221394434571266,86321.0,27104.0
2484660-B2,1,10,1,0.6309967637062073,25280.0,25696.0
2484660-B2,1,10,2,0.0862703025341034,21184.0,25696.0
2484660-B2,1,10,3,0.0797833725810051,86321.0,18912.0
2484660-B2,1,10,4,0.06447213888168335,21184.0,21600.0
2484660-B2,1,10,5,0.014221394434571266,86321.0,27104.0
2484660-B2,1,10,6,0.011571502313017845,12992.0,25696.0
2484660-B2,1,10,7,0.009439709596335888,29376.0,25696.0
2484660-B2,1,10,8,0.00936229806393385,94513.0,23008.0
2484660-B2,1,10,9,0.008586227893829346,90417.0,23008.0
2484660-B2,1,10,10,0.0055505624040961266,29376.0,37984.0
2485164-B2,1,3,1,0.3592475652694702,17617.0,23968.0
2485164-B2,1,3,2,0.1626015454530716,45012.0,27201.0
2485164-B2,1,3,3,0.06798417866230011,110123.0,25921.0
2485164-B2,1,5,1,0.3592475652694702,17617.0,23968.0
2485164-B2,1,5,2,0.1626015454530716,45012.0,27201.0
2485164-B2,1,5,3,0.06798417866230011,110123.0,25921.0
2485164-B2,1,5,4,0.05490313470363617,82056.0,26416.0
2485164-B2,1,5,5,0.04678844287991524,45012.0,35393.0
2485164-B2,1,10,1,0.3592475652694702,17617.0,23968.0
2485164-B2,1,10,2,0.1626015454530716,45012.0,27201.0
2485164-B2,1,10,3,0.06798417866230011,110123.0,25921.0
2485164-B2,1,10,4,0.05490313470363617,82056.0,26416.0
2485164-B2,1,10,5,0.04678844287991524,45012.0,35393.0
2485164-B2,1,10,6,0.03405706211924553,17617.0,19872.0
2485164-B2,1,10,7,0.03263286501169205,17617.0,15776.0
2485164-B2,1,10,8,0.026134178042411804,82056.0,30512.0
2485164-B2,1,10,9,0.024304745718836784,13521.0,28064.0
2485164-B2,1,10,10,0.02250388264656067,45012.0,23105.0
2485536-B2,1,3,1,0.2650469243526459,37184.0,38417.0
2485536-B2,1,3,2,0.200027734041214,24896.0,22033.0
2485536-B2,1,3,3,0.09880786389112473,28992.0,17937.0
2485536-B2,1,5,1,0.2650469243526459,37184.0,38417.0
2485536-B2,1,5,2,0.200027734041214,24896.0,22033.0
2485536-B2,1,5,3,0.09880786389112473,28992.0,17937.0
2485536-B2,1,5,4,0.05535310134291649,28992.0,26129.0
2485536-B2,1,5,5,0.04778532311320305,24896.0,17937.0
2485536-B2,1,10,1,0.2650469243526459,37184.0,38417.0
2485536-B2,1,10,2,0.200027734041214,24896.0,22033.0
2485536-B2,1,10,3,0.09880786389112473,28992.0,17937.0
2485536-B2,1,10,4,0.05535310134291649,28992.0,26129.0
2485536-B2,1,10,5,0.04778532311320305,24896.0,17937.0
2485536-B2,1,10,6,0.0430038720369339,24896.0,26129.0
2485536-B2,1,10,7,0.02746972069144249,33088.0,22033.0
2485536-B2,1,10,8,0.023132098838686943,20800.0,30225.0
2485536-B2,1,10,9,0.021361593157052994,107399.0,22066.0
2485536-B2,1,10,10,0.013218561187386513,33088.0,17937.0
2488040-B,1,3,1,0.5940663814544678,48752.0,51808.0
2488040-B,1,3,2,0.08534736931324005,84630.0,54273.0
2488040-B,1,3,3,0.06099525839090347,20080.0,47712.0
2488040-B,1,5,1,0.5940663814544678,48752.0,51808.0
2488040-B,1,5,2,0.08534736931324005,84630.0,54273.0
2488040-B,1,5,3,0.06099525839090347,20080.0,47712.0
2488040-B,1,5,4,0.04916232079267502,15984.0,43616.0
2488040-B,1,5,5,0.02465411089360714,109206.0,37889.0
2488040-B,1,10,1,0.5940663814544678,48752.0,51808.0
2488040-B,1,10,2,0.08534736931324005,84630.0,54273.0
2488040-B,1,10,3,0.06099525839090347,20080.0,47712.0
2488040-B,1,10,4,0.04916232079267502,15984.0,43616.0
2488040-B,1,10,5,0.02465411089360714,109206.0,37889.0
2488040-B,1,10,6,0.023945091292262077,88726.0,58369.0
2488040-B,1,10,7,0.020274270325899124,44656.0,31328.0
2488040-B,1,10,8,0.01965659111738205,117398.0,50177.0
2488040-B,1,10,9,0.013785292394459248,15984.0,35424.0
2488040-B,1,10,10,0.011888191103935242,20080.0,51808.0
25013189B4,1,3,1,0.5880091786384583,65504.0,59792.0
25013189B4,1,3,2,0.1713435798883438,73696.0,18832.0
25013189B4,1,3,3,0.07644696533679962,73696.0,22928.0
25013189B4,1,5,1,0.5880091786384583,65504.0,59792.0
25013189B4,1,5,2,0.1713435798883438,73696.0,18832.0
25013189B4,1,5,3,0.07644696533679962,73696.0,22928.0
25013189B4,1,5,4,0.03173716366291046,77792.0,55696.0
25013189B4,1,5,5,0.028440125286579132,15632.0,41488.0
25013189B4,1,10,1,0.5880091786384583,65504.0,59792.0
25013189B4,1,10,2,0.1713435798883438,73696.0,18832.0
25013189B4,1,10,3,0.07644696533679962,73696.0,22928.0
25013189B4,1,10,4,0.03173716366291046,77792.0,55696.0
25013189B4,1,10,5,0.028440125286579132,15632.0,41488.0
25013189B4,1,10,6,0.021726172417402267,77792.0,39312.0
25013189B4,1,10,7,0.016571294516324997,81888.0,18832.0
25013189B4,1,10,8,0.008153036236763,23824.0,57872.0
25013189B4,1,10,9,0.006074958480894566,69600.0,18832.0
25013189B4,1,10,10,0.004111499525606632,81888.0,31120.0
25014298B2,1,3,1,0.48264166712760925,89112.0,17920.0
25014298B2,1,3,2,0.14933785796165466,89112.0,13824.0
25014298B2,1,3,3,0.05911866948008537,85016.0,22016.0
25014298B2,1,5,1,0.48264166712760925,89112.0,17920.0
25014298B2,1,5,2,0.14933785796165466,89112.0,13824.0
25014298B2,1,5,3,0.05911866948008537,85016.0,22016.0
25014298B2,1,5,4,0.051870256662368774,28096.0,18624.0
25014298B2,1,5,5,0.037716880440711975,93208.0,17920.0
25014298B2,1,10,1,0.48264166712760925,89112.0,17920.0
25014298B2,1,10,2,0.14933785796165466,89112.0,13824.0
25014298B2,1,10,3,0.05911866948008537,85016.0,22016.0
25014298B2,1,10,4,0.051870256662368774,28096.0,18624.0
25014298B2,1,10,5,0.037716880440711975,93208.0,17920.0
25014298B2,1,10,6,0.036036908626556396,93208.0,22016.0
25014298B2,1,10,7,0.028294716030359268,24000.0,14528.0
25014298B2,1,10,8,0.019638322293758392,15808.0,10432.0
25014298B2,1,10,9,0.011584440246224403,7616.0,10432.0
25014298B2,1,10,10,0.010947939939796925,93208.0,26112.0
25015215B2,1,3,1,0.6234405040740967,102579.0,60704.0
25015215B2,1,3,2,0.16693103313446045,42640.0,52704.0
25015215B2,1,3,3,0.04725988209247589,42640.0,56800.0
25015215B2,1,5,1,0.6234405040740967,102579.0,60704.0
25015215B2,1,5,2,0.16693103313446045,42640.0,52704.0
25015215B2,1,5,3,0.04725988209247589,42640.0,56800.0
25015215B2,1,5,4,0.018549740314483643,38544.0,44512.0
25015215B2,1,5,5,0.015617718920111656,42640.0,48608.0
25015215B2,1,10,1,0.6234405040740967,102579.0,60704.0
25015215B2,1,10,2,0.16693103313446045,42640.0,52704.0
25015215B2,1,10,3,0.04725988209247589,42640.0,56800.0
25015215B2,1,10,4,0.018549740314483643,38544.0,44512.0
25015215B2,1,10,5,0.015617718920111656,42640.0,48608.0
25015215B2,1,10,6,0.015079493634402752,114867.0,56608.0
25015215B2,1,10,7,0.009296590462327003,102579.0,56608.0
25015215B2,1,10,8,0.008321138098835945,30352.0,64992.0
25015215B2,1,10,9,0.007363162934780121,110771.0,48416.0
25015215B2,1,10,10,0.0071838125586509705,110771.0,52512.0
25015471B,1,3,1,0.31725671887397766,117073.0,59664.0
25015471B,1,3,2,0.2077476978302002,129361.0,26896.0
25015471B,1,3,3,0.10747851431369781,129361.0,22800.0
25015471B,1,5,1,0.31725671887397766,117073.0,59664.0
25015471B,1,5,2,0.2077476978302002,129361.0,26896.0
25015471B,1,5,3,0.10747851431369781,129361.0,22800.0
25015471B,1,5,4,0.0467146672308445,104785.0,22800.0
25015471B,1,5,5,0.04267781972885132,100689.0,30992.0
25015471B,1,10,1,0.31725671887397766,117073.0,59664.0
25015471B,1,10,2,0.2077476978302002,129361.0,26896.0
25015471B,1,10,3,0.10747851431369781,129361.0,22800.0
25015471B,1,10,4,0.0467146672308445,104785.0,22800.0
25015471B,1,10,5,0.04267781972885132,100689.0,30992.0
25015471B,1,10,6,0.031582508236169815,104785.0,26896.0
25015471B,1,10,7,0.02997678518295288,104785.0,67856.0
25015471B,1,10,8,0.02975911647081375,129361.0,59664.0
25015471B,1,10,9,0.008031504228711128,125265.0,22800.0
25015471B,1,10,10,0.007992888800799847,45856.0,69041.0
25015496B,1,3,1,0.29825559258461,22400.0,28801.0
25015496B,1,3,2,0.17072148621082306,28448.0,17024.0
25015496B,1,3,3,0.11114862561225891,22400.0,32897.0
25015496B,1,5,1,0.29825559258461,22400.0,28801.0
25015496B,1,5,2,0.17072148621082306,28448.0,17024.0
25015496B,1,5,3,0.11114862561225891,22400.0,32897.0
25015496B,1,5,4,0.08386752009391785,30432.0,22897.0
25015496B,1,5,5,0.07494258880615234,32544.0,17024.0
25015496B,1,10,1,0.29825559258461,22400.0,28801.0
25015496B,1,10,2,0.17072148621082306,28448.0,17024.0
25015496B,1,10,3,0.11114862561225891,22400.0,32897.0
25015496B,1,10,4,0.08386752009391785,30432.0,22897.0
25015496B,1,10,5,0.07494258880615234,32544.0,17024.0
25015496B,1,10,6,0.05268429219722748,83777.0,32081.0
25015496B,1,10,7,0.038697659969329834,31440.0,30065.0
25015496B,1,10,8,0.02124194987118244,31440.0,25969.0
25015496B,1,10,9,0.02056475356221199,79681.0,36177.0
25015496B,1,10,10,0.01954469457268715,11936.0,26720.0
25015594B2,1,3,1,0.3944772481918335,28240.0,17729.0
25015594B2,1,3,2,0.23848897218704224,106272.0,19137.0
25015594B2,1,3,3,0.16160079836845398,36432.0,25921.0
25015594B2,1,5,1,0.3944772481918335,28240.0,17729.0
25015594B2,1,5,2,0.23848897218704224,106272.0,19137.0
25015594B2,1,5,3,0.16160079836845398,36432.0,25921.0
25015594B2,1,5,4,0.023840706795454025,40528.0,38209.0
25015594B2,1,5,5,0.017134640365839005,20048.0,42305.0
25015594B2,1,10,1,0.3944772481918335,28240.0,17729.0
25015594B2,1,10,2,0.23848897218704224,106272.0,19137.0
25015594B2,1,10,3,0.16160079836845398,36432.0,25921.0
25015594B2,1,10,4,0.023840706795454025,40528.0,38209.0
25015594B2,1,10,5,0.017134640365839005,20048.0,42305.0
25015594B2,1,10,6,0.017103830352425575,32336.0,30017.0
25015594B2,1,10,7,0.014883309602737427,20048.0,17729.0
25015594B2,1,10,8,0.012902848422527313,110368.0,23233.0
25015594B2,1,10,9,0.010580874979496002,40528.0,34113.0
25015594B2,1,10,10,0.01020447351038456,28240.0,21825.0
25015784B2,1,3,1,0.3454138934612274,20065.0,18976.0
25015784B2,1,3,2,0.13017067313194275,73673.0,24048.0
25015784B2,1,3,3,0.10786187648773193,15969.0,31264.0
25015784B2,1,5,1,0.3454138934612274,20065.0,18976.0
25015784B2,1,5,2,0.13017067313194275,73673.0,24048.0
25015784B2,1,5,3,0.10786187648773193,15969.0,31264.0
25015784B2,1,5,4,0.09849604219198227,15969.0,14880.0
25015784B2,1,5,5,0.0863347202539444,20065.0,31264.0
25015784B2,1,10,1,0.3454138934612274,20065.0,18976.0
25015784B2,1,10,2,0.13017067313194275,73673.0,24048.0
25015784B2,1,10,3,0.10786187648773193,15969.0,31264.0
25015784B2,1,10,4,0.09849604219198227,15969.0,14880.0
25015784B2,1,10,5,0.0863347202539444,20065.0,31264.0
25015784B2,1,10,6,0.03300388157367706,24161.0,18976.0
25015784B2,1,10,7,0.02960551530122757,20065.0,27168.0
25015784B2,1,10,8,0.026640264317393303,69577.0,32240.0
25015784B2,1,10,9,0.025075647979974747,24161.0,27168.0
25015784B2,1,10,10,0.021410636603832245,24161.0,23072.0
25015798B2,1,3,1,0.24011364579200745,19072.0,45120.0
25015798B2,1,3,2,0.1998094618320465,77313.0,12928.0
25015798B2,1,3,3,0.19212469458580017,14976.0,41024.0
25015798B2,1,5,1,0.24011364579200745,19072.0,45120.0
25015798B2,1,5,2,0.1998094618320465,77313.0,12928.0
25015798B2,1,5,3,0.19212469458580017,14976.0,41024.0
25015798B2,1,5,4,0.10541997849941254,77313.0,25216.0
25015798B2,1,5,5,0.0674639493227005,77313.0,29312.0
25015798B2,1,10,1,0.24011364579200745,19072.0,45120.0
25015798B2,1,10,2,0.1998094618320465,77313.0,12928.0
25015798B2,1,10,3,0.19212469458580017,14976.0,41024.0
25015798B2,1,10,4,0.10541997849941254,77313.0,25216.0
25015798B2,1,10,5,0.0674639493227005,77313.0,29312.0
25015798B2,1,10,6,0.03481476381421089,77313.0,8832.0
25015798B2,1,10,7,0.023635953664779663,81409.0,12928.0
25015798B2,1,10,8,0.023379124701023102,19072.0,41024.0
25015798B2,1,10,9,0.022027533501386642,10880.0,16448.0
25015798B2,1,10,10,0.01966105028986931,81409.0,37504.0
25017592B3,1,3,1,0.8702240586280823,77138.0,14753.0
25017592B3,1,3,2,0.03933185338973999,16048.0,26323.0
25017592B3,1,3,3,0.024290526285767555,32432.0,34515.0
25017592B3,1,5,1,0.8702240586280823,77138.0,14753.0
25017592B3,1,5,2,0.03933185338973999,16048.0,26323.0
25017592B3,1,5,3,0.024290526285767555,32432.0,34515.0
25017592B3,1,5,4,0.014249783009290695,20144.0,22227.0
25017592B3,1,5,5,0.005765875335782766,16048.0,46803.0
25017592B3,1,10,1,0.8702240586280823,77138.0,14753.0
25017592B3,1,10,2,0.03933185338973999,16048.0,26323.0
25017592B3,1,10,3,0.024290526285767555,32432.0,34515.0
25017592B3,1,10,4,0.014249783009290695,20144.0,22227.0
25017592B3,1,10,5,0.005765875335782766,16048.0,46803.0
25017592B3,1,10,6,0.0038370073307305574,81234.0,14753.0
25017592B3,1,10,7,0.003339840564876795,20144.0,26323.0
25017592B3,1,10,8,0.003105822019279003,89426.0,14753.0
25017592B3,1,10,9,0.0026963502168655396,73042.0,18849.0
25017592B3,1,10,10,0.002595533849671483,28336.0,34515.0
25019294B1,1,3,1,0.3704502582550049,11712.0,61108.0
25019294B1,1,3,2,0.14299276471138,59778.0,49748.0
25019294B1,1,3,3,0.12406738102436066,63874.0,45652.0
25019294B1,1,5,1,0.3704502582550049,11712.0,61108.0
25019294B1,1,5,2,0.14299276471138,59778.0,49748.0
25019294B1,1,5,3,0.12406738102436066,63874.0,45652.0
25019294B1,1,5,4,0.08474525809288025,15808.0,52916.0
25019294B1,1,5,5,0.08311434090137482,11712.0,44724.0
25019294B1,1,10,1,0.3704502582550049,11712.0,61108.0
25019294B1,1,10,2,0.14299276471138,59778.0,49748.0
25019294B1,1,10,3,0.12406738102436066,63874.0,45652.0
25019294B1,1,10,4,0.08474525809288025,15808.0,52916.0
25019294B1,1,10,5,0.08311434090137482,11712.0,44724.0
25019294B1,1,10,6,0.07396212220191956,15808.0,44724.0
25019294B1,1,10,7,0.02571147307753563,11712.0,40628.0
25019294B1,1,10,8,0.018362153321504593,11712.0,57012.0
25019294B1,1,10,9,0.014641804620623589,11712.0,52916.0
25019294B1,1,10,10,0.011263396590948105,15808.0,40628.0
25019474B2,1,3,1,0.13057421147823334,82517.0,31761.0
25019474B2,1,3,2,0.11392536014318466,82517.0,35857.0
25019474B2,1,3,3,0.0889948159456253,28208.0,34465.0
25019474B2,1,5,1,0.13057421147823334,82517.0,31761.0
25019474B2,1,5,2,0.11392536014318466,82517.0,35857.0
25019474B2,1,5,3,0.0889948159456253,28208.0,34465.0
25019474B2,1,5,4,0.07744154334068298,78421.0,39953.0
25019474B2,1,5,5,0.05965913087129593,86613.0,31761.0
25019474B2,1,10,1,0.13057421147823334,82517.0,31761.0
25019474B2,1,10,2,0.11392536014318466,82517.0,35857.0
25019474B2,1,10,3,0.0889948159456253,28208.0,34465.0
25019474B2,1,10,4,0.07744154334068298,78421.0,39953.0
25019474B2,1,10,5,0.05965913087129593,86613.0,31761.0
25019474B2,1,10,6,0.05257570743560791,78421.0,23569.0
25019474B2,1,10,7,0.05184951052069664,82517.0,27665.0
25019474B2,1,10,8,0.05103578418493271,90709.0,35857.0
25019474B2,1,10,9,0.032144542783498764,94805.0,35857.0
25019474B2,1,10,10,0.031095191836357117,98901.0,48145.0
25019503B,1,3,1,0.6469276547431946,132178.0,27521.0
25019503B,1,3,2,0.0975039005279541,70241.0,41169.0
25019503B,1,3,3,0.05333083122968674,70241.0,20689.0
25019503B,1,5,1,0.6469276547431946,132178.0,27521.0
25019503B,1,5,2,0.0975039005279541,70241.0,41169.0
25019503B,1,5,3,0.05333083122968674,70241.0,20689.0
25019503B,1,5,4,0.02952457033097744,123986.0,35713.0
25019503B,1,5,5,0.028384752571582794,123986.0,39809.0
25019503B,1,10,1,0.6469276547431946,132178.0,27521.0
25019503B,1,10,2,0.0975039005279541,70241.0,41169.0
25019503B,1,10,3,0.05333083122968674,70241.0,20689.0
25019503B,1,10,4,0.02952457033097744,123986.0,35713.0
25019503B,1,10,5,0.028384752571582794,123986.0,39809.0
25019503B,1,10,6,0.018813133239746094,136274.0,35713.0
25019503B,1,10,7,0.01499197632074356,119890.0,43905.0
25019503B,1,10,8,0.013300744816660881,119890.0,23425.0
25019503B,1,10,9,0.010971620678901672,119890.0,19329.0
25019503B,1,10,10,0.010097717866301537,128082.0,39809.0
25019629B2,1,3,1,0.6640677452087402,40912.0,15713.0
25019629B2,1,3,2,0.04530797153711319,40912.0,44385.0
25019629B2,1,3,3,0.0362015962600708,104947.0,10560.0
25019629B2,1,5,1,0.6640677452087402,40912.0,15713.0
25019629B2,1,5,2,0.04530797153711319,40912.0,44385.0
25019629B2,1,5,3,0.0362015962600708,104947.0,10560.0
25019629B2,1,5,4,0.02712608315050602,36816.0,28001.0
25019629B2,1,5,5,0.027113791555166245,100851.0,18752.0
25019629B2,1,10,1,0.6640677452087402,40912.0,15713.0
25019629B2,1,10,2,0.04530797153711319,40912.0,44385.0
25019629B2,1,10,3,0.0362015962600708,104947.0,10560.0
25019629B2,1,10,4,0.02712608315050602,36816.0,28001.0
25019629B2,1,10,5,0.027113791555166245,100851.0,18752.0
25019629B2,1,10,6,0.021695537492632866,40912.0,23905.0
25019629B2,1,10,7,0.02037675678730011,100851.0,10560.0
25019629B2,1,10,8,0.017124144360423088,104947.0,14656.0
25019629B2,1,10,9,0.013041356578469276,28624.0,28001.0
25019629B2,1,10,10,0.010854877531528473,104947.0,55616.0
25021421B2,1,3,1,0.34606271982192993,24048.0,35408.0
25021421B2,1,3,2,0.07175003737211227,119537.0,45904.0
25021421B2,1,3,3,0.06256001442670822,28144.0,43600.0
25021421B2,1,5,1,0.34606271982192993,24048.0,35408.0
25021421B2,1,5,2,0.07175003737211227,119537.0,45904.0
25021421B2,1,5,3,0.06256001442670822,28144.0,43600.0
25021421B2,1,5,4,0.049624327570199966,24048.0,31312.0
25021421B2,1,5,5,0.0423656590282917,36336.0,31312.0
25021421B2,1,10,1,0.34606271982192993,24048.0,35408.0
25021421B2,1,10,2,0.07175003737211227,119537.0,45904.0
25021421B2,1,10,3,0.06256001442670822,28144.0,43600.0
25021421B2,1,10,4,0.049624327570199966,24048.0,31312.0
25021421B2,1,10,5,0.0423656590282917,36336.0,31312.0
25021421B2,1,10,6,0.031471606343984604,36336.0,23120.0
25021421B2,1,10,7,0.030470168218016624,103153.0,29520.0
25021421B2,1,10,8,0.02960021048784256,107249.0,33616.0
25021421B2,1,10,9,0.025459863245487213,32240.0,35408.0
25021421B2,1,10,10,0.019501540809869766,115441.0,29520.0
25021555B2,1,3,1,0.2584225535392761,11744.0,34322.0
25021555B2,1,3,2,0.22195550799369812,7648.0,26130.0
25021555B2,1,3,3,0.12195363640785217,7648.0,22034.0
25021555B2,1,5,1,0.2584225535392761,11744.0,34322.0
25021555B2,1,5,2,0.22195550799369812,7648.0,26130.0
25021555B2,1,5,3,0.12195363640785217,7648.0,22034.0
25021555B2,1,5,4,0.09957221150398254,7648.0,17938.0
25021555B2,1,5,5,0.07058858871459961,79584.0,31169.0
25021555B2,1,10,1,0.2584225535392761,11744.0,34322.0
25021555B2,1,10,2,0.22195550799369812,7648.0,26130.0
25021555B2,1,10,3,0.12195363640785217,7648.0,22034.0
25021555B2,1,10,4,0.09957221150398254,7648.0,17938.0
25021555B2,1,10,5,0.07058858871459961,79584.0,31169.0
25021555B2,1,10,6,0.05158780515193939,11744.0,30226.0
25021555B2,1,10,7,0.03686739504337311,75488.0,18881.0
25021555B2,1,10,8,0.03108944371342659,75488.0,22977.0
25021555B2,1,10,9,0.017444446682929993,7648.0,30226.0
25021555B2,1,10,10,0.015969399362802505,19936.0,42514.0
25021665B3,1,3,1,0.37542229890823364,106354.0,21666.0
25021665B3,1,3,2,0.14868536591529846,110450.0,25762.0
25021665B3,1,3,3,0.10763788223266602,94066.0,33954.0
25021665B3,1,5,1,0.37542229890823364,106354.0,21666.0
25021665B3,1,5,2,0.14868536591529846,110450.0,25762.0
25021665B3,1,5,3,0.10763788223266602,94066.0,33954.0
25021665B3,1,5,4,0.07882487028837204,98162.0,25762.0
25021665B3,1,5,5,0.031737156212329865,32576.0,25955.0
25021665B3,1,10,1,0.37542229890823364,106354.0,21666.0
25021665B3,1,10,2,0.14868536591529846,110450.0,25762.0
25021665B3,1,10,3,0.10763788223266602,94066.0,33954.0
25021665B3,1,10,4,0.07882487028837204,98162.0,25762.0
25021665B3,1,10,5,0.031737156212329865,32576.0,25955.0
25021665B3,1,10,6,0.02570100873708725,20288.0,34147.0
25021665B3,1,10,7,0.021727759391069412,99906.0,65752.0
25021665B3,1,10,8,0.02056015282869339,98162.0,38050.0
25021665B3,1,10,9,0.01966129243373871,36672.0,30051.0
25021665B3,1,10,10,0.019105974584817886,102258.0,25762.0
25021890B4,1,3,1,0.4034803509712219,23952.0,55666.0
25021890B4,1,3,2,0.11831499636173248,28048.0,31090.0
25021890B4,1,3,3,0.09629907459020615,23952.0,22898.0
25021890B4,1,5,1,0.4034803509712219,23952.0,55666.0
25021890B4,1,5,2,0.11831499636173248,28048.0,31090.0
25021890B4,1,5,3,0.09629907459020615,23952.0,22898.0
25021890B4,1,5,4,0.09598097205162048,87524.0,47665.0
25021890B4,1,5,5,0.08984652906656265,28048.0,26994.0
25021890B4,1,10,1,0.4034803509712219,23952.0,55666.0
25021890B4,1,10,2,0.11831499636173248,28048.0,31090.0
25021890B4,1,10,3,0.09629907459020615,23952.0,22898.0
25021890B4,1,10,4,0.09598097205162048,87524.0,47665.0
25021890B4,1,10,5,0.08984652906656265,28048.0,26994.0
25021890B4,1,10,6,0.06577575206756592,83428.0,47665.0
25021890B4,1,10,7,0.017139948904514313,71140.0,10801.0
25021890B4,1,10,8,0.015383427031338215,23952.0,26994.0
25021890B4,1,10,9,0.013886958360671997,11664.0,22898.0
25021890B4,1,10,10,0.006130335386842489,83428.0,43569.0
25022344B2,1,3,1,0.10718898475170135,92982.0,54528.0
25022344B2,1,3,2,0.078118696808815,125750.0,62720.0
25022344B2,1,3,3,0.07650710642337799,133942.0,29952.0
25022344B2,1,5,1,0.10718898475170135,92982.0,54528.0
25022344B2,1,5,2,0.078118696808815,125750.0,62720.0
25022344B2,1,5,3,0.07650710642337799,133942.0,29952.0
25022344B2,1,5,4,0.0712318941950798,92982.0,58624.0
25022344B2,1,5,5,0.059199802577495575,105270.0,58624.0
25022344B2,1,10,1,0.10718898475170135,92982.0,54528.0
25022344B2,1,10,2,0.078118696808815,125750.0,62720.0
25022344B2,1,10,3,0.07650710642337799,133942.0,29952.0
25022344B2,1,10,4,0.0712318941950798,92982.0,58624.0
25022344B2,1,10,5,0.059199802577495575,105270.0,58624.0
25022344B2,1,10,6,0.050416212528944016,84790.0,25856.0
25022344B2,1,10,7,0.04000210762023926,117558.0,21760.0
25022344B2,1,10,8,0.01964840106666088,97078.0,9472.0
25022344B2,1,10,9,0.019207771867513657,117558.0,46336.0
25022344B2,1,10,10,0.018817847594618797,117558.0,34048.0
25024433B2,1,3,1,0.19758805632591248,19920.0,33570.0
25024433B2,1,3,2,0.15971121191978455,87203.0,40787.0
25024433B2,1,3,3,0.1234184205532074,11728.0,41762.0
25024433B2,1,5,1,0.19758805632591248,19920.0,33570.0
25024433B2,1,5,2,0.15971121191978455,87203.0,40787.0
25024433B2,1,5,3,0.1234184205532074,11728.0,41762.0
25024433B2,1,5,4,0.11867257952690125,91299.0,32595.0
25024433B2,1,5,5,0.08211784064769745,83107.0,32595.0
25024433B2,1,10,1,0.19758805632591248,19920.0,33570.0
25024433B2,1,10,2,0.15971121191978455,87203.0,40787.0
25024433B2,1,10,3,0.1234184205532074,11728.0,41762.0
25024433B2,1,10,4,0.11867257952690125,91299.0,32595.0
25024433B2,1,10,5,0.08211784064769745,83107.0,32595.0
25024433B2,1,10,6,0.054913558065891266,28112.0,33570.0
25024433B2,1,10,7,0.04663535952568054,24016.0,37666.0
25024433B2,1,10,8,0.037919413298368454,87203.0,53075.0
25024433B2,1,10,9,0.022247614338994026,24016.0,33570.0
25024433B2,1,10,10,0.01945820078253746,91299.0,48979.0
25024765B2,1,3,1,0.10345207154750824,49040.0,23376.0
25024765B2,1,3,2,0.07133875042200089,106384.0,43856.0
25024765B2,1,3,3,0.05668535828590393,57232.0,35664.0
25024765B2,1,5,1,0.10345207154750824,49040.0,23376.0
25024765B2,1,5,2,0.07133875042200089,106384.0,43856.0
25024765B2,1,5,3,0.05668535828590393,57232.0,35664.0
25024765B2,1,5,4,0.04636305198073387,122768.0,35664.0
25024765B2,1,5,5,0.04621158912777901,53136.0,52048.0
25024765B2,1,10,1,0.10345207154750824,49040.0,23376.0
25024765B2,1,10,2,0.07133875042200089,106384.0,43856.0
25024765B2,1,10,3,0.05668535828590393,57232.0,35664.0
25024765B2,1,10,4,0.04636305198073387,122768.0,35664.0
25024765B2,1,10,5,0.04621158912777901,53136.0,52048.0
25024765B2,1,10,6,0.043066006153821945,53136.0,27472.0
25024765B2,1,10,7,0.02396419271826744,24464.0,47952.0
25024765B2,1,10,8,0.02296365052461624,36752.0,35664.0
25024765B2,1,10,9,0.020136116072535515,114576.0,56144.0
25024765B2,1,10,10,0.01791408285498619,57232.0,43856.0
25024875B2,1,3,1,0.3187984228134155,32257.0,53824.0
25024875B2,1,3,2,0.21363793313503265,28161.0,57920.0
25024875B2,1,3,3,0.08004005253314972,24065.0,53824.0
25024875B2,1,5,1,0.3187984228134155,32257.0,53824.0
25024875B2,1,5,2,0.21363793313503265,28161.0,57920.0
25024875B2,1,5,3,0.08004005253314972,24065.0,53824.0
25024875B2,1,5,4,0.0798083245754242,24065.0,49728.0
25024875B2,1,5,5,0.07438164204359055,32257.0,57920.0
25024875B2,1,10,1,0.3187984228134155,32257.0,53824.0
25024875B2,1,10,2,0.21363793313503265,28161.0,57920.0
25024875B2,1,10,3,0.08004005253314972,24065.0,53824.0
25024875B2,1,10,4,0.0798083245754242,24065.0,49728.0
25024875B2,1,10,5,0.07438164204359055,32257.0,57920.0
25024875B2,1,10,6,0.05942054092884064,36353.0,49728.0
25024875B2,1,10,7,0.03940074145793915,28161.0,53824.0
25024875B2,1,10,8,0.033676695078611374,28161.0,49728.0
25024875B2,1,10,9,0.02965618297457695,11777.0,57920.0
25024875B2,1,10,10,0.02277592197060585,24065.0,57920.0
25025616B,1,3,1,0.2857072651386261,84952.0,23153.0
25025616B,1,3,2,0.07973736524581909,84952.0,27249.0
25025616B,1,3,3,0.0625927671790123,89048.0,23153.0
25025616B,1,5,1,0.2857072651386261,84952.0,23153.0
25025616B,1,5,2,0.07973736524581909,84952.0,27249.0
25025616B,1,5,3,0.0625927671790123,89048.0,23153.0
25025616B,1,5,4,0.057157836854457855,84952.0,19057.0
25025616B,1,5,5,0.04408056288957596,89048.0,19057.0
25025616B,1,10,1,0.2857072651386261,84952.0,23153.0
25025616B,1,10,2,0.07973736524581909,84952.0,27249.0
25025616B,1,10,3,0.0625927671790123,89048.0,23153.0
25025616B,1,10,4,0.057157836854457855,84952.0,19057.0
25025616B,1,10,5,0.04408056288957596,89048.0,19057.0
25025616B,1,10,6,0.04023655503988266,24177.0,33713.0
25025616B,1,10,7,0.036340564489364624,80856.0,31345.0
25025616B,1,10,8,0.029635664075613022,24177.0,46001.0
25025616B,1,10,9,0.022439777851104736,84952.0,31345.0
25025616B,1,10,10,0.022218139842152596,76760.0,39537.0
25025951B,1,3,1,0.39434415102005005,24080.0,59552.0
25025951B,1,3,2,0.12154529988765717,19984.0,55456.0
25025951B,1,3,3,0.07074041664600372,98112.0,32144.0
25025951B,1,5,1,0.39434415102005005,24080.0,59552.0
25025951B,1,5,2,0.12154529988765717,19984.0,55456.0
25025951B,1,5,3,0.07074041664600372,98112.0,32144.0
25025951B,1,5,4,0.05332605168223381,40464.0,63648.0
25025951B,1,5,5,0.0369236022233963,36368.0,55456.0
25025951B,1,10,1,0.39434415102005005,24080.0,59552.0
25025951B,1,10,2,0.12154529988765717,19984.0,55456.0
25025951B,1,10,3,0.07074041664600372,98112.0,32144.0
25025951B,1,10,4,0.05332605168223381,40464.0,63648.0
25025951B,1,10,5,0.0369236022233963,36368.0,55456.0
25025951B,1,10,6,0.026119181886315346,110400.0,40336.0
25025951B,1,10,7,0.02144218049943447,40464.0,39072.0
25025951B,1,10,8,0.018952712416648865,110400.0,44432.0
25025951B,1,10,9,0.014407938346266747,110400.0,32144.0
25025951B,1,10,10,0.014052296057343483,106304.0,60816.0
25026103B2,1,3,1,0.30116036534309387,116695.0,31136.0
25026103B2,1,3,2,0.2213398665189743,124887.0,35232.0
25026103B2,1,3,3,0.18772459030151367,36384.0,27520.0
25026103B2,1,5,1,0.30116036534309387,116695.0,31136.0
25026103B2,1,5,2,0.2213398665189743,124887.0,35232.0
25026103B2,1,5,3,0.18772459030151367,36384.0,27520.0
25026103B2,1,5,4,0.035817403346300125,104407.0,22944.0
25026103B2,1,5,5,0.02182082273066044,120791.0,31136.0
25026103B2,1,10,1,0.30116036534309387,116695.0,31136.0
25026103B2,1,10,2,0.2213398665189743,124887.0,35232.0
25026103B2,1,10,3,0.18772459030151367,36384.0,27520.0
25026103B2,1,10,4,0.035817403346300125,104407.0,22944.0
25026103B2,1,10,5,0.02182082273066044,120791.0,31136.0
25026103B2,1,10,6,0.017030540853738785,112599.0,31136.0
25026103B2,1,10,7,0.016102220863103867,40480.0,27520.0
25026103B2,1,10,8,0.015500448644161224,48672.0,48000.0
25026103B2,1,10,9,0.015275340527296066,40480.0,52096.0
25026103B2,1,10,10,0.013313939794898033,120791.0,22944.0
25026144B3,1,3,1,0.5333772897720337,92999.0,65568.0
25026144B3,1,3,2,0.08037406206130981,84807.0,45088.0
25026144B3,1,3,3,0.07575563341379166,80711.0,40992.0
25026144B3,1,5,1,0.5333772897720337,92999.0,65568.0
25026144B3,1,5,2,0.08037406206130981,84807.0,45088.0
25026144B3,1,5,3,0.07575563341379166,80711.0,40992.0
25026144B3,1,5,4,0.07574920356273651,23984.0,53008.0
25026144B3,1,5,5,0.03609779477119446,88903.0,32800.0
25026144B3,1,10,1,0.5333772897720337,92999.0,65568.0
25026144B3,1,10,2,0.08037406206130981,84807.0,45088.0
25026144B3,1,10,3,0.07575563341379166,80711.0,40992.0
25026144B3,1,10,4,0.07574920356273651,23984.0,53008.0
25026144B3,1,10,5,0.03609779477119446,88903.0,32800.0
25026144B3,1,10,6,0.01738041266798973,84807.0,40992.0
25026144B3,1,10,7,0.0171491838991642,88903.0,36896.0
25026144B3,1,10,8,0.014010226354002953,84807.0,49184.0
25026144B3,1,10,9,0.014003124088048935,88903.0,65568.0
25026144B3,1,10,10,0.012590201571583748,15792.0,53008.0
25026509B,1,3,1,0.38409924507141113,16272.0,30257.0
25026509B,1,3,2,0.26506686210632324,114498.0,18785.0
25026509B,1,3,3,0.09474107623100281,102210.0,10593.0
25026509B,1,5,1,0.38409924507141113,16272.0,30257.0
25026509B,1,5,2,0.26506686210632324,114498.0,18785.0
25026509B,1,5,3,0.09474107623100281,102210.0,10593.0
25026509B,1,5,4,0.05448189750313759,106306.0,10593.0
25026509B,1,5,5,0.047001034021377563,36752.0,30257.0
25026509B,1,10,1,0.38409924507141113,16272.0,30257.0
25026509B,1,10,2,0.26506686210632324,114498.0,18785.0
25026509B,1,10,3,0.09474107623100281,102210.0,10593.0
25026509B,1,10,4,0.05448189750313759,106306.0,10593.0
25026509B,1,10,5,0.047001034021377563,36752.0,30257.0
25026509B,1,10,6,0.0207819901406765,89922.0,26977.0
25026509B,1,10,7,0.018562624230980873,24464.0,17969.0
25026509B,1,10,8,0.016519345343112946,110402.0,31073.0
25026509B,1,10,9,0.009366942569613457,94018.0,14689.0
25026509B,1,10,10,0.008556214161217213,36752.0,13873.0
25026752B,1,3,1,0.4434279501438141,28672.0,47600.0
25026752B,1,3,2,0.13539327681064606,32768.0,14832.0
25026752B,1,3,3,0.07428343594074249,16384.0,10736.0
25026752B,1,5,1,0.4434279501438141,28672.0,47600.0
25026752B,1,5,2,0.13539327681064606,32768.0,14832.0
25026752B,1,5,3,0.07428343594074249,16384.0,10736.0
25026752B,1,5,4,0.041992396116256714,83636.0,14368.0
25026752B,1,5,5,0.02943325787782669,36864.0,39408.0
25026752B,1,10,1,0.4434279501438141,28672.0,47600.0
25026752B,1,10,2,0.13539327681064606,32768.0,14832.0
25026752B,1,10,3,0.07428343594074249,16384.0,10736.0
25026752B,1,10,4,0.041992396116256714,83636.0,14368.0
25026752B,1,10,5,0.02943325787782669,36864.0,39408.0
25026752B,1,10,6,0.024077797308564186,71348.0,22560.0
25026752B,1,10,7,0.022179102525115013,87732.0,18464.0
25026752B,1,10,8,0.016247214749455452,32768.0,43504.0
25026752B,1,10,9,0.013575433753430843,87732.0,14368.0
25026752B,1,10,10,0.013185663148760796,12288.0,14832.0
25026797B2,1,3,1,0.4599856436252594,92534.0,44577.0
25026797B2,1,3,2,0.20886456966400146,22337.0,53042.0
25026797B2,1,3,3,0.09064129739999771,88438.0,48673.0
25026797B2,1,5,1,0.4599856436252594,92534.0,44577.0
25026797B2,1,5,2,0.20886456966400146,22337.0,53042.0
25026797B2,1,5,3,0.09064129739999771,88438.0,48673.0
25026797B2,1,5,4,0.04097383841872215,26433.0,53042.0
25026797B2,1,5,5,0.030254708603024483,30529.0,57138.0
25026797B2,1,10,1,0.4599856436252594,92534.0,44577.0
25026797B2,1,10,2,0.20886456966400146,22337.0,53042.0
25026797B2,1,10,3,0.09064129739999771,88438.0,48673.0
25026797B2,1,10,4,0.04097383841872215,26433.0,53042.0
25026797B2,1,10,5,0.030254708603024483,30529.0,57138.0
25026797B2,1,10,6,0.026597721502184868,30529.0,53042.0
25026797B2,1,10,7,0.020798994228243828,96630.0,48673.0
25026797B2,1,10,8,0.018831918016076088,26433.0,48946.0
25026797B2,1,10,9,0.015702392905950546,96630.0,52769.0
25026797B2,1,10,10,0.012479912489652634,96630.0,44577.0
25027181B5,1,3,1,0.20411914587020874,124512.0,58880.0
25027181B5,1,3,2,0.15695783495903015,124512.0,62976.0
25027181B5,1,3,3,0.14830459654331207,128608.0,58880.0
25027181B5,1,5,1,0.20411914587020874,124512.0,58880.0
25027181B5,1,5,2,0.15695783495903015,124512.0,62976.0
25027181B5,1,5,3,0.14830459654331207,128608.0,58880.0
25027181B5,1,5,4,0.06731921434402466,128608.0,62976.0
25027181B5,1,5,5,0.03834562003612518,120416.0,26112.0
25027181B5,1,10,1,0.20411914587020874,124512.0,58880.0
25027181B5,1,10,2,0.15695783495903015,124512.0,62976.0
25027181B5,1,10,3,0.14830459654331207,128608.0,58880.0
25027181B5,1,10,4,0.06731921434402466,128608.0,62976.0
25027181B5,1,10,5,0.03834562003612518,120416.0,26112.0
25027181B5,1,10,6,0.03420232981443405,120416.0,42496.0
25027181B5,1,10,7,0.028617065399885178,128608.0,54784.0
25027181B5,1,10,8,0.025688055902719498,124512.0,67072.0
25027181B5,1,10,9,0.025316957384347916,44560.0,44592.0
25027181B5,1,10,10,0.0188764538615942,44560.0,56880.0
25002510B2,1,3,1,0.4049907922744751,49057.0,48467.0
25002510B2,1,3,2,0.402532696723938,19664.0,30625.0
25002510B2,1,3,3,0.07986762374639511,49057.0,44371.0
25002510B2,1,5,1,0.4049907922744751,49057.0,48467.0
25002510B2,1,5,2,0.402532696723938,19664.0,30625.0
25002510B2,1,5,3,0.07986762374639511,49057.0,44371.0
25002510B2,1,5,4,0.03022594377398491,27856.0,26529.0
25002510B2,1,5,5,0.020040445029735565,118133.0,48659.0
25002510B2,1,10,1,0.4049907922744751,49057.0,48467.0
25002510B2,1,10,2,0.402532696723938,19664.0,30625.0
25002510B2,1,10,3,0.07986762374639511,49057.0,44371.0
25002510B2,1,10,4,0.03022594377398491,27856.0,26529.0
25002510B2,1,10,5,0.020040445029735565,118133.0,48659.0
25002510B2,1,10,6,0.013297976925969124,36769.0,52563.0
25002510B2,1,10,7,0.010771108791232109,105845.0,48659.0
25002510B2,1,10,8,0.004102889448404312,114820.0,65045.0
25002510B2,1,10,9,0.003624875098466873,44961.0,52563.0
25002510B2,1,10,10,0.0033697164617478848,98436.0,56853.0
25027606B3,1,3,1,0.2830966114997864,90552.0,40945.0
25027606B3,1,3,2,0.22423002123832703,23457.0,39088.0
25027606B3,1,3,3,0.13653075695037842,27553.0,39088.0
25027606B3,1,5,1,0.2830966114997864,90552.0,40945.0
25027606B3,1,5,2,0.22423002123832703,23457.0,39088.0
25027606B3,1,5,3,0.13653075695037842,27553.0,39088.0
25027606B3,1,5,4,0.12787459790706635,31649.0,30896.0
25027606B3,1,5,5,0.05840553715825081,19361.0,43184.0
25027606B3,1,10,1,0.2830966114997864,90552.0,40945.0
25027606B3,1,10,2,0.22423002123832703,23457.0,39088.0
25027606B3,1,10,3,0.13653075695037842,27553.0,39088.0
25027606B3,1,10,4,0.12787459790706635,31649.0,30896.0
25027606B3,1,10,5,0.05840553715825081,19361.0,43184.0
25027606B3,1,10,6,0.023244701325893402,23457.0,47280.0
25027606B3,1,10,7,0.0213472917675972,78264.0,49137.0
25027606B3,1,10,8,0.012063629925251007,90552.0,36849.0
25027606B3,1,10,9,0.009584426879882812,86456.0,49137.0
25027606B3,1,10,10,0.008298827335238457,78264.0,53233.0
25028014B5,1,3,1,0.30729201436042786,19968.0,45681.0
25028014B5,1,3,2,0.13964331150054932,89637.0,35120.0
25028014B5,1,3,3,0.07296524941921234,101925.0,18736.0
25028014B5,1,5,1,0.30729201436042786,19968.0,45681.0
25028014B5,1,5,2,0.13964331150054932,89637.0,35120.0
25028014B5,1,5,3,0.07296524941921234,101925.0,18736.0
25028014B5,1,5,4,0.05913960933685303,106021.0,22832.0
25028014B5,1,5,5,0.05579452961683273,106021.0,26928.0
25028014B5,1,10,1,0.30729201436042786,19968.0,45681.0
25028014B5,1,10,2,0.13964331150054932,89637.0,35120.0
25028014B5,1,10,3,0.07296524941921234,101925.0,18736.0
25028014B5,1,10,4,0.05913960933685303,106021.0,22832.0
25028014B5,1,10,5,0.05579452961683273,106021.0,26928.0
25028014B5,1,10,6,0.0380503386259079,101925.0,14640.0
25028014B5,1,10,7,0.02733297273516655,36352.0,29297.0
25028014B5,1,10,8,0.022510571405291557,97829.0,18736.0
25028014B5,1,10,9,0.021841954439878464,106021.0,31024.0
25028014B5,1,10,10,0.020439159125089645,97829.0,35120.0
25029560B2,1,3,1,0.5406588315963745,83703.0,29555.0
25029560B2,1,3,2,0.13185308873653412,71415.0,21363.0
25029560B2,1,3,3,0.12194953858852386,23968.0,15362.0
25029560B2,1,5,1,0.5406588315963745,83703.0,29555.0
25029560B2,1,5,2,0.13185308873653412,71415.0,21363.0
25029560B2,1,5,3,0.12194953858852386,23968.0,15362.0
25029560B2,1,5,4,0.06264723092317581,79607.0,29555.0
25029560B2,1,5,5,0.03925134614109993,83703.0,21363.0
25029560B2,1,10,1,0.5406588315963745,83703.0,29555.0
25029560B2,1,10,2,0.13185308873653412,71415.0,21363.0
25029560B2,1,10,3,0.12194953858852386,23968.0,15362.0
25029560B2,1,10,4,0.06264723092317581,79607.0,29555.0
25029560B2,1,10,5,0.03925134614109993,83703.0,21363.0
25029560B2,1,10,6,0.029061846435070038,83703.0,25459.0
25029560B2,1,10,7,0.010976588353514671,19872.0,27650.0
25029560B2,1,10,8,0.008205825462937355,75511.0,29555.0
25029560B2,1,10,9,0.006867156829684973,83703.0,9075.0
25029560B2,1,10,10,0.00488625280559063,7584.0,15362.0
25029906B2,1,3,1,0.17416249215602875,20032.0,46642.0
25029906B2,1,3,2,0.10174717009067535,89315.0,48369.0
25029906B2,1,3,3,0.08752860128879547,89315.0,44273.0
25029906B2,1,5,1,0.17416249215602875,20032.0,46642.0
25029906B2,1,5,2,0.10174717009067535,89315.0,48369.0
25029906B2,1,5,3,0.08752860128879547,89315.0,44273.0
25029906B2,1,5,4,0.07584578543901443,97507.0,48369.0
25029906B2,1,5,5,0.07029569894075394,101603.0,40177.0
25029906B2,1,10,1,0.17416249215602875,20032.0,46642.0
25029906B2,1,10,2,0.10174717009067535,89315.0,48369.0
25029906B2,1,10,3,0.08752860128879547,89315.0,44273.0
25029906B2,1,10,4,0.07584578543901443,97507.0,48369.0
25029906B2,1,10,5,0.07029569894075394,101603.0,40177.0
25029906B2,1,10,6,0.05378071218729019,93411.0,52465.0
25029906B2,1,10,7,0.05075349658727646,101603.0,36081.0
25029906B2,1,10,8,0.03340524807572365,93411.0,36081.0
25029906B2,1,10,9,0.03206417337059975,97507.0,27889.0
25029906B2,1,10,10,0.025347061455249786,89315.0,60657.0
25031271B2,1,3,1,0.4045620560646057,28800.0,38432.0
25031271B2,1,3,2,0.23551568388938904,28800.0,34336.0
25031271B2,1,3,3,0.2196657359600067,24704.0,38432.0
25031271B2,1,5,1,0.4045620560646057,28800.0,38432.0
25031271B2,1,5,2,0.23551568388938904,28800.0,34336.0
25031271B2,1,5,3,0.2196657359600067,24704.0,38432.0
25031271B2,1,5,4,0.023098452016711235,36992.0,22048.0
25031271B2,1,5,5,0.015250634402036667,97719.0,33856.0
25031271B2,1,10,1,0.4045620560646057,28800.0,38432.0
25031271B2,1,10,2,0.23551568388938904,28800.0,34336.0
25031271B2,1,10,3,0.2196657359600067,24704.0,38432.0
25031271B2,1,10,4,0.023098452016711235,36992.0,22048.0
25031271B2,1,10,5,0.015250634402036667,97719.0,33856.0
25031271B2,1,10,6,0.008286377415060997,93623.0,29760.0
25031271B2,1,10,7,0.007366513833403587,101815.0,37952.0
25031271B2,1,10,8,0.00518294470384717,24704.0,46624.0
25031271B2,1,10,9,0.00457198778167367,77239.0,46144.0
25031271B2,1,10,10,0.00437917048111558,32896.0,42528.0
25032146B2,1,3,1,0.5602723956108093,7744.0,11026.0
25032146B2,1,3,2,0.11287689954042435,63444.0,23459.0
25032146B2,1,3,3,0.11174783855676651,11840.0,19218.0
25032146B2,1,5,1,0.5602723956108093,7744.0,11026.0
25032146B2,1,5,2,0.11287689954042435,63444.0,23459.0
25032146B2,1,5,3,0.11174783855676651,11840.0,19218.0
25032146B2,1,5,4,0.07006315886974335,59348.0,15267.0
25032146B2,1,5,5,0.0351872593164444,67540.0,23459.0
25032146B2,1,10,1,0.5602723956108093,7744.0,11026.0
25032146B2,1,10,2,0.11287689954042435,63444.0,23459.0
25032146B2,1,10,3,0.11174783855676651,11840.0,19218.0
25032146B2,1,10,4,0.07006315886974335,59348.0,15267.0
25032146B2,1,10,5,0.0351872593164444,67540.0,23459.0
25032146B2,1,10,6,0.03031688928604126,59348.0,11171.0
25032146B2,1,10,7,0.020673703402280807,7744.0,15122.0
25032146B2,1,10,8,0.014795472845435143,7744.0,19218.0
25032146B2,1,10,9,0.011264084838330746,15936.0,19218.0
25032146B2,1,10,10,0.007275913842022419,63444.0,11171.0
25033211B,1,3,1,0.3703673481941223,12064.0,49074.0
25033211B,1,3,2,0.242264986038208,16160.0,53170.0
25033211B,1,3,3,0.06930509209632874,92913.0,52786.0
25033211B,1,5,1,0.3703673481941223,12064.0,49074.0
25033211B,1,5,2,0.242264986038208,16160.0,53170.0
25033211B,1,5,3,0.06930509209632874,92913.0,52786.0
25033211B,1,5,4,0.06892161816358566,113393.0,52786.0
25033211B,1,5,5,0.03833698481321335,92913.0,60978.0
25033211B,1,10,1,0.3703673481941223,12064.0,49074.0
25033211B,1,10,2,0.242264986038208,16160.0,53170.0
25033211B,1,10,3,0.06930509209632874,92913.0,52786.0
25033211B,1,10,4,0.06892161816358566,113393.0,52786.0
25033211B,1,10,5,0.03833698481321335,92913.0,60978.0
25033211B,1,10,6,0.02386099100112915,92913.0,44594.0
25033211B,1,10,7,0.013808446936309338,24352.0,53170.0
25033211B,1,10,8,0.010077910497784615,28448.0,40882.0
25033211B,1,10,9,0.009485366754233837,92913.0,48690.0
25033211B,1,10,10,0.008722197264432907,32544.0,36786.0
25033482B2,1,3,1,0.3091742992401123,11632.0,40419.0
25033482B2,1,3,2,0.19096505641937256,15728.0,44515.0
25033482B2,1,3,3,0.14263547956943512,85877.0,42529.0
25033482B2,1,5,1,0.3091742992401123,11632.0,40419.0
25033482B2,1,5,2,0.19096505641937256,15728.0,44515.0
25033482B2,1,5,3,0.14263547956943512,85877.0,42529.0
25033482B2,1,5,4,0.08684439957141876,89973.0,42529.0
25033482B2,1,5,5,0.0725218802690506,11632.0,60899.0
25033482B2,1,10,1,0.3091742992401123,11632.0,40419.0
25033482B2,1,10,2,0.19096505641937256,15728.0,44515.0
25033482B2,1,10,3,0.14263547956943512,85877.0,42529.0
25033482B2,1,10,4,0.08684439957141876,89973.0,42529.0
25033482B2,1,10,5,0.0725218802690506,11632.0,60899.0
25033482B2,1,10,6,0.06728450953960419,19824.0,48611.0
25033482B2,1,10,7,0.030443213880062103,19824.0,40419.0
25033482B2,1,10,8,0.021133650094270706,15728.0,40419.0
25033482B2,1,10,9,0.018758460879325867,28016.0,52707.0
25033482B2,1,10,10,0.005926966667175293,77685.0,34337.0
25034245B2,1,3,1,0.5360870361328125,82101.0,30689.0
25034245B2,1,3,2,0.1812344193458557,36640.0,22544.0
25034245B2,1,3,3,0.05041582137346268,93688.0,59427.0
25034245B2,1,5,1,0.5360870361328125,82101.0,30689.0
25034245B2,1,5,2,0.1812344193458557,36640.0,22544.0
25034245B2,1,5,3,0.05041582137346268,93688.0,59427.0
25034245B2,1,5,4,0.046281471848487854,32544.0,26640.0
25034245B2,1,5,5,0.02724129520356655,36640.0,51216.0
25034245B2,1,10,1,0.5360870361328125,82101.0,30689.0
25034245B2,1,10,2,0.1812344193458557,36640.0,22544.0
25034245B2,1,10,3,0.05041582137346268,93688.0,59427.0
25034245B2,1,10,4,0.046281471848487854,32544.0,26640.0
25034245B2,1,10,5,0.02724129520356655,36640.0,51216.0
25034245B2,1,10,6,0.020577726885676384,28448.0,30736.0
25034245B2,1,10,7,0.012507550418376923,40736.0,10256.0
25034245B2,1,10,8,0.007467875722795725,86197.0,30689.0
25034245B2,1,10,9,0.007271834649145603,40736.0,34832.0
25034245B2,1,10,10,0.00631871959194541,28448.0,26640.0
25034940B8,1,3,1,0.2580045163631439,73433.0,27824.0
25034940B8,1,3,2,0.14157404005527496,81625.0,27824.0
25034940B8,1,3,3,0.10967957973480225,23921.0,18832.0
25034940B8,1,5,1,0.2580045163631439,73433.0,27824.0
25034940B8,1,5,2,0.14157404005527496,81625.0,27824.0
25034940B8,1,5,3,0.10967957973480225,23921.0,18832.0
25034940B8,1,5,4,0.06466633081436157,81625.0,19632.0
25034940B8,1,5,5,0.05744383484125137,81625.0,11440.0
25034940B8,1,10,1,0.2580045163631439,73433.0,27824.0
25034940B8,1,10,2,0.14157404005527496,81625.0,27824.0
25034940B8,1,10,3,0.10967957973480225,23921.0,18832.0
25034940B8,1,10,4,0.06466633081436157,81625.0,19632.0
25034940B8,1,10,5,0.05744383484125137,81625.0,11440.0
25034940B8,1,10,6,0.05016876757144928,69337.0,15536.0
25034940B8,1,10,7,0.04362129420042038,69337.0,23728.0
25034940B8,1,10,8,0.023473136126995087,23921.0,10640.0
25034940B8,1,10,9,0.02287147380411625,11633.0,22928.0
25034940B8,1,10,10,0.02047022618353367,19825.0,22928.0
25035354B2,1,3,1,0.40754321217536926,16304.0,13728.0
25035354B2,1,3,2,0.2107013612985611,65425.0,63632.0
25035354B2,1,3,3,0.1099904403090477,28592.0,30112.0
25035354B2,1,5,1,0.40754321217536926,16304.0,13728.0
25035354B2,1,5,2,0.2107013612985611,65425.0,63632.0
25035354B2,1,5,3,0.1099904403090477,28592.0,30112.0
25035354B2,1,5,4,0.031095020473003387,16304.0,79264.0
25035354B2,1,5,5,0.02209852635860443,8112.0,58784.0
25035354B2,1,10,1,0.40754321217536926,16304.0,13728.0
25035354B2,1,10,2,0.2107013612985611,65425.0,63632.0
25035354B2,1,10,3,0.1099904403090477,28592.0,30112.0
25035354B2,1,10,4,0.031095020473003387,16304.0,79264.0
25035354B2,1,10,5,0.02209852635860443,8112.0,58784.0
25035354B2,1,10,6,0.01571352779865265,28592.0,38304.0
25035354B2,1,10,7,0.013656968250870705,20400.0,42400.0
25035354B2,1,10,8,0.01232343539595604,85905.0,63632.0
25035354B2,1,10,9,0.01218502689152956,16304.0,75168.0
25035354B2,1,10,10,0.011797761544585228,28592.0,46496.0
25036333B3,1,3,1,0.7857194542884827,76628.0,18755.0
25036333B3,1,3,2,0.11750935018062592,11952.0,28359.0
25036333B3,1,3,3,0.030166808515787125,22000.0,18259.0
25036333B3,1,5,1,0.7857194542884827,76628.0,18755.0
25036333B3,1,5,2,0.11750935018062592,11952.0,28359.0
25036333B3,1,5,3,0.030166808515787125,22000.0,18259.0
25036333B3,1,5,4,0.01796981506049633,72532.0,18755.0
25036333B3,1,5,5,0.008024855516850948,16048.0,28359.0
25036333B3,1,10,1,0.7857194542884827,76628.0,18755.0
25036333B3,1,10,2,0.11750935018062592,11952.0,28359.0
25036333B3,1,10,3,0.030166808515787125,22000.0,18259.0
25036333B3,1,10,4,0.01796981506049633,72532.0,18755.0
25036333B3,1,10,5,0.008024855516850948,16048.0,28359.0
25036333B3,1,10,6,0.006155066192150116,17904.0,18259.0
25036333B3,1,10,7,0.005625230260193348,26096.0,22355.0
25036333B3,1,10,8,0.0049022408202290535,67844.0,27718.0
25036333B3,1,10,9,0.0037964251823723316,22000.0,22355.0
25036333B3,1,10,10,0.0026506639551371336,11952.0,24263.0
25041763B,1,3,1,0.26233649253845215,103008.0,38337.0
25041763B,1,3,2,0.09889480471611023,15760.0,54241.0
25041763B,1,3,3,0.07711107283830643,23952.0,46049.0
25041763B,1,5,1,0.26233649253845215,103008.0,38337.0
25041763B,1,5,2,0.09889480471611023,15760.0,54241.0
25041763B,1,5,3,0.07711107283830643,23952.0,46049.0
25041763B,1,5,4,0.059701718389987946,28048.0,54241.0
25041763B,1,5,5,0.03484531491994858,40336.0,37857.0
25041763B,1,10,1,0.26233649253845215,103008.0,38337.0
25041763B,1,10,2,0.09889480471611023,15760.0,54241.0
25041763B,1,10,3,0.07711107283830643,23952.0,46049.0
25041763B,1,10,4,0.059701718389987946,28048.0,54241.0
25041763B,1,10,5,0.03484531491994858,40336.0,37857.0
25041763B,1,10,6,0.03432842344045639,40336.0,50145.0
25041763B,1,10,7,0.031150391325354576,48528.0,25569.0
25041763B,1,10,8,0.027674315497279167,94816.0,38337.0
25041763B,1,10,9,0.02600385621190071,111200.0,34241.0
25041763B,1,10,10,0.025932829827070236,90720.0,38337.0
25043126B2,1,3,1,0.6872037053108215,80965.0,43411.0
25043126B2,1,3,2,0.050162043422460556,31185.0,43362.0
25043126B2,1,3,3,0.0414435975253582,89157.0,47507.0
25043126B2,1,5,1,0.6872037053108215,80965.0,43411.0
25043126B2,1,5,2,0.050162043422460556,31185.0,43362.0
25043126B2,1,5,3,0.0414435975253582,89157.0,47507.0
25043126B2,1,5,4,0.03439362347126007,22993.0,55650.0
25043126B2,1,5,5,0.0309914480894804,18897.0,35170.0
25043126B2,1,10,1,0.6872037053108215,80965.0,43411.0
25043126B2,1,10,2,0.050162043422460556,31185.0,43362.0
25043126B2,1,10,3,0.0414435975253582,89157.0,47507.0
25043126B2,1,10,4,0.03439362347126007,22993.0,55650.0
25043126B2,1,10,5,0.0309914480894804,18897.0,35170.0
25043126B2,1,10,6,0.028823627158999443,22993.0,31074.0
25043126B2,1,10,7,0.01698729582130909,89157.0,43411.0
25043126B2,1,10,8,0.016973746940493584,27089.0,35170.0
25043126B2,1,10,9,0.006512257270514965,31185.0,39266.0
25043126B2,1,10,10,0.00633861031383276,35281.0,47458.0
25045403B-1,1,3,1,0.695121169090271,19936.0,44818.0
25045403B-1,1,3,2,0.06734900176525116,71875.0,43106.0
25045403B-1,1,3,3,0.04701746627688408,11744.0,40722.0
25045403B-1,1,5,1,0.695121169090271,19936.0,44818.0
25045403B-1,1,5,2,0.06734900176525116,71875.0,43106.0
25045403B-1,1,5,3,0.04701746627688408,11744.0,40722.0
25045403B-1,1,5,4,0.04343618452548981,67779.0,43106.0
25045403B-1,1,5,5,0.021709062159061432,71875.0,39010.0
25045403B-1,1,10,1,0.695121169090271,19936.0,44818.0
25045403B-1,1,10,2,0.06734900176525116,71875.0,43106.0
25045403B-1,1,10,3,0.04701746627688408,11744.0,40722.0
25045403B-1,1,10,4,0.04343618452548981,67779.0,43106.0
25045403B-1,1,10,5,0.021709062159061432,71875.0,39010.0
25045403B-1,1,10,6,0.015787314623594284,19936.0,53010.0
25045403B-1,1,10,7,0.014906223863363266,80067.0,34914.0
25045403B-1,1,10,8,0.009260494261980057,75971.0,43106.0
25045403B-1,1,10,9,0.007744677364826202,11744.0,48914.0
25045403B-1,1,10,10,0.006718459539115429,11744.0,53010.0
25045450B5,1,3,1,0.6103257536888123,40256.0,25553.0
25045450B5,1,3,2,0.1289638876914978,80195.0,35473.0
25045450B5,1,3,3,0.05296245962381363,112963.0,31377.0
25045450B5,1,5,1,0.6103257536888123,40256.0,25553.0
25045450B5,1,5,2,0.1289638876914978,80195.0,35473.0
25045450B5,1,5,3,0.05296245962381363,112963.0,31377.0
25045450B5,1,5,4,0.04175029695034027,40256.0,33745.0
25045450B5,1,5,5,0.017638185992836952,108867.0,31377.0
25045450B5,1,10,1,0.6103257536888123,40256.0,25553.0
25045450B5,1,10,2,0.1289638876914978,80195.0,35473.0
25045450B5,1,10,3,0.05296245962381363,112963.0,31377.0
25045450B5,1,10,4,0.04175029695034027,40256.0,33745.0
25045450B5,1,10,5,0.017638185992836952,108867.0,31377.0
25045450B5,1,10,6,0.016792573034763336,44352.0,37841.0
25045450B5,1,10,7,0.014842217788100243,25072.0,48825.0
25045450B5,1,10,8,0.013162601739168167,44352.0,33745.0
25045450B5,1,10,9,0.012852213345468044,48448.0,29649.0
25045450B5,1,10,10,0.011804504320025444,48448.0,33745.0
25045839B,1,3,1,0.4615180492401123,112360.0,41312.0
25045839B,1,3,2,0.26569318771362305,112360.0,45408.0
25045839B,1,3,3,0.03272010013461113,48306.0,45472.0
25045839B,1,5,1,0.4615180492401123,112360.0,41312.0
25045839B,1,5,2,0.26569318771362305,112360.0,45408.0
25045839B,1,5,3,0.03272010013461113,48306.0,45472.0
25045839B,1,5,4,0.02808217704296112,112360.0,37216.0
25045839B,1,5,5,0.027830036357045174,36018.0,29088.0
25045839B,1,10,1,0.4615180492401123,112360.0,41312.0
25045839B,1,10,2,0.26569318771362305,112360.0,45408.0
25045839B,1,10,3,0.03272010013461113,48306.0,45472.0
25045839B,1,10,4,0.02808217704296112,112360.0,37216.0
25045839B,1,10,5,0.027830036357045174,36018.0,29088.0
25045839B,1,10,6,0.027583923190832138,108264.0,37216.0
25045839B,1,10,7,0.02414141781628132,48306.0,37280.0
25045839B,1,10,8,0.01581566035747528,100072.0,24928.0
25045839B,1,10,9,0.014153176918625832,95976.0,29024.0
25045839B,1,10,10,0.010001669637858868,100072.0,20832.0
25047066B,1,3,1,0.4313344955444336,87488.0,22578.0
25047066B,1,3,2,0.39978116750717163,91584.0,63538.0
25047066B,1,3,3,0.056451667100191116,87488.0,59442.0
25047066B,1,5,1,0.4313344955444336,87488.0,22578.0
25047066B,1,5,2,0.39978116750717163,91584.0,63538.0
25047066B,1,5,3,0.056451667100191116,87488.0,59442.0
25047066B,1,5,4,0.027082597836852074,32432.0,59427.0
25047066B,1,5,5,0.02190638892352581,44720.0,59427.0
25047066B,1,10,1,0.4313344955444336,87488.0,22578.0
25047066B,1,10,2,0.39978116750717163,91584.0,63538.0
25047066B,1,10,3,0.056451667100191116,87488.0,59442.0
25047066B,1,10,4,0.027082597836852074,32432.0,59427.0
25047066B,1,10,5,0.02190638892352581,44720.0,59427.0
25047066B,1,10,6,0.009234177879989147,91584.0,38962.0
25047066B,1,10,7,0.0075139449909329414,44720.0,63523.0
25047066B,1,10,8,0.00719827227294445,36528.0,55331.0
25047066B,1,10,9,0.00357321510091424,87488.0,51250.0
25047066B,1,10,10,0.003467762377113104,99776.0,63538.0
25047077B2,1,3,1,0.3646532893180847,79810.0,43505.0
25047077B2,1,3,2,0.19655241072177887,79810.0,39409.0
25047077B2,1,3,3,0.14187726378440857,75714.0,39409.0
25047077B2,1,5,1,0.3646532893180847,79810.0,43505.0
25047077B2,1,5,2,0.19655241072177887,79810.0,39409.0
25047077B2,1,5,3,0.14187726378440857,75714.0,39409.0
25047077B2,1,5,4,0.04028790444135666,83906.0,43505.0
25047077B2,1,5,5,0.037989549338817596,83906.0,47601.0
25047077B2,1,10,1,0.3646532893180847,79810.0,43505.0
25047077B2,1,10,2,0.19655241072177887,79810.0,39409.0
25047077B2,1,10,3,0.14187726378440857,75714.0,39409.0
25047077B2,1,10,4,0.04028790444135666,83906.0,43505.0
25047077B2,1,10,5,0.037989549338817596,83906.0,47601.0
25047077B2,1,10,6,0.02468952164053917,79810.0,47601.0
25047077B2,1,10,7,0.022466901689767838,36240.0,20625.0
25047077B2,1,10,8,0.01946275867521763,83906.0,51697.0
25047077B2,1,10,9,0.01804019883275032,48528.0,32913.0
25047077B2,1,10,10,0.010671773925423622,108482.0,51697.0
25047401B2,1,3,1,0.13214807212352753,110371.0,48928.0
25047401B2,1,3,2,0.10964767634868622,89891.0,44832.0
25047401B2,1,3,3,0.04241650924086571,98083.0,40736.0
25047401B2,1,5,1,0.13214807212352753,110371.0,48928.0
25047401B2,1,5,2,0.10964767634868622,89891.0,44832.0
25047401B2,1,5,3,0.04241650924086571,98083.0,40736.0
25047401B2,1,5,4,0.03995125740766525,21648.0,45424.0
25047401B2,1,5,5,0.03690846264362335,85795.0,48928.0
25047401B2,1,10,1,0.13214807212352753,110371.0,48928.0
25047401B2,1,10,2,0.10964767634868622,89891.0,44832.0
25047401B2,1,10,3,0.04241650924086571,98083.0,40736.0
25047401B2,1,10,4,0.03995125740766525,21648.0,45424.0
25047401B2,1,10,5,0.03690846264362335,85795.0,48928.0
25047401B2,1,10,6,0.03252751752734184,106275.0,32544.0
25047401B2,1,10,7,0.030753009021282196,114467.0,36640.0
25047401B2,1,10,8,0.028949134051799774,29840.0,61808.0
25047401B2,1,10,9,0.024853654205799103,17552.0,65904.0
25047401B2,1,10,10,0.024240612983703613,42128.0,61808.0
25047972B2,1,3,1,0.22845256328582764,90551.0,54466.0
25047972B2,1,3,2,0.16040495038032532,19792.0,47648.0
25047972B2,1,3,3,0.12651042640209198,90551.0,50370.0
25047972B2,1,5,1,0.22845256328582764,90551.0,54466.0
25047972B2,1,5,2,0.16040495038032532,19792.0,47648.0
25047972B2,1,5,3,0.12651042640209198,90551.0,50370.0
25047972B2,1,5,4,0.07180102914571762,86455.0,62658.0
25047972B2,1,5,5,0.05049770325422287,7504.0,27168.0
25047972B2,1,10,1,0.22845256328582764,90551.0,54466.0
25047972B2,1,10,2,0.16040495038032532,19792.0,47648.0
25047972B2,1,10,3,0.12651042640209198,90551.0,50370.0
25047972B2,1,10,4,0.07180102914571762,86455.0,62658.0
25047972B2,1,10,5,0.05049770325422287,7504.0,27168.0
25047972B2,1,10,6,0.04637690261006355,86455.0,50370.0
25047972B2,1,10,7,0.03864242881536484,19792.0,43552.0
25047972B2,1,10,8,0.031844329088926315,11600.0,31264.0
25047972B2,1,10,9,0.027158325538039207,15696.0,47648.0
25047972B2,1,10,10,0.027102192863821983,82359.0,50370.0
25048633B2,1,3,1,0.3268715441226959,92455.0,45713.0
25048633B2,1,3,2,0.10651513934135437,100647.0,37521.0
25048633B2,1,3,3,0.06828078627586365,96551.0,62097.0
25048633B2,1,5,1,0.3268715441226959,92455.0,45713.0
25048633B2,1,5,2,0.10651513934135437,100647.0,37521.0
25048633B2,1,5,3,0.06828078627586365,96551.0,62097.0
25048633B2,1,5,4,0.06460432708263397,36368.0,28114.0
25048633B2,1,5,5,0.058239854872226715,104743.0,41617.0
25048633B2,1,10,1,0.3268715441226959,92455.0,45713.0
25048633B2,1,10,2,0.10651513934135437,100647.0,37521.0
25048633B2,1,10,3,0.06828078627586365,96551.0,62097.0
25048633B2,1,10,4,0.06460432708263397,36368.0,28114.0
25048633B2,1,10,5,0.058239854872226715,104743.0,41617.0
25048633B2,1,10,6,0.053406693041324615,40464.0,28114.0
25048633B2,1,10,7,0.04125421494245529,112935.0,53905.0
25048633B2,1,10,8,0.04088825732469559,28176.0,48594.0
25048633B2,1,10,9,0.01941772550344467,32272.0,69074.0
25048633B2,1,10,10,0.015099883079528809,96551.0,41617.0
25049966B2,1,3,1,0.3890303075313568,23008.0,39872.0
25049966B2,1,3,2,0.134281188249588,18912.0,31680.0
25049966B2,1,3,3,0.09446608275175095,78225.0,30320.0
25049966B2,1,5,1,0.3890303075313568,23008.0,39872.0
25049966B2,1,5,2,0.134281188249588,18912.0,31680.0
25049966B2,1,5,3,0.09446608275175095,78225.0,30320.0
25049966B2,1,5,4,0.08402736485004425,74129.0,34416.0
25049966B2,1,5,5,0.04333525151014328,78225.0,38512.0
25049966B2,1,10,1,0.3890303075313568,23008.0,39872.0
25049966B2,1,10,2,0.134281188249588,18912.0,31680.0
25049966B2,1,10,3,0.09446608275175095,78225.0,30320.0
25049966B2,1,10,4,0.08402736485004425,74129.0,34416.0
25049966B2,1,10,5,0.04333525151014328,78225.0,38512.0
25049966B2,1,10,6,0.021616769954562187,74129.0,46704.0
25049966B2,1,10,7,0.01959240436553955,74129.0,30320.0
25049966B2,1,10,8,0.01861005648970604,82321.0,46704.0
25049966B2,1,10,9,0.01833553984761238,78225.0,42608.0
25049966B2,1,10,10,0.017665555700659752,74129.0,38512.0
25050888B3,1,3,1,0.5183435082435608,98609.0,39973.0
25050888B3,1,3,2,0.07325755059719086,106801.0,44069.0
25050888B3,1,3,3,0.0588989183306694,36240.0,37829.0
25050888B3,1,5,1,0.5183435082435608,98609.0,39973.0
25050888B3,1,5,2,0.07325755059719086,106801.0,44069.0
25050888B3,1,5,3,0.0588989183306694,36240.0,37829.0
25050888B3,1,5,4,0.04019433632493019,123185.0,60453.0
25050888B3,1,5,5,0.02839895896613598,32144.0,29637.0
25050888B3,1,10,1,0.5183435082435608,98609.0,39973.0
25050888B3,1,10,2,0.07325755059719086,106801.0,44069.0
25050888B3,1,10,3,0.0588989183306694,36240.0,37829.0
25050888B3,1,10,4,0.04019433632493019,123185.0,60453.0
25050888B3,1,10,5,0.02839895896613598,32144.0,29637.0
25050888B3,1,10,6,0.02370845526456833,28048.0,37829.0
25050888B3,1,10,7,0.01994607225060463,52624.0,62405.0
25050888B3,1,10,8,0.018840283155441284,44432.0,46021.0
25050888B3,1,10,9,0.016842011362314224,32144.0,41925.0
25050888B3,1,10,10,0.015606504864990711,28048.0,29637.0
25053425B2,1,3,1,0.6026384830474854,67528.0,23601.0
25053425B2,1,3,2,0.22673998773097992,71624.0,23601.0
25053425B2,1,3,3,0.04686589166522026,11761.0,29618.0
25053425B2,1,5,1,0.6026384830474854,67528.0,23601.0
25053425B2,1,5,2,0.22673998773097992,71624.0,23601.0
25053425B2,1,5,3,0.04686589166522026,11761.0,29618.0
25053425B2,1,5,4,0.01749250292778015,28145.0,46002.0
25053425B2,1,5,5,0.015570994466543198,15857.0,29618.0
25053425B2,1,10,1,0.6026384830474854,67528.0,23601.0
25053425B2,1,10,2,0.22673998773097992,71624.0,23601.0
25053425B2,1,10,3,0.04686589166522026,11761.0,29618.0
25053425B2,1,10,4,0.01749250292778015,28145.0,46002.0
25053425B2,1,10,5,0.015570994466543198,15857.0,29618.0
25053425B2,1,10,6,0.00983574241399765,71624.0,19505.0
25053425B2,1,10,7,0.009458702988922596,71624.0,27697.0
25053425B2,1,10,8,0.006520564667880535,19953.0,29618.0
25053425B2,1,10,9,0.005676974076777697,75720.0,31793.0
25053425B2,1,10,10,0.004514259751886129,15857.0,37810.0
25057856B2,1,3,1,0.3140908181667328,53072.0,42193.0
25057856B2,1,3,2,0.21959690749645233,44880.0,34001.0
25057856B2,1,3,3,0.11433543264865875,102530.0,33312.0
25057856B2,1,5,1,0.3140908181667328,53072.0,42193.0
25057856B2,1,5,2,0.21959690749645233,44880.0,34001.0
25057856B2,1,5,3,0.11433543264865875,102530.0,33312.0
25057856B2,1,5,4,0.0401199646294117,98434.0,37408.0
25057856B2,1,5,5,0.032541487365961075,102530.0,45600.0
25057856B2,1,10,1,0.3140908181667328,53072.0,42193.0
25057856B2,1,10,2,0.21959690749645233,44880.0,34001.0
25057856B2,1,10,3,0.11433543264865875,102530.0,33312.0
25057856B2,1,10,4,0.0401199646294117,98434.0,37408.0
25057856B2,1,10,5,0.032541487365961075,102530.0,45600.0
25057856B2,1,10,6,0.027659395709633827,110722.0,37408.0
25057856B2,1,10,7,0.027482682839035988,98434.0,45600.0
25057856B2,1,10,8,0.02258335053920746,48976.0,46289.0
25057856B2,1,10,9,0.020042259246110916,48976.0,34001.0
25057856B2,1,10,10,0.019130103290081024,106626.0,37408.0
25061727B2,1,3,1,0.09506390988826752,28240.0,42962.0
25061727B2,1,3,2,0.052047960460186005,32336.0,51154.0
25061727B2,1,3,3,0.05156581103801727,20048.0,55250.0
25061727B2,1,5,1,0.09506390988826752,28240.0,42962.0
25061727B2,1,5,2,0.052047960460186005,32336.0,51154.0
25061727B2,1,5,3,0.05156581103801727,20048.0,55250.0
25061727B2,1,5,4,0.042976655066013336,11856.0,38866.0
25061727B2,1,5,5,0.04157165437936783,15952.0,38866.0
25061727B2,1,10,1,0.09506390988826752,28240.0,42962.0
25061727B2,1,10,2,0.052047960460186005,32336.0,51154.0
25061727B2,1,10,3,0.05156581103801727,20048.0,55250.0
25061727B2,1,10,4,0.042976655066013336,11856.0,38866.0
25061727B2,1,10,5,0.04157165437936783,15952.0,38866.0
25061727B2,1,10,6,0.040175970643758774,36432.0,30674.0
25061727B2,1,10,7,0.032524675130844116,84951.0,56165.0
25061727B2,1,10,8,0.030560199171304703,44624.0,63442.0
25061727B2,1,10,9,0.025869261473417282,105431.0,64357.0
25061727B2,1,10,10,0.02389044128358364,28240.0,47058.0
25063676B,1,3,1,0.3361845016479492,15888.0,35874.0
25063676B,1,3,2,0.2201513648033142,19984.0,44066.0
25063676B,1,3,3,0.09134377539157867,86641.0,31698.0
25063676B,1,5,1,0.3361845016479492,15888.0,35874.0
25063676B,1,5,2,0.2201513648033142,19984.0,44066.0
25063676B,1,5,3,0.09134377539157867,86641.0,31698.0
25063676B,1,5,4,0.08174479752779007,19984.0,48162.0
25063676B,1,5,5,0.05892220512032509,15888.0,39970.0
25063676B,1,10,1,0.3361845016479492,15888.0,35874.0
25063676B,1,10,2,0.2201513648033142,19984.0,44066.0
25063676B,1,10,3,0.09134377539157867,86641.0,31698.0
25063676B,1,10,4,0.08174479752779007,19984.0,48162.0
25063676B,1,10,5,0.05892220512032509,15888.0,39970.0
25063676B,1,10,6,0.0507245734333992,90737.0,43986.0
25063676B,1,10,7,0.04530172795057297,24080.0,48162.0
25063676B,1,10,8,0.02516258880496025,15888.0,48162.0
25063676B,1,10,9,0.009976278990507126,90737.0,48082.0
25063676B,1,10,10,0.009887918829917908,86641.0,43986.0
25063676B2,1,3,1,0.28513461351394653,93155.0,22353.0
25063676B2,1,3,2,0.10293297469615936,35888.0,39554.0
25063676B2,1,3,3,0.08648576587438583,31792.0,43650.0
25063676B2,1,5,1,0.28513461351394653,93155.0,22353.0
25063676B2,1,5,2,0.10293297469615936,35888.0,39554.0
25063676B2,1,5,3,0.08648576587438583,31792.0,43650.0
25063676B2,1,5,4,0.07455195486545563,107971.0,35954.0
25063676B2,1,5,5,0.0612373910844326,9408.0,45617.0
25063676B2,1,10,1,0.28513461351394653,93155.0,22353.0
25063676B2,1,10,2,0.10293297469615936,35888.0,39554.0
25063676B2,1,10,3,0.08648576587438583,31792.0,43650.0
25063676B2,1,10,4,0.07455195486545563,107971.0,35954.0
25063676B2,1,10,5,0.0612373910844326,9408.0,45617.0
25063676B2,1,10,6,0.04537627100944519,80867.0,42833.0
25063676B2,1,10,7,0.042398255318403244,44080.0,47746.0
25063676B2,1,10,8,0.04012097418308258,35888.0,35458.0
25063676B2,1,10,9,0.031366266310214996,103875.0,60530.0
25063676B2,1,10,10,0.0267065167427063,112067.0,40050.0
2460602-B,2,3,1,0.40618783235549927,41376.0,21681.0
2460602-B,2,3,2,0.10831334441900253,41376.0,25777.0
2460602-B,2,3,3,0.07904252409934998,95317.0,46770.0
2460602-B,2,5,1,0.40618783235549927,41376.0,21681.0
2460602-B,2,5,2,0.10831334441900253,41376.0,25777.0
2460602-B,2,5,3,0.07904252409934998,95317.0,46770.0
2460602-B,2,5,4,0.064415842294693,91221.0,46770.0
2460602-B,2,5,5,0.06325589120388031,103509.0,34482.0
2460602-B,2,10,1,0.40618783235549927,41376.0,21681.0
2460602-B,2,10,2,0.10831334441900253,41376.0,25777.0
2460602-B,2,10,3,0.07904252409934998,95317.0,46770.0
2460602-B,2,10,4,0.064415842294693,91221.0,46770.0
2460602-B,2,10,5,0.06325589120388031,103509.0,34482.0
2460602-B,2,10,6,0.037524327635765076,111701.0,30386.0
2460602-B,2,10,7,0.01762436330318451,37280.0,46257.0
2460602-B,2,10,8,0.017276331782341003,103509.0,38578.0
2460602-B,2,10,9,0.016443967819213867,115797.0,30386.0
2460602-B,2,10,10,0.015126449055969715,95317.0,42674.0
2460949-B3,2,3,1,0.47031715512275696,86150.0,43938.0
2460949-B3,2,3,2,0.13049238920211792,98438.0,23458.0
2460949-B3,2,3,3,0.1300852745771408,102534.0,23458.0
2460949-B3,2,5,1,0.47031715512275696,86150.0,43938.0
2460949-B3,2,5,2,0.13049238920211792,98438.0,23458.0
2460949-B3,2,5,3,0.1300852745771408,102534.0,23458.0
2460949-B3,2,5,4,0.04998452216386795,82054.0,39842.0
2460949-B3,2,5,5,0.03725876286625862,90246.0,39842.0
2460949-B3,2,10,1,0.47031715512275696,86150.0,43938.0
2460949-B3,2,10,2,0.13049238920211792,98438.0,23458.0
2460949-B3,2,10,3,0.1300852745771408,102534.0,23458.0
2460949-B3,2,10,4,0.04998452216386795,82054.0,39842.0
2460949-B3,2,10,5,0.03725876286625862,90246.0,39842.0
2460949-B3,2,10,6,0.03138609230518341,90246.0,48034.0
2460949-B3,2,10,7,0.018346944823861122,106630.0,43938.0
2460949-B3,2,10,8,0.018059084191918373,106630.0,48034.0
2460949-B3,2,10,9,0.015109987929463387,106630.0,23458.0
2460949-B3,2,10,10,0.01039830781519413,86150.0,39842.0
2461002-B2,2,3,1,0.5830890536308289,91841.0,14752.0
2461002-B2,2,3,2,0.10814626514911652,32928.0,10944.0
2461002-B2,2,3,3,0.09919227659702301,95937.0,18848.0
2461002-B2,2,5,1,0.5830890536308289,91841.0,14752.0
2461002-B2,2,5,2,0.10814626514911652,32928.0,10944.0
2461002-B2,2,5,3,0.09919227659702301,95937.0,18848.0
2461002-B2,2,5,4,0.0617825910449028,100033.0,10656.0
2461002-B2,2,5,5,0.02424246072769165,37024.0,15040.0
2461002-B2,2,10,1,0.5830890536308289,91841.0,14752.0
2461002-B2,2,10,2,0.10814626514911652,32928.0,10944.0
2461002-B2,2,10,3,0.09919227659702301,95937.0,18848.0
2461002-B2,2,10,4,0.0617825910449028,100033.0,10656.0
2461002-B2,2,10,5,0.02424246072769165,37024.0,15040.0
2461002-B2,2,10,6,0.021488958969712257,104129.0,14752.0
2461002-B2,2,10,7,0.012812386266887188,91841.0,10656.0
2461002-B2,2,10,8,0.008743495680391788,95937.0,14752.0
2461002-B2,2,10,9,0.0084415627643466,49312.0,15040.0
2461002-B2,2,10,10,0.0072344820946455,32928.0,19136.0
2461698-B,2,3,1,0.24051573872566223,122533.0,35888.0
2461698-B,2,3,2,0.13677853345870972,122533.0,27696.0
2461698-B,2,3,3,0.10556049644947052,40576.0,32032.0
2461698-B,2,5,1,0.24051573872566223,122533.0,35888.0
2461698-B,2,5,2,0.13677853345870972,122533.0,27696.0
2461698-B,2,5,3,0.10556049644947052,40576.0,32032.0
2461698-B,2,5,4,0.09593191742897034,40576.0,36128.0
2461698-B,2,5,5,0.09246939420700073,118437.0,35888.0
2461698-B,2,10,1,0.24051573872566223,122533.0,35888.0
2461698-B,2,10,2,0.13677853345870972,122533.0,27696.0
2461698-B,2,10,3,0.10556049644947052,40576.0,32032.0
2461698-B,2,10,4,0.09593191742897034,40576.0,36128.0
2461698-B,2,10,5,0.09246939420700073,118437.0,35888.0
2461698-B,2,10,6,0.06755071133375168,44672.0,27936.0
2461698-B,2,10,7,0.04882073402404785,36480.0,36128.0
2461698-B,2,10,8,0.04373261705040932,110245.0,35888.0
2461698-B,2,10,9,0.03447910398244858,110245.0,27696.0
2461698-B,2,10,10,0.032061439007520676,32384.0,36128.0
2461857-B2,2,3,1,0.7045961022377014,107139.0,69047.0
2461857-B2,2,3,2,0.0736503005027771,12016.0,25169.0
2461857-B2,2,3,3,0.06857884675264359,82306.0,5632.0
2461857-B2,2,5,1,0.7045961022377014,107139.0,69047.0
2461857-B2,2,5,2,0.0736503005027771,12016.0,25169.0
2461857-B2,2,5,3,0.06857884675264359,82306.0,5632.0
2461857-B2,2,5,4,0.03200973942875862,86402.0,13824.0
2461857-B2,2,5,5,0.02248280495405197,7920.0,33361.0
2461857-B2,2,10,1,0.7045961022377014,107139.0,69047.0
2461857-B2,2,10,2,0.0736503005027771,12016.0,25169.0
2461857-B2,2,10,3,0.06857884675264359,82306.0,5632.0
2461857-B2,2,10,4,0.03200973942875862,86402.0,13824.0
2461857-B2,2,10,5,0.02248280495405197,7920.0,33361.0
2461857-B2,2,10,6,0.012496009469032288,7920.0,29265.0
2461857-B2,2,10,7,0.01224629208445549,96131.0,58119.0
2461857-B2,2,10,8,0.009816361591219902,92035.0,58119.0
2461857-B2,2,10,9,0.006278063636273146,82306.0,26112.0
2461857-B2,2,10,10,0.005651176441460848,86402.0,9728.0
2462123-B2,2,3,1,0.41996514797210693,83160.0,23137.0
2462123-B2,2,3,2,0.22304460406303406,83160.0,10849.0
2462123-B2,2,3,3,0.0755901038646698,79064.0,31329.0
2462123-B2,2,5,1,0.41996514797210693,83160.0,23137.0
2462123-B2,2,5,2,0.22304460406303406,83160.0,10849.0
2462123-B2,2,5,3,0.0755901038646698,79064.0,31329.0
2462123-B2,2,5,4,0.030194610357284546,14657.0,41570.0
2462123-B2,2,5,5,0.025926966220140457,74968.0,35425.0
2462123-B2,2,10,1,0.41996514797210693,83160.0,23137.0
2462123-B2,2,10,2,0.22304460406303406,83160.0,10849.0
2462123-B2,2,10,3,0.0755901038646698,79064.0,31329.0
2462123-B2,2,10,4,0.030194610357284546,14657.0,41570.0
2462123-B2,2,10,5,0.025926966220140457,74968.0,35425.0
2462123-B2,2,10,6,0.021080734208226204,22849.0,37474.0
2462123-B2,2,10,7,0.01701774075627327,79064.0,14945.0
2462123-B2,2,10,8,0.01613907516002655,79064.0,27233.0
2462123-B2,2,10,9,0.01563212275505066,83160.0,19041.0
2462123-B2,2,10,10,0.014036335051059723,26945.0,21090.0
2462170-B4,2,3,1,0.1651233583688736,86677.0,14930.0
2462170-B4,2,3,2,0.16437458992004395,90773.0,39506.0
2462170-B4,2,3,3,0.0816611796617508,98965.0,39506.0
2462170-B4,2,5,1,0.1651233583688736,86677.0,14930.0
2462170-B4,2,5,2,0.16437458992004395,90773.0,39506.0
2462170-B4,2,5,3,0.0816611796617508,98965.0,39506.0
2462170-B4,2,5,4,0.07899320125579834,107157.0,27218.0
2462170-B4,2,5,5,0.07011226564645767,118551.0,37206.0
2462170-B4,2,10,1,0.1651233583688736,86677.0,14930.0
2462170-B4,2,10,2,0.16437458992004395,90773.0,39506.0
2462170-B4,2,10,3,0.0816611796617508,98965.0,39506.0
2462170-B4,2,10,4,0.07899320125579834,107157.0,27218.0
2462170-B4,2,10,5,0.07011226564645767,118551.0,37206.0
2462170-B4,2,10,6,0.06653496623039246,50003.0,36310.0
2462170-B4,2,10,7,0.0592421256005764,86677.0,39506.0
2462170-B4,2,10,8,0.05673042684793472,111253.0,47698.0
2462170-B4,2,10,9,0.041789062321186066,32656.0,49233.0
2462170-B4,2,10,10,0.027698643505573273,49040.0,45137.0
2462614-B3,2,3,1,0.18175262212753296,76820.0,31441.0
2462614-B3,2,3,2,0.13557767868041992,85012.0,39633.0
2462614-B3,2,3,3,0.09452780336141586,93204.0,51921.0
2462614-B3,2,5,1,0.18175262212753296,76820.0,31441.0
2462614-B3,2,5,2,0.13557767868041992,85012.0,39633.0
2462614-B3,2,5,3,0.09452780336141586,93204.0,51921.0
2462614-B3,2,5,4,0.09376680105924606,89108.0,27345.0
2462614-B3,2,5,5,0.07134675979614258,117780.0,35537.0
2462614-B3,2,10,1,0.18175262212753296,76820.0,31441.0
2462614-B3,2,10,2,0.13557767868041992,85012.0,39633.0
2462614-B3,2,10,3,0.09452780336141586,93204.0,51921.0
2462614-B3,2,10,4,0.09376680105924606,89108.0,27345.0
2462614-B3,2,10,5,0.07134675979614258,117780.0,35537.0
2462614-B3,2,10,6,0.06738170236349106,117780.0,39633.0
2462614-B3,2,10,7,0.04248065501451492,89108.0,31441.0
2462614-B3,2,10,8,0.02640940062701702,97300.0,43729.0
2462614-B3,2,10,9,0.026185840368270874,24304.0,33682.0
2462614-B3,2,10,10,0.026059800758957863,80916.0,39633.0
2463126-B2,2,3,1,0.14236772060394287,83649.0,31217.0
2463126-B2,2,3,2,0.11356448382139206,28176.0,37729.0
2463126-B2,2,3,3,0.11067572236061096,19984.0,21345.0
2463126-B2,2,5,1,0.14236772060394287,83649.0,31217.0
2463126-B2,2,5,2,0.11356448382139206,28176.0,37729.0
2463126-B2,2,5,3,0.11067572236061096,19984.0,21345.0
2463126-B2,2,5,4,0.10800457745790482,32272.0,25441.0
2463126-B2,2,5,5,0.07765457779169083,83649.0,39409.0
2463126-B2,2,10,1,0.14236772060394287,83649.0,31217.0
2463126-B2,2,10,2,0.11356448382139206,28176.0,37729.0
2463126-B2,2,10,3,0.11067572236061096,19984.0,21345.0
2463126-B2,2,10,4,0.10800457745790482,32272.0,25441.0
2463126-B2,2,10,5,0.07765457779169083,83649.0,39409.0
2463126-B2,2,10,6,0.06285350024700165,24080.0,29537.0
2463126-B2,2,10,7,0.04516754299402237,79553.0,35313.0
2463126-B2,2,10,8,0.040501952171325684,24080.0,33633.0
2463126-B2,2,10,9,0.034197621047496796,83649.0,27121.0
2463126-B2,2,10,10,0.030885308980941772,91841.0,31217.0
2463351-B4,2,3,1,0.6096324324607849,93863.0,52370.0
2463351-B4,2,3,2,0.11323598027229309,21712.0,48498.0
2463351-B4,2,3,3,0.09779612720012665,17616.0,48498.0
2463351-B4,2,5,1,0.6096324324607849,93863.0,52370.0
2463351-B4,2,5,2,0.11323598027229309,21712.0,48498.0
2463351-B4,2,5,3,0.09779612720012665,17616.0,48498.0
2463351-B4,2,5,4,0.08459329605102539,13520.0,52594.0
2463351-B4,2,5,5,0.047072798013687134,17616.0,56690.0
2463351-B4,2,10,1,0.6096324324607849,93863.0,52370.0
2463351-B4,2,10,2,0.11323598027229309,21712.0,48498.0
2463351-B4,2,10,3,0.09779612720012665,17616.0,48498.0
2463351-B4,2,10,4,0.08459329605102539,13520.0,52594.0
2463351-B4,2,10,5,0.047072798013687134,17616.0,56690.0
2463351-B4,2,10,6,0.009659482166171074,29904.0,56690.0
2463351-B4,2,10,7,0.00874481350183487,21712.0,52594.0
2463351-B4,2,10,8,0.0070988889783620834,85671.0,48274.0
2463351-B4,2,10,9,0.0032542110420763493,25808.0,52594.0
2463351-B4,2,10,10,0.0018489290960133076,25808.0,44402.0
2464404-B5,2,3,1,0.14718587696552277,111730.0,22912.0
2464404-B5,2,3,2,0.10935516655445099,103538.0,39296.0
2464404-B5,2,3,3,0.10651077330112457,111730.0,43392.0
2464404-B5,2,5,1,0.14718587696552277,111730.0,22912.0
2464404-B5,2,5,2,0.10935516655445099,103538.0,39296.0
2464404-B5,2,5,3,0.10651077330112457,111730.0,43392.0
2464404-B5,2,5,4,0.08498576283454895,36384.0,45969.0
2464404-B5,2,5,5,0.06945107877254486,111730.0,27008.0
2464404-B5,2,10,1,0.14718587696552277,111730.0,22912.0
2464404-B5,2,10,2,0.10935516655445099,103538.0,39296.0
2464404-B5,2,10,3,0.10651077330112457,111730.0,43392.0
2464404-B5,2,10,4,0.08498576283454895,36384.0,45969.0
2464404-B5,2,10,5,0.06945107877254486,111730.0,27008.0
2464404-B5,2,10,6,0.06878066807985306,111730.0,47488.0
2464404-B5,2,10,7,0.06337059289216995,32288.0,54161.0
2464404-B5,2,10,8,0.049730490893125534,32288.0,41873.0
2464404-B5,2,10,9,0.03549405187368393,119922.0,27008.0
2464404-B5,2,10,10,0.033375807106494904,107634.0,51584.0
2464879-B2,2,3,1,0.5690423250198364,24049.0,54144.0
2464879-B2,2,3,2,0.10266930609941483,19953.0,45952.0
2464879-B2,2,3,3,0.06697874516248703,19953.0,33664.0
2464879-B2,2,5,1,0.5690423250198364,24049.0,54144.0
2464879-B2,2,5,2,0.10266930609941483,19953.0,45952.0
2464879-B2,2,5,3,0.06697874516248703,19953.0,33664.0
2464879-B2,2,5,4,0.04308822751045227,108104.0,25840.0
2464879-B2,2,5,5,0.03615662828087807,19953.0,29568.0
2464879-B2,2,10,1,0.5690423250198364,24049.0,54144.0
2464879-B2,2,10,2,0.10266930609941483,19953.0,45952.0
2464879-B2,2,10,3,0.06697874516248703,19953.0,33664.0
2464879-B2,2,10,4,0.04308822751045227,108104.0,25840.0
2464879-B2,2,10,5,0.03615662828087807,19953.0,29568.0
2464879-B2,2,10,6,0.033374324440956116,24049.0,25472.0
2464879-B2,2,10,7,0.01864021271467209,128584.0,42224.0
2464879-B2,2,10,8,0.01386064663529396,48625.0,29568.0
2464879-B2,2,10,9,0.013842951506376266,32241.0,50048.0
2464879-B2,2,10,10,0.00785239040851593,32241.0,33664.0
2464943-B2,2,3,1,0.657271146774292,62115.0,53696.0
2464943-B2,2,3,2,0.11042191088199615,123816.0,30160.0
2464943-B2,2,3,3,0.0851261243224144,58019.0,45504.0
2464943-B2,2,5,1,0.657271146774292,62115.0,53696.0
2464943-B2,2,5,2,0.11042191088199615,123816.0,30160.0
2464943-B2,2,5,3,0.0851261243224144,58019.0,45504.0
2464943-B2,2,5,4,0.050651390105485916,136104.0,46544.0
2464943-B2,2,5,5,0.016501031816005707,39456.0,32064.0
2464943-B2,2,10,1,0.657271146774292,62115.0,53696.0
2464943-B2,2,10,2,0.11042191088199615,123816.0,30160.0
2464943-B2,2,10,3,0.0851261243224144,58019.0,45504.0
2464943-B2,2,10,4,0.050651390105485916,136104.0,46544.0
2464943-B2,2,10,5,0.016501031816005707,39456.0,32064.0
2464943-B2,2,10,6,0.012145290151238441,78499.0,29120.0
2464943-B2,2,10,7,0.01122982520610094,35360.0,27968.0
2464943-B2,2,10,8,0.005454788450151682,31264.0,23872.0
2464943-B2,2,10,9,0.005221821367740631,35360.0,44352.0
2464943-B2,2,10,10,0.004375196993350983,39456.0,48448.0
2465339-B2,2,3,1,0.14979612827301025,121076.0,43632.0
2465339-B2,2,3,2,0.1310727894306183,108788.0,51824.0
2465339-B2,2,3,3,0.08917663991451263,125172.0,31344.0
2465339-B2,2,5,1,0.14979612827301025,121076.0,43632.0
2465339-B2,2,5,2,0.1310727894306183,108788.0,51824.0
2465339-B2,2,5,3,0.08917663991451263,125172.0,31344.0
2465339-B2,2,5,4,0.0755569264292717,121076.0,31344.0
2465339-B2,2,5,5,0.07111288607120514,37456.0,33921.0
2465339-B2,2,10,1,0.14979612827301025,121076.0,43632.0
2465339-B2,2,10,2,0.1310727894306183,108788.0,51824.0
2465339-B2,2,10,3,0.08917663991451263,125172.0,31344.0
2465339-B2,2,10,4,0.0755569264292717,121076.0,31344.0
2465339-B2,2,10,5,0.07111288607120514,37456.0,33921.0
2465339-B2,2,10,6,0.06701821088790894,37456.0,38017.0
2465339-B2,2,10,7,0.06645630300045013,37456.0,29825.0
2465339-B2,2,10,8,0.06320347636938095,112884.0,43632.0
2465339-B2,2,10,9,0.047664057463407516,41552.0,38017.0
2465339-B2,2,10,10,0.03924372047185898,41552.0,42113.0
2465643-B3,2,3,1,0.7365588545799255,52752.0,48017.0
2465643-B3,2,3,2,0.03583129867911339,32272.0,23441.0
2465643-B3,2,3,3,0.03335334360599518,24080.0,23441.0
2465643-B3,2,5,1,0.7365588545799255,52752.0,48017.0
2465643-B3,2,5,2,0.03583129867911339,32272.0,23441.0
2465643-B3,2,5,3,0.03335334360599518,24080.0,23441.0
2465643-B3,2,5,4,0.023790430277585983,127607.0,42977.0
2465643-B3,2,5,5,0.02255386859178543,103031.0,18401.0
2465643-B3,2,10,1,0.7365588545799255,52752.0,48017.0
2465643-B3,2,10,2,0.03583129867911339,32272.0,23441.0
2465643-B3,2,10,3,0.03335334360599518,24080.0,23441.0
2465643-B3,2,10,4,0.023790430277585983,127607.0,42977.0
2465643-B3,2,10,5,0.02255386859178543,103031.0,18401.0
2465643-B3,2,10,6,0.014204761013388634,127607.0,47073.0
2465643-B3,2,10,7,0.012602952308952808,24080.0,27537.0
2465643-B3,2,10,8,0.011392354965209961,36368.0,23441.0
2465643-B3,2,10,9,0.01056742761284113,98935.0,18401.0
2465643-B3,2,10,10,0.009028026834130287,115319.0,22497.0
2465827-B5,2,3,1,0.13752466440200806,24064.0,37984.0
2465827-B5,2,3,2,0.08729548752307892,86752.0,39664.0
2465827-B5,2,3,3,0.07654960453510284,90848.0,31472.0
2465827-B5,2,5,1,0.13752466440200806,24064.0,37984.0
2465827-B5,2,5,2,0.08729548752307892,86752.0,39664.0
2465827-B5,2,5,3,0.07654960453510284,90848.0,31472.0
2465827-B5,2,5,4,0.07107163965702057,94944.0,31472.0
2465827-B5,2,5,5,0.046937018632888794,86752.0,23280.0
2465827-B5,2,10,1,0.13752466440200806,24064.0,37984.0
2465827-B5,2,10,2,0.08729548752307892,86752.0,39664.0
2465827-B5,2,10,3,0.07654960453510284,90848.0,31472.0
2465827-B5,2,10,4,0.07107163965702057,94944.0,31472.0
2465827-B5,2,10,5,0.046937018632888794,86752.0,23280.0
2465827-B5,2,10,6,0.04663073644042015,90848.0,35568.0
2465827-B5,2,10,7,0.04447376728057861,24064.0,33888.0
2465827-B5,2,10,8,0.03813779726624489,15872.0,29792.0
2465827-B5,2,10,9,0.03604655712842941,78560.0,39664.0
2465827-B5,2,10,10,0.03526324778795242,90848.0,39664.0
2466159-B2,2,3,1,0.3572593331336975,20032.0,50113.0
2466159-B2,2,3,2,0.15636557340621948,20032.0,54209.0
2466159-B2,2,3,3,0.0794801115989685,71696.0,40352.0
2466159-B2,2,5,1,0.3572593331336975,20032.0,50113.0
2466159-B2,2,5,2,0.15636557340621948,20032.0,54209.0
2466159-B2,2,5,3,0.0794801115989685,71696.0,40352.0
2466159-B2,2,5,4,0.043454498052597046,24128.0,62401.0
2466159-B2,2,5,5,0.041577015072107315,75792.0,52640.0
2466159-B2,2,10,1,0.3572593331336975,20032.0,50113.0
2466159-B2,2,10,2,0.15636557340621948,20032.0,54209.0
2466159-B2,2,10,3,0.0794801115989685,71696.0,40352.0
2466159-B2,2,10,4,0.043454498052597046,24128.0,62401.0
2466159-B2,2,10,5,0.041577015072107315,75792.0,52640.0
2466159-B2,2,10,6,0.03779566287994385,20032.0,62401.0
2466159-B2,2,10,7,0.029805731028318405,71696.0,36256.0
2466159-B2,2,10,8,0.02538265474140644,15936.0,50113.0
2466159-B2,2,10,9,0.021689312532544136,79888.0,44448.0
2466159-B2,2,10,10,0.017980262637138367,11840.0,41921.0
2466285-B,2,3,1,0.24100670218467712,36400.0,34531.0
2466285-B,2,3,2,0.22557421028614044,32304.0,38627.0
2466285-B,2,3,3,0.08201914280653,36400.0,26339.0
2466285-B,2,5,1,0.24100670218467712,36400.0,34531.0
2466285-B,2,5,2,0.22557421028614044,32304.0,38627.0
2466285-B,2,5,3,0.08201914280653,36400.0,26339.0
2466285-B,2,5,4,0.08024217188358307,32304.0,46819.0
2466285-B,2,5,5,0.06979657709598541,36400.0,50915.0
2466285-B,2,10,1,0.24100670218467712,36400.0,34531.0
2466285-B,2,10,2,0.22557421028614044,32304.0,38627.0
2466285-B,2,10,3,0.08201914280653,36400.0,26339.0
2466285-B,2,10,4,0.08024217188358307,32304.0,46819.0
2466285-B,2,10,5,0.06979657709598541,36400.0,50915.0
2466285-B,2,10,6,0.03655359148979187,15920.0,38627.0
2466285-B,2,10,7,0.0365239679813385,36400.0,22243.0
2466285-B,2,10,8,0.029534056782722473,36400.0,42723.0
2466285-B,2,10,9,0.025435253977775574,24112.0,42723.0
2466285-B,2,10,10,0.025253482162952423,24112.0,38627.0
2466581-B2,2,3,1,0.21252098679542542,29616.0,38961.0
2466581-B2,2,3,2,0.10342679917812347,25520.0,47153.0
2466581-B2,2,3,3,0.08964638411998749,9136.0,63537.0
2466581-B2,2,5,1,0.21252098679542542,29616.0,38961.0
2466581-B2,2,5,2,0.10342679917812347,25520.0,47153.0
2466581-B2,2,5,3,0.08964638411998749,9136.0,63537.0
2466581-B2,2,5,4,0.08270759135484695,41904.0,43057.0
2466581-B2,2,5,5,0.08078397810459137,17328.0,51249.0
2466581-B2,2,10,1,0.21252098679542542,29616.0,38961.0
2466581-B2,2,10,2,0.10342679917812347,25520.0,47153.0
2466581-B2,2,10,3,0.08964638411998749,9136.0,63537.0
2466581-B2,2,10,4,0.08270759135484695,41904.0,43057.0
2466581-B2,2,10,5,0.08078397810459137,17328.0,51249.0
2466581-B2,2,10,6,0.06751594692468643,21424.0,26673.0
2466581-B2,2,10,7,0.05340487137436867,33712.0,51249.0
2466581-B2,2,10,8,0.04763686656951904,37808.0,43057.0
2466581-B2,2,10,9,0.038226813077926636,33712.0,43057.0
2466581-B2,2,10,10,0.019152149558067322,33712.0,63537.0
2466584-B,2,3,1,0.23112168908119202,7840.0,26768.0
2466584-B,2,3,2,0.11044973134994507,16032.0,10384.0
2466584-B,2,3,3,0.08967997133731842,72917.0,27264.0
2466584-B,2,5,1,0.23112168908119202,7840.0,26768.0
2466584-B,2,5,2,0.11044973134994507,16032.0,10384.0
2466584-B,2,5,3,0.08967997133731842,72917.0,27264.0
2466584-B,2,5,4,0.0813717469573021,20128.0,14480.0
2466584-B,2,5,5,0.059305645525455475,24224.0,6288.0
2466584-B,2,10,1,0.23112168908119202,7840.0,26768.0
2466584-B,2,10,2,0.11044973134994507,16032.0,10384.0
2466584-B,2,10,3,0.08967997133731842,72917.0,27264.0
2466584-B,2,10,4,0.0813717469573021,20128.0,14480.0
2466584-B,2,10,5,0.059305645525455475,24224.0,6288.0
2466584-B,2,10,6,0.058028966188430786,16032.0,18576.0
2466584-B,2,10,7,0.04694538563489914,72917.0,47744.0
2466584-B,2,10,8,0.03795561566948891,68821.0,23168.0
2466584-B,2,10,9,0.034825872629880905,11936.0,14480.0
2466584-B,2,10,10,0.033034078776836395,20128.0,10384.0
2466703-B4,2,3,1,0.26293811202049255,24304.0,41280.0
2466703-B4,2,3,2,0.2303169220685959,81984.0,39168.0
2466703-B4,2,3,3,0.16858917474746704,20208.0,33088.0
2466703-B4,2,5,1,0.26293811202049255,24304.0,41280.0
2466703-B4,2,5,2,0.2303169220685959,81984.0,39168.0
2466703-B4,2,5,3,0.16858917474746704,20208.0,33088.0
2466703-B4,2,5,4,0.1526963710784912,73792.0,39168.0
2466703-B4,2,5,5,0.09762081503868103,77888.0,35072.0
2466703-B4,2,10,1,0.26293811202049255,24304.0,41280.0
2466703-B4,2,10,2,0.2303169220685959,81984.0,39168.0
2466703-B4,2,10,3,0.16858917474746704,20208.0,33088.0
2466703-B4,2,10,4,0.1526963710784912,73792.0,39168.0
2466703-B4,2,10,5,0.09762081503868103,77888.0,35072.0
2466703-B4,2,10,6,0.01654805615544319,20208.0,37184.0
2466703-B4,2,10,7,0.0162599328905344,73792.0,35072.0
2466703-B4,2,10,8,0.00810575857758522,20208.0,45376.0
2466703-B4,2,10,9,0.007910575717687607,77888.0,22784.0
2466703-B4,2,10,10,0.005865021608769894,20208.0,20800.0
2466718-B,2,3,1,0.24397745728492737,108752.0,27760.0
2466718-B,2,3,2,0.14674857258796692,137424.0,40048.0
2466718-B,2,3,3,0.07528400421142578,96464.0,27760.0
2466718-B,2,5,1,0.24397745728492737,108752.0,27760.0
2466718-B,2,5,2,0.14674857258796692,137424.0,40048.0
2466718-B,2,5,3,0.07528400421142578,96464.0,27760.0
2466718-B,2,5,4,0.07114330679178238,133328.0,27760.0
2466718-B,2,5,5,0.06349126994609833,137424.0,27760.0
2466718-B,2,10,1,0.24397745728492737,108752.0,27760.0
2466718-B,2,10,2,0.14674857258796692,137424.0,40048.0
2466718-B,2,10,3,0.07528400421142578,96464.0,27760.0
2466718-B,2,10,4,0.07114330679178238,133328.0,27760.0
2466718-B,2,10,5,0.06349126994609833,137424.0,27760.0
2466718-B,2,10,6,0.05531308054924011,35696.0,37856.0
2466718-B,2,10,7,0.04388773441314697,129232.0,19568.0
2466718-B,2,10,8,0.030997268855571747,47984.0,29664.0
2466718-B,2,10,9,0.025958474725484848,129232.0,23664.0
2466718-B,2,10,10,0.021018225699663162,116944.0,52336.0
2466893-B2,2,3,1,0.1912430226802826,24288.0,47841.0
2466893-B2,2,3,2,0.11581306904554367,83908.0,18929.0
2466893-B2,2,3,3,0.06746776401996613,36576.0,10977.0
2466893-B2,2,5,1,0.1912430226802826,24288.0,47841.0
2466893-B2,2,5,2,0.11581306904554367,83908.0,18929.0
2466893-B2,2,5,3,0.06746776401996613,36576.0,10977.0
2466893-B2,2,5,4,0.05435382202267647,20192.0,31457.0
2466893-B2,2,5,5,0.04546750336885452,92100.0,43505.0
2466893-B2,2,10,1,0.1912430226802826,24288.0,47841.0
2466893-B2,2,10,2,0.11581306904554367,83908.0,18929.0
2466893-B2,2,10,3,0.06746776401996613,36576.0,10977.0
2466893-B2,2,10,4,0.05435382202267647,20192.0,31457.0
2466893-B2,2,10,5,0.04546750336885452,92100.0,43505.0
2466893-B2,2,10,6,0.0384526401758194,83908.0,6641.0
2466893-B2,2,10,7,0.038244251161813736,12000.0,39649.0
2466893-B2,2,10,8,0.036870211362838745,83908.0,27121.0
2466893-B2,2,10,9,0.02894921600818634,12000.0,27361.0
2466893-B2,2,10,10,0.02273133024573326,119334.0,67001.0
2466898-B2,2,3,1,0.18537816405296326,87792.0,40048.0
2466898-B2,2,3,2,0.178788959980011,79600.0,56432.0
2466898-B2,2,3,3,0.10983653366565704,145472.0,49152.0
2466898-B2,2,5,1,0.18537816405296326,87792.0,40048.0
2466898-B2,2,5,2,0.178788959980011,79600.0,56432.0
2466898-B2,2,5,3,0.10983653366565704,145472.0,49152.0
2466898-B2,2,5,4,0.10847070068120956,149568.0,36864.0
2466898-B2,2,5,5,0.09126807749271393,153664.0,49152.0
2466898-B2,2,10,1,0.18537816405296326,87792.0,40048.0
2466898-B2,2,10,2,0.178788959980011,79600.0,56432.0
2466898-B2,2,10,3,0.10983653366565704,145472.0,49152.0
2466898-B2,2,10,4,0.10847070068120956,149568.0,36864.0
2466898-B2,2,10,5,0.09126807749271393,153664.0,49152.0
2466898-B2,2,10,6,0.047465331852436066,83696.0,40048.0
2466898-B2,2,10,7,0.04345972090959549,149568.0,49152.0
2466898-B2,2,10,8,0.03235124424099922,75504.0,44144.0
2466898-B2,2,10,9,0.02760034054517746,137280.0,40960.0
2466898-B2,2,10,10,0.02194853127002716,145472.0,53248.0
2468417-B2,2,3,1,0.38775935769081116,16144.0,46192.0
2468417-B2,2,3,2,0.11322003602981567,24336.0,46192.0
2468417-B2,2,3,3,0.07792827486991882,7952.0,38000.0
2468417-B2,2,5,1,0.38775935769081116,16144.0,46192.0
2468417-B2,2,5,2,0.11322003602981567,24336.0,46192.0
2468417-B2,2,5,3,0.07792827486991882,7952.0,38000.0
2468417-B2,2,5,4,0.050138045102357864,20240.0,46192.0
2468417-B2,2,5,5,0.044036947190761566,64263.0,39488.0
2468417-B2,2,10,1,0.38775935769081116,16144.0,46192.0
2468417-B2,2,10,2,0.11322003602981567,24336.0,46192.0
2468417-B2,2,10,3,0.07792827486991882,7952.0,38000.0
2468417-B2,2,10,4,0.050138045102357864,20240.0,46192.0
2468417-B2,2,10,5,0.044036947190761566,64263.0,39488.0
2468417-B2,2,10,6,0.04186302796006203,20240.0,42096.0
2468417-B2,2,10,7,0.04180190712213516,24336.0,42096.0
2468417-B2,2,10,8,0.040698982775211334,28432.0,46192.0
2468417-B2,2,10,9,0.03863964229822159,20240.0,29808.0
2468417-B2,2,10,10,0.023753056302666664,24336.0,50288.0
2468419-B2,2,3,1,0.29471156001091003,44560.0,24816.0
2468419-B2,2,3,2,0.1164659708738327,48656.0,12528.0
2468419-B2,2,3,3,0.06827954947948456,19984.0,16624.0
2468419-B2,2,5,1,0.29471156001091003,44560.0,24816.0
2468419-B2,2,5,2,0.1164659708738327,48656.0,12528.0
2468419-B2,2,5,3,0.06827954947948456,19984.0,16624.0
2468419-B2,2,5,4,0.05711919069290161,40464.0,24816.0
2468419-B2,2,5,5,0.040348999202251434,95347.0,20785.0
2468419-B2,2,10,1,0.29471156001091003,44560.0,24816.0
2468419-B2,2,10,2,0.1164659708738327,48656.0,12528.0
2468419-B2,2,10,3,0.06827954947948456,19984.0,16624.0
2468419-B2,2,10,4,0.05711919069290161,40464.0,24816.0
2468419-B2,2,10,5,0.040348999202251434,95347.0,20785.0
2468419-B2,2,10,6,0.03193956986069679,36368.0,28912.0
2468419-B2,2,10,7,0.02981782890856266,32272.0,28912.0
2468419-B2,2,10,8,0.02825024724006653,48656.0,33008.0
2468419-B2,2,10,9,0.027112990617752075,36368.0,37104.0
2468419-B2,2,10,10,0.02546856179833412,103539.0,16689.0
2468419-B3,2,3,1,0.6480135917663574,110980.0,57360.0
2468419-B3,2,3,2,0.04316641762852669,102788.0,61456.0
2468419-B3,2,3,3,0.031512320041656494,98692.0,53264.0
2468419-B3,2,5,1,0.6480135917663574,110980.0,57360.0
2468419-B3,2,5,2,0.04316641762852669,102788.0,61456.0
2468419-B3,2,5,3,0.031512320041656494,98692.0,53264.0
2468419-B3,2,5,4,0.026030324399471283,121878.0,65364.0
2468419-B3,2,5,5,0.025876767933368683,36448.0,47552.0
2468419-B3,2,10,1,0.6480135917663574,110980.0,57360.0
2468419-B3,2,10,2,0.04316641762852669,102788.0,61456.0
2468419-B3,2,10,3,0.031512320041656494,98692.0,53264.0
2468419-B3,2,10,4,0.026030324399471283,121878.0,65364.0
2468419-B3,2,10,5,0.025876767933368683,36448.0,47552.0
2468419-B3,2,10,6,0.022667638957500458,87540.0,68724.0
2468419-B3,2,10,7,0.01985044777393341,98692.0,57360.0
2468419-B3,2,10,8,0.0188930444419384,40544.0,55744.0
2468419-B3,2,10,9,0.016100604087114334,32352.0,51648.0
2468419-B3,2,10,10,0.012806404381990433,32352.0,55744.0
2468442-B2,2,3,1,0.24749284982681274,14336.0,70945.0
2468442-B2,2,3,2,0.18551626801490784,38912.0,21793.0
2468442-B2,2,3,3,0.17057786881923676,43008.0,42273.0
2468442-B2,2,5,1,0.24749284982681274,14336.0,70945.0
2468442-B2,2,5,2,0.18551626801490784,38912.0,21793.0
2468442-B2,2,5,3,0.17057786881923676,43008.0,42273.0
2468442-B2,2,5,4,0.08054791390895844,130694.0,33473.0
2468442-B2,2,5,5,0.02092362940311432,110214.0,53953.0
2468442-B2,2,10,1,0.24749284982681274,14336.0,70945.0
2468442-B2,2,10,2,0.18551626801490784,38912.0,21793.0
2468442-B2,2,10,3,0.17057786881923676,43008.0,42273.0
2468442-B2,2,10,4,0.08054791390895844,130694.0,33473.0
2468442-B2,2,10,5,0.02092362940311432,110214.0,53953.0
2468442-B2,2,10,6,0.020254570990800858,51200.0,50465.0
2468442-B2,2,10,7,0.0197280403226614,30720.0,21793.0
2468442-B2,2,10,8,0.019145172089338303,38912.0,42273.0
2468442-B2,2,10,9,0.018671594560146332,34816.0,21793.0
2468442-B2,2,10,10,0.01754135638475418,43008.0,46369.0
2468450-B2,2,3,1,0.2955678403377533,112328.0,36976.0
2468450-B2,2,3,2,0.2440095692873001,87752.0,45168.0
2468450-B2,2,3,3,0.11458010971546173,20000.0,42432.0
2468450-B2,2,5,1,0.2955678403377533,112328.0,36976.0
2468450-B2,2,5,2,0.2440095692873001,87752.0,45168.0
2468450-B2,2,5,3,0.11458010971546173,20000.0,42432.0
2468450-B2,2,5,4,0.05662061274051666,108232.0,32880.0
2468450-B2,2,5,5,0.05096591264009476,36384.0,46528.0
2468450-B2,2,10,1,0.2955678403377533,112328.0,36976.0
2468450-B2,2,10,2,0.2440095692873001,87752.0,45168.0
2468450-B2,2,10,3,0.11458010971546173,20000.0,42432.0
2468450-B2,2,10,4,0.05662061274051666,108232.0,32880.0
2468450-B2,2,10,5,0.05096591264009476,36384.0,46528.0
2468450-B2,2,10,6,0.041394345462322235,95944.0,36976.0
2468450-B2,2,10,7,0.033762648701667786,108232.0,36976.0
2468450-B2,2,10,8,0.022050779312849045,32288.0,42432.0
2468450-B2,2,10,9,0.01330571435391903,36384.0,38336.0
2468450-B2,2,10,10,0.012258460745215416,87752.0,41072.0
2468720-B2,2,3,1,0.8463647961616516,96337.0,32241.0
2468720-B2,2,3,2,0.08468567579984665,36368.0,27152.0
2468720-B2,2,3,3,0.018289590254426003,40464.0,31248.0
2468720-B2,2,5,1,0.8463647961616516,96337.0,32241.0
2468720-B2,2,5,2,0.08468567579984665,36368.0,27152.0
2468720-B2,2,5,3,0.018289590254426003,40464.0,31248.0
2468720-B2,2,5,4,0.01730048470199108,100433.0,19953.0
2468720-B2,2,5,5,0.01033878605812788,40464.0,27152.0
2468720-B2,2,10,1,0.8463647961616516,96337.0,32241.0
2468720-B2,2,10,2,0.08468567579984665,36368.0,27152.0
2468720-B2,2,10,3,0.018289590254426003,40464.0,31248.0
2468720-B2,2,10,4,0.01730048470199108,100433.0,19953.0
2468720-B2,2,10,5,0.01033878605812788,40464.0,27152.0
2468720-B2,2,10,6,0.002795304637402296,100433.0,28145.0
2468720-B2,2,10,7,0.002601045649498701,32272.0,27152.0
2468720-B2,2,10,8,0.0012915295083075762,7696.0,14864.0
2468720-B2,2,10,9,0.0009084345656447113,104529.0,36337.0
2468720-B2,2,10,10,0.0008148749475367367,7696.0,18960.0
2468954-B2,2,3,1,0.5946674346923828,24816.0,45266.0
2468954-B2,2,3,2,0.21354803442955017,88997.0,18593.0
2468954-B2,2,3,3,0.061850372701883316,37104.0,28882.0
2468954-B2,2,5,1,0.5946674346923828,24816.0,45266.0
2468954-B2,2,5,2,0.21354803442955017,88997.0,18593.0
2468954-B2,2,5,3,0.061850372701883316,37104.0,28882.0
2468954-B2,2,5,4,0.030923519283533096,28912.0,37074.0
2468954-B2,2,5,5,0.023747775703668594,84901.0,34977.0
2468954-B2,2,10,1,0.5946674346923828,24816.0,45266.0
2468954-B2,2,10,2,0.21354803442955017,88997.0,18593.0
2468954-B2,2,10,3,0.061850372701883316,37104.0,28882.0
2468954-B2,2,10,4,0.030923519283533096,28912.0,37074.0
2468954-B2,2,10,5,0.023747775703668594,84901.0,34977.0
2468954-B2,2,10,6,0.0214250348508358,88997.0,22689.0
2468954-B2,2,10,7,0.009716005064547062,33008.0,28882.0
2468954-B2,2,10,8,0.00870688445866108,80805.0,18593.0
2468954-B2,2,10,9,0.005895482376217842,20720.0,32978.0
2468954-B2,2,10,10,0.003939418587833643,80805.0,34977.0
2469019-B2,2,3,1,0.2088892161846161,101524.0,27264.0
2469019-B2,2,3,2,0.16299307346343994,14864.0,51808.0
2469019-B2,2,3,3,0.05818720906972885,105620.0,27264.0
2469019-B2,2,5,1,0.2088892161846161,101524.0,27264.0
2469019-B2,2,5,2,0.16299307346343994,14864.0,51808.0
2469019-B2,2,5,3,0.05818720906972885,105620.0,27264.0
2469019-B2,2,5,4,0.05775054544210434,47632.0,51808.0
2469019-B2,2,5,5,0.05278923735022545,93332.0,31360.0
2469019-B2,2,10,1,0.2088892161846161,101524.0,27264.0
2469019-B2,2,10,2,0.16299307346343994,14864.0,51808.0
2469019-B2,2,10,3,0.05818720906972885,105620.0,27264.0
2469019-B2,2,10,4,0.05775054544210434,47632.0,51808.0
2469019-B2,2,10,5,0.05278923735022545,93332.0,31360.0
2469019-B2,2,10,6,0.052607908844947815,109716.0,27264.0
2469019-B2,2,10,7,0.04770748317241669,39440.0,39520.0
2469019-B2,2,10,8,0.04545854777097702,39440.0,43616.0
2469019-B2,2,10,9,0.034166429191827774,27152.0,60000.0
2469019-B2,2,10,10,0.03277131915092468,35344.0,19040.0
2469023-B4,2,3,1,0.6081071496009827,37120.0,50257.0
2469023-B4,2,3,2,0.09258896857500076,49408.0,33873.0
2469023-B4,2,3,3,0.08860833942890167,103809.0,61632.0
2469023-B4,2,5,1,0.6081071496009827,37120.0,50257.0
2469023-B4,2,5,2,0.09258896857500076,49408.0,33873.0
2469023-B4,2,5,3,0.08860833942890167,103809.0,61632.0
2469023-B4,2,5,4,0.06414064764976501,99713.0,65728.0
2469023-B4,2,5,5,0.0317089669406414,45312.0,54353.0
2469023-B4,2,10,1,0.6081071496009827,37120.0,50257.0
2469023-B4,2,10,2,0.09258896857500076,49408.0,33873.0
2469023-B4,2,10,3,0.08860833942890167,103809.0,61632.0
2469023-B4,2,10,4,0.06414064764976501,99713.0,65728.0
2469023-B4,2,10,5,0.0317089669406414,45312.0,54353.0
2469023-B4,2,10,6,0.018675949424505234,99713.0,53440.0
2469023-B4,2,10,7,0.01259586401283741,45312.0,58449.0
2469023-B4,2,10,8,0.009610708802938461,24832.0,58449.0
2469023-B4,2,10,9,0.0064858123660087585,99713.0,61632.0
2469023-B4,2,10,10,0.005367800127714872,107905.0,49344.0
2469072-B2,2,3,1,0.1670151650905609,24928.0,58082.0
2469072-B2,2,3,2,0.1635945588350296,20832.0,58082.0
2469072-B2,2,3,3,0.15135446190834045,29024.0,53986.0
2469072-B2,2,5,1,0.1670151650905609,24928.0,58082.0
2469072-B2,2,5,2,0.1635945588350296,20832.0,58082.0
2469072-B2,2,5,3,0.15135446190834045,29024.0,53986.0
2469072-B2,2,5,4,0.13609661161899567,90800.0,48849.0
2469072-B2,2,5,5,0.13528206944465637,33120.0,58082.0
2469072-B2,2,10,1,0.1670151650905609,24928.0,58082.0
2469072-B2,2,10,2,0.1635945588350296,20832.0,58082.0
2469072-B2,2,10,3,0.15135446190834045,29024.0,53986.0
2469072-B2,2,10,4,0.13609661161899567,90800.0,48849.0
2469072-B2,2,10,5,0.13528206944465637,33120.0,58082.0
2469072-B2,2,10,6,0.03644923120737076,29024.0,58082.0
2469072-B2,2,10,7,0.02314165234565735,98992.0,36561.0
2469072-B2,2,10,8,0.02141481824219227,20832.0,66274.0
2469072-B2,2,10,9,0.019561413675546646,20832.0,53986.0
2469072-B2,2,10,10,0.017786119133234024,98992.0,52945.0
2469110-B3,2,3,1,0.348882257938385,7984.0,28257.0
2469110-B3,2,3,2,0.12402550876140594,44848.0,15969.0
2469110-B3,2,3,3,0.10335635393857956,36656.0,24161.0
2469110-B3,2,5,1,0.348882257938385,7984.0,28257.0
2469110-B3,2,5,2,0.12402550876140594,44848.0,15969.0
2469110-B3,2,5,3,0.10335635393857956,36656.0,24161.0
2469110-B3,2,5,4,0.04486354440450668,20272.0,15969.0
2469110-B3,2,5,5,0.039287764579057693,112697.0,18449.0
2469110-B3,2,10,1,0.348882257938385,7984.0,28257.0
2469110-B3,2,10,2,0.12402550876140594,44848.0,15969.0
2469110-B3,2,10,3,0.10335635393857956,36656.0,24161.0
2469110-B3,2,10,4,0.04486354440450668,20272.0,15969.0
2469110-B3,2,10,5,0.039287764579057693,112697.0,18449.0
2469110-B3,2,10,6,0.03841661289334297,20272.0,48737.0
2469110-B3,2,10,7,0.027748171240091324,100409.0,34833.0
2469110-B3,2,10,8,0.026711048558354378,92217.0,55313.0
2469110-B3,2,10,9,0.023045819252729416,24368.0,20065.0
2469110-B3,2,10,10,0.022739049047231674,36656.0,32353.0
2469260-B3,2,3,1,0.29669398069381714,40688.0,7808.0
2469260-B3,2,3,2,0.15561234951019287,7920.0,28288.0
2469260-B3,2,3,3,0.12734611332416534,40688.0,16000.0
2469260-B3,2,5,1,0.29669398069381714,40688.0,7808.0
2469260-B3,2,5,2,0.15561234951019287,7920.0,28288.0
2469260-B3,2,5,3,0.12734611332416534,40688.0,16000.0
2469260-B3,2,5,4,0.11684245616197586,105700.0,14976.0
2469260-B3,2,5,5,0.0720004141330719,16112.0,36480.0
2469260-B3,2,10,1,0.29669398069381714,40688.0,7808.0
2469260-B3,2,10,2,0.15561234951019287,7920.0,28288.0
2469260-B3,2,10,3,0.12734611332416534,40688.0,16000.0
2469260-B3,2,10,4,0.11684245616197586,105700.0,14976.0
2469260-B3,2,10,5,0.0720004141330719,16112.0,36480.0
2469260-B3,2,10,6,0.024644989520311356,32496.0,28288.0
2469260-B3,2,10,7,0.017316609621047974,48880.0,7808.0
2469260-B3,2,10,8,0.016871176660060883,16112.0,32384.0
2469260-B3,2,10,9,0.014968516305088997,12016.0,16000.0
2469260-B3,2,10,10,0.014526729471981525,85220.0,39552.0
2469515-B2,2,3,1,0.775151252746582,82598.0,9105.0
2469515-B2,2,3,2,0.03040114790201187,90790.0,33681.0
2469515-B2,2,3,3,0.02761966362595558,86694.0,37777.0
2469515-B2,2,5,1,0.775151252746582,82598.0,9105.0
2469515-B2,2,5,2,0.03040114790201187,90790.0,33681.0
2469515-B2,2,5,3,0.02761966362595558,86694.0,37777.0
2469515-B2,2,5,4,0.022172167897224426,86694.0,29585.0
2469515-B2,2,5,5,0.01994934305548668,27777.0,30370.0
2469515-B2,2,10,1,0.775151252746582,82598.0,9105.0
2469515-B2,2,10,2,0.03040114790201187,90790.0,33681.0
2469515-B2,2,10,3,0.02761966362595558,86694.0,37777.0
2469515-B2,2,10,4,0.022172167897224426,86694.0,29585.0
2469515-B2,2,10,5,0.01994934305548668,27777.0,30370.0
2469515-B2,2,10,6,0.01904609054327011,74406.0,21393.0
2469515-B2,2,10,7,0.01780255138874054,94886.0,33681.0
2469515-B2,2,10,8,0.011370174586772919,90790.0,25489.0
2469515-B2,2,10,9,0.008676417171955109,74406.0,17297.0
2469515-B2,2,10,10,0.007344507612287998,78502.0,17297.0
2470647-B2,2,3,1,0.29185500741004944,164905.0,19346.0
2470647-B2,2,3,2,0.08978566527366638,160809.0,68498.0
2470647-B2,2,3,3,0.08367626368999481,160809.0,23442.0
2470647-B2,2,5,1,0.29185500741004944,164905.0,19346.0
2470647-B2,2,5,2,0.08978566527366638,160809.0,68498.0
2470647-B2,2,5,3,0.08367626368999481,160809.0,23442.0
2470647-B2,2,5,4,0.07267538458108902,75859.0,31714.0
2470647-B2,2,5,5,0.04615491256117821,104531.0,15330.0
2470647-B2,2,10,1,0.29185500741004944,164905.0,19346.0
2470647-B2,2,10,2,0.08978566527366638,160809.0,68498.0
2470647-B2,2,10,3,0.08367626368999481,160809.0,23442.0
2470647-B2,2,10,4,0.07267538458108902,75859.0,31714.0
2470647-B2,2,10,5,0.04615491256117821,104531.0,15330.0
2470647-B2,2,10,6,0.03391163796186447,152617.0,27538.0
2470647-B2,2,10,7,0.023685604333877563,100435.0,23522.0
2470647-B2,2,10,8,0.022061429917812347,152617.0,39826.0
2470647-B2,2,10,9,0.01917407475411892,138057.0,55017.0
2470647-B2,2,10,10,0.018702957779169083,100435.0,19426.0
2472481-B2,2,3,1,0.2269868403673172,31552.0,28546.0
2472481-B2,2,3,2,0.18377818167209625,94853.0,34833.0
2472481-B2,2,3,3,0.11729609966278076,98949.0,47121.0
2472481-B2,2,5,1,0.2269868403673172,31552.0,28546.0
2472481-B2,2,5,2,0.18377818167209625,94853.0,34833.0
2472481-B2,2,5,3,0.11729609966278076,98949.0,47121.0
2472481-B2,2,5,4,0.07085032761096954,35648.0,49026.0
2472481-B2,2,5,5,0.04307226464152336,82565.0,51217.0
2472481-B2,2,10,1,0.2269868403673172,31552.0,28546.0
2472481-B2,2,10,2,0.18377818167209625,94853.0,34833.0
2472481-B2,2,10,3,0.11729609966278076,98949.0,47121.0
2472481-B2,2,10,4,0.07085032761096954,35648.0,49026.0
2472481-B2,2,10,5,0.04307226464152336,82565.0,51217.0
2472481-B2,2,10,6,0.03932812809944153,98949.0,34833.0
2472481-B2,2,10,7,0.039159804582595825,35648.0,44930.0
2472481-B2,2,10,8,0.036152105778455734,107141.0,38929.0
2472481-B2,2,10,9,0.026929765939712524,103045.0,47121.0
2472481-B2,2,10,10,0.025659866631031036,39744.0,32642.0
2472509-B4,2,3,1,0.5662937760353088,92805.0,41760.0
2472509-B4,2,3,2,0.20134183764457703,92805.0,37664.0
2472509-B4,2,3,3,0.07943997532129288,32288.0,43472.0
2472509-B4,2,5,1,0.5662937760353088,92805.0,41760.0
2472509-B4,2,5,2,0.20134183764457703,92805.0,37664.0
2472509-B4,2,5,3,0.07943997532129288,32288.0,43472.0
2472509-B4,2,5,4,0.04451432824134827,88709.0,41760.0
2472509-B4,2,5,5,0.03673148155212402,36384.0,22992.0
2472509-B4,2,10,1,0.5662937760353088,92805.0,41760.0
2472509-B4,2,10,2,0.20134183764457703,92805.0,37664.0
2472509-B4,2,10,3,0.07943997532129288,32288.0,43472.0
2472509-B4,2,10,4,0.04451432824134827,88709.0,41760.0
2472509-B4,2,10,5,0.03673148155212402,36384.0,22992.0
2472509-B4,2,10,6,0.013567255809903145,28192.0,43472.0
2472509-B4,2,10,7,0.00835328083485365,28192.0,39376.0
2472509-B4,2,10,8,0.006967716850340366,105093.0,37664.0
2472509-B4,2,10,9,0.005482321139425039,80517.0,41760.0
2472509-B4,2,10,10,0.0050947777926921844,88709.0,45856.0
2473218-B2,2,3,1,0.43255919218063354,123302.0,59665.0
2473218-B2,2,3,2,0.2990339994430542,26448.0,38672.0
2473218-B2,2,3,3,0.07646625488996506,22352.0,26384.0
2473218-B2,2,5,1,0.43255919218063354,123302.0,59665.0
2473218-B2,2,5,2,0.2990339994430542,26448.0,38672.0
2473218-B2,2,5,3,0.07646625488996506,22352.0,26384.0
2473218-B2,2,5,4,0.027101080864667892,127398.0,35089.0
2473218-B2,2,5,5,0.023151978850364685,18256.0,30480.0
2473218-B2,2,10,1,0.43255919218063354,123302.0,59665.0
2473218-B2,2,10,2,0.2990339994430542,26448.0,38672.0
2473218-B2,2,10,3,0.07646625488996506,22352.0,26384.0
2473218-B2,2,10,4,0.027101080864667892,127398.0,35089.0
2473218-B2,2,10,5,0.023151978850364685,18256.0,30480.0
2473218-B2,2,10,6,0.013149052858352661,26448.0,26384.0
2473218-B2,2,10,7,0.010996703989803791,38736.0,22288.0
2473218-B2,2,10,8,0.010640827938914299,18256.0,26384.0
2473218-B2,2,10,9,0.007993906736373901,42832.0,34576.0
2473218-B2,2,10,10,0.006586777977645397,127398.0,63761.0
2473228-B2,2,3,1,0.28229019045829773,81680.0,38035.0
2473228-B2,2,3,2,0.15804967284202576,24144.0,33121.0
2473228-B2,2,3,3,0.13479310274124146,77584.0,42131.0
2473228-B2,2,5,1,0.28229019045829773,81680.0,38035.0
2473228-B2,2,5,2,0.15804967284202576,24144.0,33121.0
2473228-B2,2,5,3,0.13479310274124146,77584.0,42131.0
2473228-B2,2,5,4,0.058400414884090424,98064.0,33939.0
2473228-B2,2,5,5,0.0438813641667366,93968.0,29843.0
2473228-B2,2,10,1,0.28229019045829773,81680.0,38035.0
2473228-B2,2,10,2,0.15804967284202576,24144.0,33121.0
2473228-B2,2,10,3,0.13479310274124146,77584.0,42131.0
2473228-B2,2,10,4,0.058400414884090424,98064.0,33939.0
2473228-B2,2,10,5,0.0438813641667366,93968.0,29843.0
2473228-B2,2,10,6,0.04023057967424393,32336.0,33121.0
2473228-B2,2,10,7,0.035662442445755005,15952.0,41313.0
2473228-B2,2,10,8,0.027072137221693993,93968.0,38035.0
2473228-B2,2,10,9,0.023508956655859947,89872.0,38035.0
2473228-B2,2,10,10,0.02187098190188408,85776.0,33939.0
2473545-B2,2,3,1,0.19597980380058289,134438.0,37888.0
2473545-B2,2,3,2,0.1436358094215393,105766.0,29696.0
2473545-B2,2,3,3,0.13127318024635315,42161.0,25616.0
2473545-B2,2,5,1,0.19597980380058289,134438.0,37888.0
2473545-B2,2,5,2,0.1436358094215393,105766.0,29696.0
2473545-B2,2,5,3,0.13127318024635315,42161.0,25616.0
2473545-B2,2,5,4,0.12665048241615295,38065.0,17424.0
2473545-B2,2,5,5,0.07127976417541504,122150.0,13312.0
2473545-B2,2,10,1,0.19597980380058289,134438.0,37888.0
2473545-B2,2,10,2,0.1436358094215393,105766.0,29696.0
2473545-B2,2,10,3,0.13127318024635315,42161.0,25616.0
2473545-B2,2,10,4,0.12665048241615295,38065.0,17424.0
2473545-B2,2,10,5,0.07127976417541504,122150.0,13312.0
2473545-B2,2,10,6,0.05266398563981056,38065.0,42000.0
2473545-B2,2,10,7,0.03589785471558571,130342.0,21504.0
2473545-B2,2,10,8,0.019168542698025703,42161.0,37904.0
2473545-B2,2,10,9,0.015478870831429958,54449.0,50192.0
2473545-B2,2,10,10,0.01398751325905323,126246.0,9216.0
2473545-B3,2,3,1,0.2774503827095032,34080.0,62032.0
2473545-B3,2,3,2,0.09439219534397125,21792.0,37456.0
2473545-B3,2,3,3,0.07677420973777771,110338.0,48736.0
2473545-B3,2,5,1,0.2774503827095032,34080.0,62032.0
2473545-B3,2,5,2,0.09439219534397125,21792.0,37456.0
2473545-B3,2,5,3,0.07677420973777771,110338.0,48736.0
2473545-B3,2,5,4,0.07039661705493927,29984.0,16976.0
2473545-B3,2,5,5,0.06815098226070404,21792.0,53840.0
2473545-B3,2,10,1,0.2774503827095032,34080.0,62032.0
2473545-B3,2,10,2,0.09439219534397125,21792.0,37456.0
2473545-B3,2,10,3,0.07677420973777771,110338.0,48736.0
2473545-B3,2,10,4,0.07039661705493927,29984.0,16976.0
2473545-B3,2,10,5,0.06815098226070404,21792.0,53840.0
2473545-B3,2,10,6,0.0632905438542366,102146.0,40544.0
2473545-B3,2,10,7,0.03145600110292435,38176.0,25168.0
2473545-B3,2,10,8,0.028043093159794807,29984.0,25168.0
2473545-B3,2,10,9,0.02326563186943531,102146.0,20064.0
2473545-B3,2,10,10,0.016549862921237946,42272.0,33360.0
2473623-B2,2,3,1,0.5195814371109009,15392.0,28385.0
2473623-B2,2,3,2,0.10448235273361206,97396.0,21313.0
2473623-B2,2,3,3,0.09319858253002167,89204.0,25409.0
2473623-B2,2,5,1,0.5195814371109009,15392.0,28385.0
2473623-B2,2,5,2,0.10448235273361206,97396.0,21313.0
2473623-B2,2,5,3,0.09319858253002167,89204.0,25409.0
2473623-B2,2,5,4,0.053572554141283035,101492.0,21313.0
2473623-B2,2,5,5,0.03290451318025589,31776.0,36577.0
2473623-B2,2,10,1,0.5195814371109009,15392.0,28385.0
2473623-B2,2,10,2,0.10448235273361206,97396.0,21313.0
2473623-B2,2,10,3,0.09319858253002167,89204.0,25409.0
2473623-B2,2,10,4,0.053572554141283035,101492.0,21313.0
2473623-B2,2,10,5,0.03290451318025589,31776.0,36577.0
2473623-B2,2,10,6,0.028596006333827972,93300.0,21313.0
2473623-B2,2,10,7,0.02697603590786457,23584.0,28385.0
2473623-B2,2,10,8,0.02173304185271263,97396.0,17217.0
2473623-B2,2,10,9,0.01757650449872017,19488.0,28385.0
2473623-B2,2,10,10,0.015152478590607643,93300.0,29505.0
2474188-B2,2,3,1,0.247341588139534,23104.0,38400.0
2474188-B2,2,3,2,0.23173324763774872,94864.0,54224.0
2474188-B2,2,3,3,0.07824239134788513,103056.0,41936.0
2474188-B2,2,5,1,0.247341588139534,23104.0,38400.0
2474188-B2,2,5,2,0.23173324763774872,94864.0,54224.0
2474188-B2,2,5,3,0.07824239134788513,103056.0,41936.0
2474188-B2,2,5,4,0.04891529306769371,35392.0,46592.0
2474188-B2,2,5,5,0.04279708117246628,115344.0,50128.0
2474188-B2,2,10,1,0.247341588139534,23104.0,38400.0
2474188-B2,2,10,2,0.23173324763774872,94864.0,54224.0
2474188-B2,2,10,3,0.07824239134788513,103056.0,41936.0
2474188-B2,2,10,4,0.04891529306769371,35392.0,46592.0
2474188-B2,2,10,5,0.04279708117246628,115344.0,50128.0
2474188-B2,2,10,6,0.034332383424043655,111248.0,25552.0
2474188-B2,2,10,7,0.025177467614412308,19008.0,54784.0
2474188-B2,2,10,8,0.02390807867050171,103056.0,54224.0
2474188-B2,2,10,9,0.020279940217733383,139920.0,54224.0
2474188-B2,2,10,10,0.016783447936177254,19008.0,42496.0
2474626-B2,2,3,1,0.5758799314498901,119938.0,24353.0
2474626-B2,2,3,2,0.08161669224500656,115842.0,32545.0
2474626-B2,2,3,3,0.06677290797233582,44160.0,26817.0
2474626-B2,2,5,1,0.5758799314498901,119938.0,24353.0
2474626-B2,2,5,2,0.08161669224500656,115842.0,32545.0
2474626-B2,2,5,3,0.06677290797233582,44160.0,26817.0
2474626-B2,2,5,4,0.05707528442144394,111746.0,20257.0
2474626-B2,2,5,5,0.028184182941913605,115842.0,20257.0
2474626-B2,2,10,1,0.5758799314498901,119938.0,24353.0
2474626-B2,2,10,2,0.08161669224500656,115842.0,32545.0
2474626-B2,2,10,3,0.06677290797233582,44160.0,26817.0
2474626-B2,2,10,4,0.05707528442144394,111746.0,20257.0
2474626-B2,2,10,5,0.028184182941913605,115842.0,20257.0
2474626-B2,2,10,6,0.027931490913033485,44160.0,39105.0
2474626-B2,2,10,7,0.020961154252290726,111746.0,24353.0
2474626-B2,2,10,8,0.016609977930784225,111746.0,16161.0
2474626-B2,2,10,9,0.015292773023247719,111746.0,32545.0
2474626-B2,2,10,10,0.012433505617082119,48256.0,35009.0
2474704-B2,2,3,1,0.24614082276821136,19937.0,40513.0
2474704-B2,2,3,2,0.16047872602939606,19937.0,56897.0
2474704-B2,2,3,3,0.09330890327692032,24033.0,44609.0
2474704-B2,2,5,1,0.24614082276821136,19937.0,40513.0
2474704-B2,2,5,2,0.16047872602939606,19937.0,56897.0
2474704-B2,2,5,3,0.09330890327692032,24033.0,44609.0
2474704-B2,2,5,4,0.08491383492946625,28129.0,36417.0
2474704-B2,2,5,5,0.07213862240314484,83033.0,39345.0
2474704-B2,2,10,1,0.24614082276821136,19937.0,40513.0
2474704-B2,2,10,2,0.16047872602939606,19937.0,56897.0
2474704-B2,2,10,3,0.09330890327692032,24033.0,44609.0
2474704-B2,2,10,4,0.08491383492946625,28129.0,36417.0
2474704-B2,2,10,5,0.07213862240314484,83033.0,39345.0
2474704-B2,2,10,6,0.046511463820934296,24033.0,24129.0
2474704-B2,2,10,7,0.040954846888780594,7649.0,44609.0
2474704-B2,2,10,8,0.021011387929320335,78937.0,31153.0
2474704-B2,2,10,9,0.01827571541070938,24033.0,36417.0
2474704-B2,2,10,10,0.01771487109363079,78937.0,22961.0
2476242-B2,2,3,1,0.41787517070770264,105364.0,59473.0
2476242-B2,2,3,2,0.35390180349349976,48736.0,36818.0
2476242-B2,2,3,3,0.027369221672415733,105364.0,55377.0
2476242-B2,2,5,1,0.41787517070770264,105364.0,59473.0
2476242-B2,2,5,2,0.35390180349349976,48736.0,36818.0
2476242-B2,2,5,3,0.027369221672415733,105364.0,55377.0
2476242-B2,2,5,4,0.01843278482556343,125844.0,22609.0
2476242-B2,2,5,5,0.015133274719119072,48736.0,28626.0
2476242-B2,2,10,1,0.41787517070770264,105364.0,59473.0
2476242-B2,2,10,2,0.35390180349349976,48736.0,36818.0
2476242-B2,2,10,3,0.027369221672415733,105364.0,55377.0
2476242-B2,2,10,4,0.01843278482556343,125844.0,22609.0
2476242-B2,2,10,5,0.015133274719119072,48736.0,28626.0
2476242-B2,2,10,6,0.013735519722104073,48736.0,32722.0
2476242-B2,2,10,7,0.009233841672539711,121748.0,30801.0
2476242-B2,2,10,8,0.009086627513170242,117652.0,26705.0
2476242-B2,2,10,9,0.007656586356461048,121748.0,18513.0
2476242-B2,2,10,10,0.007089702412486076,125844.0,34897.0
2476358-B2,2,3,1,0.7133475542068481,91415.0,31360.0
2476358-B2,2,3,2,0.10810191929340363,28464.0,32512.0
2476358-B2,2,3,3,0.03280059993267059,28464.0,36608.0
2476358-B2,2,5,1,0.7133475542068481,91415.0,31360.0
2476358-B2,2,5,2,0.10810191929340363,28464.0,32512.0
2476358-B2,2,5,3,0.03280059993267059,28464.0,36608.0
2476358-B2,2,5,4,0.023697104305028915,28464.0,28416.0
2476358-B2,2,5,5,0.01963195763528347,91415.0,27264.0
2476358-B2,2,10,1,0.7133475542068481,91415.0,31360.0
2476358-B2,2,10,2,0.10810191929340363,28464.0,32512.0
2476358-B2,2,10,3,0.03280059993267059,28464.0,36608.0
2476358-B2,2,10,4,0.023697104305028915,28464.0,28416.0
2476358-B2,2,10,5,0.01963195763528347,91415.0,27264.0
2476358-B2,2,10,6,0.013453235849738121,24368.0,32512.0
2476358-B2,2,10,7,0.011601167730987072,12080.0,52992.0
2476358-B2,2,10,8,0.008110081776976585,87319.0,23168.0
2476358-B2,2,10,9,0.006098079029470682,79127.0,27264.0
2476358-B2,2,10,10,0.005691171158105135,91415.0,23168.0
2476376-B2,2,3,1,0.23685038089752197,107345.0,17504.0
2476376-B2,2,3,2,0.18320831656455994,115537.0,17504.0
2476376-B2,2,3,3,0.09991259127855301,127825.0,33888.0
2476376-B2,2,5,1,0.23685038089752197,107345.0,17504.0
2476376-B2,2,5,2,0.18320831656455994,115537.0,17504.0
2476376-B2,2,5,3,0.09991259127855301,127825.0,33888.0
2476376-B2,2,5,4,0.09570329636335373,111441.0,33888.0
2476376-B2,2,5,5,0.07172267138957977,145730.0,4560.0
2476376-B2,2,10,1,0.23685038089752197,107345.0,17504.0
2476376-B2,2,10,2,0.18320831656455994,115537.0,17504.0
2476376-B2,2,10,3,0.09991259127855301,127825.0,33888.0
2476376-B2,2,10,4,0.09570329636335373,111441.0,33888.0
2476376-B2,2,10,5,0.07172267138957977,145730.0,4560.0
2476376-B2,2,10,6,0.05699469894170761,50064.0,39216.0
2476376-B2,2,10,7,0.03485242277383804,123729.0,37984.0
2476376-B2,2,10,8,0.03374951705336571,115537.0,21600.0
2476376-B2,2,10,9,0.024352654814720154,131921.0,37984.0
2476376-B2,2,10,10,0.021453479304909706,145986.0,68832.0
2476834-B3,2,3,1,0.49468567967414856,107169.0,51200.0
2476834-B3,2,3,2,0.09908780455589294,63184.0,21409.0
2476834-B3,2,3,3,0.05715792626142502,98977.0,47104.0
2476834-B3,2,5,1,0.49468567967414856,107169.0,51200.0
2476834-B3,2,5,2,0.09908780455589294,63184.0,21409.0
2476834-B3,2,5,3,0.05715792626142502,98977.0,47104.0
2476834-B3,2,5,4,0.03954928740859032,63184.0,45985.0
2476834-B3,2,5,5,0.037726737558841705,50896.0,25505.0
2476834-B3,2,10,1,0.49468567967414856,107169.0,51200.0
2476834-B3,2,10,2,0.09908780455589294,63184.0,21409.0
2476834-B3,2,10,3,0.05715792626142502,98977.0,47104.0
2476834-B3,2,10,4,0.03954928740859032,63184.0,45985.0
2476834-B3,2,10,5,0.037726737558841705,50896.0,25505.0
2476834-B3,2,10,6,0.035504091531038284,111265.0,51200.0
2476834-B3,2,10,7,0.02852013148367405,107169.0,55296.0
2476834-B3,2,10,8,0.018284130841493607,38608.0,54177.0
2476834-B3,2,10,9,0.01538852509111166,119457.0,59392.0
2476834-B3,2,10,10,0.013824018649756908,107169.0,43008.0
2476983-B,2,3,1,0.7762194275856018,96116.0,35488.0
2476983-B,2,3,2,0.05902324616909027,26721.0,55505.0
2476983-B,2,3,3,0.029459552839398384,39313.0,36208.0
2476983-B,2,5,1,0.7762194275856018,96116.0,35488.0
2476983-B,2,5,2,0.05902324616909027,26721.0,55505.0
2476983-B,2,5,3,0.029459552839398384,39313.0,36208.0
2476983-B,2,5,4,0.020310131832957268,35217.0,48496.0
2476983-B,2,5,5,0.0191941000521183,104308.0,31392.0
2476983-B,2,10,1,0.7762194275856018,96116.0,35488.0
2476983-B,2,10,2,0.05902324616909027,26721.0,55505.0
2476983-B,2,10,3,0.029459552839398384,39313.0,36208.0
2476983-B,2,10,4,0.020310131832957268,35217.0,48496.0
2476983-B,2,10,5,0.0191941000521183,104308.0,31392.0
2476983-B,2,10,6,0.015228692442178726,35217.0,36208.0
2476983-B,2,10,7,0.013868985697627068,30817.0,55505.0
2476983-B,2,10,8,0.011588016524910927,87924.0,35488.0
2476983-B,2,10,9,0.0112244738265872,100212.0,43680.0
2476983-B,2,10,10,0.010560641996562481,27025.0,11632.0
2477274-B3,2,3,1,0.43435657024383545,31473.0,34336.0
2477274-B3,2,3,2,0.10753901302814484,35569.0,34336.0
2477274-B3,2,3,3,0.06680738925933838,99656.0,61217.0
2477274-B3,2,5,1,0.43435657024383545,31473.0,34336.0
2477274-B3,2,5,2,0.10753901302814484,35569.0,34336.0
2477274-B3,2,5,3,0.06680738925933838,99656.0,61217.0
2477274-B3,2,5,4,0.032551851123571396,99656.0,65313.0
2477274-B3,2,5,5,0.02950112521648407,91464.0,44833.0
2477274-B3,2,10,1,0.43435657024383545,31473.0,34336.0
2477274-B3,2,10,2,0.10753901302814484,35569.0,34336.0
2477274-B3,2,10,3,0.06680738925933838,99656.0,61217.0
2477274-B3,2,10,4,0.032551851123571396,99656.0,65313.0
2477274-B3,2,10,5,0.02950112521648407,91464.0,44833.0
2477274-B3,2,10,6,0.02854163572192192,103752.0,57121.0
2477274-B3,2,10,7,0.02768985740840435,23281.0,38432.0
2477274-B3,2,10,8,0.02388184331357479,27377.0,38432.0
2477274-B3,2,10,9,0.02338050678372383,103752.0,48929.0
2477274-B3,2,10,10,0.022052425891160965,95560.0,44833.0
2477577-B3,2,3,1,0.28847694396972656,112624.0,36112.0
2477577-B3,2,3,2,0.18012630939483643,124912.0,27920.0
2477577-B3,2,3,3,0.12450385093688965,108528.0,27920.0
2477577-B3,2,5,1,0.28847694396972656,112624.0,36112.0
2477577-B3,2,5,2,0.18012630939483643,124912.0,27920.0
2477577-B3,2,5,3,0.12450385093688965,108528.0,27920.0
2477577-B3,2,5,4,0.08377017080783844,24976.0,44352.0
2477577-B3,2,5,5,0.023161262273788452,133104.0,40208.0
2477577-B3,2,10,1,0.28847694396972656,112624.0,36112.0
2477577-B3,2,10,2,0.18012630939483643,124912.0,27920.0
2477577-B3,2,10,3,0.12450385093688965,108528.0,27920.0
2477577-B3,2,10,4,0.08377017080783844,24976.0,44352.0
2477577-B3,2,10,5,0.023161262273788452,133104.0,40208.0
2477577-B3,2,10,6,0.019234003499150276,104432.0,27920.0
2477577-B3,2,10,7,0.019142847508192062,112624.0,32016.0
2477577-B3,2,10,8,0.017760293558239937,45456.0,32064.0
2477577-B3,2,10,9,0.017434848472476006,120816.0,15632.0
2477577-B3,2,10,10,0.008815314620733261,20880.0,44352.0
2477670-B2,2,3,1,0.32604116201400757,99095.0,33553.0
2477670-B2,2,3,2,0.08080116659402847,36352.0,36450.0
2477670-B2,2,3,3,0.056479763239622116,99095.0,45841.0
2477670-B2,2,5,1,0.32604116201400757,99095.0,33553.0
2477670-B2,2,5,2,0.08080116659402847,36352.0,36450.0
2477670-B2,2,5,3,0.056479763239622116,99095.0,45841.0
2477670-B2,2,5,4,0.04622673988342285,40448.0,44642.0
2477670-B2,2,5,5,0.04544621706008911,36352.0,28258.0
2477670-B2,2,10,1,0.32604116201400757,99095.0,33553.0
2477670-B2,2,10,2,0.08080116659402847,36352.0,36450.0
2477670-B2,2,10,3,0.056479763239622116,99095.0,45841.0
2477670-B2,2,10,4,0.04622673988342285,40448.0,44642.0
2477670-B2,2,10,5,0.04544621706008911,36352.0,28258.0
2477670-B2,2,10,6,0.041389696300029755,135548.0,208.0
2477670-B2,2,10,7,0.04035806283354759,28160.0,36450.0
2477670-B2,2,10,8,0.030331121757626534,103191.0,25361.0
2477670-B2,2,10,9,0.026749614626169205,103191.0,37649.0
2477670-B2,2,10,10,0.021273735910654068,40448.0,48738.0
2482483-B2,2,3,1,0.5451890826225281,102072.0,20480.0
2482483-B2,2,3,2,0.12477973848581314,89784.0,40960.0
2482483-B2,2,3,3,0.08108612895011902,93880.0,40960.0
2482483-B2,2,5,1,0.5451890826225281,102072.0,20480.0
2482483-B2,2,5,2,0.12477973848581314,89784.0,40960.0
2482483-B2,2,5,3,0.08108612895011902,93880.0,40960.0
2482483-B2,2,5,4,0.045470528304576874,24049.0,44368.0
2482483-B2,2,5,5,0.03340546786785126,93880.0,36864.0
2482483-B2,2,10,1,0.5451890826225281,102072.0,20480.0
2482483-B2,2,10,2,0.12477973848581314,89784.0,40960.0
2482483-B2,2,10,3,0.08108612895011902,93880.0,40960.0
2482483-B2,2,10,4,0.045470528304576874,24049.0,44368.0
2482483-B2,2,10,5,0.03340546786785126,93880.0,36864.0
2482483-B2,2,10,6,0.03281766548752785,28145.0,40272.0
2482483-B2,2,10,7,0.012187287211418152,97976.0,36864.0
2482483-B2,2,10,8,0.009352199733257294,114360.0,32768.0
2482483-B2,2,10,9,0.00766913965344429,102072.0,32768.0
2482483-B2,2,10,10,0.007288406137377024,97976.0,16384.0
2482952-B2,2,3,1,0.2806747555732727,106256.0,36913.0
2482952-B2,2,3,2,0.13653351366519928,102160.0,61489.0
2482952-B2,2,3,3,0.11037161946296692,102160.0,28721.0
2482952-B2,2,5,1,0.2806747555732727,106256.0,36913.0
2482952-B2,2,5,2,0.13653351366519928,102160.0,61489.0
2482952-B2,2,5,3,0.11037161946296692,102160.0,28721.0
2482952-B2,2,5,4,0.0724654421210289,102160.0,53297.0
2482952-B2,2,5,5,0.059214409440755844,98064.0,32817.0
2482952-B2,2,10,1,0.2806747555732727,106256.0,36913.0
2482952-B2,2,10,2,0.13653351366519928,102160.0,61489.0
2482952-B2,2,10,3,0.11037161946296692,102160.0,28721.0
2482952-B2,2,10,4,0.0724654421210289,102160.0,53297.0
2482952-B2,2,10,5,0.059214409440755844,98064.0,32817.0
2482952-B2,2,10,6,0.05751890689134598,30960.0,31504.0
2482952-B2,2,10,7,0.03907039016485214,102160.0,36913.0
2482952-B2,2,10,8,0.033697862178087234,30960.0,43792.0
2482952-B2,2,10,9,0.025436732918024063,93968.0,28721.0
2482952-B2,2,10,10,0.024549227207899094,126736.0,49201.0
2483055-B2,2,3,1,0.2727595865726471,142180.0,26880.0
2483055-B2,2,3,2,0.15775805711746216,146276.0,26880.0
2483055-B2,2,3,3,0.09961024671792984,76513.0,58320.0
2483055-B2,2,5,1,0.2727595865726471,142180.0,26880.0
2483055-B2,2,5,2,0.15775805711746216,146276.0,26880.0
2483055-B2,2,5,3,0.09961024671792984,76513.0,58320.0
2483055-B2,2,5,4,0.08156588673591614,43745.0,21456.0
2483055-B2,2,5,5,0.04485439509153366,64225.0,41936.0
2483055-B2,2,10,1,0.2727595865726471,142180.0,26880.0
2483055-B2,2,10,2,0.15775805711746216,146276.0,26880.0
2483055-B2,2,10,3,0.09961024671792984,76513.0,58320.0
2483055-B2,2,10,4,0.08156588673591614,43745.0,21456.0
2483055-B2,2,10,5,0.04485439509153366,64225.0,41936.0
2483055-B2,2,10,6,0.041612450033426285,76513.0,13264.0
2483055-B2,2,10,7,0.039995405822992325,35553.0,29648.0
2483055-B2,2,10,8,0.03450495004653931,68321.0,29648.0
2483055-B2,2,10,9,0.033972129225730896,60129.0,33744.0
2483055-B2,2,10,10,0.019885718822479248,117604.0,18688.0
2484312-B2,2,3,1,0.27620363235473633,36432.0,35200.0
2484312-B2,2,3,2,0.18484415113925934,111187.0,57616.0
2484312-B2,2,3,3,0.10279195010662079,115283.0,37136.0
2484312-B2,2,5,1,0.27620363235473633,36432.0,35200.0
2484312-B2,2,5,2,0.18484415113925934,111187.0,57616.0
2484312-B2,2,5,3,0.10279195010662079,115283.0,37136.0
2484312-B2,2,5,4,0.030776450410485268,123475.0,37136.0
2484312-B2,2,5,5,0.02944018691778183,44624.0,51584.0
2484312-B2,2,10,1,0.27620363235473633,36432.0,35200.0
2484312-B2,2,10,2,0.18484415113925934,111187.0,57616.0
2484312-B2,2,10,3,0.10279195010662079,115283.0,37136.0
2484312-B2,2,10,4,0.030776450410485268,123475.0,37136.0
2484312-B2,2,10,5,0.02944018691778183,44624.0,51584.0
2484312-B2,2,10,6,0.027048787102103233,115283.0,45328.0
2484312-B2,2,10,7,0.025802187621593475,40528.0,39296.0
2484312-B2,2,10,8,0.02539767697453499,115283.0,49424.0
2484312-B2,2,10,9,0.024576086550951004,32336.0,47488.0
2484312-B2,2,10,10,0.019906852394342422,44624.0,59776.0
2484633-B2,2,3,1,0.8403841257095337,20096.0,35217.0
2484633-B2,2,3,2,0.06231949105858803,94532.0,16113.0
2484633-B2,2,3,3,0.015033913776278496,98628.0,16113.0
2484633-B2,2,5,1,0.8403841257095337,20096.0,35217.0
2484633-B2,2,5,2,0.06231949105858803,94532.0,16113.0
2484633-B2,2,5,3,0.015033913776278496,98628.0,16113.0
2484633-B2,2,5,4,0.011552762240171432,94532.0,20209.0
2484633-B2,2,5,5,0.006442274898290634,98628.0,40689.0
2484633-B2,2,10,1,0.8403841257095337,20096.0,35217.0
2484633-B2,2,10,2,0.06231949105858803,94532.0,16113.0
2484633-B2,2,10,3,0.015033913776278496,98628.0,16113.0
2484633-B2,2,10,4,0.011552762240171432,94532.0,20209.0
2484633-B2,2,10,5,0.006442274898290634,98628.0,40689.0
2484633-B2,2,10,6,0.005846298765391111,82244.0,24305.0
2484633-B2,2,10,7,0.00561062665656209,82244.0,40689.0
2484633-B2,2,10,8,0.003410480683669448,94532.0,44785.0
2484633-B2,2,10,9,0.003303563455119729,78148.0,40689.0
2484633-B2,2,10,10,0.0027550789527595043,36480.0,47505.0
2484734-B5,2,3,1,0.29887115955352783,70722.0,31105.0
2484734-B5,2,3,2,0.09656227380037308,24336.0,42898.0
2484734-B5,2,3,3,0.07593367993831635,28432.0,18322.0
2484734-B5,2,5,1,0.29887115955352783,70722.0,31105.0
2484734-B5,2,5,2,0.09656227380037308,24336.0,42898.0
2484734-B5,2,5,3,0.07593367993831635,28432.0,18322.0
2484734-B5,2,5,4,0.07439608871936798,74818.0,6529.0
2484734-B5,2,5,5,0.07287406176328659,74818.0,27009.0
2484734-B5,2,10,1,0.29887115955352783,70722.0,31105.0
2484734-B5,2,10,2,0.09656227380037308,24336.0,42898.0
2484734-B5,2,10,3,0.07593367993831635,28432.0,18322.0
2484734-B5,2,10,4,0.07439608871936798,74818.0,6529.0
2484734-B5,2,10,5,0.07287406176328659,74818.0,27009.0
2484734-B5,2,10,6,0.06994365155696869,70722.0,27009.0
2484734-B5,2,10,7,0.04056355357170105,16144.0,26514.0
2484734-B5,2,10,8,0.03750038892030716,20240.0,30610.0
2484734-B5,2,10,9,0.03307173401117325,28432.0,34706.0
2484734-B5,2,10,10,0.02700049616396427,74818.0,22913.0
2484743-B4,2,3,1,0.21346604824066162,28544.0,47458.0
2484743-B4,2,3,2,0.20989081263542175,32640.0,39266.0
2484743-B4,2,3,3,0.18289221823215485,20352.0,14690.0
2484743-B4,2,5,1,0.21346604824066162,28544.0,47458.0
2484743-B4,2,5,2,0.20989081263542175,32640.0,39266.0
2484743-B4,2,5,3,0.18289221823215485,20352.0,14690.0
2484743-B4,2,5,4,0.0636393129825592,28544.0,31074.0
2484743-B4,2,5,5,0.05455742031335831,32640.0,43362.0
2484743-B4,2,10,1,0.21346604824066162,28544.0,47458.0
2484743-B4,2,10,2,0.20989081263542175,32640.0,39266.0
2484743-B4,2,10,3,0.18289221823215485,20352.0,14690.0
2484743-B4,2,10,4,0.0636393129825592,28544.0,31074.0
2484743-B4,2,10,5,0.05455742031335831,32640.0,43362.0
2484743-B4,2,10,6,0.053581058979034424,24448.0,22882.0
2484743-B4,2,10,7,0.03718344867229462,24448.0,39266.0
2484743-B4,2,10,8,0.03564121574163437,108770.0,34306.0
2484743-B4,2,10,9,0.03179704770445824,104674.0,50690.0
2484743-B4,2,10,10,0.026303254067897797,32640.0,31074.0
2485303-B2,2,3,1,0.6719247698783875,125922.0,43665.0
2485303-B2,2,3,2,0.14069309830665588,109538.0,39569.0
2485303-B2,2,3,3,0.018394604325294495,117730.0,27281.0
2485303-B2,2,5,1,0.6719247698783875,125922.0,43665.0
2485303-B2,2,5,2,0.14069309830665588,109538.0,39569.0
2485303-B2,2,5,3,0.018394604325294495,117730.0,27281.0
2485303-B2,2,5,4,0.01747295632958412,44640.0,43553.0
2485303-B2,2,5,5,0.016807150095701218,113634.0,47761.0
2485303-B2,2,10,1,0.6719247698783875,125922.0,43665.0
2485303-B2,2,10,2,0.14069309830665588,109538.0,39569.0
2485303-B2,2,10,3,0.018394604325294495,117730.0,27281.0
2485303-B2,2,10,4,0.01747295632958412,44640.0,43553.0
2485303-B2,2,10,5,0.016807150095701218,113634.0,47761.0
2485303-B2,2,10,6,0.01566976122558117,52832.0,43553.0
2485303-B2,2,10,7,0.01446732971817255,61024.0,31265.0
2485303-B2,2,10,8,0.013206467032432556,113634.0,27281.0
2485303-B2,2,10,9,0.00927767250686884,36448.0,43553.0
2485303-B2,2,10,10,0.00857716053724289,48736.0,43553.0
2486653-B2,2,3,1,0.2960525453090668,85815.0,29072.0
2486653-B2,2,3,2,0.15447725355625153,85815.0,24976.0
2486653-B2,2,3,3,0.13356903195381165,20112.0,29393.0
2486653-B2,2,5,1,0.2960525453090668,85815.0,29072.0
2486653-B2,2,5,2,0.15447725355625153,85815.0,24976.0
2486653-B2,2,5,3,0.13356903195381165,20112.0,29393.0
2486653-B2,2,5,4,0.11438006162643433,24208.0,29393.0
2486653-B2,2,5,5,0.05078360065817833,28304.0,25297.0
2486653-B2,2,10,1,0.2960525453090668,85815.0,29072.0
2486653-B2,2,10,2,0.15447725355625153,85815.0,24976.0
2486653-B2,2,10,3,0.13356903195381165,20112.0,29393.0
2486653-B2,2,10,4,0.11438006162643433,24208.0,29393.0
2486653-B2,2,10,5,0.05078360065817833,28304.0,25297.0
2486653-B2,2,10,6,0.034564290195703506,24208.0,41681.0
2486653-B2,2,10,7,0.03314942866563797,24208.0,33489.0
2486653-B2,2,10,8,0.018436148762702942,32400.0,29393.0
2486653-B2,2,10,9,0.014890823513269424,16016.0,45777.0
2486653-B2,2,10,10,0.013512151315808296,81719.0,29072.0
2486812-B2,2,3,1,0.11094686388969421,11601.0,27809.0
2486812-B2,2,3,2,0.10300175100564957,40273.0,60577.0
2486812-B2,2,3,3,0.09876379370689392,36177.0,52385.0
2486812-B2,2,5,1,0.11094686388969421,11601.0,27809.0
2486812-B2,2,5,2,0.10300175100564957,40273.0,60577.0
2486812-B2,2,5,3,0.09876379370689392,36177.0,52385.0
2486812-B2,2,5,4,0.08104131370782852,23889.0,48289.0
2486812-B2,2,5,5,0.0704558938741684,48465.0,44193.0
2486812-B2,2,10,1,0.11094686388969421,11601.0,27809.0
2486812-B2,2,10,2,0.10300175100564957,40273.0,60577.0
2486812-B2,2,10,3,0.09876379370689392,36177.0,52385.0
2486812-B2,2,10,4,0.08104131370782852,23889.0,48289.0
2486812-B2,2,10,5,0.0704558938741684,48465.0,44193.0
2486812-B2,2,10,6,0.048868998885154724,15697.0,40097.0
2486812-B2,2,10,7,0.04524722695350647,102663.0,53954.0
2486812-B2,2,10,8,0.035713933408260345,44369.0,48289.0
2486812-B2,2,10,9,0.028713667765259743,94471.0,45762.0
2486812-B2,2,10,10,0.028415780514478683,60753.0,52385.0
2486813-B2,2,3,1,0.22833740711212158,82257.0,37040.0
2486813-B2,2,3,2,0.17872999608516693,86353.0,32944.0
2486813-B2,2,3,3,0.16092625260353088,86353.0,37040.0
2486813-B2,2,5,1,0.22833740711212158,82257.0,37040.0
2486813-B2,2,5,2,0.17872999608516693,86353.0,32944.0
2486813-B2,2,5,3,0.16092625260353088,86353.0,37040.0
2486813-B2,2,5,4,0.14584076404571533,24096.0,35296.0
2486813-B2,2,5,5,0.07032135128974915,78161.0,28848.0
2486813-B2,2,10,1,0.22833740711212158,82257.0,37040.0
2486813-B2,2,10,2,0.17872999608516693,86353.0,32944.0
2486813-B2,2,10,3,0.16092625260353088,86353.0,37040.0
2486813-B2,2,10,4,0.14584076404571533,24096.0,35296.0
2486813-B2,2,10,5,0.07032135128974915,78161.0,28848.0
2486813-B2,2,10,6,0.05227342247962952,90449.0,37040.0
2486813-B2,2,10,7,0.042780157178640366,24096.0,27104.0
2486813-B2,2,10,8,0.04272041469812393,82257.0,24752.0
2486813-B2,2,10,9,0.01626669056713581,82257.0,28848.0
2486813-B2,2,10,10,0.009949380531907082,24096.0,31200.0
2486845-B2,2,3,1,0.15155482292175293,48880.0,39328.0
2486845-B2,2,3,2,0.14822569489479065,98808.0,46800.0
2486845-B2,2,3,3,0.07996257394552231,86520.0,46800.0
2486845-B2,2,5,1,0.15155482292175293,48880.0,39328.0
2486845-B2,2,5,2,0.14822569489479065,98808.0,46800.0
2486845-B2,2,5,3,0.07996257394552231,86520.0,46800.0
2486845-B2,2,5,4,0.07939489185810089,86520.0,50896.0
2486845-B2,2,5,5,0.05010828748345375,24304.0,43424.0
2486845-B2,2,10,1,0.15155482292175293,48880.0,39328.0
2486845-B2,2,10,2,0.14822569489479065,98808.0,46800.0
2486845-B2,2,10,3,0.07996257394552231,86520.0,46800.0
2486845-B2,2,10,4,0.07939489185810089,86520.0,50896.0
2486845-B2,2,10,5,0.05010828748345375,24304.0,43424.0
2486845-B2,2,10,6,0.04791784659028053,82424.0,46800.0
2486845-B2,2,10,7,0.04584736004471779,94712.0,50896.0
2486845-B2,2,10,8,0.04110591858625412,102904.0,42704.0
2486845-B2,2,10,9,0.03484763950109482,90616.0,14032.0
2486845-B2,2,10,10,0.02794221229851246,78328.0,42704.0
2487246-B2,2,3,1,0.47714272141456604,17729.0,29840.0
2487246-B2,2,3,2,0.16602808237075806,13633.0,42128.0
2487246-B2,2,3,3,0.07245229184627533,91704.0,32240.0
2487246-B2,2,5,1,0.47714272141456604,17729.0,29840.0
2487246-B2,2,5,2,0.16602808237075806,13633.0,42128.0
2487246-B2,2,5,3,0.07245229184627533,91704.0,32240.0
2487246-B2,2,5,4,0.06885810941457748,87608.0,28144.0
2487246-B2,2,5,5,0.05241244286298752,17729.0,25744.0
2487246-B2,2,10,1,0.47714272141456604,17729.0,29840.0
2487246-B2,2,10,2,0.16602808237075806,13633.0,42128.0
2487246-B2,2,10,3,0.07245229184627533,91704.0,32240.0
2487246-B2,2,10,4,0.06885810941457748,87608.0,28144.0
2487246-B2,2,10,5,0.05241244286298752,17729.0,25744.0
2487246-B2,2,10,6,0.029642827808856964,30017.0,38032.0
2487246-B2,2,10,7,0.029261089861392975,79416.0,40432.0
2487246-B2,2,10,8,0.01595412753522396,87608.0,32240.0
2487246-B2,2,10,9,0.01386350765824318,95800.0,36336.0
2487246-B2,2,10,10,0.013628235086798668,9537.0,42128.0
2487388-B2,2,3,1,0.5362542867660522,24176.0,60000.0
2487388-B2,2,3,2,0.06755921244621277,15984.0,35424.0
2487388-B2,2,3,3,0.05682794749736786,15984.0,39520.0
2487388-B2,2,5,1,0.5362542867660522,24176.0,60000.0
2487388-B2,2,5,2,0.06755921244621277,15984.0,35424.0
2487388-B2,2,5,3,0.05682794749736786,15984.0,39520.0
2487388-B2,2,5,4,0.03898197412490845,20080.0,39520.0
2487388-B2,2,5,5,0.03699573501944542,76760.0,43793.0
2487388-B2,2,10,1,0.5362542867660522,24176.0,60000.0
2487388-B2,2,10,2,0.06755921244621277,15984.0,35424.0
2487388-B2,2,10,3,0.05682794749736786,15984.0,39520.0
2487388-B2,2,10,4,0.03898197412490845,20080.0,39520.0
2487388-B2,2,10,5,0.03699573501944542,76760.0,43793.0
2487388-B2,2,10,6,0.0314878448843956,93144.0,39697.0
2487388-B2,2,10,7,0.024087870493531227,32368.0,23136.0
2487388-B2,2,10,8,0.02344837412238121,89048.0,43793.0
2487388-B2,2,10,9,0.019156012684106827,84952.0,43793.0
2487388-B2,2,10,10,0.016853265464305878,15984.0,31328.0
2488320-B3,2,3,1,0.30116376280784607,81460.0,35412.0
2488320-B3,2,3,2,0.28204792737960815,81460.0,31316.0
2488320-B3,2,3,3,0.20839917659759521,81460.0,43604.0
2488320-B3,2,5,1,0.30116376280784607,81460.0,35412.0
2488320-B3,2,5,2,0.28204792737960815,81460.0,31316.0
2488320-B3,2,5,3,0.20839917659759521,81460.0,43604.0
2488320-B3,2,5,4,0.03377283364534378,16096.0,30963.0
2488320-B3,2,5,5,0.024045245721936226,24288.0,39155.0
2488320-B3,2,10,1,0.30116376280784607,81460.0,35412.0
2488320-B3,2,10,2,0.28204792737960815,81460.0,31316.0
2488320-B3,2,10,3,0.20839917659759521,81460.0,43604.0
2488320-B3,2,10,4,0.03377283364534378,16096.0,30963.0
2488320-B3,2,10,5,0.024045245721936226,24288.0,39155.0
2488320-B3,2,10,6,0.016363348811864853,69172.0,39508.0
2488320-B3,2,10,7,0.015785643830895424,24288.0,35059.0
2488320-B3,2,10,8,0.012017261236906052,7904.0,26867.0
2488320-B3,2,10,9,0.010102234780788422,24288.0,43251.0
2488320-B3,2,10,10,0.009397299960255623,77364.0,27220.0
25012153B2,2,3,1,0.41914451122283936,85476.0,39712.0
25012153B2,2,3,2,0.1928352266550064,53008.0,32144.0
25012153B2,2,3,3,0.03986521437764168,53008.0,28048.0
25012153B2,2,5,1,0.41914451122283936,85476.0,39712.0
25012153B2,2,5,2,0.1928352266550064,53008.0,32144.0
25012153B2,2,5,3,0.03986521437764168,53008.0,28048.0
25012153B2,2,5,4,0.03006787970662117,122340.0,19232.0
25012153B2,2,5,5,0.02409050613641739,32528.0,19856.0
25012153B2,2,10,1,0.41914451122283936,85476.0,39712.0
25012153B2,2,10,2,0.1928352266550064,53008.0,32144.0
25012153B2,2,10,3,0.03986521437764168,53008.0,28048.0
25012153B2,2,10,4,0.03006787970662117,122340.0,19232.0
25012153B2,2,10,5,0.02409050613641739,32528.0,19856.0
25012153B2,2,10,6,0.02348947525024414,122340.0,31520.0
25012153B2,2,10,7,0.021529462188482285,130532.0,31520.0
25012153B2,2,10,8,0.01783078722655773,32528.0,15760.0
25012153B2,2,10,9,0.013126833364367485,87348.0,48691.0
25012153B2,2,10,10,0.01121992152184248,130532.0,27424.0
25012485B2,2,3,1,0.16817188262939453,115008.0,77012.0
25012485B2,2,3,2,0.03963098302483559,44432.0,74339.0
25012485B2,2,3,3,0.03567975014448166,32144.0,62051.0
25012485B2,2,5,1,0.16817188262939453,115008.0,77012.0
25012485B2,2,5,2,0.03963098302483559,44432.0,74339.0
25012485B2,2,5,3,0.03567975014448166,32144.0,62051.0
25012485B2,2,5,4,0.03560318052768707,135488.0,52436.0
25012485B2,2,5,5,0.033216074109077454,131392.0,64724.0
25012485B2,2,10,1,0.16817188262939453,115008.0,77012.0
25012485B2,2,10,2,0.03963098302483559,44432.0,74339.0
25012485B2,2,10,3,0.03567975014448166,32144.0,62051.0
25012485B2,2,10,4,0.03560318052768707,135488.0,52436.0
25012485B2,2,10,5,0.033216074109077454,131392.0,64724.0
25012485B2,2,10,6,0.03224901482462883,119104.0,72916.0
25012485B2,2,10,7,0.03204634040594101,44432.0,62051.0
25012485B2,2,10,8,0.031953129917383194,119104.0,81108.0
25012485B2,2,10,9,0.02990814484655857,106816.0,56532.0
25012485B2,2,10,10,0.02934139221906662,36240.0,57955.0
25012760B2,2,3,1,0.279188334941864,107621.0,53888.0
25012760B2,2,3,2,0.23247195780277252,45841.0,29824.0
25012760B2,2,3,3,0.22685687243938446,111717.0,29312.0
25012760B2,2,5,1,0.279188334941864,107621.0,53888.0
25012760B2,2,5,2,0.23247195780277252,45841.0,29824.0
25012760B2,2,5,3,0.22685687243938446,111717.0,29312.0
25012760B2,2,5,4,0.030686266720294952,103525.0,37504.0
25012760B2,2,5,5,0.0269768126308918,58129.0,38016.0
25012760B2,2,10,1,0.279188334941864,107621.0,53888.0
25012760B2,2,10,2,0.23247195780277252,45841.0,29824.0
25012760B2,2,10,3,0.22685687243938446,111717.0,29312.0
25012760B2,2,10,4,0.030686266720294952,103525.0,37504.0
25012760B2,2,10,5,0.0269768126308918,58129.0,38016.0
25012760B2,2,10,6,0.02466370351612568,124005.0,41600.0
25012760B2,2,10,7,0.02315804362297058,103525.0,45696.0
25012760B2,2,10,8,0.01866266131401062,132197.0,33408.0
25012760B2,2,10,9,0.012704497203230858,45841.0,25728.0
25012760B2,2,10,10,0.010459057986736298,62225.0,29824.0
25013189B2,2,3,1,0.31968954205513,89426.0,50800.0
25013189B2,2,3,2,0.1397980898618698,36816.0,41184.0
25013189B2,2,3,3,0.0712229385972023,53200.0,53472.0
25013189B2,2,5,1,0.31968954205513,89426.0,50800.0
25013189B2,2,5,2,0.1397980898618698,36816.0,41184.0
25013189B2,2,5,3,0.0712229385972023,53200.0,53472.0
25013189B2,2,5,4,0.04212202504277229,45008.0,49376.0
25013189B2,2,5,5,0.027699364349246025,105810.0,58992.0
25013189B2,2,10,1,0.31968954205513,89426.0,50800.0
25013189B2,2,10,2,0.1397980898618698,36816.0,41184.0
25013189B2,2,10,3,0.0712229385972023,53200.0,53472.0
25013189B2,2,10,4,0.04212202504277229,45008.0,49376.0
25013189B2,2,10,5,0.027699364349246025,105810.0,58992.0
25013189B2,2,10,6,0.02503906935453415,49104.0,49376.0
25013189B2,2,10,7,0.024475201964378357,85330.0,58992.0
25013189B2,2,10,8,0.02292637899518013,93522.0,42608.0
25013189B2,2,10,9,0.022827474400401115,40912.0,37088.0
25013189B2,2,10,10,0.020368024706840515,40912.0,49376.0
25013465B2,2,3,1,0.473997563123703,157139.0,23088.0
25013465B2,2,3,2,0.09132178127765656,153043.0,31280.0
25013465B2,2,3,3,0.06557172536849976,153043.0,27184.0
25013465B2,2,5,1,0.473997563123703,157139.0,23088.0
25013465B2,2,5,2,0.09132178127765656,153043.0,31280.0
25013465B2,2,5,3,0.06557172536849976,153043.0,27184.0
25013465B2,2,5,4,0.06435580551624298,77568.0,23344.0
25013465B2,2,5,5,0.055075861513614655,77568.0,27440.0
25013465B2,2,10,1,0.473997563123703,157139.0,23088.0
25013465B2,2,10,2,0.09132178127765656,153043.0,31280.0
25013465B2,2,10,3,0.06557172536849976,153043.0,27184.0
25013465B2,2,10,4,0.06435580551624298,77568.0,23344.0
25013465B2,2,10,5,0.055075861513614655,77568.0,27440.0
25013465B2,2,10,6,0.03111892007291317,73472.0,15152.0
25013465B2,2,10,7,0.023456072434782982,157139.0,18992.0
25013465B2,2,10,8,0.018782857805490494,153043.0,14896.0
25013465B2,2,10,9,0.016629057005047798,77568.0,19248.0
25013465B2,2,10,10,0.015361838042736053,148947.0,14896.0
25014226B2,2,3,1,0.5096613168716431,102419.0,34464.0
25014226B2,2,3,2,0.16471417248249054,106515.0,30368.0
25014226B2,2,3,3,0.03168927878141403,24560.0,46258.0
25014226B2,2,5,1,0.5096613168716431,102419.0,34464.0
25014226B2,2,5,2,0.16471417248249054,106515.0,30368.0
25014226B2,2,5,3,0.03168927878141403,24560.0,46258.0
25014226B2,2,5,4,0.031426362693309784,131091.0,38560.0
25014226B2,2,5,5,0.031153114512562752,131091.0,22176.0
25014226B2,2,10,1,0.5096613168716431,102419.0,34464.0
25014226B2,2,10,2,0.16471417248249054,106515.0,30368.0
25014226B2,2,10,3,0.03168927878141403,24560.0,46258.0
25014226B2,2,10,4,0.031426362693309784,131091.0,38560.0
25014226B2,2,10,5,0.031153114512562752,131091.0,22176.0
25014226B2,2,10,6,0.02695663645863533,53232.0,21682.0
25014226B2,2,10,7,0.01866784319281578,36848.0,42162.0
25014226B2,2,10,8,0.017712891101837158,135187.0,34464.0
25014226B2,2,10,9,0.01739521324634552,98323.0,38560.0
25014226B2,2,10,10,0.014701340347528458,118803.0,34464.0
25015103B2,2,3,1,0.2269407957792282,28240.0,22992.0
25015103B2,2,3,2,0.22641170024871826,94562.0,24464.0
25015103B2,2,3,3,0.09830227494239807,98658.0,20368.0
25015103B2,2,5,1,0.2269407957792282,28240.0,22992.0
25015103B2,2,5,2,0.22641170024871826,94562.0,24464.0
25015103B2,2,5,3,0.09830227494239807,98658.0,20368.0
25015103B2,2,5,4,0.09069414436817169,28240.0,27088.0
25015103B2,2,5,5,0.08410723507404327,102754.0,36752.0
25015103B2,2,10,1,0.2269407957792282,28240.0,22992.0
25015103B2,2,10,2,0.22641170024871826,94562.0,24464.0
25015103B2,2,10,3,0.09830227494239807,98658.0,20368.0
25015103B2,2,10,4,0.09069414436817169,28240.0,27088.0
25015103B2,2,10,5,0.08410723507404327,102754.0,36752.0
25015103B2,2,10,6,0.05721409246325493,24144.0,39376.0
25015103B2,2,10,7,0.0440310537815094,110946.0,36752.0
25015103B2,2,10,8,0.03350494056940079,40528.0,22992.0
25015103B2,2,10,9,0.0312851220369339,94562.0,28560.0
25015103B2,2,10,10,0.014342893846333027,106850.0,36752.0
25015234B2,2,3,1,0.2528272271156311,28144.0,47826.0
25015234B2,2,3,2,0.18894347548484802,106423.0,56113.0
25015234B2,2,3,3,0.11724915355443954,28144.0,56018.0
25015234B2,2,5,1,0.2528272271156311,28144.0,47826.0
25015234B2,2,5,2,0.18894347548484802,106423.0,56113.0
25015234B2,2,5,3,0.11724915355443954,28144.0,56018.0
25015234B2,2,5,4,0.07780496776103973,28144.0,60114.0
25015234B2,2,5,5,0.06426034867763519,106423.0,43825.0
25015234B2,2,10,1,0.2528272271156311,28144.0,47826.0
25015234B2,2,10,2,0.18894347548484802,106423.0,56113.0
25015234B2,2,10,3,0.11724915355443954,28144.0,56018.0
25015234B2,2,10,4,0.07780496776103973,28144.0,60114.0
25015234B2,2,10,5,0.06426034867763519,106423.0,43825.0
25015234B2,2,10,6,0.05840777978301048,32240.0,56018.0
25015234B2,2,10,7,0.023656100034713745,36336.0,47826.0
25015234B2,2,10,8,0.02330092154443264,19952.0,47826.0
25015234B2,2,10,9,0.019546013325452805,32240.0,47826.0
25015234B2,2,10,10,0.014469113200902939,15856.0,51922.0
25015495B4,2,3,1,0.15871022641658783,104644.0,37344.0
25015495B4,2,3,2,0.10366138070821762,16080.0,51664.0
25015495B4,2,3,3,0.08599081635475159,16080.0,39376.0
25015495B4,2,5,1,0.15871022641658783,104644.0,37344.0
25015495B4,2,5,2,0.10366138070821762,16080.0,51664.0
25015495B4,2,5,3,0.08599081635475159,16080.0,39376.0
25015495B4,2,5,4,0.0804171934723854,16080.0,47568.0
25015495B4,2,5,5,0.07248072326183319,28368.0,51664.0
25015495B4,2,10,1,0.15871022641658783,104644.0,37344.0
25015495B4,2,10,2,0.10366138070821762,16080.0,51664.0
25015495B4,2,10,3,0.08599081635475159,16080.0,39376.0
25015495B4,2,10,4,0.0804171934723854,16080.0,47568.0
25015495B4,2,10,5,0.07248072326183319,28368.0,51664.0
25015495B4,2,10,6,0.04342575743794441,7888.0,35280.0
25015495B4,2,10,7,0.04052256792783737,52944.0,22992.0
25015495B4,2,10,8,0.03958269953727722,48848.0,27088.0
25015495B4,2,10,9,0.03846007585525513,24272.0,31184.0
25015495B4,2,10,10,0.03738025575876236,112836.0,53728.0
25015863B2,2,3,1,0.9052090644836426,111895.0,52064.0
25015863B2,2,3,2,0.04036845266819,21249.0,37761.0
25015863B2,2,3,3,0.026973804458975792,45825.0,45953.0
25015863B2,2,5,1,0.9052090644836426,111895.0,52064.0
25015863B2,2,5,2,0.04036845266819,21249.0,37761.0
25015863B2,2,5,3,0.026973804458975792,45825.0,45953.0
25015863B2,2,5,4,0.005377881694585085,99607.0,35680.0
25015863B2,2,5,5,0.003692949889227748,128279.0,52064.0
25015863B2,2,10,1,0.9052090644836426,111895.0,52064.0
25015863B2,2,10,2,0.04036845266819,21249.0,37761.0
25015863B2,2,10,3,0.026973804458975792,45825.0,45953.0
25015863B2,2,10,4,0.005377881694585085,99607.0,35680.0
25015863B2,2,10,5,0.003692949889227748,128279.0,52064.0
25015863B2,2,10,6,0.0021677203476428986,29441.0,54145.0
25015863B2,2,10,7,0.001606679055839777,45825.0,50049.0
25015863B2,2,10,8,0.0011610343353822827,111895.0,47968.0
25015863B2,2,10,9,0.0011559933191165328,41729.0,45953.0
25015863B2,2,10,10,0.001082089962437749,124183.0,39776.0
25016801B2,2,3,1,0.28322672843933105,105120.0,49200.0
25016801B2,2,3,2,0.13337241113185883,121504.0,49200.0
25016801B2,2,3,3,0.12156948447227478,40448.0,41680.0
25016801B2,2,5,1,0.28322672843933105,105120.0,49200.0
25016801B2,2,5,2,0.13337241113185883,121504.0,49200.0
25016801B2,2,5,3,0.12156948447227478,40448.0,41680.0
25016801B2,2,5,4,0.04976546764373779,113312.0,41008.0
25016801B2,2,5,5,0.04375579208135605,28160.0,37584.0
25016801B2,2,10,1,0.28322672843933105,105120.0,49200.0
25016801B2,2,10,2,0.13337241113185883,121504.0,49200.0
25016801B2,2,10,3,0.12156948447227478,40448.0,41680.0
25016801B2,2,10,4,0.04976546764373779,113312.0,41008.0
25016801B2,2,10,5,0.04375579208135605,28160.0,37584.0
25016801B2,2,10,6,0.042834050953388214,32256.0,41680.0
25016801B2,2,10,7,0.03940204158425331,117408.0,32816.0
25016801B2,2,10,8,0.03853987157344818,105120.0,36912.0
25016801B2,2,10,9,0.023155175149440765,113312.0,45104.0
25016801B2,2,10,10,0.019778268411755562,32256.0,37584.0
25016829B2,2,3,1,0.2579650282859802,100688.0,18353.0
25016829B2,2,3,2,0.09167692065238953,104784.0,22449.0
25016829B2,2,3,3,0.06281674653291702,40224.0,19394.0
25016829B2,2,5,1,0.2579650282859802,100688.0,18353.0
25016829B2,2,5,2,0.09167692065238953,104784.0,22449.0
25016829B2,2,5,3,0.06281674653291702,40224.0,19394.0
25016829B2,2,5,4,0.05225808173418045,84304.0,47025.0
25016829B2,2,5,5,0.043175484985113144,100688.0,22449.0
25016829B2,2,10,1,0.2579650282859802,100688.0,18353.0
25016829B2,2,10,2,0.09167692065238953,104784.0,22449.0
25016829B2,2,10,3,0.06281674653291702,40224.0,19394.0
25016829B2,2,10,4,0.05225808173418045,84304.0,47025.0
25016829B2,2,10,5,0.043175484985113144,100688.0,22449.0
25016829B2,2,10,6,0.040378719568252563,44320.0,39874.0
25016829B2,2,10,7,0.03244013339281082,96592.0,34737.0
25016829B2,2,10,8,0.03224971890449524,96592.0,26545.0
25016829B2,2,10,9,0.028132591396570206,40224.0,64450.0
25016829B2,2,10,10,0.024220503866672516,100688.0,34737.0
25017089B2,2,3,1,0.3883597254753113,36304.0,28976.0
25017089B2,2,3,2,0.15561529994010925,106436.0,48864.0
25017089B2,2,3,3,0.0968935564160347,114628.0,48864.0
25017089B2,2,5,1,0.3883597254753113,36304.0,28976.0
25017089B2,2,5,2,0.15561529994010925,106436.0,48864.0
25017089B2,2,5,3,0.0968935564160347,114628.0,48864.0
25017089B2,2,5,4,0.0765671581029892,32208.0,33072.0
25017089B2,2,5,5,0.02467522583901882,11728.0,45360.0
25017089B2,2,10,1,0.3883597254753113,36304.0,28976.0
25017089B2,2,10,2,0.15561529994010925,106436.0,48864.0
25017089B2,2,10,3,0.0968935564160347,114628.0,48864.0
25017089B2,2,10,4,0.0765671581029892,32208.0,33072.0
25017089B2,2,10,5,0.02467522583901882,11728.0,45360.0
25017089B2,2,10,6,0.02235228195786476,24016.0,49456.0
25017089B2,2,10,7,0.019396640360355377,110532.0,61152.0
25017089B2,2,10,8,0.017067817971110344,19920.0,49456.0
25017089B2,2,10,9,0.016874363645911217,106436.0,36576.0
25017089B2,2,10,10,0.015313159674406052,94148.0,57056.0
25017242B2,2,3,1,0.794629693031311,32480.0,45265.0
25017242B2,2,3,2,0.04769686236977577,82370.0,20016.0
25017242B2,2,3,3,0.0327601321041584,82370.0,32304.0
25017242B2,2,5,1,0.794629693031311,32480.0,45265.0
25017242B2,2,5,2,0.04769686236977577,82370.0,20016.0
25017242B2,2,5,3,0.0327601321041584,82370.0,32304.0
25017242B2,2,5,4,0.02267070859670639,94658.0,36400.0
25017242B2,2,5,5,0.020105397328734398,90562.0,28208.0
25017242B2,2,10,1,0.794629693031311,32480.0,45265.0
25017242B2,2,10,2,0.04769686236977577,82370.0,20016.0
25017242B2,2,10,3,0.0327601321041584,82370.0,32304.0
25017242B2,2,10,4,0.02267070859670639,94658.0,36400.0
25017242B2,2,10,5,0.020105397328734398,90562.0,28208.0
25017242B2,2,10,6,0.0076404353603720665,119234.0,36400.0
25017242B2,2,10,7,0.007013197522610426,98754.0,48688.0
25017242B2,2,10,8,0.006535900756716728,106946.0,44592.0
25017242B2,2,10,9,0.006118296179920435,78274.0,24112.0
25017242B2,2,10,10,0.004759264178574085,98754.0,36400.0
25017354B5,2,3,1,0.3285660743713379,36352.0,42352.0
25017354B5,2,3,2,0.21339726448059082,28160.0,25968.0
25017354B5,2,3,3,0.12393876910209656,32256.0,25968.0
25017354B5,2,5,1,0.3285660743713379,36352.0,42352.0
25017354B5,2,5,2,0.21339726448059082,28160.0,25968.0
25017354B5,2,5,3,0.12393876910209656,32256.0,25968.0
25017354B5,2,5,4,0.1136959120631218,24064.0,30064.0
25017354B5,2,5,5,0.03495568782091141,28160.0,21872.0
25017354B5,2,10,1,0.3285660743713379,36352.0,42352.0
25017354B5,2,10,2,0.21339726448059082,28160.0,25968.0
25017354B5,2,10,3,0.12393876910209656,32256.0,25968.0
25017354B5,2,10,4,0.1136959120631218,24064.0,30064.0
25017354B5,2,10,5,0.03495568782091141,28160.0,21872.0
25017354B5,2,10,6,0.023474473506212234,28160.0,38256.0
25017354B5,2,10,7,0.016859756782650948,84033.0,29488.0
25017354B5,2,10,8,0.01554484385997057,24064.0,25968.0
25017354B5,2,10,9,0.014543348923325539,88129.0,21296.0
25017354B5,2,10,10,0.012416014447808266,88129.0,29488.0
25017518B2,2,3,1,0.27292025089263916,134582.0,38449.0
25017518B2,2,3,2,0.24586793780326843,48544.0,46241.0
25017518B2,2,3,3,0.0962037593126297,44448.0,58529.0
25017518B2,2,5,1,0.27292025089263916,134582.0,38449.0
25017518B2,2,5,2,0.24586793780326843,48544.0,46241.0
25017518B2,2,5,3,0.0962037593126297,44448.0,58529.0
25017518B2,2,5,4,0.07790789753198624,44448.0,38049.0
25017518B2,2,5,5,0.06261337548494339,56736.0,46241.0
25017518B2,2,10,1,0.27292025089263916,134582.0,38449.0
25017518B2,2,10,2,0.24586793780326843,48544.0,46241.0
25017518B2,2,10,3,0.0962037593126297,44448.0,58529.0
25017518B2,2,10,4,0.07790789753198624,44448.0,38049.0
25017518B2,2,10,5,0.06261337548494339,56736.0,46241.0
25017518B2,2,10,6,0.05130739510059357,48544.0,54433.0
25017518B2,2,10,7,0.035875700414180756,138678.0,42545.0
25017518B2,2,10,8,0.022487236186861992,52640.0,42145.0
25017518B2,2,10,9,0.014632018283009529,52640.0,46241.0
25017518B2,2,10,10,0.011660967022180557,134582.0,50737.0
25017538B4,2,3,1,0.914161205291748,40496.0,24818.0
25017538B4,2,3,2,0.030287787318229675,36400.0,24818.0
25017538B4,2,3,3,0.017554743215441704,40496.0,28914.0
25017538B4,2,5,1,0.914161205291748,40496.0,24818.0
25017538B4,2,5,2,0.030287787318229675,36400.0,24818.0
25017538B4,2,5,3,0.017554743215441704,40496.0,28914.0
25017538B4,2,5,4,0.01556916069239378,11824.0,24818.0
25017538B4,2,5,5,0.005337923299521208,87252.0,20354.0
25017538B4,2,10,1,0.914161205291748,40496.0,24818.0
25017538B4,2,10,2,0.030287787318229675,36400.0,24818.0
25017538B4,2,10,3,0.017554743215441704,40496.0,28914.0
25017538B4,2,10,4,0.01556916069239378,11824.0,24818.0
25017538B4,2,10,5,0.005337923299521208,87252.0,20354.0
25017538B4,2,10,6,0.002831042278558016,15920.0,24818.0
25017538B4,2,10,7,0.00275887968018651,15920.0,20722.0
25017538B4,2,10,8,0.0018159912433475256,32304.0,73970.0
25017538B4,2,10,9,0.0009943628683686256,91348.0,20354.0
25017538B4,2,10,10,0.0009242848609574139,32304.0,28914.0
25017932B2,2,3,1,0.5980884432792664,103925.0,26080.0
25017932B2,2,3,2,0.24136900901794434,83445.0,34272.0
25017932B2,2,3,3,0.017880093306303024,36528.0,30576.0
25017932B2,2,5,1,0.5980884432792664,103925.0,26080.0
25017932B2,2,5,2,0.24136900901794434,83445.0,34272.0
25017932B2,2,5,3,0.017880093306303024,36528.0,30576.0
25017932B2,2,5,4,0.017420627176761627,16048.0,34672.0
25017932B2,2,5,5,0.015527408570051193,11952.0,30576.0
25017932B2,2,10,1,0.5980884432792664,103925.0,26080.0
25017932B2,2,10,2,0.24136900901794434,83445.0,34272.0
25017932B2,2,10,3,0.017880093306303024,36528.0,30576.0
25017932B2,2,10,4,0.017420627176761627,16048.0,34672.0
25017932B2,2,10,5,0.015527408570051193,11952.0,30576.0
25017932B2,2,10,6,0.013948348350822926,20144.0,51056.0
25017932B2,2,10,7,0.009562189690768719,99829.0,34272.0
25017932B2,2,10,8,0.007417631801217794,83445.0,26080.0
25017932B2,2,10,9,0.0068252780474722385,7856.0,38768.0
25017932B2,2,10,10,0.004924231208860874,11952.0,51056.0
25019107B,2,3,1,0.6544167995452881,87778.0,29408.0
25019107B,2,3,2,0.09947004914283752,91874.0,29408.0
25019107B,2,3,3,0.05571134015917778,83682.0,25312.0
25019107B,2,5,1,0.6544167995452881,87778.0,29408.0
25019107B,2,5,2,0.09947004914283752,91874.0,29408.0
25019107B,2,5,3,0.05571134015917778,83682.0,25312.0
25019107B,2,5,4,0.04351358115673065,79586.0,25312.0
25019107B,2,5,5,0.037823617458343506,87778.0,25312.0
25019107B,2,10,1,0.6544167995452881,87778.0,29408.0
25019107B,2,10,2,0.09947004914283752,91874.0,29408.0
25019107B,2,10,3,0.05571134015917778,83682.0,25312.0
25019107B,2,10,4,0.04351358115673065,79586.0,25312.0
25019107B,2,10,5,0.037823617458343506,87778.0,25312.0
25019107B,2,10,6,0.0217764712870121,24080.0,40129.0
25019107B,2,10,7,0.013244492001831532,83682.0,29408.0
25019107B,2,10,8,0.010912577621638775,79586.0,21216.0
25019107B,2,10,9,0.010580044239759445,87778.0,33504.0
25019107B,2,10,10,0.0056265476159751415,19984.0,31937.0
25019379B,2,3,1,0.3201257288455963,99220.0,26385.0
25019379B,2,3,2,0.24675282835960388,99220.0,46865.0
25019379B,2,3,3,0.09876368939876556,99220.0,50961.0
25019379B,2,5,1,0.3201257288455963,99220.0,26385.0
25019379B,2,5,2,0.24675282835960388,99220.0,46865.0
25019379B,2,5,3,0.09876368939876556,99220.0,50961.0
25019379B,2,5,4,0.05945996195077896,99220.0,30481.0
25019379B,2,5,5,0.04753036051988602,111508.0,50961.0
25019379B,2,10,1,0.3201257288455963,99220.0,26385.0
25019379B,2,10,2,0.24675282835960388,99220.0,46865.0
25019379B,2,10,3,0.09876368939876556,99220.0,50961.0
25019379B,2,10,4,0.05945996195077896,99220.0,30481.0
25019379B,2,10,5,0.04753036051988602,111508.0,50961.0
25019379B,2,10,6,0.02976669743657112,103316.0,50961.0
25019379B,2,10,7,0.0270462054759264,95124.0,34577.0
25019379B,2,10,8,0.026754699647426605,111508.0,46865.0
25019379B,2,10,9,0.017058048397302628,103316.0,34577.0
25019379B,2,10,10,0.014044955372810364,103316.0,26385.0
25019621B4,2,3,1,0.24742698669433594,80631.0,47120.0
25019621B4,2,3,2,0.18157289922237396,20416.0,63185.0
25019621B4,2,3,3,0.14560773968696594,84727.0,34832.0
25019621B4,2,5,1,0.24742698669433594,80631.0,47120.0
25019621B4,2,5,2,0.18157289922237396,20416.0,63185.0
25019621B4,2,5,3,0.14560773968696594,84727.0,34832.0
25019621B4,2,5,4,0.113791823387146,32704.0,34513.0
25019621B4,2,5,5,0.06995977461338043,12224.0,50897.0
25019621B4,2,10,1,0.24742698669433594,80631.0,47120.0
25019621B4,2,10,2,0.18157289922237396,20416.0,63185.0
25019621B4,2,10,3,0.14560773968696594,84727.0,34832.0
25019621B4,2,10,4,0.113791823387146,32704.0,34513.0
25019621B4,2,10,5,0.06995977461338043,12224.0,50897.0
25019621B4,2,10,6,0.058485329151153564,28608.0,42705.0
25019621B4,2,10,7,0.0275560412555933,16320.0,50897.0
25019621B4,2,10,8,0.020518414676189423,12224.0,46801.0
25019621B4,2,10,9,0.018265239894390106,80631.0,34832.0
25019621B4,2,10,10,0.015806252136826515,36800.0,38609.0
25019790B2,2,3,1,0.2565906047821045,20464.0,26720.0
25019790B2,2,3,2,0.2382766306400299,24560.0,18528.0
25019790B2,2,3,3,0.16560332477092743,36848.0,22624.0
25019790B2,2,5,1,0.2565906047821045,20464.0,26720.0
25019790B2,2,5,2,0.2382766306400299,24560.0,18528.0
25019790B2,2,5,3,0.16560332477092743,36848.0,22624.0
25019790B2,2,5,4,0.12342488765716553,88676.0,33953.0
25019790B2,2,5,5,0.050184041261672974,36848.0,18528.0
25019790B2,2,10,1,0.2565906047821045,20464.0,26720.0
25019790B2,2,10,2,0.2382766306400299,24560.0,18528.0
25019790B2,2,10,3,0.16560332477092743,36848.0,22624.0
25019790B2,2,10,4,0.12342488765716553,88676.0,33953.0
25019790B2,2,10,5,0.050184041261672974,36848.0,18528.0
25019790B2,2,10,6,0.02822031080722809,109156.0,25761.0
25019790B2,2,10,7,0.016802839934825897,125540.0,21665.0
25019790B2,2,10,8,0.015021130442619324,32752.0,22624.0
25019790B2,2,10,9,0.014307912439107895,12272.0,26720.0
25019790B2,2,10,10,0.013978623785078526,96868.0,29857.0
25020263B2,2,3,1,0.13899722695350647,28112.0,27552.0
25020263B2,2,3,2,0.12772852182388306,28112.0,35744.0
25020263B2,2,3,3,0.10920769721269608,32208.0,31648.0
25020263B2,2,5,1,0.13899722695350647,28112.0,27552.0
25020263B2,2,5,2,0.12772852182388306,28112.0,35744.0
25020263B2,2,5,3,0.10920769721269608,32208.0,31648.0
25020263B2,2,5,4,0.09184639155864716,48592.0,35744.0
25020263B2,2,5,5,0.04256465286016464,44496.0,52128.0
25020263B2,2,10,1,0.13899722695350647,28112.0,27552.0
25020263B2,2,10,2,0.12772852182388306,28112.0,35744.0
25020263B2,2,10,3,0.10920769721269608,32208.0,31648.0
25020263B2,2,10,4,0.09184639155864716,48592.0,35744.0
25020263B2,2,10,5,0.04256465286016464,44496.0,52128.0
25020263B2,2,10,6,0.034905191510915756,36304.0,31648.0
25020263B2,2,10,7,0.03160860016942024,44496.0,35744.0
25020263B2,2,10,8,0.02576989307999611,119703.0,32048.0
25020263B2,2,10,9,0.025115687400102615,40400.0,35744.0
25020263B2,2,10,10,0.023809771984815598,32208.0,39840.0
25021197B2,2,3,1,0.5152972340583801,98519.0,40064.0
25021197B2,2,3,2,0.17876644432544708,46160.0,41121.0
25021197B2,2,3,3,0.045912452042102814,29776.0,45217.0
25021197B2,2,5,1,0.5152972340583801,98519.0,40064.0
25021197B2,2,5,2,0.17876644432544708,46160.0,41121.0
25021197B2,2,5,3,0.045912452042102814,29776.0,45217.0
25021197B2,2,5,4,0.027285916730761528,37968.0,24737.0
25021197B2,2,5,5,0.02704930305480957,102615.0,27776.0
25021197B2,2,10,1,0.5152972340583801,98519.0,40064.0
25021197B2,2,10,2,0.17876644432544708,46160.0,41121.0
25021197B2,2,10,3,0.045912452042102814,29776.0,45217.0
25021197B2,2,10,4,0.027285916730761528,37968.0,24737.0
25021197B2,2,10,5,0.02704930305480957,102615.0,27776.0
25021197B2,2,10,6,0.02418910339474678,94423.0,31872.0
25021197B2,2,10,7,0.02355523779988289,25680.0,24737.0
25021197B2,2,10,8,0.01600293628871441,29776.0,28833.0
25021197B2,2,10,9,0.013020878657698631,33872.0,45217.0
25021197B2,2,10,10,0.010063156485557556,29776.0,41121.0
25021575B4,2,3,1,0.1761426031589508,28208.0,27600.0
25021575B4,2,3,2,0.12043971568346024,20016.0,23504.0
25021575B4,2,3,3,0.11714479327201843,28208.0,31696.0
25021575B4,2,5,1,0.1761426031589508,28208.0,27600.0
25021575B4,2,5,2,0.12043971568346024,20016.0,23504.0
25021575B4,2,5,3,0.11714479327201843,28208.0,31696.0
25021575B4,2,5,4,0.08712786436080933,24112.0,23504.0
25021575B4,2,5,5,0.07651707530021667,28208.0,39888.0
25021575B4,2,10,1,0.1761426031589508,28208.0,27600.0
25021575B4,2,10,2,0.12043971568346024,20016.0,23504.0
25021575B4,2,10,3,0.11714479327201843,28208.0,31696.0
25021575B4,2,10,4,0.08712786436080933,24112.0,23504.0
25021575B4,2,10,5,0.07651707530021667,28208.0,39888.0
25021575B4,2,10,6,0.0749916285276413,32304.0,31696.0
25021575B4,2,10,7,0.05866781622171402,32304.0,27600.0
25021575B4,2,10,8,0.03343652933835983,28208.0,15312.0
25021575B4,2,10,9,0.029580704867839813,20016.0,43984.0
25021575B4,2,10,10,0.028323233127593994,28208.0,35792.0
25021658B3,2,3,1,0.8686553835868835,109112.0,47056.0
25021658B3,2,3,2,0.024416767060756683,105016.0,42960.0
25021658B3,2,3,3,0.021196262910962105,24304.0,42881.0
25021658B3,2,5,1,0.8686553835868835,109112.0,47056.0
25021658B3,2,5,2,0.024416767060756683,105016.0,42960.0
25021658B3,2,5,3,0.021196262910962105,24304.0,42881.0
25021658B3,2,5,4,0.009165540337562561,100920.0,51152.0
25021658B3,2,5,5,0.00894770585000515,88632.0,26576.0
25021658B3,2,10,1,0.8686553835868835,109112.0,47056.0
25021658B3,2,10,2,0.024416767060756683,105016.0,42960.0
25021658B3,2,10,3,0.021196262910962105,24304.0,42881.0
25021658B3,2,10,4,0.009165540337562561,100920.0,51152.0
25021658B3,2,10,5,0.00894770585000515,88632.0,26576.0
25021658B3,2,10,6,0.008591771125793457,100920.0,38864.0
25021658B3,2,10,7,0.007117405068129301,117304.0,59344.0
25021658B3,2,10,8,0.00497326860204339,105016.0,34768.0
25021658B3,2,10,9,0.004961173981428146,109112.0,42960.0
25021658B3,2,10,10,0.004610254429280758,127500.0,6160.0
25021901B2,2,3,1,0.4080522954463959,24096.0,47216.0
25021901B2,2,3,2,0.09571635723114014,11808.0,43120.0
25021901B2,2,3,3,0.06046222150325775,7712.0,43120.0
25021901B2,2,5,1,0.4080522954463959,24096.0,47216.0
25021901B2,2,5,2,0.09571635723114014,11808.0,43120.0
25021901B2,2,5,3,0.06046222150325775,7712.0,43120.0
25021901B2,2,5,4,0.057503633201122284,32288.0,43120.0
25021901B2,2,5,5,0.05146715044975281,7712.0,47216.0
25021901B2,2,10,1,0.4080522954463959,24096.0,47216.0
25021901B2,2,10,2,0.09571635723114014,11808.0,43120.0
25021901B2,2,10,3,0.06046222150325775,7712.0,43120.0
25021901B2,2,10,4,0.057503633201122284,32288.0,43120.0
25021901B2,2,10,5,0.05146715044975281,7712.0,47216.0
25021901B2,2,10,6,0.04434923827648163,111680.0,39728.0
25021901B2,2,10,7,0.026944492012262344,95296.0,39728.0
25021901B2,2,10,8,0.020578833296895027,20000.0,43120.0
25021901B2,2,10,9,0.019633084535598755,99392.0,11056.0
25021901B2,2,10,10,0.016844527795910835,15904.0,43120.0
25021911B2,2,3,1,0.32556748390197754,103701.0,46944.0
25021911B2,2,3,2,0.2799869775772095,36160.0,48385.0
25021911B2,2,3,3,0.10339023917913437,124181.0,59232.0
25021911B2,2,5,1,0.32556748390197754,103701.0,46944.0
25021911B2,2,5,2,0.2799869775772095,36160.0,48385.0
25021911B2,2,5,3,0.10339023917913437,124181.0,59232.0
25021911B2,2,5,4,0.03674345463514328,103701.0,42848.0
25021911B2,2,5,5,0.032865118235349655,36160.0,52481.0
25021911B2,2,10,1,0.32556748390197754,103701.0,46944.0
25021911B2,2,10,2,0.2799869775772095,36160.0,48385.0
25021911B2,2,10,3,0.10339023917913437,124181.0,59232.0
25021911B2,2,10,4,0.03674345463514328,103701.0,42848.0
25021911B2,2,10,5,0.032865118235349655,36160.0,52481.0
25021911B2,2,10,6,0.03149218112230301,95509.0,26464.0
25021911B2,2,10,7,0.02911989763379097,103701.0,18272.0
25021911B2,2,10,8,0.028314124792814255,27968.0,27905.0
25021911B2,2,10,9,0.021152954548597336,107797.0,46944.0
25021911B2,2,10,10,0.014271268621087074,27968.0,19713.0
25021973B2,2,3,1,0.21426162123680115,108151.0,45552.0
25021973B2,2,3,2,0.18826666474342346,48656.0,39520.0
25021973B2,2,3,3,0.14614619314670563,48656.0,43616.0
25021973B2,2,5,1,0.21426162123680115,108151.0,45552.0
25021973B2,2,5,2,0.18826666474342346,48656.0,39520.0
25021973B2,2,5,3,0.14614619314670563,48656.0,43616.0
25021973B2,2,5,4,0.09214228391647339,112247.0,45552.0
25021973B2,2,5,5,0.08170196413993835,56848.0,51808.0
25021973B2,2,10,1,0.21426162123680115,108151.0,45552.0
25021973B2,2,10,2,0.18826666474342346,48656.0,39520.0
25021973B2,2,10,3,0.14614619314670563,48656.0,43616.0
25021973B2,2,10,4,0.09214228391647339,112247.0,45552.0
25021973B2,2,10,5,0.08170196413993835,56848.0,51808.0
25021973B2,2,10,6,0.06740652769804001,112247.0,41456.0
25021973B2,2,10,7,0.056629303842782974,48656.0,51808.0
25021973B2,2,10,8,0.04218948259949684,44560.0,55904.0
25021973B2,2,10,9,0.02738254703581333,112247.0,53744.0
25021973B2,2,10,10,0.016352059319615364,52752.0,43616.0
25022038B2,2,3,1,0.4597140848636627,83625.0,42786.0
25022038B2,2,3,2,0.17141228914260864,83625.0,34594.0
25022038B2,2,3,3,0.06627130508422852,79529.0,26402.0
25022038B2,2,5,1,0.4597140848636627,83625.0,42786.0
25022038B2,2,5,2,0.17141228914260864,83625.0,34594.0
25022038B2,2,5,3,0.06627130508422852,79529.0,26402.0
25022038B2,2,5,4,0.029237044975161552,7697.0,36242.0
25022038B2,2,5,5,0.027021337300539017,83625.0,26402.0
25022038B2,2,10,1,0.4597140848636627,83625.0,42786.0
25022038B2,2,10,2,0.17141228914260864,83625.0,34594.0
25022038B2,2,10,3,0.06627130508422852,79529.0,26402.0
25022038B2,2,10,4,0.029237044975161552,7697.0,36242.0
25022038B2,2,10,5,0.027021337300539017,83625.0,26402.0
25022038B2,2,10,6,0.021644167602062225,7697.0,48530.0
25022038B2,2,10,7,0.017844943329691887,11793.0,32146.0
25022038B2,2,10,8,0.017028171569108963,24081.0,19858.0
25022038B2,2,10,9,0.016709763556718826,28177.0,44434.0
25022038B2,2,10,10,0.014042031951248646,15889.0,19858.0
25022354B2,2,3,1,0.19123826920986176,98855.0,37297.0
25022354B2,2,3,2,0.1382545530796051,102951.0,49585.0
25022354B2,2,3,3,0.12779252231121063,102951.0,45489.0
25022354B2,2,5,1,0.19123826920986176,98855.0,37297.0
25022354B2,2,5,2,0.1382545530796051,102951.0,49585.0
25022354B2,2,5,3,0.12779252231121063,102951.0,45489.0
25022354B2,2,5,4,0.0944557785987854,28752.0,52561.0
25022354B2,2,5,5,0.06738004833459854,123431.0,33201.0
25022354B2,2,10,1,0.19123826920986176,98855.0,37297.0
25022354B2,2,10,2,0.1382545530796051,102951.0,49585.0
25022354B2,2,10,3,0.12779252231121063,102951.0,45489.0
25022354B2,2,10,4,0.0944557785987854,28752.0,52561.0
25022354B2,2,10,5,0.06738004833459854,123431.0,33201.0
25022354B2,2,10,6,0.06274184584617615,24656.0,48465.0
25022354B2,2,10,7,0.06226961314678192,98855.0,49585.0
25022354B2,2,10,8,0.0279863104224205,98855.0,45489.0
25022354B2,2,10,9,0.021104829385876656,24656.0,56657.0
25022354B2,2,10,10,0.020166905596852303,32848.0,27985.0
25023573B,2,3,1,0.5679563283920288,114668.0,5392.0
25023573B,2,3,2,0.10814598202705383,38769.0,54193.0
25023573B,2,3,3,0.08316696435213089,34673.0,58289.0
25023573B,2,5,1,0.5679563283920288,114668.0,5392.0
25023573B,2,5,2,0.10814598202705383,38769.0,54193.0
25023573B,2,5,3,0.08316696435213089,34673.0,58289.0
25023573B,2,5,4,0.03116743080317974,10097.0,29617.0
25023573B,2,5,5,0.01956925541162491,30577.0,21425.0
25023573B,2,10,1,0.5679563283920288,114668.0,5392.0
25023573B,2,10,2,0.10814598202705383,38769.0,54193.0
25023573B,2,10,3,0.08316696435213089,34673.0,58289.0
25023573B,2,10,4,0.03116743080317974,10097.0,29617.0
25023573B,2,10,5,0.01956925541162491,30577.0,21425.0
25023573B,2,10,6,0.017052967101335526,30577.0,46001.0
25023573B,2,10,7,0.01634935289621353,34673.0,37809.0
25023573B,2,10,8,0.01151238102465868,26481.0,46001.0
25023573B,2,10,9,0.01126554049551487,42865.0,17329.0
25023573B,2,10,10,0.008298230357468128,67191.0,37168.0
25023590B3,2,3,1,0.49064621329307556,47824.0,47808.0
25023590B3,2,3,2,0.21998704969882965,88692.0,51473.0
25023590B3,2,3,3,0.0534217432141304,39632.0,35520.0
25023590B3,2,5,1,0.49064621329307556,47824.0,47808.0
25023590B3,2,5,2,0.21998704969882965,88692.0,51473.0
25023590B3,2,5,3,0.0534217432141304,39632.0,35520.0
25023590B3,2,5,4,0.029363807290792465,39632.0,47808.0
25023590B3,2,5,5,0.02899331972002983,43728.0,39616.0
25023590B3,2,10,1,0.49064621329307556,47824.0,47808.0
25023590B3,2,10,2,0.21998704969882965,88692.0,51473.0
25023590B3,2,10,3,0.0534217432141304,39632.0,35520.0
25023590B3,2,10,4,0.029363807290792465,39632.0,47808.0
25023590B3,2,10,5,0.02899331972002983,43728.0,39616.0
25023590B3,2,10,6,0.025903770700097084,92788.0,39185.0
25023590B3,2,10,7,0.017747171223163605,92788.0,47377.0
25023590B3,2,10,8,0.01700986549258232,47824.0,27328.0
25023590B3,2,10,9,0.010732253082096577,35536.0,47808.0
25023590B3,2,10,10,0.010480108670890331,35536.0,31424.0
25023590B4,2,3,1,0.41746050119400024,21393.0,23168.0
25023590B4,2,3,2,0.1794404685497284,76407.0,29376.0
25023590B4,2,3,3,0.14843404293060303,17297.0,27264.0
25023590B4,2,5,1,0.41746050119400024,21393.0,23168.0
25023590B4,2,5,2,0.1794404685497284,76407.0,29376.0
25023590B4,2,5,3,0.14843404293060303,17297.0,27264.0
25023590B4,2,5,4,0.06347036361694336,25489.0,31360.0
25023590B4,2,5,5,0.06267943233251572,72311.0,29376.0
25023590B4,2,10,1,0.41746050119400024,21393.0,23168.0
25023590B4,2,10,2,0.1794404685497284,76407.0,29376.0
25023590B4,2,10,3,0.14843404293060303,17297.0,27264.0
25023590B4,2,10,4,0.06347036361694336,25489.0,31360.0
25023590B4,2,10,5,0.06267943233251572,72311.0,29376.0
25023590B4,2,10,6,0.023814650252461433,25489.0,19072.0
25023590B4,2,10,7,0.019992414861917496,9105.0,35456.0
25023590B4,2,10,8,0.014030368998646736,25489.0,35456.0
25023590B4,2,10,9,0.0073034497909247875,25489.0,14976.0
25023590B4,2,10,10,0.005612650886178017,84599.0,45760.0
25023814B,2,3,1,0.12842431664466858,19761.0,30528.0
25023814B,2,3,2,0.12079208344221115,27953.0,46912.0
25023814B,2,3,3,0.11152707040309906,23857.0,10048.0
25023814B,2,5,1,0.12842431664466858,19761.0,30528.0
25023814B,2,5,2,0.12079208344221115,27953.0,46912.0
25023814B,2,5,3,0.11152707040309906,23857.0,10048.0
25023814B,2,5,4,0.08760969340801239,19761.0,38720.0
25023814B,2,5,5,0.07176195085048676,23857.0,42816.0
25023814B,2,10,1,0.12842431664466858,19761.0,30528.0
25023814B,2,10,2,0.12079208344221115,27953.0,46912.0
25023814B,2,10,3,0.11152707040309906,23857.0,10048.0
25023814B,2,10,4,0.08760969340801239,19761.0,38720.0
25023814B,2,10,5,0.07176195085048676,23857.0,42816.0
25023814B,2,10,6,0.0689580887556076,23857.0,63296.0
25023814B,2,10,7,0.06055500730872154,27953.0,51008.0
25023814B,2,10,8,0.0538809634745121,36145.0,10048.0
25023814B,2,10,9,0.04325074702501297,32049.0,10048.0
25023814B,2,10,10,0.03902515023946762,48433.0,38720.0
25023869B4,2,3,1,0.1798744797706604,114532.0,42384.0
25023869B4,2,3,2,0.09802030771970749,135012.0,38288.0
25023869B4,2,3,3,0.09322896599769592,34145.0,20417.0
25023869B4,2,5,1,0.1798744797706604,114532.0,42384.0
25023869B4,2,5,2,0.09802030771970749,135012.0,38288.0
25023869B4,2,5,3,0.09322896599769592,34145.0,20417.0
25023869B4,2,5,4,0.07432268559932709,114532.0,58768.0
25023869B4,2,5,5,0.06670469045639038,118628.0,66960.0
25023869B4,2,10,1,0.1798744797706604,114532.0,42384.0
25023869B4,2,10,2,0.09802030771970749,135012.0,38288.0
25023869B4,2,10,3,0.09322896599769592,34145.0,20417.0
25023869B4,2,10,4,0.07432268559932709,114532.0,58768.0
25023869B4,2,10,5,0.06670469045639038,118628.0,66960.0
25023869B4,2,10,6,0.06364884972572327,114532.0,38288.0
25023869B4,2,10,7,0.04767205938696861,106340.0,66960.0
25023869B4,2,10,8,0.03074648045003414,110436.0,9616.0
25023869B4,2,10,9,0.029520297423005104,98148.0,21904.0
25023869B4,2,10,10,0.029057255014777184,71009.0,8129.0
25024243B2,2,3,1,0.4090873599052429,40720.0,66865.0
25024243B2,2,3,2,0.09924617409706116,24336.0,38193.0
25024243B2,2,3,3,0.07415144145488739,124864.0,33825.0
25024243B2,2,5,1,0.4090873599052429,40720.0,66865.0
25024243B2,2,5,2,0.09924617409706116,24336.0,38193.0
25024243B2,2,5,3,0.07415144145488739,124864.0,33825.0
25024243B2,2,5,4,0.03782649338245392,104384.0,46113.0
25024243B2,2,5,5,0.03651989623904228,133056.0,46113.0
25024243B2,2,10,1,0.4090873599052429,40720.0,66865.0
25024243B2,2,10,2,0.09924617409706116,24336.0,38193.0
25024243B2,2,10,3,0.07415144145488739,124864.0,33825.0
25024243B2,2,10,4,0.03782649338245392,104384.0,46113.0
25024243B2,2,10,5,0.03651989623904228,133056.0,46113.0
25024243B2,2,10,6,0.02159251645207405,112576.0,50209.0
25024243B2,2,10,7,0.018573561683297157,44816.0,25905.0
25024243B2,2,10,8,0.01739177480340004,28432.0,34097.0
25024243B2,2,10,9,0.013831035234034061,40720.0,46385.0
25024243B2,2,10,10,0.013438660651445389,40720.0,42289.0
25024302B4,2,3,1,0.6623362302780151,20640.0,36529.0
25024302B4,2,3,2,0.08445155620574951,77110.0,35602.0
25024302B4,2,3,3,0.04238194227218628,73014.0,64274.0
25024302B4,2,5,1,0.6623362302780151,20640.0,36529.0
25024302B4,2,5,2,0.08445155620574951,77110.0,35602.0
25024302B4,2,5,3,0.04238194227218628,73014.0,64274.0
25024302B4,2,5,4,0.03421544283628464,73014.0,39698.0
25024302B4,2,5,5,0.02464628405869007,81206.0,51986.0
25024302B4,2,10,1,0.6623362302780151,20640.0,36529.0
25024302B4,2,10,2,0.08445155620574951,77110.0,35602.0
25024302B4,2,10,3,0.04238194227218628,73014.0,64274.0
25024302B4,2,10,4,0.03421544283628464,73014.0,39698.0
25024302B4,2,10,5,0.02464628405869007,81206.0,51986.0
25024302B4,2,10,6,0.024274084717035294,81206.0,43794.0
25024302B4,2,10,7,0.02364683896303177,20640.0,57009.0
25024302B4,2,10,8,0.010739026591181755,32928.0,44721.0
25024302B4,2,10,9,0.009736364707350731,73014.0,60178.0
25024302B4,2,10,10,0.00864889845252037,24736.0,48817.0
25025109B2,2,3,1,0.1849256455898285,86597.0,64032.0
25025109B2,2,3,2,0.1568164974451065,102981.0,31264.0
25025109B2,2,3,3,0.12056835740804672,11888.0,56896.0
25025109B2,2,5,1,0.1849256455898285,86597.0,64032.0
25025109B2,2,5,2,0.1568164974451065,102981.0,31264.0
25025109B2,2,5,3,0.12056835740804672,11888.0,56896.0
25025109B2,2,5,4,0.07176288217306137,40560.0,69184.0
25025109B2,2,5,5,0.06102164089679718,20080.0,65088.0
25025109B2,2,10,1,0.1849256455898285,86597.0,64032.0
25025109B2,2,10,2,0.1568164974451065,102981.0,31264.0
25025109B2,2,10,3,0.12056835740804672,11888.0,56896.0
25025109B2,2,10,4,0.07176288217306137,40560.0,69184.0
25025109B2,2,10,5,0.06102164089679718,20080.0,65088.0
25025109B2,2,10,6,0.05336695909500122,98885.0,72224.0
25025109B2,2,10,7,0.039123449474573135,90693.0,72224.0
25025109B2,2,10,8,0.0316740944981575,11888.0,52800.0
25025109B2,2,10,9,0.024578910320997238,90693.0,64032.0
25025109B2,2,10,10,0.023707324638962746,107077.0,68128.0
25025245B2,2,3,1,0.17616847157478333,48624.0,35329.0
25025245B2,2,3,2,0.12780168652534485,19952.0,23041.0
25025245B2,2,3,3,0.12152177095413208,107895.0,32643.0
25025245B2,2,5,1,0.17616847157478333,48624.0,35329.0
25025245B2,2,5,2,0.12780168652534485,19952.0,23041.0
25025245B2,2,5,3,0.12152177095413208,107895.0,32643.0
25025245B2,2,5,4,0.10204163193702698,116087.0,36739.0
25025245B2,2,5,5,0.05928228795528412,111991.0,28547.0
25025245B2,2,10,1,0.17616847157478333,48624.0,35329.0
25025245B2,2,10,2,0.12780168652534485,19952.0,23041.0
25025245B2,2,10,3,0.12152177095413208,107895.0,32643.0
25025245B2,2,10,4,0.10204163193702698,116087.0,36739.0
25025245B2,2,10,5,0.05928228795528412,111991.0,28547.0
25025245B2,2,10,6,0.0517740398645401,116087.0,40835.0
25025245B2,2,10,7,0.03775875270366669,103799.0,40835.0
25025245B2,2,10,8,0.03761821985244751,48624.0,31233.0
25025245B2,2,10,9,0.03338459134101868,40432.0,43521.0
25025245B2,2,10,10,0.03292664885520935,111991.0,40835.0
25025262B2,2,3,1,0.5694353580474854,24704.0,22928.0
25025262B2,2,3,2,0.19921749830245972,45184.0,31120.0
25025262B2,2,3,3,0.06690817326307297,16512.0,22928.0
25025262B2,2,5,1,0.5694353580474854,24704.0,22928.0
25025262B2,2,5,2,0.19921749830245972,45184.0,31120.0
25025262B2,2,5,3,0.06690817326307297,16512.0,22928.0
25025262B2,2,5,4,0.035048019140958786,24704.0,18832.0
25025262B2,2,5,5,0.014470805414021015,36992.0,35216.0
25025262B2,2,10,1,0.5694353580474854,24704.0,22928.0
25025262B2,2,10,2,0.19921749830245972,45184.0,31120.0
25025262B2,2,10,3,0.06690817326307297,16512.0,22928.0
25025262B2,2,10,4,0.035048019140958786,24704.0,18832.0
25025262B2,2,10,5,0.014470805414021015,36992.0,35216.0
25025262B2,2,10,6,0.014053416438400745,24704.0,10640.0
25025262B2,2,10,7,0.012989281676709652,28800.0,31120.0
25025262B2,2,10,8,0.010634356178343296,28800.0,18832.0
25025262B2,2,10,9,0.008921736851334572,32896.0,10640.0
25025262B2,2,10,10,0.007777528837323189,45184.0,27024.0
25025298B2,2,3,1,0.38769590854644775,124913.0,13296.0
25025298B2,2,3,2,0.09099577367305756,116721.0,50160.0
25025298B2,2,3,3,0.05704629793763161,56752.0,8192.0
25025298B2,2,5,1,0.38769590854644775,124913.0,13296.0
25025298B2,2,5,2,0.09099577367305756,116721.0,50160.0
25025298B2,2,5,3,0.05704629793763161,56752.0,8192.0
25025298B2,2,5,4,0.04360131174325943,120817.0,58352.0
25025298B2,2,5,5,0.030791975557804108,112625.0,50160.0
25025298B2,2,10,1,0.38769590854644775,124913.0,13296.0
25025298B2,2,10,2,0.09099577367305756,116721.0,50160.0
25025298B2,2,10,3,0.05704629793763161,56752.0,8192.0
25025298B2,2,10,4,0.04360131174325943,120817.0,58352.0
25025298B2,2,10,5,0.030791975557804108,112625.0,50160.0
25025298B2,2,10,6,0.027288010343909264,32176.0,20480.0
25025298B2,2,10,7,0.024822421371936798,52656.0,12288.0
25025298B2,2,10,8,0.024061881005764008,32176.0,12288.0
25025298B2,2,10,9,0.022209879010915756,116721.0,46064.0
25025298B2,2,10,10,0.017936721444129944,40368.0,40960.0
25026081B2,2,3,1,0.42492738366127014,123556.0,28561.0
25026081B2,2,3,2,0.09629493951797485,127652.0,28561.0
25026081B2,2,3,3,0.08747199922800064,127652.0,24465.0
25026081B2,2,5,1,0.42492738366127014,123556.0,28561.0
25026081B2,2,5,2,0.09629493951797485,127652.0,28561.0
25026081B2,2,5,3,0.08747199922800064,127652.0,24465.0
25026081B2,2,5,4,0.08173830807209015,47089.0,27457.0
25026081B2,2,5,5,0.06700106710195541,127652.0,20369.0
25026081B2,2,10,1,0.42492738366127014,123556.0,28561.0
25026081B2,2,10,2,0.09629493951797485,127652.0,28561.0
25026081B2,2,10,3,0.08747199922800064,127652.0,24465.0
25026081B2,2,10,4,0.08173830807209015,47089.0,27457.0
25026081B2,2,10,5,0.06700106710195541,127652.0,20369.0
25026081B2,2,10,6,0.05954502150416374,131748.0,32657.0
25026081B2,2,10,7,0.05200599133968353,51185.0,19265.0
25026081B2,2,10,8,0.024370593950152397,47089.0,31553.0
25026081B2,2,10,9,0.015328852459788322,42993.0,47937.0
25026081B2,2,10,10,0.011143072508275509,131748.0,24465.0
25026163B,2,3,1,0.14839902520179749,52752.0,29457.0
25026163B,2,3,2,0.09592537581920624,60944.0,25361.0
25026163B,2,3,3,0.0929686427116394,98259.0,64096.0
25026163B,2,5,1,0.14839902520179749,52752.0,29457.0
25026163B,2,5,2,0.09592537581920624,60944.0,25361.0
25026163B,2,5,3,0.0929686427116394,98259.0,64096.0
25026163B,2,5,4,0.08852621167898178,98259.0,60000.0
25026163B,2,5,5,0.07688400149345398,94163.0,47712.0
25026163B,2,10,1,0.14839902520179749,52752.0,29457.0
25026163B,2,10,2,0.09592537581920624,60944.0,25361.0
25026163B,2,10,3,0.0929686427116394,98259.0,64096.0
25026163B,2,10,4,0.08852621167898178,98259.0,60000.0
25026163B,2,10,5,0.07688400149345398,94163.0,47712.0
25026163B,2,10,6,0.06246662139892578,122835.0,19040.0
25026163B,2,10,7,0.03960247337818146,60944.0,41745.0
25026163B,2,10,8,0.03129887580871582,118739.0,31328.0
25026163B,2,10,9,0.023612773045897484,24080.0,45841.0
25026163B,2,10,10,0.023577619343996048,60944.0,45841.0
25026254B2,2,3,1,0.19815777242183685,139970.0,18945.0
25026254B2,2,3,2,0.14085696637630463,127682.0,6657.0
25026254B2,2,3,3,0.12921595573425293,139970.0,10753.0
25026254B2,2,5,1,0.19815777242183685,139970.0,18945.0
25026254B2,2,5,2,0.14085696637630463,127682.0,6657.0
25026254B2,2,5,3,0.12921595573425293,139970.0,10753.0
25026254B2,2,5,4,0.07058371603488922,139970.0,23041.0
25026254B2,2,5,5,0.04886847361922264,99010.0,43521.0
25026254B2,2,10,1,0.19815777242183685,139970.0,18945.0
25026254B2,2,10,2,0.14085696637630463,127682.0,6657.0
25026254B2,2,10,3,0.12921595573425293,139970.0,10753.0
25026254B2,2,10,4,0.07058371603488922,139970.0,23041.0
25026254B2,2,10,5,0.04886847361922264,99010.0,43521.0
25026254B2,2,10,6,0.03554965928196907,123586.0,10753.0
25026254B2,2,10,7,0.03442700207233429,131778.0,43521.0
25026254B2,2,10,8,0.031216293573379517,61104.0,33827.0
25026254B2,2,10,9,0.02102537266910076,135874.0,10753.0
25026254B2,2,10,10,0.020535988733172417,115394.0,39425.0
2490526B3,2,3,1,0.8701044321060181,84304.0,37425.0
2490526B3,2,3,2,0.023173363879323006,80208.0,45617.0
2490526B3,2,3,3,0.017722222954034805,88400.0,41521.0
2490526B3,2,5,1,0.8701044321060181,84304.0,37425.0
2490526B3,2,5,2,0.023173363879323006,80208.0,45617.0
2490526B3,2,5,3,0.017722222954034805,88400.0,41521.0
2490526B3,2,5,4,0.013691088184714317,72016.0,21041.0
2490526B3,2,5,5,0.01105444971472025,88400.0,49713.0
2490526B3,2,10,1,0.8701044321060181,84304.0,37425.0
2490526B3,2,10,2,0.023173363879323006,80208.0,45617.0
2490526B3,2,10,3,0.017722222954034805,88400.0,41521.0
2490526B3,2,10,4,0.013691088184714317,72016.0,21041.0
2490526B3,2,10,5,0.01105444971472025,88400.0,49713.0
2490526B3,2,10,6,0.010006709024310112,84304.0,45617.0
2490526B3,2,10,7,0.009226669557392597,31984.0,43104.0
2490526B3,2,10,8,0.0052799684926867485,80208.0,25137.0
2490526B3,2,10,9,0.005163473542779684,72016.0,41521.0
2490526B3,2,10,10,0.004744610749185085,36080.0,43104.0
2490837B2,2,3,1,0.47340789437294006,77793.0,32016.0
2490837B2,2,3,2,0.17078910768032074,24096.0,21009.0
2490837B2,2,3,3,0.03474518284201622,20000.0,37393.0
2490837B2,2,5,1,0.47340789437294006,77793.0,32016.0
2490837B2,2,5,2,0.17078910768032074,24096.0,21009.0
2490837B2,2,5,3,0.03474518284201622,20000.0,37393.0
2490837B2,2,5,4,0.03131607919931412,15904.0,37393.0
2490837B2,2,5,5,0.028513502329587936,24096.0,29201.0
2490837B2,2,10,1,0.47340789437294006,77793.0,32016.0
2490837B2,2,10,2,0.17078910768032074,24096.0,21009.0
2490837B2,2,10,3,0.03474518284201622,20000.0,37393.0
2490837B2,2,10,4,0.03131607919931412,15904.0,37393.0
2490837B2,2,10,5,0.028513502329587936,24096.0,29201.0
2490837B2,2,10,6,0.02625303342938423,36384.0,45585.0
2490837B2,2,10,7,0.01955588161945343,15904.0,41489.0
2490837B2,2,10,8,0.019297219812870026,77793.0,15632.0
2490837B2,2,10,9,0.017211200669407845,85985.0,19728.0
2490837B2,2,10,10,0.014779760502278805,28192.0,16913.0
2491131B2,2,3,1,0.5388012528419495,16176.0,21200.0
2491131B2,2,3,2,0.048844099044799805,32560.0,53968.0
2491131B2,2,3,3,0.04416785016655922,12080.0,58064.0
2491131B2,2,5,1,0.5388012528419495,16176.0,21200.0
2491131B2,2,5,2,0.048844099044799805,32560.0,53968.0
2491131B2,2,5,3,0.04416785016655922,12080.0,58064.0
2491131B2,2,5,4,0.04248139262199402,24368.0,29392.0
2491131B2,2,5,5,0.04020817205309868,79142.0,60192.0
2491131B2,2,10,1,0.5388012528419495,16176.0,21200.0
2491131B2,2,10,2,0.048844099044799805,32560.0,53968.0
2491131B2,2,10,3,0.04416785016655922,12080.0,58064.0
2491131B2,2,10,4,0.04248139262199402,24368.0,29392.0
2491131B2,2,10,5,0.04020817205309868,79142.0,60192.0
2491131B2,2,10,6,0.03867513686418533,75046.0,52000.0
2491131B2,2,10,7,0.028330940753221512,36656.0,33488.0
2491131B2,2,10,8,0.02172279916703701,20272.0,21200.0
2491131B2,2,10,9,0.021629266440868378,32560.0,49872.0
2491131B2,2,10,10,0.020599916577339172,28464.0,37584.0
2491191B3,2,3,1,0.16072705388069153,56336.0,66384.0
2491191B3,2,3,2,0.07261732220649719,125968.0,66384.0
2491191B3,2,3,3,0.055588386952877045,64528.0,70480.0
2491191B3,2,5,1,0.16072705388069153,56336.0,66384.0
2491191B3,2,5,2,0.07261732220649719,125968.0,66384.0
2491191B3,2,5,3,0.055588386952877045,64528.0,70480.0
2491191B3,2,5,4,0.04678334295749664,121872.0,50000.0
2491191B3,2,5,5,0.038383785635232925,60432.0,37712.0
2491191B3,2,10,1,0.16072705388069153,56336.0,66384.0
2491191B3,2,10,2,0.07261732220649719,125968.0,66384.0
2491191B3,2,10,3,0.055588386952877045,64528.0,70480.0
2491191B3,2,10,4,0.04678334295749664,121872.0,50000.0
2491191B3,2,10,5,0.038383785635232925,60432.0,37712.0
2491191B3,2,10,6,0.03335638344287872,89104.0,54096.0
2491191B3,2,10,7,0.03010740876197815,48144.0,62288.0
2491191B3,2,10,8,0.028098059818148613,97296.0,54096.0
2491191B3,2,10,9,0.027927342802286148,89104.0,50000.0
2491191B3,2,10,10,0.02628288045525551,113680.0,66384.0
2491226B2,2,3,1,0.43344998359680176,40512.0,20880.0
2491226B2,2,3,2,0.1209438219666481,105857.0,19184.0
2491226B2,2,3,3,0.11653409898281097,7744.0,24976.0
2491226B2,2,5,1,0.43344998359680176,40512.0,20880.0
2491226B2,2,5,2,0.1209438219666481,105857.0,19184.0
2491226B2,2,5,3,0.11653409898281097,7744.0,24976.0
2491226B2,2,5,4,0.05692191421985626,101761.0,19184.0
2491226B2,2,5,5,0.046141110360622406,32320.0,53648.0
2491226B2,2,10,1,0.43344998359680176,40512.0,20880.0
2491226B2,2,10,2,0.1209438219666481,105857.0,19184.0
2491226B2,2,10,3,0.11653409898281097,7744.0,24976.0
2491226B2,2,10,4,0.05692191421985626,101761.0,19184.0
2491226B2,2,10,5,0.046141110360622406,32320.0,53648.0
2491226B2,2,10,6,0.022585229948163033,101761.0,23280.0
2491226B2,2,10,7,0.021551696583628654,105857.0,39664.0
2491226B2,2,10,8,0.015233110636472702,40512.0,16784.0
2491226B2,2,10,9,0.012408181093633175,7744.0,41360.0
2491226B2,2,10,10,0.011805483140051365,105857.0,47856.0
2491275B2,2,3,1,0.9719963073730469,96481.0,61523.0
2491275B2,2,3,2,0.008785590529441833,100577.0,65619.0
2491275B2,2,3,3,0.0028096979949623346,100577.0,61523.0
2491275B2,2,5,1,0.9719963073730469,96481.0,61523.0
2491275B2,2,5,2,0.008785590529441833,100577.0,65619.0
2491275B2,2,5,3,0.0028096979949623346,100577.0,61523.0
2491275B2,2,5,4,0.002645607106387615,112865.0,49235.0
2491275B2,2,5,5,0.001448882045224309,112865.0,53331.0
2491275B2,2,10,1,0.9719963073730469,96481.0,61523.0
2491275B2,2,10,2,0.008785590529441833,100577.0,65619.0
2491275B2,2,10,3,0.0028096979949623346,100577.0,61523.0
2491275B2,2,10,4,0.002645607106387615,112865.0,49235.0
2491275B2,2,10,5,0.001448882045224309,112865.0,53331.0
2491275B2,2,10,6,0.0009806649759411812,104673.0,57427.0
2491275B2,2,10,7,0.0008808124111965299,112865.0,61523.0
2491275B2,2,10,8,0.0008174419053830206,42592.0,45201.0
2491275B2,2,10,9,0.0007216663798317313,100577.0,45139.0
2491275B2,2,10,10,0.0006814376101829112,96481.0,57427.0
25001939B2,2,3,1,0.7563335299491882,96616.0,39889.0
25001939B2,2,3,2,0.02256220579147339,23904.0,44129.0
25001939B2,2,3,3,0.019209280610084534,92520.0,27601.0
25001939B2,2,5,1,0.7563335299491882,96616.0,39889.0
25001939B2,2,5,2,0.02256220579147339,23904.0,44129.0
25001939B2,2,5,3,0.019209280610084534,92520.0,27601.0
25001939B2,2,5,4,0.014343716204166412,84328.0,19409.0
25001939B2,2,5,5,0.012725946493446827,88424.0,27601.0
25001939B2,2,10,1,0.7563335299491882,96616.0,39889.0
25001939B2,2,10,2,0.02256220579147339,23904.0,44129.0
25001939B2,2,10,3,0.019209280610084534,92520.0,27601.0
25001939B2,2,10,4,0.014343716204166412,84328.0,19409.0
25001939B2,2,10,5,0.012725946493446827,88424.0,27601.0
25001939B2,2,10,6,0.011028554290533066,23904.0,35937.0
25001939B2,2,10,7,0.009352946653962135,117096.0,39889.0
25001939B2,2,10,8,0.008562996052205563,15712.0,27745.0
25001939B2,2,10,9,0.007152383215725422,7520.0,19553.0
25001939B2,2,10,10,0.007051736582070589,7520.0,35937.0
25002329B2,2,3,1,0.29084914922714233,32336.0,12848.0
25002329B2,2,3,2,0.16558125615119934,24144.0,12848.0
25002329B2,2,3,3,0.10108845680952072,24144.0,16944.0
25002329B2,2,5,1,0.29084914922714233,32336.0,12848.0
25002329B2,2,5,2,0.16558125615119934,24144.0,12848.0
25002329B2,2,5,3,0.10108845680952072,24144.0,16944.0
25002329B2,2,5,4,0.09302602708339691,92099.0,14576.0
25002329B2,2,5,5,0.06489355862140656,52816.0,33328.0
25002329B2,2,10,1,0.29084914922714233,32336.0,12848.0
25002329B2,2,10,2,0.16558125615119934,24144.0,12848.0
25002329B2,2,10,3,0.10108845680952072,24144.0,16944.0
25002329B2,2,10,4,0.09302602708339691,92099.0,14576.0
25002329B2,2,10,5,0.06489355862140656,52816.0,33328.0
25002329B2,2,10,6,0.04353540763258934,88003.0,10480.0
25002329B2,2,10,7,0.030079379677772522,36432.0,41520.0
25002329B2,2,10,8,0.02462175115942955,96195.0,10480.0
25002329B2,2,10,9,0.020482327789068222,40528.0,16944.0
25002329B2,2,10,10,0.018948223441839218,96195.0,14576.0
25002391B2,2,3,1,0.49484145641326904,40384.0,27730.0
25002391B2,2,3,2,0.07641753554344177,118083.0,50002.0
25002391B2,2,3,3,0.06833180785179138,44480.0,44114.0
25002391B2,2,5,1,0.49484145641326904,40384.0,27730.0
25002391B2,2,5,2,0.07641753554344177,118083.0,50002.0
25002391B2,2,5,3,0.06833180785179138,44480.0,44114.0
25002391B2,2,5,4,0.06187741458415985,109891.0,29522.0
25002391B2,2,5,5,0.03350348770618439,36288.0,35922.0
25002391B2,2,10,1,0.49484145641326904,40384.0,27730.0
25002391B2,2,10,2,0.07641753554344177,118083.0,50002.0
25002391B2,2,10,3,0.06833180785179138,44480.0,44114.0
25002391B2,2,10,4,0.06187741458415985,109891.0,29522.0
25002391B2,2,10,5,0.03350348770618439,36288.0,35922.0
25002391B2,2,10,6,0.03319632261991501,113987.0,25426.0
25002391B2,2,10,7,0.030222805216908455,28096.0,48210.0
25002391B2,2,10,8,0.02067619375884533,109891.0,62290.0
25002391B2,2,10,9,0.018599361181259155,109891.0,33618.0
25002391B2,2,10,10,0.013388021849095821,19904.0,27730.0
25002804B2,2,3,1,0.14744579792022705,119313.0,36944.0
25002804B2,2,3,2,0.10715842992067337,119313.0,24656.0
25002804B2,2,3,3,0.09828586876392365,102929.0,80.0
25002804B2,2,5,1,0.14744579792022705,119313.0,36944.0
25002804B2,2,5,2,0.10715842992067337,119313.0,24656.0
25002804B2,2,5,3,0.09828586876392365,102929.0,80.0
25002804B2,2,5,4,0.08979145437479019,36336.0,41760.0
25002804B2,2,5,5,0.04985928162932396,107025.0,16464.0
25002804B2,2,10,1,0.14744579792022705,119313.0,36944.0
25002804B2,2,10,2,0.10715842992067337,119313.0,24656.0
25002804B2,2,10,3,0.09828586876392365,102929.0,80.0
25002804B2,2,10,4,0.08979145437479019,36336.0,41760.0
25002804B2,2,10,5,0.04985928162932396,107025.0,16464.0
25002804B2,2,10,6,0.034162163734436035,36336.0,25376.0
25002804B2,2,10,7,0.030068770051002502,123409.0,12368.0
25002804B2,2,10,8,0.029142457991838455,123409.0,24656.0
25002804B2,2,10,9,0.028292296454310417,127505.0,20560.0
25002804B2,2,10,10,0.027357134968042374,36336.0,21280.0
25009148B3,2,3,1,0.19952087104320526,93152.0,36400.0
25009148B3,2,3,2,0.173243448138237,97248.0,48688.0
25009148B3,2,3,3,0.1341364085674286,28368.0,31632.0
25009148B3,2,5,1,0.19952087104320526,93152.0,36400.0
25009148B3,2,5,2,0.173243448138237,97248.0,48688.0
25009148B3,2,5,3,0.1341364085674286,28368.0,31632.0
25009148B3,2,5,4,0.07636253535747528,80864.0,32304.0
25009148B3,2,5,5,0.05537598580121994,97248.0,32304.0
25009148B3,2,10,1,0.19952087104320526,93152.0,36400.0
25009148B3,2,10,2,0.173243448138237,97248.0,48688.0
25009148B3,2,10,3,0.1341364085674286,28368.0,31632.0
25009148B3,2,10,4,0.07636253535747528,80864.0,32304.0
25009148B3,2,10,5,0.05537598580121994,97248.0,32304.0
25009148B3,2,10,6,0.05316410958766937,84960.0,44592.0
25009148B3,2,10,7,0.0448523610830307,16080.0,27536.0
25009148B3,2,10,8,0.040905650705099106,32464.0,19344.0
25009148B3,2,10,9,0.03923014923930168,80864.0,36400.0
25009148B3,2,10,10,0.02591281197965145,97248.0,24112.0
2462609-B2,2,3,1,0.9127444624900818,103466.0,29296.0
2462609-B2,2,3,2,0.022914476692676544,99370.0,37488.0
2462609-B2,2,3,3,0.022433171048760414,103466.0,33392.0
2462609-B2,2,5,1,0.9127444624900818,103466.0,29296.0
2462609-B2,2,5,2,0.022914476692676544,99370.0,37488.0
2462609-B2,2,5,3,0.022433171048760414,103466.0,33392.0
2462609-B2,2,5,4,0.013187998905777931,12625.0,43729.0
2462609-B2,2,5,5,0.012603098526597023,29009.0,31441.0
2462609-B2,2,10,1,0.9127444624900818,103466.0,29296.0
2462609-B2,2,10,2,0.022914476692676544,99370.0,37488.0
2462609-B2,2,10,3,0.022433171048760414,103466.0,33392.0
2462609-B2,2,10,4,0.013187998905777931,12625.0,43729.0
2462609-B2,2,10,5,0.012603098526597023,29009.0,31441.0
2462609-B2,2,10,6,0.00253772409632802,99370.0,29296.0
2462609-B2,2,10,7,0.0017548648174852133,87082.0,33392.0
2462609-B2,2,10,8,0.0016928449040278792,95274.0,29296.0
2462609-B2,2,10,9,0.0015890068607404828,103466.0,25200.0
2462609-B2,2,10,10,0.0014752475544810295,20817.0,35537.0
2476286-B2,2,3,1,0.5420577526092529,96544.0,59248.0
2476286-B2,2,3,2,0.05933108553290367,84256.0,51056.0
2476286-B2,2,3,3,0.03678327053785324,92448.0,30576.0
2476286-B2,2,5,1,0.5420577526092529,96544.0,59248.0
2476286-B2,2,5,2,0.05933108553290367,84256.0,51056.0
2476286-B2,2,5,3,0.03678327053785324,92448.0,30576.0
2476286-B2,2,5,4,0.028107915073633194,11824.0,54033.0
2476286-B2,2,5,5,0.027574092149734497,88352.0,46960.0
2476286-B2,2,10,1,0.5420577526092529,96544.0,59248.0
2476286-B2,2,10,2,0.05933108553290367,84256.0,51056.0
2476286-B2,2,10,3,0.03678327053785324,92448.0,30576.0
2476286-B2,2,10,4,0.028107915073633194,11824.0,54033.0
2476286-B2,2,10,5,0.027574092149734497,88352.0,46960.0
2476286-B2,2,10,6,0.025611110031604767,104736.0,18288.0
2476286-B2,2,10,7,0.023820415139198303,7728.0,62225.0
2476286-B2,2,10,8,0.02348107099533081,88352.0,51056.0
2476286-B2,2,10,9,0.020595628768205643,117024.0,38768.0
2476286-B2,2,10,10,0.015161920338869095,129312.0,18288.0
2484862-B3,2,3,1,0.18610170483589172,117713.0,31522.0
2484862-B3,2,3,2,0.16374632716178894,97233.0,27426.0
2484862-B3,2,3,3,0.10897794365882874,113617.0,23330.0
2484862-B3,2,5,1,0.18610170483589172,117713.0,31522.0
2484862-B3,2,5,2,0.16374632716178894,97233.0,27426.0
2484862-B3,2,5,3,0.10897794365882874,113617.0,23330.0
2484862-B3,2,5,4,0.08917370438575745,121809.0,35618.0
2484862-B3,2,5,5,0.08491450548171997,25792.0,25025.0
2484862-B3,2,10,1,0.18610170483589172,117713.0,31522.0
2484862-B3,2,10,2,0.16374632716178894,97233.0,27426.0
2484862-B3,2,10,3,0.10897794365882874,113617.0,23330.0
2484862-B3,2,10,4,0.08917370438575745,121809.0,35618.0
2484862-B3,2,10,5,0.08491450548171997,25792.0,25025.0
2484862-B3,2,10,6,0.08290620893239975,97233.0,31522.0
2484862-B3,2,10,7,0.06393376737833023,25792.0,20929.0
2484862-B3,2,10,8,0.0347285196185112,101329.0,27426.0
2484862-B3,2,10,9,0.02054942399263382,46272.0,25025.0
2484862-B3,2,10,10,0.019879747182130814,93137.0,35618.0
2485473-B2,2,3,1,0.21110200881958008,92759.0,41889.0
2485473-B2,2,3,2,0.15939171612262726,84567.0,45985.0
2485473-B2,2,3,3,0.08036909252405167,24368.0,37793.0
2485473-B2,2,5,1,0.21110200881958008,92759.0,41889.0
2485473-B2,2,5,2,0.15939171612262726,84567.0,45985.0
2485473-B2,2,5,3,0.08036909252405167,24368.0,37793.0
2485473-B2,2,5,4,0.060646895319223404,40752.0,25505.0
2485473-B2,2,5,5,0.05865980312228203,40752.0,29601.0
2485473-B2,2,10,1,0.21110200881958008,92759.0,41889.0
2485473-B2,2,10,2,0.15939171612262726,84567.0,45985.0
2485473-B2,2,10,3,0.08036909252405167,24368.0,37793.0
2485473-B2,2,10,4,0.060646895319223404,40752.0,25505.0
2485473-B2,2,10,5,0.05865980312228203,40752.0,29601.0
2485473-B2,2,10,6,0.04305917024612427,24368.0,66465.0
2485473-B2,2,10,7,0.04096994549036026,24368.0,41889.0
2485473-B2,2,10,8,0.03731187433004379,84567.0,58273.0
2485473-B2,2,10,9,0.031170466914772987,20272.0,13217.0
2485473-B2,2,10,10,0.028154795989394188,16176.0,33697.0
2487567-B2,2,3,1,0.49577218294143677,32576.0,39952.0
2487567-B2,2,3,2,0.13263818621635437,79953.0,42320.0
2487567-B2,2,3,3,0.11280610412359238,59473.0,34128.0
2487567-B2,2,5,1,0.49577218294143677,32576.0,39952.0
2487567-B2,2,5,2,0.13263818621635437,79953.0,42320.0
2487567-B2,2,5,3,0.11280610412359238,59473.0,34128.0
2487567-B2,2,5,4,0.0470782071352005,63569.0,38224.0
2487567-B2,2,5,5,0.029080968350172043,28480.0,11280.0
2487567-B2,2,10,1,0.49577218294143677,32576.0,39952.0
2487567-B2,2,10,2,0.13263818621635437,79953.0,42320.0
2487567-B2,2,10,3,0.11280610412359238,59473.0,34128.0
2487567-B2,2,10,4,0.0470782071352005,63569.0,38224.0
2487567-B2,2,10,5,0.029080968350172043,28480.0,11280.0
2487567-B2,2,10,6,0.026447301730513573,12096.0,31760.0
2487567-B2,2,10,7,0.02151285856962204,28480.0,31760.0
2487567-B2,2,10,8,0.016930077224969864,73233.0,13344.0
2487567-B2,2,10,9,0.016905896365642548,75857.0,25936.0
2487567-B2,2,10,10,0.013068043626844883,12096.0,27664.0
2488302-B2,2,3,1,0.3640398681163788,38289.0,41329.0
2488302-B2,2,3,2,0.17664313316345215,21905.0,61809.0
2488302-B2,2,3,3,0.09683823585510254,34193.0,57713.0
2488302-B2,2,5,1,0.3640398681163788,38289.0,41329.0
2488302-B2,2,5,2,0.17664313316345215,21905.0,61809.0
2488302-B2,2,5,3,0.09683823585510254,34193.0,57713.0
2488302-B2,2,5,4,0.05975661799311638,17809.0,57713.0
2488302-B2,2,5,5,0.03721950203180313,21905.0,57713.0
2488302-B2,2,10,1,0.3640398681163788,38289.0,41329.0
2488302-B2,2,10,2,0.17664313316345215,21905.0,61809.0
2488302-B2,2,10,3,0.09683823585510254,34193.0,57713.0
2488302-B2,2,10,4,0.05975661799311638,17809.0,57713.0
2488302-B2,2,10,5,0.03721950203180313,21905.0,57713.0
2488302-B2,2,10,6,0.03675904870033264,93320.0,66465.0
2488302-B2,2,10,7,0.03184080123901367,34193.0,70001.0
2488302-B2,2,10,8,0.024054743349552155,101512.0,50081.0
2488302-B2,2,10,9,0.02338910475373268,26001.0,61809.0
2488302-B2,2,10,10,0.019556749612092972,30097.0,61809.0
2488335-B,2,3,1,0.5613236427307129,126947.0,60048.0
2488335-B,2,3,2,0.12618385255336761,114659.0,51856.0
2488335-B,2,3,3,0.04680422693490982,169029.0,74874.0
2488335-B,2,5,1,0.5613236427307129,126947.0,60048.0
2488335-B,2,5,2,0.12618385255336761,114659.0,51856.0
2488335-B,2,5,3,0.04680422693490982,169029.0,74874.0
2488335-B,2,5,4,0.02623574808239937,139235.0,19088.0
2488335-B,2,5,5,0.022489771246910095,118755.0,23184.0
2488335-B,2,10,1,0.5613236427307129,126947.0,60048.0
2488335-B,2,10,2,0.12618385255336761,114659.0,51856.0
2488335-B,2,10,3,0.04680422693490982,169029.0,74874.0
2488335-B,2,10,4,0.02623574808239937,139235.0,19088.0
2488335-B,2,10,5,0.022489771246910095,118755.0,23184.0
2488335-B,2,10,6,0.013779263012111187,59200.0,48689.0
2488335-B,2,10,7,0.012758493423461914,63296.0,40497.0
2488335-B,2,10,8,0.012630623765289783,118755.0,51856.0
2488335-B,2,10,9,0.010777892544865608,59200.0,56881.0
2488335-B,2,10,10,0.009981302544474602,59200.0,36401.0
25013062B2,2,3,1,0.48872053623199463,29584.0,10801.0
25013062B2,2,3,2,0.06144209951162338,29584.0,6705.0
25013062B2,2,3,3,0.058867909014225006,73008.0,34369.0
25013062B2,2,5,1,0.48872053623199463,29584.0,10801.0
25013062B2,2,5,2,0.06144209951162338,29584.0,6705.0
25013062B2,2,5,3,0.058867909014225006,73008.0,34369.0
25013062B2,2,5,4,0.057983964681625366,24032.0,27107.0
25013062B2,2,5,5,0.05500005558133125,77104.0,42561.0
25013062B2,2,10,1,0.48872053623199463,29584.0,10801.0
25013062B2,2,10,2,0.06144209951162338,29584.0,6705.0
25013062B2,2,10,3,0.058867909014225006,73008.0,34369.0
25013062B2,2,10,4,0.057983964681625366,24032.0,27107.0
25013062B2,2,10,5,0.05500005558133125,77104.0,42561.0
25013062B2,2,10,6,0.041372500360012054,73008.0,42561.0
25013062B2,2,10,7,0.02177288569509983,11744.0,31203.0
25013062B2,2,10,8,0.021202467381954193,28128.0,31203.0
25013062B2,2,10,9,0.01613268256187439,73008.0,30273.0
25013062B2,2,10,10,0.013182039372622967,93488.0,34369.0
25015608B2,2,3,1,0.2935810685157776,15824.0,48274.0
25015608B2,2,3,2,0.1735023856163025,86305.0,50449.0
25015608B2,2,3,3,0.13836178183555603,7632.0,48274.0
25015608B2,2,5,1,0.2935810685157776,15824.0,48274.0
25015608B2,2,5,2,0.1735023856163025,86305.0,50449.0
25015608B2,2,5,3,0.13836178183555603,7632.0,48274.0
25015608B2,2,5,4,0.09768958389759064,94497.0,50449.0
25015608B2,2,5,5,0.0368671678006649,86305.0,62737.0
25015608B2,2,10,1,0.2935810685157776,15824.0,48274.0
25015608B2,2,10,2,0.1735023856163025,86305.0,50449.0
25015608B2,2,10,3,0.13836178183555603,7632.0,48274.0
25015608B2,2,10,4,0.09768958389759064,94497.0,50449.0
25015608B2,2,10,5,0.0368671678006649,86305.0,62737.0
25015608B2,2,10,6,0.02972152642905712,36304.0,56466.0
25015608B2,2,10,7,0.019724514335393906,106785.0,58641.0
25015608B2,2,10,8,0.019700713455677032,94497.0,21777.0
25015608B2,2,10,9,0.016330653801560402,102689.0,50449.0
25015608B2,2,10,10,0.015027906745672226,90401.0,38161.0
25015640B5,2,3,1,0.345938116312027,32304.0,17600.0
25015640B5,2,3,2,0.13338634371757507,20016.0,25792.0
25015640B5,2,3,3,0.12898030877113342,90497.0,33634.0
25015640B5,2,5,1,0.345938116312027,32304.0,17600.0
25015640B5,2,5,2,0.13338634371757507,20016.0,25792.0
25015640B5,2,5,3,0.12898030877113342,90497.0,33634.0
25015640B5,2,5,4,0.12226106971502304,28208.0,21696.0
25015640B5,2,5,5,0.06949024647474289,15920.0,25792.0
25015640B5,2,10,1,0.345938116312027,32304.0,17600.0
25015640B5,2,10,2,0.13338634371757507,20016.0,25792.0
25015640B5,2,10,3,0.12898030877113342,90497.0,33634.0
25015640B5,2,10,4,0.12226106971502304,28208.0,21696.0
25015640B5,2,10,5,0.06949024647474289,15920.0,25792.0
25015640B5,2,10,6,0.05421258509159088,86401.0,41826.0
25015640B5,2,10,7,0.03788265585899353,24112.0,21696.0
25015640B5,2,10,8,0.028430715203285217,75169.0,27778.0
25015640B5,2,10,9,0.026964981108903885,86401.0,25442.0
25015640B5,2,10,10,0.012578140944242477,94593.0,33634.0
25017739B2,2,3,1,0.3797052502632141,89863.0,54400.0
25017739B2,2,3,2,0.16420814394950867,77575.0,50304.0
25017739B2,2,3,3,0.10222555696964264,89863.0,62592.0
25017739B2,2,5,1,0.3797052502632141,89863.0,54400.0
25017739B2,2,5,2,0.16420814394950867,77575.0,50304.0
25017739B2,2,5,3,0.10222555696964264,89863.0,62592.0
25017739B2,2,5,4,0.04979834333062172,114439.0,17536.0
25017739B2,2,5,5,0.03440370410680771,77575.0,38016.0
25017739B2,2,10,1,0.3797052502632141,89863.0,54400.0
25017739B2,2,10,2,0.16420814394950867,77575.0,50304.0
25017739B2,2,10,3,0.10222555696964264,89863.0,62592.0
25017739B2,2,10,4,0.04979834333062172,114439.0,17536.0
25017739B2,2,10,5,0.03440370410680771,77575.0,38016.0
25017739B2,2,10,6,0.030121464282274246,73479.0,58496.0
25017739B2,2,10,7,0.029170410707592964,85767.0,42112.0
25017739B2,2,10,8,0.019920263439416885,114439.0,21632.0
25017739B2,2,10,9,0.017293646931648254,81671.0,42112.0
25017739B2,2,10,10,0.016354693099856377,81671.0,50304.0
25019094B8,2,3,1,0.32117652893066406,28144.0,58304.0
25019094B8,2,3,2,0.3200267553329468,96324.0,55808.0
25019094B8,2,3,3,0.04050222039222717,139047.0,71489.0
25019094B8,2,5,1,0.32117652893066406,28144.0,58304.0
25019094B8,2,5,2,0.3200267553329468,96324.0,55808.0
25019094B8,2,5,3,0.04050222039222717,139047.0,71489.0
25019094B8,2,5,4,0.03499055653810501,32240.0,62400.0
25019094B8,2,5,5,0.031460244208574295,112708.0,27136.0
25019094B8,2,10,1,0.32117652893066406,28144.0,58304.0
25019094B8,2,10,2,0.3200267553329468,96324.0,55808.0
25019094B8,2,10,3,0.04050222039222717,139047.0,71489.0
25019094B8,2,10,4,0.03499055653810501,32240.0,62400.0
25019094B8,2,10,5,0.031460244208574295,112708.0,27136.0
25019094B8,2,10,6,0.024579135701060295,92228.0,59904.0
25019094B8,2,10,7,0.01918996497988701,75844.0,43520.0
25019094B8,2,10,8,0.01529860682785511,96324.0,43520.0
25019094B8,2,10,9,0.01328038889914751,112708.0,31232.0
25019094B8,2,10,10,0.013261506333947182,88132.0,27136.0
25019294B2,2,3,1,0.7208118438720703,52010.0,14417.0
25019294B2,2,3,2,0.10097171366214752,47914.0,18513.0
25019294B2,2,3,3,0.07647700607776642,52010.0,30801.0
25019294B2,2,5,1,0.7208118438720703,52010.0,14417.0
25019294B2,2,5,2,0.10097171366214752,47914.0,18513.0
25019294B2,2,5,3,0.07647700607776642,52010.0,30801.0
25019294B2,2,5,4,0.03901474550366402,52010.0,22609.0
25019294B2,2,5,5,0.010953259654343128,52010.0,38993.0
25019294B2,2,10,1,0.7208118438720703,52010.0,14417.0
25019294B2,2,10,2,0.10097171366214752,47914.0,18513.0
25019294B2,2,10,3,0.07647700607776642,52010.0,30801.0
25019294B2,2,10,4,0.03901474550366402,52010.0,22609.0
25019294B2,2,10,5,0.010953259654343128,52010.0,38993.0
25019294B2,2,10,6,0.007055915892124176,7729.0,18769.0
25019294B2,2,10,7,0.00604141503572464,56106.0,34897.0
25019294B2,2,10,8,0.006036248058080673,15921.0,26961.0
25019294B2,2,10,9,0.005559054668992758,7729.0,14673.0
25019294B2,2,10,10,0.004360176157206297,56106.0,38993.0
25020232B,2,3,1,0.29683077335357666,79538.0,54833.0
25020232B,2,3,2,0.13398075103759766,95922.0,26161.0
25020232B,2,3,3,0.09918525069952011,52576.0,40065.0
25020232B,2,5,1,0.29683077335357666,79538.0,54833.0
25020232B,2,5,2,0.13398075103759766,95922.0,26161.0
25020232B,2,5,3,0.09918525069952011,52576.0,40065.0
25020232B,2,5,4,0.05909585580229759,36192.0,60545.0
25020232B,2,5,5,0.05890639126300812,112306.0,9777.0
25020232B,2,10,1,0.29683077335357666,79538.0,54833.0
25020232B,2,10,2,0.13398075103759766,95922.0,26161.0
25020232B,2,10,3,0.09918525069952011,52576.0,40065.0
25020232B,2,10,4,0.05909585580229759,36192.0,60545.0
25020232B,2,10,5,0.05890639126300812,112306.0,9777.0
25020232B,2,10,6,0.032036926597356796,112306.0,13873.0
25020232B,2,10,7,0.029648885130882263,44384.0,72833.0
25020232B,2,10,8,0.026058809831738472,116402.0,13873.0
25020232B,2,10,9,0.023071574047207832,116402.0,30257.0
25020232B,2,10,10,0.01711694709956646,44384.0,68737.0
25020799B3,2,3,1,0.3767569959163666,136309.0,44323.0
25020799B3,2,3,2,0.07501862198114395,36304.0,49458.0
25020799B3,2,3,3,0.06882593035697937,150805.0,5552.0
25020799B3,2,5,1,0.3767569959163666,136309.0,44323.0
25020799B3,2,5,2,0.07501862198114395,36304.0,49458.0
25020799B3,2,5,3,0.06882593035697937,150805.0,5552.0
25020799B3,2,5,4,0.05167270824313164,19920.0,24882.0
25020799B3,2,5,5,0.044420406222343445,72034.0,53875.0
25020799B3,2,10,1,0.3767569959163666,136309.0,44323.0
25020799B3,2,10,2,0.07501862198114395,36304.0,49458.0
25020799B3,2,10,3,0.06882593035697937,150805.0,5552.0
25020799B3,2,10,4,0.05167270824313164,19920.0,24882.0
25020799B3,2,10,5,0.044420406222343445,72034.0,53875.0
25020799B3,2,10,6,0.027420058846473694,103267.0,41889.0
25020799B3,2,10,7,0.025641238316893578,119651.0,58273.0
25020799B3,2,10,8,0.017622750252485275,154805.0,70473.0
25020799B3,2,10,9,0.01543084904551506,32208.0,53554.0
25020799B3,2,10,10,0.014274177141487598,111459.0,50081.0
25021196B2,2,3,1,0.35409632325172424,28849.0,14624.0
25021196B2,2,3,2,0.20464757084846497,72693.0,44641.0
25021196B2,2,3,3,0.08094415813684464,32464.0,56721.0
25021196B2,2,5,1,0.35409632325172424,28849.0,14624.0
25021196B2,2,5,2,0.20464757084846497,72693.0,44641.0
25021196B2,2,5,3,0.08094415813684464,32464.0,56721.0
25021196B2,2,5,4,0.05318599194288254,64501.0,40545.0
25021196B2,2,5,5,0.03589363023638725,68597.0,40545.0
25021196B2,2,10,1,0.35409632325172424,28849.0,14624.0
25021196B2,2,10,2,0.20464757084846497,72693.0,44641.0
25021196B2,2,10,3,0.08094415813684464,32464.0,56721.0
25021196B2,2,10,4,0.05318599194288254,64501.0,40545.0
25021196B2,2,10,5,0.03589363023638725,68597.0,40545.0
25021196B2,2,10,6,0.02882617712020874,87253.0,13536.0
25021196B2,2,10,7,0.028580084443092346,32464.0,36241.0
25021196B2,2,10,8,0.02658735401928425,24753.0,14624.0
25021196B2,2,10,9,0.018129738047719002,93173.0,48737.0
25021196B2,2,10,10,0.0157840084284544,80885.0,36449.0
25021558B2,2,3,1,0.18911893665790558,84243.0,10433.0
25021558B2,2,3,2,0.15805885195732117,19968.0,13842.0
25021558B2,2,3,3,0.10443195700645447,96531.0,22721.0
25021558B2,2,5,1,0.18911893665790558,84243.0,10433.0
25021558B2,2,5,2,0.15805885195732117,19968.0,13842.0
25021558B2,2,5,3,0.10443195700645447,96531.0,22721.0
25021558B2,2,5,4,0.09720564633607864,32256.0,30226.0
25021558B2,2,5,5,0.0767609030008316,32256.0,17938.0
25021558B2,2,10,1,0.18911893665790558,84243.0,10433.0
25021558B2,2,10,2,0.15805885195732117,19968.0,13842.0
25021558B2,2,10,3,0.10443195700645447,96531.0,22721.0
25021558B2,2,10,4,0.09720564633607864,32256.0,30226.0
25021558B2,2,10,5,0.0767609030008316,32256.0,17938.0
25021558B2,2,10,6,0.07280641794204712,28160.0,9746.0
25021558B2,2,10,7,0.06365975737571716,96531.0,14529.0
25021558B2,2,10,8,0.03803000599145889,92435.0,6337.0
25021558B2,2,10,9,0.03209509700536728,24064.0,26130.0
25021558B2,2,10,10,0.020570671185851097,80147.0,35009.0
25021890B6,2,3,1,0.46699756383895874,125877.0,4928.0
25021890B6,2,3,2,0.056073226034641266,90211.0,28065.0
25021890B6,2,3,3,0.049588948488235474,86115.0,28065.0
25021890B6,2,5,1,0.46699756383895874,125877.0,4928.0
25021890B6,2,5,2,0.056073226034641266,90211.0,28065.0
25021890B6,2,5,3,0.049588948488235474,86115.0,28065.0
25021890B6,2,5,4,0.04786160588264465,86115.0,23969.0
25021890B6,2,5,5,0.028125222772359848,110691.0,23969.0
25021890B6,2,10,1,0.46699756383895874,125877.0,4928.0
25021890B6,2,10,2,0.056073226034641266,90211.0,28065.0
25021890B6,2,10,3,0.049588948488235474,86115.0,28065.0
25021890B6,2,10,4,0.04786160588264465,86115.0,23969.0
25021890B6,2,10,5,0.028125222772359848,110691.0,23969.0
25021890B6,2,10,6,0.02644321881234646,90211.0,36257.0
25021890B6,2,10,7,0.023448936641216278,17744.0,57825.0
25021890B6,2,10,8,0.02328716591000557,86115.0,56737.0
25021890B6,2,10,9,0.019129488617181778,25936.0,53729.0
25021890B6,2,10,10,0.012195789255201817,122979.0,52641.0
25022458B2,2,3,1,0.18698062002658844,101137.0,69185.0
25022458B2,2,3,2,0.08489222824573517,113425.0,60993.0
25022458B2,2,3,3,0.05603094398975372,28176.0,35153.0
25022458B2,2,5,1,0.18698062002658844,101137.0,69185.0
25022458B2,2,5,2,0.08489222824573517,113425.0,60993.0
25022458B2,2,5,3,0.05603094398975372,28176.0,35153.0
25022458B2,2,5,4,0.046259164810180664,88849.0,60993.0
25022458B2,2,5,5,0.04611438885331154,101137.0,28225.0
25022458B2,2,10,1,0.18698062002658844,101137.0,69185.0
25022458B2,2,10,2,0.08489222824573517,113425.0,60993.0
25022458B2,2,10,3,0.05603094398975372,28176.0,35153.0
25022458B2,2,10,4,0.046259164810180664,88849.0,60993.0
25022458B2,2,10,5,0.04611438885331154,101137.0,28225.0
25022458B2,2,10,6,0.04595635086297989,113425.0,52801.0
25022458B2,2,10,7,0.030251367017626762,84753.0,65089.0
25022458B2,2,10,8,0.02540738135576248,117521.0,24129.0
25022458B2,2,10,9,0.025048406794667244,92945.0,65089.0
25022458B2,2,10,10,0.02358054369688034,92945.0,52801.0
25022584B2,2,3,1,0.45867425203323364,52672.0,20576.0
25022584B2,2,3,2,0.123035728931427,11712.0,24672.0
25022584B2,2,3,3,0.10243402421474457,21233.0,50851.0
25022584B2,2,5,1,0.45867425203323364,52672.0,20576.0
25022584B2,2,5,2,0.123035728931427,11712.0,24672.0
25022584B2,2,5,3,0.10243402421474457,21233.0,50851.0
25022584B2,2,5,4,0.08567053079605103,99396.0,15184.0
25022584B2,2,5,5,0.03186856210231781,41713.0,54947.0
25022584B2,2,10,1,0.45867425203323364,52672.0,20576.0
25022584B2,2,10,2,0.123035728931427,11712.0,24672.0
25022584B2,2,10,3,0.10243402421474457,21233.0,50851.0
25022584B2,2,10,4,0.08567053079605103,99396.0,15184.0
25022584B2,2,10,5,0.03186856210231781,41713.0,54947.0
25022584B2,2,10,6,0.028853176161646843,91685.0,54131.0
25022584B2,2,10,7,0.025572892278432846,87589.0,50035.0
25022584B2,2,10,8,0.014595394022762775,78916.0,27472.0
25022584B2,2,10,9,0.012718874029815197,21233.0,46755.0
25022584B2,2,10,10,0.011889496818184853,115780.0,19280.0
25023327B3,2,3,1,0.7110106945037842,60688.0,25265.0
25023327B3,2,3,2,0.21379327774047852,64784.0,25265.0
25023327B3,2,3,3,0.02657160721719265,60688.0,41649.0
25023327B3,2,5,1,0.7110106945037842,60688.0,25265.0
25023327B3,2,5,2,0.21379327774047852,64784.0,25265.0
25023327B3,2,5,3,0.02657160721719265,60688.0,41649.0
25023327B3,2,5,4,0.010917852632701397,64784.0,33457.0
25023327B3,2,5,5,0.009593324735760689,56592.0,45745.0
25023327B3,2,10,1,0.7110106945037842,60688.0,25265.0
25023327B3,2,10,2,0.21379327774047852,64784.0,25265.0
25023327B3,2,10,3,0.02657160721719265,60688.0,41649.0
25023327B3,2,10,4,0.010917852632701397,64784.0,33457.0
25023327B3,2,10,5,0.009593324735760689,56592.0,45745.0
25023327B3,2,10,6,0.006774548906832933,64784.0,29361.0
25023327B3,2,10,7,0.006151605397462845,111841.0,31121.0
25023327B3,2,10,8,0.005187508650124073,107745.0,39313.0
25023327B3,2,10,9,0.0017528890166431665,60688.0,37553.0
25023327B3,2,10,10,0.001675688661634922,115937.0,43409.0
25023828B,2,3,1,0.550832986831665,25857.0,71185.0
25023828B,2,3,2,0.15881112217903137,29953.0,34321.0
25023828B,2,3,3,0.03824720159173012,81926.0,62048.0
25023828B,2,5,1,0.550832986831665,25857.0,71185.0
25023828B,2,5,2,0.15881112217903137,29953.0,34321.0
25023828B,2,5,3,0.03824720159173012,81926.0,62048.0
25023828B,2,5,4,0.028334971517324448,54529.0,38417.0
25023828B,2,5,5,0.02195180580019951,90118.0,66144.0
25023828B,2,10,1,0.550832986831665,25857.0,71185.0
25023828B,2,10,2,0.15881112217903137,29953.0,34321.0
25023828B,2,10,3,0.03824720159173012,81926.0,62048.0
25023828B,2,10,4,0.028334971517324448,54529.0,38417.0
25023828B,2,10,5,0.02195180580019951,90118.0,66144.0
25023828B,2,10,6,0.018480924889445305,54529.0,67089.0
25023828B,2,10,7,0.010196128860116005,25857.0,67089.0
25023828B,2,10,8,0.010194247588515282,29953.0,71185.0
25023828B,2,10,9,0.009951881133019924,34049.0,58897.0
25023828B,2,10,10,0.007626847364008427,17665.0,62993.0
25024695B2,2,3,1,0.23055240511894226,28080.0,18832.0
25024695B2,2,3,2,0.22082184255123138,7600.0,22928.0
25024695B2,2,3,3,0.11734627187252045,11696.0,31120.0
25024695B2,2,5,1,0.23055240511894226,28080.0,18832.0
25024695B2,2,5,2,0.22082184255123138,7600.0,22928.0
25024695B2,2,5,3,0.11734627187252045,11696.0,31120.0
25024695B2,2,5,4,0.08295305073261261,97494.0,37553.0
25024695B2,2,5,5,0.055650707334280014,85206.0,33457.0
25024695B2,2,10,1,0.23055240511894226,28080.0,18832.0
25024695B2,2,10,2,0.22082184255123138,7600.0,22928.0
25024695B2,2,10,3,0.11734627187252045,11696.0,31120.0
25024695B2,2,10,4,0.08295305073261261,97494.0,37553.0
25024695B2,2,10,5,0.055650707334280014,85206.0,33457.0
25024695B2,2,10,6,0.035190220922231674,28080.0,14736.0
25024695B2,2,10,7,0.03240306302905083,48560.0,27024.0
25024695B2,2,10,8,0.03183678165078163,48560.0,22928.0
25024695B2,2,10,9,0.02272632159292698,97494.0,33457.0
25024695B2,2,10,10,0.022316548973321915,89302.0,17073.0
25025291B,2,3,1,0.16702598333358765,95600.0,41251.0
25025291B,2,3,2,0.12838566303253174,75120.0,69923.0
25025291B,2,3,3,0.10674628615379333,75120.0,45347.0
25025291B,2,5,1,0.16702598333358765,95600.0,41251.0
25025291B,2,5,2,0.12838566303253174,75120.0,69923.0
25025291B,2,5,3,0.10674628615379333,75120.0,45347.0
25025291B,2,5,4,0.07537297904491425,11712.0,53522.0
25025291B,2,5,5,0.07342064380645752,24000.0,49426.0
25025291B,2,10,1,0.16702598333358765,95600.0,41251.0
25025291B,2,10,2,0.12838566303253174,75120.0,69923.0
25025291B,2,10,3,0.10674628615379333,75120.0,45347.0
25025291B,2,10,4,0.07537297904491425,11712.0,53522.0
25025291B,2,10,5,0.07342064380645752,24000.0,49426.0
25025291B,2,10,6,0.05690674111247063,87408.0,53539.0
25025291B,2,10,7,0.0555085688829422,15808.0,53522.0
25025291B,2,10,8,0.035961128771305084,95600.0,37155.0
25025291B,2,10,9,0.028374826535582542,91504.0,49443.0
25025291B,2,10,10,0.024310370907187462,75120.0,61731.0
25025567B4,2,3,1,0.33030879497528076,28304.0,15968.0
25025567B4,2,3,2,0.11949144303798676,114710.0,27552.0
25025567B4,2,3,3,0.09700662642717361,102422.0,39840.0
25025567B4,2,5,1,0.33030879497528076,28304.0,15968.0
25025567B4,2,5,2,0.11949144303798676,114710.0,27552.0
25025567B4,2,5,3,0.09700662642717361,102422.0,39840.0
25025567B4,2,5,4,0.09040208160877228,20112.0,36448.0
25025567B4,2,5,5,0.0472416877746582,28304.0,20064.0
25025567B4,2,10,1,0.33030879497528076,28304.0,15968.0
25025567B4,2,10,2,0.11949144303798676,114710.0,27552.0
25025567B4,2,10,3,0.09700662642717361,102422.0,39840.0
25025567B4,2,10,4,0.09040208160877228,20112.0,36448.0
25025567B4,2,10,5,0.0472416877746582,28304.0,20064.0
25025567B4,2,10,6,0.034521013498306274,110614.0,19360.0
25025567B4,2,10,7,0.02921615168452263,16016.0,36448.0
25025567B4,2,10,8,0.023377036675810814,106518.0,15264.0
25025567B4,2,10,9,0.023258060216903687,110614.0,31648.0
25025567B4,2,10,10,0.019502650946378708,36496.0,20064.0
25026294B3,2,3,1,0.14665836095809937,66163.0,33424.0
25026294B3,2,3,2,0.12751047313213348,70259.0,17040.0
25026294B3,2,3,3,0.0665164589881897,70259.0,49808.0
25026294B3,2,5,1,0.14665836095809937,66163.0,33424.0
25026294B3,2,5,2,0.12751047313213348,70259.0,17040.0
25026294B3,2,5,3,0.0665164589881897,70259.0,49808.0
25026294B3,2,5,4,0.059737108647823334,20560.0,47808.0
25026294B3,2,5,5,0.05276915058493614,128277.0,14848.0
25026294B3,2,10,1,0.14665836095809937,66163.0,33424.0
25026294B3,2,10,2,0.12751047313213348,70259.0,17040.0
25026294B3,2,10,3,0.0665164589881897,70259.0,49808.0
25026294B3,2,10,4,0.059737108647823334,20560.0,47808.0
25026294B3,2,10,5,0.05276915058493614,128277.0,14848.0
25026294B3,2,10,6,0.029304126277565956,28752.0,51904.0
25026294B3,2,10,7,0.02884378470480442,28752.0,31424.0
25026294B3,2,10,8,0.027654370293021202,103701.0,31232.0
25026294B3,2,10,9,0.027013912796974182,28752.0,23232.0
25026294B3,2,10,10,0.02679145336151123,144661.0,39424.0
2490980B,2,3,1,0.5243929624557495,103776.0,26160.0
2490980B,2,3,2,0.07380732893943787,95584.0,34352.0
2490980B,2,3,3,0.05384647846221924,37088.0,36128.0
2490980B,2,5,1,0.5243929624557495,103776.0,26160.0
2490980B,2,5,2,0.07380732893943787,95584.0,34352.0
2490980B,2,5,3,0.05384647846221924,37088.0,36128.0
2490980B,2,5,4,0.04594847932457924,16608.0,44320.0
2490980B,2,5,5,0.043193306773900986,91488.0,34352.0
2490980B,2,10,1,0.5243929624557495,103776.0,26160.0
2490980B,2,10,2,0.07380732893943787,95584.0,34352.0
2490980B,2,10,3,0.05384647846221924,37088.0,36128.0
2490980B,2,10,4,0.04594847932457924,16608.0,44320.0
2490980B,2,10,5,0.043193306773900986,91488.0,34352.0
2490980B,2,10,6,0.029161501675844193,87392.0,42544.0
2490980B,2,10,7,0.023518407717347145,87392.0,46640.0
2490980B,2,10,8,0.017641114071011543,20704.0,32032.0
2490980B,2,10,9,0.01444164663553238,32992.0,23840.0
2490980B,2,10,10,0.009490210562944412,103776.0,30256.0
25002379B2,2,3,1,0.3659856617450714,44928.0,29058.0
25002379B2,2,3,2,0.2474946528673172,117280.0,31121.0
25002379B2,2,3,3,0.07598051428794861,113184.0,18833.0
25002379B2,2,5,1,0.3659856617450714,44928.0,29058.0
25002379B2,2,5,2,0.2474946528673172,117280.0,31121.0
25002379B2,2,5,3,0.07598051428794861,113184.0,18833.0
25002379B2,2,5,4,0.06070414185523987,109088.0,31121.0
25002379B2,2,5,5,0.048072896897792816,113184.0,22929.0
25002379B2,2,10,1,0.3659856617450714,44928.0,29058.0
25002379B2,2,10,2,0.2474946528673172,117280.0,31121.0
25002379B2,2,10,3,0.07598051428794861,113184.0,18833.0
25002379B2,2,10,4,0.06070414185523987,109088.0,31121.0
25002379B2,2,10,5,0.048072896897792816,113184.0,22929.0
25002379B2,2,10,6,0.037769947201013565,36736.0,12674.0
25002379B2,2,10,7,0.03773687779903412,92704.0,31121.0
25002379B2,2,10,8,0.031571999192237854,113184.0,31121.0
25002379B2,2,10,9,0.008755404502153397,92704.0,6545.0
25002379B2,2,10,10,0.008164998143911362,117280.0,27025.0
25027718B2,2,3,1,0.3231145143508911,93592.0,69760.0
25027718B2,2,3,2,0.16721877455711365,69016.0,53376.0
25027718B2,2,3,3,0.03332144767045975,89496.0,45184.0
25027718B2,2,5,1,0.3231145143508911,93592.0,69760.0
25027718B2,2,5,2,0.16721877455711365,69016.0,53376.0
25027718B2,2,5,3,0.03332144767045975,89496.0,45184.0
25027718B2,2,5,4,0.030572447925806046,77208.0,61568.0
25027718B2,2,5,5,0.030553992837667465,11952.0,56576.0
25027718B2,2,10,1,0.3231145143508911,93592.0,69760.0
25027718B2,2,10,2,0.16721877455711365,69016.0,53376.0
25027718B2,2,10,3,0.03332144767045975,89496.0,45184.0
25027718B2,2,10,4,0.030572447925806046,77208.0,61568.0
25027718B2,2,10,5,0.030553992837667465,11952.0,56576.0
25027718B2,2,10,6,0.025710439309477806,69016.0,32896.0
25027718B2,2,10,7,0.023315927013754845,73112.0,53376.0
25027718B2,2,10,8,0.021041929721832275,93592.0,65664.0
25027718B2,2,10,9,0.016700943931937218,69016.0,36992.0
25027718B2,2,10,10,0.015902232378721237,16048.0,27904.0
25028010B2a,2,3,1,0.15355795621871948,78962.0,35457.0
25028010B2a,2,3,2,0.10205180197954178,74866.0,35457.0
25028010B2a,2,3,3,0.09605143219232559,95346.0,55937.0
25028010B2a,2,5,1,0.15355795621871948,78962.0,35457.0
25028010B2a,2,5,2,0.10205180197954178,74866.0,35457.0
25028010B2a,2,5,3,0.09605143219232559,95346.0,55937.0
25028010B2a,2,5,4,0.09408967196941376,91250.0,6785.0
25028010B2a,2,5,5,0.07909666746854782,78962.0,60033.0
25028010B2a,2,10,1,0.15355795621871948,78962.0,35457.0
25028010B2a,2,10,2,0.10205180197954178,74866.0,35457.0
25028010B2a,2,10,3,0.09605143219232559,95346.0,55937.0
25028010B2a,2,10,4,0.09408967196941376,91250.0,6785.0
25028010B2a,2,10,5,0.07909666746854782,78962.0,60033.0
25028010B2a,2,10,6,0.04878176748752594,91250.0,23169.0
25028010B2a,2,10,7,0.04223181679844856,20000.0,56965.0
25028010B2a,2,10,8,0.040996648371219635,66674.0,35457.0
25028010B2a,2,10,9,0.030879702419042587,95346.0,23169.0
25028010B2a,2,10,10,0.022881776094436646,87154.0,60033.0
25028010B3,2,3,1,0.2839832603931427,150716.0,7281.0
25028010B3,2,3,2,0.15631923079490662,51827.0,23921.0
25028010B3,2,3,3,0.05179128423333168,91831.0,59076.0
25028010B3,2,5,1,0.2839832603931427,150716.0,7281.0
25028010B3,2,5,2,0.15631923079490662,51827.0,23921.0
25028010B3,2,5,3,0.05179128423333168,91831.0,59076.0
25028010B3,2,5,4,0.04410751909017563,126681.0,24593.0
25028010B3,2,5,5,0.031297165900468826,131721.0,61143.0
25028010B3,2,10,1,0.2839832603931427,150716.0,7281.0
25028010B3,2,10,2,0.15631923079490662,51827.0,23921.0
25028010B3,2,10,3,0.05179128423333168,91831.0,59076.0
25028010B3,2,10,4,0.04410751909017563,126681.0,24593.0
25028010B3,2,10,5,0.031297165900468826,131721.0,61143.0
25028010B3,2,10,6,0.028169728815555573,104119.0,54980.0
25028010B3,2,10,7,0.02405167929828167,116407.0,42692.0
25028010B3,2,10,8,0.021957533434033394,122585.0,28689.0
25028010B3,2,10,9,0.016547609120607376,122585.0,16401.0
25028010B3,2,10,10,0.016518322750926018,108215.0,67268.0
25028014B4,2,3,1,0.3317134976387024,86482.0,42976.0
25028014B4,2,3,2,0.1959138661623001,86482.0,38880.0
25028014B4,2,3,3,0.15694323182106018,82386.0,34784.0
25028014B4,2,5,1,0.3317134976387024,86482.0,42976.0
25028014B4,2,5,2,0.1959138661623001,86482.0,38880.0
25028014B4,2,5,3,0.15694323182106018,82386.0,34784.0
25028014B4,2,5,4,0.07694636285305023,7664.0,43024.0
25028014B4,2,5,5,0.04126014560461044,7664.0,30736.0
25028014B4,2,10,1,0.3317134976387024,86482.0,42976.0
25028014B4,2,10,2,0.1959138661623001,86482.0,38880.0
25028014B4,2,10,3,0.15694323182106018,82386.0,34784.0
25028014B4,2,10,4,0.07694636285305023,7664.0,43024.0
25028014B4,2,10,5,0.04126014560461044,7664.0,30736.0
25028014B4,2,10,6,0.03247471898794174,11760.0,30736.0
25028014B4,2,10,7,0.028992123901844025,11760.0,43024.0
25028014B4,2,10,8,0.021122200414538383,82386.0,26592.0
25028014B4,2,10,9,0.015792978927493095,82386.0,30688.0
25028014B4,2,10,10,0.012692989781498909,82386.0,38880.0
25028147B3,2,3,1,0.10262072086334229,24112.0,32386.0
25028147B3,2,3,2,0.05932620167732239,86390.0,49330.0
25028147B3,2,3,3,0.055301815271377563,94582.0,32946.0
25028147B3,2,5,1,0.10262072086334229,24112.0,32386.0
25028147B3,2,5,2,0.05932620167732239,86390.0,49330.0
25028147B3,2,5,3,0.055301815271377563,94582.0,32946.0
25028147B3,2,5,4,0.05102294310927391,28208.0,36482.0
25028147B3,2,5,5,0.049274928867816925,24112.0,48770.0
25028147B3,2,10,1,0.10262072086334229,24112.0,32386.0
25028147B3,2,10,2,0.05932620167732239,86390.0,49330.0
25028147B3,2,10,3,0.055301815271377563,94582.0,32946.0
25028147B3,2,10,4,0.05102294310927391,28208.0,36482.0
25028147B3,2,10,5,0.049274928867816925,24112.0,48770.0
25028147B3,2,10,6,0.048894405364990234,11824.0,48770.0
25028147B3,2,10,7,0.048656709492206573,40496.0,16002.0
25028147B3,2,10,8,0.04377342015504837,90486.0,49330.0
25028147B3,2,10,9,0.03755629062652588,15920.0,40578.0
25028147B3,2,10,10,0.03680778294801712,40496.0,11906.0
25028151B2,2,3,1,0.3095342516899109,113062.0,49120.0
25028151B2,2,3,2,0.09487927705049515,44592.0,53408.0
25028151B2,2,3,3,0.07402236014604568,92582.0,20448.0
25028151B2,2,5,1,0.3095342516899109,113062.0,49120.0
25028151B2,2,5,2,0.09487927705049515,44592.0,53408.0
25028151B2,2,5,3,0.07402236014604568,92582.0,20448.0
25028151B2,2,5,4,0.06034241244196892,40496.0,45216.0
25028151B2,2,5,5,0.04769349843263626,36400.0,65696.0
25028151B2,2,10,1,0.3095342516899109,113062.0,49120.0
25028151B2,2,10,2,0.09487927705049515,44592.0,53408.0
25028151B2,2,10,3,0.07402236014604568,92582.0,20448.0
25028151B2,2,10,4,0.06034241244196892,40496.0,45216.0
25028151B2,2,10,5,0.04769349843263626,36400.0,65696.0
25028151B2,2,10,6,0.04207216203212738,7728.0,65696.0
25028151B2,2,10,7,0.03784108906984329,96678.0,16352.0
25028151B2,2,10,8,0.02945937216281891,113062.0,53216.0
25028151B2,2,10,9,0.027507636696100235,44592.0,49312.0
25028151B2,2,10,10,0.025266354903578758,20016.0,41120.0
25028862B2,2,3,1,0.6998727321624756,72791.0,65041.0
25028862B2,2,3,2,0.07189995050430298,93271.0,65041.0
25028862B2,2,3,3,0.039516568183898926,11648.0,61457.0
25028862B2,2,5,1,0.6998727321624756,72791.0,65041.0
25028862B2,2,5,2,0.07189995050430298,93271.0,65041.0
25028862B2,2,5,3,0.039516568183898926,11648.0,61457.0
25028862B2,2,5,4,0.024950923398137093,15744.0,49169.0
25028862B2,2,5,5,0.024394411593675613,36224.0,57361.0
25028862B2,2,10,1,0.6998727321624756,72791.0,65041.0
25028862B2,2,10,2,0.07189995050430298,93271.0,65041.0
25028862B2,2,10,3,0.039516568183898926,11648.0,61457.0
25028862B2,2,10,4,0.024950923398137093,15744.0,49169.0
25028862B2,2,10,5,0.024394411593675613,36224.0,57361.0
25028862B2,2,10,6,0.02087726630270481,85079.0,40465.0
25028862B2,2,10,7,0.020689379423856735,97367.0,60945.0
25028862B2,2,10,8,0.017618656158447266,80983.0,48657.0
25028862B2,2,10,9,0.011273840442299843,15744.0,65553.0
25028862B2,2,10,10,0.009505379013717175,32128.0,53265.0
25028879B3,2,3,1,0.336771160364151,32256.0,32464.0
25028879B3,2,3,2,0.22186443209648132,36352.0,40656.0
25028879B3,2,3,3,0.11779390275478363,40448.0,36560.0
25028879B3,2,5,1,0.336771160364151,32256.0,32464.0
25028879B3,2,5,2,0.22186443209648132,36352.0,40656.0
25028879B3,2,5,3,0.11779390275478363,40448.0,36560.0
25028879B3,2,5,4,0.05822502821683884,44544.0,28368.0
25028879B3,2,5,5,0.04204051196575165,44544.0,20176.0
25028879B3,2,10,1,0.336771160364151,32256.0,32464.0
25028879B3,2,10,2,0.22186443209648132,36352.0,40656.0
25028879B3,2,10,3,0.11779390275478363,40448.0,36560.0
25028879B3,2,10,4,0.05822502821683884,44544.0,28368.0
25028879B3,2,10,5,0.04204051196575165,44544.0,20176.0
25028879B3,2,10,6,0.0214118342846632,97984.0,35121.0
25028879B3,2,10,7,0.020477956160902977,122560.0,31025.0
25028879B3,2,10,8,0.018469858914613724,40448.0,16080.0
25028879B3,2,10,9,0.015985708683729172,44544.0,24272.0
25028879B3,2,10,10,0.013298838399350643,114368.0,31025.0
25028885B2,2,3,1,0.34874841570854187,84694.0,49426.0
25028885B2,2,3,2,0.05659674480557442,101078.0,20754.0
25028885B2,2,3,3,0.04848559945821762,80598.0,41234.0
25028885B2,2,5,1,0.34874841570854187,84694.0,49426.0
25028885B2,2,5,2,0.05659674480557442,101078.0,20754.0
25028885B2,2,5,3,0.04848559945821762,80598.0,41234.0
25028885B2,2,5,4,0.045798227190971375,96982.0,20754.0
25028885B2,2,5,5,0.03826721012592316,88790.0,28946.0
25028885B2,2,10,1,0.34874841570854187,84694.0,49426.0
25028885B2,2,10,2,0.05659674480557442,101078.0,20754.0
25028885B2,2,10,3,0.04848559945821762,80598.0,41234.0
25028885B2,2,10,4,0.045798227190971375,96982.0,20754.0
25028885B2,2,10,5,0.03826721012592316,88790.0,28946.0
25028885B2,2,10,6,0.03702177479863167,96982.0,41234.0
25028885B2,2,10,7,0.0362544059753418,18080.0,20496.0
25028885B2,2,10,8,0.0340445414185524,84694.0,24850.0
25028885B2,2,10,9,0.024942679330706596,101078.0,49426.0
25028885B2,2,10,10,0.021312067285180092,26272.0,24592.0
25029179B,2,3,1,0.706458330154419,64800.0,34816.0
25029179B,2,3,2,0.08232802897691727,140180.0,37681.0
25029179B,2,3,3,0.07926037907600403,86932.0,29489.0
25029179B,2,5,1,0.706458330154419,64800.0,34816.0
25029179B,2,5,2,0.08232802897691727,140180.0,37681.0
25029179B,2,5,3,0.07926037907600403,86932.0,29489.0
25029179B,2,5,4,0.030850812792778015,15648.0,22528.0
25029179B,2,5,5,0.0183545108884573,60704.0,38912.0
25029179B,2,10,1,0.706458330154419,64800.0,34816.0
25029179B,2,10,2,0.08232802897691727,140180.0,37681.0
25029179B,2,10,3,0.07926037907600403,86932.0,29489.0
25029179B,2,10,4,0.030850812792778015,15648.0,22528.0
25029179B,2,10,5,0.0183545108884573,60704.0,38912.0
25029179B,2,10,6,0.016884637996554375,11552.0,26624.0
25029179B,2,10,7,0.008082968182861805,127892.0,29489.0
25029179B,2,10,8,0.007687164470553398,136084.0,41777.0
25029179B,2,10,9,0.007224446162581444,36128.0,51200.0
25029179B,2,10,10,0.0052498034201562405,36128.0,47104.0
25030118B2,2,3,1,0.2517971694469452,85300.0,39713.0
25030118B2,2,3,2,0.12772813439369202,89396.0,47905.0
25030118B2,2,3,3,0.07803993672132492,93492.0,15137.0
25030118B2,2,5,1,0.2517971694469452,85300.0,39713.0
25030118B2,2,5,2,0.12772813439369202,89396.0,47905.0
25030118B2,2,5,3,0.07803993672132492,93492.0,15137.0
25030118B2,2,5,4,0.05801147222518921,7664.0,47857.0
25030118B2,2,5,5,0.05413054674863815,89396.0,19233.0
25030118B2,2,10,1,0.2517971694469452,85300.0,39713.0
25030118B2,2,10,2,0.12772813439369202,89396.0,47905.0
25030118B2,2,10,3,0.07803993672132492,93492.0,15137.0
25030118B2,2,10,4,0.05801147222518921,7664.0,47857.0
25030118B2,2,10,5,0.05413054674863815,89396.0,19233.0
25030118B2,2,10,6,0.05070389062166214,89396.0,43809.0
25030118B2,2,10,7,0.03313040733337402,7664.0,39665.0
25030118B2,2,10,8,0.02865052968263626,85300.0,43809.0
25030118B2,2,10,9,0.02416815422475338,7664.0,43761.0
25030118B2,2,10,10,0.01851656660437584,93492.0,47905.0
25032143B2,2,3,1,0.2929697036743164,70964.0,42979.0
25032143B2,2,3,2,0.1349184513092041,26944.0,64932.0
25032143B2,2,3,3,0.09064185619354248,91444.0,30691.0
25032143B2,2,5,1,0.2929697036743164,70964.0,42979.0
25032143B2,2,5,2,0.1349184513092041,26944.0,64932.0
25032143B2,2,5,3,0.09064185619354248,91444.0,30691.0
25032143B2,2,5,4,0.06342286616563797,18752.0,48548.0
25032143B2,2,5,5,0.0612005740404129,87829.0,50230.0
25032143B2,2,10,1,0.2929697036743164,70964.0,42979.0
25032143B2,2,10,2,0.1349184513092041,26944.0,64932.0
25032143B2,2,10,3,0.09064185619354248,91444.0,30691.0
25032143B2,2,10,4,0.06342286616563797,18752.0,48548.0
25032143B2,2,10,5,0.0612005740404129,87829.0,50230.0
25032143B2,2,10,6,0.03722544386982918,83252.0,55267.0
25032143B2,2,10,7,0.03289587050676346,14656.0,44452.0
25032143B2,2,10,8,0.02439098060131073,26944.0,48548.0
25032143B2,2,10,9,0.022745899856090546,26944.0,69028.0
25032143B2,2,10,10,0.017106417566537857,87348.0,59363.0
25032143B3,2,3,1,0.8832864761352539,73744.0,27216.0
25032143B3,2,3,2,0.05371883884072304,69648.0,27216.0
25032143B3,2,3,3,0.01981588453054428,65552.0,23120.0
25032143B3,2,5,1,0.8832864761352539,73744.0,27216.0
25032143B3,2,5,2,0.05371883884072304,69648.0,27216.0
25032143B3,2,5,3,0.01981588453054428,65552.0,23120.0
25032143B3,2,5,4,0.0070035420358181,65552.0,27216.0
25032143B3,2,5,5,0.004186163190752268,7728.0,30257.0
25032143B3,2,10,1,0.8832864761352539,73744.0,27216.0
25032143B3,2,10,2,0.05371883884072304,69648.0,27216.0
25032143B3,2,10,3,0.01981588453054428,65552.0,23120.0
25032143B3,2,10,4,0.0070035420358181,65552.0,27216.0
25032143B3,2,10,5,0.004186163190752268,7728.0,30257.0
25032143B3,2,10,6,0.004069549031555653,69648.0,31312.0
25032143B3,2,10,7,0.0039040185511112213,73744.0,35408.0
25032143B3,2,10,8,0.0027948832139372826,76320.0,39428.0
25032143B3,2,10,9,0.0026843957602977753,77840.0,27216.0
25032143B3,2,10,10,0.0022151581943035126,77840.0,23120.0
25032626B2,2,3,1,0.6424895524978638,97813.0,45488.0
25032626B2,2,3,2,0.10178211331367493,89621.0,20912.0
25032626B2,2,3,3,0.0720461755990982,32320.0,43664.0
25032626B2,2,5,1,0.6424895524978638,97813.0,45488.0
25032626B2,2,5,2,0.10178211331367493,89621.0,20912.0
25032626B2,2,5,3,0.0720461755990982,32320.0,43664.0
25032626B2,2,5,4,0.04036456346511841,89621.0,25008.0
25032626B2,2,5,5,0.03719106689095497,32320.0,47760.0
25032626B2,2,10,1,0.6424895524978638,97813.0,45488.0
25032626B2,2,10,2,0.10178211331367493,89621.0,20912.0
25032626B2,2,10,3,0.0720461755990982,32320.0,43664.0
25032626B2,2,10,4,0.04036456346511841,89621.0,25008.0
25032626B2,2,10,5,0.03719106689095497,32320.0,47760.0
25032626B2,2,10,6,0.024155395105481148,24128.0,19088.0
25032626B2,2,10,7,0.01503052283078432,32320.0,14992.0
25032626B2,2,10,8,0.008542878553271294,77333.0,20912.0
25032626B2,2,10,9,0.007944576442241669,32320.0,10896.0
25032626B2,2,10,10,0.007166653871536255,28224.0,47760.0
25033178B4,2,3,1,0.3568528890609741,134672.0,48228.0
25033178B4,2,3,2,0.1413753479719162,142864.0,40036.0
25033178B4,2,3,3,0.09539516270160675,56592.0,51620.0
25033178B4,2,5,1,0.3568528890609741,134672.0,48228.0
25033178B4,2,5,2,0.1413753479719162,142864.0,40036.0
25033178B4,2,5,3,0.09539516270160675,56592.0,51620.0
25033178B4,2,5,4,0.05295416712760925,113104.0,14608.0
25033178B4,2,5,5,0.03755874186754227,84432.0,39184.0
25033178B4,2,10,1,0.3568528890609741,134672.0,48228.0
25033178B4,2,10,2,0.1413753479719162,142864.0,40036.0
25033178B4,2,10,3,0.09539516270160675,56592.0,51620.0
25033178B4,2,10,4,0.05295416712760925,113104.0,14608.0
25033178B4,2,10,5,0.03755874186754227,84432.0,39184.0
25033178B4,2,10,6,0.024347297847270966,56592.0,47524.0
25033178B4,2,10,7,0.019556105136871338,121296.0,18704.0
25033178B4,2,10,8,0.018707463517785072,134672.0,44132.0
25033178B4,2,10,9,0.016745243221521378,27920.0,68004.0
25033178B4,2,10,10,0.016215648502111435,40400.0,20929.0
25034940B10,2,3,1,0.8711051940917969,83924.0,31089.0
25034940B10,2,3,2,0.022575462237000465,16608.0,30097.0
25034940B10,2,3,3,0.02089340053498745,79828.0,22897.0
25034940B10,2,5,1,0.8711051940917969,83924.0,31089.0
25034940B10,2,5,2,0.022575462237000465,16608.0,30097.0
25034940B10,2,5,3,0.02089340053498745,79828.0,22897.0
25034940B10,2,5,4,0.009877603501081467,71636.0,18801.0
25034940B10,2,5,5,0.009327142499387264,79828.0,31089.0
25034940B10,2,10,1,0.8711051940917969,83924.0,31089.0
25034940B10,2,10,2,0.022575462237000465,16608.0,30097.0
25034940B10,2,10,3,0.02089340053498745,79828.0,22897.0
25034940B10,2,10,4,0.009877603501081467,71636.0,18801.0
25034940B10,2,10,5,0.009327142499387264,79828.0,31089.0
25034940B10,2,10,6,0.007721724919974804,16608.0,50577.0
25034940B10,2,10,7,0.007677661255002022,12512.0,42385.0
25034940B10,2,10,8,0.006331014912575483,71636.0,26993.0
25034940B10,2,10,9,0.004892653785645962,75732.0,22897.0
25034940B10,2,10,10,0.0047807516530156136,24800.0,34193.0
25035354B,2,3,1,0.2515462338924408,129910.0,35986.0
25035354B,2,3,2,0.24107328057289124,80758.0,48274.0
25035354B,2,3,3,0.16216349601745605,123675.0,7184.0
25035354B,2,5,1,0.2515462338924408,129910.0,35986.0
25035354B,2,5,2,0.24107328057289124,80758.0,48274.0
25035354B,2,5,3,0.16216349601745605,123675.0,7184.0
25035354B,2,5,4,0.05464082211256027,59824.0,47285.0
25035354B,2,5,5,0.03471602872014046,72854.0,63942.0
25035354B,2,10,1,0.2515462338924408,129910.0,35986.0
25035354B,2,10,2,0.24107328057289124,80758.0,48274.0
25035354B,2,10,3,0.16216349601745605,123675.0,7184.0
25035354B,2,10,4,0.05464082211256027,59824.0,47285.0
25035354B,2,10,5,0.03471602872014046,72854.0,63942.0
25035354B,2,10,6,0.025682669132947922,89238.0,72134.0
25035354B,2,10,7,0.02553795836865902,105334.0,15506.0
25035354B,2,10,8,0.02527570351958275,17872.0,40593.0
25035354B,2,10,9,0.019054220989346504,76662.0,44178.0
25035354B,2,10,10,0.01898501254618168,54736.0,28305.0
25035882B3,2,3,1,0.30068179965019226,73332.0,26497.0
25035882B3,2,3,2,0.2042214274406433,17680.0,39633.0
25035882B3,2,3,3,0.10500628501176834,42256.0,35537.0
25035882B3,2,5,1,0.30068179965019226,73332.0,26497.0
25035882B3,2,5,2,0.2042214274406433,17680.0,39633.0
25035882B3,2,5,3,0.10500628501176834,42256.0,35537.0
25035882B3,2,5,4,0.1020069271326065,106100.0,34689.0
25035882B3,2,5,5,0.05487868934869766,34064.0,47825.0
25035882B3,2,10,1,0.30068179965019226,73332.0,26497.0
25035882B3,2,10,2,0.2042214274406433,17680.0,39633.0
25035882B3,2,10,3,0.10500628501176834,42256.0,35537.0
25035882B3,2,10,4,0.1020069271326065,106100.0,34689.0
25035882B3,2,10,5,0.05487868934869766,34064.0,47825.0
25035882B3,2,10,6,0.03305729478597641,81524.0,34689.0
25035882B3,2,10,7,0.030637098476290703,93812.0,46977.0
25035882B3,2,10,8,0.024868784472346306,97908.0,26497.0
25035882B3,2,10,9,0.02245280332863331,102004.0,22401.0
25035882B3,2,10,10,0.012415949255228043,97908.0,30593.0
25036226B4,2,3,1,0.2801702618598938,116388.0,42529.0
25036226B4,2,3,2,0.154624342918396,95908.0,38433.0
25036226B4,2,3,3,0.06436063349246979,116388.0,54817.0
25036226B4,2,5,1,0.2801702618598938,116388.0,42529.0
25036226B4,2,5,2,0.154624342918396,95908.0,38433.0
25036226B4,2,5,3,0.06436063349246979,116388.0,54817.0
25036226B4,2,5,4,0.04170071333646774,116388.0,46625.0
25036226B4,2,5,5,0.03242342174053192,104100.0,26145.0
25036226B4,2,10,1,0.2801702618598938,116388.0,42529.0
25036226B4,2,10,2,0.154624342918396,95908.0,38433.0
25036226B4,2,10,3,0.06436063349246979,116388.0,54817.0
25036226B4,2,10,4,0.04170071333646774,116388.0,46625.0
25036226B4,2,10,5,0.03242342174053192,104100.0,26145.0
25036226B4,2,10,6,0.030871327966451645,53008.0,64001.0
25036226B4,2,10,7,0.02871791645884514,48912.0,51713.0
25036226B4,2,10,8,0.025767318904399872,116388.0,63009.0
25036226B4,2,10,9,0.02459242194890976,53008.0,35329.0
25036226B4,2,10,10,0.023036599159240723,57104.0,43521.0
25036341B,2,3,1,0.5873492956161499,83714.0,50928.0
25036341B,2,3,2,0.07733400911092758,83714.0,26352.0
25036341B,2,3,3,0.035053156316280365,23920.0,23664.0
25036341B,2,5,1,0.5873492956161499,83714.0,50928.0
25036341B,2,5,2,0.07733400911092758,83714.0,26352.0
25036341B,2,5,3,0.035053156316280365,23920.0,23664.0
25036341B,2,5,4,0.029540017247200012,71426.0,30448.0
25036341B,2,5,5,0.028915736824274063,83714.0,34544.0
25036341B,2,10,1,0.5873492956161499,83714.0,50928.0
25036341B,2,10,2,0.07733400911092758,83714.0,26352.0
25036341B,2,10,3,0.035053156316280365,23920.0,23664.0
25036341B,2,10,4,0.029540017247200012,71426.0,30448.0
25036341B,2,10,5,0.028915736824274063,83714.0,34544.0
25036341B,2,10,6,0.027163544669747353,87810.0,38640.0
25036341B,2,10,7,0.024990856647491455,19824.0,31856.0
25036341B,2,10,8,0.024270249530673027,23920.0,35952.0
25036341B,2,10,9,0.018912512809038162,19824.0,44144.0
25036341B,2,10,10,0.014636886306107044,19824.0,27760.0
25042220B2,2,3,1,0.2977650761604309,117216.0,20608.0
25042220B2,2,3,2,0.2780296802520752,44608.0,18480.0
25042220B2,2,3,3,0.077907033264637,117216.0,16512.0
25042220B2,2,5,1,0.2977650761604309,117216.0,20608.0
25042220B2,2,5,2,0.2780296802520752,44608.0,18480.0
25042220B2,2,5,3,0.077907033264637,117216.0,16512.0
25042220B2,2,5,4,0.07101333886384964,44608.0,22576.0
25042220B2,2,5,5,0.06188315898180008,20032.0,51248.0
25042220B2,2,10,1,0.2977650761604309,117216.0,20608.0
25042220B2,2,10,2,0.2780296802520752,44608.0,18480.0
25042220B2,2,10,3,0.077907033264637,117216.0,16512.0
25042220B2,2,10,4,0.07101333886384964,44608.0,22576.0
25042220B2,2,10,5,0.06188315898180008,20032.0,51248.0
25042220B2,2,10,6,0.04046604037284851,48704.0,26672.0
25042220B2,2,10,7,0.01930442452430725,121312.0,8320.0
25042220B2,2,10,8,0.017023740336298943,24128.0,34864.0
25042220B2,2,10,9,0.01370980218052864,44608.0,63536.0
25042220B2,2,10,10,0.012683347798883915,121312.0,32896.0
25042465B3,2,3,1,0.5907328724861145,82216.0,49010.0
25042465B3,2,3,2,0.11664138734340668,86312.0,44914.0
25042465B3,2,3,3,0.07856787741184235,39281.0,35988.0
25042465B3,2,5,1,0.5907328724861145,82216.0,49010.0
25042465B3,2,5,2,0.11664138734340668,86312.0,44914.0
25042465B3,2,5,3,0.07856787741184235,39281.0,35988.0
25042465B3,2,5,4,0.05088402330875397,26993.0,56468.0
25042465B3,2,5,5,0.04265860468149185,22897.0,60564.0
25042465B3,2,10,1,0.5907328724861145,82216.0,49010.0
25042465B3,2,10,2,0.11664138734340668,86312.0,44914.0
25042465B3,2,10,3,0.07856787741184235,39281.0,35988.0
25042465B3,2,10,4,0.05088402330875397,26993.0,56468.0
25042465B3,2,10,5,0.04265860468149185,22897.0,60564.0
25042465B3,2,10,6,0.031621310859918594,86312.0,32626.0
25042465B3,2,10,7,0.022851504385471344,18801.0,60564.0
25042465B3,2,10,8,0.009315752424299717,22897.0,48276.0
25042465B3,2,10,9,0.008710085414350033,90408.0,20338.0
25042465B3,2,10,10,0.006591092795133591,22897.0,35988.0
25042830B2,2,3,1,0.6328511238098145,114313.0,40384.0
25042830B2,2,3,2,0.14817999303340912,43601.0,40112.0
25042830B2,2,3,3,0.04803130775690079,47697.0,40112.0
25042830B2,2,5,1,0.6328511238098145,114313.0,40384.0
25042830B2,2,5,2,0.14817999303340912,43601.0,40112.0
25042830B2,2,5,3,0.04803130775690079,47697.0,40112.0
25042830B2,2,5,4,0.026209058240056038,110217.0,32192.0
25042830B2,2,5,5,0.022763365879654884,106121.0,24000.0
25042830B2,2,10,1,0.6328511238098145,114313.0,40384.0
25042830B2,2,10,2,0.14817999303340912,43601.0,40112.0
25042830B2,2,10,3,0.04803130775690079,47697.0,40112.0
25042830B2,2,10,4,0.026209058240056038,110217.0,32192.0
25042830B2,2,10,5,0.022763365879654884,106121.0,24000.0
25042830B2,2,10,6,0.021368058398365974,114313.0,36288.0
25042830B2,2,10,7,0.012796174734830856,31313.0,31920.0
25042830B2,2,10,8,0.011932468973100185,39505.0,36016.0
25042830B2,2,10,9,0.005934656597673893,43601.0,44208.0
25042830B2,2,10,10,0.00574221508577466,10833.0,44208.0
25045403B,2,3,1,0.5619927644729614,16096.0,21104.0
25045403B,2,3,2,0.12052083015441895,77207.0,18624.0
25045403B,2,3,3,0.07002086192369461,73111.0,43200.0
25045403B,2,5,1,0.5619927644729614,16096.0,21104.0
25045403B,2,5,2,0.12052083015441895,77207.0,18624.0
25045403B,2,5,3,0.07002086192369461,73111.0,43200.0
25045403B,2,5,4,0.04146511107683182,77207.0,22720.0
25045403B,2,5,5,0.037268634885549545,20192.0,21104.0
25045403B,2,10,1,0.5619927644729614,16096.0,21104.0
25045403B,2,10,2,0.12052083015441895,77207.0,18624.0
25045403B,2,10,3,0.07002086192369461,73111.0,43200.0
25045403B,2,10,4,0.04146511107683182,77207.0,22720.0
25045403B,2,10,5,0.037268634885549545,20192.0,21104.0
25045403B,2,10,6,0.02152484655380249,69015.0,22720.0
25045403B,2,10,7,0.0161796435713768,81303.0,18624.0
25045403B,2,10,8,0.012496987357735634,20192.0,25200.0
25045403B,2,10,9,0.012416725978255272,7904.0,41584.0
25045403B,2,10,10,0.011424078606069088,69015.0,39104.0
25045625B2,2,3,1,0.1088235080242157,26017.0,67025.0
25045625B2,2,3,2,0.09968116879463196,21921.0,21969.0
25045625B2,2,3,3,0.07801298052072525,17825.0,62929.0
25045625B2,2,5,1,0.1088235080242157,26017.0,67025.0
25045625B2,2,5,2,0.09968116879463196,21921.0,21969.0
25045625B2,2,5,3,0.07801298052072525,17825.0,62929.0
25045625B2,2,5,4,0.058842554688453674,26017.0,17873.0
25045625B2,2,5,5,0.05001683533191681,17825.0,46545.0
25045625B2,2,10,1,0.1088235080242157,26017.0,67025.0
25045625B2,2,10,2,0.09968116879463196,21921.0,21969.0
25045625B2,2,10,3,0.07801298052072525,17825.0,62929.0
25045625B2,2,10,4,0.058842554688453674,26017.0,17873.0
25045625B2,2,10,5,0.05001683533191681,17825.0,46545.0
25045625B2,2,10,6,0.03676784783601761,126590.0,10624.0
25045625B2,2,10,7,0.036080047488212585,30113.0,67025.0
25045625B2,2,10,8,0.03114013373851776,75560.0,29250.0
25045625B2,2,10,9,0.030505310744047165,21921.0,26065.0
25045625B2,2,10,10,0.02769247256219387,21921.0,17873.0
25045801B1,2,3,1,0.23512278497219086,20016.0,43553.0
25045801B1,2,3,2,0.1049673855304718,36400.0,23073.0
25045801B1,2,3,3,0.09540856629610062,24112.0,47649.0
25045801B1,2,5,1,0.23512278497219086,20016.0,43553.0
25045801B1,2,5,2,0.1049673855304718,36400.0,23073.0
25045801B1,2,5,3,0.09540856629610062,24112.0,47649.0
25045801B1,2,5,4,0.052218835800886154,80867.0,47568.0
25045801B1,2,5,5,0.0511225126683712,28208.0,51745.0
25045801B1,2,10,1,0.23512278497219086,20016.0,43553.0
25045801B1,2,10,2,0.1049673855304718,36400.0,23073.0
25045801B1,2,10,3,0.09540856629610062,24112.0,47649.0
25045801B1,2,10,4,0.052218835800886154,80867.0,47568.0
25045801B1,2,10,5,0.0511225126683712,28208.0,51745.0
25045801B1,2,10,6,0.04860728234052658,20016.0,47649.0
25045801B1,2,10,7,0.0431259423494339,32304.0,43553.0
25045801B1,2,10,8,0.03529352694749832,93155.0,31184.0
25045801B1,2,10,9,0.03248659521341324,20016.0,39457.0
25045801B1,2,10,10,0.031966980546712875,28208.0,35361.0
25046855B,2,3,1,0.14982053637504578,32096.0,27666.0
25046855B,2,3,2,0.1437070667743683,36192.0,64530.0
25046855B,2,3,3,0.11939847469329834,11616.0,31762.0
25046855B,2,5,1,0.14982053637504578,32096.0,27666.0
25046855B,2,5,2,0.1437070667743683,36192.0,64530.0
25046855B,2,5,3,0.11939847469329834,11616.0,31762.0
25046855B,2,5,4,0.10736674070358276,15712.0,23570.0
25046855B,2,5,5,0.07528301328420639,23904.0,52242.0
25046855B,2,10,1,0.14982053637504578,32096.0,27666.0
25046855B,2,10,2,0.1437070667743683,36192.0,64530.0
25046855B,2,10,3,0.11939847469329834,11616.0,31762.0
25046855B,2,10,4,0.10736674070358276,15712.0,23570.0
25046855B,2,10,5,0.07528301328420639,23904.0,52242.0
25046855B,2,10,6,0.038253750652074814,95461.0,26354.0
25046855B,2,10,7,0.01766095496714115,32096.0,44050.0
25046855B,2,10,8,0.01616494357585907,23904.0,31762.0
25046855B,2,10,9,0.015613316558301449,48480.0,39954.0
25046855B,2,10,10,0.01486330758780241,11616.0,48146.0
25047815B,2,3,1,0.4823085367679596,86001.0,36881.0
25047815B,2,3,2,0.12547512352466583,102385.0,45073.0
25047815B,2,3,3,0.11190108954906464,106481.0,49169.0
25047815B,2,5,1,0.4823085367679596,86001.0,36881.0
25047815B,2,5,2,0.12547512352466583,102385.0,45073.0
25047815B,2,5,3,0.11190108954906464,106481.0,49169.0
25047815B,2,5,4,0.06770474463701248,29568.0,62961.0
25047815B,2,5,5,0.0404399149119854,25472.0,50673.0
25047815B,2,10,1,0.4823085367679596,86001.0,36881.0
25047815B,2,10,2,0.12547512352466583,102385.0,45073.0
25047815B,2,10,3,0.11190108954906464,106481.0,49169.0
25047815B,2,10,4,0.06770474463701248,29568.0,62961.0
25047815B,2,10,5,0.0404399149119854,25472.0,50673.0
25047815B,2,10,6,0.01803070679306984,9088.0,17905.0
25047815B,2,10,7,0.015786688774824142,102385.0,40977.0
25047815B,2,10,8,0.015094242990016937,9088.0,30193.0
25047815B,2,10,9,0.01170443743467331,25472.0,42481.0
25047815B,2,10,10,0.009125481359660625,106481.0,65553.0
25047844B2,2,3,1,0.3230292797088623,29201.0,19952.0
25047844B2,2,3,2,0.16344888508319855,21009.0,19952.0
25047844B2,2,3,3,0.10951794683933258,25105.0,15856.0
25047844B2,2,5,1,0.3230292797088623,29201.0,19952.0
25047844B2,2,5,2,0.16344888508319855,21009.0,19952.0
25047844B2,2,5,3,0.10951794683933258,25105.0,15856.0
25047844B2,2,5,4,0.10087137669324875,29201.0,11760.0
25047844B2,2,5,5,0.06959355622529984,33297.0,24048.0
25047844B2,2,10,1,0.3230292797088623,29201.0,19952.0
25047844B2,2,10,2,0.16344888508319855,21009.0,19952.0
25047844B2,2,10,3,0.10951794683933258,25105.0,15856.0
25047844B2,2,10,4,0.10087137669324875,29201.0,11760.0
25047844B2,2,10,5,0.06959355622529984,33297.0,24048.0
25047844B2,2,10,6,0.04930586740374565,29201.0,24048.0
25047844B2,2,10,7,0.03438747674226761,37393.0,19952.0
25047844B2,2,10,8,0.024746302515268326,25105.0,19952.0
25047844B2,2,10,9,0.020925074815750122,33297.0,19952.0
25047844B2,2,10,10,0.014133371412754059,96537.0,19280.0
25049669B3,2,3,1,0.2061130404472351,93367.0,48465.0
25049669B3,2,3,2,0.11397920548915863,24384.0,48881.0
25049669B3,2,3,3,0.10252133756875992,97463.0,64849.0
25049669B3,2,5,1,0.2061130404472351,93367.0,48465.0
25049669B3,2,5,2,0.11397920548915863,24384.0,48881.0
25049669B3,2,5,3,0.10252133756875992,97463.0,64849.0
25049669B3,2,5,4,0.0782691016793251,85175.0,52561.0
25049669B3,2,5,5,0.06834833323955536,28480.0,20209.0
25049669B3,2,10,1,0.2061130404472351,93367.0,48465.0
25049669B3,2,10,2,0.11397920548915863,24384.0,48881.0
25049669B3,2,10,3,0.10252133756875992,97463.0,64849.0
25049669B3,2,10,4,0.0782691016793251,85175.0,52561.0
25049669B3,2,10,5,0.06834833323955536,28480.0,20209.0
25049669B3,2,10,6,0.06530070304870605,16192.0,52977.0
25049669B3,2,10,7,0.043145470321178436,117943.0,27985.0
25049669B3,2,10,8,0.03847436606884003,117943.0,40273.0
25049669B3,2,10,9,0.03587108850479126,53056.0,36593.0
25049669B3,2,10,10,0.03550432249903679,85175.0,48465.0
25050415B2,2,3,1,0.6859406232833862,21472.0,46305.0
25050415B2,2,3,2,0.21224083006381989,17376.0,38113.0
25050415B2,2,3,3,0.010773000307381153,50144.0,70881.0
25050415B2,2,5,1,0.6859406232833862,21472.0,46305.0
25050415B2,2,5,2,0.21224083006381989,17376.0,38113.0
25050415B2,2,5,3,0.010773000307381153,50144.0,70881.0
25050415B2,2,5,4,0.006869462318718433,103843.0,35184.0
25050415B2,2,5,5,0.004794157110154629,140707.0,47472.0
25050415B2,2,10,1,0.6859406232833862,21472.0,46305.0
25050415B2,2,10,2,0.21224083006381989,17376.0,38113.0
25050415B2,2,10,3,0.010773000307381153,50144.0,70881.0
25050415B2,2,10,4,0.006869462318718433,103843.0,35184.0
25050415B2,2,10,5,0.004794157110154629,140707.0,47472.0
25050415B2,2,10,6,0.004771534353494644,128419.0,55664.0
25050415B2,2,10,7,0.0039980048313736916,54240.0,70881.0
25050415B2,2,10,8,0.0030064047314226627,136611.0,26992.0
25050415B2,2,10,9,0.0027373575139790773,132515.0,55664.0
25050415B2,2,10,10,0.0023687747307121754,58336.0,62689.0
25052654B2,2,3,1,0.7058547735214233,95898.0,39826.0
25052654B2,2,3,2,0.13848671317100525,37937.0,27361.0
25052654B2,2,3,3,0.05295143276453018,13009.0,16816.0
25052654B2,2,5,1,0.7058547735214233,95898.0,39826.0
25052654B2,2,5,2,0.13848671317100525,37937.0,27361.0
25052654B2,2,5,3,0.05295143276453018,13009.0,16816.0
25052654B2,2,5,4,0.047300636768341064,71223.0,27713.0
25052654B2,2,5,5,0.00994464848190546,87607.0,35905.0
25052654B2,2,10,1,0.7058547735214233,95898.0,39826.0
25052654B2,2,10,2,0.13848671317100525,37937.0,27361.0
25052654B2,2,10,3,0.05295143276453018,13009.0,16816.0
25052654B2,2,10,4,0.047300636768341064,71223.0,27713.0
25052654B2,2,10,5,0.00994464848190546,87607.0,35905.0
25052654B2,2,10,6,0.009576888754963875,75319.0,48193.0
25052654B2,2,10,7,0.007996524684131145,37937.0,31457.0
25052654B2,2,10,8,0.004085406195372343,21201.0,8624.0
25052654B2,2,10,9,0.0037283627316355705,92298.0,19313.0
25052654B2,2,10,10,0.003415985032916069,71223.0,44097.0
25053683B2,2,3,1,0.2903379797935486,79906.0,34977.0
25053683B2,2,3,2,0.1568221002817154,79906.0,51361.0
25053683B2,2,3,3,0.08201278001070023,16080.0,55041.0
25053683B2,2,5,1,0.2903379797935486,79906.0,34977.0
25053683B2,2,5,2,0.1568221002817154,79906.0,51361.0
25053683B2,2,5,3,0.08201278001070023,16080.0,55041.0
25053683B2,2,5,4,0.05080030858516693,88098.0,47265.0
25053683B2,2,5,5,0.04770572483539581,11984.0,34561.0
25053683B2,2,10,1,0.2903379797935486,79906.0,34977.0
25053683B2,2,10,2,0.1568221002817154,79906.0,51361.0
25053683B2,2,10,3,0.08201278001070023,16080.0,55041.0
25053683B2,2,10,4,0.05080030858516693,88098.0,47265.0
25053683B2,2,10,5,0.04770572483539581,11984.0,34561.0
25053683B2,2,10,6,0.04739268496632576,11984.0,55041.0
25053683B2,2,10,7,0.03548242896795273,100386.0,26785.0
25053683B2,2,10,8,0.02102416753768921,28368.0,18177.0
25053683B2,2,10,9,0.020567160099744797,79906.0,39073.0
25053683B2,2,10,10,0.015388352796435356,100386.0,39073.0
25054212B,2,3,1,0.6420498490333557,54528.0,16209.0
25054212B,2,3,2,0.06845497339963913,34048.0,16209.0
25054212B,2,3,3,0.06124688684940338,25856.0,24401.0
25054212B,2,5,1,0.6420498490333557,54528.0,16209.0
25054212B,2,5,2,0.06845497339963913,34048.0,16209.0
25054212B,2,5,3,0.06124688684940338,25856.0,24401.0
25054212B,2,5,4,0.037788502871990204,116887.0,21202.0
25054212B,2,5,5,0.017833396792411804,133271.0,25298.0
25054212B,2,10,1,0.6420498490333557,54528.0,16209.0
25054212B,2,10,2,0.06845497339963913,34048.0,16209.0
25054212B,2,10,3,0.06124688684940338,25856.0,24401.0
25054212B,2,10,4,0.037788502871990204,116887.0,21202.0
25054212B,2,10,5,0.017833396792411804,133271.0,25298.0
25054212B,2,10,6,0.01563059352338314,145559.0,29394.0
25054212B,2,10,7,0.011539251543581486,42240.0,44881.0
25054212B,2,10,8,0.0071240677498281,29952.0,40785.0
25054212B,2,10,9,0.006918144412338734,141463.0,21202.0
25054212B,2,10,10,0.005921595264226198,141463.0,33490.0
25054489B3,2,3,1,0.502900242805481,19984.0,36656.0
25054489B3,2,3,2,0.3691299557685852,99666.0,35296.0
25054489B3,2,3,3,0.012990164570510387,19984.0,32560.0
25054489B3,2,5,1,0.502900242805481,19984.0,36656.0
25054489B3,2,5,2,0.3691299557685852,99666.0,35296.0
25054489B3,2,5,3,0.012990164570510387,19984.0,32560.0
25054489B3,2,5,4,0.012813222594559193,116050.0,35296.0
25054489B3,2,5,5,0.012213117443025112,103762.0,35296.0
25054489B3,2,10,1,0.502900242805481,19984.0,36656.0
25054489B3,2,10,2,0.3691299557685852,99666.0,35296.0
25054489B3,2,10,3,0.012990164570510387,19984.0,32560.0
25054489B3,2,10,4,0.012813222594559193,116050.0,35296.0
25054489B3,2,10,5,0.012213117443025112,103762.0,35296.0
25054489B3,2,10,6,0.012108721770346165,99666.0,39392.0
25054489B3,2,10,7,0.006880342960357666,40464.0,53040.0
25054489B3,2,10,8,0.005482129752635956,32272.0,61232.0
25054489B3,2,10,9,0.0053845783695578575,24080.0,36656.0
25054489B3,2,10,10,0.004212410654872656,87378.0,63968.0
25055681B2,2,3,1,0.2670976519584656,79715.0,20048.0
25055681B2,2,3,2,0.14642897248268127,87907.0,20048.0
25055681B2,2,3,3,0.12747812271118164,87907.0,24144.0
25055681B2,2,5,1,0.2670976519584656,79715.0,20048.0
25055681B2,2,5,2,0.14642897248268127,87907.0,20048.0
25055681B2,2,5,3,0.12747812271118164,87907.0,24144.0
25055681B2,2,5,4,0.10626136511564255,15824.0,18768.0
25055681B2,2,5,5,0.09188830107450485,11728.0,14672.0
25055681B2,2,10,1,0.2670976519584656,79715.0,20048.0
25055681B2,2,10,2,0.14642897248268127,87907.0,20048.0
25055681B2,2,10,3,0.12747812271118164,87907.0,24144.0
25055681B2,2,10,4,0.10626136511564255,15824.0,18768.0
25055681B2,2,10,5,0.09188830107450485,11728.0,14672.0
25055681B2,2,10,6,0.08689332753419876,83811.0,15952.0
25055681B2,2,10,7,0.03233351558446884,11728.0,22864.0
25055681B2,2,10,8,0.028572749346494675,87907.0,15952.0
25055681B2,2,10,9,0.02708514779806137,15824.0,6480.0
25055681B2,2,10,10,0.01937871240079403,15824.0,22864.0
25058118B4,2,3,1,0.15220823884010315,28176.0,60881.0
25058118B4,2,3,2,0.08609877526760101,32272.0,73169.0
25058118B4,2,3,3,0.07574030756950378,117888.0,25521.0
25058118B4,2,5,1,0.15220823884010315,28176.0,60881.0
25058118B4,2,5,2,0.08609877526760101,32272.0,73169.0
25058118B4,2,5,3,0.07574030756950378,117888.0,25521.0
25058118B4,2,5,4,0.07357220351696014,117888.0,46001.0
25058118B4,2,5,5,0.0693247839808464,24080.0,40401.0
25058118B4,2,10,1,0.15220823884010315,28176.0,60881.0
25058118B4,2,10,2,0.08609877526760101,32272.0,73169.0
25058118B4,2,10,3,0.07574030756950378,117888.0,25521.0
25058118B4,2,10,4,0.07357220351696014,117888.0,46001.0
25058118B4,2,10,5,0.0693247839808464,24080.0,40401.0
25058118B4,2,10,6,0.04324799031019211,28176.0,52689.0
25058118B4,2,10,7,0.03439364954829216,101504.0,50097.0
25058118B4,2,10,8,0.0343342050909996,117888.0,50097.0
25058118B4,2,10,9,0.025441909208893776,127664.0,70854.0
25058118B4,2,10,10,0.0214553065598011,97408.0,50097.0
25058746B4,2,3,1,0.7493826150894165,94167.0,35953.0
25058746B4,2,3,2,0.02612231858074665,12512.0,62722.0
25058746B4,2,3,3,0.020670210942626,85975.0,52337.0
25058746B4,2,5,1,0.7493826150894165,94167.0,35953.0
25058746B4,2,5,2,0.02612231858074665,12512.0,62722.0
25058746B4,2,5,3,0.020670210942626,85975.0,52337.0
25058746B4,2,5,4,0.019928283989429474,81879.0,40049.0
25058746B4,2,5,5,0.0159312654286623,16608.0,46338.0
25058746B4,2,10,1,0.7493826150894165,94167.0,35953.0
25058746B4,2,10,2,0.02612231858074665,12512.0,62722.0
25058746B4,2,10,3,0.020670210942626,85975.0,52337.0
25058746B4,2,10,4,0.019928283989429474,81879.0,40049.0
25058746B4,2,10,5,0.0159312654286623,16608.0,46338.0
25058746B4,2,10,6,0.01585884392261505,94167.0,40049.0
25058746B4,2,10,7,0.01041494682431221,77783.0,40049.0
25058746B4,2,10,8,0.00894729420542717,24800.0,38146.0
25058746B4,2,10,9,0.008433207869529724,81879.0,35953.0
25058746B4,2,10,10,0.007786316331475973,106455.0,40049.0
25062444B,2,3,1,0.3018897473812103,90272.0,25617.0
25062444B,2,3,2,0.08461697399616241,34736.0,27744.0
25062444B,2,3,3,0.06730175763368607,106656.0,37905.0
25062444B,2,5,1,0.3018897473812103,90272.0,25617.0
25062444B,2,5,2,0.08461697399616241,34736.0,27744.0
25062444B,2,5,3,0.06730175763368607,106656.0,37905.0
25062444B,2,5,4,0.05220850929617882,51120.0,23648.0
25062444B,2,5,5,0.04563697800040245,47024.0,48224.0
25062444B,2,10,1,0.3018897473812103,90272.0,25617.0
25062444B,2,10,2,0.08461697399616241,34736.0,27744.0
25062444B,2,10,3,0.06730175763368607,106656.0,37905.0
25062444B,2,10,4,0.05220850929617882,51120.0,23648.0
25062444B,2,10,5,0.04563697800040245,47024.0,48224.0
25062444B,2,10,6,0.042213525623083115,118944.0,37905.0
25062444B,2,10,7,0.03354696184396744,34736.0,35936.0
25062444B,2,10,8,0.024040421470999718,114848.0,46097.0
25062444B,2,10,9,0.023964660242199898,30640.0,44128.0
25062444B,2,10,10,0.01944715902209282,110752.0,33809.0
2460399-B2,3,3,1,0.05494803190231323,36784.0,11920.0
2460399-B2,3,3,2,0.046887222677469254,112165.0,27712.0
2460399-B2,3,3,3,0.029544051736593246,116261.0,31808.0
2460399-B2,3,5,1,0.05494803190231323,36784.0,11920.0
2460399-B2,3,5,2,0.046887222677469254,112165.0,27712.0
2460399-B2,3,5,3,0.029544051736593246,116261.0,31808.0
2460399-B2,3,5,4,0.02588023990392685,112165.0,48192.0
2460399-B2,3,5,5,0.020485859364271164,124453.0,23616.0
2460399-B2,3,10,1,0.05494803190231323,36784.0,11920.0
2460399-B2,3,10,2,0.046887222677469254,112165.0,27712.0
2460399-B2,3,10,3,0.029544051736593246,116261.0,31808.0
2460399-B2,3,10,4,0.02588023990392685,112165.0,48192.0
2460399-B2,3,10,5,0.020485859364271164,124453.0,23616.0
2460399-B2,3,10,6,0.020353276282548904,95781.0,35904.0
2460399-B2,3,10,7,0.01970098540186882,112165.0,35904.0
2460399-B2,3,10,8,0.01909477822482586,116261.0,35904.0
2460399-B2,3,10,9,0.017885511741042137,49072.0,24208.0
2460399-B2,3,10,10,0.017399383708834648,91685.0,31808.0
2460404-B3,3,3,1,0.3858940601348877,135264.0,40960.0
2460404-B3,3,3,2,0.17943070828914642,131168.0,49152.0
2460404-B3,3,3,3,0.07907050848007202,139360.0,32768.0
2460404-B3,3,5,1,0.3858940601348877,135264.0,40960.0
2460404-B3,3,5,2,0.17943070828914642,131168.0,49152.0
2460404-B3,3,5,3,0.07907050848007202,139360.0,32768.0
2460404-B3,3,5,4,0.012163365259766579,54576.0,47808.0
2460404-B3,3,5,5,0.00802527740597725,30000.0,23232.0
2460404-B3,3,10,1,0.3858940601348877,135264.0,40960.0
2460404-B3,3,10,2,0.17943070828914642,131168.0,49152.0
2460404-B3,3,10,3,0.07907050848007202,139360.0,32768.0
2460404-B3,3,10,4,0.012163365259766579,54576.0,47808.0
2460404-B3,3,10,5,0.00802527740597725,30000.0,23232.0
2460404-B3,3,10,6,0.006424339022487402,139360.0,36864.0
2460404-B3,3,10,7,0.0051117572002112865,139360.0,40960.0
2460404-B3,3,10,8,0.003859050804749131,139360.0,45056.0
2460404-B3,3,10,9,0.003759286366403103,131168.0,40960.0
2460404-B3,3,10,10,0.002886381698772311,127072.0,49152.0
2460591-B2,3,3,1,0.2078525573015213,152242.0,36947.0
2460591-B2,3,3,2,0.1427096128463745,62064.0,48468.0
2460591-B2,3,3,3,0.05328011512756348,18944.0,18929.0
2460591-B2,3,5,1,0.2078525573015213,152242.0,36947.0
2460591-B2,3,5,2,0.1427096128463745,62064.0,48468.0
2460591-B2,3,5,3,0.05328011512756348,18944.0,18929.0
2460591-B2,3,5,4,0.03893868625164032,74352.0,48468.0
2460591-B2,3,5,5,0.037960901856422424,66160.0,56660.0
2460591-B2,3,10,1,0.2078525573015213,152242.0,36947.0
2460591-B2,3,10,2,0.1427096128463745,62064.0,48468.0
2460591-B2,3,10,3,0.05328011512756348,18944.0,18929.0
2460591-B2,3,10,4,0.03893868625164032,74352.0,48468.0
2460591-B2,3,10,5,0.037960901856422424,66160.0,56660.0
2460591-B2,3,10,6,0.028307845816016197,102273.0,13440.0
2460591-B2,3,10,7,0.023310592398047447,174706.0,71208.0
2460591-B2,3,10,8,0.017754778265953064,156338.0,49235.0
2460591-B2,3,10,9,0.015033159404993057,148146.0,36947.0
2460591-B2,3,10,10,0.011461365967988968,170418.0,11312.0
2460753-B2,3,3,1,0.10346192121505737,113257.0,59184.0
2460753-B2,3,3,2,0.06706411391496658,105065.0,22320.0
2460753-B2,3,3,3,0.060846805572509766,41745.0,24176.0
2460753-B2,3,5,1,0.10346192121505737,113257.0,59184.0
2460753-B2,3,5,2,0.06706411391496658,105065.0,22320.0
2460753-B2,3,5,3,0.060846805572509766,41745.0,24176.0
2460753-B2,3,5,4,0.049131762236356735,109161.0,22320.0
2460753-B2,3,5,5,0.0352669321000576,113257.0,46896.0
2460753-B2,3,10,1,0.10346192121505737,113257.0,59184.0
2460753-B2,3,10,2,0.06706411391496658,105065.0,22320.0
2460753-B2,3,10,3,0.060846805572509766,41745.0,24176.0
2460753-B2,3,10,4,0.049131762236356735,109161.0,22320.0
2460753-B2,3,10,5,0.0352669321000576,113257.0,46896.0
2460753-B2,3,10,6,0.02766965702176094,105065.0,46896.0
2460753-B2,3,10,7,0.019642457365989685,29457.0,20080.0
2460753-B2,3,10,8,0.018132826313376427,113257.0,38704.0
2460753-B2,3,10,9,0.017676660791039467,100969.0,55088.0
2460753-B2,3,10,10,0.016805017367005348,113257.0,55088.0
2461718-B3,3,3,1,0.0924532562494278,25872.0,47878.0
2461718-B3,3,3,2,0.08998405188322067,103057.0,50274.0
2461718-B3,3,3,3,0.06568674743175507,21776.0,51974.0
2461718-B3,3,5,1,0.0924532562494278,25872.0,47878.0
2461718-B3,3,5,2,0.08998405188322067,103057.0,50274.0
2461718-B3,3,5,3,0.06568674743175507,21776.0,51974.0
2461718-B3,3,5,4,0.0631638765335083,111249.0,37986.0
2461718-B3,3,5,5,0.05085541680455208,94865.0,42082.0
2461718-B3,3,10,1,0.0924532562494278,25872.0,47878.0
2461718-B3,3,10,2,0.08998405188322067,103057.0,50274.0
2461718-B3,3,10,3,0.06568674743175507,21776.0,51974.0
2461718-B3,3,10,4,0.0631638765335083,111249.0,37986.0
2461718-B3,3,10,5,0.05085541680455208,94865.0,42082.0
2461718-B3,3,10,6,0.049256086349487305,103057.0,46178.0
2461718-B3,3,10,7,0.035804685205221176,98961.0,46178.0
2461718-B3,3,10,8,0.0301501527428627,29968.0,56070.0
2461718-B3,3,10,9,0.02724088355898857,29968.0,51974.0
2461718-B3,3,10,10,0.02412189543247223,90769.0,46178.0
2461755-B3,3,3,1,0.08592598885297775,145078.0,55681.0
2461755-B3,3,3,2,0.047445397824048996,120502.0,27009.0
2461755-B3,3,3,3,0.03486356511712074,47842.0,36689.0
2461755-B3,3,5,1,0.08592598885297775,145078.0,55681.0
2461755-B3,3,5,2,0.047445397824048996,120502.0,27009.0
2461755-B3,3,5,3,0.03486356511712074,47842.0,36689.0
2461755-B3,3,5,4,0.026326661929488182,108214.0,39297.0
2461755-B3,3,5,5,0.022586926817893982,56034.0,32593.0
2461755-B3,3,10,1,0.08592598885297775,145078.0,55681.0
2461755-B3,3,10,2,0.047445397824048996,120502.0,27009.0
2461755-B3,3,10,3,0.03486356511712074,47842.0,36689.0
2461755-B3,3,10,4,0.026326661929488182,108214.0,39297.0
2461755-B3,3,10,5,0.022586926817893982,56034.0,32593.0
2461755-B3,3,10,6,0.02206401526927948,78484.0,54565.0
2461755-B3,3,10,7,0.020613176748156548,112310.0,39297.0
2461755-B3,3,10,8,0.019455760717391968,112310.0,55681.0
2461755-B3,3,10,9,0.019311536103487015,140982.0,47489.0
2461755-B3,3,10,10,0.01922214776277542,78484.0,50469.0
2461836-B2,3,3,1,0.09233686327934265,22992.0,45808.0
2461836-B2,3,3,2,0.08546683192253113,88918.0,43792.0
2461836-B2,3,3,3,0.042002975940704346,22992.0,33520.0
2461836-B2,3,5,1,0.09233686327934265,22992.0,45808.0
2461836-B2,3,5,2,0.08546683192253113,88918.0,43792.0
2461836-B2,3,5,3,0.042002975940704346,22992.0,33520.0
2461836-B2,3,5,4,0.030590057373046875,93014.0,31504.0
2461836-B2,3,5,5,0.030322467908263206,22992.0,37616.0
2461836-B2,3,10,1,0.09233686327934265,22992.0,45808.0
2461836-B2,3,10,2,0.08546683192253113,88918.0,43792.0
2461836-B2,3,10,3,0.042002975940704346,22992.0,33520.0
2461836-B2,3,10,4,0.030590057373046875,93014.0,31504.0
2461836-B2,3,10,5,0.030322467908263206,22992.0,37616.0
2461836-B2,3,10,6,0.025653522461652756,14800.0,37616.0
2461836-B2,3,10,7,0.02246483601629734,76630.0,35600.0
2461836-B2,3,10,8,0.020981701090931892,84822.0,39696.0
2461836-B2,3,10,9,0.02065781131386757,31184.0,41712.0
2461836-B2,3,10,10,0.020196521654725075,27088.0,25328.0
2462293-B3,3,3,1,0.3383373022079468,80496.0,51584.0
2462293-B3,3,3,2,0.1250586211681366,23264.0,53712.0
2462293-B3,3,3,3,0.023634418845176697,76400.0,47488.0
2462293-B3,3,5,1,0.3383373022079468,80496.0,51584.0
2462293-B3,3,5,2,0.1250586211681366,23264.0,53712.0
2462293-B3,3,5,3,0.023634418845176697,76400.0,47488.0
2462293-B3,3,5,4,0.021091483533382416,27360.0,57808.0
2462293-B3,3,5,5,0.01802847906947136,27360.0,49616.0
2462293-B3,3,10,1,0.3383373022079468,80496.0,51584.0
2462293-B3,3,10,2,0.1250586211681366,23264.0,53712.0
2462293-B3,3,10,3,0.023634418845176697,76400.0,47488.0
2462293-B3,3,10,4,0.021091483533382416,27360.0,57808.0
2462293-B3,3,10,5,0.01802847906947136,27360.0,49616.0
2462293-B3,3,10,6,0.017453523352742195,19168.0,61904.0
2462293-B3,3,10,7,0.016964782029390335,31456.0,66000.0
2462293-B3,3,10,8,0.014037680812180042,19168.0,37328.0
2462293-B3,3,10,9,0.013338961638510227,72304.0,59776.0
2462293-B3,3,10,10,0.012511007487773895,27360.0,45520.0
2462830-B2,3,3,1,0.2555425465106964,149017.0,8977.0
2462830-B2,3,3,2,0.08394435793161392,109541.0,44099.0
2462830-B2,3,3,3,0.043994881212711334,117733.0,56387.0
2462830-B2,3,5,1,0.2555425465106964,149017.0,8977.0
2462830-B2,3,5,2,0.08394435793161392,109541.0,44099.0
2462830-B2,3,5,3,0.043994881212711334,117733.0,56387.0
2462830-B2,3,5,4,0.026502307504415512,105445.0,48195.0
2462830-B2,3,5,5,0.025352979078888893,149017.0,13073.0
2462830-B2,3,10,1,0.2555425465106964,149017.0,8977.0
2462830-B2,3,10,2,0.08394435793161392,109541.0,44099.0
2462830-B2,3,10,3,0.043994881212711334,117733.0,56387.0
2462830-B2,3,10,4,0.026502307504415512,105445.0,48195.0
2462830-B2,3,10,5,0.025352979078888893,149017.0,13073.0
2462830-B2,3,10,6,0.025194834917783737,34176.0,50068.0
2462830-B2,3,10,7,0.017394978553056717,101349.0,44099.0
2462830-B2,3,10,8,0.01686994545161724,93157.0,35907.0
2462830-B2,3,10,9,0.01636100932955742,42368.0,41876.0
2462830-B2,3,10,10,0.016150716692209244,25984.0,37780.0
2462840-B5,3,3,1,0.11634586751461029,124673.0,40833.0
2462840-B5,3,3,2,0.10095739364624023,128769.0,32641.0
2462840-B5,3,3,3,0.0680224671959877,53712.0,43778.0
2462840-B5,3,5,1,0.11634586751461029,124673.0,40833.0
2462840-B5,3,5,2,0.10095739364624023,128769.0,32641.0
2462840-B5,3,5,3,0.0680224671959877,53712.0,43778.0
2462840-B5,3,5,4,0.050205864012241364,49616.0,39682.0
2462840-B5,3,5,5,0.046462006866931915,124673.0,28545.0
2462840-B5,3,10,1,0.11634586751461029,124673.0,40833.0
2462840-B5,3,10,2,0.10095739364624023,128769.0,32641.0
2462840-B5,3,10,3,0.0680224671959877,53712.0,43778.0
2462840-B5,3,10,4,0.050205864012241364,49616.0,39682.0
2462840-B5,3,10,5,0.046462006866931915,124673.0,28545.0
2462840-B5,3,10,6,0.039463214576244354,124673.0,36737.0
2462840-B5,3,10,7,0.026822350919246674,53712.0,27394.0
2462840-B5,3,10,8,0.023324601352214813,53712.0,35586.0
2462840-B5,3,10,9,0.018429722636938095,116481.0,28545.0
2462840-B5,3,10,10,0.015796462073922157,124673.0,24449.0
2462920-B3,3,3,1,0.15875712037086487,105794.0,48097.0
2462920-B3,3,3,2,0.09619006514549255,105794.0,44001.0
2462920-B3,3,3,3,0.05940032750368118,85314.0,35809.0
2462920-B3,3,5,1,0.15875712037086487,105794.0,48097.0
2462920-B3,3,5,2,0.09619006514549255,105794.0,44001.0
2462920-B3,3,5,3,0.05940032750368118,85314.0,35809.0
2462920-B3,3,5,4,0.045456353574991226,105794.0,39905.0
2462920-B3,3,5,5,0.03769551217556,97602.0,35809.0
2462920-B3,3,10,1,0.15875712037086487,105794.0,48097.0
2462920-B3,3,10,2,0.09619006514549255,105794.0,44001.0
2462920-B3,3,10,3,0.05940032750368118,85314.0,35809.0
2462920-B3,3,10,4,0.045456353574991226,105794.0,39905.0
2462920-B3,3,10,5,0.03769551217556,97602.0,35809.0
2462920-B3,3,10,6,0.02285398729145527,16000.0,31424.0
2462920-B3,3,10,7,0.019925938919186592,20096.0,35520.0
2462920-B3,3,10,8,0.01709834672510624,109890.0,27617.0
2462920-B3,3,10,9,0.015210498124361038,93506.0,27617.0
2462920-B3,3,10,10,0.01272367313504219,24192.0,23232.0
2462921-B,3,3,1,0.07147321850061417,28304.0,17376.0
2462921-B,3,3,2,0.06182636320590973,32400.0,33760.0
2462921-B,3,3,3,0.03129756450653076,96451.0,20000.0
2462921-B,3,5,1,0.07147321850061417,28304.0,17376.0
2462921-B,3,5,2,0.06182636320590973,32400.0,33760.0
2462921-B,3,5,3,0.03129756450653076,96451.0,20000.0
2462921-B,3,5,4,0.03116772323846817,24208.0,33760.0
2462921-B,3,5,5,0.02826104126870632,24208.0,46048.0
2462921-B,3,10,1,0.07147321850061417,28304.0,17376.0
2462921-B,3,10,2,0.06182636320590973,32400.0,33760.0
2462921-B,3,10,3,0.03129756450653076,96451.0,20000.0
2462921-B,3,10,4,0.03116772323846817,24208.0,33760.0
2462921-B,3,10,5,0.02826104126870632,24208.0,46048.0
2462921-B,3,10,6,0.022234875708818436,100547.0,32288.0
2462921-B,3,10,7,0.021925048902630806,32400.0,41952.0
2462921-B,3,10,8,0.021475309506058693,100547.0,28192.0
2462921-B,3,10,9,0.02144484966993332,96451.0,36384.0
2462921-B,3,10,10,0.02075032889842987,32400.0,29664.0
2464690-B2,3,3,1,0.07189187407493591,105040.0,35296.0
2464690-B2,3,3,2,0.04873828962445259,113232.0,31200.0
2464690-B2,3,3,3,0.03960346058011055,125520.0,35296.0
2464690-B2,3,5,1,0.07189187407493591,105040.0,35296.0
2464690-B2,3,5,2,0.04873828962445259,113232.0,31200.0
2464690-B2,3,5,3,0.03960346058011055,125520.0,35296.0
2464690-B2,3,5,4,0.036605529487133026,113232.0,23008.0
2464690-B2,3,5,5,0.030223868787288666,105040.0,43488.0
2464690-B2,3,10,1,0.07189187407493591,105040.0,35296.0
2464690-B2,3,10,2,0.04873828962445259,113232.0,31200.0
2464690-B2,3,10,3,0.03960346058011055,125520.0,35296.0
2464690-B2,3,10,4,0.036605529487133026,113232.0,23008.0
2464690-B2,3,10,5,0.030223868787288666,105040.0,43488.0
2464690-B2,3,10,6,0.024497073143720627,117328.0,23008.0
2464690-B2,3,10,7,0.019775720313191414,36688.0,24000.0
2464690-B2,3,10,8,0.017963340505957603,117328.0,10720.0
2464690-B2,3,10,9,0.0171734057366848,113232.0,18912.0
2464690-B2,3,10,10,0.016374174505472183,117328.0,35296.0
2464817-B,3,3,1,0.06213603541254997,93969.0,50946.0
2464817-B,3,3,2,0.04818157106637955,24240.0,46451.0
2464817-B,3,3,3,0.029270697385072708,28336.0,62835.0
2464817-B,3,5,1,0.06213603541254997,93969.0,50946.0
2464817-B,3,5,2,0.04818157106637955,24240.0,46451.0
2464817-B,3,5,3,0.029270697385072708,28336.0,62835.0
2464817-B,3,5,4,0.02917473390698433,20144.0,46451.0
2464817-B,3,5,5,0.028931714594364166,110353.0,38658.0
2464817-B,3,10,1,0.06213603541254997,93969.0,50946.0
2464817-B,3,10,2,0.04818157106637955,24240.0,46451.0
2464817-B,3,10,3,0.029270697385072708,28336.0,62835.0
2464817-B,3,10,4,0.02917473390698433,20144.0,46451.0
2464817-B,3,10,5,0.028931714594364166,110353.0,38658.0
2464817-B,3,10,6,0.02697707898914814,106257.0,50946.0
2464817-B,3,10,7,0.02664540521800518,11952.0,54643.0
2464817-B,3,10,8,0.025178570300340652,16048.0,50547.0
2464817-B,3,10,9,0.02306629717350006,24240.0,71027.0
2464817-B,3,10,10,0.02156738191843033,32432.0,34163.0
2465367-B3,3,3,1,0.15005485713481903,101909.0,39040.0
2465367-B3,3,3,2,0.09443430602550507,28288.0,42656.0
2465367-B3,3,3,3,0.0886983722448349,97813.0,39040.0
2465367-B3,3,5,1,0.15005485713481903,101909.0,39040.0
2465367-B3,3,5,2,0.09443430602550507,28288.0,42656.0
2465367-B3,3,5,3,0.0886983722448349,97813.0,39040.0
2465367-B3,3,5,4,0.058316610753536224,36480.0,38560.0
2465367-B3,3,5,5,0.03408195078372955,24192.0,22176.0
2465367-B3,3,10,1,0.15005485713481903,101909.0,39040.0
2465367-B3,3,10,2,0.09443430602550507,28288.0,42656.0
2465367-B3,3,10,3,0.0886983722448349,97813.0,39040.0
2465367-B3,3,10,4,0.058316610753536224,36480.0,38560.0
2465367-B3,3,10,5,0.03408195078372955,24192.0,22176.0
2465367-B3,3,10,6,0.03307069465517998,32384.0,38560.0
2465367-B3,3,10,7,0.026021398603916168,101909.0,30848.0
2465367-B3,3,10,8,0.02466708980500698,109558.0,57808.0
2465367-B3,3,10,9,0.023313449695706367,32384.0,30368.0
2465367-B3,3,10,10,0.022136006504297256,101909.0,43136.0
2465639-B2,3,3,1,0.20787695050239563,25472.0,27795.0
2465639-B2,3,3,2,0.1525048315525055,85396.0,46755.0
2465639-B2,3,3,3,0.08641636371612549,81300.0,38563.0
2465639-B2,3,5,1,0.20787695050239563,25472.0,27795.0
2465639-B2,3,5,2,0.1525048315525055,85396.0,46755.0
2465639-B2,3,5,3,0.08641636371612549,81300.0,38563.0
2465639-B2,3,5,4,0.03157580643892288,21376.0,23699.0
2465639-B2,3,5,5,0.02652169018983841,81300.0,42659.0
2465639-B2,3,10,1,0.20787695050239563,25472.0,27795.0
2465639-B2,3,10,2,0.1525048315525055,85396.0,46755.0
2465639-B2,3,10,3,0.08641636371612549,81300.0,38563.0
2465639-B2,3,10,4,0.03157580643892288,21376.0,23699.0
2465639-B2,3,10,5,0.02652169018983841,81300.0,42659.0
2465639-B2,3,10,6,0.021413974463939667,85396.0,42659.0
2465639-B2,3,10,7,0.020282765850424767,89492.0,26275.0
2465639-B2,3,10,8,0.01781979203224182,21376.0,48275.0
2465639-B2,3,10,9,0.01638925075531006,89492.0,22179.0
2465639-B2,3,10,10,0.014842498116195202,17280.0,40083.0
2465795-B4,3,3,1,0.10680472105741501,57120.0,29344.0
2465795-B4,3,3,2,0.07341085374355316,57120.0,37536.0
2465795-B4,3,3,3,0.057851798832416534,109157.0,46112.0
2465795-B4,3,5,1,0.10680472105741501,57120.0,29344.0
2465795-B4,3,5,2,0.07341085374355316,57120.0,37536.0
2465795-B4,3,5,3,0.057851798832416534,109157.0,46112.0
2465795-B4,3,5,4,0.03962764889001846,61216.0,58016.0
2465795-B4,3,5,5,0.030740760266780853,44832.0,25248.0
2465795-B4,3,10,1,0.10680472105741501,57120.0,29344.0
2465795-B4,3,10,2,0.07341085374355316,57120.0,37536.0
2465795-B4,3,10,3,0.057851798832416534,109157.0,46112.0
2465795-B4,3,10,4,0.03962764889001846,61216.0,58016.0
2465795-B4,3,10,5,0.030740760266780853,44832.0,25248.0
2465795-B4,3,10,6,0.028365204110741615,133733.0,25632.0
2465795-B4,3,10,7,0.019500557333230972,48928.0,29344.0
2465795-B4,3,10,8,0.017948182299733162,57120.0,33440.0
2465795-B4,3,10,9,0.016027607023715973,53024.0,33440.0
2465795-B4,3,10,10,0.014918661676347256,36640.0,41632.0
2466152-B2,3,3,1,0.2622637152671814,16048.0,49601.0
2466152-B2,3,3,2,0.09677261114120483,20144.0,25025.0
2466152-B2,3,3,3,0.03562542051076889,81457.0,45569.0
2466152-B2,3,5,1,0.2622637152671814,16048.0,49601.0
2466152-B2,3,5,2,0.09677261114120483,20144.0,25025.0
2466152-B2,3,5,3,0.03562542051076889,81457.0,45569.0
2466152-B2,3,5,4,0.035466719418764114,81457.0,49665.0
2466152-B2,3,5,5,0.0258198045194149,77361.0,45569.0
2466152-B2,3,10,1,0.2622637152671814,16048.0,49601.0
2466152-B2,3,10,2,0.09677261114120483,20144.0,25025.0
2466152-B2,3,10,3,0.03562542051076889,81457.0,45569.0
2466152-B2,3,10,4,0.035466719418764114,81457.0,49665.0
2466152-B2,3,10,5,0.0258198045194149,77361.0,45569.0
2466152-B2,3,10,6,0.02191416174173355,16048.0,53697.0
2466152-B2,3,10,7,0.020965294912457466,28336.0,49601.0
2466152-B2,3,10,8,0.01671360246837139,24240.0,49601.0
2466152-B2,3,10,9,0.014399932697415352,28336.0,25025.0
2466152-B2,3,10,10,0.013735735788941383,16048.0,57793.0
2466881-B2,3,3,1,0.2186051905155182,103957.0,8192.0
2466881-B2,3,3,2,0.0878434032201767,87573.0,20480.0
2466881-B2,3,3,3,0.03497879207134247,95765.0,28672.0
2466881-B2,3,5,1,0.2186051905155182,103957.0,8192.0
2466881-B2,3,5,2,0.0878434032201767,87573.0,20480.0
2466881-B2,3,5,3,0.03497879207134247,95765.0,28672.0
2466881-B2,3,5,4,0.034277357161045074,20064.0,39936.0
2466881-B2,3,5,5,0.028203655034303665,91669.0,20480.0
2466881-B2,3,10,1,0.2186051905155182,103957.0,8192.0
2466881-B2,3,10,2,0.0878434032201767,87573.0,20480.0
2466881-B2,3,10,3,0.03497879207134247,95765.0,28672.0
2466881-B2,3,10,4,0.034277357161045074,20064.0,39936.0
2466881-B2,3,10,5,0.028203655034303665,91669.0,20480.0
2466881-B2,3,10,6,0.027288200333714485,32352.0,19456.0
2466881-B2,3,10,7,0.02270667999982834,32352.0,15360.0
2466881-B2,3,10,8,0.02079707570374012,32352.0,23552.0
2466881-B2,3,10,9,0.017080945894122124,103957.0,12288.0
2466881-B2,3,10,10,0.015416556037962437,108053.0,12288.0
2468105-B2,3,3,1,0.10200288891792297,24384.0,26688.0
2468105-B2,3,3,2,0.055947769433259964,28480.0,26688.0
2468105-B2,3,3,3,0.05122186616063118,90048.0,28672.0
2468105-B2,3,5,1,0.10200288891792297,24384.0,26688.0
2468105-B2,3,5,2,0.055947769433259964,28480.0,26688.0
2468105-B2,3,5,3,0.05122186616063118,90048.0,28672.0
2468105-B2,3,5,4,0.038830261677503586,102336.0,24576.0
2468105-B2,3,5,5,0.03439231961965561,28480.0,38976.0
2468105-B2,3,10,1,0.10200288891792297,24384.0,26688.0
2468105-B2,3,10,2,0.055947769433259964,28480.0,26688.0
2468105-B2,3,10,3,0.05122186616063118,90048.0,28672.0
2468105-B2,3,10,4,0.038830261677503586,102336.0,24576.0
2468105-B2,3,10,5,0.03439231961965561,28480.0,38976.0
2468105-B2,3,10,6,0.021408356726169586,135104.0,32768.0
2468105-B2,3,10,7,0.021171631291508675,135104.0,36864.0
2468105-B2,3,10,8,0.017253801226615906,98240.0,36864.0
2468105-B2,3,10,9,0.012611673213541508,131008.0,28672.0
2468105-B2,3,10,10,0.010903768241405487,90048.0,36864.0
2468321-B2,3,3,1,0.05852869153022766,20096.0,36053.0
2468321-B2,3,3,2,0.05077429860830307,101073.0,31153.0
2468321-B2,3,3,3,0.047711245715618134,84689.0,18865.0
2468321-B2,3,5,1,0.05852869153022766,20096.0,36053.0
2468321-B2,3,5,2,0.05077429860830307,101073.0,31153.0
2468321-B2,3,5,3,0.047711245715618134,84689.0,18865.0
2468321-B2,3,5,4,0.04590224474668503,96977.0,14769.0
2468321-B2,3,5,5,0.04488127678632736,32384.0,52437.0
2468321-B2,3,10,1,0.05852869153022766,20096.0,36053.0
2468321-B2,3,10,2,0.05077429860830307,101073.0,31153.0
2468321-B2,3,10,3,0.047711245715618134,84689.0,18865.0
2468321-B2,3,10,4,0.04590224474668503,96977.0,14769.0
2468321-B2,3,10,5,0.04488127678632736,32384.0,52437.0
2468321-B2,3,10,6,0.04209408909082413,32384.0,31957.0
2468321-B2,3,10,7,0.04067423567175865,76497.0,18865.0
2468321-B2,3,10,8,0.040483877062797546,84689.0,14769.0
2468321-B2,3,10,9,0.032648395746946335,28288.0,31957.0
2468321-B2,3,10,10,0.028527552261948586,88785.0,10673.0
2469661-B,3,3,1,0.2713738977909088,84680.0,51888.0
2469661-B,3,3,2,0.15384036302566528,84680.0,55984.0
2469661-B,3,3,3,0.04904840886592865,80584.0,51888.0
2469661-B,3,5,1,0.2713738977909088,84680.0,51888.0
2469661-B,3,5,2,0.15384036302566528,84680.0,55984.0
2469661-B,3,5,3,0.04904840886592865,80584.0,51888.0
2469661-B,3,5,4,0.04730858653783798,19889.0,48432.0
2469661-B,3,5,5,0.04244263097643852,15793.0,52528.0
2469661-B,3,10,1,0.2713738977909088,84680.0,51888.0
2469661-B,3,10,2,0.15384036302566528,84680.0,55984.0
2469661-B,3,10,3,0.04904840886592865,80584.0,51888.0
2469661-B,3,10,4,0.04730858653783798,19889.0,48432.0
2469661-B,3,10,5,0.04244263097643852,15793.0,52528.0
2469661-B,3,10,6,0.036997076123952866,84680.0,47792.0
2469661-B,3,10,7,0.03238260746002197,80584.0,47792.0
2469661-B,3,10,8,0.023418601602315903,19889.0,52528.0
2469661-B,3,10,9,0.022450542077422142,80584.0,55984.0
2469661-B,3,10,10,0.019091038033366203,84680.0,60080.0
2469916-B2,3,3,1,0.1343686580657959,51009.0,43121.0
2469916-B2,3,3,2,0.11003587394952774,61586.0,30273.0
2469916-B2,3,3,3,0.04808298125863075,129605.0,28674.0
2469916-B2,3,5,1,0.1343686580657959,51009.0,43121.0
2469916-B2,3,5,2,0.11003587394952774,61586.0,30273.0
2469916-B2,3,5,3,0.04808298125863075,129605.0,28674.0
2469916-B2,3,5,4,0.04385577514767647,55105.0,43121.0
2469916-B2,3,5,5,0.03874024748802185,129605.0,36866.0
2469916-B2,3,10,1,0.1343686580657959,51009.0,43121.0
2469916-B2,3,10,2,0.11003587394952774,61586.0,30273.0
2469916-B2,3,10,3,0.04808298125863075,129605.0,28674.0
2469916-B2,3,10,4,0.04385577514767647,55105.0,43121.0
2469916-B2,3,10,5,0.03874024748802185,129605.0,36866.0
2469916-B2,3,10,6,0.038690950721502304,121413.0,32770.0
2469916-B2,3,10,7,0.02773338556289673,129605.0,40962.0
2469916-B2,3,10,8,0.02311057411134243,51009.0,55409.0
2469916-B2,3,10,9,0.022324122488498688,125509.0,40962.0
2469916-B2,3,10,10,0.020917892456054688,125509.0,28674.0
2469965-B2,3,3,1,0.1749819964170456,120277.0,15360.0
2469965-B2,3,3,2,0.05943450704216957,38608.0,32576.0
2469965-B2,3,3,3,0.05772458389401436,42704.0,36672.0
2469965-B2,3,5,1,0.1749819964170456,120277.0,15360.0
2469965-B2,3,5,2,0.05943450704216957,38608.0,32576.0
2469965-B2,3,5,3,0.05772458389401436,42704.0,36672.0
2469965-B2,3,5,4,0.0377541221678257,116181.0,44032.0
2469965-B2,3,5,5,0.031605225056409836,22224.0,12096.0
2469965-B2,3,10,1,0.1749819964170456,120277.0,15360.0
2469965-B2,3,10,2,0.05943450704216957,38608.0,32576.0
2469965-B2,3,10,3,0.05772458389401436,42704.0,36672.0
2469965-B2,3,10,4,0.0377541221678257,116181.0,44032.0
2469965-B2,3,10,5,0.031605225056409836,22224.0,12096.0
2469965-B2,3,10,6,0.021030066534876823,42704.0,32576.0
2469965-B2,3,10,7,0.020282335579395294,87509.0,39936.0
2469965-B2,3,10,8,0.01876288279891014,38608.0,28480.0
2469965-B2,3,10,9,0.015848729759454727,116181.0,15360.0
2469965-B2,3,10,10,0.014861077070236206,95701.0,7168.0
2470405-B2,3,3,1,0.09506163001060486,17441.0,34369.0
2470405-B2,3,3,2,0.0816536694765091,33825.0,54849.0
2470405-B2,3,3,3,0.05550190806388855,25633.0,46657.0
2470405-B2,3,5,1,0.09506163001060486,17441.0,34369.0
2470405-B2,3,5,2,0.0816536694765091,33825.0,54849.0
2470405-B2,3,5,3,0.05550190806388855,25633.0,46657.0
2470405-B2,3,5,4,0.0403335802257061,85544.0,36641.0
2470405-B2,3,5,5,0.02538199909031391,46113.0,42561.0
2470405-B2,3,10,1,0.09506163001060486,17441.0,34369.0
2470405-B2,3,10,2,0.0816536694765091,33825.0,54849.0
2470405-B2,3,10,3,0.05550190806388855,25633.0,46657.0
2470405-B2,3,10,4,0.0403335802257061,85544.0,36641.0
2470405-B2,3,10,5,0.02538199909031391,46113.0,42561.0
2470405-B2,3,10,6,0.019755013287067413,42017.0,22081.0
2470405-B2,3,10,7,0.019310209900140762,106024.0,57121.0
2470405-B2,3,10,8,0.017394689843058586,29729.0,22081.0
2470405-B2,3,10,9,0.016849569976329803,33825.0,22081.0
2470405-B2,3,10,10,0.01487392745912075,97832.0,57121.0
2471887-B,3,3,1,0.09385538846254349,20176.0,28785.0
2471887-B,3,3,2,0.0493549108505249,24272.0,32881.0
2471887-B,3,3,3,0.042396798729896545,32464.0,16497.0
2471887-B,3,5,1,0.09385538846254349,20176.0,28785.0
2471887-B,3,5,2,0.0493549108505249,24272.0,32881.0
2471887-B,3,5,3,0.042396798729896545,32464.0,16497.0
2471887-B,3,5,4,0.03729550912976265,28368.0,36977.0
2471887-B,3,5,5,0.03140561282634735,11984.0,20593.0
2471887-B,3,10,1,0.09385538846254349,20176.0,28785.0
2471887-B,3,10,2,0.0493549108505249,24272.0,32881.0
2471887-B,3,10,3,0.042396798729896545,32464.0,16497.0
2471887-B,3,10,4,0.03729550912976265,28368.0,36977.0
2471887-B,3,10,5,0.03140561282634735,11984.0,20593.0
2471887-B,3,10,6,0.02628495544195175,16080.0,32881.0
2471887-B,3,10,7,0.025080755352973938,16080.0,36977.0
2471887-B,3,10,8,0.02276998944580555,32464.0,12401.0
2471887-B,3,10,9,0.022095700725913048,40656.0,36977.0
2471887-B,3,10,10,0.017276335507631302,40656.0,24689.0
2472500-B2,3,3,1,0.13648363947868347,90136.0,31377.0
2472500-B2,3,3,2,0.11556117981672287,26017.0,22752.0
2472500-B2,3,3,3,0.07102879136800766,94232.0,35473.0
2472500-B2,3,5,1,0.13648363947868347,90136.0,31377.0
2472500-B2,3,5,2,0.11556117981672287,26017.0,22752.0
2472500-B2,3,5,3,0.07102879136800766,94232.0,35473.0
2472500-B2,3,5,4,0.037637859582901,21921.0,30944.0
2472500-B2,3,5,5,0.031472377479076385,26017.0,30944.0
2472500-B2,3,10,1,0.13648363947868347,90136.0,31377.0
2472500-B2,3,10,2,0.11556117981672287,26017.0,22752.0
2472500-B2,3,10,3,0.07102879136800766,94232.0,35473.0
2472500-B2,3,10,4,0.037637859582901,21921.0,30944.0
2472500-B2,3,10,5,0.031472377479076385,26017.0,30944.0
2472500-B2,3,10,6,0.026865344494581223,26017.0,26848.0
2472500-B2,3,10,7,0.025995956733822823,30113.0,30944.0
2472500-B2,3,10,8,0.025799941271543503,94232.0,39569.0
2472500-B2,3,10,9,0.023453304544091225,98328.0,39569.0
2472500-B2,3,10,10,0.02183321863412857,90136.0,35473.0
2472505-B,3,3,1,0.13871045410633087,36480.0,28273.0
2472505-B,3,3,2,0.12458686530590057,36480.0,11889.0
2472505-B,3,3,3,0.061549510806798935,97729.0,18705.0
2472505-B,3,5,1,0.13871045410633087,36480.0,28273.0
2472505-B,3,5,2,0.12458686530590057,36480.0,11889.0
2472505-B,3,5,3,0.061549510806798935,97729.0,18705.0
2472505-B,3,5,4,0.048959046602249146,32384.0,15985.0
2472505-B,3,5,5,0.04155172407627106,97729.0,10513.0
2472505-B,3,10,1,0.13871045410633087,36480.0,28273.0
2472505-B,3,10,2,0.12458686530590057,36480.0,11889.0
2472505-B,3,10,3,0.061549510806798935,97729.0,18705.0
2472505-B,3,10,4,0.048959046602249146,32384.0,15985.0
2472505-B,3,10,5,0.04155172407627106,97729.0,10513.0
2472505-B,3,10,6,0.020084265619516373,97729.0,26897.0
2472505-B,3,10,7,0.019053030759096146,73153.0,30993.0
2472505-B,3,10,8,0.018854372203350067,85441.0,14609.0
2472505-B,3,10,9,0.01865112967789173,73153.0,22801.0
2472505-B,3,10,10,0.01775055006146431,93633.0,10513.0
2472509-B6,3,3,1,0.10893316566944122,44496.0,12737.0
2472509-B6,3,3,2,0.03634621575474739,119168.0,22001.0
2472509-B6,3,3,3,0.030848944559693336,123264.0,22001.0
2472509-B6,3,5,1,0.10893316566944122,44496.0,12737.0
2472509-B6,3,5,2,0.03634621575474739,119168.0,22001.0
2472509-B6,3,5,3,0.030848944559693336,123264.0,22001.0
2472509-B6,3,5,4,0.03052341192960739,52688.0,25025.0
2472509-B6,3,5,5,0.021082095801830292,48592.0,29121.0
2472509-B6,3,10,1,0.10893316566944122,44496.0,12737.0
2472509-B6,3,10,2,0.03634621575474739,119168.0,22001.0
2472509-B6,3,10,3,0.030848944559693336,123264.0,22001.0
2472509-B6,3,10,4,0.03052341192960739,52688.0,25025.0
2472509-B6,3,10,5,0.021082095801830292,48592.0,29121.0
2472509-B6,3,10,6,0.016872089356184006,123264.0,26097.0
2472509-B6,3,10,7,0.016533393412828445,115072.0,13809.0
2472509-B6,3,10,8,0.011970491148531437,119168.0,26097.0
2472509-B6,3,10,9,0.011549122631549835,86400.0,17905.0
2472509-B6,3,10,10,0.010424879379570484,90496.0,17905.0
2474500-B2,3,3,1,0.08049383014440536,24128.0,56208.0
2474500-B2,3,3,2,0.06878797709941864,11840.0,52112.0
2474500-B2,3,3,3,0.047902822494506836,20032.0,48016.0
2474500-B2,3,5,1,0.08049383014440536,24128.0,56208.0
2474500-B2,3,5,2,0.06878797709941864,11840.0,52112.0
2474500-B2,3,5,3,0.047902822494506836,20032.0,48016.0
2474500-B2,3,5,4,0.04566770792007446,78452.0,50032.0
2474500-B2,3,5,5,0.02895614504814148,44608.0,60304.0
2474500-B2,3,10,1,0.08049383014440536,24128.0,56208.0
2474500-B2,3,10,2,0.06878797709941864,11840.0,52112.0
2474500-B2,3,10,3,0.047902822494506836,20032.0,48016.0
2474500-B2,3,10,4,0.04566770792007446,78452.0,50032.0
2474500-B2,3,10,5,0.02895614504814148,44608.0,60304.0
2474500-B2,3,10,6,0.024476177990436554,36416.0,48016.0
2474500-B2,3,10,7,0.02190561778843403,86644.0,54128.0
2474500-B2,3,10,8,0.01792546920478344,82548.0,37744.0
2474500-B2,3,10,9,0.016088493168354034,86644.0,50032.0
2474500-B2,3,10,10,0.013220569118857384,119412.0,66416.0
2474612-B2,3,3,1,0.08495882153511047,99205.0,20144.0
2474612-B2,3,3,2,0.07495202869176865,24144.0,26608.0
2474612-B2,3,3,3,0.07171445339918137,99205.0,24240.0
2474612-B2,3,5,1,0.08495882153511047,99205.0,20144.0
2474612-B2,3,5,2,0.07495202869176865,24144.0,26608.0
2474612-B2,3,5,3,0.07171445339918137,99205.0,24240.0
2474612-B2,3,5,4,0.03677293658256531,123781.0,44720.0
2474612-B2,3,5,5,0.03446335718035698,24144.0,22512.0
2474612-B2,3,10,1,0.08495882153511047,99205.0,20144.0
2474612-B2,3,10,2,0.07495202869176865,24144.0,26608.0
2474612-B2,3,10,3,0.07171445339918137,99205.0,24240.0
2474612-B2,3,10,4,0.03677293658256531,123781.0,44720.0
2474612-B2,3,10,5,0.03446335718035698,24144.0,22512.0
2474612-B2,3,10,6,0.03231062740087509,28240.0,26608.0
2474612-B2,3,10,7,0.028963085263967514,28240.0,34800.0
2474612-B2,3,10,8,0.02178856171667576,40528.0,38896.0
2474612-B2,3,10,9,0.01801534742116928,28240.0,22512.0
2474612-B2,3,10,10,0.01775001548230648,99205.0,32432.0
2474631-B3,3,3,1,0.043952763080596924,109798.0,28464.0
2474631-B3,3,3,2,0.04250179976224899,52434.0,20912.0
2474631-B3,3,3,3,0.03398966044187546,40146.0,29104.0
2474631-B3,3,5,1,0.043952763080596924,109798.0,28464.0
2474631-B3,3,5,2,0.04250179976224899,52434.0,20912.0
2474631-B3,3,5,3,0.03398966044187546,40146.0,29104.0
2474631-B3,3,5,4,0.0325581319630146,138470.0,36656.0
2474631-B3,3,5,5,0.03172973543405533,77010.0,45488.0
2474631-B3,3,10,1,0.043952763080596924,109798.0,28464.0
2474631-B3,3,10,2,0.04250179976224899,52434.0,20912.0
2474631-B3,3,10,3,0.03398966044187546,40146.0,29104.0
2474631-B3,3,10,4,0.0325581319630146,138470.0,36656.0
2474631-B3,3,10,5,0.03172973543405533,77010.0,45488.0
2474631-B3,3,10,6,0.023926150053739548,142566.0,28464.0
2474631-B3,3,10,7,0.023194245994091034,113894.0,28464.0
2474631-B3,3,10,8,0.02023676037788391,138470.0,40752.0
2474631-B3,3,10,9,0.018599580973386765,105702.0,28464.0
2474631-B3,3,10,10,0.01645580679178238,126182.0,20272.0
2474721-B,3,3,1,0.03871052339673042,33904.0,62272.0
2474721-B,3,3,2,0.024460742250084877,29808.0,41792.0
2474721-B,3,3,3,0.022637054324150085,98100.0,35296.0
2474721-B,3,5,1,0.03871052339673042,33904.0,62272.0
2474721-B,3,5,2,0.024460742250084877,29808.0,41792.0
2474721-B,3,5,3,0.022637054324150085,98100.0,35296.0
2474721-B,3,5,4,0.020740780979394913,33904.0,41792.0
2474721-B,3,5,5,0.019981184974312782,110388.0,23008.0
2474721-B,3,10,1,0.03871052339673042,33904.0,62272.0
2474721-B,3,10,2,0.024460742250084877,29808.0,41792.0
2474721-B,3,10,3,0.022637054324150085,98100.0,35296.0
2474721-B,3,10,4,0.020740780979394913,33904.0,41792.0
2474721-B,3,10,5,0.019981184974312782,110388.0,23008.0
2474721-B,3,10,6,0.01585524156689644,58480.0,49984.0
2474721-B,3,10,7,0.015616366639733315,29808.0,37696.0
2474721-B,3,10,8,0.015497567132115364,13424.0,37696.0
2474721-B,3,10,9,0.01522892713546753,102196.0,31200.0
2474721-B,3,10,10,0.01510445587337017,106292.0,59872.0
2474901-B,3,3,1,0.087723508477211,32528.0,19136.0
2474901-B,3,3,2,0.03860751911997795,86232.0,24769.0
2474901-B,3,3,3,0.03455258905887604,24336.0,27328.0
2474901-B,3,5,1,0.087723508477211,32528.0,19136.0
2474901-B,3,5,2,0.03860751911997795,86232.0,24769.0
2474901-B,3,5,3,0.03455258905887604,24336.0,27328.0
2474901-B,3,5,4,0.030545653775334358,36624.0,23232.0
2474901-B,3,5,5,0.025603901594877243,110808.0,32961.0
2474901-B,3,10,1,0.087723508477211,32528.0,19136.0
2474901-B,3,10,2,0.03860751911997795,86232.0,24769.0
2474901-B,3,10,3,0.03455258905887604,24336.0,27328.0
2474901-B,3,10,4,0.030545653775334358,36624.0,23232.0
2474901-B,3,10,5,0.025603901594877243,110808.0,32961.0
2474901-B,3,10,6,0.023773077875375748,102616.0,32961.0
2474901-B,3,10,7,0.02108747512102127,16144.0,27328.0
2474901-B,3,10,8,0.021083977073431015,16144.0,31424.0
2474901-B,3,10,9,0.01896543800830841,40720.0,31424.0
2474901-B,3,10,10,0.018158968538045883,12048.0,31424.0
2475184-B2,3,3,1,0.30893397331237793,19984.0,11040.0
2475184-B2,3,3,2,0.05137034133076668,32272.0,19232.0
2475184-B2,3,3,3,0.05010581016540527,24080.0,27424.0
2475184-B2,3,5,1,0.30893397331237793,19984.0,11040.0
2475184-B2,3,5,2,0.05137034133076668,32272.0,19232.0
2475184-B2,3,5,3,0.05010581016540527,24080.0,27424.0
2475184-B2,3,5,4,0.03230946138501167,15888.0,27424.0
2475184-B2,3,5,5,0.017348382622003555,19984.0,52000.0
2475184-B2,3,10,1,0.30893397331237793,19984.0,11040.0
2475184-B2,3,10,2,0.05137034133076668,32272.0,19232.0
2475184-B2,3,10,3,0.05010581016540527,24080.0,27424.0
2475184-B2,3,10,4,0.03230946138501167,15888.0,27424.0
2475184-B2,3,10,5,0.017348382622003555,19984.0,52000.0
2475184-B2,3,10,6,0.014975793659687042,19984.0,47904.0
2475184-B2,3,10,7,0.01166799571365118,11792.0,52000.0
2475184-B2,3,10,8,0.011213010177016258,24080.0,35616.0
2475184-B2,3,10,9,0.011046742089092731,11792.0,47904.0
2475184-B2,3,10,10,0.01019746158272028,32272.0,43808.0
2476750-B,3,3,1,0.28967252373695374,17488.0,44849.0
2476750-B,3,3,2,0.04856642335653305,81813.0,46769.0
2476750-B,3,3,3,0.02135181427001953,90005.0,54961.0
2476750-B,3,5,1,0.28967252373695374,17488.0,44849.0
2476750-B,3,5,2,0.04856642335653305,81813.0,46769.0
2476750-B,3,5,3,0.02135181427001953,90005.0,54961.0
2476750-B,3,5,4,0.02109357714653015,85909.0,54961.0
2476750-B,3,5,5,0.016396597027778625,25680.0,53041.0
2476750-B,3,10,1,0.28967252373695374,17488.0,44849.0
2476750-B,3,10,2,0.04856642335653305,81813.0,46769.0
2476750-B,3,10,3,0.02135181427001953,90005.0,54961.0
2476750-B,3,10,4,0.02109357714653015,85909.0,54961.0
2476750-B,3,10,5,0.016396597027778625,25680.0,53041.0
2476750-B,3,10,6,0.011586534790694714,21584.0,65329.0
2476750-B,3,10,7,0.011450516059994698,58448.0,48945.0
2476750-B,3,10,8,0.010035660117864609,46160.0,36657.0
2476750-B,3,10,9,0.00934161338955164,21584.0,48945.0
2476750-B,3,10,10,0.008373979479074478,21584.0,40753.0
2476984-B2,3,3,1,0.09342412650585175,15984.0,25121.0
2476984-B2,3,3,2,0.06935743987560272,15984.0,29217.0
2476984-B2,3,3,3,0.06185805797576904,83721.0,37970.0
2476984-B2,3,5,1,0.09342412650585175,15984.0,25121.0
2476984-B2,3,5,2,0.06935743987560272,15984.0,29217.0
2476984-B2,3,5,3,0.06185805797576904,83721.0,37970.0
2476984-B2,3,5,4,0.05921240523457527,87817.0,29778.0
2476984-B2,3,5,5,0.04433174058794975,91913.0,37970.0
2476984-B2,3,10,1,0.09342412650585175,15984.0,25121.0
2476984-B2,3,10,2,0.06935743987560272,15984.0,29217.0
2476984-B2,3,10,3,0.06185805797576904,83721.0,37970.0
2476984-B2,3,10,4,0.05921240523457527,87817.0,29778.0
2476984-B2,3,10,5,0.04433174058794975,91913.0,37970.0
2476984-B2,3,10,6,0.04328574612736702,87817.0,37970.0
2476984-B2,3,10,7,0.023579243570566177,100105.0,37970.0
2476984-B2,3,10,8,0.023135613650083542,32368.0,29217.0
2476984-B2,3,10,9,0.022709686309099197,91913.0,33874.0
2476984-B2,3,10,10,0.022042306140065193,24176.0,29217.0
2477058-B2,3,3,1,0.2931807041168213,24192.0,54656.0
2477058-B2,3,3,2,0.04987739026546478,98228.0,57664.0
2477058-B2,3,3,3,0.043601471930742264,85940.0,37184.0
2477058-B2,3,5,1,0.2931807041168213,24192.0,54656.0
2477058-B2,3,5,2,0.04987739026546478,98228.0,57664.0
2477058-B2,3,5,3,0.043601471930742264,85940.0,37184.0
2477058-B2,3,5,4,0.031440429389476776,98228.0,49472.0
2477058-B2,3,5,5,0.026178378611803055,94132.0,37184.0
2477058-B2,3,10,1,0.2931807041168213,24192.0,54656.0
2477058-B2,3,10,2,0.04987739026546478,98228.0,57664.0
2477058-B2,3,10,3,0.043601471930742264,85940.0,37184.0
2477058-B2,3,10,4,0.031440429389476776,98228.0,49472.0
2477058-B2,3,10,5,0.026178378611803055,94132.0,37184.0
2477058-B2,3,10,6,0.018173402175307274,90036.0,41280.0
2477058-B2,3,10,7,0.015140834264457226,28288.0,46464.0
2477058-B2,3,10,8,0.013658193871378899,102324.0,49472.0
2477058-B2,3,10,9,0.011699016205966473,28288.0,17792.0
2477058-B2,3,10,10,0.011496501974761486,98228.0,53568.0
2477118-B3,3,3,1,0.10826156288385391,18432.0,30578.0
2477118-B3,3,3,2,0.058715179562568665,18432.0,26482.0
2477118-B3,3,3,3,0.04726284742355347,30720.0,22386.0
2477118-B3,3,5,1,0.10826156288385391,18432.0,30578.0
2477118-B3,3,5,2,0.058715179562568665,18432.0,26482.0
2477118-B3,3,5,3,0.04726284742355347,30720.0,22386.0
2477118-B3,3,5,4,0.030999111011624336,22528.0,26482.0
2477118-B3,3,5,5,0.030237022787332535,34816.0,38770.0
2477118-B3,3,10,1,0.10826156288385391,18432.0,30578.0
2477118-B3,3,10,2,0.058715179562568665,18432.0,26482.0
2477118-B3,3,10,3,0.04726284742355347,30720.0,22386.0
2477118-B3,3,10,4,0.030999111011624336,22528.0,26482.0
2477118-B3,3,10,5,0.030237022787332535,34816.0,38770.0
2477118-B3,3,10,6,0.02280626818537712,14336.0,34674.0
2477118-B3,3,10,7,0.020199742168188095,18432.0,34674.0
2477118-B3,3,10,8,0.01887485757470131,96742.0,21281.0
2477118-B3,3,10,9,0.018012626096606255,26624.0,22386.0
2477118-B3,3,10,10,0.01798410154879093,88550.0,25377.0
2477118-B4,3,3,1,0.06838466972112656,28880.0,48865.0
2477118-B4,3,3,2,0.0629563108086586,20688.0,57057.0
2477118-B4,3,3,3,0.04967294633388519,12496.0,36577.0
2477118-B4,3,5,1,0.06838466972112656,28880.0,48865.0
2477118-B4,3,5,2,0.0629563108086586,20688.0,57057.0
2477118-B4,3,5,3,0.04967294633388519,12496.0,36577.0
2477118-B4,3,5,4,0.04178556427359581,95240.0,55808.0
2477118-B4,3,5,5,0.029813457280397415,12496.0,44769.0
2477118-B4,3,10,1,0.06838466972112656,28880.0,48865.0
2477118-B4,3,10,2,0.0629563108086586,20688.0,57057.0
2477118-B4,3,10,3,0.04967294633388519,12496.0,36577.0
2477118-B4,3,10,4,0.04178556427359581,95240.0,55808.0
2477118-B4,3,10,5,0.029813457280397415,12496.0,44769.0
2477118-B4,3,10,6,0.02903088927268982,20688.0,40673.0
2477118-B4,3,10,7,0.024185482412576675,12496.0,40673.0
2477118-B4,3,10,8,0.02219078689813614,78856.0,35328.0
2477118-B4,3,10,9,0.01970302313566208,24784.0,57057.0
2477118-B4,3,10,10,0.01918317936360836,95240.0,27136.0
2477476-B2,3,3,1,0.0728960633277893,28176.0,49185.0
2477476-B2,3,3,2,0.060652099549770355,99413.0,43266.0
2477476-B2,3,3,3,0.028221193701028824,133209.0,2304.0
2477476-B2,3,5,1,0.0728960633277893,28176.0,49185.0
2477476-B2,3,5,2,0.060652099549770355,99413.0,43266.0
2477476-B2,3,5,3,0.028221193701028824,133209.0,2304.0
2477476-B2,3,5,4,0.023326467722654343,28176.0,20513.0
2477476-B2,3,5,5,0.021266773343086243,24080.0,16417.0
2477476-B2,3,10,1,0.0728960633277893,28176.0,49185.0
2477476-B2,3,10,2,0.060652099549770355,99413.0,43266.0
2477476-B2,3,10,3,0.028221193701028824,133209.0,2304.0
2477476-B2,3,10,4,0.023326467722654343,28176.0,20513.0
2477476-B2,3,10,5,0.021266773343086243,24080.0,16417.0
2477476-B2,3,10,6,0.020443417131900787,119893.0,67842.0
2477476-B2,3,10,7,0.017867274582386017,48656.0,61473.0
2477476-B2,3,10,8,0.0176590234041214,103509.0,63746.0
2477476-B2,3,10,9,0.017330307513475418,99413.0,55554.0
2477476-B2,3,10,10,0.014763733372092247,87125.0,35074.0
2477695-B2,3,3,1,0.16568811237812042,40688.0,21201.0
2477695-B2,3,3,2,0.03364098072052002,24304.0,37585.0
2477695-B2,3,3,3,0.031207356601953506,52976.0,58065.0
2477695-B2,3,5,1,0.16568811237812042,40688.0,21201.0
2477695-B2,3,5,2,0.03364098072052002,24304.0,37585.0
2477695-B2,3,5,3,0.031207356601953506,52976.0,58065.0
2477695-B2,3,5,4,0.028871050104498863,28400.0,25297.0
2477695-B2,3,5,5,0.027613386511802673,44784.0,33489.0
2477695-B2,3,10,1,0.16568811237812042,40688.0,21201.0
2477695-B2,3,10,2,0.03364098072052002,24304.0,37585.0
2477695-B2,3,10,3,0.031207356601953506,52976.0,58065.0
2477695-B2,3,10,4,0.028871050104498863,28400.0,25297.0
2477695-B2,3,10,5,0.027613386511802673,44784.0,33489.0
2477695-B2,3,10,6,0.018376989290118217,48880.0,53969.0
2477695-B2,3,10,7,0.018081553280353546,130816.0,58865.0
2477695-B2,3,10,8,0.0168788842856884,130816.0,50673.0
2477695-B2,3,10,9,0.01670033670961857,118528.0,22001.0
2477695-B2,3,10,10,0.015622648410499096,106240.0,46577.0
2477814-B5,3,3,1,0.08468553423881531,16336.0,23025.0
2477814-B5,3,3,2,0.08418133109807968,16336.0,31217.0
2477814-B5,3,3,3,0.08225255459547043,85177.0,23586.0
2477814-B5,3,5,1,0.08468553423881531,16336.0,23025.0
2477814-B5,3,5,2,0.08418133109807968,16336.0,31217.0
2477814-B5,3,5,3,0.08225255459547043,85177.0,23586.0
2477814-B5,3,5,4,0.07569456845521927,89273.0,27682.0
2477814-B5,3,5,5,0.06522032618522644,16336.0,27121.0
2477814-B5,3,10,1,0.08468553423881531,16336.0,23025.0
2477814-B5,3,10,2,0.08418133109807968,16336.0,31217.0
2477814-B5,3,10,3,0.08225255459547043,85177.0,23586.0
2477814-B5,3,10,4,0.07569456845521927,89273.0,27682.0
2477814-B5,3,10,5,0.06522032618522644,16336.0,27121.0
2477814-B5,3,10,6,0.025142589583992958,12240.0,18929.0
2477814-B5,3,10,7,0.02290867082774639,85177.0,27682.0
2477814-B5,3,10,8,0.021849466487765312,16336.0,35313.0
2477814-B5,3,10,9,0.019681090489029884,20432.0,23025.0
2477814-B5,3,10,10,0.018747203052043915,16336.0,18929.0
2481696-B4,3,3,1,0.17955072224140167,79704.0,25120.0
2481696-B4,3,3,2,0.05774882808327675,83800.0,25120.0
2481696-B4,3,3,3,0.054492413997650146,79704.0,29216.0
2481696-B4,3,5,1,0.17955072224140167,79704.0,25120.0
2481696-B4,3,5,2,0.05774882808327675,83800.0,25120.0
2481696-B4,3,5,3,0.054492413997650146,79704.0,29216.0
2481696-B4,3,5,4,0.04697496443986893,29617.0,53264.0
2481696-B4,3,5,5,0.03355397656559944,79704.0,41504.0
2481696-B4,3,10,1,0.17955072224140167,79704.0,25120.0
2481696-B4,3,10,2,0.05774882808327675,83800.0,25120.0
2481696-B4,3,10,3,0.054492413997650146,79704.0,29216.0
2481696-B4,3,10,4,0.04697496443986893,29617.0,53264.0
2481696-B4,3,10,5,0.03355397656559944,79704.0,41504.0
2481696-B4,3,10,6,0.03219258785247803,13233.0,36880.0
2481696-B4,3,10,7,0.03120747208595276,21425.0,28688.0
2481696-B4,3,10,8,0.026166338473558426,17329.0,28688.0
2481696-B4,3,10,9,0.02549755573272705,13233.0,53264.0
2481696-B4,3,10,10,0.020193714648485184,25521.0,40976.0
2481750-B2,3,3,1,0.04230561852455139,20368.0,42577.0
2481750-B2,3,3,2,0.036780886352062225,32656.0,34385.0
2481750-B2,3,3,3,0.03386925533413887,12176.0,50769.0
2481750-B2,3,5,1,0.04230561852455139,20368.0,42577.0
2481750-B2,3,5,2,0.036780886352062225,32656.0,34385.0
2481750-B2,3,5,3,0.03386925533413887,12176.0,50769.0
2481750-B2,3,5,4,0.031607773154973984,44944.0,63057.0
2481750-B2,3,5,5,0.028098884969949722,16272.0,38481.0
2481750-B2,3,10,1,0.04230561852455139,20368.0,42577.0
2481750-B2,3,10,2,0.036780886352062225,32656.0,34385.0
2481750-B2,3,10,3,0.03386925533413887,12176.0,50769.0
2481750-B2,3,10,4,0.031607773154973984,44944.0,63057.0
2481750-B2,3,10,5,0.028098884969949722,16272.0,38481.0
2481750-B2,3,10,6,0.026920780539512634,98149.0,45841.0
2481750-B2,3,10,7,0.023110289126634598,85861.0,45841.0
2481750-B2,3,10,8,0.022690385580062866,110437.0,41745.0
2481750-B2,3,10,9,0.01986965537071228,36752.0,46673.0
2481750-B2,3,10,10,0.01841881312429905,24464.0,30289.0
2482056-B9,3,3,1,0.1433836668729782,40624.0,30609.0
2482056-B9,3,3,2,0.12150123715400696,108628.0,28881.0
2482056-B9,3,3,3,0.06541291624307632,40624.0,26513.0
2482056-B9,3,5,1,0.1433836668729782,40624.0,30609.0
2482056-B9,3,5,2,0.12150123715400696,108628.0,28881.0
2482056-B9,3,5,3,0.06541291624307632,40624.0,26513.0
2482056-B9,3,5,4,0.046737730503082275,104532.0,28881.0
2482056-B9,3,5,5,0.038388606160879135,108628.0,24785.0
2482056-B9,3,10,1,0.1433836668729782,40624.0,30609.0
2482056-B9,3,10,2,0.12150123715400696,108628.0,28881.0
2482056-B9,3,10,3,0.06541291624307632,40624.0,26513.0
2482056-B9,3,10,4,0.046737730503082275,104532.0,28881.0
2482056-B9,3,10,5,0.038388606160879135,108628.0,24785.0
2482056-B9,3,10,6,0.028266172856092453,100436.0,32977.0
2482056-B9,3,10,7,0.024040162563323975,104532.0,24785.0
2482056-B9,3,10,8,0.01923275552690029,96340.0,37073.0
2482056-B9,3,10,9,0.01655345968902111,28336.0,38801.0
2482056-B9,3,10,10,0.016420582309365273,36528.0,26513.0
2482947-B2,3,3,1,0.0749301090836525,88454.0,41984.0
2482947-B2,3,3,2,0.06218024715781212,96646.0,33792.0
2482947-B2,3,3,3,0.044172435998916626,84358.0,29696.0
2482947-B2,3,5,1,0.0749301090836525,88454.0,41984.0
2482947-B2,3,5,2,0.06218024715781212,96646.0,33792.0
2482947-B2,3,5,3,0.044172435998916626,84358.0,29696.0
2482947-B2,3,5,4,0.04027388244867325,20753.0,30768.0
2482947-B2,3,5,5,0.03941069543361664,37137.0,34864.0
2482947-B2,3,10,1,0.0749301090836525,88454.0,41984.0
2482947-B2,3,10,2,0.06218024715781212,96646.0,33792.0
2482947-B2,3,10,3,0.044172435998916626,84358.0,29696.0
2482947-B2,3,10,4,0.04027388244867325,20753.0,30768.0
2482947-B2,3,10,5,0.03941069543361664,37137.0,34864.0
2482947-B2,3,10,6,0.03695369511842728,28945.0,18480.0
2482947-B2,3,10,7,0.03528979420661926,80262.0,29696.0
2482947-B2,3,10,8,0.03189278393983841,33041.0,34864.0
2482947-B2,3,10,9,0.02633093297481537,37137.0,47152.0
2482947-B2,3,10,10,0.02241007797420025,100742.0,41984.0
2482956-B,3,3,1,0.09700196981430054,40161.0,18593.0
2482956-B,3,3,2,0.07664067298173904,40161.0,14497.0
2482956-B,3,3,3,0.0694945901632309,27873.0,18593.0
2482956-B,3,5,1,0.09700196981430054,40161.0,18593.0
2482956-B,3,5,2,0.07664067298173904,40161.0,14497.0
2482956-B,3,5,3,0.0694945901632309,27873.0,18593.0
2482956-B,3,5,4,0.05325677990913391,96758.0,33040.0
2482956-B,3,5,5,0.05166621878743172,96758.0,16656.0
2482956-B,3,10,1,0.09700196981430054,40161.0,18593.0
2482956-B,3,10,2,0.07664067298173904,40161.0,14497.0
2482956-B,3,10,3,0.0694945901632309,27873.0,18593.0
2482956-B,3,10,4,0.05325677990913391,96758.0,33040.0
2482956-B,3,10,5,0.05166621878743172,96758.0,16656.0
2482956-B,3,10,6,0.049395851790905,92662.0,16656.0
2482956-B,3,10,7,0.04270811751484871,100854.0,16656.0
2482956-B,3,10,8,0.04112008213996887,36065.0,18593.0
2482956-B,3,10,9,0.03903770446777344,96758.0,20752.0
2482956-B,3,10,10,0.021260574460029602,31969.0,14497.0
2482992-B,3,3,1,0.0742175355553627,32480.0,42594.0
2482992-B,3,3,2,0.06344527751207352,103634.0,31394.0
2482992-B,3,3,3,0.04701762646436691,28384.0,30306.0
2482992-B,3,5,1,0.0742175355553627,32480.0,42594.0
2482992-B,3,5,2,0.06344527751207352,103634.0,31394.0
2482992-B,3,5,3,0.04701762646436691,28384.0,30306.0
2482992-B,3,5,4,0.029962847009301186,28384.0,38498.0
2482992-B,3,5,5,0.02826007269322872,24288.0,46690.0
2482992-B,3,10,1,0.0742175355553627,32480.0,42594.0
2482992-B,3,10,2,0.06344527751207352,103634.0,31394.0
2482992-B,3,10,3,0.04701762646436691,28384.0,30306.0
2482992-B,3,10,4,0.029962847009301186,28384.0,38498.0
2482992-B,3,10,5,0.02826007269322872,24288.0,46690.0
2482992-B,3,10,6,0.02669532410800457,111826.0,43682.0
2482992-B,3,10,7,0.02637665346264839,28384.0,50786.0
2482992-B,3,10,8,0.024747520685195923,28384.0,42594.0
2482992-B,3,10,9,0.02238692156970501,128210.0,43682.0
2482992-B,3,10,10,0.019445961341261864,107730.0,43682.0
2483363-B3,3,3,1,0.05926012247800827,40688.0,41856.0
2483363-B3,3,3,2,0.05328330770134926,105574.0,33120.0
2483363-B3,3,3,3,0.053025390952825546,117862.0,45408.0
2483363-B3,3,5,1,0.05926012247800827,40688.0,41856.0
2483363-B3,3,5,2,0.05328330770134926,105574.0,33120.0
2483363-B3,3,5,3,0.053025390952825546,117862.0,45408.0
2483363-B3,3,5,4,0.046640217304229736,117862.0,37216.0
2483363-B3,3,5,5,0.044930193573236465,40688.0,33664.0
2483363-B3,3,10,1,0.05926012247800827,40688.0,41856.0
2483363-B3,3,10,2,0.05328330770134926,105574.0,33120.0
2483363-B3,3,10,3,0.053025390952825546,117862.0,45408.0
2483363-B3,3,10,4,0.046640217304229736,117862.0,37216.0
2483363-B3,3,10,5,0.044930193573236465,40688.0,33664.0
2483363-B3,3,10,6,0.03720308095216751,109670.0,37216.0
2483363-B3,3,10,7,0.02696290612220764,36592.0,29568.0
2483363-B3,3,10,8,0.021425914019346237,109670.0,33120.0
2483363-B3,3,10,9,0.020048316568136215,32496.0,33664.0
2483363-B3,3,10,10,0.01891370117664337,28400.0,29568.0
2483862-B2,3,3,1,0.23326179385185242,28512.0,39376.0
2483862-B2,3,3,2,0.0769890621304512,100658.0,47361.0
2483862-B2,3,3,3,0.07192081212997437,96562.0,39169.0
2483862-B2,3,5,1,0.23326179385185242,28512.0,39376.0
2483862-B2,3,5,2,0.0769890621304512,100658.0,47361.0
2483862-B2,3,5,3,0.07192081212997437,96562.0,39169.0
2483862-B2,3,5,4,0.037553977221250534,28512.0,31184.0
2483862-B2,3,5,5,0.027112197130918503,88370.0,39169.0
2483862-B2,3,10,1,0.23326179385185242,28512.0,39376.0
2483862-B2,3,10,2,0.0769890621304512,100658.0,47361.0
2483862-B2,3,10,3,0.07192081212997437,96562.0,39169.0
2483862-B2,3,10,4,0.037553977221250534,28512.0,31184.0
2483862-B2,3,10,5,0.027112197130918503,88370.0,39169.0
2483862-B2,3,10,6,0.01987317018210888,32608.0,35280.0
2483862-B2,3,10,7,0.017734698951244354,92466.0,43265.0
2483862-B2,3,10,8,0.013676063157618046,22000.0,62326.0
2483862-B2,3,10,9,0.012284889817237854,28512.0,47568.0
2483862-B2,3,10,10,0.011841941624879837,36704.0,39376.0
2484209-B2,3,3,1,0.0861736387014389,110102.0,47392.0
2484209-B2,3,3,2,0.06310577690601349,110102.0,22816.0
2484209-B2,3,3,3,0.04584747552871704,101910.0,18720.0
2484209-B2,3,5,1,0.0861736387014389,110102.0,47392.0
2484209-B2,3,5,2,0.06310577690601349,110102.0,22816.0
2484209-B2,3,5,3,0.04584747552871704,101910.0,18720.0
2484209-B2,3,5,4,0.025258295238018036,114198.0,22816.0
2484209-B2,3,5,5,0.01827445812523365,122390.0,39200.0
2484209-B2,3,10,1,0.0861736387014389,110102.0,47392.0
2484209-B2,3,10,2,0.06310577690601349,110102.0,22816.0
2484209-B2,3,10,3,0.04584747552871704,101910.0,18720.0
2484209-B2,3,10,4,0.025258295238018036,114198.0,22816.0
2484209-B2,3,10,5,0.01827445812523365,122390.0,39200.0
2484209-B2,3,10,6,0.0159384086728096,97814.0,22816.0
2484209-B2,3,10,7,0.014820953831076622,25600.0,24160.0
2484209-B2,3,10,8,0.014577982947230339,110102.0,18720.0
2484209-B2,3,10,9,0.013864981010556221,122390.0,43296.0
2484209-B2,3,10,10,0.013850015588104725,50176.0,48736.0
2484220-B3,3,3,1,0.11210128664970398,98803.0,25361.0
2484220-B3,3,3,2,0.04381464421749115,94707.0,33553.0
2484220-B3,3,3,3,0.03929026797413826,98803.0,21265.0
2484220-B3,3,5,1,0.11210128664970398,98803.0,25361.0
2484220-B3,3,5,2,0.04381464421749115,94707.0,33553.0
2484220-B3,3,5,3,0.03929026797413826,98803.0,21265.0
2484220-B3,3,5,4,0.03332463651895523,102899.0,21265.0
2484220-B3,3,5,5,0.02195373922586441,90611.0,41745.0
2484220-B3,3,10,1,0.11210128664970398,98803.0,25361.0
2484220-B3,3,10,2,0.04381464421749115,94707.0,33553.0
2484220-B3,3,10,3,0.03929026797413826,98803.0,21265.0
2484220-B3,3,10,4,0.03332463651895523,102899.0,21265.0
2484220-B3,3,10,5,0.02195373922586441,90611.0,41745.0
2484220-B3,3,10,6,0.01838885433971882,94707.0,21265.0
2484220-B3,3,10,7,0.018019510433077812,40544.0,44449.0
2484220-B3,3,10,8,0.016734691336750984,86515.0,29457.0
2484220-B3,3,10,9,0.016297796741127968,106995.0,29457.0
2484220-B3,3,10,10,0.01605338789522648,86515.0,33553.0
2484228-B,3,3,1,0.05186647176742554,19952.0,61440.0
2484228-B,3,3,2,0.026193570345640182,109107.0,12288.0
2484228-B,3,3,3,0.023846466094255447,96819.0,40960.0
2484228-B,3,5,1,0.05186647176742554,19952.0,61440.0
2484228-B,3,5,2,0.026193570345640182,109107.0,12288.0
2484228-B,3,5,3,0.023846466094255447,96819.0,40960.0
2484228-B,3,5,4,0.021481717005372047,84531.0,69632.0
2484228-B,3,5,5,0.020305396988987923,19952.0,45056.0
2484228-B,3,10,1,0.05186647176742554,19952.0,61440.0
2484228-B,3,10,2,0.026193570345640182,109107.0,12288.0
2484228-B,3,10,3,0.023846466094255447,96819.0,40960.0
2484228-B,3,10,4,0.021481717005372047,84531.0,69632.0
2484228-B,3,10,5,0.020305396988987923,19952.0,45056.0
2484228-B,3,10,6,0.01698543131351471,92723.0,65536.0
2484228-B,3,10,7,0.016461648046970367,24048.0,40960.0
2484228-B,3,10,8,0.016395797953009605,84531.0,36864.0
2484228-B,3,10,9,0.016043636947870255,36336.0,53248.0
2484228-B,3,10,10,0.01535627618432045,113203.0,45056.0
2484301-B2,3,3,1,0.07900706678628922,90980.0,67793.0
2484301-B2,3,3,2,0.03591646999120712,99172.0,47313.0
2484301-B2,3,3,3,0.033158402889966965,28272.0,14912.0
2484301-B2,3,5,1,0.07900706678628922,90980.0,67793.0
2484301-B2,3,5,2,0.03591646999120712,99172.0,47313.0
2484301-B2,3,5,3,0.033158402889966965,28272.0,14912.0
2484301-B2,3,5,4,0.03305915370583534,28272.0,59968.0
2484301-B2,3,5,5,0.02956559509038925,24176.0,47680.0
2484301-B2,3,10,1,0.07900706678628922,90980.0,67793.0
2484301-B2,3,10,2,0.03591646999120712,99172.0,47313.0
2484301-B2,3,10,3,0.033158402889966965,28272.0,14912.0
2484301-B2,3,10,4,0.03305915370583534,28272.0,59968.0
2484301-B2,3,10,5,0.02956559509038925,24176.0,47680.0
2484301-B2,3,10,6,0.027056343853473663,36464.0,43584.0
2484301-B2,3,10,7,0.023147162050008774,11888.0,43584.0
2484301-B2,3,10,8,0.022425580769777298,103268.0,51409.0
2484301-B2,3,10,9,0.018450560048222542,36464.0,23104.0
2484301-B2,3,10,10,0.016750624403357506,90980.0,22737.0
2484463-B2,3,3,1,0.13643455505371094,90066.0,26032.0
2484463-B2,3,3,2,0.08588166534900665,36432.0,19953.0
2484463-B2,3,3,3,0.06733784079551697,94162.0,30128.0
2484463-B2,3,5,1,0.13643455505371094,90066.0,26032.0
2484463-B2,3,5,2,0.08588166534900665,36432.0,19953.0
2484463-B2,3,5,3,0.06733784079551697,94162.0,30128.0
2484463-B2,3,5,4,0.045147791504859924,90066.0,30128.0
2484463-B2,3,5,5,0.030872220173478127,11856.0,36337.0
2484463-B2,3,10,1,0.13643455505371094,90066.0,26032.0
2484463-B2,3,10,2,0.08588166534900665,36432.0,19953.0
2484463-B2,3,10,3,0.06733784079551697,94162.0,30128.0
2484463-B2,3,10,4,0.045147791504859924,90066.0,30128.0
2484463-B2,3,10,5,0.030872220173478127,11856.0,36337.0
2484463-B2,3,10,6,0.028721975162625313,20048.0,36337.0
2484463-B2,3,10,7,0.025865832343697548,28240.0,28145.0
2484463-B2,3,10,8,0.025709237903356552,114642.0,17840.0
2484463-B2,3,10,9,0.019427310675382614,94162.0,17840.0
2484463-B2,3,10,10,0.01747225783765316,32336.0,36337.0
2484883-B2,3,3,1,0.09810450673103333,71778.0,10816.0
2484883-B2,3,3,2,0.05648411810398102,75874.0,39488.0
2484883-B2,3,3,3,0.05635112151503563,75874.0,10816.0
2484883-B2,3,5,1,0.09810450673103333,71778.0,10816.0
2484883-B2,3,5,2,0.05648411810398102,75874.0,39488.0
2484883-B2,3,5,3,0.05635112151503563,75874.0,10816.0
2484883-B2,3,5,4,0.05537624657154083,79970.0,14912.0
2484883-B2,3,5,5,0.04901272431015968,79970.0,19008.0
2484883-B2,3,10,1,0.09810450673103333,71778.0,10816.0
2484883-B2,3,10,2,0.05648411810398102,75874.0,39488.0
2484883-B2,3,10,3,0.05635112151503563,75874.0,10816.0
2484883-B2,3,10,4,0.05537624657154083,79970.0,14912.0
2484883-B2,3,10,5,0.04901272431015968,79970.0,19008.0
2484883-B2,3,10,6,0.030514253303408623,88162.0,39488.0
2484883-B2,3,10,7,0.029922395944595337,32576.0,22576.0
2484883-B2,3,10,8,0.02441192790865898,92258.0,19008.0
2484883-B2,3,10,9,0.021533111110329628,88162.0,47680.0
2484883-B2,3,10,10,0.0214469525963068,79970.0,47680.0
2485059-B2,3,3,1,0.09487675130367279,40576.0,46816.0
2485059-B2,3,3,2,0.05465488135814667,44672.0,42720.0
2485059-B2,3,3,3,0.05295047163963318,28288.0,22240.0
2485059-B2,3,5,1,0.09487675130367279,40576.0,46816.0
2485059-B2,3,5,2,0.05465488135814667,44672.0,42720.0
2485059-B2,3,5,3,0.05295047163963318,28288.0,22240.0
2485059-B2,3,5,4,0.03555384278297424,102673.0,26641.0
2485059-B2,3,5,5,0.027481216937303543,102673.0,22545.0
2485059-B2,3,10,1,0.09487675130367279,40576.0,46816.0
2485059-B2,3,10,2,0.05465488135814667,44672.0,42720.0
2485059-B2,3,10,3,0.05295047163963318,28288.0,22240.0
2485059-B2,3,10,4,0.03555384278297424,102673.0,26641.0
2485059-B2,3,10,5,0.027481216937303543,102673.0,22545.0
2485059-B2,3,10,6,0.027425318956375122,114961.0,43025.0
2485059-B2,3,10,7,0.024578223004937172,40576.0,38624.0
2485059-B2,3,10,8,0.020317260175943375,28288.0,26336.0
2485059-B2,3,10,9,0.019461221992969513,28288.0,18144.0
2485059-B2,3,10,10,0.017885124310851097,110865.0,34833.0
2485635-B2,3,3,1,0.07948236167430878,16016.0,36241.0
2485635-B2,3,3,2,0.0324736014008522,48784.0,28049.0
2485635-B2,3,3,3,0.021852251142263412,99960.0,39233.0
2485635-B2,3,5,1,0.07948236167430878,16016.0,36241.0
2485635-B2,3,5,2,0.0324736014008522,48784.0,28049.0
2485635-B2,3,5,3,0.021852251142263412,99960.0,39233.0
2485635-B2,3,5,4,0.021066762506961823,16016.0,19857.0
2485635-B2,3,5,5,0.018546177074313164,20112.0,40337.0
2485635-B2,3,10,1,0.07948236167430878,16016.0,36241.0
2485635-B2,3,10,2,0.0324736014008522,48784.0,28049.0
2485635-B2,3,10,3,0.021852251142263412,99960.0,39233.0
2485635-B2,3,10,4,0.021066762506961823,16016.0,19857.0
2485635-B2,3,10,5,0.018546177074313164,20112.0,40337.0
2485635-B2,3,10,6,0.018480829894542694,28304.0,48529.0
2485635-B2,3,10,7,0.01765199564397335,99960.0,43329.0
2485635-B2,3,10,8,0.01764296367764473,28304.0,36241.0
2485635-B2,3,10,9,0.017186854034662247,87672.0,39233.0
2485635-B2,3,10,10,0.016650330275297165,24208.0,60817.0
2485803-B2,3,3,1,0.31550905108451843,40736.0,53248.0
2485803-B2,3,3,2,0.02995092235505581,44832.0,16384.0
2485803-B2,3,3,3,0.02466852217912674,48928.0,12288.0
2485803-B2,3,5,1,0.31550905108451843,40736.0,53248.0
2485803-B2,3,5,2,0.02995092235505581,44832.0,16384.0
2485803-B2,3,5,3,0.02466852217912674,48928.0,12288.0
2485803-B2,3,5,4,0.019377319142222404,113400.0,28672.0
2485803-B2,3,5,5,0.017513705417513847,117496.0,36864.0
2485803-B2,3,10,1,0.31550905108451843,40736.0,53248.0
2485803-B2,3,10,2,0.02995092235505581,44832.0,16384.0
2485803-B2,3,10,3,0.02466852217912674,48928.0,12288.0
2485803-B2,3,10,4,0.019377319142222404,113400.0,28672.0
2485803-B2,3,10,5,0.017513705417513847,117496.0,36864.0
2485803-B2,3,10,6,0.013001462444663048,32544.0,24576.0
2485803-B2,3,10,7,0.010919625870883465,105208.0,65536.0
2485803-B2,3,10,8,0.009644336067140102,125688.0,12288.0
2485803-B2,3,10,9,0.009370703250169754,32544.0,40960.0
2485803-B2,3,10,10,0.00834408588707447,109304.0,28672.0
2486197-B2,3,3,1,0.04755072668194771,48336.0,28048.0
2486197-B2,3,3,2,0.046158112585544586,48336.0,56720.0
2486197-B2,3,3,3,0.04245758801698685,44240.0,60816.0
2486197-B2,3,5,1,0.04755072668194771,48336.0,28048.0
2486197-B2,3,5,2,0.046158112585544586,48336.0,56720.0
2486197-B2,3,5,3,0.04245758801698685,44240.0,60816.0
2486197-B2,3,5,4,0.03088587149977684,44240.0,52624.0
2486197-B2,3,5,5,0.028094934299588203,48336.0,32144.0
2486197-B2,3,10,1,0.04755072668194771,48336.0,28048.0
2486197-B2,3,10,2,0.046158112585544586,48336.0,56720.0
2486197-B2,3,10,3,0.04245758801698685,44240.0,60816.0
2486197-B2,3,10,4,0.03088587149977684,44240.0,52624.0
2486197-B2,3,10,5,0.028094934299588203,48336.0,32144.0
2486197-B2,3,10,6,0.027984559535980225,31952.0,28048.0
2486197-B2,3,10,7,0.025691738352179527,44240.0,56720.0
2486197-B2,3,10,8,0.02233201451599598,48336.0,36240.0
2486197-B2,3,10,9,0.02164372056722641,48336.0,48528.0
2486197-B2,3,10,10,0.021607350558042526,106416.0,51152.0
2487143-B,3,3,1,0.3069438934326172,109636.0,38849.0
2487143-B,3,3,2,0.11466792225837708,109636.0,34753.0
2487143-B,3,3,3,0.05412977933883667,41520.0,41025.0
2487143-B,3,5,1,0.3069438934326172,109636.0,38849.0
2487143-B,3,5,2,0.11466792225837708,109636.0,34753.0
2487143-B,3,5,3,0.05412977933883667,41520.0,41025.0
2487143-B,3,5,4,0.030225485563278198,41520.0,36929.0
2487143-B,3,5,5,0.020864902064204216,45616.0,28737.0
2487143-B,3,10,1,0.3069438934326172,109636.0,38849.0
2487143-B,3,10,2,0.11466792225837708,109636.0,34753.0
2487143-B,3,10,3,0.05412977933883667,41520.0,41025.0
2487143-B,3,10,4,0.030225485563278198,41520.0,36929.0
2487143-B,3,10,5,0.020864902064204216,45616.0,28737.0
2487143-B,3,10,6,0.017311127856373787,97348.0,34753.0
2487143-B,3,10,7,0.012124858796596527,45616.0,32833.0
2487143-B,3,10,8,0.011905222199857235,113732.0,30657.0
2487143-B,3,10,9,0.01075657643377781,37424.0,45121.0
2487143-B,3,10,10,0.010119955986738205,41520.0,32833.0
2487651-B,3,3,1,0.12268833816051483,96083.0,16160.0
2487651-B,3,3,2,0.03955283388495445,91987.0,24352.0
2487651-B,3,3,3,0.038843441754579544,87891.0,36640.0
2487651-B,3,5,1,0.12268833816051483,96083.0,16160.0
2487651-B,3,5,2,0.03955283388495445,91987.0,24352.0
2487651-B,3,5,3,0.038843441754579544,87891.0,36640.0
2487651-B,3,5,4,0.028587520122528076,96083.0,24352.0
2487651-B,3,5,5,0.027274783700704575,36704.0,22896.0
2487651-B,3,10,1,0.12268833816051483,96083.0,16160.0
2487651-B,3,10,2,0.03955283388495445,91987.0,24352.0
2487651-B,3,10,3,0.038843441754579544,87891.0,36640.0
2487651-B,3,10,4,0.028587520122528076,96083.0,24352.0
2487651-B,3,10,5,0.027274783700704575,36704.0,22896.0
2487651-B,3,10,6,0.026829976588487625,87891.0,44832.0
2487651-B,3,10,7,0.0268069040030241,100179.0,24352.0
2487651-B,3,10,8,0.02519550733268261,91987.0,40736.0
2487651-B,3,10,9,0.024185676127672195,87891.0,20256.0
2487651-B,3,10,10,0.0235994104295969,100179.0,44832.0
2487664-B2,3,3,1,0.169085294008255,96977.0,14785.0
2487664-B2,3,3,2,0.09365615248680115,88785.0,22977.0
2487664-B2,3,3,3,0.06131419166922569,92881.0,35265.0
2487664-B2,3,5,1,0.169085294008255,96977.0,14785.0
2487664-B2,3,5,2,0.09365615248680115,88785.0,22977.0
2487664-B2,3,5,3,0.06131419166922569,92881.0,35265.0
2487664-B2,3,5,4,0.05988801643252373,19984.0,28484.0
2487664-B2,3,5,5,0.039224546402692795,15888.0,28484.0
2487664-B2,3,10,1,0.169085294008255,96977.0,14785.0
2487664-B2,3,10,2,0.09365615248680115,88785.0,22977.0
2487664-B2,3,10,3,0.06131419166922569,92881.0,35265.0
2487664-B2,3,10,4,0.05988801643252373,19984.0,28484.0
2487664-B2,3,10,5,0.039224546402692795,15888.0,28484.0
2487664-B2,3,10,6,0.03657980263233185,92881.0,27073.0
2487664-B2,3,10,7,0.030813924968242645,88785.0,27073.0
2487664-B2,3,10,8,0.028173111379146576,96977.0,22977.0
2487664-B2,3,10,9,0.02390202507376671,96977.0,27073.0
2487664-B2,3,10,10,0.01854892447590828,19984.0,32580.0
2487896-B2,3,3,1,0.1845926195383072,37680.0,38563.0
2487896-B2,3,3,2,0.13989710807800293,93395.0,48146.0
2487896-B2,3,3,3,0.04892084002494812,33584.0,46755.0
2487896-B2,3,5,1,0.1845926195383072,37680.0,38563.0
2487896-B2,3,5,2,0.13989710807800293,93395.0,48146.0
2487896-B2,3,5,3,0.04892084002494812,33584.0,46755.0
2487896-B2,3,5,4,0.03278956934809685,17200.0,54947.0
2487896-B2,3,5,5,0.02868761122226715,93395.0,35858.0
2487896-B2,3,10,1,0.1845926195383072,37680.0,38563.0
2487896-B2,3,10,2,0.13989710807800293,93395.0,48146.0
2487896-B2,3,10,3,0.04892084002494812,33584.0,46755.0
2487896-B2,3,10,4,0.03278956934809685,17200.0,54947.0
2487896-B2,3,10,5,0.02868761122226715,93395.0,35858.0
2487896-B2,3,10,6,0.023010481148958206,105683.0,52242.0
2487896-B2,3,10,7,0.018873505294322968,89299.0,48146.0
2487896-B2,3,10,8,0.01877392828464508,118166.0,78266.0
2487896-B2,3,10,9,0.0187399759888649,97491.0,35858.0
2487896-B2,3,10,10,0.018344420939683914,117670.0,5648.0
2487941-B2,3,3,1,0.11929471790790558,18945.0,59313.0
2487941-B2,3,3,2,0.11920680850744247,67896.0,51025.0
2487941-B2,3,3,3,0.061296943575143814,67896.0,55121.0
2487941-B2,3,5,1,0.11929471790790558,18945.0,59313.0
2487941-B2,3,5,2,0.11920680850744247,67896.0,51025.0
2487941-B2,3,5,3,0.061296943575143814,67896.0,55121.0
2487941-B2,3,5,4,0.04122607782483101,18945.0,51121.0
2487941-B2,3,5,5,0.03582590073347092,76088.0,38737.0
2487941-B2,3,10,1,0.11929471790790558,18945.0,59313.0
2487941-B2,3,10,2,0.11920680850744247,67896.0,51025.0
2487941-B2,3,10,3,0.061296943575143814,67896.0,55121.0
2487941-B2,3,10,4,0.04122607782483101,18945.0,51121.0
2487941-B2,3,10,5,0.03582590073347092,76088.0,38737.0
2487941-B2,3,10,6,0.035146359354257584,18945.0,38833.0
2487941-B2,3,10,7,0.032390762120485306,27137.0,42929.0
2487941-B2,3,10,8,0.024311356246471405,18945.0,26545.0
2487941-B2,3,10,9,0.022856460884213448,35329.0,51121.0
2487941-B2,3,10,10,0.0194675512611866,23041.0,59313.0
2488044-B2,3,3,1,0.09398522973060608,36736.0,58657.0
2488044-B2,3,3,2,0.062157727777957916,99393.0,33904.0
2488044-B2,3,3,3,0.05585296079516411,95297.0,33904.0
2488044-B2,3,5,1,0.09398522973060608,36736.0,58657.0
2488044-B2,3,5,2,0.062157727777957916,99393.0,33904.0
2488044-B2,3,5,3,0.05585296079516411,95297.0,33904.0
2488044-B2,3,5,4,0.04667036980390549,95297.0,46192.0
2488044-B2,3,5,5,0.03112099878489971,36736.0,54561.0
2488044-B2,3,10,1,0.09398522973060608,36736.0,58657.0
2488044-B2,3,10,2,0.062157727777957916,99393.0,33904.0
2488044-B2,3,10,3,0.05585296079516411,95297.0,33904.0
2488044-B2,3,10,4,0.04667036980390549,95297.0,46192.0
2488044-B2,3,10,5,0.03112099878489971,36736.0,54561.0
2488044-B2,3,10,6,0.02304450236260891,32640.0,42273.0
2488044-B2,3,10,7,0.020884666591882706,95297.0,50288.0
2488044-B2,3,10,8,0.020598528906702995,139491.0,70951.0
2488044-B2,3,10,9,0.019146837294101715,32640.0,58657.0
2488044-B2,3,10,10,0.015853453427553177,20352.0,42273.0
2488477-B2,3,3,1,0.10458438098430634,96001.0,28225.0
2488477-B2,3,3,2,0.07398966699838638,96001.0,15937.0
2488477-B2,3,3,3,0.038515716791152954,32464.0,18944.0
2488477-B2,3,5,1,0.10458438098430634,96001.0,28225.0
2488477-B2,3,5,2,0.07398966699838638,96001.0,15937.0
2488477-B2,3,5,3,0.038515716791152954,32464.0,18944.0
2488477-B2,3,5,4,0.03241528570652008,91905.0,24129.0
2488477-B2,3,5,5,0.030915506184101105,32464.0,23040.0
2488477-B2,3,10,1,0.10458438098430634,96001.0,28225.0
2488477-B2,3,10,2,0.07398966699838638,96001.0,15937.0
2488477-B2,3,10,3,0.038515716791152954,32464.0,18944.0
2488477-B2,3,10,4,0.03241528570652008,91905.0,24129.0
2488477-B2,3,10,5,0.030915506184101105,32464.0,23040.0
2488477-B2,3,10,6,0.028573470190167427,28368.0,23040.0
2488477-B2,3,10,7,0.027608098462224007,28368.0,10752.0
2488477-B2,3,10,8,0.02645469270646572,108289.0,40513.0
2488477-B2,3,10,9,0.022927064448595047,112385.0,40513.0
2488477-B2,3,10,10,0.02025054395198822,20176.0,31232.0
2488806-B2,3,3,1,0.06550586223602295,104160.0,51937.0
2488806-B2,3,3,2,0.05327355116605759,95968.0,31457.0
2488806-B2,3,3,3,0.033948201686143875,91872.0,56033.0
2488806-B2,3,5,1,0.06550586223602295,104160.0,51937.0
2488806-B2,3,5,2,0.05327355116605759,95968.0,31457.0
2488806-B2,3,5,3,0.033948201686143875,91872.0,56033.0
2488806-B2,3,5,4,0.024049725383520126,95968.0,51937.0
2488806-B2,3,5,5,0.020949741825461388,32272.0,59330.0
2488806-B2,3,10,1,0.06550586223602295,104160.0,51937.0
2488806-B2,3,10,2,0.05327355116605759,95968.0,31457.0
2488806-B2,3,10,3,0.033948201686143875,91872.0,56033.0
2488806-B2,3,10,4,0.024049725383520126,95968.0,51937.0
2488806-B2,3,10,5,0.020949741825461388,32272.0,59330.0
2488806-B2,3,10,6,0.017786722630262375,108256.0,27361.0
2488806-B2,3,10,7,0.017324168235063553,24080.0,59330.0
2488806-B2,3,10,8,0.017065728083252907,36368.0,38850.0
2488806-B2,3,10,9,0.017060497775673866,116448.0,31457.0
2488806-B2,3,10,10,0.016293805092573166,100064.0,23265.0
2488916-B2,3,3,1,0.06635579466819763,114225.0,37489.0
2488916-B2,3,3,2,0.06341692805290222,41040.0,48608.0
2488916-B2,3,3,3,0.031096233054995537,45136.0,44512.0
2488916-B2,3,5,1,0.06635579466819763,114225.0,37489.0
2488916-B2,3,5,2,0.06341692805290222,41040.0,48608.0
2488916-B2,3,5,3,0.031096233054995537,45136.0,44512.0
2488916-B2,3,5,4,0.029168959707021713,126513.0,45681.0
2488916-B2,3,5,5,0.022961176931858063,41040.0,44512.0
2488916-B2,3,10,1,0.06635579466819763,114225.0,37489.0
2488916-B2,3,10,2,0.06341692805290222,41040.0,48608.0
2488916-B2,3,10,3,0.031096233054995537,45136.0,44512.0
2488916-B2,3,10,4,0.029168959707021713,126513.0,45681.0
2488916-B2,3,10,5,0.022961176931858063,41040.0,44512.0
2488916-B2,3,10,6,0.018376503139734268,122417.0,45681.0
2488916-B2,3,10,7,0.01756921410560608,122417.0,49777.0
2488916-B2,3,10,8,0.01687290333211422,134705.0,57969.0
2488916-B2,3,10,9,0.015446426346898079,49232.0,69088.0
2488916-B2,3,10,10,0.01518451888114214,114225.0,33393.0
25012148B4,3,3,1,0.07242975383996964,92739.0,35920.0
25012148B4,3,3,2,0.060210712254047394,24016.0,35248.0
25012148B4,3,3,3,0.051632389426231384,105027.0,40016.0
25012148B4,3,5,1,0.07242975383996964,92739.0,35920.0
25012148B4,3,5,2,0.060210712254047394,24016.0,35248.0
25012148B4,3,5,3,0.051632389426231384,105027.0,40016.0
25012148B4,3,5,4,0.048296213150024414,113219.0,35920.0
25012148B4,3,5,5,0.0476575531065464,56784.0,47536.0
25012148B4,3,10,1,0.07242975383996964,92739.0,35920.0
25012148B4,3,10,2,0.060210712254047394,24016.0,35248.0
25012148B4,3,10,3,0.051632389426231384,105027.0,40016.0
25012148B4,3,10,4,0.048296213150024414,113219.0,35920.0
25012148B4,3,10,5,0.0476575531065464,56784.0,47536.0
25012148B4,3,10,6,0.03613835573196411,105027.0,35920.0
25012148B4,3,10,7,0.031176934018731117,100931.0,35920.0
25012148B4,3,10,8,0.030595269054174423,96835.0,27728.0
25012148B4,3,10,9,0.02976129576563835,28112.0,22960.0
25012148B4,3,10,10,0.019365666434168816,15824.0,27056.0
25012170B4,3,3,1,0.11572479456663132,148704.0,45890.0
25012170B4,3,3,2,0.07347458600997925,152800.0,37698.0
25012170B4,3,3,3,0.04737786203622818,152800.0,41794.0
25012170B4,3,5,1,0.11572479456663132,148704.0,45890.0
25012170B4,3,5,2,0.07347458600997925,152800.0,37698.0
25012170B4,3,5,3,0.04737786203622818,152800.0,41794.0
25012170B4,3,5,4,0.043515644967556,58480.0,52626.0
25012170B4,3,5,5,0.04222044721245766,136416.0,58178.0
25012170B4,3,10,1,0.11572479456663132,148704.0,45890.0
25012170B4,3,10,2,0.07347458600997925,152800.0,37698.0
25012170B4,3,10,3,0.04737786203622818,152800.0,41794.0
25012170B4,3,10,4,0.043515644967556,58480.0,52626.0
25012170B4,3,10,5,0.04222044721245766,136416.0,58178.0
25012170B4,3,10,6,0.02433597669005394,140512.0,58178.0
25012170B4,3,10,7,0.021349918097257614,159552.0,36964.0
25012170B4,3,10,8,0.020408697426319122,152800.0,33602.0
25012170B4,3,10,9,0.020321082323789597,74864.0,48530.0
25012170B4,3,10,10,0.017536621540784836,83056.0,28050.0
25012170B5,3,3,1,0.0787038654088974,115170.0,42801.0
25012170B5,3,3,2,0.05071171000599861,115170.0,38705.0
25012170B5,3,3,3,0.044113241136074066,123362.0,59185.0
25012170B5,3,5,1,0.0787038654088974,115170.0,42801.0
25012170B5,3,5,2,0.05071171000599861,115170.0,38705.0
25012170B5,3,5,3,0.044113241136074066,123362.0,59185.0
25012170B5,3,5,4,0.039654869586229324,111074.0,30513.0
25012170B5,3,5,5,0.037222132086753845,127458.0,30513.0
25012170B5,3,10,1,0.0787038654088974,115170.0,42801.0
25012170B5,3,10,2,0.05071171000599861,115170.0,38705.0
25012170B5,3,10,3,0.044113241136074066,123362.0,59185.0
25012170B5,3,10,4,0.039654869586229324,111074.0,30513.0
25012170B5,3,10,5,0.037222132086753845,127458.0,30513.0
25012170B5,3,10,6,0.026468824595212936,123362.0,30513.0
25012170B5,3,10,7,0.024475039914250374,131554.0,50993.0
25012170B5,3,10,8,0.023534519597887993,111074.0,34609.0
25012170B5,3,10,9,0.019359400495886803,127458.0,59185.0
25012170B5,3,10,10,0.019056685268878937,115170.0,30513.0
25012919B8,3,3,1,0.03971167281270027,128356.0,23249.0
25012919B8,3,3,2,0.03480168804526329,111972.0,47825.0
25012919B8,3,3,3,0.0335746705532074,132452.0,23249.0
25012919B8,3,5,1,0.03971167281270027,128356.0,23249.0
25012919B8,3,5,2,0.03480168804526329,111972.0,47825.0
25012919B8,3,5,3,0.0335746705532074,132452.0,23249.0
25012919B8,3,5,4,0.02555159665644169,124260.0,51921.0
25012919B8,3,5,5,0.02093818038702011,116068.0,47825.0
25012919B8,3,10,1,0.03971167281270027,128356.0,23249.0
25012919B8,3,10,2,0.03480168804526329,111972.0,47825.0
25012919B8,3,10,3,0.0335746705532074,132452.0,23249.0
25012919B8,3,10,4,0.02555159665644169,124260.0,51921.0
25012919B8,3,10,5,0.02093818038702011,116068.0,47825.0
25012919B8,3,10,6,0.020880598574876785,54064.0,53746.0
25012919B8,3,10,7,0.020830078050494194,49968.0,57842.0
25012919B8,3,10,8,0.019465580582618713,128356.0,47825.0
25012919B8,3,10,9,0.01888679526746273,25392.0,33266.0
25012919B8,3,10,10,0.016921071335673332,120164.0,47825.0
25014160B2,3,3,1,0.11845836043357849,104337.0,35280.0
25014160B2,3,3,2,0.109739750623703,12048.0,54193.0
25014160B2,3,3,3,0.05458761006593704,96145.0,35280.0
25014160B2,3,5,1,0.11845836043357849,104337.0,35280.0
25014160B2,3,5,2,0.109739750623703,12048.0,54193.0
25014160B2,3,5,3,0.05458761006593704,96145.0,35280.0
25014160B2,3,5,4,0.04704035073518753,104337.0,31184.0
25014160B2,3,5,5,0.031298235058784485,24336.0,41905.0
25014160B2,3,10,1,0.11845836043357849,104337.0,35280.0
25014160B2,3,10,2,0.109739750623703,12048.0,54193.0
25014160B2,3,10,3,0.05458761006593704,96145.0,35280.0
25014160B2,3,10,4,0.04704035073518753,104337.0,31184.0
25014160B2,3,10,5,0.031298235058784485,24336.0,41905.0
25014160B2,3,10,6,0.024682708084583282,83857.0,51664.0
25014160B2,3,10,7,0.022732872515916824,83857.0,43472.0
25014160B2,3,10,8,0.018576834350824356,92049.0,47568.0
25014160B2,3,10,9,0.018452048301696777,87953.0,31184.0
25014160B2,3,10,10,0.018166108056902885,100241.0,27088.0
25015811B4,3,3,1,0.18871231377124786,112520.0,20240.0
25015811B4,3,3,2,0.06957438588142395,108424.0,32528.0
25015811B4,3,3,3,0.06721368432044983,112520.0,24336.0
25015811B4,3,5,1,0.18871231377124786,112520.0,20240.0
25015811B4,3,5,2,0.06957438588142395,108424.0,32528.0
25015811B4,3,5,3,0.06721368432044983,112520.0,24336.0
25015811B4,3,5,4,0.0401359386742115,49040.0,29024.0
25015811B4,3,5,5,0.03352874144911766,36752.0,45408.0
25015811B4,3,10,1,0.18871231377124786,112520.0,20240.0
25015811B4,3,10,2,0.06957438588142395,108424.0,32528.0
25015811B4,3,10,3,0.06721368432044983,112520.0,24336.0
25015811B4,3,10,4,0.0401359386742115,49040.0,29024.0
25015811B4,3,10,5,0.03352874144911766,36752.0,45408.0
25015811B4,3,10,6,0.028484158217906952,44944.0,37216.0
25015811B4,3,10,7,0.02266421541571617,44944.0,33120.0
25015811B4,3,10,8,0.019523007795214653,49040.0,49504.0
25015811B4,3,10,9,0.018165459856390953,44944.0,29024.0
25015811B4,3,10,10,0.013876538723707199,49040.0,24928.0
25016077B2,3,3,1,0.13717806339263916,28304.0,35440.0
25016077B2,3,3,2,0.0733662098646164,90648.0,35248.0
25016077B2,3,3,3,0.055657655000686646,86552.0,31152.0
25016077B2,3,5,1,0.13717806339263916,28304.0,35440.0
25016077B2,3,5,2,0.0733662098646164,90648.0,35248.0
25016077B2,3,5,3,0.055657655000686646,86552.0,31152.0
25016077B2,3,5,4,0.04824289306998253,74264.0,43440.0
25016077B2,3,5,5,0.033209823071956635,28304.0,19056.0
25016077B2,3,10,1,0.13717806339263916,28304.0,35440.0
25016077B2,3,10,2,0.0733662098646164,90648.0,35248.0
25016077B2,3,10,3,0.055657655000686646,86552.0,31152.0
25016077B2,3,10,4,0.04824289306998253,74264.0,43440.0
25016077B2,3,10,5,0.033209823071956635,28304.0,19056.0
25016077B2,3,10,6,0.029430851340293884,78360.0,14768.0
25016077B2,3,10,7,0.025676442310214043,82456.0,14768.0
25016077B2,3,10,8,0.02137296460568905,82456.0,22960.0
25016077B2,3,10,9,0.019893638789653778,90648.0,18864.0
25016077B2,3,10,10,0.01960989460349083,20112.0,14960.0
25016088B2,3,3,1,0.14237196743488312,99143.0,14832.0
25016088B2,3,3,2,0.0906786099076271,15760.0,35040.0
25016088B2,3,3,3,0.053114812821149826,99143.0,10736.0
25016088B2,3,5,1,0.14237196743488312,99143.0,14832.0
25016088B2,3,5,2,0.0906786099076271,15760.0,35040.0
25016088B2,3,5,3,0.053114812821149826,99143.0,10736.0
25016088B2,3,5,4,0.05028228834271431,15760.0,30944.0
25016088B2,3,5,5,0.0484398677945137,95047.0,27120.0
25016088B2,3,10,1,0.14237196743488312,99143.0,14832.0
25016088B2,3,10,2,0.0906786099076271,15760.0,35040.0
25016088B2,3,10,3,0.053114812821149826,99143.0,10736.0
25016088B2,3,10,4,0.05028228834271431,15760.0,30944.0
25016088B2,3,10,5,0.0484398677945137,95047.0,27120.0
25016088B2,3,10,6,0.029524264857172966,11664.0,26848.0
25016088B2,3,10,7,0.024561749771237373,7568.0,26848.0
25016088B2,3,10,8,0.023176733404397964,36240.0,39136.0
25016088B2,3,10,9,0.012273474596440792,15760.0,14560.0
25016088B2,3,10,10,0.0117337666451931,19856.0,14560.0
25016785B2,3,3,1,0.029645873233675957,16512.0,16384.0
25016785B2,3,3,2,0.022188862785696983,123094.0,38624.0
25016785B2,3,3,3,0.021318994462490082,49280.0,57344.0
25016785B2,3,5,1,0.029645873233675957,16512.0,16384.0
25016785B2,3,5,2,0.022188862785696983,123094.0,38624.0
25016785B2,3,5,3,0.021318994462490082,49280.0,57344.0
25016785B2,3,5,4,0.02098771370947361,106710.0,30432.0
25016785B2,3,5,5,0.02063179202377796,110806.0,26336.0
25016785B2,3,10,1,0.029645873233675957,16512.0,16384.0
25016785B2,3,10,2,0.022188862785696983,123094.0,38624.0
25016785B2,3,10,3,0.021318994462490082,49280.0,57344.0
25016785B2,3,10,4,0.02098771370947361,106710.0,30432.0
25016785B2,3,10,5,0.02063179202377796,110806.0,26336.0
25016785B2,3,10,6,0.01825409010052681,24704.0,16384.0
25016785B2,3,10,7,0.01625455543398857,45184.0,4096.0
25016785B2,3,10,8,0.01498833205550909,41088.0,8192.0
25016785B2,3,10,9,0.014130014926195145,8320.0,57344.0
25016785B2,3,10,10,0.012776591815054417,82134.0,38624.0
25016903B4,3,3,1,0.16752590239048004,87701.0,37952.0
25016903B4,3,3,2,0.05464097112417221,83605.0,37952.0
25016903B4,3,3,3,0.05052322521805763,87701.0,42048.0
25016903B4,3,5,1,0.16752590239048004,87701.0,37952.0
25016903B4,3,5,2,0.05464097112417221,83605.0,37952.0
25016903B4,3,5,3,0.05052322521805763,87701.0,42048.0
25016903B4,3,5,4,0.03983799368143082,24080.0,40577.0
25016903B4,3,5,5,0.02802470326423645,79509.0,42048.0
25016903B4,3,10,1,0.16752590239048004,87701.0,37952.0
25016903B4,3,10,2,0.05464097112417221,83605.0,37952.0
25016903B4,3,10,3,0.05052322521805763,87701.0,42048.0
25016903B4,3,10,4,0.03983799368143082,24080.0,40577.0
25016903B4,3,10,5,0.02802470326423645,79509.0,42048.0
25016903B4,3,10,6,0.02531546726822853,83605.0,54336.0
25016903B4,3,10,7,0.02383660338819027,83605.0,50240.0
25016903B4,3,10,8,0.021419594064354897,79509.0,33856.0
25016903B4,3,10,9,0.018326817080378532,75413.0,58432.0
25016903B4,3,10,10,0.0167023167014122,83605.0,42048.0
25016905B4,3,3,1,0.07455731183290482,80867.0,22865.0
25016905B4,3,3,2,0.07004053890705109,13888.0,23505.0
25016905B4,3,3,3,0.04494446516036987,84963.0,22865.0
25016905B4,3,5,1,0.07455731183290482,80867.0,22865.0
25016905B4,3,5,2,0.07004053890705109,13888.0,23505.0
25016905B4,3,5,3,0.04494446516036987,84963.0,22865.0
25016905B4,3,5,4,0.04171855002641678,17984.0,23505.0
25016905B4,3,5,5,0.04079785197973251,22080.0,23505.0
25016905B4,3,10,1,0.07455731183290482,80867.0,22865.0
25016905B4,3,10,2,0.07004053890705109,13888.0,23505.0
25016905B4,3,10,3,0.04494446516036987,84963.0,22865.0
25016905B4,3,10,4,0.04171855002641678,17984.0,23505.0
25016905B4,3,10,5,0.04079785197973251,22080.0,23505.0
25016905B4,3,10,6,0.037428759038448334,84963.0,31057.0
25016905B4,3,10,7,0.029438108205795288,22080.0,19409.0
25016905B4,3,10,8,0.0280961561948061,89059.0,22865.0
25016905B4,3,10,9,0.025935834273695946,22080.0,27601.0
25016905B4,3,10,10,0.01787698082625866,30272.0,35793.0
25016926B2,3,3,1,0.054982252418994904,157986.0,37153.0
25016926B2,3,3,2,0.053573232144117355,153890.0,33057.0
25016926B2,3,3,3,0.034875012934207916,90593.0,41154.0
25016926B2,3,5,1,0.054982252418994904,157986.0,37153.0
25016926B2,3,5,2,0.053573232144117355,153890.0,33057.0
25016926B2,3,5,3,0.034875012934207916,90593.0,41154.0
25016926B2,3,5,4,0.03228326514363289,94689.0,45250.0
25016926B2,3,5,5,0.029920298606157303,90593.0,53442.0
25016926B2,3,10,1,0.054982252418994904,157986.0,37153.0
25016926B2,3,10,2,0.053573232144117355,153890.0,33057.0
25016926B2,3,10,3,0.034875012934207916,90593.0,41154.0
25016926B2,3,10,4,0.03228326514363289,94689.0,45250.0
25016926B2,3,10,5,0.029920298606157303,90593.0,53442.0
25016926B2,3,10,6,0.029209483414888382,90593.0,37058.0
25016926B2,3,10,7,0.02503933385014534,149794.0,12577.0
25016926B2,3,10,8,0.02401488460600376,162082.0,41249.0
25016926B2,3,10,9,0.02392328344285488,145698.0,33057.0
25016926B2,3,10,10,0.023571737110614777,94689.0,41154.0
25017218B3,3,3,1,0.20656609535217285,92675.0,38817.0
25017218B3,3,3,2,0.09671379625797272,36640.0,39297.0
25017218B3,3,3,3,0.04246687889099121,104963.0,38817.0
25017218B3,3,5,1,0.20656609535217285,92675.0,38817.0
25017218B3,3,5,2,0.09671379625797272,36640.0,39297.0
25017218B3,3,5,3,0.04246687889099121,104963.0,38817.0
25017218B3,3,5,4,0.036086827516555786,96771.0,47009.0
25017218B3,3,5,5,0.02925627864897251,88579.0,38817.0
25017218B3,3,10,1,0.20656609535217285,92675.0,38817.0
25017218B3,3,10,2,0.09671379625797272,36640.0,39297.0
25017218B3,3,10,3,0.04246687889099121,104963.0,38817.0
25017218B3,3,10,4,0.036086827516555786,96771.0,47009.0
25017218B3,3,10,5,0.02925627864897251,88579.0,38817.0
25017218B3,3,10,6,0.02884414605796337,104963.0,42913.0
25017218B3,3,10,7,0.022991374135017395,109059.0,18337.0
25017218B3,3,10,8,0.022458326071500778,36640.0,43393.0
25017218B3,3,10,9,0.015335609205067158,28448.0,27009.0
25017218B3,3,10,10,0.014354249462485313,100867.0,47009.0
25017220B2,3,3,1,0.1538752168416977,11632.0,48640.0
25017220B2,3,3,2,0.08491768687963486,7536.0,65024.0
25017220B2,3,3,3,0.059583328664302826,118035.0,13568.0
25017220B2,3,5,1,0.1538752168416977,11632.0,48640.0
25017220B2,3,5,2,0.08491768687963486,7536.0,65024.0
25017220B2,3,5,3,0.059583328664302826,118035.0,13568.0
25017220B2,3,5,4,0.02870846726000309,36208.0,36352.0
25017220B2,3,5,5,0.020088355988264084,19824.0,24064.0
25017220B2,3,10,1,0.1538752168416977,11632.0,48640.0
25017220B2,3,10,2,0.08491768687963486,7536.0,65024.0
25017220B2,3,10,3,0.059583328664302826,118035.0,13568.0
25017220B2,3,10,4,0.02870846726000309,36208.0,36352.0
25017220B2,3,10,5,0.020088355988264084,19824.0,24064.0
25017220B2,3,10,6,0.017704499885439873,82963.0,21856.0
25017220B2,3,10,7,0.015620196238160133,28016.0,69120.0
25017220B2,3,10,8,0.012902773916721344,52592.0,28160.0
25017220B2,3,10,9,0.010671612806618214,19824.0,28160.0
25017220B2,3,10,10,0.010006115771830082,15728.0,28160.0
25017515B2,3,3,1,0.1560388207435608,24464.0,24737.0
25017515B2,3,3,2,0.0730544850230217,12176.0,41121.0
25017515B2,3,3,3,0.054843805730342865,36752.0,24737.0
25017515B2,3,5,1,0.1560388207435608,24464.0,24737.0
25017515B2,3,5,2,0.0730544850230217,12176.0,41121.0
25017515B2,3,5,3,0.054843805730342865,36752.0,24737.0
25017515B2,3,5,4,0.03921786695718765,32656.0,37025.0
25017515B2,3,5,5,0.034713320434093475,32656.0,24737.0
25017515B2,3,10,1,0.1560388207435608,24464.0,24737.0
25017515B2,3,10,2,0.0730544850230217,12176.0,41121.0
25017515B2,3,10,3,0.054843805730342865,36752.0,24737.0
25017515B2,3,10,4,0.03921786695718765,32656.0,37025.0
25017515B2,3,10,5,0.034713320434093475,32656.0,24737.0
25017515B2,3,10,6,0.025623727589845657,36752.0,37025.0
25017515B2,3,10,7,0.022841667756438255,12176.0,45217.0
25017515B2,3,10,8,0.02156144194304943,16272.0,49313.0
25017515B2,3,10,9,0.01909290999174118,12176.0,37025.0
25017515B2,3,10,10,0.018295060843229294,20368.0,45217.0
25017539B3,3,3,1,0.13134989142417908,77475.0,37058.0
25017539B3,3,3,2,0.07690134644508362,148360.0,44578.0
25017539B3,3,3,3,0.05940952152013779,73379.0,37058.0
25017539B3,3,5,1,0.13134989142417908,77475.0,37058.0
25017539B3,3,5,2,0.07690134644508362,148360.0,44578.0
25017539B3,3,5,3,0.05940952152013779,73379.0,37058.0
25017539B3,3,5,4,0.04193186014890671,65187.0,28866.0
25017539B3,3,5,5,0.028516510501503944,65187.0,32962.0
25017539B3,3,10,1,0.13134989142417908,77475.0,37058.0
25017539B3,3,10,2,0.07690134644508362,148360.0,44578.0
25017539B3,3,10,3,0.05940952152013779,73379.0,37058.0
25017539B3,3,10,4,0.04193186014890671,65187.0,28866.0
25017539B3,3,10,5,0.028516510501503944,65187.0,32962.0
25017539B3,3,10,6,0.02248922735452652,164744.0,52770.0
25017539B3,3,10,7,0.017669392749667168,73379.0,32962.0
25017539B3,3,10,8,0.01562099065631628,61091.0,45250.0
25017539B3,3,10,9,0.013363569974899292,140168.0,28194.0
25017539B3,3,10,10,0.01256194245070219,69283.0,28866.0
25017716B2,3,3,1,0.06566846370697021,101829.0,35216.0
25017716B2,3,3,2,0.058881696313619614,97733.0,39312.0
25017716B2,3,3,3,0.051606304943561554,85445.0,18832.0
25017716B2,3,5,1,0.06566846370697021,101829.0,35216.0
25017716B2,3,5,2,0.058881696313619614,97733.0,39312.0
25017716B2,3,5,3,0.051606304943561554,85445.0,18832.0
25017716B2,3,5,4,0.04055168479681015,97733.0,18832.0
25017716B2,3,5,5,0.034279242157936096,85445.0,22928.0
25017716B2,3,10,1,0.06566846370697021,101829.0,35216.0
25017716B2,3,10,2,0.058881696313619614,97733.0,39312.0
25017716B2,3,10,3,0.051606304943561554,85445.0,18832.0
25017716B2,3,10,4,0.04055168479681015,97733.0,18832.0
25017716B2,3,10,5,0.034279242157936096,85445.0,22928.0
25017716B2,3,10,6,0.029299143701791763,93637.0,22928.0
25017716B2,3,10,7,0.026481758803129196,93637.0,27024.0
25017716B2,3,10,8,0.02311496064066887,32096.0,28656.0
25017716B2,3,10,9,0.02188517153263092,93637.0,18832.0
25017716B2,3,10,10,0.01848251186311245,19808.0,28656.0
25017718B2,3,3,1,0.48885661363601685,161682.0,37025.0
25017718B2,3,3,2,0.016382340341806412,96721.0,36385.0
25017718B2,3,3,3,0.013195518404245377,104913.0,44577.0
25017718B2,3,5,1,0.48885661363601685,161682.0,37025.0
25017718B2,3,5,2,0.016382340341806412,96721.0,36385.0
25017718B2,3,5,3,0.013195518404245377,104913.0,44577.0
25017718B2,3,5,4,0.011108659207820892,153490.0,32929.0
25017718B2,3,5,5,0.011029157787561417,161682.0,24737.0
25017718B2,3,10,1,0.48885661363601685,161682.0,37025.0
25017718B2,3,10,2,0.016382340341806412,96721.0,36385.0
25017718B2,3,10,3,0.013195518404245377,104913.0,44577.0
25017718B2,3,10,4,0.011108659207820892,153490.0,32929.0
25017718B2,3,10,5,0.011029157787561417,161682.0,24737.0
25017718B2,3,10,6,0.010358897037804127,92625.0,32289.0
25017718B2,3,10,7,0.009223596192896366,169874.0,37025.0
25017718B2,3,10,8,0.008472113870084286,92625.0,56865.0
25017718B2,3,10,9,0.008160911500453949,173970.0,37025.0
25017718B2,3,10,10,0.008040697313845158,100817.0,40481.0
25019102B4,3,3,1,0.09103204309940338,133578.0,71624.0
25019102B4,3,3,2,0.0726110190153122,112758.0,34912.0
25019102B4,3,3,3,0.0390639565885067,51056.0,59153.0
25019102B4,3,5,1,0.09103204309940338,133578.0,71624.0
25019102B4,3,5,2,0.0726110190153122,112758.0,34912.0
25019102B4,3,5,3,0.0390639565885067,51056.0,59153.0
25019102B4,3,5,4,0.03477707505226135,63344.0,38673.0
25019102B4,3,5,5,0.026234785094857216,108662.0,55392.0
25019102B4,3,10,1,0.09103204309940338,133578.0,71624.0
25019102B4,3,10,2,0.0726110190153122,112758.0,34912.0
25019102B4,3,10,3,0.0390639565885067,51056.0,59153.0
25019102B4,3,10,4,0.03477707505226135,63344.0,38673.0
25019102B4,3,10,5,0.026234785094857216,108662.0,55392.0
25019102B4,3,10,6,0.02578980103135109,63344.0,46865.0
25019102B4,3,10,7,0.024144256487488747,46960.0,63249.0
25019102B4,3,10,8,0.02100689522922039,133578.0,75720.0
25019102B4,3,10,9,0.018450740724802017,46960.0,46865.0
25019102B4,3,10,10,0.0181120578199625,38768.0,50961.0
25019376B2,3,3,1,0.09568775445222855,112354.0,39056.0
25019376B2,3,3,2,0.0522981658577919,36304.0,37888.0
25019376B2,3,3,3,0.03485669940710068,32208.0,29696.0
25019376B2,3,5,1,0.09568775445222855,112354.0,39056.0
25019376B2,3,5,2,0.0522981658577919,36304.0,37888.0
25019376B2,3,5,3,0.03485669940710068,32208.0,29696.0
25019376B2,3,5,4,0.024945372715592384,116450.0,47248.0
25019376B2,3,5,5,0.023753970861434937,95970.0,14480.0
25019376B2,3,10,1,0.09568775445222855,112354.0,39056.0
25019376B2,3,10,2,0.0522981658577919,36304.0,37888.0
25019376B2,3,10,3,0.03485669940710068,32208.0,29696.0
25019376B2,3,10,4,0.024945372715592384,116450.0,47248.0
25019376B2,3,10,5,0.023753970861434937,95970.0,14480.0
25019376B2,3,10,6,0.015127545222640038,36304.0,33792.0
25019376B2,3,10,7,0.014724446460604668,44496.0,37888.0
25019376B2,3,10,8,0.014354944229125977,112354.0,43152.0
25019376B2,3,10,9,0.014198907651007175,91874.0,14480.0
25019376B2,3,10,10,0.013671446591615677,40400.0,37888.0
25019468B2,3,3,1,0.07981984317302704,90628.0,77332.0
25019468B2,3,3,2,0.049569033086299896,102916.0,73236.0
25019468B2,3,3,3,0.03999960049986839,31968.0,77412.0
25019468B2,3,5,1,0.07981984317302704,90628.0,77332.0
25019468B2,3,5,2,0.049569033086299896,102916.0,73236.0
25019468B2,3,5,3,0.03999960049986839,31968.0,77412.0
25019468B2,3,5,4,0.0364878848195076,102916.0,77332.0
25019468B2,3,5,5,0.030784133821725845,102916.0,65044.0
25019468B2,3,10,1,0.07981984317302704,90628.0,77332.0
25019468B2,3,10,2,0.049569033086299896,102916.0,73236.0
25019468B2,3,10,3,0.03999960049986839,31968.0,77412.0
25019468B2,3,10,4,0.0364878848195076,102916.0,77332.0
25019468B2,3,10,5,0.030784133821725845,102916.0,65044.0
25019468B2,3,10,6,0.026802508160471916,102916.0,56852.0
25019468B2,3,10,7,0.0260646753013134,94724.0,69140.0
25019468B2,3,10,8,0.024454697966575623,19680.0,81508.0
25019468B2,3,10,9,0.02115846797823906,86532.0,44564.0
25019468B2,3,10,10,0.01931491121649742,83604.0,8321.0
25019773B3,3,3,1,0.22868162393569946,90809.0,26993.0
25019773B3,3,3,2,0.1247045174241066,94905.0,31089.0
25019773B3,3,3,3,0.04469320550560951,36241.0,31649.0
25019773B3,3,5,1,0.22868162393569946,90809.0,26993.0
25019773B3,3,5,2,0.1247045174241066,94905.0,31089.0
25019773B3,3,5,3,0.04469320550560951,36241.0,31649.0
25019773B3,3,5,4,0.04210240766406059,90809.0,31089.0
25019773B3,3,5,5,0.03402486816048622,82617.0,35185.0
25019773B3,3,10,1,0.22868162393569946,90809.0,26993.0
25019773B3,3,10,2,0.1247045174241066,94905.0,31089.0
25019773B3,3,10,3,0.04469320550560951,36241.0,31649.0
25019773B3,3,10,4,0.04210240766406059,90809.0,31089.0
25019773B3,3,10,5,0.03402486816048622,82617.0,35185.0
25019773B3,3,10,6,0.03371091187000275,90809.0,39281.0
25019773B3,3,10,7,0.025541145354509354,94905.0,22897.0
25019773B3,3,10,8,0.024512456730008125,86713.0,35185.0
25019773B3,3,10,9,0.023037172853946686,32145.0,27553.0
25019773B3,3,10,10,0.020545925945043564,86713.0,39281.0
25019806B2,3,3,1,0.16122892498970032,88230.0,55411.0
25019806B2,3,3,2,0.07040847092866898,88230.0,59507.0
25019806B2,3,3,3,0.05802150443196297,20064.0,46241.0
25019806B2,3,5,1,0.16122892498970032,88230.0,55411.0
25019806B2,3,5,2,0.07040847092866898,88230.0,59507.0
25019806B2,3,5,3,0.05802150443196297,20064.0,46241.0
25019806B2,3,5,4,0.05760461464524269,84134.0,51315.0
25019806B2,3,5,5,0.04164198040962219,92326.0,63603.0
25019806B2,3,10,1,0.16122892498970032,88230.0,55411.0
25019806B2,3,10,2,0.07040847092866898,88230.0,59507.0
25019806B2,3,10,3,0.05802150443196297,20064.0,46241.0
25019806B2,3,10,4,0.05760461464524269,84134.0,51315.0
25019806B2,3,10,5,0.04164198040962219,92326.0,63603.0
25019806B2,3,10,6,0.034091074019670486,92326.0,51315.0
25019806B2,3,10,7,0.029446670785546303,24160.0,38049.0
25019806B2,3,10,8,0.028996344655752182,88230.0,51315.0
25019806B2,3,10,9,0.02300003543496132,20064.0,38049.0
25019806B2,3,10,10,0.018091367557644844,15968.0,38049.0
25020291B2,3,3,1,0.13022156059741974,41824.0,59026.0
25020291B2,3,3,2,0.06409332901239395,29536.0,34450.0
25020291B2,3,3,3,0.040284112095832825,29536.0,42642.0
25020291B2,3,5,1,0.13022156059741974,41824.0,59026.0
25020291B2,3,5,2,0.06409332901239395,29536.0,34450.0
25020291B2,3,5,3,0.040284112095832825,29536.0,42642.0
25020291B2,3,5,4,0.03890775889158249,33632.0,34450.0
25020291B2,3,5,5,0.034555695950984955,93908.0,33202.0
25020291B2,3,10,1,0.13022156059741974,41824.0,59026.0
25020291B2,3,10,2,0.06409332901239395,29536.0,34450.0
25020291B2,3,10,3,0.040284112095832825,29536.0,42642.0
25020291B2,3,10,4,0.03890775889158249,33632.0,34450.0
25020291B2,3,10,5,0.034555695950984955,93908.0,33202.0
25020291B2,3,10,6,0.03397588059306145,89812.0,29106.0
25020291B2,3,10,7,0.03353012725710869,93908.0,29106.0
25020291B2,3,10,8,0.030625227838754654,29536.0,38546.0
25020291B2,3,10,9,0.025526056066155434,21344.0,30354.0
25020291B2,3,10,10,0.02226586826145649,33632.0,46738.0
25020717B2,3,3,1,0.1106446385383606,113857.0,24609.0
25020717B2,3,3,2,0.07874894142150879,122049.0,20513.0
25020717B2,3,3,3,0.05934379994869232,40352.0,35824.0
25020717B2,3,5,1,0.1106446385383606,113857.0,24609.0
25020717B2,3,5,2,0.07874894142150879,122049.0,20513.0
25020717B2,3,5,3,0.05934379994869232,40352.0,35824.0
25020717B2,3,5,4,0.04063371941447258,48544.0,35824.0
25020717B2,3,5,5,0.024470066651701927,109761.0,36897.0
25020717B2,3,10,1,0.1106446385383606,113857.0,24609.0
25020717B2,3,10,2,0.07874894142150879,122049.0,20513.0
25020717B2,3,10,3,0.05934379994869232,40352.0,35824.0
25020717B2,3,10,4,0.04063371941447258,48544.0,35824.0
25020717B2,3,10,5,0.024470066651701927,109761.0,36897.0
25020717B2,3,10,6,0.024112077429890633,117953.0,45089.0
25020717B2,3,10,7,0.023665878921747208,44448.0,19440.0
25020717B2,3,10,8,0.02326563373208046,128002.0,10576.0
25020717B2,3,10,9,0.020788129419088364,117953.0,40993.0
25020717B2,3,10,10,0.018237579613924026,44448.0,39920.0
25020760B3,3,3,1,0.1506277620792389,112386.0,39280.0
25020760B3,3,3,2,0.06228841841220856,104194.0,26992.0
25020760B3,3,3,3,0.055969879031181335,56608.0,32768.0
25020760B3,3,5,1,0.1506277620792389,112386.0,39280.0
25020760B3,3,5,2,0.06228841841220856,104194.0,26992.0
25020760B3,3,5,3,0.055969879031181335,56608.0,32768.0
25020760B3,3,5,4,0.03491087630391121,40224.0,16384.0
25020760B3,3,5,5,0.02498292364180088,112386.0,47472.0
25020760B3,3,10,1,0.1506277620792389,112386.0,39280.0
25020760B3,3,10,2,0.06228841841220856,104194.0,26992.0
25020760B3,3,10,3,0.055969879031181335,56608.0,32768.0
25020760B3,3,10,4,0.03491087630391121,40224.0,16384.0
25020760B3,3,10,5,0.02498292364180088,112386.0,47472.0
25020760B3,3,10,6,0.020716149359941483,40224.0,20480.0
25020760B3,3,10,7,0.016977598890662193,44320.0,36864.0
25020760B3,3,10,8,0.01607408933341503,104194.0,35184.0
25020760B3,3,10,9,0.015364076942205429,40224.0,24576.0
25020760B3,3,10,10,0.014883083291351795,48416.0,40960.0
25021893B2,3,3,1,0.09507910907268524,36368.0,25264.0
25021893B2,3,3,2,0.04675137251615524,32272.0,45744.0
25021893B2,3,3,3,0.043132759630680084,102403.0,39120.0
25021893B2,3,5,1,0.09507910907268524,36368.0,25264.0
25021893B2,3,5,2,0.04675137251615524,32272.0,45744.0
25021893B2,3,5,3,0.043132759630680084,102403.0,39120.0
25021893B2,3,5,4,0.03336290642619133,94211.0,35024.0
25021893B2,3,5,5,0.029773347079753876,126998.0,65664.0
25021893B2,3,10,1,0.09507910907268524,36368.0,25264.0
25021893B2,3,10,2,0.04675137251615524,32272.0,45744.0
25021893B2,3,10,3,0.043132759630680084,102403.0,39120.0
25021893B2,3,10,4,0.03336290642619133,94211.0,35024.0
25021893B2,3,10,5,0.029773347079753876,126998.0,65664.0
25021893B2,3,10,6,0.0269924309104681,94211.0,43216.0
25021893B2,3,10,7,0.025444388389587402,90115.0,30928.0
25021893B2,3,10,8,0.024853136390447617,48656.0,33456.0
25021893B2,3,10,9,0.024335268884897232,94211.0,39120.0
25021893B2,3,10,10,0.024189792573451996,98307.0,43216.0
25021894B2,3,3,1,0.053026504814624786,16112.0,35025.0
25021894B2,3,3,2,0.03189992532134056,90308.0,19825.0
25021894B2,3,3,3,0.02931697852909565,90308.0,36209.0
25021894B2,3,5,1,0.053026504814624786,16112.0,35025.0
25021894B2,3,5,2,0.03189992532134056,90308.0,19825.0
25021894B2,3,5,3,0.02931697852909565,90308.0,36209.0
25021894B2,3,5,4,0.028027726337313652,98500.0,23921.0
25021894B2,3,5,5,0.02581501007080078,106692.0,36209.0
25021894B2,3,10,1,0.053026504814624786,16112.0,35025.0
25021894B2,3,10,2,0.03189992532134056,90308.0,19825.0
25021894B2,3,10,3,0.02931697852909565,90308.0,36209.0
25021894B2,3,10,4,0.028027726337313652,98500.0,23921.0
25021894B2,3,10,5,0.02581501007080078,106692.0,36209.0
25021894B2,3,10,6,0.022985337302088737,20208.0,35025.0
25021894B2,3,10,7,0.02028488740324974,106692.0,28017.0
25021894B2,3,10,8,0.018947582691907883,86212.0,32113.0
25021894B2,3,10,9,0.018423985689878464,32496.0,14545.0
25021894B2,3,10,10,0.017931878566741943,106692.0,32113.0
25022343B3,3,3,1,0.1338253617286682,99687.0,39344.0
25022343B3,3,3,2,0.06692375242710114,32128.0,43489.0
25022343B3,3,3,3,0.05759197846055031,103783.0,43440.0
25022343B3,3,5,1,0.1338253617286682,99687.0,39344.0
25022343B3,3,5,2,0.06692375242710114,32128.0,43489.0
25022343B3,3,5,3,0.05759197846055031,103783.0,43440.0
25022343B3,3,5,4,0.0523446649312973,111975.0,43440.0
25022343B3,3,5,5,0.032834265381097794,111975.0,47536.0
25022343B3,3,10,1,0.1338253617286682,99687.0,39344.0
25022343B3,3,10,2,0.06692375242710114,32128.0,43489.0
25022343B3,3,10,3,0.05759197846055031,103783.0,43440.0
25022343B3,3,10,4,0.0523446649312973,111975.0,43440.0
25022343B3,3,10,5,0.032834265381097794,111975.0,47536.0
25022343B3,3,10,6,0.022449973970651627,99687.0,47536.0
25022343B3,3,10,7,0.01617978699505329,36224.0,51681.0
25022343B3,3,10,8,0.016058946028351784,91495.0,14768.0
25022343B3,3,10,9,0.01552112028002739,44416.0,51681.0
25022343B3,3,10,10,0.014175646007061005,23936.0,23009.0
25023869B3,3,3,1,0.08836781233549118,83474.0,45234.0
25023869B3,3,3,2,0.08271795511245728,19632.0,63494.0
25023869B3,3,3,3,0.07811737060546875,75715.0,55302.0
25023869B3,3,5,1,0.08836781233549118,83474.0,45234.0
25023869B3,3,5,2,0.08271795511245728,19632.0,63494.0
25023869B3,3,5,3,0.07811737060546875,75715.0,55302.0
25023869B3,3,5,4,0.05775284767150879,120338.0,45234.0
25023869B3,3,5,5,0.04110933840274811,0.0,44995.0
25023869B3,3,10,1,0.08836781233549118,83474.0,45234.0
25023869B3,3,10,2,0.08271795511245728,19632.0,63494.0
25023869B3,3,10,3,0.07811737060546875,75715.0,55302.0
25023869B3,3,10,4,0.05775284767150879,120338.0,45234.0
25023869B3,3,10,5,0.04110933840274811,0.0,44995.0
25023869B3,3,10,6,0.03598588705062866,54802.0,45234.0
25023869B3,3,10,7,0.032069019973278046,118645.0,67752.0
25023869B3,3,10,8,0.028465155512094498,36864.0,44995.0
25023869B3,3,10,9,0.02594076097011566,95762.0,45234.0
25023869B3,3,10,10,0.025284018367528915,75282.0,24754.0
25024142B2,3,3,1,0.12038479000329971,83461.0,23042.0
25024142B2,3,3,2,0.09003341943025589,104230.0,31427.0
25024142B2,3,3,3,0.08044809103012085,100134.0,35523.0
25024142B2,3,5,1,0.12038479000329971,83461.0,23042.0
25024142B2,3,5,2,0.09003341943025589,104230.0,31427.0
25024142B2,3,5,3,0.08044809103012085,100134.0,35523.0
25024142B2,3,5,4,0.04636204242706299,32624.0,32034.0
25024142B2,3,5,5,0.036851223558187485,12144.0,27938.0
25024142B2,3,10,1,0.12038479000329971,83461.0,23042.0
25024142B2,3,10,2,0.09003341943025589,104230.0,31427.0
25024142B2,3,10,3,0.08044809103012085,100134.0,35523.0
25024142B2,3,10,4,0.04636204242706299,32624.0,32034.0
25024142B2,3,10,5,0.036851223558187485,12144.0,27938.0
25024142B2,3,10,6,0.03347311168909073,36720.0,32034.0
25024142B2,3,10,7,0.028305787593126297,36720.0,23842.0
25024142B2,3,10,8,0.024941783398389816,40816.0,36130.0
25024142B2,3,10,9,0.02458311803638935,16240.0,27938.0
25024142B2,3,10,10,0.02255212888121605,100134.0,31427.0
25024698B4,3,3,1,0.06650208681821823,83991.0,53217.0
25024698B4,3,3,2,0.0470074824988842,32288.0,59904.0
25024698B4,3,3,3,0.03883889317512512,75799.0,45025.0
25024698B4,3,5,1,0.06650208681821823,83991.0,53217.0
25024698B4,3,5,2,0.0470074824988842,32288.0,59904.0
25024698B4,3,5,3,0.03883889317512512,75799.0,45025.0
25024698B4,3,5,4,0.03736581653356552,96279.0,61409.0
25024698B4,3,5,5,0.03380139544606209,92183.0,45025.0
25024698B4,3,10,1,0.06650208681821823,83991.0,53217.0
25024698B4,3,10,2,0.0470074824988842,32288.0,59904.0
25024698B4,3,10,3,0.03883889317512512,75799.0,45025.0
25024698B4,3,10,4,0.03736581653356552,96279.0,61409.0
25024698B4,3,10,5,0.03380139544606209,92183.0,45025.0
25024698B4,3,10,6,0.03363139182329178,75799.0,49121.0
25024698B4,3,10,7,0.029652591794729233,11808.0,43520.0
25024698B4,3,10,8,0.027788400650024414,83991.0,57313.0
25024698B4,3,10,9,0.023313282057642937,7712.0,43520.0
25024698B4,3,10,10,0.02267872914671898,24096.0,51712.0
25024878B3,3,3,1,0.07394856214523315,98179.0,29888.0
25024878B3,3,3,2,0.06532644480466843,98179.0,33984.0
25024878B3,3,3,3,0.06390770524740219,37376.0,18256.0
25024878B3,3,5,1,0.07394856214523315,98179.0,29888.0
25024878B3,3,5,2,0.06532644480466843,98179.0,33984.0
25024878B3,3,5,3,0.06390770524740219,37376.0,18256.0
25024878B3,3,5,4,0.05701097846031189,53760.0,51024.0
25024878B3,3,5,5,0.040117084980010986,41472.0,18256.0
25024878B3,3,10,1,0.07394856214523315,98179.0,29888.0
25024878B3,3,10,2,0.06532644480466843,98179.0,33984.0
25024878B3,3,10,3,0.06390770524740219,37376.0,18256.0
25024878B3,3,10,4,0.05701097846031189,53760.0,51024.0
25024878B3,3,10,5,0.040117084980010986,41472.0,18256.0
25024878B3,3,10,6,0.02427031472325325,29184.0,55120.0
25024878B3,3,10,7,0.018394969403743744,25088.0,46928.0
25024878B3,3,10,8,0.018053416162729263,126851.0,42176.0
25024878B3,3,10,9,0.017681989818811417,20992.0,30544.0
25024878B3,3,10,10,0.016320200636982918,53760.0,46928.0
25024982B2,3,3,1,0.09490040689706802,126118.0,35200.0
25024982B2,3,3,2,0.08956883102655411,25120.0,33745.0
25024982B2,3,3,3,0.0832122191786766,105638.0,31104.0
25024982B2,3,5,1,0.09490040689706802,126118.0,35200.0
25024982B2,3,5,2,0.08956883102655411,25120.0,33745.0
25024982B2,3,5,3,0.0832122191786766,105638.0,31104.0
25024982B2,3,5,4,0.04512413218617439,45600.0,33745.0
25024982B2,3,5,5,0.029415182769298553,109734.0,31104.0
25024982B2,3,10,1,0.09490040689706802,126118.0,35200.0
25024982B2,3,10,2,0.08956883102655411,25120.0,33745.0
25024982B2,3,10,3,0.0832122191786766,105638.0,31104.0
25024982B2,3,10,4,0.04512413218617439,45600.0,33745.0
25024982B2,3,10,5,0.029415182769298553,109734.0,31104.0
25024982B2,3,10,6,0.028195764869451523,45600.0,37841.0
25024982B2,3,10,7,0.026476450264453888,122022.0,22912.0
25024982B2,3,10,8,0.021473774686455727,130214.0,43392.0
25024982B2,3,10,9,0.01888366974890232,101542.0,47488.0
25024982B2,3,10,10,0.018488993868231773,122022.0,39296.0
25025096B2,3,3,1,0.09514300525188446,130336.0,45155.0
25025096B2,3,3,2,0.07134036719799042,126240.0,41059.0
25025096B2,3,3,3,0.04951978474855423,126240.0,57443.0
25025096B2,3,5,1,0.09514300525188446,130336.0,45155.0
25025096B2,3,5,2,0.07134036719799042,126240.0,41059.0
25025096B2,3,5,3,0.04951978474855423,126240.0,57443.0
25025096B2,3,5,4,0.022113196551799774,122144.0,45155.0
25025096B2,3,5,5,0.02149989828467369,52400.0,48818.0
25025096B2,3,10,1,0.09514300525188446,130336.0,45155.0
25025096B2,3,10,2,0.07134036719799042,126240.0,41059.0
25025096B2,3,10,3,0.04951978474855423,126240.0,57443.0
25025096B2,3,10,4,0.022113196551799774,122144.0,45155.0
25025096B2,3,10,5,0.02149989828467369,52400.0,48818.0
25025096B2,3,10,6,0.020800407975912094,130336.0,49251.0
25025096B2,3,10,7,0.018969247117638588,40112.0,40626.0
25025096B2,3,10,8,0.01894303783774376,60592.0,61106.0
25025096B2,3,10,9,0.01862417906522751,126240.0,49251.0
25025096B2,3,10,10,0.018382858484983444,134432.0,45155.0
25025102B2,3,3,1,0.16606101393699646,121808.0,36192.0
25025102B2,3,3,2,0.0972922220826149,109520.0,32096.0
25025102B2,3,3,3,0.04595007374882698,113616.0,52576.0
25025102B2,3,5,1,0.16606101393699646,121808.0,36192.0
25025102B2,3,5,2,0.0972922220826149,109520.0,32096.0
25025102B2,3,5,3,0.04595007374882698,113616.0,52576.0
25025102B2,3,5,4,0.034139685332775116,113616.0,36192.0
25025102B2,3,5,5,0.030146170407533646,117712.0,36192.0
25025102B2,3,10,1,0.16606101393699646,121808.0,36192.0
25025102B2,3,10,2,0.0972922220826149,109520.0,32096.0
25025102B2,3,10,3,0.04595007374882698,113616.0,52576.0
25025102B2,3,10,4,0.034139685332775116,113616.0,36192.0
25025102B2,3,10,5,0.030146170407533646,117712.0,36192.0
25025102B2,3,10,6,0.023293398320674896,117712.0,32096.0
25025102B2,3,10,7,0.01903483085334301,28176.0,39616.0
25025102B2,3,10,8,0.01845649816095829,36368.0,35520.0
25025102B2,3,10,9,0.018358252942562103,121808.0,40288.0
25025102B2,3,10,10,0.016651436686515808,113616.0,32096.0
25025509B2,3,3,1,0.09539546072483063,100818.0,54817.0
25025509B2,3,3,2,0.06782913208007812,40304.0,47904.0
25025509B2,3,3,3,0.05701436847448349,48496.0,35616.0
25025509B2,3,5,1,0.09539546072483063,100818.0,54817.0
25025509B2,3,5,2,0.06782913208007812,40304.0,47904.0
25025509B2,3,5,3,0.05701436847448349,48496.0,35616.0
25025509B2,3,5,4,0.056141987442970276,121298.0,58913.0
25025509B2,3,5,5,0.042656198143959045,44400.0,31520.0
25025509B2,3,10,1,0.09539546072483063,100818.0,54817.0
25025509B2,3,10,2,0.06782913208007812,40304.0,47904.0
25025509B2,3,10,3,0.05701436847448349,48496.0,35616.0
25025509B2,3,10,4,0.056141987442970276,121298.0,58913.0
25025509B2,3,10,5,0.042656198143959045,44400.0,31520.0
25025509B2,3,10,6,0.035436078906059265,40304.0,52000.0
25025509B2,3,10,7,0.03013482876121998,129490.0,42529.0
25025509B2,3,10,8,0.022073591127991676,121298.0,54817.0
25025509B2,3,10,9,0.021639524027705193,48496.0,47904.0
25025509B2,3,10,10,0.01546535175293684,19824.0,60192.0
25025567B3,3,3,1,0.1828380972146988,111429.0,45841.0
25025567B3,3,3,2,0.05338699743151665,111429.0,58129.0
25025567B3,3,3,3,0.04822332039475441,107333.0,54033.0
25025567B3,3,5,1,0.1828380972146988,111429.0,45841.0
25025567B3,3,5,2,0.05338699743151665,111429.0,58129.0
25025567B3,3,5,3,0.04822332039475441,107333.0,54033.0
25025567B3,3,5,4,0.02503625862300396,107333.0,49937.0
25025567B3,3,5,5,0.02239120751619339,111429.0,62225.0
25025567B3,3,10,1,0.1828380972146988,111429.0,45841.0
25025567B3,3,10,2,0.05338699743151665,111429.0,58129.0
25025567B3,3,10,3,0.04822332039475441,107333.0,54033.0
25025567B3,3,10,4,0.02503625862300396,107333.0,49937.0
25025567B3,3,10,5,0.02239120751619339,111429.0,62225.0
25025567B3,3,10,6,0.019621921703219414,107333.0,62225.0
25025567B3,3,10,7,0.013787411153316498,111429.0,41745.0
25025567B3,3,10,8,0.013103459030389786,28384.0,38640.0
25025567B3,3,10,9,0.012790613807737827,24288.0,46832.0
25025567B3,3,10,10,0.011682530865073204,107333.0,58129.0
25025570B2,3,3,1,0.07641154527664185,115383.0,49057.0
25025570B2,3,3,2,0.05958794802427292,115383.0,44961.0
25025570B2,3,3,3,0.05657121539115906,111287.0,49057.0
25025570B2,3,5,1,0.07641154527664185,115383.0,49057.0
25025570B2,3,5,2,0.05958794802427292,115383.0,44961.0
25025570B2,3,5,3,0.05657121539115906,111287.0,49057.0
25025570B2,3,5,4,0.03065378963947296,35984.0,44592.0
25025570B2,3,5,5,0.026112321764230728,115383.0,53153.0
25025570B2,3,10,1,0.07641154527664185,115383.0,49057.0
25025570B2,3,10,2,0.05958794802427292,115383.0,44961.0
25025570B2,3,10,3,0.05657121539115906,111287.0,49057.0
25025570B2,3,10,4,0.03065378963947296,35984.0,44592.0
25025570B2,3,10,5,0.026112321764230728,115383.0,53153.0
25025570B2,3,10,6,0.02188011445105076,98999.0,69537.0
25025570B2,3,10,7,0.018121052533388138,56464.0,44592.0
25025570B2,3,10,8,0.017482450231909752,119479.0,49057.0
25025570B2,3,10,9,0.01428951695561409,27792.0,60976.0
25025570B2,3,10,10,0.013538824394345284,103095.0,28577.0
25025788B2,3,3,1,0.05552837997674942,56640.0,30673.0
25025788B2,3,3,2,0.031447336077690125,56640.0,26577.0
25025788B2,3,3,3,0.024692993611097336,130194.0,55009.0
25025788B2,3,5,1,0.05552837997674942,56640.0,30673.0
25025788B2,3,5,2,0.031447336077690125,56640.0,26577.0
25025788B2,3,5,3,0.024692993611097336,130194.0,55009.0
25025788B2,3,5,4,0.024238882586359978,126098.0,50913.0
25025788B2,3,5,5,0.021905604749917984,19776.0,34769.0
25025788B2,3,10,1,0.05552837997674942,56640.0,30673.0
25025788B2,3,10,2,0.031447336077690125,56640.0,26577.0
25025788B2,3,10,3,0.024692993611097336,130194.0,55009.0
25025788B2,3,10,4,0.024238882586359978,126098.0,50913.0
25025788B2,3,10,5,0.021905604749917984,19776.0,34769.0
25025788B2,3,10,6,0.018560267984867096,19776.0,38865.0
25025788B2,3,10,7,0.016961803659796715,48448.0,51153.0
25025788B2,3,10,8,0.016817718744277954,122002.0,55009.0
25025788B2,3,10,9,0.01640743389725685,27968.0,34769.0
25025788B2,3,10,10,0.01627885177731514,64832.0,47057.0
25025953B2,3,3,1,0.16898395121097565,25088.0,31920.0
25025953B2,3,3,2,0.10922050476074219,25088.0,27824.0
25025953B2,3,3,3,0.09721334278583527,37376.0,31920.0
25025953B2,3,5,1,0.16898395121097565,25088.0,31920.0
25025953B2,3,5,2,0.10922050476074219,25088.0,27824.0
25025953B2,3,5,3,0.09721334278583527,37376.0,31920.0
25025953B2,3,5,4,0.03667714446783066,29184.0,31920.0
25025953B2,3,5,5,0.029218554496765137,25088.0,23728.0
25025953B2,3,10,1,0.16898395121097565,25088.0,31920.0
25025953B2,3,10,2,0.10922050476074219,25088.0,27824.0
25025953B2,3,10,3,0.09721334278583527,37376.0,31920.0
25025953B2,3,10,4,0.03667714446783066,29184.0,31920.0
25025953B2,3,10,5,0.029218554496765137,25088.0,23728.0
25025953B2,3,10,6,0.024859633296728134,104320.0,36113.0
25025953B2,3,10,7,0.021689895540475845,57856.0,40112.0
25025953B2,3,10,8,0.01307372935116291,25088.0,19632.0
25025953B2,3,10,9,0.008322769775986671,29184.0,19632.0
25025953B2,3,10,10,0.008314206264913082,29184.0,60592.0
25026075B2,3,3,1,0.10904533416032791,114785.0,31104.0
25026075B2,3,3,2,0.0874229222536087,127073.0,27008.0
25026075B2,3,3,3,0.048424601554870605,127073.0,31104.0
25026075B2,3,5,1,0.10904533416032791,114785.0,31104.0
25026075B2,3,5,2,0.0874229222536087,127073.0,27008.0
25026075B2,3,5,3,0.048424601554870605,127073.0,31104.0
25026075B2,3,5,4,0.04392614960670471,32720.0,33456.0
25026075B2,3,5,5,0.040450528264045715,36816.0,33456.0
25026075B2,3,10,1,0.10904533416032791,114785.0,31104.0
25026075B2,3,10,2,0.0874229222536087,127073.0,27008.0
25026075B2,3,10,3,0.048424601554870605,127073.0,31104.0
25026075B2,3,10,4,0.04392614960670471,32720.0,33456.0
25026075B2,3,10,5,0.040450528264045715,36816.0,33456.0
25026075B2,3,10,6,0.035698987543582916,45008.0,29360.0
25026075B2,3,10,7,0.025913171470165253,122977.0,35200.0
25026075B2,3,10,8,0.0253094881772995,106593.0,31104.0
25026075B2,3,10,9,0.02369576320052147,110689.0,27008.0
25026075B2,3,10,10,0.015028472989797592,127073.0,22912.0
25026291B2,3,3,1,0.04416029900312424,106438.0,27104.0
25026291B2,3,3,2,0.03764934092760086,118726.0,27104.0
25026291B2,3,3,3,0.037551477551460266,122822.0,23008.0
25026291B2,3,5,1,0.04416029900312424,106438.0,27104.0
25026291B2,3,5,2,0.03764934092760086,118726.0,27104.0
25026291B2,3,5,3,0.037551477551460266,122822.0,23008.0
25026291B2,3,5,4,0.025296568870544434,40400.0,26672.0
25026291B2,3,5,5,0.024461114779114723,151494.0,51680.0
25026291B2,3,10,1,0.04416029900312424,106438.0,27104.0
25026291B2,3,10,2,0.03764934092760086,118726.0,27104.0
25026291B2,3,10,3,0.037551477551460266,122822.0,23008.0
25026291B2,3,10,4,0.025296568870544434,40400.0,26672.0
25026291B2,3,10,5,0.024461114779114723,151494.0,51680.0
25026291B2,3,10,6,0.023601524531841278,139206.0,59872.0
25026291B2,3,10,7,0.023572314530611038,126918.0,27104.0
25026291B2,3,10,8,0.02319185622036457,69072.0,51248.0
25026291B2,3,10,9,0.022410068660974503,131014.0,35296.0
25026291B2,3,10,10,0.018704652786254883,131014.0,10720.0
25026669B2,3,3,1,0.15016762912273407,96545.0,42897.0
25026669B2,3,3,2,0.09495946764945984,96545.0,38801.0
25026669B2,3,3,3,0.0571846067905426,28000.0,41985.0
25026669B2,3,5,1,0.15016762912273407,96545.0,42897.0
25026669B2,3,5,2,0.09495946764945984,96545.0,38801.0
25026669B2,3,5,3,0.0571846067905426,28000.0,41985.0
25026669B2,3,5,4,0.042747318744659424,28000.0,46081.0
25026669B2,3,5,5,0.028854485601186752,96545.0,51089.0
25026669B2,3,10,1,0.15016762912273407,96545.0,42897.0
25026669B2,3,10,2,0.09495946764945984,96545.0,38801.0
25026669B2,3,10,3,0.0571846067905426,28000.0,41985.0
25026669B2,3,10,4,0.042747318744659424,28000.0,46081.0
25026669B2,3,10,5,0.028854485601186752,96545.0,51089.0
25026669B2,3,10,6,0.024492749944329262,92449.0,51089.0
25026669B2,3,10,7,0.022263657301664352,28000.0,50177.0
25026669B2,3,10,8,0.019745275378227234,92449.0,38801.0
25026669B2,3,10,9,0.016895798966288567,112929.0,42897.0
25026669B2,3,10,10,0.016280176118016243,92449.0,42897.0
25018584B,3,3,1,0.08984411507844925,111730.0,50704.0
25018584B,3,3,2,0.07987739145755768,36112.0,43440.0
25018584B,3,3,3,0.07017730176448822,40208.0,39344.0
25018584B,3,5,1,0.08984411507844925,111730.0,50704.0
25018584B,3,5,2,0.07987739145755768,36112.0,43440.0
25018584B,3,5,3,0.07017730176448822,40208.0,39344.0
25018584B,3,5,4,0.05017273873090744,115826.0,17936.0
25018584B,3,5,5,0.04046466201543808,115826.0,50704.0
25018584B,3,10,1,0.08984411507844925,111730.0,50704.0
25018584B,3,10,2,0.07987739145755768,36112.0,43440.0
25018584B,3,10,3,0.07017730176448822,40208.0,39344.0
25018584B,3,10,4,0.05017273873090744,115826.0,17936.0
25018584B,3,10,5,0.04046466201543808,115826.0,50704.0
25018584B,3,10,6,0.03930484503507614,44304.0,39344.0
25018584B,3,10,7,0.020097997039556503,86994.0,46976.0
25018584B,3,10,8,0.018869714811444283,36112.0,47536.0
25018584B,3,10,9,0.017992597073316574,128114.0,30224.0
25018584B,3,10,10,0.01725856028497219,119922.0,38416.0
25018592B,3,3,1,0.2400016188621521,74053.0,41585.0
25018592B,3,3,2,0.0854925587773323,15744.0,46786.0
25018592B,3,3,3,0.084901362657547,11648.0,46786.0
25018592B,3,5,1,0.2400016188621521,74053.0,41585.0
25018592B,3,5,2,0.0854925587773323,15744.0,46786.0
25018592B,3,5,3,0.084901362657547,11648.0,46786.0
25018592B,3,5,4,0.07689785957336426,74053.0,57969.0
25018592B,3,5,5,0.049360424280166626,74053.0,45681.0
25018592B,3,10,1,0.2400016188621521,74053.0,41585.0
25018592B,3,10,2,0.0854925587773323,15744.0,46786.0
25018592B,3,10,3,0.084901362657547,11648.0,46786.0
25018592B,3,10,4,0.07689785957336426,74053.0,57969.0
25018592B,3,10,5,0.049360424280166626,74053.0,45681.0
25018592B,3,10,6,0.04831628128886223,15744.0,50882.0
25018592B,3,10,7,0.020417047664523125,74053.0,37489.0
25018592B,3,10,8,0.019211869686841965,74053.0,53873.0
25018592B,3,10,9,0.01657676137983799,15744.0,54978.0
25018592B,3,10,10,0.012046349234879017,69957.0,37489.0
2490844B1,3,3,1,0.07458268105983734,58768.0,40754.0
2490844B1,3,3,2,0.06973638385534286,100946.0,57665.0
2490844B1,3,3,3,0.05084788799285889,46480.0,65330.0
2490844B1,3,5,1,0.07458268105983734,58768.0,40754.0
2490844B1,3,5,2,0.06973638385534286,100946.0,57665.0
2490844B1,3,5,3,0.05084788799285889,46480.0,65330.0
2490844B1,3,5,4,0.04055870324373245,62864.0,48946.0
2490844B1,3,5,5,0.03941792622208595,113234.0,49473.0
2490844B1,3,10,1,0.07458268105983734,58768.0,40754.0
2490844B1,3,10,2,0.06973638385534286,100946.0,57665.0
2490844B1,3,10,3,0.05084788799285889,46480.0,65330.0
2490844B1,3,10,4,0.04055870324373245,62864.0,48946.0
2490844B1,3,10,5,0.03941792622208595,113234.0,49473.0
2490844B1,3,10,6,0.03419052064418793,113234.0,37185.0
2490844B1,3,10,7,0.0266032163053751,105042.0,37185.0
2490844B1,3,10,8,0.02529231086373329,109138.0,28993.0
2490844B1,3,10,9,0.02460475265979767,62864.0,40754.0
2490844B1,3,10,10,0.02456304058432579,113234.0,33089.0
2491191B2,3,3,1,0.052504412829875946,70818.0,25777.0
2491191B2,3,3,2,0.0411018468439579,12016.0,22960.0
2491191B2,3,3,3,0.03808004781603813,24304.0,39344.0
2491191B2,3,5,1,0.052504412829875946,70818.0,25777.0
2491191B2,3,5,2,0.0411018468439579,12016.0,22960.0
2491191B2,3,5,3,0.03808004781603813,24304.0,39344.0
2491191B2,3,5,4,0.03144017606973648,70818.0,38065.0
2491191B2,3,5,5,0.025747299194335938,32496.0,39344.0
2491191B2,3,10,1,0.052504412829875946,70818.0,25777.0
2491191B2,3,10,2,0.0411018468439579,12016.0,22960.0
2491191B2,3,10,3,0.03808004781603813,24304.0,39344.0
2491191B2,3,10,4,0.03144017606973648,70818.0,38065.0
2491191B2,3,10,5,0.025747299194335938,32496.0,39344.0
2491191B2,3,10,6,0.02156458981335163,79010.0,38065.0
2491191B2,3,10,7,0.016728313639760017,66722.0,25777.0
2491191B2,3,10,8,0.016301028430461884,12016.0,39344.0
2491191B2,3,10,9,0.016267206519842148,32496.0,22960.0
2491191B2,3,10,10,0.0157522764056921,16112.0,31152.0
25001966B2,3,3,1,0.07494734227657318,45408.0,22833.0
25001966B2,3,3,2,0.038843125104904175,29024.0,55601.0
25001966B2,3,3,3,0.03873971849679947,93536.0,60385.0
25001966B2,3,5,1,0.07494734227657318,45408.0,22833.0
25001966B2,3,5,2,0.038843125104904175,29024.0,55601.0
25001966B2,3,5,3,0.03873971849679947,93536.0,60385.0
25001966B2,3,5,4,0.03791189193725586,24928.0,14641.0
25001966B2,3,5,5,0.03466499596834183,45408.0,31025.0
25001966B2,3,10,1,0.07494734227657318,45408.0,22833.0
25001966B2,3,10,2,0.038843125104904175,29024.0,55601.0
25001966B2,3,10,3,0.03873971849679947,93536.0,60385.0
25001966B2,3,10,4,0.03791189193725586,24928.0,14641.0
25001966B2,3,10,5,0.03466499596834183,45408.0,31025.0
25001966B2,3,10,6,0.031163115054368973,53600.0,39217.0
25001966B2,3,10,7,0.026804491877555847,57696.0,39217.0
25001966B2,3,10,8,0.02496657520532608,93536.0,64481.0
25001966B2,3,10,9,0.02495635487139225,41312.0,39217.0
25001966B2,3,10,10,0.0203238632529974,49504.0,47409.0
25002366B6,3,3,1,0.1009274423122406,15952.0,56688.0
25002366B6,3,3,2,0.04258612543344498,7760.0,28016.0
25002366B6,3,3,3,0.035047899931669235,32336.0,40304.0
25002366B6,3,5,1,0.1009274423122406,15952.0,56688.0
25002366B6,3,5,2,0.04258612543344498,7760.0,28016.0
25002366B6,3,5,3,0.035047899931669235,32336.0,40304.0
25002366B6,3,5,4,0.03363543003797531,11856.0,40304.0
25002366B6,3,5,5,0.03252926468849182,7760.0,19824.0
25002366B6,3,10,1,0.1009274423122406,15952.0,56688.0
25002366B6,3,10,2,0.04258612543344498,7760.0,28016.0
25002366B6,3,10,3,0.035047899931669235,32336.0,40304.0
25002366B6,3,10,4,0.03363543003797531,11856.0,40304.0
25002366B6,3,10,5,0.03252926468849182,7760.0,19824.0
25002366B6,3,10,6,0.028445765376091003,15952.0,64880.0
25002366B6,3,10,7,0.024278588593006134,70868.0,35040.0
25002366B6,3,10,8,0.024225838482379913,11856.0,52592.0
25002366B6,3,10,9,0.02140849456191063,20048.0,40304.0
25002366B6,3,10,10,0.01975480653345585,66772.0,63712.0
25002388B2,3,3,1,0.0897986888885498,15952.0,35090.0
25002388B2,3,3,2,0.07113587856292725,24144.0,47378.0
25002388B2,3,3,3,0.06262313574552536,97128.0,26800.0
25002388B2,3,5,1,0.0897986888885498,15952.0,35090.0
25002388B2,3,5,2,0.07113587856292725,24144.0,47378.0
25002388B2,3,5,3,0.06262313574552536,97128.0,26800.0
25002388B2,3,5,4,0.05237088352441788,20048.0,18706.0
25002388B2,3,5,5,0.05076147988438606,16048.0,52791.0
25002388B2,3,10,1,0.0897986888885498,15952.0,35090.0
25002388B2,3,10,2,0.07113587856292725,24144.0,47378.0
25002388B2,3,10,3,0.06262313574552536,97128.0,26800.0
25002388B2,3,10,4,0.05237088352441788,20048.0,18706.0
25002388B2,3,10,5,0.05076147988438606,16048.0,52791.0
25002388B2,3,10,6,0.04429056867957115,20048.0,43282.0
25002388B2,3,10,7,0.04392535984516144,15952.0,30994.0
25002388B2,3,10,8,0.04163149744272232,28240.0,43282.0
25002388B2,3,10,9,0.04058150202035904,24144.0,22802.0
25002388B2,3,10,10,0.029045600444078445,97128.0,22704.0
25002496B2,3,3,1,0.07320773601531982,82185.0,39297.0
25002496B2,3,3,2,0.07125837355852127,78089.0,39297.0
25002496B2,3,3,3,0.05824780836701393,78089.0,14721.0
25002496B2,3,5,1,0.07320773601531982,82185.0,39297.0
25002496B2,3,5,2,0.07125837355852127,78089.0,39297.0
25002496B2,3,5,3,0.05824780836701393,78089.0,14721.0
25002496B2,3,5,4,0.05637120455503464,82185.0,43393.0
25002496B2,3,5,5,0.050345808267593384,20049.0,41297.0
25002496B2,3,10,1,0.07320773601531982,82185.0,39297.0
25002496B2,3,10,2,0.07125837355852127,78089.0,39297.0
25002496B2,3,10,3,0.05824780836701393,78089.0,14721.0
25002496B2,3,10,4,0.05637120455503464,82185.0,43393.0
25002496B2,3,10,5,0.050345808267593384,20049.0,41297.0
25002496B2,3,10,6,0.046785883605480194,15953.0,29009.0
25002496B2,3,10,7,0.03386412933468819,86281.0,31105.0
25002496B2,3,10,8,0.0290280282497406,73993.0,39297.0
25002496B2,3,10,9,0.025209782645106316,28241.0,33105.0
25002496B2,3,10,10,0.02302715927362442,15953.0,41297.0
25002744B2,3,3,1,0.12104614824056625,86453.0,22321.0
25002744B2,3,3,2,0.07542075961828232,86453.0,46897.0
25002744B2,3,3,3,0.056488484144210815,102837.0,22321.0
25002744B2,3,5,1,0.12104614824056625,86453.0,22321.0
25002744B2,3,5,2,0.07542075961828232,86453.0,46897.0
25002744B2,3,5,3,0.056488484144210815,102837.0,22321.0
25002744B2,3,5,4,0.05135273560881615,28256.0,51745.0
25002744B2,3,5,5,0.03877712041139603,28256.0,47649.0
25002744B2,3,10,1,0.12104614824056625,86453.0,22321.0
25002744B2,3,10,2,0.07542075961828232,86453.0,46897.0
25002744B2,3,10,3,0.056488484144210815,102837.0,22321.0
25002744B2,3,10,4,0.05135273560881615,28256.0,51745.0
25002744B2,3,10,5,0.03877712041139603,28256.0,47649.0
25002744B2,3,10,6,0.025515727698802948,86453.0,18225.0
25002744B2,3,10,7,0.024571556597948074,82357.0,46897.0
25002744B2,3,10,8,0.017942991107702255,86453.0,34609.0
25002744B2,3,10,9,0.01639765128493309,28256.0,14881.0
25002744B2,3,10,10,0.014877760782837868,40544.0,18977.0
25002801B1,3,3,1,0.06712494045495987,105480.0,44400.0
25002801B1,3,3,2,0.06578616052865982,113672.0,44400.0
25002801B1,3,3,3,0.05106264352798462,53074.0,46273.0
25002801B1,3,5,1,0.06712494045495987,105480.0,44400.0
25002801B1,3,5,2,0.06578616052865982,113672.0,44400.0
25002801B1,3,5,3,0.05106264352798462,53074.0,46273.0
25002801B1,3,5,4,0.044426389038562775,113672.0,52592.0
25002801B1,3,5,5,0.038305267691612244,32594.0,21697.0
25002801B1,3,10,1,0.06712494045495987,105480.0,44400.0
25002801B1,3,10,2,0.06578616052865982,113672.0,44400.0
25002801B1,3,10,3,0.05106264352798462,53074.0,46273.0
25002801B1,3,10,4,0.044426389038562775,113672.0,52592.0
25002801B1,3,10,5,0.038305267691612244,32594.0,21697.0
25002801B1,3,10,6,0.03627606853842735,40786.0,50369.0
25002801B1,3,10,7,0.0339370034635067,44882.0,58561.0
25002801B1,3,10,8,0.031876981258392334,105480.0,40304.0
25002801B1,3,10,9,0.026763711124658585,53074.0,62657.0
25002801B1,3,10,10,0.025194179266691208,117768.0,36208.0
25009294B2,3,3,1,0.05800516903400421,93377.0,42000.0
25009294B2,3,3,2,0.04183816537261009,41024.0,44515.0
25009294B2,3,3,3,0.027997152879834175,101569.0,58384.0
25009294B2,3,5,1,0.05800516903400421,93377.0,42000.0
25009294B2,3,5,2,0.04183816537261009,41024.0,44515.0
25009294B2,3,5,3,0.027997152879834175,101569.0,58384.0
25009294B2,3,5,4,0.027942996472120285,105665.0,42000.0
25009294B2,3,5,5,0.027450455352663994,117953.0,29712.0
25009294B2,3,10,1,0.05800516903400421,93377.0,42000.0
25009294B2,3,10,2,0.04183816537261009,41024.0,44515.0
25009294B2,3,10,3,0.027997152879834175,101569.0,58384.0
25009294B2,3,10,4,0.027942996472120285,105665.0,42000.0
25009294B2,3,10,5,0.027450455352663994,117953.0,29712.0
25009294B2,3,10,6,0.026532236486673355,36928.0,56803.0
25009294B2,3,10,7,0.025930289179086685,97473.0,33808.0
25009294B2,3,10,8,0.02407248131930828,109761.0,29712.0
25009294B2,3,10,9,0.020439742133021355,105665.0,50192.0
25009294B2,3,10,10,0.017642760649323463,20544.0,48611.0
25009367B2,3,3,1,0.08505958318710327,21360.0,19616.0
25009367B2,3,3,2,0.05072116106748581,90135.0,27744.0
25009367B2,3,3,3,0.047565657645463943,81943.0,27744.0
25009367B2,3,5,1,0.08505958318710327,21360.0,19616.0
25009367B2,3,5,2,0.05072116106748581,90135.0,27744.0
25009367B2,3,5,3,0.047565657645463943,81943.0,27744.0
25009367B2,3,5,4,0.03914188593626022,90135.0,23648.0
25009367B2,3,5,5,0.03567775711417198,17264.0,19616.0
25009367B2,3,10,1,0.08505958318710327,21360.0,19616.0
25009367B2,3,10,2,0.05072116106748581,90135.0,27744.0
25009367B2,3,10,3,0.047565657645463943,81943.0,27744.0
25009367B2,3,10,4,0.03914188593626022,90135.0,23648.0
25009367B2,3,10,5,0.03567775711417198,17264.0,19616.0
25009367B2,3,10,6,0.026508614420890808,86039.0,31840.0
25009367B2,3,10,7,0.023032821714878082,21360.0,31904.0
25009367B2,3,10,8,0.021412229165434837,98327.0,44128.0
25009367B2,3,10,9,0.01823311857879162,21360.0,52384.0
25009367B2,3,10,10,0.017692940309643745,81943.0,31840.0
25009529B2,3,3,1,0.1793392300605774,85552.0,35521.0
25009529B2,3,3,2,0.06056009978055954,16304.0,31264.0
25009529B2,3,3,3,0.04095035046339035,85552.0,31425.0
25009529B2,3,5,1,0.1793392300605774,85552.0,35521.0
25009529B2,3,5,2,0.06056009978055954,16304.0,31264.0
25009529B2,3,5,3,0.04095035046339035,85552.0,31425.0
25009529B2,3,5,4,0.02936290204524994,89648.0,35521.0
25009529B2,3,5,5,0.024229800328612328,89648.0,19137.0
25009529B2,3,10,1,0.1793392300605774,85552.0,35521.0
25009529B2,3,10,2,0.06056009978055954,16304.0,31264.0
25009529B2,3,10,3,0.04095035046339035,85552.0,31425.0
25009529B2,3,10,4,0.02936290204524994,89648.0,35521.0
25009529B2,3,10,5,0.024229800328612328,89648.0,19137.0
25009529B2,3,10,6,0.02304195985198021,89648.0,27329.0
25009529B2,3,10,7,0.022491971030831337,8112.0,31264.0
25009529B2,3,10,8,0.020885305479168892,93744.0,31425.0
25009529B2,3,10,9,0.018364761024713516,85552.0,27329.0
25009529B2,3,10,10,0.017422955483198166,16304.0,14880.0
2460615-B4,3,3,1,0.0622272789478302,26816.0,37105.0
2460615-B4,3,3,2,0.0462578609585762,22720.0,57585.0
2460615-B4,3,3,3,0.033662229776382446,77810.0,44977.0
2460615-B4,3,5,1,0.0622272789478302,26816.0,37105.0
2460615-B4,3,5,2,0.0462578609585762,22720.0,57585.0
2460615-B4,3,5,3,0.033662229776382446,77810.0,44977.0
2460615-B4,3,5,4,0.03190233185887337,93730.0,36592.0
2460615-B4,3,5,5,0.03186041861772537,30912.0,45297.0
2460615-B4,3,10,1,0.0622272789478302,26816.0,37105.0
2460615-B4,3,10,2,0.0462578609585762,22720.0,57585.0
2460615-B4,3,10,3,0.033662229776382446,77810.0,44977.0
2460615-B4,3,10,4,0.03190233185887337,93730.0,36592.0
2460615-B4,3,10,5,0.03186041861772537,30912.0,45297.0
2460615-B4,3,10,6,0.030170675367116928,93730.0,20208.0
2460615-B4,3,10,7,0.026241008192300797,128292.0,64578.0
2460615-B4,3,10,8,0.02572506107389927,93730.0,52976.0
2460615-B4,3,10,9,0.02364235743880272,130308.0,192.0
2460615-B4,3,10,10,0.02287179045379162,31952.0,34112.0
2460943-B3,3,3,1,0.2780425250530243,28416.0,14705.0
2460943-B3,3,3,2,0.11038938164710999,28416.0,18801.0
2460943-B3,3,3,3,0.06996212899684906,28416.0,10609.0
2460943-B3,3,5,1,0.2780425250530243,28416.0,14705.0
2460943-B3,3,5,2,0.11038938164710999,28416.0,18801.0
2460943-B3,3,5,3,0.06996212899684906,28416.0,10609.0
2460943-B3,3,5,4,0.03271503001451492,91305.0,25202.0
2460943-B3,3,5,5,0.025701181963086128,95401.0,12914.0
2460943-B3,3,10,1,0.2780425250530243,28416.0,14705.0
2460943-B3,3,10,2,0.11038938164710999,28416.0,18801.0
2460943-B3,3,10,3,0.06996212899684906,28416.0,10609.0
2460943-B3,3,10,4,0.03271503001451492,91305.0,25202.0
2460943-B3,3,10,5,0.025701181963086128,95401.0,12914.0
2460943-B3,3,10,6,0.023555263876914978,95401.0,17010.0
2460943-B3,3,10,7,0.021542852744460106,24320.0,22897.0
2460943-B3,3,10,8,0.02134173922240734,24320.0,14705.0
2460943-B3,3,10,9,0.02068300172686577,20224.0,14705.0
2460943-B3,3,10,10,0.020670240744948387,20224.0,22897.0
2462468-B2,3,3,1,0.1209508553147316,63698.0,51872.0
2462468-B2,3,3,2,0.08459000289440155,135881.0,67216.0
2462468-B2,3,3,3,0.052576106041669846,135881.0,50832.0
2462468-B2,3,5,1,0.1209508553147316,63698.0,51872.0
2462468-B2,3,5,2,0.08459000289440155,135881.0,67216.0
2462468-B2,3,5,3,0.052576106041669846,135881.0,50832.0
2462468-B2,3,5,4,0.04696498438715935,139977.0,67216.0
2462468-B2,3,5,5,0.045015931129455566,63698.0,64160.0
2462468-B2,3,10,1,0.1209508553147316,63698.0,51872.0
2462468-B2,3,10,2,0.08459000289440155,135881.0,67216.0
2462468-B2,3,10,3,0.052576106041669846,135881.0,50832.0
2462468-B2,3,10,4,0.04696498438715935,139977.0,67216.0
2462468-B2,3,10,5,0.045015931129455566,63698.0,64160.0
2462468-B2,3,10,6,0.04079055413603783,63698.0,68256.0
2462468-B2,3,10,7,0.03516336902976036,135881.0,54928.0
2462468-B2,3,10,8,0.028648100793361664,43218.0,19104.0
2462468-B2,3,10,9,0.028517190366983414,63698.0,47776.0
2462468-B2,3,10,10,0.021499548107385635,71890.0,68256.0
2462939-B,3,3,1,0.07140233367681503,34800.0,15378.0
2462939-B,3,3,2,0.06895103305578232,84048.0,31682.0
2462939-B,3,3,3,0.0666455626487732,22512.0,27666.0
2462939-B,3,5,1,0.07140233367681503,34800.0,15378.0
2462939-B,3,5,2,0.06895103305578232,84048.0,31682.0
2462939-B,3,5,3,0.0666455626487732,22512.0,27666.0
2462939-B,3,5,4,0.038208700716495514,22512.0,31762.0
2462939-B,3,5,5,0.037949174642562866,92240.0,15298.0
2462939-B,3,10,1,0.07140233367681503,34800.0,15378.0
2462939-B,3,10,2,0.06895103305578232,84048.0,31682.0
2462939-B,3,10,3,0.0666455626487732,22512.0,27666.0
2462939-B,3,10,4,0.038208700716495514,22512.0,31762.0
2462939-B,3,10,5,0.037949174642562866,92240.0,15298.0
2462939-B,3,10,6,0.03334023430943489,26608.0,35858.0
2462939-B,3,10,7,0.03218645229935646,22512.0,35858.0
2462939-B,3,10,8,0.03175930678844452,84048.0,35778.0
2462939-B,3,10,9,0.02791278436779976,22512.0,15378.0
2462939-B,3,10,10,0.0245673805475235,92240.0,31682.0
2484791-B2,3,3,1,0.20474137365818024,29409.0,31200.0
2484791-B2,3,3,2,0.02840050496160984,41697.0,18912.0
2484791-B2,3,3,3,0.027132529765367508,37601.0,18912.0
2484791-B2,3,5,1,0.20474137365818024,29409.0,31200.0
2484791-B2,3,5,2,0.02840050496160984,41697.0,18912.0
2484791-B2,3,5,3,0.027132529765367508,37601.0,18912.0
2484791-B2,3,5,4,0.02530478686094284,53985.0,18912.0
2484791-B2,3,5,5,0.0234670452773571,37601.0,31200.0
2484791-B2,3,10,1,0.20474137365818024,29409.0,31200.0
2484791-B2,3,10,2,0.02840050496160984,41697.0,18912.0
2484791-B2,3,10,3,0.027132529765367508,37601.0,18912.0
2484791-B2,3,10,4,0.02530478686094284,53985.0,18912.0
2484791-B2,3,10,5,0.0234670452773571,37601.0,31200.0
2484791-B2,3,10,6,0.020146392285823822,37601.0,27104.0
2484791-B2,3,10,7,0.018075788393616676,37601.0,47584.0
2484791-B2,3,10,8,0.016308803111314774,29409.0,68064.0
2484791-B2,3,10,9,0.014328887686133385,37601.0,39392.0
2484791-B2,3,10,10,0.012956598773598671,41697.0,31200.0
2486102-B2,3,3,1,0.08855488896369934,97107.0,17696.0
2486102-B2,3,3,2,0.08606860041618347,97107.0,21792.0
2486102-B2,3,3,3,0.08054004609584808,28689.0,28033.0
2486102-B2,3,5,1,0.08855488896369934,97107.0,17696.0
2486102-B2,3,5,2,0.08606860041618347,97107.0,21792.0
2486102-B2,3,5,3,0.08054004609584808,28689.0,28033.0
2486102-B2,3,5,4,0.07878747582435608,21200.0,53474.0
2486102-B2,3,5,5,0.06445875018835068,94611.0,26993.0
2486102-B2,3,10,1,0.08855488896369934,97107.0,17696.0
2486102-B2,3,10,2,0.08606860041618347,97107.0,21792.0
2486102-B2,3,10,3,0.08054004609584808,28689.0,28033.0
2486102-B2,3,10,4,0.07878747582435608,21200.0,53474.0
2486102-B2,3,10,5,0.06445875018835068,94611.0,26993.0
2486102-B2,3,10,6,0.03667130693793297,89859.0,38529.0
2486102-B2,3,10,7,0.030748099088668823,93955.0,42625.0
2486102-B2,3,10,8,0.029798028990626335,77811.0,21729.0
2486102-B2,3,10,9,0.025448348373174667,85763.0,46721.0
2486102-B2,3,10,10,0.022364109754562378,25296.0,57570.0
2487043-B,3,3,1,0.06618155539035797,105188.0,47554.0
2487043-B,3,3,2,0.06055469810962677,101092.0,39362.0
2487043-B,3,3,3,0.05582019314169884,35057.0,22003.0
2487043-B,3,5,1,0.06618155539035797,105188.0,47554.0
2487043-B,3,5,2,0.06055469810962677,101092.0,39362.0
2487043-B,3,5,3,0.05582019314169884,35057.0,22003.0
2487043-B,3,5,4,0.05209444835782051,109284.0,47554.0
2487043-B,3,5,5,0.041223928332328796,26704.0,27699.0
2487043-B,3,10,1,0.06618155539035797,105188.0,47554.0
2487043-B,3,10,2,0.06055469810962677,101092.0,39362.0
2487043-B,3,10,3,0.05582019314169884,35057.0,22003.0
2487043-B,3,10,4,0.05209444835782051,109284.0,47554.0
2487043-B,3,10,5,0.041223928332328796,26704.0,27699.0
2487043-B,3,10,6,0.0388980433344841,113380.0,47554.0
2487043-B,3,10,7,0.03448844701051712,117476.0,39362.0
2487043-B,3,10,8,0.03026651032269001,109284.0,27074.0
2487043-B,3,10,9,0.025241011753678322,113380.0,39362.0
2487043-B,3,10,10,0.022157108411192894,109284.0,43458.0
2488960-B2,3,3,1,0.0709698498249054,129556.0,39296.0
2488960-B2,3,3,2,0.04731685295701027,121364.0,27008.0
2488960-B2,3,3,3,0.04184915870428085,109076.0,31104.0
2488960-B2,3,5,1,0.0709698498249054,129556.0,39296.0
2488960-B2,3,5,2,0.04731685295701027,121364.0,27008.0
2488960-B2,3,5,3,0.04184915870428085,109076.0,31104.0
2488960-B2,3,5,4,0.03175076097249985,113172.0,31104.0
2488960-B2,3,5,5,0.028437532484531403,96788.0,14720.0
2488960-B2,3,10,1,0.0709698498249054,129556.0,39296.0
2488960-B2,3,10,2,0.04731685295701027,121364.0,27008.0
2488960-B2,3,10,3,0.04184915870428085,109076.0,31104.0
2488960-B2,3,10,4,0.03175076097249985,113172.0,31104.0
2488960-B2,3,10,5,0.028437532484531403,96788.0,14720.0
2488960-B2,3,10,6,0.025772690773010254,100884.0,27008.0
2488960-B2,3,10,7,0.021983226761221886,33616.0,27472.0
2488960-B2,3,10,8,0.02085414156317711,96788.0,31104.0
2488960-B2,3,10,9,0.019737662747502327,96788.0,27008.0
2488960-B2,3,10,10,0.01808803342282772,109076.0,27008.0
2488987-B2,3,3,1,0.2793433666229248,41056.0,21200.0
2488987-B2,3,3,2,0.0636868104338646,32864.0,45776.0
2488987-B2,3,3,3,0.032274115830659866,28768.0,41680.0
2488987-B2,3,5,1,0.2793433666229248,41056.0,21200.0
2488987-B2,3,5,2,0.0636868104338646,32864.0,45776.0
2488987-B2,3,5,3,0.032274115830659866,28768.0,41680.0
2488987-B2,3,5,4,0.030687063932418823,122612.0,21328.0
2488987-B2,3,5,5,0.030313190072774887,126708.0,50000.0
2488987-B2,3,10,1,0.2793433666229248,41056.0,21200.0
2488987-B2,3,10,2,0.0636868104338646,32864.0,45776.0
2488987-B2,3,10,3,0.032274115830659866,28768.0,41680.0
2488987-B2,3,10,4,0.030687063932418823,122612.0,21328.0
2488987-B2,3,10,5,0.030313190072774887,126708.0,50000.0
2488987-B2,3,10,6,0.0222842525690794,32864.0,49872.0
2488987-B2,3,10,7,0.01966170407831669,118516.0,25424.0
2488987-B2,3,10,8,0.019656747579574585,36960.0,49872.0
2488987-B2,3,10,9,0.016302134841680527,110324.0,41808.0
2488987-B2,3,10,10,0.011246232315897942,118516.0,33616.0
25013977B2,3,3,1,0.1802886724472046,37136.0,7584.0
25013977B2,3,3,2,0.03340001031756401,53520.0,40352.0
25013977B2,3,3,3,0.030474742874503136,91093.0,45392.0
25013977B2,3,5,1,0.1802886724472046,37136.0,7584.0
25013977B2,3,5,2,0.03340001031756401,53520.0,40352.0
25013977B2,3,5,3,0.030474742874503136,91093.0,45392.0
25013977B2,3,5,4,0.02371200919151306,123861.0,29008.0
25013977B2,3,5,5,0.023598305881023407,123861.0,45392.0
25013977B2,3,10,1,0.1802886724472046,37136.0,7584.0
25013977B2,3,10,2,0.03340001031756401,53520.0,40352.0
25013977B2,3,10,3,0.030474742874503136,91093.0,45392.0
25013977B2,3,10,4,0.02371200919151306,123861.0,29008.0
25013977B2,3,10,5,0.023598305881023407,123861.0,45392.0
25013977B2,3,10,6,0.02358395978808403,123861.0,41296.0
25013977B2,3,10,7,0.01627914234995842,28944.0,52640.0
25013977B2,3,10,8,0.01612985134124756,24848.0,44448.0
25013977B2,3,10,9,0.016015196219086647,123861.0,33104.0
25013977B2,3,10,10,0.013541962951421738,99285.0,57680.0
25014627B3,3,3,1,0.14906884729862213,115345.0,51475.0
25014627B3,3,3,2,0.06622195243835449,115345.0,39187.0
25014627B3,3,3,3,0.045520007610321045,38208.0,44962.0
25014627B3,3,5,1,0.14906884729862213,115345.0,51475.0
25014627B3,3,5,2,0.06622195243835449,115345.0,39187.0
25014627B3,3,5,3,0.045520007610321045,38208.0,44962.0
25014627B3,3,5,4,0.043644294142723083,119441.0,43283.0
25014627B3,3,5,5,0.03142540156841278,115345.0,35091.0
25014627B3,3,10,1,0.14906884729862213,115345.0,51475.0
25014627B3,3,10,2,0.06622195243835449,115345.0,39187.0
25014627B3,3,10,3,0.045520007610321045,38208.0,44962.0
25014627B3,3,10,4,0.043644294142723083,119441.0,43283.0
25014627B3,3,10,5,0.03142540156841278,115345.0,35091.0
25014627B3,3,10,6,0.023768873885273933,38208.0,49058.0
25014627B3,3,10,7,0.02141585201025009,103057.0,51475.0
25014627B3,3,10,8,0.020767055451869965,107153.0,39187.0
25014627B3,3,10,9,0.018848251551389694,30016.0,32674.0
25014627B3,3,10,10,0.018075006082654,38208.0,28578.0
25015421B3,3,3,1,0.0675739198923111,125393.0,28976.0
25015421B3,3,3,2,0.05838171765208244,40368.0,13536.0
25015421B3,3,3,3,0.03732151538133621,48560.0,34016.0
25015421B3,3,5,1,0.0675739198923111,125393.0,28976.0
25015421B3,3,5,2,0.05838171765208244,40368.0,13536.0
25015421B3,3,5,3,0.03732151538133621,48560.0,34016.0
25015421B3,3,5,4,0.034461986273527145,48560.0,25824.0
25015421B3,3,5,5,0.02363719791173935,113105.0,16688.0
25015421B3,3,10,1,0.0675739198923111,125393.0,28976.0
25015421B3,3,10,2,0.05838171765208244,40368.0,13536.0
25015421B3,3,10,3,0.03732151538133621,48560.0,34016.0
25015421B3,3,10,4,0.034461986273527145,48560.0,25824.0
25015421B3,3,10,5,0.02363719791173935,113105.0,16688.0
25015421B3,3,10,6,0.022931277751922607,125393.0,24880.0
25015421B3,3,10,7,0.022255882620811462,52656.0,29920.0
25015421B3,3,10,8,0.021472565829753876,19888.0,34016.0
25015421B3,3,10,9,0.01791960559785366,104913.0,12592.0
25015421B3,3,10,10,0.016691530123353004,121297.0,37168.0
25016827B2,3,3,1,0.1436018943786621,96386.0,32593.0
25016827B2,3,3,2,0.07011599093675613,28784.0,34433.0
25016827B2,3,3,3,0.056401174515485764,24688.0,38529.0
25016827B2,3,5,1,0.1436018943786621,96386.0,32593.0
25016827B2,3,5,2,0.07011599093675613,28784.0,34433.0
25016827B2,3,5,3,0.056401174515485764,24688.0,38529.0
25016827B2,3,5,4,0.05033840984106064,24688.0,34433.0
25016827B2,3,5,5,0.03593602776527405,41072.0,46721.0
25016827B2,3,10,1,0.1436018943786621,96386.0,32593.0
25016827B2,3,10,2,0.07011599093675613,28784.0,34433.0
25016827B2,3,10,3,0.056401174515485764,24688.0,38529.0
25016827B2,3,10,4,0.05033840984106064,24688.0,34433.0
25016827B2,3,10,5,0.03593602776527405,41072.0,46721.0
25016827B2,3,10,6,0.02645494043827057,20592.0,34433.0
25016827B2,3,10,7,0.021982304751873016,92290.0,32593.0
25016827B2,3,10,8,0.01652214489877224,16496.0,54913.0
25016827B2,3,10,9,0.01540476642549038,112770.0,24401.0
25016827B2,3,10,10,0.011880061589181423,116866.0,44881.0
25017341B3,3,3,1,0.1612522006034851,28112.0,25795.0
25017341B3,3,3,2,0.12851622700691223,86532.0,32306.0
25017341B3,3,3,3,0.10594355314970016,66052.0,36402.0
25017341B3,3,5,1,0.1612522006034851,28112.0,25795.0
25017341B3,3,5,2,0.12851622700691223,86532.0,32306.0
25017341B3,3,5,3,0.10594355314970016,66052.0,36402.0
25017341B3,3,5,4,0.02614700421690941,90628.0,20018.0
25017341B3,3,5,5,0.024960631504654884,7632.0,29891.0
25017341B3,3,10,1,0.1612522006034851,28112.0,25795.0
25017341B3,3,10,2,0.12851622700691223,86532.0,32306.0
25017341B3,3,10,3,0.10594355314970016,66052.0,36402.0
25017341B3,3,10,4,0.02614700421690941,90628.0,20018.0
25017341B3,3,10,5,0.024960631504654884,7632.0,29891.0
25017341B3,3,10,6,0.022284552454948425,19920.0,54467.0
25017341B3,3,10,7,0.018504846841096878,24016.0,38083.0
25017341B3,3,10,8,0.017983831465244293,70148.0,36402.0
25017341B3,3,10,9,0.01729181408882141,28112.0,38083.0
25017341B3,3,10,10,0.015549341216683388,24016.0,33987.0
25017342B2,3,3,1,0.1115342527627945,72004.0,26001.0
25017342B2,3,3,2,0.09148646891117096,76100.0,42385.0
25017342B2,3,3,3,0.09122874587774277,80196.0,21905.0
25017342B2,3,5,1,0.1115342527627945,72004.0,26001.0
25017342B2,3,5,2,0.09148646891117096,76100.0,42385.0
25017342B2,3,5,3,0.09122874587774277,80196.0,21905.0
25017342B2,3,5,4,0.03755921125411987,32144.0,33137.0
25017342B2,3,5,5,0.03325008600950241,19856.0,20849.0
25017342B2,3,10,1,0.1115342527627945,72004.0,26001.0
25017342B2,3,10,2,0.09148646891117096,76100.0,42385.0
25017342B2,3,10,3,0.09122874587774277,80196.0,21905.0
25017342B2,3,10,4,0.03755921125411987,32144.0,33137.0
25017342B2,3,10,5,0.03325008600950241,19856.0,20849.0
25017342B2,3,10,6,0.02609628438949585,88388.0,26001.0
25017342B2,3,10,7,0.02429172582924366,72004.0,38289.0
25017342B2,3,10,8,0.021595727652311325,84292.0,26001.0
25017342B2,3,10,9,0.01977435313165188,32144.0,29041.0
25017342B2,3,10,10,0.018115997314453125,15760.0,41329.0
25017499B,3,3,1,0.20822468400001526,19840.0,23637.0
25017499B,3,3,2,0.17248794436454773,80244.0,17251.0
25017499B,3,3,3,0.065094955265522,23936.0,27733.0
25017499B,3,5,1,0.20822468400001526,19840.0,23637.0
25017499B,3,5,2,0.17248794436454773,80244.0,17251.0
25017499B,3,5,3,0.065094955265522,23936.0,27733.0
25017499B,3,5,4,0.06499975174665451,76148.0,17251.0
25017499B,3,5,5,0.05644115060567856,72052.0,13155.0
25017499B,3,10,1,0.20822468400001526,19840.0,23637.0
25017499B,3,10,2,0.17248794436454773,80244.0,17251.0
25017499B,3,10,3,0.065094955265522,23936.0,27733.0
25017499B,3,10,4,0.06499975174665451,76148.0,17251.0
25017499B,3,10,5,0.05644115060567856,72052.0,13155.0
25017499B,3,10,6,0.04585423693060875,23936.0,23637.0
25017499B,3,10,7,0.035994693636894226,76148.0,21347.0
25017499B,3,10,8,0.03538920730352402,76148.0,13155.0
25017499B,3,10,9,0.03363892436027527,84340.0,13155.0
25017499B,3,10,10,0.025013722479343414,80244.0,13155.0
25018956B3,3,3,1,0.07519380748271942,32256.0,20626.0
25018956B3,3,3,2,0.05649201199412346,11776.0,37010.0
25018956B3,3,3,3,0.047386765480041504,28160.0,41106.0
25018956B3,3,5,1,0.07519380748271942,32256.0,20626.0
25018956B3,3,5,2,0.05649201199412346,11776.0,37010.0
25018956B3,3,5,3,0.047386765480041504,28160.0,41106.0
25018956B3,3,5,4,0.04070727527141571,11776.0,20626.0
25018956B3,3,5,5,0.03734206780791283,71713.0,6417.0
25018956B3,3,10,1,0.07519380748271942,32256.0,20626.0
25018956B3,3,10,2,0.05649201199412346,11776.0,37010.0
25018956B3,3,10,3,0.047386765480041504,28160.0,41106.0
25018956B3,3,10,4,0.04070727527141571,11776.0,20626.0
25018956B3,3,10,5,0.03734206780791283,71713.0,6417.0
25018956B3,3,10,6,0.030676530674099922,24064.0,45202.0
25018956B3,3,10,7,0.030653078109025955,28160.0,16530.0
25018956B3,3,10,8,0.025483038276433945,79905.0,30993.0
25018956B3,3,10,9,0.02488848753273487,15872.0,41106.0
25018956B3,3,10,10,0.023577723652124405,63521.0,26897.0
25019339B2,3,3,1,0.06875314563512802,15920.0,36785.0
25019339B2,3,3,2,0.05248298496007919,36400.0,40881.0
25019339B2,3,3,3,0.045702263712882996,32304.0,36785.0
25019339B2,3,5,1,0.06875314563512802,15920.0,36785.0
25019339B2,3,5,2,0.05248298496007919,36400.0,40881.0
25019339B2,3,5,3,0.045702263712882996,32304.0,36785.0
25019339B2,3,5,4,0.027672994881868362,83765.0,24592.0
25019339B2,3,5,5,0.023750387132167816,87861.0,28688.0
25019339B2,3,10,1,0.06875314563512802,15920.0,36785.0
25019339B2,3,10,2,0.05248298496007919,36400.0,40881.0
25019339B2,3,10,3,0.045702263712882996,32304.0,36785.0
25019339B2,3,10,4,0.027672994881868362,83765.0,24592.0
25019339B2,3,10,5,0.023750387132167816,87861.0,28688.0
25019339B2,3,10,6,0.02273073047399521,91957.0,40976.0
25019339B2,3,10,7,0.022262752056121826,24112.0,32689.0
25019339B2,3,10,8,0.021161999553442,79669.0,28688.0
25019339B2,3,10,9,0.020649602636694908,91957.0,32784.0
25019339B2,3,10,10,0.017438789829611778,32304.0,53169.0
25019339B3,3,3,1,0.21740929782390594,83829.0,49137.0
25019339B3,3,3,2,0.0518423356115818,36448.0,36480.0
25019339B3,3,3,3,0.03705143555998802,83829.0,53233.0
25019339B3,3,5,1,0.21740929782390594,83829.0,49137.0
25019339B3,3,5,2,0.0518423356115818,36448.0,36480.0
25019339B3,3,5,3,0.03705143555998802,83829.0,53233.0
25019339B3,3,5,4,0.03622405230998993,36448.0,28288.0
25019339B3,3,5,5,0.02296525239944458,28256.0,48768.0
25019339B3,3,10,1,0.21740929782390594,83829.0,49137.0
25019339B3,3,10,2,0.0518423356115818,36448.0,36480.0
25019339B3,3,10,3,0.03705143555998802,83829.0,53233.0
25019339B3,3,10,4,0.03622405230998993,36448.0,28288.0
25019339B3,3,10,5,0.02296525239944458,28256.0,48768.0
25019339B3,3,10,6,0.020697854459285736,28256.0,44672.0
25019339B3,3,10,7,0.017744436860084534,92021.0,36849.0
25019339B3,3,10,8,0.017117418348789215,32352.0,28288.0
25019339B3,3,10,9,0.016478974372148514,20064.0,56960.0
25019339B3,3,10,10,0.014490475878119469,83829.0,36849.0
25020714B4,3,3,1,0.10644471645355225,48848.0,51298.0
25020714B4,3,3,2,0.038272783160209656,48848.0,67682.0
25020714B4,3,3,3,0.03705066069960594,139720.0,71624.0
25020714B4,3,5,1,0.10644471645355225,48848.0,51298.0
25020714B4,3,5,2,0.038272783160209656,48848.0,67682.0
25020714B4,3,5,3,0.03705066069960594,139720.0,71624.0
25020714B4,3,5,4,0.03172656148672104,40656.0,43106.0
25020714B4,3,5,5,0.02376188337802887,36560.0,47202.0
25020714B4,3,10,1,0.10644471645355225,48848.0,51298.0
25020714B4,3,10,2,0.038272783160209656,48848.0,67682.0
25020714B4,3,10,3,0.03705066069960594,139720.0,71624.0
25020714B4,3,10,4,0.03172656148672104,40656.0,43106.0
25020714B4,3,10,5,0.02376188337802887,36560.0,47202.0
25020714B4,3,10,6,0.021845974028110504,115572.0,54034.0
25020714B4,3,10,7,0.02042863517999649,28368.0,51298.0
25020714B4,3,10,8,0.019398454576730728,135320.0,6800.0
25020714B4,3,10,9,0.01917034573853016,99188.0,54034.0
25020714B4,3,10,10,0.018664084374904633,95092.0,49938.0
25021665B2,3,3,1,0.3783112168312073,128412.0,70696.0
25021665B2,3,3,2,0.03869946300983429,131660.0,6048.0
25021665B2,3,3,3,0.036544136703014374,128412.0,74792.0
25021665B2,3,5,1,0.3783112168312073,128412.0,70696.0
25021665B2,3,5,2,0.03869946300983429,131660.0,6048.0
25021665B2,3,5,3,0.036544136703014374,128412.0,74792.0
25021665B2,3,5,4,0.029164742678403854,132508.0,74792.0
25021665B2,3,5,5,0.02572297863662243,131660.0,14240.0
25021665B2,3,10,1,0.3783112168312073,128412.0,70696.0
25021665B2,3,10,2,0.03869946300983429,131660.0,6048.0
25021665B2,3,10,3,0.036544136703014374,128412.0,74792.0
25021665B2,3,10,4,0.029164742678403854,132508.0,74792.0
25021665B2,3,10,5,0.02572297863662243,131660.0,14240.0
25021665B2,3,10,6,0.02567434310913086,63076.0,55765.0
25021665B2,3,10,7,0.018398389220237732,127564.0,10144.0
25021665B2,3,10,8,0.016667276620864868,131660.0,10144.0
25021665B2,3,10,9,0.01569221168756485,105145.0,14064.0
25021665B2,3,10,10,0.013624638319015503,7552.0,26963.0
25021672B,3,3,1,0.1906621754169464,19984.0,38656.0
25021672B,3,3,2,0.046346984803676605,81185.0,35104.0
25021672B,3,3,3,0.044476334005594254,7696.0,9984.0
25021672B,3,5,1,0.1906621754169464,19984.0,38656.0
25021672B,3,5,2,0.046346984803676605,81185.0,35104.0
25021672B,3,5,3,0.044476334005594254,7696.0,9984.0
25021672B,3,5,4,0.03637010604143143,24080.0,30464.0
25021672B,3,5,5,0.03313351422548294,85281.0,22816.0
25021672B,3,10,1,0.1906621754169464,19984.0,38656.0
25021672B,3,10,2,0.046346984803676605,81185.0,35104.0
25021672B,3,10,3,0.044476334005594254,7696.0,9984.0
25021672B,3,10,4,0.03637010604143143,24080.0,30464.0
25021672B,3,10,5,0.03313351422548294,85281.0,22816.0
25021672B,3,10,6,0.03128471598029137,7696.0,26368.0
25021672B,3,10,7,0.030531659722328186,81185.0,39200.0
25021672B,3,10,8,0.02979350835084915,15888.0,14080.0
25021672B,3,10,9,0.023286841809749603,19984.0,34560.0
25021672B,3,10,10,0.022815551608800888,77089.0,10528.0
25021922B2,3,3,1,0.03248072415590286,100273.0,8192.0
25021922B2,3,3,2,0.03239065408706665,28048.0,43344.0
25021922B2,3,3,3,0.03177244961261749,44432.0,43344.0
25021922B2,3,5,1,0.03248072415590286,100273.0,8192.0
25021922B2,3,5,2,0.03239065408706665,28048.0,43344.0
25021922B2,3,5,3,0.03177244961261749,44432.0,43344.0
25021922B2,3,5,4,0.023816518485546112,100273.0,40960.0
25021922B2,3,5,5,0.02136189490556717,28048.0,22864.0
25021922B2,3,10,1,0.03248072415590286,100273.0,8192.0
25021922B2,3,10,2,0.03239065408706665,28048.0,43344.0
25021922B2,3,10,3,0.03177244961261749,44432.0,43344.0
25021922B2,3,10,4,0.023816518485546112,100273.0,40960.0
25021922B2,3,10,5,0.02136189490556717,28048.0,22864.0
25021922B2,3,10,6,0.019240016117691994,104369.0,20480.0
25021922B2,3,10,7,0.018627092242240906,28048.0,10576.0
25021922B2,3,10,8,0.01672813668847084,100273.0,45056.0
25021922B2,3,10,9,0.016683682799339294,96177.0,28672.0
25021922B2,3,10,10,0.014002235606312752,28048.0,47440.0
25023174B2,3,3,1,0.2193339467048645,138647.0,74265.0
25023174B2,3,3,2,0.18013320863246918,136295.0,6800.0
25023174B2,3,3,3,0.0859292522072792,136295.0,2704.0
25023174B2,3,5,1,0.2193339467048645,138647.0,74265.0
25023174B2,3,5,2,0.18013320863246918,136295.0,6800.0
25023174B2,3,5,3,0.0859292522072792,136295.0,2704.0
25023174B2,3,5,4,0.036778200417757034,112612.0,46482.0
25023174B2,3,5,5,0.021866844967007637,112612.0,42386.0
25023174B2,3,10,1,0.2193339467048645,138647.0,74265.0
25023174B2,3,10,2,0.18013320863246918,136295.0,6800.0
25023174B2,3,10,3,0.0859292522072792,136295.0,2704.0
25023174B2,3,10,4,0.036778200417757034,112612.0,46482.0
25023174B2,3,10,5,0.021866844967007637,112612.0,42386.0
25023174B2,3,10,6,0.02030855603516102,138647.0,78361.0
25023174B2,3,10,7,0.019677873700857162,108516.0,50578.0
25023174B2,3,10,8,0.019454296678304672,140391.0,2704.0
25023174B2,3,10,9,0.012071222998201847,41793.0,39059.0
25023174B2,3,10,10,0.011924052610993385,112612.0,38290.0
25024982B1,3,3,1,0.08912381529808044,88641.0,22848.0
25024982B1,3,3,2,0.07453294843435287,92737.0,26944.0
25024982B1,3,3,3,0.05634428188204765,88641.0,26944.0
25024982B1,3,5,1,0.08912381529808044,88641.0,22848.0
25024982B1,3,5,2,0.07453294843435287,92737.0,26944.0
25024982B1,3,5,3,0.05634428188204765,88641.0,26944.0
25024982B1,3,5,4,0.04718499630689621,100929.0,18752.0
25024982B1,3,5,5,0.029311377555131912,96833.0,22848.0
25024982B1,3,10,1,0.08912381529808044,88641.0,22848.0
25024982B1,3,10,2,0.07453294843435287,92737.0,26944.0
25024982B1,3,10,3,0.05634428188204765,88641.0,26944.0
25024982B1,3,10,4,0.04718499630689621,100929.0,18752.0
25024982B1,3,10,5,0.029311377555131912,96833.0,22848.0
25024982B1,3,10,6,0.02768547460436821,84545.0,26944.0
25024982B1,3,10,7,0.024405933916568756,100929.0,22848.0
25024982B1,3,10,8,0.022572077810764313,15808.0,27984.0
25024982B1,3,10,9,0.022298764437437057,100929.0,47424.0
25024982B1,3,10,10,0.021847309544682503,24000.0,23888.0
25025097B,3,3,1,0.08912017196416855,48736.0,29985.0
25025097B,3,3,2,0.05542422831058502,36448.0,29985.0
25025097B,3,3,3,0.051261693239212036,101511.0,35042.0
25025097B,3,5,1,0.08912017196416855,48736.0,29985.0
25025097B,3,5,2,0.05542422831058502,36448.0,29985.0
25025097B,3,5,3,0.051261693239212036,101511.0,35042.0
25025097B,3,5,4,0.049146153032779694,40544.0,29985.0
25025097B,3,5,5,0.04673997312784195,28256.0,38177.0
25025097B,3,10,1,0.08912017196416855,48736.0,29985.0
25025097B,3,10,2,0.05542422831058502,36448.0,29985.0
25025097B,3,10,3,0.051261693239212036,101511.0,35042.0
25025097B,3,10,4,0.049146153032779694,40544.0,29985.0
25025097B,3,10,5,0.04673997312784195,28256.0,38177.0
25025097B,3,10,6,0.04145281761884689,40544.0,25889.0
25025097B,3,10,7,0.0315692275762558,40544.0,34081.0
25025097B,3,10,8,0.02759765088558197,93319.0,43234.0
25025097B,3,10,9,0.026908259838819504,93319.0,39138.0
25025097B,3,10,10,0.022331327199935913,105607.0,30946.0
25027181B2,3,3,1,0.5894966721534729,13200.0,24576.0
25027181B2,3,3,2,0.015461177565157413,25488.0,28672.0
25027181B2,3,3,3,0.015421215444803238,85457.0,30976.0
25027181B2,3,5,1,0.5894966721534729,13200.0,24576.0
25027181B2,3,5,2,0.015461177565157413,25488.0,28672.0
25027181B2,3,5,3,0.015421215444803238,85457.0,30976.0
25027181B2,3,5,4,0.012975852005183697,17296.0,24576.0
25027181B2,3,5,5,0.01239951141178608,73169.0,26880.0
25027181B2,3,10,1,0.5894966721534729,13200.0,24576.0
25027181B2,3,10,2,0.015461177565157413,25488.0,28672.0
25027181B2,3,10,3,0.015421215444803238,85457.0,30976.0
25027181B2,3,10,4,0.012975852005183697,17296.0,24576.0
25027181B2,3,10,5,0.01239951141178608,73169.0,26880.0
25027181B2,3,10,6,0.008998803794384003,97745.0,51456.0
25027181B2,3,10,7,0.0086269062012434,9104.0,24576.0
25027181B2,3,10,8,0.008114185184240341,33680.0,61440.0
25027181B2,3,10,9,0.007522302679717541,37776.0,53248.0
25027181B2,3,10,10,0.006966672837734222,97745.0,55552.0
25027181B4,3,3,1,0.18490596115589142,24080.0,28784.0
25027181B4,3,3,2,0.035161424428224564,129552.0,26304.0
25027181B4,3,3,3,0.02758708968758583,100880.0,22208.0
25027181B4,3,5,1,0.18490596115589142,24080.0,28784.0
25027181B4,3,5,2,0.035161424428224564,129552.0,26304.0
25027181B4,3,5,3,0.02758708968758583,100880.0,22208.0
25027181B4,3,5,4,0.026762695983052254,104976.0,14016.0
25027181B4,3,5,5,0.022573117166757584,100880.0,18112.0
25027181B4,3,10,1,0.18490596115589142,24080.0,28784.0
25027181B4,3,10,2,0.035161424428224564,129552.0,26304.0
25027181B4,3,10,3,0.02758708968758583,100880.0,22208.0
25027181B4,3,10,4,0.026762695983052254,104976.0,14016.0
25027181B4,3,10,5,0.022573117166757584,100880.0,18112.0
25027181B4,3,10,6,0.02091013640165329,109072.0,38592.0
25027181B4,3,10,7,0.01531330868601799,28176.0,16496.0
25027181B4,3,10,8,0.014611991122364998,109072.0,54976.0
25027181B4,3,10,9,0.014563975855708122,129552.0,30400.0
25027181B4,3,10,10,0.01277254894375801,109072.0,46784.0
25027181B6,3,3,1,0.07856350392103195,85399.0,49856.0
25027181B6,3,3,2,0.061818256974220276,89495.0,49856.0
25027181B6,3,3,3,0.05721604824066162,20112.0,66432.0
25027181B6,3,5,1,0.07856350392103195,85399.0,49856.0
25027181B6,3,5,2,0.061818256974220276,89495.0,49856.0
25027181B6,3,5,3,0.05721604824066162,20112.0,66432.0
25027181B6,3,5,4,0.050387490540742874,16016.0,50048.0
25027181B6,3,5,5,0.047045789659023285,93591.0,58048.0
25027181B6,3,10,1,0.07856350392103195,85399.0,49856.0
25027181B6,3,10,2,0.061818256974220276,89495.0,49856.0
25027181B6,3,10,3,0.05721604824066162,20112.0,66432.0
25027181B6,3,10,4,0.050387490540742874,16016.0,50048.0
25027181B6,3,10,5,0.047045789659023285,93591.0,58048.0
25027181B6,3,10,6,0.03906409442424774,89495.0,58048.0
25027181B6,3,10,7,0.030864078551530838,89495.0,21184.0
25027181B6,3,10,8,0.02537456899881363,97687.0,45760.0
25027181B6,3,10,9,0.021018290892243385,89495.0,53952.0
25027181B6,3,10,10,0.019667375832796097,11920.0,50048.0
2491552B,3,3,1,0.12211649119853973,16016.0,21873.0
2491552B,3,3,2,0.08754364401102066,28304.0,17777.0
2491552B,3,3,3,0.06148336082696915,20112.0,25969.0
2491552B,3,5,1,0.12211649119853973,16016.0,21873.0
2491552B,3,5,2,0.08754364401102066,28304.0,17777.0
2491552B,3,5,3,0.06148336082696915,20112.0,25969.0
2491552B,3,5,4,0.056621383875608444,28304.0,13681.0
2491552B,3,5,5,0.05620403215289116,24208.0,13681.0
2491552B,3,10,1,0.12211649119853973,16016.0,21873.0
2491552B,3,10,2,0.08754364401102066,28304.0,17777.0
2491552B,3,10,3,0.06148336082696915,20112.0,25969.0
2491552B,3,10,4,0.056621383875608444,28304.0,13681.0
2491552B,3,10,5,0.05620403215289116,24208.0,13681.0
2491552B,3,10,6,0.04413031414151192,28304.0,34161.0
2491552B,3,10,7,0.03367600962519646,90994.0,14833.0
2491552B,3,10,8,0.024976937100291252,32400.0,21873.0
2491552B,3,10,9,0.021818654611706734,91378.0,32388.0
2491552B,3,10,10,0.021661147475242615,32400.0,13681.0
2491579B,3,3,1,0.14047637581825256,101412.0,32433.0
2491579B,3,3,2,0.05830719321966171,117796.0,40625.0
2491579B,3,3,3,0.05012866109609604,101412.0,40625.0
2491579B,3,5,1,0.14047637581825256,101412.0,32433.0
2491579B,3,5,2,0.05830719321966171,117796.0,40625.0
2491579B,3,5,3,0.05012866109609604,101412.0,40625.0
2491579B,3,5,4,0.04611755907535553,26576.0,47041.0
2491579B,3,5,5,0.03790120407938957,26576.0,42945.0
2491579B,3,10,1,0.14047637581825256,101412.0,32433.0
2491579B,3,10,2,0.05830719321966171,117796.0,40625.0
2491579B,3,10,3,0.05012866109609604,101412.0,40625.0
2491579B,3,10,4,0.04611755907535553,26576.0,47041.0
2491579B,3,10,5,0.03790120407938957,26576.0,42945.0
2491579B,3,10,6,0.03573831915855408,105508.0,32433.0
2491579B,3,10,7,0.019416959956288338,42960.0,42945.0
2491579B,3,10,8,0.016523022204637527,30672.0,42945.0
2491579B,3,10,9,0.01569134183228016,30672.0,34753.0
2491579B,3,10,10,0.01549533475190401,97316.0,20145.0
25009557B,3,3,1,0.09769091010093689,37312.0,33009.0
25009557B,3,3,2,0.07113056629896164,37312.0,37105.0
25009557B,3,3,3,0.047395698726177216,29120.0,37105.0
25009557B,3,5,1,0.09769091010093689,37312.0,33009.0
25009557B,3,5,2,0.07113056629896164,37312.0,37105.0
25009557B,3,5,3,0.047395698726177216,29120.0,37105.0
25009557B,3,5,4,0.04616056755185127,20928.0,45297.0
25009557B,3,5,5,0.045305464416742325,103860.0,37489.0
25009557B,3,10,1,0.09769091010093689,37312.0,33009.0
25009557B,3,10,2,0.07113056629896164,37312.0,37105.0
25009557B,3,10,3,0.047395698726177216,29120.0,37105.0
25009557B,3,10,4,0.04616056755185127,20928.0,45297.0
25009557B,3,10,5,0.045305464416742325,103860.0,37489.0
25009557B,3,10,6,0.03484862670302391,99764.0,21105.0
25009557B,3,10,7,0.03413987159729004,112052.0,33393.0
25009557B,3,10,8,0.022754738107323647,95668.0,29297.0
25009557B,3,10,9,0.02106725051999092,20928.0,28913.0
25009557B,3,10,10,0.016870740801095963,33216.0,37105.0
25027770B,3,3,1,0.08143618702888489,24016.0,31136.0
25027770B,3,3,2,0.06714474409818649,15824.0,31136.0
25027770B,3,3,3,0.06150948256254196,15824.0,51616.0
25027770B,3,5,1,0.08143618702888489,24016.0,31136.0
25027770B,3,5,2,0.06714474409818649,15824.0,31136.0
25027770B,3,5,3,0.06150948256254196,15824.0,51616.0
25027770B,3,5,4,0.038800790905952454,24016.0,27040.0
25027770B,3,5,5,0.0385524220764637,94689.0,29904.0
25027770B,3,10,1,0.08143618702888489,24016.0,31136.0
25027770B,3,10,2,0.06714474409818649,15824.0,31136.0
25027770B,3,10,3,0.06150948256254196,15824.0,51616.0
25027770B,3,10,4,0.038800790905952454,24016.0,27040.0
25027770B,3,10,5,0.0385524220764637,94689.0,29904.0
25027770B,3,10,6,0.02412196807563305,106977.0,38096.0
25027770B,3,10,7,0.019709091633558273,19920.0,27040.0
25027770B,3,10,8,0.015577230602502823,15824.0,35232.0
25027770B,3,10,9,0.015425201505422592,28112.0,51616.0
25027770B,3,10,10,0.015312446281313896,24016.0,43424.0
25028014B6,3,3,1,0.207472026348114,88208.0,41585.0
25028014B6,3,3,2,0.09234905987977982,20608.0,15505.0
25028014B6,3,3,3,0.04552198201417923,92304.0,41585.0
25028014B6,3,5,1,0.207472026348114,88208.0,41585.0
25028014B6,3,5,2,0.09234905987977982,20608.0,15505.0
25028014B6,3,5,3,0.04552198201417923,92304.0,41585.0
25028014B6,3,5,4,0.04437360540032387,88208.0,37489.0
25028014B6,3,5,5,0.044224292039871216,24704.0,44177.0
25028014B6,3,10,1,0.207472026348114,88208.0,41585.0
25028014B6,3,10,2,0.09234905987977982,20608.0,15505.0
25028014B6,3,10,3,0.04552198201417923,92304.0,41585.0
25028014B6,3,10,4,0.04437360540032387,88208.0,37489.0
25028014B6,3,10,5,0.044224292039871216,24704.0,44177.0
25028014B6,3,10,6,0.040175553411245346,24704.0,35985.0
25028014B6,3,10,7,0.03309698402881622,16512.0,52369.0
25028014B6,3,10,8,0.03209942951798439,88208.0,33393.0
25028014B6,3,10,9,0.021889973431825638,20608.0,35985.0
25028014B6,3,10,10,0.021654974669218063,20608.0,40081.0
25028134B,3,3,1,0.05124934762716293,103462.0,15840.0
25028134B,3,3,2,0.03598027676343918,36320.0,49440.0
25028134B,3,3,3,0.03397420048713684,103462.0,36320.0
25028134B,3,5,1,0.05124934762716293,103462.0,15840.0
25028134B,3,5,2,0.03598027676343918,36320.0,49440.0
25028134B,3,5,3,0.03397420048713684,103462.0,36320.0
25028134B,3,5,4,0.029458822682499886,107558.0,28128.0
25028134B,3,5,5,0.027848126366734505,103462.0,24032.0
25028134B,3,10,1,0.05124934762716293,103462.0,15840.0
25028134B,3,10,2,0.03598027676343918,36320.0,49440.0
25028134B,3,10,3,0.03397420048713684,103462.0,36320.0
25028134B,3,10,4,0.029458822682499886,107558.0,28128.0
25028134B,3,10,5,0.027848126366734505,103462.0,24032.0
25028134B,3,10,6,0.02168836072087288,107558.0,24032.0
25028134B,3,10,7,0.021612491458654404,32224.0,24864.0
25028134B,3,10,8,0.02032589539885521,119846.0,28128.0
25028134B,3,10,9,0.019130483269691467,103462.0,19936.0
25028134B,3,10,10,0.018430104479193687,99366.0,24032.0
25028151B3,3,3,1,0.11148670315742493,144660.0,34064.0
25028151B3,3,3,2,0.052009306848049164,70849.0,41969.0
25028151B3,3,3,3,0.0486227348446846,144660.0,38160.0
25028151B3,3,5,1,0.11148670315742493,144660.0,34064.0
25028151B3,3,5,2,0.052009306848049164,70849.0,41969.0
25028151B3,3,5,3,0.0486227348446846,144660.0,38160.0
25028151B3,3,5,4,0.030568802729249,115988.0,62736.0
25028151B3,3,5,5,0.024065420031547546,152852.0,58640.0
25028151B3,3,10,1,0.11148670315742493,144660.0,34064.0
25028151B3,3,10,2,0.052009306848049164,70849.0,41969.0
25028151B3,3,10,3,0.0486227348446846,144660.0,38160.0
25028151B3,3,10,4,0.030568802729249,115988.0,62736.0
25028151B3,3,10,5,0.024065420031547546,152852.0,58640.0
25028151B3,3,10,6,0.023484613746404648,74945.0,50161.0
25028151B3,3,10,7,0.02337820827960968,79041.0,58353.0
25028151B3,3,10,8,0.02262008562684059,152852.0,54544.0
25028151B3,3,10,9,0.02245943993330002,152852.0,50448.0
25028151B3,3,10,10,0.02191125601530075,148756.0,66832.0
25028210B2,3,3,1,0.13337841629981995,88409.0,42720.0
25028210B2,3,3,2,0.05697563663125038,100697.0,18144.0
25028210B2,3,3,3,0.055236365646123886,19809.0,31312.0
25028210B2,3,5,1,0.13337841629981995,88409.0,42720.0
25028210B2,3,5,2,0.05697563663125038,100697.0,18144.0
25028210B2,3,5,3,0.055236365646123886,19809.0,31312.0
25028210B2,3,5,4,0.03319248557090759,36193.0,14928.0
25028210B2,3,5,5,0.02907947078347206,32097.0,27216.0
25028210B2,3,10,1,0.13337841629981995,88409.0,42720.0
25028210B2,3,10,2,0.05697563663125038,100697.0,18144.0
25028210B2,3,10,3,0.055236365646123886,19809.0,31312.0
25028210B2,3,10,4,0.03319248557090759,36193.0,14928.0
25028210B2,3,10,5,0.02907947078347206,32097.0,27216.0
25028210B2,3,10,6,0.021280132234096527,84313.0,34528.0
25028210B2,3,10,7,0.0204843170940876,104793.0,34528.0
25028210B2,3,10,8,0.019043244421482086,36193.0,31312.0
25028210B2,3,10,9,0.018280502408742905,36193.0,10832.0
25028210B2,3,10,10,0.015412220731377602,84313.0,38624.0
25028520B3,3,3,1,0.05227060616016388,80722.0,37778.0
25028520B3,3,3,2,0.04964559152722359,84818.0,50066.0
25028520B3,3,3,3,0.04641581326723099,148117.0,33554.0
25028520B3,3,5,1,0.05227060616016388,80722.0,37778.0
25028520B3,3,5,2,0.04964559152722359,84818.0,50066.0
25028520B3,3,5,3,0.04641581326723099,148117.0,33554.0
25028520B3,3,5,4,0.03659666329622269,152213.0,54034.0
25028520B3,3,5,5,0.03621875122189522,76626.0,29586.0
25028520B3,3,10,1,0.05227060616016388,80722.0,37778.0
25028520B3,3,10,2,0.04964559152722359,84818.0,50066.0
25028520B3,3,10,3,0.04641581326723099,148117.0,33554.0
25028520B3,3,10,4,0.03659666329622269,152213.0,54034.0
25028520B3,3,10,5,0.03621875122189522,76626.0,29586.0
25028520B3,3,10,6,0.0267181359231472,148117.0,41746.0
25028520B3,3,10,7,0.02661978453397751,80722.0,41874.0
25028520B3,3,10,8,0.025617379695177078,144021.0,45842.0
25028520B3,3,10,9,0.02091735228896141,88914.0,33682.0
25028520B3,3,10,10,0.020390398800373077,148117.0,62226.0
25029134B,3,3,1,0.09284128993749619,115664.0,44496.0
25029134B,3,3,2,0.065334752202034,127952.0,56784.0
25029134B,3,3,3,0.0606938898563385,123856.0,32208.0
25029134B,3,5,1,0.09284128993749619,115664.0,44496.0
25029134B,3,5,2,0.065334752202034,127952.0,56784.0
25029134B,3,5,3,0.0606938898563385,123856.0,32208.0
25029134B,3,5,4,0.055905841290950775,123856.0,36304.0
25029134B,3,5,5,0.03474913910031319,44592.0,48144.0
25029134B,3,10,1,0.09284128993749619,115664.0,44496.0
25029134B,3,10,2,0.065334752202034,127952.0,56784.0
25029134B,3,10,3,0.0606938898563385,123856.0,32208.0
25029134B,3,10,4,0.055905841290950775,123856.0,36304.0
25029134B,3,10,5,0.03474913910031319,44592.0,48144.0
25029134B,3,10,6,0.026498563587665558,119760.0,28112.0
25029134B,3,10,7,0.023205215111374855,123856.0,40400.0
25029134B,3,10,8,0.02020556852221489,127952.0,28112.0
25029134B,3,10,9,0.016834838315844536,115664.0,60880.0
25029134B,3,10,10,0.016716882586479187,127952.0,24016.0
25029565B5,3,3,1,0.14938786625862122,93527.0,50930.0
25029565B5,3,3,2,0.09891094267368317,22545.0,47314.0
25029565B5,3,3,3,0.05538371950387955,34833.0,47314.0
25029565B5,3,5,1,0.14938786625862122,93527.0,50930.0
25029565B5,3,5,2,0.09891094267368317,22545.0,47314.0
25029565B5,3,5,3,0.05538371950387955,34833.0,47314.0
25029565B5,3,5,4,0.052253324538469315,101719.0,38642.0
25029565B5,3,5,5,0.038520701229572296,11792.0,28209.0
25029565B5,3,10,1,0.14938786625862122,93527.0,50930.0
25029565B5,3,10,2,0.09891094267368317,22545.0,47314.0
25029565B5,3,10,3,0.05538371950387955,34833.0,47314.0
25029565B5,3,10,4,0.052253324538469315,101719.0,38642.0
25029565B5,3,10,5,0.038520701229572296,11792.0,28209.0
25029565B5,3,10,6,0.029337860643863678,80566.0,34993.0
25029565B5,3,10,7,0.02572140283882618,30737.0,55506.0
25029565B5,3,10,8,0.024486584588885307,105815.0,38642.0
25029565B5,3,10,9,0.021253110840916634,34833.0,35026.0
25029565B5,3,10,10,0.021069489419460297,97623.0,50930.0
25030157B3,3,3,1,0.07944992184638977,87601.0,44577.0
25030157B3,3,3,2,0.05904155224561691,91697.0,36385.0
25030157B3,3,3,3,0.05369756370782852,15840.0,31825.0
25030157B3,3,5,1,0.07944992184638977,87601.0,44577.0
25030157B3,3,5,2,0.05904155224561691,91697.0,36385.0
25030157B3,3,5,3,0.05369756370782852,15840.0,31825.0
25030157B3,3,5,4,0.04926472529768944,79409.0,28193.0
25030157B3,3,5,5,0.04653463512659073,91697.0,44577.0
25030157B3,3,10,1,0.07944992184638977,87601.0,44577.0
25030157B3,3,10,2,0.05904155224561691,91697.0,36385.0
25030157B3,3,10,3,0.05369756370782852,15840.0,31825.0
25030157B3,3,10,4,0.04926472529768944,79409.0,28193.0
25030157B3,3,10,5,0.04653463512659073,91697.0,44577.0
25030157B3,3,10,6,0.04198664426803589,11744.0,44113.0
25030157B3,3,10,7,0.03931978717446327,19936.0,40017.0
25030157B3,3,10,8,0.032691024243831635,28128.0,40017.0
25030157B3,3,10,9,0.027273669838905334,7648.0,52305.0
25030157B3,3,10,10,0.02561536803841591,95793.0,36385.0
25030157B4,3,3,1,0.31239551305770874,21328.0,28241.0
25030157B4,3,3,2,0.09559983015060425,95458.0,31457.0
25030157B4,3,3,3,0.04508107900619507,54096.0,24145.0
25030157B4,3,5,1,0.31239551305770874,21328.0,28241.0
25030157B4,3,5,2,0.09559983015060425,95458.0,31457.0
25030157B4,3,5,3,0.04508107900619507,54096.0,24145.0
25030157B4,3,5,4,0.032027289271354675,25424.0,52817.0
25030157B4,3,5,5,0.02060909941792488,95458.0,35553.0
25030157B4,3,10,1,0.31239551305770874,21328.0,28241.0
25030157B4,3,10,2,0.09559983015060425,95458.0,31457.0
25030157B4,3,10,3,0.04508107900619507,54096.0,24145.0
25030157B4,3,10,4,0.032027289271354675,25424.0,52817.0
25030157B4,3,10,5,0.02060909941792488,95458.0,35553.0
25030157B4,3,10,6,0.017561597749590874,29520.0,56913.0
25030157B4,3,10,7,0.016089119017124176,25424.0,56913.0
25030157B4,3,10,8,0.011613048613071442,99554.0,60129.0
25030157B4,3,10,9,0.010300726629793644,21328.0,52817.0
25030157B4,3,10,10,0.009849831461906433,103650.0,60129.0
25030619B2,3,3,1,0.13975131511688232,54049.0,13520.0
25030619B2,3,3,2,0.06918074935674667,137970.0,12976.0
25030619B2,3,3,3,0.026325648650527,64736.0,50053.0
25030619B2,3,5,1,0.13975131511688232,54049.0,13520.0
25030619B2,3,5,2,0.06918074935674667,137970.0,12976.0
25030619B2,3,5,3,0.026325648650527,64736.0,50053.0
25030619B2,3,5,4,0.024493739008903503,49953.0,17616.0
25030619B2,3,5,5,0.020801763981580734,183364.0,70248.0
25030619B2,3,10,1,0.13975131511688232,54049.0,13520.0
25030619B2,3,10,2,0.06918074935674667,137970.0,12976.0
25030619B2,3,10,3,0.026325648650527,64736.0,50053.0
25030619B2,3,10,4,0.024493739008903503,49953.0,17616.0
25030619B2,3,10,5,0.020801763981580734,183364.0,70248.0
25030619B2,3,10,6,0.01999610662460327,129778.0,17072.0
25030619B2,3,10,7,0.019513379782438278,133874.0,17072.0
25030619B2,3,10,8,0.018760867416858673,121586.0,17072.0
25030619B2,3,10,9,0.017300311475992203,62241.0,13520.0
25030619B2,3,10,10,0.017087070271372795,66337.0,13520.0
25031281B2,3,3,1,0.07698094099760056,20016.0,32016.0
25031281B2,3,3,2,0.06374774873256683,20016.0,36112.0
25031281B2,3,3,3,0.05178629606962204,89632.0,27392.0
25031281B2,3,5,1,0.07698094099760056,20016.0,32016.0
25031281B2,3,5,2,0.06374774873256683,20016.0,36112.0
25031281B2,3,5,3,0.05178629606962204,89632.0,27392.0
25031281B2,3,5,4,0.033269453793764114,89632.0,31488.0
25031281B2,3,5,5,0.031111545860767365,24112.0,27920.0
25031281B2,3,10,1,0.07698094099760056,20016.0,32016.0
25031281B2,3,10,2,0.06374774873256683,20016.0,36112.0
25031281B2,3,10,3,0.05178629606962204,89632.0,27392.0
25031281B2,3,10,4,0.033269453793764114,89632.0,31488.0
25031281B2,3,10,5,0.031111545860767365,24112.0,27920.0
25031281B2,3,10,6,0.024775903671979904,89632.0,51968.0
25031281B2,3,10,7,0.021107235923409462,15920.0,56592.0
25031281B2,3,10,8,0.017075395211577415,85536.0,35584.0
25031281B2,3,10,9,0.016260890290141106,89632.0,39680.0
25031281B2,3,10,10,0.01586158201098442,32304.0,32016.0
25031706B2,3,3,1,0.12505953013896942,40464.0,46769.0
25031706B2,3,3,2,0.08971814066171646,108578.0,58163.0
25031706B2,3,3,3,0.08088873326778412,48656.0,54961.0
25031706B2,3,5,1,0.12505953013896942,40464.0,46769.0
25031706B2,3,5,2,0.08971814066171646,108578.0,58163.0
25031706B2,3,5,3,0.08088873326778412,48656.0,54961.0
25031706B2,3,5,4,0.0742528960108757,48656.0,63153.0
25031706B2,3,5,5,0.05128762871026993,108578.0,62259.0
25031706B2,3,10,1,0.12505953013896942,40464.0,46769.0
25031706B2,3,10,2,0.08971814066171646,108578.0,58163.0
25031706B2,3,10,3,0.08088873326778412,48656.0,54961.0
25031706B2,3,10,4,0.0742528960108757,48656.0,63153.0
25031706B2,3,10,5,0.05128762871026993,108578.0,62259.0
25031706B2,3,10,6,0.037612009793519974,48656.0,59057.0
25031706B2,3,10,7,0.030616093426942825,100386.0,74547.0
25031706B2,3,10,8,0.027871035039424896,77442.0,38241.0
25031706B2,3,10,9,0.024719584733247757,40464.0,71345.0
25031706B2,3,10,10,0.023582931607961655,44560.0,71345.0
25032788B4,3,3,1,0.3687096834182739,102424.0,50769.0
25032788B4,3,3,2,0.07697619497776031,94232.0,50769.0
25032788B4,3,3,3,0.04572759196162224,44560.0,41617.0
25032788B4,3,5,1,0.3687096834182739,102424.0,50769.0
25032788B4,3,5,2,0.07697619497776031,94232.0,50769.0
25032788B4,3,5,3,0.04572759196162224,44560.0,41617.0
25032788B4,3,5,4,0.02701142430305481,24080.0,49809.0
25032788B4,3,5,5,0.02360008843243122,110616.0,42577.0
25032788B4,3,10,1,0.3687096834182739,102424.0,50769.0
25032788B4,3,10,2,0.07697619497776031,94232.0,50769.0
25032788B4,3,10,3,0.04572759196162224,44560.0,41617.0
25032788B4,3,10,4,0.02701142430305481,24080.0,49809.0
25032788B4,3,10,5,0.02360008843243122,110616.0,42577.0
25032788B4,3,10,6,0.012011200189590454,134429.0,70424.0
25032788B4,3,10,7,0.011643970385193825,130333.0,74520.0
25032788B4,3,10,8,0.011600526049733162,118808.0,38481.0
25032788B4,3,10,9,0.01048331055790186,28176.0,49809.0
25032788B4,3,10,10,0.009839559905230999,19984.0,29329.0
25033169B1,3,3,1,0.03668951243162155,99765.0,33633.0
25033169B1,3,3,2,0.027864014729857445,11744.0,23168.0
25033169B1,3,3,3,0.025138361379504204,44512.0,19072.0
25033169B1,3,5,1,0.03668951243162155,99765.0,33633.0
25033169B1,3,5,2,0.027864014729857445,11744.0,23168.0
25033169B1,3,5,3,0.025138361379504204,44512.0,19072.0
25033169B1,3,5,4,0.02228756994009018,48608.0,27264.0
25033169B1,3,5,5,0.021824967116117477,15840.0,43648.0
25033169B1,3,10,1,0.03668951243162155,99765.0,33633.0
25033169B1,3,10,2,0.027864014729857445,11744.0,23168.0
25033169B1,3,10,3,0.025138361379504204,44512.0,19072.0
25033169B1,3,10,4,0.02228756994009018,48608.0,27264.0
25033169B1,3,10,5,0.021824967116117477,15840.0,43648.0
25033169B1,3,10,6,0.02156268060207367,103861.0,41825.0
25033169B1,3,10,7,0.0209868922829628,32224.0,39552.0
25033169B1,3,10,8,0.018207456916570663,99765.0,50017.0
25033169B1,3,10,9,0.017553282901644707,124341.0,37729.0
25033169B1,3,10,10,0.01599307358264923,91573.0,33633.0
25033486B,3,3,1,0.09539073705673218,32352.0,23344.0
25033486B,3,3,2,0.07400122284889221,28256.0,23344.0
25033486B,3,3,3,0.04808078706264496,117043.0,39057.0
25033486B,3,5,1,0.09539073705673218,32352.0,23344.0
25033486B,3,5,2,0.07400122284889221,28256.0,23344.0
25033486B,3,5,3,0.04808078706264496,117043.0,39057.0
25033486B,3,5,4,0.034912217408418655,112947.0,55441.0
25033486B,3,5,5,0.03311733156442642,117043.0,51345.0
25033486B,3,10,1,0.09539073705673218,32352.0,23344.0
25033486B,3,10,2,0.07400122284889221,28256.0,23344.0
25033486B,3,10,3,0.04808078706264496,117043.0,39057.0
25033486B,3,10,4,0.034912217408418655,112947.0,55441.0
25033486B,3,10,5,0.03311733156442642,117043.0,51345.0
25033486B,3,10,6,0.027040082961320877,36448.0,19248.0
25033486B,3,10,7,0.020417602732777596,112947.0,26769.0
25033486B,3,10,8,0.01715458557009697,32352.0,19248.0
25033486B,3,10,9,0.016077598556876183,20064.0,35632.0
25033486B,3,10,10,0.014340750873088837,36448.0,15152.0
25034929B2,3,3,1,0.12629316747188568,126150.0,71777.0
25034929B2,3,3,2,0.10202392935752869,122054.0,71777.0
25034929B2,3,3,3,0.037257447838783264,93382.0,34913.0
25034929B2,3,5,1,0.12629316747188568,126150.0,71777.0
25034929B2,3,5,2,0.10202392935752869,122054.0,71777.0
25034929B2,3,5,3,0.037257447838783264,93382.0,34913.0
25034929B2,3,5,4,0.03588961064815521,113862.0,47201.0
25034929B2,3,5,5,0.029809091240167618,116986.0,9536.0
25034929B2,3,10,1,0.12629316747188568,126150.0,71777.0
25034929B2,3,10,2,0.10202392935752869,122054.0,71777.0
25034929B2,3,10,3,0.037257447838783264,93382.0,34913.0
25034929B2,3,10,4,0.03588961064815521,113862.0,47201.0
25034929B2,3,10,5,0.029809091240167618,116986.0,9536.0
25034929B2,3,10,6,0.021929379552602768,12912.0,14961.0
25034929B2,3,10,7,0.021053176373243332,101574.0,39009.0
25034929B2,3,10,8,0.021052919328212738,57968.0,60017.0
25034929B2,3,10,9,0.02089962363243103,29296.0,43633.0
25034929B2,3,10,10,0.016203204169869423,121082.0,13632.0
25036634B2,3,3,1,0.061074428260326385,46400.0,32417.0
25036634B2,3,3,2,0.05925292521715164,100496.0,37281.0
25036634B2,3,3,3,0.05359463021159172,104592.0,45473.0
25036634B2,3,5,1,0.061074428260326385,46400.0,32417.0
25036634B2,3,5,2,0.05925292521715164,100496.0,37281.0
25036634B2,3,5,3,0.05359463021159172,104592.0,45473.0
25036634B2,3,5,4,0.033047378063201904,108688.0,45473.0
25036634B2,3,5,5,0.03190911188721657,38208.0,32417.0
25036634B2,3,10,1,0.061074428260326385,46400.0,32417.0
25036634B2,3,10,2,0.05925292521715164,100496.0,37281.0
25036634B2,3,10,3,0.05359463021159172,104592.0,45473.0
25036634B2,3,10,4,0.033047378063201904,108688.0,45473.0
25036634B2,3,10,5,0.03190911188721657,38208.0,32417.0
25036634B2,3,10,6,0.030565811321139336,34112.0,36513.0
25036634B2,3,10,7,0.02124685049057007,34112.0,32417.0
25036634B2,3,10,8,0.02096066251397133,108688.0,49569.0
25036634B2,3,10,9,0.01960260048508644,30016.0,40609.0
25036634B2,3,10,10,0.019403129816055298,42304.0,32417.0
25043600B3,3,3,1,0.1495901197195053,98272.0,36097.0
25043600B3,3,3,2,0.0785042941570282,106464.0,44289.0
25043600B3,3,3,3,0.04284491389989853,102368.0,36097.0
25043600B3,3,5,1,0.1495901197195053,98272.0,36097.0
25043600B3,3,5,2,0.0785042941570282,106464.0,44289.0
25043600B3,3,5,3,0.04284491389989853,102368.0,36097.0
25043600B3,3,5,4,0.03885897621512413,94176.0,36097.0
25043600B3,3,5,5,0.03199480473995209,21696.0,39297.0
25043600B3,3,10,1,0.1495901197195053,98272.0,36097.0
25043600B3,3,10,2,0.0785042941570282,106464.0,44289.0
25043600B3,3,10,3,0.04284491389989853,102368.0,36097.0
25043600B3,3,10,4,0.03885897621512413,94176.0,36097.0
25043600B3,3,10,5,0.03199480473995209,21696.0,39297.0
25043600B3,3,10,6,0.023249031975865364,102368.0,40193.0
25043600B3,3,10,7,0.02296598069369793,25792.0,43393.0
25043600B3,3,10,8,0.021871738135814667,9408.0,39297.0
25043600B3,3,10,9,0.021221891045570374,17600.0,59777.0
25043600B3,3,10,10,0.020211683586239815,85984.0,56577.0
25045403B2,3,3,1,0.0878976508975029,62360.0,38929.0
25045403B2,3,3,2,0.0838451236486435,7537.0,62562.0
25045403B2,3,3,3,0.07844951748847961,62360.0,55313.0
25045403B2,3,5,1,0.0878976508975029,62360.0,38929.0
25045403B2,3,5,2,0.0838451236486435,7537.0,62562.0
25045403B2,3,5,3,0.07844951748847961,62360.0,55313.0
25045403B2,3,5,4,0.07262898981571198,15729.0,54370.0
25045403B2,3,5,5,0.055912792682647705,19825.0,37986.0
25045403B2,3,10,1,0.0878976508975029,62360.0,38929.0
25045403B2,3,10,2,0.0838451236486435,7537.0,62562.0
25045403B2,3,10,3,0.07844951748847961,62360.0,55313.0
25045403B2,3,10,4,0.07262898981571198,15729.0,54370.0
25045403B2,3,10,5,0.055912792682647705,19825.0,37986.0
25045403B2,3,10,6,0.051297884434461594,70552.0,34833.0
25045403B2,3,10,7,0.03946308419108391,58264.0,59409.0
25045403B2,3,10,8,0.024848908185958862,62360.0,34833.0
25045403B2,3,10,9,0.022362571209669113,11633.0,58466.0
25045403B2,3,10,10,0.014837421476840973,11633.0,33890.0
25045450B2,3,3,1,0.410355806350708,11968.0,45652.0
25045450B2,3,3,2,0.058993659913539886,11968.0,49748.0
25045450B2,3,3,3,0.05649838224053383,60405.0,44340.0
25045450B2,3,5,1,0.410355806350708,11968.0,45652.0
25045450B2,3,5,2,0.058993659913539886,11968.0,49748.0
25045450B2,3,5,3,0.05649838224053383,60405.0,44340.0
25045450B2,3,5,4,0.04281279444694519,64501.0,44340.0
25045450B2,3,5,5,0.04036647826433182,11968.0,33364.0
25045450B2,3,10,1,0.410355806350708,11968.0,45652.0
25045450B2,3,10,2,0.058993659913539886,11968.0,49748.0
25045450B2,3,10,3,0.05649838224053383,60405.0,44340.0
25045450B2,3,10,4,0.04281279444694519,64501.0,44340.0
25045450B2,3,10,5,0.04036647826433182,11968.0,33364.0
25045450B2,3,10,6,0.03672044351696968,60405.0,32052.0
25045450B2,3,10,7,0.023298149928450584,68597.0,48436.0
25045450B2,3,10,8,0.018062938004732132,60405.0,48436.0
25045450B2,3,10,9,0.015645528212189674,56309.0,27956.0
25045450B2,3,10,10,0.015526644885540009,16064.0,49748.0
25046521B3,3,3,1,0.07628151774406433,24593.0,40464.0
25046521B3,3,3,2,0.05798911675810814,72217.0,19024.0
25046521B3,3,3,3,0.04533050209283829,32785.0,32272.0
25046521B3,3,5,1,0.07628151774406433,24593.0,40464.0
25046521B3,3,5,2,0.05798911675810814,72217.0,19024.0
25046521B3,3,5,3,0.04533050209283829,32785.0,32272.0
25046521B3,3,5,4,0.04505807161331177,76313.0,47696.0
25046521B3,3,5,5,0.043104954063892365,84505.0,23120.0
25046521B3,3,10,1,0.07628151774406433,24593.0,40464.0
25046521B3,3,10,2,0.05798911675810814,72217.0,19024.0
25046521B3,3,10,3,0.04533050209283829,32785.0,32272.0
25046521B3,3,10,4,0.04505807161331177,76313.0,47696.0
25046521B3,3,10,5,0.043104954063892365,84505.0,23120.0
25046521B3,3,10,6,0.04280267655849457,72217.0,47696.0
25046521B3,3,10,7,0.032424550503492355,88601.0,39504.0
25046521B3,3,10,8,0.025684094056487083,12305.0,24080.0
25046521B3,3,10,9,0.024361956864595413,20497.0,24080.0
25046521B3,3,10,10,0.02382105030119419,72217.0,23120.0
25047067B2,3,3,1,0.13216660916805267,31616.0,25169.0
25047067B2,3,3,2,0.04796529933810234,90307.0,45202.0
25047067B2,3,3,3,0.04521982744336128,23424.0,29265.0
25047067B2,3,5,1,0.13216660916805267,31616.0,25169.0
25047067B2,3,5,2,0.04796529933810234,90307.0,45202.0
25047067B2,3,5,3,0.04521982744336128,23424.0,29265.0
25047067B2,3,5,4,0.033648401498794556,35712.0,33361.0
25047067B2,3,5,5,0.03342436999082565,27520.0,16977.0
25047067B2,3,10,1,0.13216660916805267,31616.0,25169.0
25047067B2,3,10,2,0.04796529933810234,90307.0,45202.0
25047067B2,3,10,3,0.04521982744336128,23424.0,29265.0
25047067B2,3,10,4,0.033648401498794556,35712.0,33361.0
25047067B2,3,10,5,0.03342436999082565,27520.0,16977.0
25047067B2,3,10,6,0.03312764689326286,27520.0,33361.0
25047067B2,3,10,7,0.031326550990343094,39808.0,21073.0
25047067B2,3,10,8,0.030268903821706772,39808.0,33361.0
25047067B2,3,10,9,0.026631267741322517,35712.0,21073.0
25047067B2,3,10,10,0.02116054855287075,23424.0,25169.0
25047835B3,3,3,1,0.6594025492668152,64451.0,39329.0
25047835B3,3,3,2,0.028739843517541885,11792.0,36962.0
25047835B3,3,3,3,0.006206696853041649,11792.0,32866.0
25047835B3,3,5,1,0.6594025492668152,64451.0,39329.0
25047835B3,3,5,2,0.028739843517541885,11792.0,36962.0
25047835B3,3,5,3,0.006206696853041649,11792.0,32866.0
25047835B3,3,5,4,0.005038069561123848,11792.0,49250.0
25047835B3,3,5,5,0.00482832919806242,60355.0,39329.0
25047835B3,3,10,1,0.6594025492668152,64451.0,39329.0
25047835B3,3,10,2,0.028739843517541885,11792.0,36962.0
25047835B3,3,10,3,0.006206696853041649,11792.0,32866.0
25047835B3,3,10,4,0.005038069561123848,11792.0,49250.0
25047835B3,3,10,5,0.00482832919806242,60355.0,39329.0
25047835B3,3,10,6,0.004772378131747246,7696.0,36962.0
25047835B3,3,10,7,0.004758981987833977,28176.0,41058.0
25047835B3,3,10,8,0.004512140527367592,64451.0,43425.0
25047835B3,3,10,9,0.004329868592321873,19984.0,41058.0
25047835B3,3,10,10,0.004225448705255985,64451.0,35233.0
25048256B2,3,3,1,0.045064494013786316,15824.0,48816.0
25048256B2,3,3,2,0.04455830156803131,15824.0,32432.0
25048256B2,3,3,3,0.04296765848994255,32208.0,65200.0
25048256B2,3,5,1,0.045064494013786316,15824.0,48816.0
25048256B2,3,5,2,0.04455830156803131,15824.0,32432.0
25048256B2,3,5,3,0.04296765848994255,32208.0,65200.0
25048256B2,3,5,4,0.030614158138632774,28112.0,61104.0
25048256B2,3,5,5,0.02635447308421135,92231.0,36289.0
25048256B2,3,10,1,0.045064494013786316,15824.0,48816.0
25048256B2,3,10,2,0.04455830156803131,15824.0,32432.0
25048256B2,3,10,3,0.04296765848994255,32208.0,65200.0
25048256B2,3,10,4,0.030614158138632774,28112.0,61104.0
25048256B2,3,10,5,0.02635447308421135,92231.0,36289.0
25048256B2,3,10,6,0.025185203179717064,15824.0,28336.0
25048256B2,3,10,7,0.023676037788391113,19920.0,36528.0
25048256B2,3,10,8,0.023007448762655258,112711.0,73153.0
25048256B2,3,10,9,0.022643309086561203,92231.0,40385.0
25048256B2,3,10,10,0.02136588841676712,32208.0,69296.0
25050862B2,3,3,1,0.09855139255523682,33312.0,37921.0
25050862B2,3,3,2,0.09798285365104675,96880.0,36416.0
25050862B2,3,3,3,0.08239500969648361,45600.0,46113.0
25050862B2,3,5,1,0.09855139255523682,33312.0,37921.0
25050862B2,3,5,2,0.09798285365104675,96880.0,36416.0
25050862B2,3,5,3,0.08239500969648361,45600.0,46113.0
25050862B2,3,5,4,0.03253013640642166,33312.0,46113.0
25050862B2,3,5,5,0.02508644014596939,109168.0,48704.0
25050862B2,3,10,1,0.09855139255523682,33312.0,37921.0
25050862B2,3,10,2,0.09798285365104675,96880.0,36416.0
25050862B2,3,10,3,0.08239500969648361,45600.0,46113.0
25050862B2,3,10,4,0.03253013640642166,33312.0,46113.0
25050862B2,3,10,5,0.02508644014596939,109168.0,48704.0
25050862B2,3,10,6,0.021508336067199707,37408.0,29729.0
25050862B2,3,10,7,0.019699271768331528,100976.0,36416.0
25050862B2,3,10,8,0.017083855345845222,29216.0,37921.0
25050862B2,3,10,9,0.01578485034406185,100976.0,40512.0
25050862B2,3,10,10,0.014090543612837791,49696.0,46113.0
25050984B2,3,3,1,0.11698354780673981,103750.0,38881.0
25050984B2,3,3,2,0.03889240324497223,36880.0,59089.0
25050984B2,3,3,3,0.03154491260647774,36880.0,54993.0
25050984B2,3,5,1,0.11698354780673981,103750.0,38881.0
25050984B2,3,5,2,0.03889240324497223,36880.0,59089.0
25050984B2,3,5,3,0.03154491260647774,36880.0,54993.0
25050984B2,3,5,4,0.030741766095161438,95558.0,63457.0
25050984B2,3,5,5,0.03005928546190262,32784.0,67281.0
25050984B2,3,10,1,0.11698354780673981,103750.0,38881.0
25050984B2,3,10,2,0.03889240324497223,36880.0,59089.0
25050984B2,3,10,3,0.03154491260647774,36880.0,54993.0
25050984B2,3,10,4,0.030741766095161438,95558.0,63457.0
25050984B2,3,10,5,0.03005928546190262,32784.0,67281.0
25050984B2,3,10,6,0.02270195260643959,40976.0,54993.0
25050984B2,3,10,7,0.022481510415673256,36880.0,46801.0
25050984B2,3,10,8,0.019782736897468567,32784.0,54993.0
25050984B2,3,10,9,0.01908794604241848,95558.0,51169.0
25050984B2,3,10,10,0.017518989741802216,107846.0,38881.0
25051207B5,3,3,1,0.17863136529922485,40864.0,6496.0
25051207B5,3,3,2,0.061964090913534164,40864.0,10592.0
25051207B5,3,3,3,0.04814782366156578,8096.0,31072.0
25051207B5,3,5,1,0.17863136529922485,40864.0,6496.0
25051207B5,3,5,2,0.061964090913534164,40864.0,10592.0
25051207B5,3,5,3,0.04814782366156578,8096.0,31072.0
25051207B5,3,5,4,0.030765198171138763,105364.0,41168.0
25051207B5,3,5,5,0.026275385171175003,109460.0,41168.0
25051207B5,3,10,1,0.17863136529922485,40864.0,6496.0
25051207B5,3,10,2,0.061964090913534164,40864.0,10592.0
25051207B5,3,10,3,0.04814782366156578,8096.0,31072.0
25051207B5,3,10,4,0.030765198171138763,105364.0,41168.0
25051207B5,3,10,5,0.026275385171175003,109460.0,41168.0
25051207B5,3,10,6,0.02282114326953888,24480.0,18784.0
25051207B5,3,10,7,0.022771988064050674,105364.0,28880.0
25051207B5,3,10,8,0.02275199070572853,53152.0,39264.0
25051207B5,3,10,9,0.019945133477449417,53152.0,18784.0
25051207B5,3,10,10,0.019152890890836716,49056.0,26976.0
25054130B1,3,3,1,0.09150972217321396,24080.0,61328.0
25054130B1,3,3,2,0.07333645224571228,96913.0,38832.0
25054130B1,3,3,3,0.054941799491643906,92817.0,55216.0
25054130B1,3,5,1,0.09150972217321396,24080.0,61328.0
25054130B1,3,5,2,0.07333645224571228,96913.0,38832.0
25054130B1,3,5,3,0.054941799491643906,92817.0,55216.0
25054130B1,3,5,4,0.054936155676841736,92817.0,38832.0
25054130B1,3,5,5,0.04724322259426117,92817.0,42928.0
25054130B1,3,10,1,0.09150972217321396,24080.0,61328.0
25054130B1,3,10,2,0.07333645224571228,96913.0,38832.0
25054130B1,3,10,3,0.054941799491643906,92817.0,55216.0
25054130B1,3,10,4,0.054936155676841736,92817.0,38832.0
25054130B1,3,10,5,0.04724322259426117,92817.0,42928.0
25054130B1,3,10,6,0.0405706912279129,109201.0,26544.0
25054130B1,3,10,7,0.02426053211092949,101009.0,22448.0
25054130B1,3,10,8,0.01686885394155979,105105.0,22448.0
25054130B1,3,10,9,0.01588945835828781,19984.0,28560.0
25054130B1,3,10,10,0.012973761186003685,96913.0,42928.0
25055857B2,3,3,1,0.06418585777282715,60800.0,0.0
25055857B2,3,3,2,0.041743919253349304,102945.0,35746.0
25055857B2,3,3,3,0.026146218180656433,60800.0,61440.0
25055857B2,3,5,1,0.06418585777282715,60800.0,0.0
25055857B2,3,5,2,0.041743919253349304,102945.0,35746.0
25055857B2,3,5,3,0.026146218180656433,60800.0,61440.0
25055857B2,3,5,4,0.024853430688381195,56704.0,61440.0
25055857B2,3,5,5,0.020229529589414597,138624.0,57344.0
25055857B2,3,10,1,0.06418585777282715,60800.0,0.0
25055857B2,3,10,2,0.041743919253349304,102945.0,35746.0
25055857B2,3,10,3,0.026146218180656433,60800.0,61440.0
25055857B2,3,10,4,0.024853430688381195,56704.0,61440.0
25055857B2,3,10,5,0.020229529589414597,138624.0,57344.0
25055857B2,3,10,6,0.01974831148982048,22320.0,35521.0
25055857B2,3,10,7,0.019069964066147804,7552.0,81920.0
25055857B2,3,10,8,0.018427567556500435,60800.0,4096.0
25055857B2,3,10,9,0.017246050760149956,123425.0,35746.0
25055857B2,3,10,10,0.01682576909661293,94753.0,31650.0
25058713B2,3,3,1,0.2511661648750305,24128.0,29697.0
25058713B2,3,3,2,0.1608956754207611,20032.0,29697.0
25058713B2,3,3,3,0.045728009194135666,94961.0,25376.0
25058713B2,3,5,1,0.2511661648750305,24128.0,29697.0
25058713B2,3,5,2,0.1608956754207611,20032.0,29697.0
25058713B2,3,5,3,0.045728009194135666,94961.0,25376.0
25058713B2,3,5,4,0.04517355188727379,111345.0,33568.0
25058713B2,3,5,5,0.03962571918964386,107249.0,33568.0
25058713B2,3,10,1,0.2511661648750305,24128.0,29697.0
25058713B2,3,10,2,0.1608956754207611,20032.0,29697.0
25058713B2,3,10,3,0.045728009194135666,94961.0,25376.0
25058713B2,3,10,4,0.04517355188727379,111345.0,33568.0
25058713B2,3,10,5,0.03962571918964386,107249.0,33568.0
25058713B2,3,10,6,0.032054055482149124,32320.0,37889.0
25058713B2,3,10,7,0.029961224645376205,28224.0,41985.0
25058713B2,3,10,8,0.026194509118795395,32320.0,33793.0
25058713B2,3,10,9,0.012160077691078186,103153.0,37664.0
25058713B2,3,10,10,0.012048819102346897,99057.0,25376.0
25060539B2,3,3,1,0.032638777047395706,47824.0,42528.0
25060539B2,3,3,2,0.024464624002575874,39632.0,26144.0
25060539B2,3,3,3,0.01918763294816017,47824.0,46624.0
25060539B2,3,5,1,0.032638777047395706,47824.0,42528.0
25060539B2,3,5,2,0.024464624002575874,39632.0,26144.0
25060539B2,3,5,3,0.01918763294816017,47824.0,46624.0
25060539B2,3,5,4,0.018785523250699043,39632.0,42528.0
25060539B2,3,5,5,0.01708604022860527,43728.0,54816.0
25060539B2,3,10,1,0.032638777047395706,47824.0,42528.0
25060539B2,3,10,2,0.024464624002575874,39632.0,26144.0
25060539B2,3,10,3,0.01918763294816017,47824.0,46624.0
25060539B2,3,10,4,0.018785523250699043,39632.0,42528.0
25060539B2,3,10,5,0.01708604022860527,43728.0,54816.0
25060539B2,3,10,6,0.016209281980991364,101843.0,14608.0
25060539B2,3,10,7,0.013802679255604744,31440.0,34336.0
25060539B2,3,10,8,0.013527393341064453,39632.0,58912.0
25060539B2,3,10,9,0.013485325500369072,27344.0,34336.0
25060539B2,3,10,10,0.012803463265299797,51920.0,26144.0
25063371B2,3,3,1,0.032690130174160004,40384.0,54946.0
25063371B2,3,3,2,0.03238530084490776,85608.0,54146.0
25063371B2,3,3,3,0.03190525248646736,56768.0,63138.0
25063371B2,3,5,1,0.032690130174160004,40384.0,54946.0
25063371B2,3,5,2,0.03238530084490776,85608.0,54146.0
25063371B2,3,5,3,0.03190525248646736,56768.0,63138.0
25063371B2,3,5,4,0.027139626443386078,118376.0,54146.0
25063371B2,3,5,5,0.024932002648711205,101992.0,37762.0
25063371B2,3,10,1,0.032690130174160004,40384.0,54946.0
25063371B2,3,10,2,0.03238530084490776,85608.0,54146.0
25063371B2,3,10,3,0.03190525248646736,56768.0,63138.0
25063371B2,3,10,4,0.027139626443386078,118376.0,54146.0
25063371B2,3,10,5,0.024932002648711205,101992.0,37762.0
25063371B2,3,10,6,0.024050388485193253,56768.0,54946.0
25063371B2,3,10,7,0.023121273145079613,48576.0,59042.0
25063371B2,3,10,8,0.022456839680671692,20241.0,32436.0
25063371B2,3,10,9,0.02072315663099289,110184.0,54146.0
25063371B2,3,10,10,0.01993495225906372,36288.0,71330.0
25063700B,3,3,1,0.10398578643798828,23936.0,44065.0
25063700B,3,3,2,0.08515758812427521,19840.0,35873.0
25063700B,3,3,3,0.07357585430145264,23936.0,15393.0
25063700B,3,5,1,0.10398578643798828,23936.0,44065.0
25063700B,3,5,2,0.08515758812427521,19840.0,35873.0
25063700B,3,5,3,0.07357585430145264,23936.0,15393.0
25063700B,3,5,4,0.04299845173954964,19840.0,39969.0
25063700B,3,5,5,0.03449293226003647,23936.0,27681.0
25063700B,3,10,1,0.10398578643798828,23936.0,44065.0
25063700B,3,10,2,0.08515758812427521,19840.0,35873.0
25063700B,3,10,3,0.07357585430145264,23936.0,15393.0
25063700B,3,10,4,0.04299845173954964,19840.0,39969.0
25063700B,3,10,5,0.03449293226003647,23936.0,27681.0
25063700B,3,10,6,0.02786225825548172,19840.0,31777.0
25063700B,3,10,7,0.023946821689605713,48512.0,27681.0
25063700B,3,10,8,0.02385365217924118,19840.0,15393.0
25063700B,3,10,9,0.02330765873193741,28032.0,19489.0
25063700B,3,10,10,0.023193372413516045,36224.0,44065.0
2460242-B2,4,3,1,0.1051696240901947,150007.0,46992.0
2460242-B2,4,3,2,0.06696809828281403,75745.0,48368.0
2460242-B2,4,3,3,0.06093773618340492,67553.0,48368.0
2460242-B2,4,5,1,0.1051696240901947,150007.0,46992.0
2460242-B2,4,5,2,0.06696809828281403,75745.0,48368.0
2460242-B2,4,5,3,0.06093773618340492,67553.0,48368.0
2460242-B2,4,5,4,0.05472899228334427,141815.0,51088.0
2460242-B2,4,5,5,0.03231672942638397,34785.0,44272.0
2460242-B2,4,10,1,0.1051696240901947,150007.0,46992.0
2460242-B2,4,10,2,0.06696809828281403,75745.0,48368.0
2460242-B2,4,10,3,0.06093773618340492,67553.0,48368.0
2460242-B2,4,10,4,0.05472899228334427,141815.0,51088.0
2460242-B2,4,10,5,0.03231672942638397,34785.0,44272.0
2460242-B2,4,10,6,0.02101796492934227,38881.0,27888.0
2460242-B2,4,10,7,0.02067014016211033,47073.0,52464.0
2460242-B2,4,10,8,0.020514287054538727,71649.0,44272.0
2460242-B2,4,10,9,0.02040386199951172,67553.0,52464.0
2460242-B2,4,10,10,0.020148146897554398,51169.0,40176.0
2460405-B2,4,3,1,0.19755494594573975,96135.0,37890.0
2460405-B2,4,3,2,0.09854642301797867,24432.0,55858.0
2460405-B2,4,3,3,0.08489687740802765,136733.0,4880.0
2460405-B2,4,5,1,0.19755494594573975,96135.0,37890.0
2460405-B2,4,5,2,0.09854642301797867,24432.0,55858.0
2460405-B2,4,5,3,0.08489687740802765,136733.0,4880.0
2460405-B2,4,5,4,0.07727575302124023,137933.0,69654.0
2460405-B2,4,5,5,0.07149645686149597,137933.0,73750.0
2460405-B2,4,10,1,0.19755494594573975,96135.0,37890.0
2460405-B2,4,10,2,0.09854642301797867,24432.0,55858.0
2460405-B2,4,10,3,0.08489687740802765,136733.0,4880.0
2460405-B2,4,10,4,0.07727575302124023,137933.0,69654.0
2460405-B2,4,10,5,0.07149645686149597,137933.0,73750.0
2460405-B2,4,10,6,0.0529404878616333,28528.0,59954.0
2460405-B2,4,10,7,0.035994090139865875,136733.0,8976.0
2460405-B2,4,10,8,0.03204105794429779,20336.0,51762.0
2460405-B2,4,10,9,0.031039800494909286,100231.0,58370.0
2460405-B2,4,10,10,0.029154296964406967,24432.0,59954.0
2460643-B,4,3,1,0.2973213493824005,24272.0,59425.0
2460643-B,4,3,2,0.06654839962720871,11984.0,47137.0
2460643-B,4,3,3,0.054549142718315125,24272.0,43041.0
2460643-B,4,5,1,0.2973213493824005,24272.0,59425.0
2460643-B,4,5,2,0.06654839962720871,11984.0,47137.0
2460643-B,4,5,3,0.054549142718315125,24272.0,43041.0
2460643-B,4,5,4,0.05009361729025841,36560.0,51233.0
2460643-B,4,5,5,0.031585514545440674,32464.0,51233.0
2460643-B,4,10,1,0.2973213493824005,24272.0,59425.0
2460643-B,4,10,2,0.06654839962720871,11984.0,47137.0
2460643-B,4,10,3,0.054549142718315125,24272.0,43041.0
2460643-B,4,10,4,0.05009361729025841,36560.0,51233.0
2460643-B,4,10,5,0.031585514545440674,32464.0,51233.0
2460643-B,4,10,6,0.028069745749235153,24272.0,47137.0
2460643-B,4,10,7,0.0234140083193779,16080.0,47137.0
2460643-B,4,10,8,0.02275574393570423,28368.0,51233.0
2460643-B,4,10,9,0.021663283929228783,16080.0,43041.0
2460643-B,4,10,10,0.020138243213295937,85585.0,43730.0
2460770-B2,4,3,1,0.09219848364591599,114294.0,24576.0
2460770-B2,4,3,2,0.06665858626365662,97910.0,24576.0
2460770-B2,4,3,3,0.049843572080135345,118390.0,28672.0
2460770-B2,4,5,1,0.09219848364591599,114294.0,24576.0
2460770-B2,4,5,2,0.06665858626365662,97910.0,24576.0
2460770-B2,4,5,3,0.049843572080135345,118390.0,28672.0
2460770-B2,4,5,4,0.04836781322956085,102006.0,16384.0
2460770-B2,4,5,5,0.04259844124317169,29793.0,28912.0
2460770-B2,4,10,1,0.09219848364591599,114294.0,24576.0
2460770-B2,4,10,2,0.06665858626365662,97910.0,24576.0
2460770-B2,4,10,3,0.049843572080135345,118390.0,28672.0
2460770-B2,4,10,4,0.04836781322956085,102006.0,16384.0
2460770-B2,4,10,5,0.04259844124317169,29793.0,28912.0
2460770-B2,4,10,6,0.04102587699890137,97910.0,28672.0
2460770-B2,4,10,7,0.03592044115066528,110198.0,20480.0
2460770-B2,4,10,8,0.029867127537727356,118390.0,24576.0
2460770-B2,4,10,9,0.024645987898111343,21601.0,24816.0
2460770-B2,4,10,10,0.02235976979136467,97910.0,20480.0
2460974-B2,4,3,1,0.19135943055152893,84848.0,29220.0
2460974-B2,4,3,2,0.11523531377315521,8032.0,22849.0
2460974-B2,4,3,3,0.09407489001750946,8032.0,26945.0
2460974-B2,4,5,1,0.19135943055152893,84848.0,29220.0
2460974-B2,4,5,2,0.11523531377315521,8032.0,22849.0
2460974-B2,4,5,3,0.09407489001750946,8032.0,26945.0
2460974-B2,4,5,4,0.051331620663404465,24416.0,51521.0
2460974-B2,4,5,5,0.044995274394750595,28512.0,59713.0
2460974-B2,4,10,1,0.19135943055152893,84848.0,29220.0
2460974-B2,4,10,2,0.11523531377315521,8032.0,22849.0
2460974-B2,4,10,3,0.09407489001750946,8032.0,26945.0
2460974-B2,4,10,4,0.051331620663404465,24416.0,51521.0
2460974-B2,4,10,5,0.044995274394750595,28512.0,59713.0
2460974-B2,4,10,6,0.035981614142656326,44896.0,26945.0
2460974-B2,4,10,7,0.03495302423834801,48992.0,31041.0
2460974-B2,4,10,8,0.02551782876253128,96304.0,49941.0
2460974-B2,4,10,9,0.020600134506821632,88112.0,37653.0
2460974-B2,4,10,10,0.017006024718284607,12128.0,14657.0
2461487-B2,4,3,1,0.08884000033140182,106514.0,10704.0
2461487-B2,4,3,2,0.07668963819742203,106514.0,14800.0
2461487-B2,4,3,3,0.06693318486213684,36320.0,23776.0
2461487-B2,4,5,1,0.08884000033140182,106514.0,10704.0
2461487-B2,4,5,2,0.07668963819742203,106514.0,14800.0
2461487-B2,4,5,3,0.06693318486213684,36320.0,23776.0
2461487-B2,4,5,4,0.06251442432403564,64992.0,23776.0
2461487-B2,4,5,5,0.058379173278808594,32224.0,23776.0
2461487-B2,4,10,1,0.08884000033140182,106514.0,10704.0
2461487-B2,4,10,2,0.07668963819742203,106514.0,14800.0
2461487-B2,4,10,3,0.06693318486213684,36320.0,23776.0
2461487-B2,4,10,4,0.06251442432403564,64992.0,23776.0
2461487-B2,4,10,5,0.058379173278808594,32224.0,23776.0
2461487-B2,4,10,6,0.04991484433412552,28128.0,15584.0
2461487-B2,4,10,7,0.044946953654289246,28128.0,31968.0
2461487-B2,4,10,8,0.03615079075098038,64992.0,31968.0
2461487-B2,4,10,9,0.0231174323707819,60896.0,23776.0
2461487-B2,4,10,10,0.021658465266227722,110610.0,27088.0
2461672-B2,4,3,1,0.18915821611881256,46928.0,25968.0
2461672-B2,4,3,2,0.07238462567329407,71504.0,25968.0
2461672-B2,4,3,3,0.07029470056295395,67408.0,17776.0
2461672-B2,4,5,1,0.18915821611881256,46928.0,25968.0
2461672-B2,4,5,2,0.07238462567329407,71504.0,25968.0
2461672-B2,4,5,3,0.07029470056295395,67408.0,17776.0
2461672-B2,4,5,4,0.04263514280319214,144215.0,36593.0
2461672-B2,4,5,5,0.037453554570674896,30544.0,13680.0
2461672-B2,4,10,1,0.18915821611881256,46928.0,25968.0
2461672-B2,4,10,2,0.07238462567329407,71504.0,25968.0
2461672-B2,4,10,3,0.07029470056295395,67408.0,17776.0
2461672-B2,4,10,4,0.04263514280319214,144215.0,36593.0
2461672-B2,4,10,5,0.037453554570674896,30544.0,13680.0
2461672-B2,4,10,6,0.029886217787861824,55120.0,30064.0
2461672-B2,4,10,7,0.029288366436958313,26448.0,25968.0
2461672-B2,4,10,8,0.01836809329688549,136023.0,40689.0
2461672-B2,4,10,9,0.017616963014006615,148311.0,32497.0
2461672-B2,4,10,10,0.017019838094711304,83792.0,21872.0
2462290-B2,4,3,1,0.09655921161174774,96712.0,29872.0
2462290-B2,4,3,2,0.08475148677825928,96712.0,33968.0
2462290-B2,4,3,3,0.07092238962650299,24128.0,34705.0
2462290-B2,4,5,1,0.09655921161174774,96712.0,29872.0
2462290-B2,4,5,2,0.08475148677825928,96712.0,33968.0
2462290-B2,4,5,3,0.07092238962650299,24128.0,34705.0
2462290-B2,4,5,4,0.04767368361353874,92616.0,17584.0
2462290-B2,4,5,5,0.04415598511695862,24128.0,30609.0
2462290-B2,4,10,1,0.09655921161174774,96712.0,29872.0
2462290-B2,4,10,2,0.08475148677825928,96712.0,33968.0
2462290-B2,4,10,3,0.07092238962650299,24128.0,34705.0
2462290-B2,4,10,4,0.04767368361353874,92616.0,17584.0
2462290-B2,4,10,5,0.04415598511695862,24128.0,30609.0
2462290-B2,4,10,6,0.0383024588227272,28224.0,38801.0
2462290-B2,4,10,7,0.026688050478696823,20032.0,26513.0
2462290-B2,4,10,8,0.02527938224375248,24128.0,26513.0
2462290-B2,4,10,9,0.018331144005060196,32320.0,42897.0
2462290-B2,4,10,10,0.01825278252363205,20032.0,18321.0
2462483-B,4,3,1,0.1586327850818634,59299.0,58577.0
2462483-B,4,3,2,0.12347599864006042,101014.0,39617.0
2462483-B,4,3,3,0.10285355150699615,87670.0,35441.0
2462483-B,4,5,1,0.1586327850818634,59299.0,58577.0
2462483-B,4,5,2,0.12347599864006042,101014.0,39617.0
2462483-B,4,5,3,0.10285355150699615,87670.0,35441.0
2462483-B,4,5,4,0.09555014967918396,37665.0,43665.0
2462483-B,4,5,5,0.07819211483001709,37665.0,47761.0
2462483-B,4,10,1,0.1586327850818634,59299.0,58577.0
2462483-B,4,10,2,0.12347599864006042,101014.0,39617.0
2462483-B,4,10,3,0.10285355150699615,87670.0,35441.0
2462483-B,4,10,4,0.09555014967918396,37665.0,43665.0
2462483-B,4,10,5,0.07819211483001709,37665.0,47761.0
2462483-B,4,10,6,0.06241719052195549,12400.0,45441.0
2462483-B,4,10,7,0.046658437699079514,25377.0,39569.0
2462483-B,4,10,8,0.04403629153966904,33569.0,39569.0
2462483-B,4,10,9,0.0411120243370533,121607.0,52626.0
2462483-B,4,10,10,0.032655905932188034,96918.0,35521.0
2462830-B4,4,3,1,0.20613792538642883,40688.0,66800.0
2462830-B4,4,3,2,0.1950187385082245,100657.0,31264.0
2462830-B4,4,3,3,0.07896485924720764,28400.0,29936.0
2462830-B4,4,5,1,0.20613792538642883,40688.0,66800.0
2462830-B4,4,5,2,0.1950187385082245,100657.0,31264.0
2462830-B4,4,5,3,0.07896485924720764,28400.0,29936.0
2462830-B4,4,5,4,0.056613802909851074,44784.0,50416.0
2462830-B4,4,5,5,0.025819672271609306,104753.0,23072.0
2462830-B4,4,10,1,0.20613792538642883,40688.0,66800.0
2462830-B4,4,10,2,0.1950187385082245,100657.0,31264.0
2462830-B4,4,10,3,0.07896485924720764,28400.0,29936.0
2462830-B4,4,10,4,0.056613802909851074,44784.0,50416.0
2462830-B4,4,10,5,0.025819672271609306,104753.0,23072.0
2462830-B4,4,10,6,0.02002790756523609,100657.0,27168.0
2462830-B4,4,10,7,0.017712658271193504,108849.0,31264.0
2462830-B4,4,10,8,0.0171070359647274,112945.0,64032.0
2462830-B4,4,10,9,0.016501812264323235,104753.0,35360.0
2462830-B4,4,10,10,0.01630602404475212,28400.0,38128.0
2463370-B2,4,3,1,0.13974356651306152,52752.0,18656.0
2463370-B2,4,3,2,0.09052511304616928,56848.0,18656.0
2463370-B2,4,3,3,0.08250973373651505,109478.0,19984.0
2463370-B2,4,5,1,0.13974356651306152,52752.0,18656.0
2463370-B2,4,5,2,0.09052511304616928,56848.0,18656.0
2463370-B2,4,5,3,0.08250973373651505,109478.0,19984.0
2463370-B2,4,5,4,0.0799340233206749,56848.0,10464.0
2463370-B2,4,5,5,0.06314133107662201,93094.0,15888.0
2463370-B2,4,10,1,0.13974356651306152,52752.0,18656.0
2463370-B2,4,10,2,0.09052511304616928,56848.0,18656.0
2463370-B2,4,10,3,0.08250973373651505,109478.0,19984.0
2463370-B2,4,10,4,0.0799340233206749,56848.0,10464.0
2463370-B2,4,10,5,0.06314133107662201,93094.0,15888.0
2463370-B2,4,10,6,0.049903351813554764,56848.0,14560.0
2463370-B2,4,10,7,0.04632259160280228,32272.0,14560.0
2463370-B2,4,10,8,0.033052705228328705,93094.0,52752.0
2463370-B2,4,10,9,0.02979174628853798,97190.0,48656.0
2463370-B2,4,10,10,0.02474353089928627,109478.0,28176.0
2463379-B4,4,3,1,0.3357827663421631,70487.0,14384.0
2463379-B4,4,3,2,0.09949129819869995,82775.0,22576.0
2463379-B4,4,3,3,0.07285620272159576,82775.0,38960.0
2463379-B4,4,5,1,0.3357827663421631,70487.0,14384.0
2463379-B4,4,5,2,0.09949129819869995,82775.0,22576.0
2463379-B4,4,5,3,0.07285620272159576,82775.0,38960.0
2463379-B4,4,5,4,0.06514155864715576,86871.0,43056.0
2463379-B4,4,5,5,0.027058415114879608,20112.0,16449.0
2463379-B4,4,10,1,0.3357827663421631,70487.0,14384.0
2463379-B4,4,10,2,0.09949129819869995,82775.0,22576.0
2463379-B4,4,10,3,0.07285620272159576,82775.0,38960.0
2463379-B4,4,10,4,0.06514155864715576,86871.0,43056.0
2463379-B4,4,10,5,0.027058415114879608,20112.0,16449.0
2463379-B4,4,10,6,0.022488657385110855,20112.0,36929.0
2463379-B4,4,10,7,0.016090692952275276,90967.0,43056.0
2463379-B4,4,10,8,0.015885991975665092,20112.0,41025.0
2463379-B4,4,10,9,0.01552022248506546,16016.0,12353.0
2463379-B4,4,10,10,0.015474274754524231,90967.0,47152.0
2463720-B7,4,3,1,0.30684638023376465,17392.0,34064.0
2463720-B7,4,3,2,0.1288289874792099,95280.0,35376.0
2463720-B7,4,3,3,0.05815758928656578,99376.0,43568.0
2463720-B7,4,5,1,0.30684638023376465,17392.0,34064.0
2463720-B7,4,5,2,0.1288289874792099,95280.0,35376.0
2463720-B7,4,5,3,0.05815758928656578,99376.0,43568.0
2463720-B7,4,5,4,0.05542420968413353,13296.0,34064.0
2463720-B7,4,5,5,0.04911716282367706,95280.0,43568.0
2463720-B7,4,10,1,0.30684638023376465,17392.0,34064.0
2463720-B7,4,10,2,0.1288289874792099,95280.0,35376.0
2463720-B7,4,10,3,0.05815758928656578,99376.0,43568.0
2463720-B7,4,10,4,0.05542420968413353,13296.0,34064.0
2463720-B7,4,10,5,0.04911716282367706,95280.0,43568.0
2463720-B7,4,10,6,0.037337519228458405,95280.0,39472.0
2463720-B7,4,10,7,0.03691567853093147,99376.0,31280.0
2463720-B7,4,10,8,0.034087054431438446,115760.0,39472.0
2463720-B7,4,10,9,0.027979545295238495,99376.0,27184.0
2463720-B7,4,10,10,0.026950571686029434,17392.0,29968.0
2464443-B,4,3,1,0.25596457719802856,105745.0,47424.0
2464443-B,4,3,2,0.061015911400318146,35856.0,54288.0
2464443-B,4,3,3,0.05968301370739937,81169.0,55616.0
2464443-B,4,5,1,0.25596457719802856,105745.0,47424.0
2464443-B,4,5,2,0.061015911400318146,35856.0,54288.0
2464443-B,4,5,3,0.05968301370739937,81169.0,55616.0
2464443-B,4,5,4,0.03837818279862404,35856.0,58384.0
2464443-B,4,5,5,0.034002844244241714,35856.0,46096.0
2464443-B,4,10,1,0.25596457719802856,105745.0,47424.0
2464443-B,4,10,2,0.061015911400318146,35856.0,54288.0
2464443-B,4,10,3,0.05968301370739937,81169.0,55616.0
2464443-B,4,10,4,0.03837818279862404,35856.0,58384.0
2464443-B,4,10,5,0.034002844244241714,35856.0,46096.0
2464443-B,4,10,6,0.022615209221839905,97553.0,55616.0
2464443-B,4,10,7,0.019351303577423096,39952.0,37904.0
2464443-B,4,10,8,0.018249614164233208,44048.0,62480.0
2464443-B,4,10,9,0.01757364347577095,101649.0,31040.0
2464443-B,4,10,10,0.016620192676782608,85265.0,47424.0
2464812-B3,4,3,1,0.08604256808757782,114133.0,35344.0
2464812-B3,4,3,2,0.08443056046962738,105941.0,27152.0
2464812-B3,4,3,3,0.06569463014602661,89557.0,47632.0
2464812-B3,4,5,1,0.08604256808757782,114133.0,35344.0
2464812-B3,4,5,2,0.08443056046962738,105941.0,27152.0
2464812-B3,4,5,3,0.06569463014602661,89557.0,47632.0
2464812-B3,4,5,4,0.06154366955161095,44784.0,35984.0
2464812-B3,4,5,5,0.06107202172279358,61168.0,44176.0
2464812-B3,4,10,1,0.08604256808757782,114133.0,35344.0
2464812-B3,4,10,2,0.08443056046962738,105941.0,27152.0
2464812-B3,4,10,3,0.06569463014602661,89557.0,47632.0
2464812-B3,4,10,4,0.06154366955161095,44784.0,35984.0
2464812-B3,4,10,5,0.06107202172279358,61168.0,44176.0
2464812-B3,4,10,6,0.041157256811857224,65264.0,23696.0
2464812-B3,4,10,7,0.03280343860387802,122325.0,27152.0
2464812-B3,4,10,8,0.02971780300140381,40688.0,40080.0
2464812-B3,4,10,9,0.025688549503684044,140440.0,61744.0
2464812-B3,4,10,10,0.02282455563545227,110037.0,31248.0
2465202-B3,4,3,1,0.24085058271884918,52944.0,23841.0
2465202-B3,4,3,2,0.11661393940448761,52944.0,19745.0
2465202-B3,4,3,3,0.09313599020242691,149974.0,53249.0
2465202-B3,4,5,1,0.24085058271884918,52944.0,23841.0
2465202-B3,4,5,2,0.11661393940448761,52944.0,19745.0
2465202-B3,4,5,3,0.09313599020242691,149974.0,53249.0
2465202-B3,4,5,4,0.0904063954949379,57040.0,19745.0
2465202-B3,4,5,5,0.04965087026357651,154070.0,53249.0
2465202-B3,4,10,1,0.24085058271884918,52944.0,23841.0
2465202-B3,4,10,2,0.11661393940448761,52944.0,19745.0
2465202-B3,4,10,3,0.09313599020242691,149974.0,53249.0
2465202-B3,4,10,4,0.0904063954949379,57040.0,19745.0
2465202-B3,4,10,5,0.04965087026357651,154070.0,53249.0
2465202-B3,4,10,6,0.03172333538532257,137686.0,24577.0
2465202-B3,4,10,7,0.022995151579380035,48848.0,19745.0
2465202-B3,4,10,8,0.021754972636699677,48848.0,27937.0
2465202-B3,4,10,9,0.018920302391052246,16080.0,23841.0
2465202-B3,4,10,10,0.018089333549141884,28368.0,15649.0
2465625-B,4,3,1,0.25080782175064087,95366.0,39730.0
2465625-B,4,3,2,0.04181516915559769,103558.0,35634.0
2465625-B,4,3,3,0.04102402180433273,91270.0,43826.0
2465625-B,4,5,1,0.25080782175064087,95366.0,39730.0
2465625-B,4,5,2,0.04181516915559769,103558.0,35634.0
2465625-B,4,5,3,0.04102402180433273,91270.0,43826.0
2465625-B,4,5,4,0.03845806419849396,28400.0,42899.0
2465625-B,4,5,5,0.03828044235706329,36592.0,38803.0
2465625-B,4,10,1,0.25080782175064087,95366.0,39730.0
2465625-B,4,10,2,0.04181516915559769,103558.0,35634.0
2465625-B,4,10,3,0.04102402180433273,91270.0,43826.0
2465625-B,4,10,4,0.03845806419849396,28400.0,42899.0
2465625-B,4,10,5,0.03828044235706329,36592.0,38803.0
2465625-B,4,10,6,0.03371444344520569,87174.0,35634.0
2465625-B,4,10,7,0.03262288123369217,28400.0,59283.0
2465625-B,4,10,8,0.025835070759058,103558.0,47922.0
2465625-B,4,10,9,0.025662876665592194,99462.0,56114.0
2465625-B,4,10,10,0.02453390508890152,87174.0,43826.0
2465661-B2,4,3,1,0.17424841225147247,7808.0,57856.0
2465661-B2,4,3,2,0.06149691715836525,24192.0,53760.0
2465661-B2,4,3,3,0.0590076670050621,86033.0,33937.0
2465661-B2,4,5,1,0.17424841225147247,7808.0,57856.0
2465661-B2,4,5,2,0.06149691715836525,24192.0,53760.0
2465661-B2,4,5,3,0.0590076670050621,86033.0,33937.0
2465661-B2,4,5,4,0.04505345597863197,20096.0,25088.0
2465661-B2,4,5,5,0.044575076550245285,16000.0,57856.0
2465661-B2,4,10,1,0.17424841225147247,7808.0,57856.0
2465661-B2,4,10,2,0.06149691715836525,24192.0,53760.0
2465661-B2,4,10,3,0.0590076670050621,86033.0,33937.0
2465661-B2,4,10,4,0.04505345597863197,20096.0,25088.0
2465661-B2,4,10,5,0.044575076550245285,16000.0,57856.0
2465661-B2,4,10,6,0.031749896705150604,90129.0,50321.0
2465661-B2,4,10,7,0.031559694558382034,94225.0,50321.0
2465661-B2,4,10,8,0.022309988737106323,36480.0,12800.0
2465661-B2,4,10,9,0.021953465417027473,86033.0,58513.0
2465661-B2,4,10,10,0.020388806238770485,16000.0,33280.0
2465843-B2,4,3,1,0.07339532673358917,36368.0,52657.0
2465843-B2,4,3,2,0.050929974764585495,56848.0,52657.0
2465843-B2,4,3,3,0.04519757628440857,129145.0,70840.0
2465843-B2,4,5,1,0.07339532673358917,36368.0,52657.0
2465843-B2,4,5,2,0.050929974764585495,56848.0,52657.0
2465843-B2,4,5,3,0.04519757628440857,129145.0,70840.0
2465843-B2,4,5,4,0.04429778456687927,36368.0,36273.0
2465843-B2,4,5,5,0.04109669476747513,36368.0,48561.0
2465843-B2,4,10,1,0.07339532673358917,36368.0,52657.0
2465843-B2,4,10,2,0.050929974764585495,56848.0,52657.0
2465843-B2,4,10,3,0.04519757628440857,129145.0,70840.0
2465843-B2,4,10,4,0.04429778456687927,36368.0,36273.0
2465843-B2,4,10,5,0.04109669476747513,36368.0,48561.0
2465843-B2,4,10,6,0.03814331069588661,56848.0,56753.0
2465843-B2,4,10,7,0.03618229925632477,110214.0,6656.0
2465843-B2,4,10,8,0.026918478310108185,134790.0,64000.0
2465843-B2,4,10,9,0.024171125143766403,110214.0,47616.0
2465843-B2,4,10,10,0.02228943444788456,40464.0,28081.0
2466891-B2,4,3,1,0.16153407096862793,40496.0,21680.0
2466891-B2,4,3,2,0.07729921489953995,113618.0,23136.0
2466891-B2,4,3,3,0.06109282746911049,73264.0,46256.0
2466891-B2,4,5,1,0.16153407096862793,40496.0,21680.0
2466891-B2,4,5,2,0.07729921489953995,113618.0,23136.0
2466891-B2,4,5,3,0.06109282746911049,73264.0,46256.0
2466891-B2,4,5,4,0.03819771111011505,56880.0,21680.0
2466891-B2,4,5,5,0.03674360737204552,142290.0,60000.0
2466891-B2,4,10,1,0.16153407096862793,40496.0,21680.0
2466891-B2,4,10,2,0.07729921489953995,113618.0,23136.0
2466891-B2,4,10,3,0.06109282746911049,73264.0,46256.0
2466891-B2,4,10,4,0.03819771111011505,56880.0,21680.0
2466891-B2,4,10,5,0.03674360737204552,142290.0,60000.0
2466891-B2,4,10,6,0.02648288384079933,52784.0,17584.0
2466891-B2,4,10,7,0.0262118112295866,65072.0,62640.0
2466891-B2,4,10,8,0.025185005739331245,113618.0,35424.0
2466891-B2,4,10,9,0.02303115278482437,65072.0,46256.0
2466891-B2,4,10,10,0.022675268352031708,28208.0,25776.0
2468325-B,4,3,1,0.19152280688285828,96595.0,49312.0
2468325-B,4,3,2,0.08096295595169067,92499.0,37024.0
2468325-B,4,3,3,0.07232490926980972,84307.0,49312.0
2468325-B,4,5,1,0.19152280688285828,96595.0,49312.0
2468325-B,4,5,2,0.08096295595169067,92499.0,37024.0
2468325-B,4,5,3,0.07232490926980972,84307.0,49312.0
2468325-B,4,5,4,0.0428779274225235,96595.0,45216.0
2468325-B,4,5,5,0.03533387929201126,88403.0,32928.0
2468325-B,4,10,1,0.19152280688285828,96595.0,49312.0
2468325-B,4,10,2,0.08096295595169067,92499.0,37024.0
2468325-B,4,10,3,0.07232490926980972,84307.0,49312.0
2468325-B,4,10,4,0.0428779274225235,96595.0,45216.0
2468325-B,4,10,5,0.03533387929201126,88403.0,32928.0
2468325-B,4,10,6,0.03407585248351097,92499.0,49312.0
2468325-B,4,10,7,0.03266701474785805,92499.0,41120.0
2468325-B,4,10,8,0.03073345124721527,76115.0,37024.0
2468325-B,4,10,9,0.027832137420773506,15936.0,33168.0
2468325-B,4,10,10,0.022543273866176605,84307.0,41120.0
2469005-B2,4,3,1,0.21041060984134674,111891.0,61264.0
2469005-B2,4,3,2,0.16010792553424835,40336.0,47264.0
2469005-B2,4,3,3,0.07741942256689072,32144.0,43168.0
2469005-B2,4,5,1,0.21041060984134674,111891.0,61264.0
2469005-B2,4,5,2,0.16010792553424835,40336.0,47264.0
2469005-B2,4,5,3,0.07741942256689072,32144.0,43168.0
2469005-B2,4,5,4,0.03266558796167374,134038.0,65298.0
2469005-B2,4,5,5,0.03011186793446541,32144.0,47264.0
2469005-B2,4,10,1,0.21041060984134674,111891.0,61264.0
2469005-B2,4,10,2,0.16010792553424835,40336.0,47264.0
2469005-B2,4,10,3,0.07741942256689072,32144.0,43168.0
2469005-B2,4,10,4,0.03266558796167374,134038.0,65298.0
2469005-B2,4,10,5,0.03011186793446541,32144.0,47264.0
2469005-B2,4,10,6,0.026099875569343567,99603.0,44880.0
2469005-B2,4,10,7,0.025379659608006477,111891.0,48976.0
2469005-B2,4,10,8,0.023703813552856445,107795.0,28496.0
2469005-B2,4,10,9,0.01944793574512005,87315.0,24400.0
2469005-B2,4,10,10,0.019402198493480682,15760.0,22688.0
2469007-B2,4,3,1,0.14918385446071625,81110.0,43827.0
2469007-B2,4,3,2,0.0973210483789444,28673.0,56465.0
2469007-B2,4,3,3,0.08063308894634247,20481.0,40081.0
2469007-B2,4,5,1,0.14918385446071625,81110.0,43827.0
2469007-B2,4,5,2,0.0973210483789444,28673.0,56465.0
2469007-B2,4,5,3,0.08063308894634247,20481.0,40081.0
2469007-B2,4,5,4,0.07817357778549194,20481.0,44177.0
2469007-B2,4,5,5,0.07260634005069733,16385.0,48273.0
2469007-B2,4,10,1,0.14918385446071625,81110.0,43827.0
2469007-B2,4,10,2,0.0973210483789444,28673.0,56465.0
2469007-B2,4,10,3,0.08063308894634247,20481.0,40081.0
2469007-B2,4,10,4,0.07817357778549194,20481.0,44177.0
2469007-B2,4,10,5,0.07260634005069733,16385.0,48273.0
2469007-B2,4,10,6,0.04955679178237915,85879.0,33760.0
2469007-B2,4,10,7,0.03954795375466347,32769.0,31889.0
2469007-B2,4,10,8,0.03787319362163544,98167.0,41952.0
2469007-B2,4,10,9,0.03746148198843002,84359.0,39986.0
2469007-B2,4,10,10,0.03177740052342415,36865.0,44177.0
2469023-B2,4,3,1,0.10292546451091766,20000.0,30401.0
2469023-B2,4,3,2,0.0777018591761589,78179.0,14784.0
2469023-B2,4,3,3,0.04861873388290405,82275.0,27072.0
2469023-B2,4,5,1,0.10292546451091766,20000.0,30401.0
2469023-B2,4,5,2,0.0777018591761589,78179.0,14784.0
2469023-B2,4,5,3,0.04861873388290405,82275.0,27072.0
2469023-B2,4,5,4,0.044786110520362854,15904.0,30401.0
2469023-B2,4,5,5,0.032916732132434845,78179.0,22976.0
2469023-B2,4,10,1,0.10292546451091766,20000.0,30401.0
2469023-B2,4,10,2,0.0777018591761589,78179.0,14784.0
2469023-B2,4,10,3,0.04861873388290405,82275.0,27072.0
2469023-B2,4,10,4,0.044786110520362854,15904.0,30401.0
2469023-B2,4,10,5,0.032916732132434845,78179.0,22976.0
2469023-B2,4,10,6,0.03069080412387848,24096.0,42689.0
2469023-B2,4,10,7,0.02531816065311432,90467.0,39360.0
2469023-B2,4,10,8,0.024738935753703117,7712.0,30401.0
2469023-B2,4,10,9,0.02346663549542427,86371.0,14784.0
2469023-B2,4,10,10,0.022880172356963158,86371.0,27072.0
2469047-B2,4,3,1,0.2548079490661621,48928.0,30448.0
2469047-B2,4,3,2,0.06898147612810135,53024.0,38640.0
2469047-B2,4,3,3,0.0561528354883194,126614.0,35376.0
2469047-B2,4,5,1,0.2548079490661621,48928.0,30448.0
2469047-B2,4,5,2,0.06898147612810135,53024.0,38640.0
2469047-B2,4,5,3,0.0561528354883194,126614.0,35376.0
2469047-B2,4,5,4,0.04191381856799126,48928.0,26352.0
2469047-B2,4,5,5,0.04073471575975418,36640.0,22256.0
2469047-B2,4,10,1,0.2548079490661621,48928.0,30448.0
2469047-B2,4,10,2,0.06898147612810135,53024.0,38640.0
2469047-B2,4,10,3,0.0561528354883194,126614.0,35376.0
2469047-B2,4,10,4,0.04191381856799126,48928.0,26352.0
2469047-B2,4,10,5,0.04073471575975418,36640.0,22256.0
2469047-B2,4,10,6,0.0398852713406086,130710.0,31280.0
2469047-B2,4,10,7,0.029242103919386864,48928.0,34544.0
2469047-B2,4,10,8,0.023770786821842194,44832.0,22256.0
2469047-B2,4,10,9,0.021894335746765137,106134.0,18992.0
2469047-B2,4,10,10,0.021545330062508583,44832.0,38640.0
2469074-B2,4,3,1,0.11741992086172104,89091.0,36499.0
2469074-B2,4,3,2,0.09295933693647385,80899.0,32403.0
2469074-B2,4,3,3,0.060673195868730545,21440.0,29731.0
2469074-B2,4,5,1,0.11741992086172104,89091.0,36499.0
2469074-B2,4,5,2,0.09295933693647385,80899.0,32403.0
2469074-B2,4,5,3,0.060673195868730545,21440.0,29731.0
2469074-B2,4,5,4,0.05221686512231827,84995.0,44691.0
2469074-B2,4,5,5,0.04442479461431503,33728.0,37923.0
2469074-B2,4,10,1,0.11741992086172104,89091.0,36499.0
2469074-B2,4,10,2,0.09295933693647385,80899.0,32403.0
2469074-B2,4,10,3,0.060673195868730545,21440.0,29731.0
2469074-B2,4,10,4,0.05221686512231827,84995.0,44691.0
2469074-B2,4,10,5,0.04442479461431503,33728.0,37923.0
2469074-B2,4,10,6,0.03605880215764046,84995.0,32403.0
2469074-B2,4,10,7,0.03541668504476547,84995.0,28307.0
2469074-B2,4,10,8,0.033898867666721344,80899.0,20115.0
2469074-B2,4,10,9,0.027298640459775925,25536.0,29731.0
2469074-B2,4,10,10,0.02478724904358387,21440.0,42019.0
2469230-B,4,3,1,0.12892812490463257,86758.0,4096.0
2469230-B,4,3,2,0.11984580010175705,32065.0,24576.0
2469230-B,4,3,3,0.05338457226753235,99046.0,16384.0
2469230-B,4,5,1,0.12892812490463257,86758.0,4096.0
2469230-B,4,5,2,0.11984580010175705,32065.0,24576.0
2469230-B,4,5,3,0.05338457226753235,99046.0,16384.0
2469230-B,4,5,4,0.038907647132873535,32065.0,8192.0
2469230-B,4,5,5,0.027121808379888535,86758.0,16384.0
2469230-B,4,10,1,0.12892812490463257,86758.0,4096.0
2469230-B,4,10,2,0.11984580010175705,32065.0,24576.0
2469230-B,4,10,3,0.05338457226753235,99046.0,16384.0
2469230-B,4,10,4,0.038907647132873535,32065.0,8192.0
2469230-B,4,10,5,0.027121808379888535,86758.0,16384.0
2469230-B,4,10,6,0.027115270495414734,86758.0,36864.0
2469230-B,4,10,7,0.026978526264429092,86758.0,20480.0
2469230-B,4,10,8,0.02604011818766594,27969.0,28672.0
2469230-B,4,10,9,0.02373787946999073,18785.0,11089.0
2469230-B,4,10,10,0.023120185360312462,82662.0,32768.0
2469256-B2,4,3,1,0.07035436481237411,81925.0,26897.0
2469256-B2,4,3,2,0.05943906307220459,21729.0,35217.0
2469256-B2,4,3,3,0.05203951150178909,102405.0,43281.0
2469256-B2,4,5,1,0.07035436481237411,81925.0,26897.0
2469256-B2,4,5,2,0.05943906307220459,21729.0,35217.0
2469256-B2,4,5,3,0.05203951150178909,102405.0,43281.0
2469256-B2,4,5,4,0.04329735413193703,38113.0,55697.0
2469256-B2,4,5,5,0.039741840213537216,110597.0,14609.0
2469256-B2,4,10,1,0.07035436481237411,81925.0,26897.0
2469256-B2,4,10,2,0.05943906307220459,21729.0,35217.0
2469256-B2,4,10,3,0.05203951150178909,102405.0,43281.0
2469256-B2,4,10,4,0.04329735413193703,38113.0,55697.0
2469256-B2,4,10,5,0.039741840213537216,110597.0,14609.0
2469256-B2,4,10,6,0.03368103876709938,21729.0,18833.0
2469256-B2,4,10,7,0.03354651480913162,38113.0,39313.0
2469256-B2,4,10,8,0.03220093250274658,106501.0,35089.0
2469256-B2,4,10,9,0.02986885979771614,34017.0,43409.0
2469256-B2,4,10,10,0.02390650287270546,13537.0,14737.0
2469693-B,4,3,1,0.1555558741092682,106946.0,36864.0
2469693-B,4,3,2,0.11684742569923401,49008.0,29649.0
2469693-B,4,3,3,0.07945974171161652,32624.0,33745.0
2469693-B,4,5,1,0.1555558741092682,106946.0,36864.0
2469693-B,4,5,2,0.11684742569923401,49008.0,29649.0
2469693-B,4,5,3,0.07945974171161652,32624.0,33745.0
2469693-B,4,5,4,0.06190516799688339,53104.0,33745.0
2469693-B,4,5,5,0.044756919145584106,44912.0,21457.0
2469693-B,4,10,1,0.1555558741092682,106946.0,36864.0
2469693-B,4,10,2,0.11684742569923401,49008.0,29649.0
2469693-B,4,10,3,0.07945974171161652,32624.0,33745.0
2469693-B,4,10,4,0.06190516799688339,53104.0,33745.0
2469693-B,4,10,5,0.044756919145584106,44912.0,21457.0
2469693-B,4,10,6,0.04448913037776947,111042.0,32768.0
2469693-B,4,10,7,0.04306649789214134,119234.0,32768.0
2469693-B,4,10,8,0.038178034126758575,111042.0,16384.0
2469693-B,4,10,9,0.0370471328496933,36720.0,41937.0
2469693-B,4,10,10,0.026345113292336464,40816.0,21457.0
2469963-B2,4,3,1,0.19180452823638916,102437.0,12273.0
2469963-B2,4,3,2,0.08906380832195282,114725.0,16369.0
2469963-B2,4,3,3,0.08621276915073395,110629.0,16369.0
2469963-B2,4,5,1,0.19180452823638916,102437.0,12273.0
2469963-B2,4,5,2,0.08906380832195282,114725.0,16369.0
2469963-B2,4,5,3,0.08621276915073395,110629.0,16369.0
2469963-B2,4,5,4,0.06540602445602417,98341.0,12273.0
2469963-B2,4,5,5,0.03679271042346954,29216.0,7584.0
2469963-B2,4,10,1,0.19180452823638916,102437.0,12273.0
2469963-B2,4,10,2,0.08906380832195282,114725.0,16369.0
2469963-B2,4,10,3,0.08621276915073395,110629.0,16369.0
2469963-B2,4,10,4,0.06540602445602417,98341.0,12273.0
2469963-B2,4,10,5,0.03679271042346954,29216.0,7584.0
2469963-B2,4,10,6,0.031672026962041855,118821.0,45041.0
2469963-B2,4,10,7,0.030315719544887543,106533.0,16369.0
2469963-B2,4,10,8,0.02429158054292202,25120.0,44448.0
2469963-B2,4,10,9,0.01569407433271408,37408.0,48544.0
2469963-B2,4,10,10,0.014155356213450432,37408.0,15776.0
2470270-B2,4,3,1,0.057917676866054535,20256.0,31184.0
2470270-B2,4,3,2,0.05644809827208519,83750.0,38160.0
2470270-B2,4,3,3,0.05143454670906067,24352.0,39376.0
2470270-B2,4,5,1,0.057917676866054535,20256.0,31184.0
2470270-B2,4,5,2,0.05644809827208519,83750.0,38160.0
2470270-B2,4,5,3,0.05143454670906067,24352.0,39376.0
2470270-B2,4,5,4,0.03961009532213211,16160.0,35280.0
2470270-B2,4,5,5,0.035759683698415756,20256.0,47568.0
2470270-B2,4,10,1,0.057917676866054535,20256.0,31184.0
2470270-B2,4,10,2,0.05644809827208519,83750.0,38160.0
2470270-B2,4,10,3,0.05143454670906067,24352.0,39376.0
2470270-B2,4,10,4,0.03961009532213211,16160.0,35280.0
2470270-B2,4,10,5,0.035759683698415756,20256.0,47568.0
2470270-B2,4,10,6,0.028843320906162262,32544.0,43472.0
2470270-B2,4,10,7,0.02780884876847267,32544.0,55760.0
2470270-B2,4,10,8,0.027060890570282936,28448.0,47568.0
2470270-B2,4,10,9,0.02649526670575142,91942.0,42256.0
2470270-B2,4,10,10,0.02589377388358116,20256.0,22992.0
2470657-B3,4,3,1,0.12428189814090729,56848.0,34512.0
2470657-B3,4,3,2,0.05010462924838066,65040.0,22224.0
2470657-B3,4,3,3,0.04945925623178482,44560.0,26320.0
2470657-B3,4,5,1,0.12428189814090729,56848.0,34512.0
2470657-B3,4,5,2,0.05010462924838066,65040.0,22224.0
2470657-B3,4,5,3,0.04945925623178482,44560.0,26320.0
2470657-B3,4,5,4,0.035147447139024734,60944.0,46800.0
2470657-B3,4,5,5,0.03244393318891525,130576.0,18128.0
2470657-B3,4,10,1,0.12428189814090729,56848.0,34512.0
2470657-B3,4,10,2,0.05010462924838066,65040.0,22224.0
2470657-B3,4,10,3,0.04945925623178482,44560.0,26320.0
2470657-B3,4,10,4,0.035147447139024734,60944.0,46800.0
2470657-B3,4,10,5,0.03244393318891525,130576.0,18128.0
2470657-B3,4,10,6,0.023515526205301285,40464.0,34512.0
2470657-B3,4,10,7,0.020192861557006836,48656.0,38608.0
2470657-B3,4,10,8,0.018361084163188934,60944.0,34512.0
2470657-B3,4,10,9,0.01816965453326702,126480.0,22224.0
2470657-B3,4,10,10,0.01780581846833229,48656.0,22224.0
2471442-B3,4,3,1,0.08079876750707626,46928.0,47041.0
2471442-B3,4,3,2,0.06366103887557983,42832.0,47041.0
2471442-B3,4,3,3,0.059832144528627396,46928.0,51137.0
2471442-B3,4,5,1,0.08079876750707626,46928.0,47041.0
2471442-B3,4,5,2,0.06366103887557983,42832.0,47041.0
2471442-B3,4,5,3,0.059832144528627396,46928.0,51137.0
2471442-B3,4,5,4,0.045312754809856415,38736.0,18369.0
2471442-B3,4,5,5,0.03389670327305794,42832.0,51137.0
2471442-B3,4,10,1,0.08079876750707626,46928.0,47041.0
2471442-B3,4,10,2,0.06366103887557983,42832.0,47041.0
2471442-B3,4,10,3,0.059832144528627396,46928.0,51137.0
2471442-B3,4,10,4,0.045312754809856415,38736.0,18369.0
2471442-B3,4,10,5,0.03389670327305794,42832.0,51137.0
2471442-B3,4,10,6,0.027389101684093475,42832.0,38849.0
2471442-B3,4,10,7,0.026063529774546623,51024.0,42945.0
2471442-B3,4,10,8,0.02469705417752266,51024.0,34753.0
2471442-B3,4,10,9,0.024501822888851166,38736.0,42945.0
2471442-B3,4,10,10,0.022472482174634933,46928.0,26561.0
2471595-B3,4,3,1,0.04550271853804588,20128.0,58673.0
2471595-B3,4,3,2,0.04054331034421921,105976.0,54384.0
2471595-B3,4,3,3,0.038753341883420944,93688.0,66672.0
2471595-B3,4,5,1,0.04550271853804588,20128.0,58673.0
2471595-B3,4,5,2,0.04054331034421921,105976.0,54384.0
2471595-B3,4,5,3,0.038753341883420944,93688.0,66672.0
2471595-B3,4,5,4,0.026428407058119774,110072.0,54384.0
2471595-B3,4,5,5,0.02174662984907627,16032.0,38193.0
2471595-B3,4,10,1,0.04550271853804588,20128.0,58673.0
2471595-B3,4,10,2,0.04054331034421921,105976.0,54384.0
2471595-B3,4,10,3,0.038753341883420944,93688.0,66672.0
2471595-B3,4,10,4,0.026428407058119774,110072.0,54384.0
2471595-B3,4,10,5,0.02174662984907627,16032.0,38193.0
2471595-B3,4,10,6,0.021398596465587616,32416.0,17713.0
2471595-B3,4,10,7,0.02124546468257904,93688.0,54384.0
2471595-B3,4,10,8,0.020880334079265594,24224.0,58673.0
2471595-B3,4,10,9,0.02039310149848461,110072.0,62576.0
2471595-B3,4,10,10,0.019335083663463593,40608.0,30001.0
2471618-B3,4,3,1,0.1649322807788849,32576.0,24288.0
2471618-B3,4,3,2,0.032595470547676086,40768.0,28384.0
2471618-B3,4,3,3,0.03230433538556099,44864.0,40672.0
2471618-B3,4,5,1,0.1649322807788849,32576.0,24288.0
2471618-B3,4,5,2,0.032595470547676086,40768.0,28384.0
2471618-B3,4,5,3,0.03230433538556099,44864.0,40672.0
2471618-B3,4,5,4,0.031947214156389236,87576.0,39680.0
2471618-B3,4,5,5,0.03063286654651165,44864.0,44768.0
2471618-B3,4,10,1,0.1649322807788849,32576.0,24288.0
2471618-B3,4,10,2,0.032595470547676086,40768.0,28384.0
2471618-B3,4,10,3,0.03230433538556099,44864.0,40672.0
2471618-B3,4,10,4,0.031947214156389236,87576.0,39680.0
2471618-B3,4,10,5,0.03063286654651165,44864.0,44768.0
2471618-B3,4,10,6,0.029940884560346603,28480.0,28384.0
2471618-B3,4,10,7,0.025342173874378204,44864.0,28384.0
2471618-B3,4,10,8,0.025157155469059944,108056.0,27392.0
2471618-B3,4,10,9,0.02252892777323723,103960.0,35584.0
2471618-B3,4,10,10,0.021875085309147835,28480.0,40672.0
2471885-B2,4,3,1,0.281855970621109,35282.0,37587.0
2471885-B2,4,3,2,0.21557193994522095,47570.0,25299.0
2471885-B2,4,3,3,0.14049194753170013,51666.0,29395.0
2471885-B2,4,5,1,0.281855970621109,35282.0,37587.0
2471885-B2,4,5,2,0.21557193994522095,47570.0,25299.0
2471885-B2,4,5,3,0.14049194753170013,51666.0,29395.0
2471885-B2,4,5,4,0.053885530680418015,35282.0,41683.0
2471885-B2,4,5,5,0.03877586871385574,51666.0,21203.0
2471885-B2,4,10,1,0.281855970621109,35282.0,37587.0
2471885-B2,4,10,2,0.21557193994522095,47570.0,25299.0
2471885-B2,4,10,3,0.14049194753170013,51666.0,29395.0
2471885-B2,4,10,4,0.053885530680418015,35282.0,41683.0
2471885-B2,4,10,5,0.03877586871385574,51666.0,21203.0
2471885-B2,4,10,6,0.03728138655424118,31186.0,33491.0
2471885-B2,4,10,7,0.02754823863506317,110728.0,21713.0
2471885-B2,4,10,8,0.019088078290224075,51666.0,17107.0
2471885-B2,4,10,9,0.014090292155742645,7808.0,50983.0
2471885-B2,4,10,10,0.012189020402729511,39378.0,29395.0
2471921-B2,4,3,1,0.11563396453857422,11760.0,30848.0
2471921-B2,4,3,2,0.08901122957468033,28144.0,39040.0
2471921-B2,4,3,3,0.06885665655136108,52720.0,30848.0
2471921-B2,4,5,1,0.11563396453857422,11760.0,30848.0
2471921-B2,4,5,2,0.08901122957468033,28144.0,39040.0
2471921-B2,4,5,3,0.06885665655136108,52720.0,30848.0
2471921-B2,4,5,4,0.06277193129062653,7664.0,34944.0
2471921-B2,4,5,5,0.06236932799220085,76758.0,40288.0
2471921-B2,4,10,1,0.11563396453857422,11760.0,30848.0
2471921-B2,4,10,2,0.08901122957468033,28144.0,39040.0
2471921-B2,4,10,3,0.06885665655136108,52720.0,30848.0
2471921-B2,4,10,4,0.06277193129062653,7664.0,34944.0
2471921-B2,4,10,5,0.06236932799220085,76758.0,40288.0
2471921-B2,4,10,6,0.055835165083408356,15856.0,34944.0
2471921-B2,4,10,7,0.043232258409261703,97238.0,28000.0
2471921-B2,4,10,8,0.042674772441387177,11760.0,34944.0
2471921-B2,4,10,9,0.03671816736459732,36336.0,43136.0
2471921-B2,4,10,10,0.02836088463664055,36336.0,22656.0
2472316-B7,4,3,1,0.4342619776725769,65411.0,14592.0
2472316-B7,4,3,2,0.23402568697929382,69507.0,10496.0
2472316-B7,4,3,3,0.08807039260864258,65411.0,10496.0
2472316-B7,4,5,1,0.4342619776725769,65411.0,14592.0
2472316-B7,4,5,2,0.23402568697929382,69507.0,10496.0
2472316-B7,4,5,3,0.08807039260864258,65411.0,10496.0
2472316-B7,4,5,4,0.07485146075487137,12480.0,26880.0
2472316-B7,4,5,5,0.03221624717116356,60019.0,21777.0
2472316-B7,4,10,1,0.4342619776725769,65411.0,14592.0
2472316-B7,4,10,2,0.23402568697929382,69507.0,10496.0
2472316-B7,4,10,3,0.08807039260864258,65411.0,10496.0
2472316-B7,4,10,4,0.07485146075487137,12480.0,26880.0
2472316-B7,4,10,5,0.03221624717116356,60019.0,21777.0
2472316-B7,4,10,6,0.02204333059489727,16576.0,14592.0
2472316-B7,4,10,7,0.021806152537465096,65411.0,6400.0
2472316-B7,4,10,8,0.01579112932085991,73603.0,14592.0
2472316-B7,4,10,9,0.012756804935634136,69507.0,14592.0
2472316-B7,4,10,10,0.007275007199496031,73603.0,10496.0
2472453-B2,4,3,1,0.3052721619606018,28320.0,20321.0
2472453-B2,4,3,2,0.12013046443462372,28320.0,16225.0
2472453-B2,4,3,3,0.07391233742237091,20128.0,36705.0
2472453-B2,4,5,1,0.3052721619606018,28320.0,20321.0
2472453-B2,4,5,2,0.12013046443462372,28320.0,16225.0
2472453-B2,4,5,3,0.07391233742237091,20128.0,36705.0
2472453-B2,4,5,4,0.0611334890127182,16032.0,20321.0
2472453-B2,4,5,5,0.047912660986185074,24224.0,16225.0
2472453-B2,4,10,1,0.3052721619606018,28320.0,20321.0
2472453-B2,4,10,2,0.12013046443462372,28320.0,16225.0
2472453-B2,4,10,3,0.07391233742237091,20128.0,36705.0
2472453-B2,4,10,4,0.0611334890127182,16032.0,20321.0
2472453-B2,4,10,5,0.047912660986185074,24224.0,16225.0
2472453-B2,4,10,6,0.03654399514198303,88471.0,18977.0
2472453-B2,4,10,7,0.034160416573286057,24224.0,20321.0
2472453-B2,4,10,8,0.022834274917840958,88471.0,14881.0
2472453-B2,4,10,9,0.021594710648059845,28320.0,28513.0
2472453-B2,4,10,10,0.021460633724927902,16032.0,24417.0
2473266-B,4,3,1,0.13862082362174988,69653.0,60433.0
2473266-B,4,3,2,0.12879477441310883,125129.0,68770.0
2473266-B,4,3,3,0.060107626020908356,26097.0,63829.0
2473266-B,4,5,1,0.13862082362174988,69653.0,60433.0
2473266-B,4,5,2,0.12879477441310883,125129.0,68770.0
2473266-B,4,5,3,0.060107626020908356,26097.0,63829.0
2473266-B,4,5,4,0.05090969800949097,125129.0,72866.0
2473266-B,4,5,5,0.04169502481818199,121033.0,36002.0
2473266-B,4,10,1,0.13862082362174988,69653.0,60433.0
2473266-B,4,10,2,0.12879477441310883,125129.0,68770.0
2473266-B,4,10,3,0.060107626020908356,26097.0,63829.0
2473266-B,4,10,4,0.05090969800949097,125129.0,72866.0
2473266-B,4,10,5,0.04169502481818199,121033.0,36002.0
2473266-B,4,10,6,0.03628154098987579,77845.0,52241.0
2473266-B,4,10,7,0.02770819142460823,86037.0,52241.0
2473266-B,4,10,8,0.02456253208220005,116937.0,40098.0
2473266-B,4,10,9,0.02232363633811474,30385.0,39027.0
2473266-B,4,10,10,0.021090544760227203,77845.0,56337.0
2473366-B2,4,3,1,0.17270106077194214,16336.0,22545.0
2473366-B2,4,3,2,0.04024125635623932,101266.0,27088.0
2473366-B2,4,3,3,0.03347507119178772,84882.0,27088.0
2473366-B2,4,5,1,0.17270106077194214,16336.0,22545.0
2473366-B2,4,5,2,0.04024125635623932,101266.0,27088.0
2473366-B2,4,5,3,0.03347507119178772,84882.0,27088.0
2473366-B2,4,5,4,0.030304178595542908,72594.0,27088.0
2473366-B2,4,5,5,0.0282527357339859,97170.0,14800.0
2473366-B2,4,10,1,0.17270106077194214,16336.0,22545.0
2473366-B2,4,10,2,0.04024125635623932,101266.0,27088.0
2473366-B2,4,10,3,0.03347507119178772,84882.0,27088.0
2473366-B2,4,10,4,0.030304178595542908,72594.0,27088.0
2473366-B2,4,10,5,0.0282527357339859,97170.0,14800.0
2473366-B2,4,10,6,0.026392662897706032,97170.0,27088.0
2473366-B2,4,10,7,0.02551886811852455,88978.0,27088.0
2473366-B2,4,10,8,0.025324035435914993,16336.0,18449.0
2473366-B2,4,10,9,0.02349884808063507,32720.0,22545.0
2473366-B2,4,10,10,0.02168296091258526,36816.0,14353.0
2473600-B3,4,3,1,0.11675886064767838,140807.0,18144.0
2473600-B3,4,3,2,0.10180965065956116,132615.0,30432.0
2473600-B3,4,3,3,0.06272339820861816,47376.0,35664.0
2473600-B3,4,5,1,0.11675886064767838,140807.0,18144.0
2473600-B3,4,5,2,0.10180965065956116,132615.0,30432.0
2473600-B3,4,5,3,0.06272339820861816,47376.0,35664.0
2473600-B3,4,5,4,0.05017223209142685,39184.0,31568.0
2473600-B3,4,5,5,0.04477880150079727,59664.0,19280.0
2473600-B3,4,10,1,0.11675886064767838,140807.0,18144.0
2473600-B3,4,10,2,0.10180965065956116,132615.0,30432.0
2473600-B3,4,10,3,0.06272339820861816,47376.0,35664.0
2473600-B3,4,10,4,0.05017223209142685,39184.0,31568.0
2473600-B3,4,10,5,0.04477880150079727,59664.0,19280.0
2473600-B3,4,10,6,0.03209420666098595,148999.0,42720.0
2473600-B3,4,10,7,0.03000345081090927,132615.0,14048.0
2473600-B3,4,10,8,0.027930406853556633,136711.0,14048.0
2473600-B3,4,10,9,0.0249570831656456,51472.0,31568.0
2473600-B3,4,10,10,0.02441038191318512,55568.0,15184.0
2473608-B2,4,3,1,0.10214842110872269,30801.0,30688.0
2473608-B2,4,3,2,0.04555981606245041,26705.0,42976.0
2473608-B2,4,3,3,0.03879033774137497,114936.0,34240.0
2473608-B2,4,5,1,0.10214842110872269,30801.0,30688.0
2473608-B2,4,5,2,0.04555981606245041,26705.0,42976.0
2473608-B2,4,5,3,0.03879033774137497,114936.0,34240.0
2473608-B2,4,5,4,0.037784330546855927,18513.0,38880.0
2473608-B2,4,5,5,0.026221320033073425,22609.0,38880.0
2473608-B2,4,10,1,0.10214842110872269,30801.0,30688.0
2473608-B2,4,10,2,0.04555981606245041,26705.0,42976.0
2473608-B2,4,10,3,0.03879033774137497,114936.0,34240.0
2473608-B2,4,10,4,0.037784330546855927,18513.0,38880.0
2473608-B2,4,10,5,0.026221320033073425,22609.0,38880.0
2473608-B2,4,10,6,0.018590141087770462,22609.0,42976.0
2473608-B2,4,10,7,0.017815642058849335,106744.0,50624.0
2473608-B2,4,10,8,0.01773444190621376,123128.0,21952.0
2473608-B2,4,10,9,0.016486026346683502,94456.0,30144.0
2473608-B2,4,10,10,0.016403011977672577,98552.0,34240.0
2473738-B3,4,3,1,0.14999346435070038,19952.0,49905.0
2473738-B3,4,3,2,0.14802256226539612,24048.0,37617.0
2473738-B3,4,3,3,0.12980054318904877,92328.0,45056.0
2473738-B3,4,5,1,0.14999346435070038,19952.0,49905.0
2473738-B3,4,5,2,0.14802256226539612,24048.0,37617.0
2473738-B3,4,5,3,0.12980054318904877,92328.0,45056.0
2473738-B3,4,5,4,0.02985164150595665,24048.0,54001.0
2473738-B3,4,5,5,0.02608117274940014,96424.0,45056.0
2473738-B3,4,10,1,0.14999346435070038,19952.0,49905.0
2473738-B3,4,10,2,0.14802256226539612,24048.0,37617.0
2473738-B3,4,10,3,0.12980054318904877,92328.0,45056.0
2473738-B3,4,10,4,0.02985164150595665,24048.0,54001.0
2473738-B3,4,10,5,0.02608117274940014,96424.0,45056.0
2473738-B3,4,10,6,0.0192524716258049,32240.0,54001.0
2473738-B3,4,10,7,0.01773686520755291,19952.0,37617.0
2473738-B3,4,10,8,0.01638116128742695,88232.0,20480.0
2473738-B3,4,10,9,0.01560472697019577,100520.0,53248.0
2473738-B3,4,10,10,0.014509404078125954,104616.0,40960.0
2474140-B3,4,3,1,0.09860970079898834,40720.0,38610.0
2474140-B3,4,3,2,0.09251222014427185,32528.0,38610.0
2474140-B3,4,3,3,0.07431338727474213,16144.0,50898.0
2474140-B3,4,5,1,0.09860970079898834,40720.0,38610.0
2474140-B3,4,5,2,0.09251222014427185,32528.0,38610.0
2474140-B3,4,5,3,0.07431338727474213,16144.0,50898.0
2474140-B3,4,5,4,0.04448922723531723,36624.0,42706.0
2474140-B3,4,5,5,0.0407194122672081,86019.0,60117.0
2474140-B3,4,10,1,0.09860970079898834,40720.0,38610.0
2474140-B3,4,10,2,0.09251222014427185,32528.0,38610.0
2474140-B3,4,10,3,0.07431338727474213,16144.0,50898.0
2474140-B3,4,10,4,0.04448922723531723,36624.0,42706.0
2474140-B3,4,10,5,0.0407194122672081,86019.0,60117.0
2474140-B3,4,10,6,0.03794592246413231,32528.0,42706.0
2474140-B3,4,10,7,0.034700144082307816,100596.0,40275.0
2474140-B3,4,10,8,0.028884265571832657,108788.0,40275.0
2474140-B3,4,10,9,0.027954978868365288,36624.0,34514.0
2474140-B3,4,10,10,0.026489950716495514,87187.0,52257.0
2474189-B7,4,3,1,0.34571129083633423,101843.0,464.0
2474189-B7,4,3,2,0.2843514680862427,97747.0,4560.0
2474189-B7,4,3,3,0.09994765371084213,101843.0,8656.0
2474189-B7,4,5,1,0.34571129083633423,101843.0,464.0
2474189-B7,4,5,2,0.2843514680862427,97747.0,4560.0
2474189-B7,4,5,3,0.09994765371084213,101843.0,8656.0
2474189-B7,4,5,4,0.08491174876689911,101843.0,4560.0
2474189-B7,4,5,5,0.0452396385371685,99075.0,69400.0
2474189-B7,4,10,1,0.34571129083633423,101843.0,464.0
2474189-B7,4,10,2,0.2843514680862427,97747.0,4560.0
2474189-B7,4,10,3,0.09994765371084213,101843.0,8656.0
2474189-B7,4,10,4,0.08491174876689911,101843.0,4560.0
2474189-B7,4,10,5,0.0452396385371685,99075.0,69400.0
2474189-B7,4,10,6,0.027895424515008926,103171.0,69400.0
2474189-B7,4,10,7,0.024296965450048447,105939.0,4560.0
2474189-B7,4,10,8,0.01883108541369438,71714.0,56212.0
2474189-B7,4,10,9,0.006120132282376289,8080.0,28643.0
2474189-B7,4,10,10,0.0060027409344911575,12176.0,28643.0
2476391-B2,4,3,1,0.2618725299835205,122321.0,23120.0
2476391-B2,4,3,2,0.2231781929731369,93649.0,27216.0
2476391-B2,4,3,3,0.06295595318078995,24224.0,40978.0
2476391-B2,4,5,1,0.2618725299835205,122321.0,23120.0
2476391-B2,4,5,2,0.2231781929731369,93649.0,27216.0
2476391-B2,4,5,3,0.06295595318078995,24224.0,40978.0
2476391-B2,4,5,4,0.036268532276153564,93649.0,23120.0
2476391-B2,4,5,5,0.028701063245534897,20128.0,36882.0
2476391-B2,4,10,1,0.2618725299835205,122321.0,23120.0
2476391-B2,4,10,2,0.2231781929731369,93649.0,27216.0
2476391-B2,4,10,3,0.06295595318078995,24224.0,40978.0
2476391-B2,4,10,4,0.036268532276153564,93649.0,23120.0
2476391-B2,4,10,5,0.028701063245534897,20128.0,36882.0
2476391-B2,4,10,6,0.0232229121029377,85457.0,27216.0
2476391-B2,4,10,7,0.021425794810056686,97745.0,23120.0
2476391-B2,4,10,8,0.019005436450242996,44704.0,36882.0
2476391-B2,4,10,9,0.018951524049043655,93649.0,31312.0
2476391-B2,4,10,10,0.017668427899479866,101841.0,31312.0
2477039-B,4,3,1,0.20528332889080048,66625.0,37970.0
2477039-B,4,3,2,0.09149529039859772,124085.0,50387.0
2477039-B,4,3,3,0.04440182074904442,66625.0,29778.0
2477039-B,4,5,1,0.20528332889080048,66625.0,37970.0
2477039-B,4,5,2,0.09149529039859772,124085.0,50387.0
2477039-B,4,5,3,0.04440182074904442,66625.0,29778.0
2477039-B,4,5,4,0.033175110816955566,83009.0,42066.0
2477039-B,4,5,5,0.032424792647361755,58433.0,46162.0
2477039-B,4,10,1,0.20528332889080048,66625.0,37970.0
2477039-B,4,10,2,0.09149529039859772,124085.0,50387.0
2477039-B,4,10,3,0.04440182074904442,66625.0,29778.0
2477039-B,4,10,4,0.033175110816955566,83009.0,42066.0
2477039-B,4,10,5,0.032424792647361755,58433.0,46162.0
2477039-B,4,10,6,0.031974151730537415,50241.0,37970.0
2477039-B,4,10,7,0.024684086441993713,70721.0,42066.0
2477039-B,4,10,8,0.020830277353525162,66625.0,42066.0
2477039-B,4,10,9,0.019073856994509697,54337.0,42066.0
2477039-B,4,10,10,0.019022028893232346,70721.0,37970.0
2477053-B3,4,3,1,0.11627566814422607,98262.0,47952.0
2477053-B3,4,3,2,0.05289827659726143,24144.0,45648.0
2477053-B3,4,3,3,0.048738993704319,65104.0,41552.0
2477053-B3,4,5,1,0.11627566814422607,98262.0,47952.0
2477053-B3,4,5,2,0.05289827659726143,24144.0,45648.0
2477053-B3,4,5,3,0.048738993704319,65104.0,41552.0
2477053-B3,4,5,4,0.03580904006958008,32336.0,45648.0
2477053-B3,4,5,5,0.03186701610684395,28240.0,49744.0
2477053-B3,4,10,1,0.11627566814422607,98262.0,47952.0
2477053-B3,4,10,2,0.05289827659726143,24144.0,45648.0
2477053-B3,4,10,3,0.048738993704319,65104.0,41552.0
2477053-B3,4,10,4,0.03580904006958008,32336.0,45648.0
2477053-B3,4,10,5,0.03186701610684395,28240.0,49744.0
2477053-B3,4,10,6,0.025592416524887085,98262.0,43856.0
2477053-B3,4,10,7,0.024637840688228607,24144.0,41552.0
2477053-B3,4,10,8,0.024476071819663048,106454.0,6992.0
2477053-B3,4,10,9,0.023821817710995674,106454.0,47952.0
2477053-B3,4,10,10,0.022119194269180298,15952.0,41552.0
2477189-B2,4,3,1,0.3170870542526245,94264.0,72448.0
2477189-B2,4,3,2,0.13739919662475586,15936.0,49105.0
2477189-B2,4,3,3,0.06998509913682938,32320.0,16337.0
2477189-B2,4,5,1,0.3170870542526245,94264.0,72448.0
2477189-B2,4,5,2,0.13739919662475586,15936.0,49105.0
2477189-B2,4,5,3,0.06998509913682938,32320.0,16337.0
2477189-B2,4,5,4,0.04386458545923233,98360.0,15104.0
2477189-B2,4,5,5,0.04340285807847977,102456.0,27392.0
2477189-B2,4,10,1,0.3170870542526245,94264.0,72448.0
2477189-B2,4,10,2,0.13739919662475586,15936.0,49105.0
2477189-B2,4,10,3,0.06998509913682938,32320.0,16337.0
2477189-B2,4,10,4,0.04386458545923233,98360.0,15104.0
2477189-B2,4,10,5,0.04340285807847977,102456.0,27392.0
2477189-B2,4,10,6,0.038574256002902985,24128.0,73681.0
2477189-B2,4,10,7,0.029825484380126,24128.0,69585.0
2477189-B2,4,10,8,0.02800646424293518,94264.0,31488.0
2477189-B2,4,10,9,0.0185941644012928,102456.0,11008.0
2477189-B2,4,10,10,0.013912012800574303,98360.0,39680.0
2477668-B3,4,3,1,0.14841397106647491,137719.0,68585.0
2477668-B3,4,3,2,0.07235357910394669,107732.0,35408.0
2477668-B3,4,3,3,0.06247568875551224,137111.0,4048.0
2477668-B3,4,5,1,0.14841397106647491,137719.0,68585.0
2477668-B3,4,5,2,0.07235357910394669,107732.0,35408.0
2477668-B3,4,5,3,0.06247568875551224,137111.0,4048.0
2477668-B3,4,5,4,0.030761538073420525,87252.0,47696.0
2477668-B3,4,5,5,0.030431095510721207,99540.0,51792.0
2477668-B3,4,10,1,0.14841397106647491,137719.0,68585.0
2477668-B3,4,10,2,0.07235357910394669,107732.0,35408.0
2477668-B3,4,10,3,0.06247568875551224,137111.0,4048.0
2477668-B3,4,10,4,0.030761538073420525,87252.0,47696.0
2477668-B3,4,10,5,0.030431095510721207,99540.0,51792.0
2477668-B3,4,10,6,0.03027139976620674,87252.0,39504.0
2477668-B3,4,10,7,0.029142964631319046,24160.0,48881.0
2477668-B3,4,10,8,0.02848995476961136,11872.0,52977.0
2477668-B3,4,10,9,0.021716052666306496,83156.0,43600.0
2477668-B3,4,10,10,0.02092904970049858,137111.0,8144.0
2478091-B4,4,3,1,0.028187401592731476,18224.0,64465.0
2478091-B4,4,3,2,0.02482970990240574,87874.0,48848.0
2478091-B4,4,3,3,0.024818604812026024,87874.0,61136.0
2478091-B4,4,5,1,0.028187401592731476,18224.0,64465.0
2478091-B4,4,5,2,0.02482970990240574,87874.0,48848.0
2478091-B4,4,5,3,0.024818604812026024,87874.0,61136.0
2478091-B4,4,5,4,0.02329445257782936,30512.0,64465.0
2478091-B4,4,5,5,0.02227039821445942,87874.0,52944.0
2478091-B4,4,10,1,0.028187401592731476,18224.0,64465.0
2478091-B4,4,10,2,0.02482970990240574,87874.0,48848.0
2478091-B4,4,10,3,0.024818604812026024,87874.0,61136.0
2478091-B4,4,10,4,0.02329445257782936,30512.0,64465.0
2478091-B4,4,10,5,0.02227039821445942,87874.0,52944.0
2478091-B4,4,10,6,0.022093739360570908,22320.0,60369.0
2478091-B4,4,10,7,0.020886501297354698,18224.0,68561.0
2478091-B4,4,10,8,0.020792443305253983,91970.0,65232.0
2478091-B4,4,10,9,0.019994396716356277,18224.0,56273.0
2478091-B4,4,10,10,0.019509591162204742,83778.0,61136.0
2481703-B2,4,3,1,0.09654730558395386,30256.0,27664.0
2481703-B2,4,3,2,0.09197612851858139,100244.0,39360.0
2481703-B2,4,3,3,0.04902305454015732,38448.0,35856.0
2481703-B2,4,5,1,0.09654730558395386,30256.0,27664.0
2481703-B2,4,5,2,0.09197612851858139,100244.0,39360.0
2481703-B2,4,5,3,0.04902305454015732,38448.0,35856.0
2481703-B2,4,5,4,0.04733625799417496,34352.0,48144.0
2481703-B2,4,5,5,0.047114502638578415,54832.0,31760.0
2481703-B2,4,10,1,0.09654730558395386,30256.0,27664.0
2481703-B2,4,10,2,0.09197612851858139,100244.0,39360.0
2481703-B2,4,10,3,0.04902305454015732,38448.0,35856.0
2481703-B2,4,10,4,0.04733625799417496,34352.0,48144.0
2481703-B2,4,10,5,0.047114502638578415,54832.0,31760.0
2481703-B2,4,10,6,0.03964904695749283,96148.0,18880.0
2481703-B2,4,10,7,0.038099221885204315,100244.0,31168.0
2481703-B2,4,10,8,0.0368516780436039,96148.0,59840.0
2481703-B2,4,10,9,0.03146331012248993,96148.0,43456.0
2481703-B2,4,10,10,0.03094695881009102,108436.0,27072.0
2482055-B2,4,3,1,0.07962767779827118,132725.0,21728.0
2482055-B2,4,3,2,0.07343704998493195,124533.0,62688.0
2482055-B2,4,3,3,0.060968294739723206,124533.0,17632.0
2482055-B2,4,5,1,0.07962767779827118,132725.0,21728.0
2482055-B2,4,5,2,0.07343704998493195,124533.0,62688.0
2482055-B2,4,5,3,0.060968294739723206,124533.0,17632.0
2482055-B2,4,5,4,0.05013331025838852,61409.0,26784.0
2482055-B2,4,5,5,0.029506711289286613,120437.0,66784.0
2482055-B2,4,10,1,0.07962767779827118,132725.0,21728.0
2482055-B2,4,10,2,0.07343704998493195,124533.0,62688.0
2482055-B2,4,10,3,0.060968294739723206,124533.0,17632.0
2482055-B2,4,10,4,0.05013331025838852,61409.0,26784.0
2482055-B2,4,10,5,0.029506711289286613,120437.0,66784.0
2482055-B2,4,10,6,0.027333306148648262,53217.0,26784.0
2482055-B2,4,10,7,0.025964070111513138,140917.0,34016.0
2482055-B2,4,10,8,0.025730334222316742,128629.0,42208.0
2482055-B2,4,10,9,0.024786721915006638,57313.0,47264.0
2482055-B2,4,10,10,0.023392943665385246,120437.0,21728.0
2482607-B,4,3,1,0.15393652021884918,40528.0,40017.0
2482607-B,4,3,2,0.07639813423156738,40528.0,48209.0
2482607-B,4,3,3,0.06963123381137848,106832.0,44560.0
2482607-B,4,5,1,0.15393652021884918,40528.0,40017.0
2482607-B,4,5,2,0.07639813423156738,40528.0,48209.0
2482607-B,4,5,3,0.06963123381137848,106832.0,44560.0
2482607-B,4,5,4,0.05387738347053528,36432.0,27729.0
2482607-B,4,5,5,0.04193555563688278,94544.0,24080.0
2482607-B,4,10,1,0.15393652021884918,40528.0,40017.0
2482607-B,4,10,2,0.07639813423156738,40528.0,48209.0
2482607-B,4,10,3,0.06963123381137848,106832.0,44560.0
2482607-B,4,10,4,0.05387738347053528,36432.0,27729.0
2482607-B,4,10,5,0.04193555563688278,94544.0,24080.0
2482607-B,4,10,6,0.034050095826387405,32336.0,27729.0
2482607-B,4,10,7,0.032018087804317474,106832.0,24080.0
2482607-B,4,10,8,0.03200696408748627,110928.0,24080.0
2482607-B,4,10,9,0.025810282677412033,28240.0,44113.0
2482607-B,4,10,10,0.024039452895522118,28240.0,19537.0
2482886-B2,4,3,1,0.09247883409261703,91063.0,37297.0
2482886-B2,4,3,2,0.07996821403503418,30176.0,51472.0
2482886-B2,4,3,3,0.0683872252702713,99255.0,33201.0
2482886-B2,4,5,1,0.09247883409261703,91063.0,37297.0
2482886-B2,4,5,2,0.07996821403503418,30176.0,51472.0
2482886-B2,4,5,3,0.0683872252702713,99255.0,33201.0
2482886-B2,4,5,4,0.0526273138821125,34272.0,18704.0
2482886-B2,4,5,5,0.04930912330746651,21984.0,30992.0
2482886-B2,4,10,1,0.09247883409261703,91063.0,37297.0
2482886-B2,4,10,2,0.07996821403503418,30176.0,51472.0
2482886-B2,4,10,3,0.0683872252702713,99255.0,33201.0
2482886-B2,4,10,4,0.0526273138821125,34272.0,18704.0
2482886-B2,4,10,5,0.04930912330746651,21984.0,30992.0
2482886-B2,4,10,6,0.04574355483055115,95159.0,33201.0
2482886-B2,4,10,7,0.04270109534263611,26080.0,22800.0
2482886-B2,4,10,8,0.03718503937125206,26080.0,39184.0
2482886-B2,4,10,9,0.03571918606758118,17888.0,43280.0
2482886-B2,4,10,10,0.03537888079881668,30176.0,47376.0
2482957-B2,4,3,1,0.169274240732193,36480.0,35856.0
2482957-B2,4,3,2,0.1404533088207245,32384.0,31760.0
2482957-B2,4,3,3,0.07299172133207321,20096.0,27664.0
2482957-B2,4,5,1,0.169274240732193,36480.0,35856.0
2482957-B2,4,5,2,0.1404533088207245,32384.0,31760.0
2482957-B2,4,5,3,0.07299172133207321,20096.0,27664.0
2482957-B2,4,5,4,0.04948912560939789,94439.0,23104.0
2482957-B2,4,5,5,0.04708508774638176,32384.0,23568.0
2482957-B2,4,10,1,0.169274240732193,36480.0,35856.0
2482957-B2,4,10,2,0.1404533088207245,32384.0,31760.0
2482957-B2,4,10,3,0.07299172133207321,20096.0,27664.0
2482957-B2,4,10,4,0.04948912560939789,94439.0,23104.0
2482957-B2,4,10,5,0.04708508774638176,32384.0,23568.0
2482957-B2,4,10,6,0.037675924599170685,32384.0,27664.0
2482957-B2,4,10,7,0.027877341955900192,16000.0,31760.0
2482957-B2,4,10,8,0.027140699326992035,16000.0,27664.0
2482957-B2,4,10,9,0.023379161953926086,44672.0,27664.0
2482957-B2,4,10,10,0.020593546330928802,73959.0,14912.0
2482964-B2,4,3,1,0.07478252798318863,86194.0,61440.0
2482964-B2,4,3,2,0.06273982673883438,86194.0,16384.0
2482964-B2,4,3,3,0.03880960866808891,184646.0,8192.0
2482964-B2,4,5,1,0.07478252798318863,86194.0,61440.0
2482964-B2,4,5,2,0.06273982673883438,86194.0,16384.0
2482964-B2,4,5,3,0.03880960866808891,184646.0,8192.0
2482964-B2,4,5,4,0.03808949887752533,86194.0,40960.0
2482964-B2,4,5,5,0.03781217709183693,94386.0,36864.0
2482964-B2,4,10,1,0.07478252798318863,86194.0,61440.0
2482964-B2,4,10,2,0.06273982673883438,86194.0,16384.0
2482964-B2,4,10,3,0.03880960866808891,184646.0,8192.0
2482964-B2,4,10,4,0.03808949887752533,86194.0,40960.0
2482964-B2,4,10,5,0.03781217709183693,94386.0,36864.0
2482964-B2,4,10,6,0.035805217921733856,86194.0,36864.0
2482964-B2,4,10,7,0.03126240521669388,73906.0,65536.0
2482964-B2,4,10,8,0.03087078593671322,182266.0,70008.0
2482964-B2,4,10,9,0.03005453199148178,82098.0,69632.0
2482964-B2,4,10,10,0.02461199089884758,102578.0,8192.0
2483215-B6,4,3,1,0.18739651143550873,134785.0,39313.0
2483215-B6,4,3,2,0.0635109692811966,24240.0,35681.0
2483215-B6,4,3,3,0.03553982451558113,32432.0,39777.0
2483215-B6,4,5,1,0.18739651143550873,134785.0,39313.0
2483215-B6,4,5,2,0.0635109692811966,24240.0,35681.0
2483215-B6,4,5,3,0.03553982451558113,32432.0,39777.0
2483215-B6,4,5,4,0.024060674011707306,106113.0,35217.0
2483215-B6,4,5,5,0.02246960438787937,57008.0,31585.0
2483215-B6,4,10,1,0.18739651143550873,134785.0,39313.0
2483215-B6,4,10,2,0.0635109692811966,24240.0,35681.0
2483215-B6,4,10,3,0.03553982451558113,32432.0,39777.0
2483215-B6,4,10,4,0.024060674011707306,106113.0,35217.0
2483215-B6,4,10,5,0.02246960438787937,57008.0,31585.0
2483215-B6,4,10,6,0.02244924195110798,106113.0,31121.0
2483215-B6,4,10,7,0.020351896062493324,57008.0,39777.0
2483215-B6,4,10,8,0.01623740792274475,134785.0,55697.0
2483215-B6,4,10,9,0.013189217075705528,97921.0,47505.0
2483215-B6,4,10,10,0.013116000220179558,57008.0,35681.0
2483768-B4,4,3,1,0.1215442419052124,107601.0,54032.0
2483768-B4,4,3,2,0.08423373103141785,10192.0,47568.0
2483768-B4,4,3,3,0.0716298446059227,22480.0,6608.0
2483768-B4,4,5,1,0.1215442419052124,107601.0,54032.0
2483768-B4,4,5,2,0.08423373103141785,10192.0,47568.0
2483768-B4,4,5,3,0.0716298446059227,22480.0,6608.0
2483768-B4,4,5,4,0.06398041546344757,100785.0,12496.0
2483768-B4,4,5,5,0.053585343062877655,96689.0,12496.0
2483768-B4,4,10,1,0.1215442419052124,107601.0,54032.0
2483768-B4,4,10,2,0.08423373103141785,10192.0,47568.0
2483768-B4,4,10,3,0.0716298446059227,22480.0,6608.0
2483768-B4,4,10,4,0.06398041546344757,100785.0,12496.0
2483768-B4,4,10,5,0.053585343062877655,96689.0,12496.0
2483768-B4,4,10,6,0.05150850489735603,18384.0,10704.0
2483768-B4,4,10,7,0.05067635700106621,22480.0,10704.0
2483768-B4,4,10,8,0.050617169588804245,30672.0,6608.0
2483768-B4,4,10,9,0.042051032185554504,18384.0,14800.0
2483768-B4,4,10,10,0.03833205997943878,92593.0,20688.0
2485259-B6,4,3,1,0.07060366868972778,20112.0,30640.0
2485259-B6,4,3,2,0.0677931010723114,77908.0,39808.0
2485259-B6,4,3,3,0.0377267450094223,65620.0,60288.0
2485259-B6,4,5,1,0.07060366868972778,20112.0,30640.0
2485259-B6,4,5,2,0.0677931010723114,77908.0,39808.0
2485259-B6,4,5,3,0.0377267450094223,65620.0,60288.0
2485259-B6,4,5,4,0.033047597855329514,73812.0,31616.0
2485259-B6,4,5,5,0.03098883479833603,73812.0,19328.0
2485259-B6,4,10,1,0.07060366868972778,20112.0,30640.0
2485259-B6,4,10,2,0.0677931010723114,77908.0,39808.0
2485259-B6,4,10,3,0.0377267450094223,65620.0,60288.0
2485259-B6,4,10,4,0.033047597855329514,73812.0,31616.0
2485259-B6,4,10,5,0.03098883479833603,73812.0,19328.0
2485259-B6,4,10,6,0.029877612367272377,7824.0,55216.0
2485259-B6,4,10,7,0.02848777174949646,16016.0,67504.0
2485259-B6,4,10,8,0.028299639001488686,24208.0,67504.0
2485259-B6,4,10,9,0.028041020035743713,24208.0,63408.0
2485259-B6,4,10,10,0.026554465293884277,7824.0,63408.0
2486100-B,4,3,1,0.13853710889816284,111168.0,35648.0
2486100-B,4,3,2,0.08226606249809265,28224.0,29968.0
2486100-B,4,3,3,0.07594101876020432,78400.0,47936.0
2486100-B,4,5,1,0.13853710889816284,111168.0,35648.0
2486100-B,4,5,2,0.08226606249809265,28224.0,29968.0
2486100-B,4,5,3,0.07594101876020432,78400.0,47936.0
2486100-B,4,5,4,0.05648377537727356,82496.0,43840.0
2486100-B,4,5,5,0.026902593672275543,94784.0,27456.0
2486100-B,4,10,1,0.13853710889816284,111168.0,35648.0
2486100-B,4,10,2,0.08226606249809265,28224.0,29968.0
2486100-B,4,10,3,0.07594101876020432,78400.0,47936.0
2486100-B,4,10,4,0.05648377537727356,82496.0,43840.0
2486100-B,4,10,5,0.026902593672275543,94784.0,27456.0
2486100-B,4,10,6,0.026866408064961433,82496.0,39744.0
2486100-B,4,10,7,0.025012817233800888,24128.0,29968.0
2486100-B,4,10,8,0.021148521453142166,20032.0,29968.0
2486100-B,4,10,9,0.020870964974164963,11840.0,46352.0
2486100-B,4,10,10,0.019235145300626755,86592.0,39744.0
2486104-B2,4,3,1,0.2877965569496155,24593.0,26257.0
2486104-B2,4,3,2,0.09225574135780334,36881.0,34449.0
2486104-B2,4,3,3,0.07299362868070602,28689.0,18065.0
2486104-B2,4,5,1,0.2877965569496155,24593.0,26257.0
2486104-B2,4,5,2,0.09225574135780334,36881.0,34449.0
2486104-B2,4,5,3,0.07299362868070602,28689.0,18065.0
2486104-B2,4,5,4,0.06840815395116806,49169.0,34449.0
2486104-B2,4,5,5,0.03250862658023834,24593.0,22161.0
2486104-B2,4,10,1,0.2877965569496155,24593.0,26257.0
2486104-B2,4,10,2,0.09225574135780334,36881.0,34449.0
2486104-B2,4,10,3,0.07299362868070602,28689.0,18065.0
2486104-B2,4,10,4,0.06840815395116806,49169.0,34449.0
2486104-B2,4,10,5,0.03250862658023834,24593.0,22161.0
2486104-B2,4,10,6,0.028557810932397842,94456.0,30081.0
2486104-B2,4,10,7,0.02838294953107834,28689.0,22161.0
2486104-B2,4,10,8,0.025527864694595337,49169.0,30353.0
2486104-B2,4,10,9,0.024584908038377762,32785.0,34449.0
2486104-B2,4,10,10,0.021385079249739647,45073.0,26257.0
2486165-B2,4,3,1,0.07954742014408112,89063.0,35793.0
2486165-B2,4,3,2,0.06318038702011108,109543.0,39889.0
2486165-B2,4,3,3,0.03805382549762726,33281.0,24097.0
2486165-B2,4,5,1,0.07954742014408112,89063.0,35793.0
2486165-B2,4,5,2,0.06318038702011108,109543.0,39889.0
2486165-B2,4,5,3,0.03805382549762726,33281.0,24097.0
2486165-B2,4,5,4,0.03112434223294258,29185.0,32289.0
2486165-B2,4,5,5,0.028608128428459167,66049.0,28193.0
2486165-B2,4,10,1,0.07954742014408112,89063.0,35793.0
2486165-B2,4,10,2,0.06318038702011108,109543.0,39889.0
2486165-B2,4,10,3,0.03805382549762726,33281.0,24097.0
2486165-B2,4,10,4,0.03112434223294258,29185.0,32289.0
2486165-B2,4,10,5,0.028608128428459167,66049.0,28193.0
2486165-B2,4,10,6,0.026649102568626404,97255.0,19409.0
2486165-B2,4,10,7,0.023457802832126617,33281.0,32289.0
2486165-B2,4,10,8,0.022225838154554367,33281.0,36385.0
2486165-B2,4,10,9,0.02211764268577099,89063.0,27601.0
2486165-B2,4,10,10,0.021731624379754066,89063.0,31697.0
2486262-B4,4,3,1,0.14779861271381378,85992.0,49760.0
2486262-B4,4,3,2,0.07255159318447113,73704.0,33376.0
2486262-B4,4,3,3,0.06913682073354721,33745.0,23089.0
2486262-B4,4,5,1,0.14779861271381378,85992.0,49760.0
2486262-B4,4,5,2,0.07255159318447113,73704.0,33376.0
2486262-B4,4,5,3,0.06913682073354721,33745.0,23089.0
2486262-B4,4,5,4,0.04383080452680588,13265.0,39473.0
2486262-B4,4,5,5,0.03949912637472153,37841.0,39473.0
2486262-B4,4,10,1,0.14779861271381378,85992.0,49760.0
2486262-B4,4,10,2,0.07255159318447113,73704.0,33376.0
2486262-B4,4,10,3,0.06913682073354721,33745.0,23089.0
2486262-B4,4,10,4,0.04383080452680588,13265.0,39473.0
2486262-B4,4,10,5,0.03949912637472153,37841.0,39473.0
2486262-B4,4,10,6,0.036217331886291504,13265.0,35377.0
2486262-B4,4,10,7,0.03165359050035477,90088.0,12896.0
2486262-B4,4,10,8,0.026864267885684967,81896.0,49760.0
2486262-B4,4,10,9,0.024886131286621094,94184.0,21088.0
2486262-B4,4,10,10,0.02467254549264908,17361.0,51761.0
2486653-B3,4,3,1,0.12531906366348267,37632.0,54016.0
2486653-B3,4,3,2,0.06040651723742485,99587.0,36864.0
2486653-B3,4,3,3,0.04149669408798218,87299.0,28672.0
2486653-B3,4,5,1,0.12531906366348267,37632.0,54016.0
2486653-B3,4,5,2,0.06040651723742485,99587.0,36864.0
2486653-B3,4,5,3,0.04149669408798218,87299.0,28672.0
2486653-B3,4,5,4,0.033397525548934937,91395.0,73728.0
2486653-B3,4,5,5,0.028729528188705444,87299.0,32768.0
2486653-B3,4,10,1,0.12531906366348267,37632.0,54016.0
2486653-B3,4,10,2,0.06040651723742485,99587.0,36864.0
2486653-B3,4,10,3,0.04149669408798218,87299.0,28672.0
2486653-B3,4,10,4,0.033397525548934937,91395.0,73728.0
2486653-B3,4,10,5,0.028729528188705444,87299.0,32768.0
2486653-B3,4,10,6,0.025660064071416855,91395.0,32768.0
2486653-B3,4,10,7,0.025361208245158195,45824.0,62208.0
2486653-B3,4,10,8,0.021234558895230293,25344.0,29440.0
2486653-B3,4,10,9,0.020593060180544853,13056.0,58112.0
2486653-B3,4,10,10,0.020303875207901,37632.0,37632.0
2486859-B2,4,3,1,0.1392572522163391,111914.0,53833.0
2486859-B2,4,3,2,0.11676384508609772,133164.0,33203.0
2486859-B2,4,3,3,0.08123300969600677,132349.0,8593.0
2486859-B2,4,5,1,0.1392572522163391,111914.0,53833.0
2486859-B2,4,5,2,0.11676384508609772,133164.0,33203.0
2486859-B2,4,5,3,0.08123300969600677,132349.0,8593.0
2486859-B2,4,5,4,0.06415766477584839,116010.0,53833.0
2486859-B2,4,5,5,0.06348482519388199,136445.0,12689.0
2486859-B2,4,10,1,0.1392572522163391,111914.0,53833.0
2486859-B2,4,10,2,0.11676384508609772,133164.0,33203.0
2486859-B2,4,10,3,0.08123300969600677,132349.0,8593.0
2486859-B2,4,10,4,0.06415766477584839,116010.0,53833.0
2486859-B2,4,10,5,0.06348482519388199,136445.0,12689.0
2486859-B2,4,10,6,0.05755116790533066,121387.0,16146.0
2486859-B2,4,10,7,0.040667422115802765,114650.0,46103.0
2486859-B2,4,10,8,0.03321586549282074,107818.0,49737.0
2486859-B2,4,10,9,0.03054039180278778,111914.0,49737.0
2486859-B2,4,10,10,0.026654506102204323,141356.0,29107.0
2487935-B2,4,3,1,0.2370530664920807,13728.0,54049.0
2487935-B2,4,3,2,0.09099182486534119,17824.0,54049.0
2487935-B2,4,3,3,0.07763916254043579,77957.0,51984.0
2487935-B2,4,5,1,0.2370530664920807,13728.0,54049.0
2487935-B2,4,5,2,0.09099182486534119,17824.0,54049.0
2487935-B2,4,5,3,0.07763916254043579,77957.0,51984.0
2487935-B2,4,5,4,0.05245593935251236,17824.0,41761.0
2487935-B2,4,5,5,0.034044478088617325,21920.0,33569.0
2487935-B2,4,10,1,0.2370530664920807,13728.0,54049.0
2487935-B2,4,10,2,0.09099182486534119,17824.0,54049.0
2487935-B2,4,10,3,0.07763916254043579,77957.0,51984.0
2487935-B2,4,10,4,0.05245593935251236,17824.0,41761.0
2487935-B2,4,10,5,0.034044478088617325,21920.0,33569.0
2487935-B2,4,10,6,0.031581100076436996,77957.0,31504.0
2487935-B2,4,10,7,0.02809920907020569,13728.0,49953.0
2487935-B2,4,10,8,0.022788958624005318,34208.0,41761.0
2487935-B2,4,10,9,0.022596122696995735,21920.0,45857.0
2487935-B2,4,10,10,0.021166902035474777,26016.0,54049.0
2488044-B3,4,3,1,0.14296919107437134,135058.0,78617.0
2488044-B3,4,3,2,0.05030450224876404,110321.0,60481.0
2488044-B3,4,3,3,0.036362502723932266,54112.0,48625.0
2488044-B3,4,5,1,0.14296919107437134,135058.0,78617.0
2488044-B3,4,5,2,0.05030450224876404,110321.0,60481.0
2488044-B3,4,5,3,0.036362502723932266,54112.0,48625.0
2488044-B3,4,5,4,0.02510068751871586,62304.0,56817.0
2488044-B3,4,5,5,0.024704229086637497,45920.0,60913.0
2488044-B3,4,10,1,0.14296919107437134,135058.0,78617.0
2488044-B3,4,10,2,0.05030450224876404,110321.0,60481.0
2488044-B3,4,10,3,0.036362502723932266,54112.0,48625.0
2488044-B3,4,10,4,0.02510068751871586,62304.0,56817.0
2488044-B3,4,10,5,0.024704229086637497,45920.0,60913.0
2488044-B3,4,10,6,0.024471797049045563,58208.0,40433.0
2488044-B3,4,10,7,0.024273458868265152,118513.0,48193.0
2488044-B3,4,10,8,0.024193421006202698,54112.0,44529.0
2488044-B3,4,10,9,0.023001782596111298,50016.0,48625.0
2488044-B3,4,10,10,0.021979568526148796,45920.0,40433.0
2488065-B3,4,3,1,0.2062133103609085,36576.0,22272.0
2488065-B3,4,3,2,0.09276208281517029,32480.0,22272.0
2488065-B3,4,3,3,0.07114314287900925,20192.0,22272.0
2488065-B3,4,5,1,0.2062133103609085,36576.0,22272.0
2488065-B3,4,5,2,0.09276208281517029,32480.0,22272.0
2488065-B3,4,5,3,0.07114314287900925,20192.0,22272.0
2488065-B3,4,5,4,0.053137801587581635,101748.0,45969.0
2488065-B3,4,5,5,0.0513833649456501,36576.0,34560.0
2488065-B3,4,10,1,0.2062133103609085,36576.0,22272.0
2488065-B3,4,10,2,0.09276208281517029,32480.0,22272.0
2488065-B3,4,10,3,0.07114314287900925,20192.0,22272.0
2488065-B3,4,10,4,0.053137801587581635,101748.0,45969.0
2488065-B3,4,10,5,0.0513833649456501,36576.0,34560.0
2488065-B3,4,10,6,0.03890883922576904,32480.0,14080.0
2488065-B3,4,10,7,0.03124435991048813,24288.0,42752.0
2488065-B3,4,10,8,0.02267715521156788,101748.0,41873.0
2488065-B3,4,10,9,0.01824951171875,97652.0,29585.0
2488065-B3,4,10,10,0.01820438541471958,28384.0,42752.0
2488344-B2,4,3,1,0.3633565306663513,24272.0,26177.0
2488344-B2,4,3,2,0.0612984225153923,83634.0,22641.0
2488344-B2,4,3,3,0.031216047704219818,40656.0,30273.0
2488344-B2,4,5,1,0.3633565306663513,24272.0,26177.0
2488344-B2,4,5,2,0.0612984225153923,83634.0,22641.0
2488344-B2,4,5,3,0.031216047704219818,40656.0,30273.0
2488344-B2,4,5,4,0.02541651949286461,100018.0,26737.0
2488344-B2,4,5,5,0.02502095326781273,87730.0,47217.0
2488344-B2,4,10,1,0.3633565306663513,24272.0,26177.0
2488344-B2,4,10,2,0.0612984225153923,83634.0,22641.0
2488344-B2,4,10,3,0.031216047704219818,40656.0,30273.0
2488344-B2,4,10,4,0.02541651949286461,100018.0,26737.0
2488344-B2,4,10,5,0.02502095326781273,87730.0,47217.0
2488344-B2,4,10,6,0.02326023578643799,87730.0,22641.0
2488344-B2,4,10,7,0.022043053060770035,28368.0,22081.0
2488344-B2,4,10,8,0.020899519324302673,79538.0,22641.0
2488344-B2,4,10,9,0.020252883434295654,32464.0,26177.0
2488344-B2,4,10,10,0.018341129645705223,24272.0,34369.0
2488369-B2,4,3,1,0.21136748790740967,16464.0,53297.0
2488369-B2,4,3,2,0.04048387333750725,118742.0,35553.0
2488369-B2,4,3,3,0.0403793603181839,114646.0,31457.0
2488369-B2,4,5,1,0.21136748790740967,16464.0,53297.0
2488369-B2,4,5,2,0.04048387333750725,118742.0,35553.0
2488369-B2,4,5,3,0.0403793603181839,114646.0,31457.0
2488369-B2,4,5,4,0.028125733137130737,90070.0,27361.0
2488369-B2,4,5,5,0.02614513784646988,140058.0,10769.0
2488369-B2,4,10,1,0.21136748790740967,16464.0,53297.0
2488369-B2,4,10,2,0.04048387333750725,118742.0,35553.0
2488369-B2,4,10,3,0.0403793603181839,114646.0,31457.0
2488369-B2,4,10,4,0.028125733137130737,90070.0,27361.0
2488369-B2,4,10,5,0.02614513784646988,140058.0,10769.0
2488369-B2,4,10,6,0.023714851588010788,41040.0,24625.0
2488369-B2,4,10,7,0.019284529611468315,122838.0,39649.0
2488369-B2,4,10,8,0.016718346625566483,61520.0,45105.0
2488369-B2,4,10,9,0.01571851223707199,49232.0,65585.0
2488369-B2,4,10,10,0.013274102471768856,49232.0,36913.0
2488475-B2,4,3,1,0.22082962095737457,20112.0,31504.0
2488475-B2,4,3,2,0.07273061573505402,16016.0,35600.0
2488475-B2,4,3,3,0.05839908868074417,11920.0,39696.0
2488475-B2,4,5,1,0.22082962095737457,20112.0,31504.0
2488475-B2,4,5,2,0.07273061573505402,16016.0,35600.0
2488475-B2,4,5,3,0.05839908868074417,11920.0,39696.0
2488475-B2,4,5,4,0.04613354429602623,73635.0,35952.0
2488475-B2,4,5,5,0.04440075531601906,11920.0,27408.0
2488475-B2,4,10,1,0.22082962095737457,20112.0,31504.0
2488475-B2,4,10,2,0.07273061573505402,16016.0,35600.0
2488475-B2,4,10,3,0.05839908868074417,11920.0,39696.0
2488475-B2,4,10,4,0.04613354429602623,73635.0,35952.0
2488475-B2,4,10,5,0.04440075531601906,11920.0,27408.0
2488475-B2,4,10,6,0.041200190782547,16016.0,23312.0
2488475-B2,4,10,7,0.03498407080769539,77731.0,31856.0
2488475-B2,4,10,8,0.033782608807086945,24208.0,39696.0
2488475-B2,4,10,9,0.03305062651634216,16016.0,27408.0
2488475-B2,4,10,10,0.031713418662548065,11920.0,35600.0
2489131-B3,4,3,1,0.2646041512489319,74532.0,46272.0
2489131-B3,4,3,2,0.13209030032157898,70436.0,33984.0
2489131-B3,4,3,3,0.12084086984395981,70436.0,42176.0
2489131-B3,4,5,1,0.2646041512489319,74532.0,46272.0
2489131-B3,4,5,2,0.13209030032157898,70436.0,33984.0
2489131-B3,4,5,3,0.12084086984395981,70436.0,42176.0
2489131-B3,4,5,4,0.08137482404708862,74532.0,38080.0
2489131-B3,4,5,5,0.05331362038850784,12384.0,38048.0
2489131-B3,4,10,1,0.2646041512489319,74532.0,46272.0
2489131-B3,4,10,2,0.13209030032157898,70436.0,33984.0
2489131-B3,4,10,3,0.12084086984395981,70436.0,42176.0
2489131-B3,4,10,4,0.08137482404708862,74532.0,38080.0
2489131-B3,4,10,5,0.05331362038850784,12384.0,38048.0
2489131-B3,4,10,6,0.04469769075512886,70436.0,38080.0
2489131-B3,4,10,7,0.040669314563274384,70436.0,13504.0
2489131-B3,4,10,8,0.03140212222933769,20576.0,42144.0
2489131-B3,4,10,9,0.026359394192695618,16480.0,29856.0
2489131-B3,4,10,10,0.024568110704421997,74532.0,25792.0
2489182-B2,4,3,1,0.10632383823394775,103825.0,38768.0
2489182-B2,4,3,2,0.10391351580619812,107921.0,38768.0
2489182-B2,4,3,3,0.09098430722951889,120209.0,63344.0
2489182-B2,4,5,1,0.10632383823394775,103825.0,38768.0
2489182-B2,4,5,2,0.10391351580619812,107921.0,38768.0
2489182-B2,4,5,3,0.09098430722951889,120209.0,63344.0
2489182-B2,4,5,4,0.05000961571931839,120209.0,67440.0
2489182-B2,4,5,5,0.04362359270453453,11984.0,22960.0
2489182-B2,4,10,1,0.10632383823394775,103825.0,38768.0
2489182-B2,4,10,2,0.10391351580619812,107921.0,38768.0
2489182-B2,4,10,3,0.09098430722951889,120209.0,63344.0
2489182-B2,4,10,4,0.05000961571931839,120209.0,67440.0
2489182-B2,4,10,5,0.04362359270453453,11984.0,22960.0
2489182-B2,4,10,6,0.04136326536536217,123297.0,192.0
2489182-B2,4,10,7,0.03071889653801918,40656.0,59824.0
2489182-B2,4,10,8,0.020370669662952423,99729.0,71536.0
2489182-B2,4,10,9,0.01832108199596405,115105.0,192.0
2489182-B2,4,10,10,0.01730763539671898,119201.0,192.0
25012628B2,4,3,1,0.07182450592517853,86337.0,36624.0
25012628B2,4,3,2,0.06555180251598358,86337.0,40720.0
25012628B2,4,3,3,0.0619983971118927,78145.0,24336.0
25012628B2,4,5,1,0.07182450592517853,86337.0,36624.0
25012628B2,4,5,2,0.06555180251598358,86337.0,40720.0
25012628B2,4,5,3,0.0619983971118927,78145.0,24336.0
25012628B2,4,5,4,0.054991498589515686,15840.0,18096.0
25012628B2,4,5,5,0.04751407727599144,98625.0,36624.0
25012628B2,4,10,1,0.07182450592517853,86337.0,36624.0
25012628B2,4,10,2,0.06555180251598358,86337.0,40720.0
25012628B2,4,10,3,0.0619983971118927,78145.0,24336.0
25012628B2,4,10,4,0.054991498589515686,15840.0,18096.0
25012628B2,4,10,5,0.04751407727599144,98625.0,36624.0
25012628B2,4,10,6,0.04735153168439865,24032.0,42672.0
25012628B2,4,10,7,0.04388251528143883,11744.0,26288.0
25012628B2,4,10,8,0.04358898103237152,19936.0,18096.0
25012628B2,4,10,9,0.03427397459745407,82241.0,28432.0
25012628B2,4,10,10,0.02719484083354473,32224.0,26288.0
25012919B9,4,3,1,0.08053215593099594,24400.0,23168.0
25012919B9,4,3,2,0.05423532426357269,122883.0,28945.0
25012919B9,4,3,3,0.04476248100399971,126979.0,20753.0
25012919B9,4,5,1,0.08053215593099594,24400.0,23168.0
25012919B9,4,5,2,0.05423532426357269,122883.0,28945.0
25012919B9,4,5,3,0.04476248100399971,126979.0,20753.0
25012919B9,4,5,4,0.04306112974882126,118787.0,24849.0
25012919B9,4,5,5,0.03840062767267227,139267.0,24849.0
25012919B9,4,10,1,0.08053215593099594,24400.0,23168.0
25012919B9,4,10,2,0.05423532426357269,122883.0,28945.0
25012919B9,4,10,3,0.04476248100399971,126979.0,20753.0
25012919B9,4,10,4,0.04306112974882126,118787.0,24849.0
25012919B9,4,10,5,0.03840062767267227,139267.0,24849.0
25012919B9,4,10,6,0.038342636078596115,110595.0,41233.0
25012919B9,4,10,7,0.038139283657073975,94211.0,28945.0
25012919B9,4,10,8,0.03421446308493614,16208.0,39552.0
25012919B9,4,10,9,0.03347950056195259,94211.0,24849.0
25012919B9,4,10,10,0.031149063259363174,114691.0,20753.0
25013023B2,4,3,1,0.09104658663272858,41280.0,35120.0
25013023B2,4,3,2,0.0369463786482811,130103.0,40560.0
25013023B2,4,3,3,0.03517545759677887,126007.0,44656.0
25013023B2,4,5,1,0.09104658663272858,41280.0,35120.0
25013023B2,4,5,2,0.0369463786482811,130103.0,40560.0
25013023B2,4,5,3,0.03517545759677887,126007.0,44656.0
25013023B2,4,5,4,0.026628956198692322,61760.0,35120.0
25013023B2,4,5,5,0.025818368420004845,117815.0,24176.0
25013023B2,4,10,1,0.09104658663272858,41280.0,35120.0
25013023B2,4,10,2,0.0369463786482811,130103.0,40560.0
25013023B2,4,10,3,0.03517545759677887,126007.0,44656.0
25013023B2,4,10,4,0.026628956198692322,61760.0,35120.0
25013023B2,4,10,5,0.025818368420004845,117815.0,24176.0
25013023B2,4,10,6,0.025439294055104256,28992.0,35120.0
25013023B2,4,10,7,0.021359512582421303,53568.0,35120.0
25013023B2,4,10,8,0.020077599212527275,53568.0,31024.0
25013023B2,4,10,9,0.01797085627913475,142391.0,61040.0
25013023B2,4,10,10,0.016483880579471588,121911.0,20080.0
25013189B3,4,3,1,0.21878325939178467,94785.0,49040.0
25013189B3,4,3,2,0.11157640814781189,19616.0,43808.0
25013189B3,4,3,3,0.050880830734968185,31904.0,19232.0
25013189B3,4,5,1,0.21878325939178467,94785.0,49040.0
25013189B3,4,5,2,0.11157640814781189,19616.0,43808.0
25013189B3,4,5,3,0.050880830734968185,31904.0,19232.0
25013189B3,4,5,4,0.050130609422922134,52384.0,31520.0
25013189B3,4,5,5,0.04016108065843582,19616.0,52000.0
25013189B3,4,10,1,0.21878325939178467,94785.0,49040.0
25013189B3,4,10,2,0.11157640814781189,19616.0,43808.0
25013189B3,4,10,3,0.050880830734968185,31904.0,19232.0
25013189B3,4,10,4,0.050130609422922134,52384.0,31520.0
25013189B3,4,10,5,0.04016108065843582,19616.0,52000.0
25013189B3,4,10,6,0.03187798708677292,127553.0,40848.0
25013189B3,4,10,7,0.022867172956466675,27808.0,27424.0
25013189B3,4,10,8,0.022593092173337936,111169.0,40848.0
25013189B3,4,10,9,0.02249739319086075,40096.0,39712.0
25013189B3,4,10,10,0.018826890736818314,19616.0,47904.0
25013878B2,4,3,1,0.5119948983192444,91096.0,29841.0
25013878B2,4,3,2,0.02550867386162281,99288.0,66705.0
25013878B2,4,3,3,0.024045642465353012,24834.0,66215.0
25013878B2,4,5,1,0.5119948983192444,91096.0,29841.0
25013878B2,4,5,2,0.02550867386162281,99288.0,66705.0
25013878B2,4,5,3,0.024045642465353012,24834.0,66215.0
25013878B2,4,5,4,0.02292214147746563,123864.0,62609.0
25013878B2,4,5,5,0.020433446392416954,107480.0,21649.0
25013878B2,4,10,1,0.5119948983192444,91096.0,29841.0
25013878B2,4,10,2,0.02550867386162281,99288.0,66705.0
25013878B2,4,10,3,0.024045642465353012,24834.0,66215.0
25013878B2,4,10,4,0.02292214147746563,123864.0,62609.0
25013878B2,4,10,5,0.020433446392416954,107480.0,21649.0
25013878B2,4,10,6,0.014146064408123493,15952.0,67728.0
25013878B2,4,10,7,0.013254755176603794,28240.0,14480.0
25013878B2,4,10,8,0.013095255941152573,99288.0,17553.0
25013878B2,4,10,9,0.012195441871881485,32336.0,30864.0
25013878B2,4,10,10,0.011663748882710934,107480.0,25745.0
25015408B3,4,3,1,0.11279293149709702,113959.0,43360.0
25015408B3,4,3,2,0.10362432152032852,44384.0,43264.0
25015408B3,4,3,3,0.046511732041835785,48480.0,47360.0
25015408B3,4,5,1,0.11279293149709702,113959.0,43360.0
25015408B3,4,5,2,0.10362432152032852,44384.0,43264.0
25015408B3,4,5,3,0.046511732041835785,48480.0,47360.0
25015408B3,4,5,4,0.039252378046512604,36192.0,47360.0
25015408B3,4,5,5,0.029876716434955597,118055.0,39264.0
25015408B3,4,10,1,0.11279293149709702,113959.0,43360.0
25015408B3,4,10,2,0.10362432152032852,44384.0,43264.0
25015408B3,4,10,3,0.046511732041835785,48480.0,47360.0
25015408B3,4,10,4,0.039252378046512604,36192.0,47360.0
25015408B3,4,10,5,0.029876716434955597,118055.0,39264.0
25015408B3,4,10,6,0.02786760777235031,93479.0,6496.0
25015408B3,4,10,7,0.02677377313375473,93479.0,35168.0
25015408B3,4,10,8,0.025428615510463715,105767.0,47456.0
25015408B3,4,10,9,0.023446356877684593,113959.0,47456.0
25015408B3,4,10,10,0.02312198095023632,19808.0,43264.0
25015488B2,4,3,1,0.07041973620653152,100042.0,43776.0
25015488B2,4,3,2,0.052227772772312164,31041.0,39264.0
25015488B2,4,3,3,0.04151778295636177,95946.0,31488.0
25015488B2,4,5,1,0.07041973620653152,100042.0,43776.0
25015488B2,4,5,2,0.052227772772312164,31041.0,39264.0
25015488B2,4,5,3,0.04151778295636177,95946.0,31488.0
25015488B2,4,5,4,0.03960341215133667,104138.0,15104.0
25015488B2,4,5,5,0.03800325468182564,91850.0,35584.0
25015488B2,4,10,1,0.07041973620653152,100042.0,43776.0
25015488B2,4,10,2,0.052227772772312164,31041.0,39264.0
25015488B2,4,10,3,0.04151778295636177,95946.0,31488.0
25015488B2,4,10,4,0.03960341215133667,104138.0,15104.0
25015488B2,4,10,5,0.03800325468182564,91850.0,35584.0
25015488B2,4,10,6,0.03213365375995636,104138.0,47872.0
25015488B2,4,10,7,0.031285360455513,95946.0,47872.0
25015488B2,4,10,8,0.029465921223163605,108234.0,39680.0
25015488B2,4,10,9,0.0227387472987175,26945.0,47456.0
25015488B2,4,10,10,0.022310471162199974,83658.0,47872.0
25015495B3,4,3,1,0.3376169800758362,101062.0,14976.0
25015495B3,4,3,2,0.08010558784008026,96966.0,14976.0
25015495B3,4,3,3,0.062193613499403,105158.0,10880.0
25015495B3,4,5,1,0.3376169800758362,101062.0,14976.0
25015495B3,4,5,2,0.08010558784008026,96966.0,14976.0
25015495B3,4,5,3,0.062193613499403,105158.0,10880.0
25015495B3,4,5,4,0.055463757365942,133830.0,31360.0
25015495B3,4,5,5,0.044707655906677246,28448.0,14672.0
25015495B3,4,10,1,0.3376169800758362,101062.0,14976.0
25015495B3,4,10,2,0.08010558784008026,96966.0,14976.0
25015495B3,4,10,3,0.062193613499403,105158.0,10880.0
25015495B3,4,10,4,0.055463757365942,133830.0,31360.0
25015495B3,4,10,5,0.044707655906677246,28448.0,14672.0
25015495B3,4,10,6,0.040740929543972015,109254.0,14976.0
25015495B3,4,10,7,0.025282572954893112,57120.0,31056.0
25015495B3,4,10,8,0.024882085621356964,109254.0,6784.0
25015495B3,4,10,9,0.02379007823765278,105158.0,14976.0
25015495B3,4,10,10,0.017889559268951416,101062.0,6784.0
25015625B2,4,3,1,0.05807987600564957,104464.0,56912.0
25015625B2,4,3,2,0.043246328830718994,23120.0,51681.0
25015625B2,4,3,3,0.04295525699853897,27216.0,47585.0
25015625B2,4,5,1,0.05807987600564957,104464.0,56912.0
25015625B2,4,5,2,0.043246328830718994,23120.0,51681.0
25015625B2,4,5,3,0.04295525699853897,27216.0,47585.0
25015625B2,4,5,4,0.04190785437822342,31312.0,43489.0
25015625B2,4,5,5,0.03740343451499939,88080.0,36432.0
25015625B2,4,10,1,0.05807987600564957,104464.0,56912.0
25015625B2,4,10,2,0.043246328830718994,23120.0,51681.0
25015625B2,4,10,3,0.04295525699853897,27216.0,47585.0
25015625B2,4,10,4,0.04190785437822342,31312.0,43489.0
25015625B2,4,10,5,0.03740343451499939,88080.0,36432.0
25015625B2,4,10,6,0.03394269198179245,104464.0,48720.0
25015625B2,4,10,7,0.031242629513144493,108560.0,56912.0
25015625B2,4,10,8,0.0306868813931942,100368.0,40528.0
25015625B2,4,10,9,0.027057472616434097,96272.0,24144.0
25015625B2,4,10,10,0.026012105867266655,112656.0,24144.0
25016772B2,4,3,1,0.24506524205207825,53072.0,40496.0
25016772B2,4,3,2,0.05792682617902756,57168.0,48688.0
25016772B2,4,3,3,0.03347812592983246,125416.0,37840.0
25016772B2,4,5,1,0.24506524205207825,53072.0,40496.0
25016772B2,4,5,2,0.05792682617902756,57168.0,48688.0
25016772B2,4,5,3,0.03347812592983246,125416.0,37840.0
25016772B2,4,5,4,0.029507793486118317,36688.0,52784.0
25016772B2,4,5,5,0.025503549724817276,48976.0,40496.0
25016772B2,4,10,1,0.24506524205207825,53072.0,40496.0
25016772B2,4,10,2,0.05792682617902756,57168.0,48688.0
25016772B2,4,10,3,0.03347812592983246,125416.0,37840.0
25016772B2,4,10,4,0.029507793486118317,36688.0,52784.0
25016772B2,4,10,5,0.025503549724817276,48976.0,40496.0
25016772B2,4,10,6,0.023473061621189117,53072.0,36400.0
25016772B2,4,10,7,0.02153106778860092,104936.0,37840.0
25016772B2,4,10,8,0.01910705864429474,32592.0,56880.0
25016772B2,4,10,9,0.0166376493871212,117224.0,50128.0
25016772B2,4,10,10,0.014405454508960247,53072.0,48688.0
25017227B2,4,3,1,0.06413164734840393,96743.0,56272.0
25017227B2,4,3,2,0.04797602444887161,15744.0,61024.0
25017227B2,4,3,3,0.0451875738799572,80359.0,56272.0
25017227B2,4,5,1,0.06413164734840393,96743.0,56272.0
25017227B2,4,5,2,0.04797602444887161,15744.0,61024.0
25017227B2,4,5,3,0.0451875738799572,80359.0,56272.0
25017227B2,4,5,4,0.041379302740097046,88551.0,60368.0
25017227B2,4,5,5,0.03912269324064255,92647.0,56272.0
25017227B2,4,10,1,0.06413164734840393,96743.0,56272.0
25017227B2,4,10,2,0.04797602444887161,15744.0,61024.0
25017227B2,4,10,3,0.0451875738799572,80359.0,56272.0
25017227B2,4,10,4,0.041379302740097046,88551.0,60368.0
25017227B2,4,10,5,0.03912269324064255,92647.0,56272.0
25017227B2,4,10,6,0.036294251680374146,80359.0,60368.0
25017227B2,4,10,7,0.03303561359643936,23936.0,65120.0
25017227B2,4,10,8,0.028369218111038208,28032.0,20064.0
25017227B2,4,10,9,0.02450050786137581,84455.0,60368.0
25017227B2,4,10,10,0.02206265926361084,84455.0,64464.0
25017320B2,4,3,1,0.08398930728435516,32384.0,49568.0
25017320B2,4,3,2,0.047663383185863495,102708.0,47408.0
25017320B2,4,3,3,0.033262982964515686,24192.0,65952.0
25017320B2,4,5,1,0.08398930728435516,32384.0,49568.0
25017320B2,4,5,2,0.047663383185863495,102708.0,47408.0
25017320B2,4,5,3,0.033262982964515686,24192.0,65952.0
25017320B2,4,5,4,0.024922151118516922,32384.0,61856.0
25017320B2,4,5,5,0.02445392683148384,36480.0,61856.0
25017320B2,4,10,1,0.08398930728435516,32384.0,49568.0
25017320B2,4,10,2,0.047663383185863495,102708.0,47408.0
25017320B2,4,10,3,0.033262982964515686,24192.0,65952.0
25017320B2,4,10,4,0.024922151118516922,32384.0,61856.0
25017320B2,4,10,5,0.02445392683148384,36480.0,61856.0
25017320B2,4,10,6,0.020579172298312187,98612.0,59696.0
25017320B2,4,10,7,0.020148716866970062,40576.0,49568.0
25017320B2,4,10,8,0.019907040521502495,36480.0,20896.0
25017320B2,4,10,9,0.017469000071287155,36480.0,41376.0
25017320B2,4,10,10,0.014542119577527046,40576.0,45472.0
25017341B4,4,3,1,0.21066182851791382,15808.0,18689.0
25017341B4,4,3,2,0.0918220728635788,19904.0,22785.0
25017341B4,4,3,3,0.08220118284225464,15808.0,22785.0
25017341B4,4,5,1,0.21066182851791382,15808.0,18689.0
25017341B4,4,5,2,0.0918220728635788,19904.0,22785.0
25017341B4,4,5,3,0.08220118284225464,15808.0,22785.0
25017341B4,4,5,4,0.0499640628695488,19904.0,26881.0
25017341B4,4,5,5,0.04846809431910515,24000.0,14593.0
25017341B4,4,10,1,0.21066182851791382,15808.0,18689.0
25017341B4,4,10,2,0.0918220728635788,19904.0,22785.0
25017341B4,4,10,3,0.08220118284225464,15808.0,22785.0
25017341B4,4,10,4,0.0499640628695488,19904.0,26881.0
25017341B4,4,10,5,0.04846809431910515,24000.0,14593.0
25017341B4,4,10,6,0.04362485930323601,15808.0,14593.0
25017341B4,4,10,7,0.04318435117602348,36288.0,22785.0
25017341B4,4,10,8,0.03400254249572754,15808.0,30977.0
25017341B4,4,10,9,0.02978070080280304,15808.0,26881.0
25017341B4,4,10,10,0.024999791756272316,36288.0,26881.0
25017383B2,4,3,1,0.16074135899543762,96195.0,38818.0
25017383B2,4,3,2,0.0703875869512558,40400.0,42770.0
25017383B2,4,3,3,0.042189400643110275,28112.0,18194.0
25017383B2,4,5,1,0.16074135899543762,96195.0,38818.0
25017383B2,4,5,2,0.0703875869512558,40400.0,42770.0
25017383B2,4,5,3,0.042189400643110275,28112.0,18194.0
25017383B2,4,5,4,0.03887835890054703,104387.0,34722.0
25017383B2,4,5,5,0.0343841090798378,32208.0,34578.0
25017383B2,4,10,1,0.16074135899543762,96195.0,38818.0
25017383B2,4,10,2,0.0703875869512558,40400.0,42770.0
25017383B2,4,10,3,0.042189400643110275,28112.0,18194.0
25017383B2,4,10,4,0.03887835890054703,104387.0,34722.0
25017383B2,4,10,5,0.0343841090798378,32208.0,34578.0
25017383B2,4,10,6,0.028888968750834465,28112.0,38674.0
25017383B2,4,10,7,0.023750264197587967,32208.0,26386.0
25017383B2,4,10,8,0.022283148020505905,40400.0,50962.0
25017383B2,4,10,9,0.018572699278593063,15824.0,42770.0
25017383B2,4,10,10,0.018419824540615082,96195.0,26530.0
25018050B2,4,3,1,0.11863730102777481,86440.0,28609.0
25018050B2,4,3,2,0.06620106101036072,111016.0,44993.0
25018050B2,4,3,3,0.055385228246450424,94632.0,53185.0
25018050B2,4,5,1,0.11863730102777481,86440.0,28609.0
25018050B2,4,5,2,0.06620106101036072,111016.0,44993.0
25018050B2,4,5,3,0.055385228246450424,94632.0,53185.0
25018050B2,4,5,4,0.0536755695939064,44017.0,49521.0
25018050B2,4,5,5,0.04339871555566788,86440.0,49089.0
25018050B2,4,10,1,0.11863730102777481,86440.0,28609.0
25018050B2,4,10,2,0.06620106101036072,111016.0,44993.0
25018050B2,4,10,3,0.055385228246450424,94632.0,53185.0
25018050B2,4,10,4,0.0536755695939064,44017.0,49521.0
25018050B2,4,10,5,0.04339871555566788,86440.0,49089.0
25018050B2,4,10,6,0.031912654638290405,94632.0,57281.0
25018050B2,4,10,7,0.031465571373701096,23537.0,41329.0
25018050B2,4,10,8,0.02971847727894783,98728.0,53185.0
25018050B2,4,10,9,0.024180900305509567,86440.0,40897.0
25018050B2,4,10,10,0.02382846735417843,23537.0,37233.0
25018453B2,4,3,1,0.13268163800239563,16256.0,46401.0
25018453B2,4,3,2,0.0892719179391861,24448.0,42305.0
25018453B2,4,3,3,0.06144731491804123,72097.0,39584.0
25018453B2,4,5,1,0.13268163800239563,16256.0,46401.0
25018453B2,4,5,2,0.0892719179391861,24448.0,42305.0
25018453B2,4,5,3,0.06144731491804123,72097.0,39584.0
25018453B2,4,5,4,0.04991110786795616,20352.0,50497.0
25018453B2,4,5,5,0.042014721781015396,88481.0,51872.0
25018453B2,4,10,1,0.13268163800239563,16256.0,46401.0
25018453B2,4,10,2,0.0892719179391861,24448.0,42305.0
25018453B2,4,10,3,0.06144731491804123,72097.0,39584.0
25018453B2,4,10,4,0.04991110786795616,20352.0,50497.0
25018453B2,4,10,5,0.042014721781015396,88481.0,51872.0
25018453B2,4,10,6,0.03307052701711655,72097.0,43680.0
25018453B2,4,10,7,0.024356435984373093,24448.0,46401.0
25018453B2,4,10,8,0.0239315927028656,32640.0,50497.0
25018453B2,4,10,9,0.02116171270608902,20352.0,46401.0
25018453B2,4,10,10,0.018765486776828766,32640.0,46401.0
25018457B2,4,3,1,0.09591767936944962,40624.0,41137.0
25018457B2,4,3,2,0.08682142943143845,40624.0,45233.0
25018457B2,4,3,3,0.08661498874425888,44720.0,45233.0
25018457B2,4,5,1,0.09591767936944962,40624.0,41137.0
25018457B2,4,5,2,0.08682142943143845,40624.0,45233.0
25018457B2,4,5,3,0.08661498874425888,44720.0,45233.0
25018457B2,4,5,4,0.05998213589191437,110899.0,37152.0
25018457B2,4,5,5,0.05103570967912674,106803.0,33056.0
25018457B2,4,10,1,0.09591767936944962,40624.0,41137.0
25018457B2,4,10,2,0.08682142943143845,40624.0,45233.0
25018457B2,4,10,3,0.08661498874425888,44720.0,45233.0
25018457B2,4,10,4,0.05998213589191437,110899.0,37152.0
25018457B2,4,10,5,0.05103570967912674,106803.0,33056.0
25018457B2,4,10,6,0.028757959604263306,119091.0,24864.0
25018457B2,4,10,7,0.02429010719060898,98611.0,37152.0
25018457B2,4,10,8,0.02266312763094902,123187.0,45344.0
25018457B2,4,10,9,0.022085921838879585,127283.0,12576.0
25018457B2,4,10,10,0.020908016711473465,36528.0,41137.0
25018571B2,4,3,1,0.27043652534484863,32240.0,51568.0
25018571B2,4,3,2,0.07009373605251312,24048.0,55664.0
25018571B2,4,3,3,0.062273986637592316,99393.0,47584.0
25018571B2,4,5,1,0.27043652534484863,32240.0,51568.0
25018571B2,4,5,2,0.07009373605251312,24048.0,55664.0
25018571B2,4,5,3,0.062273986637592316,99393.0,47584.0
25018571B2,4,5,4,0.05885937064886093,24048.0,51568.0
25018571B2,4,5,5,0.0442805178463459,99393.0,51680.0
25018571B2,4,10,1,0.27043652534484863,32240.0,51568.0
25018571B2,4,10,2,0.07009373605251312,24048.0,55664.0
25018571B2,4,10,3,0.062273986637592316,99393.0,47584.0
25018571B2,4,10,4,0.05885937064886093,24048.0,51568.0
25018571B2,4,10,5,0.0442805178463459,99393.0,51680.0
25018571B2,4,10,6,0.03881673514842987,103489.0,55776.0
25018571B2,4,10,7,0.03652296960353851,19952.0,51568.0
25018571B2,4,10,8,0.03528055176138878,28144.0,55664.0
25018571B2,4,10,9,0.026549680158495903,103489.0,39392.0
25018571B2,4,10,10,0.02633216790854931,119873.0,47584.0
25018910B2,4,3,1,0.31172090768814087,28192.0,37410.0
25018910B2,4,3,2,0.045085955411195755,15904.0,33314.0
25018910B2,4,3,3,0.03561192750930786,73783.0,30993.0
25018910B2,4,5,1,0.31172090768814087,28192.0,37410.0
25018910B2,4,5,2,0.045085955411195755,15904.0,33314.0
25018910B2,4,5,3,0.03561192750930786,73783.0,30993.0
25018910B2,4,5,4,0.033052343875169754,77879.0,30993.0
25018910B2,4,5,5,0.028356462717056274,69687.0,35089.0
25018910B2,4,10,1,0.31172090768814087,28192.0,37410.0
25018910B2,4,10,2,0.045085955411195755,15904.0,33314.0
25018910B2,4,10,3,0.03561192750930786,73783.0,30993.0
25018910B2,4,10,4,0.033052343875169754,77879.0,30993.0
25018910B2,4,10,5,0.028356462717056274,69687.0,35089.0
25018910B2,4,10,6,0.02335611917078495,15904.0,53794.0
25018910B2,4,10,7,0.022287506610155106,73783.0,47377.0
25018910B2,4,10,8,0.021647129207849503,69687.0,30993.0
25018910B2,4,10,9,0.01715455949306488,69687.0,26897.0
25018910B2,4,10,10,0.013707903213799,86071.0,30993.0
25019284B2,4,3,1,0.04265209287405014,20304.0,39329.0
25019284B2,4,3,2,0.03578319773077965,77911.0,39216.0
25019284B2,4,3,3,0.029563022777438164,24400.0,27041.0
25019284B2,4,5,1,0.04265209287405014,20304.0,39329.0
25019284B2,4,5,2,0.03578319773077965,77911.0,39216.0
25019284B2,4,5,3,0.029563022777438164,24400.0,27041.0
25019284B2,4,5,4,0.025051429867744446,36688.0,51617.0
25019284B2,4,5,5,0.024920042604207993,24400.0,51617.0
25019284B2,4,10,1,0.04265209287405014,20304.0,39329.0
25019284B2,4,10,2,0.03578319773077965,77911.0,39216.0
25019284B2,4,10,3,0.029563022777438164,24400.0,27041.0
25019284B2,4,10,4,0.025051429867744446,36688.0,51617.0
25019284B2,4,10,5,0.024920042604207993,24400.0,51617.0
25019284B2,4,10,6,0.02121315523982048,28496.0,43425.0
25019284B2,4,10,7,0.020553646609187126,24400.0,31137.0
25019284B2,4,10,8,0.019400253891944885,73815.0,43312.0
25019284B2,4,10,9,0.01876368187367916,16208.0,47521.0
25019284B2,4,10,10,0.01793031021952629,12112.0,47521.0
25019352B2,4,3,1,0.1561831384897232,90352.0,19505.0
25019352B2,4,3,2,0.040575750172138214,94448.0,44081.0
25019352B2,4,3,3,0.023982979357242584,94448.0,60465.0
25019352B2,4,5,1,0.1561831384897232,90352.0,19505.0
25019352B2,4,5,2,0.040575750172138214,94448.0,44081.0
25019352B2,4,5,3,0.023982979357242584,94448.0,60465.0
25019352B2,4,5,4,0.022761229425668716,94448.0,39985.0
25019352B2,4,5,5,0.02171359583735466,110832.0,52273.0
25019352B2,4,10,1,0.1561831384897232,90352.0,19505.0
25019352B2,4,10,2,0.040575750172138214,94448.0,44081.0
25019352B2,4,10,3,0.023982979357242584,94448.0,60465.0
25019352B2,4,10,4,0.022761229425668716,94448.0,39985.0
25019352B2,4,10,5,0.02171359583735466,110832.0,52273.0
25019352B2,4,10,6,0.02168399468064308,7696.0,34274.0
25019352B2,4,10,7,0.020350512117147446,82160.0,23601.0
25019352B2,4,10,8,0.01996193826198578,15888.0,46562.0
25019352B2,4,10,9,0.01874610036611557,73968.0,15409.0
25019352B2,4,10,10,0.018317842856049538,19984.0,30178.0
25019508B4,4,3,1,0.19513897597789764,20576.0,23826.0
25019508B4,4,3,2,0.05291863530874252,41056.0,11538.0
25019508B4,4,3,3,0.03448794409632683,81749.0,19041.0
25019508B4,4,5,1,0.19513897597789764,20576.0,23826.0
25019508B4,4,5,2,0.05291863530874252,41056.0,11538.0
25019508B4,4,5,3,0.03448794409632683,81749.0,19041.0
25019508B4,4,5,4,0.02944466844201088,106325.0,35425.0
25019508B4,4,5,5,0.02324281632900238,98133.0,35425.0
25019508B4,4,10,1,0.19513897597789764,20576.0,23826.0
25019508B4,4,10,2,0.05291863530874252,41056.0,11538.0
25019508B4,4,10,3,0.03448794409632683,81749.0,19041.0
25019508B4,4,10,4,0.02944466844201088,106325.0,35425.0
25019508B4,4,10,5,0.02324281632900238,98133.0,35425.0
25019508B4,4,10,6,0.02308802306652069,16480.0,15634.0
25019508B4,4,10,7,0.022125015035271645,16480.0,27922.0
25019508B4,4,10,8,0.01959243416786194,102229.0,43617.0
25019508B4,4,10,9,0.017740523442626,94037.0,39521.0
25019508B4,4,10,10,0.016898225992918015,102229.0,39521.0
25019776B2,4,3,1,0.09211896359920502,87680.0,43072.0
25019776B2,4,3,2,0.06492004543542862,56768.0,41552.0
25019776B2,4,3,3,0.05967153608798981,56768.0,37456.0
25019776B2,4,5,1,0.09211896359920502,87680.0,43072.0
25019776B2,4,5,2,0.06492004543542862,56768.0,41552.0
25019776B2,4,5,3,0.05967153608798981,56768.0,37456.0
25019776B2,4,5,4,0.047062188386917114,52672.0,53840.0
25019776B2,4,5,5,0.03890056163072586,36288.0,45648.0
25019776B2,4,10,1,0.09211896359920502,87680.0,43072.0
25019776B2,4,10,2,0.06492004543542862,56768.0,41552.0
25019776B2,4,10,3,0.05967153608798981,56768.0,37456.0
25019776B2,4,10,4,0.047062188386917114,52672.0,53840.0
25019776B2,4,10,5,0.03890056163072586,36288.0,45648.0
25019776B2,4,10,6,0.034080203622579575,99968.0,55360.0
25019776B2,4,10,7,0.02785502001643181,108160.0,59456.0
25019776B2,4,10,8,0.026615891605615616,104064.0,26688.0
25019776B2,4,10,9,0.024755237624049187,71296.0,55360.0
25019776B2,4,10,10,0.024183420464396477,104064.0,59456.0
25020282B2,4,3,1,0.08893571048974991,162550.0,51680.0
25020282B2,4,3,2,0.06537607312202454,162550.0,47584.0
25020282B2,4,3,3,0.048570312559604645,146166.0,43488.0
25020282B2,4,5,1,0.08893571048974991,162550.0,51680.0
25020282B2,4,5,2,0.06537607312202454,162550.0,47584.0
25020282B2,4,5,3,0.048570312559604645,146166.0,43488.0
25020282B2,4,5,4,0.04375891014933586,77154.0,30640.0
25020282B2,4,5,5,0.04151053726673126,154358.0,47584.0
25020282B2,4,10,1,0.08893571048974991,162550.0,51680.0
25020282B2,4,10,2,0.06537607312202454,162550.0,47584.0
25020282B2,4,10,3,0.048570312559604645,146166.0,43488.0
25020282B2,4,10,4,0.04375891014933586,77154.0,30640.0
25020282B2,4,10,5,0.04151053726673126,154358.0,47584.0
25020282B2,4,10,6,0.030406035482883453,137974.0,35296.0
25020282B2,4,10,7,0.024281149730086327,150262.0,51680.0
25020282B2,4,10,8,0.02227485179901123,146166.0,35296.0
25020282B2,4,10,9,0.020636316388845444,166646.0,10720.0
25020282B2,4,10,10,0.01989680714905262,89442.0,42928.0
25021164B2,4,3,1,0.11113622784614563,114998.0,25936.0
25021164B2,4,3,2,0.04267972707748413,127286.0,25936.0
25021164B2,4,3,3,0.04043113440275192,139962.0,76073.0
25021164B2,4,5,1,0.11113622784614563,114998.0,25936.0
25021164B2,4,5,2,0.04267972707748413,127286.0,25936.0
25021164B2,4,5,3,0.04043113440275192,139962.0,76073.0
25021164B2,4,5,4,0.037863731384277344,34641.0,32064.0
25021164B2,4,5,5,0.03194259852170944,98614.0,5456.0
25021164B2,4,10,1,0.11113622784614563,114998.0,25936.0
25021164B2,4,10,2,0.04267972707748413,127286.0,25936.0
25021164B2,4,10,3,0.04043113440275192,139962.0,76073.0
25021164B2,4,10,4,0.037863731384277344,34641.0,32064.0
25021164B2,4,10,5,0.03194259852170944,98614.0,5456.0
25021164B2,4,10,6,0.028621681034564972,102710.0,38224.0
25021164B2,4,10,7,0.027023373171687126,55121.0,23872.0
25021164B2,4,10,8,0.026504041627049446,114998.0,21840.0
25021164B2,4,10,9,0.025739353150129318,139962.0,71977.0
25021164B2,4,10,10,0.02413513883948326,102710.0,34128.0
25021419B1,4,3,1,0.11529392004013062,20096.0,41793.0
25021419B1,4,3,2,0.0800674557685852,24192.0,37697.0
25021419B1,4,3,3,0.06238337978720665,137096.0,33473.0
25021419B1,4,5,1,0.11529392004013062,20096.0,41793.0
25021419B1,4,5,2,0.0800674557685852,24192.0,37697.0
25021419B1,4,5,3,0.06238337978720665,137096.0,33473.0
25021419B1,4,5,4,0.05575104057788849,40576.0,33601.0
25021419B1,4,5,5,0.05502872169017792,20096.0,45889.0
25021419B1,4,10,1,0.11529392004013062,20096.0,41793.0
25021419B1,4,10,2,0.0800674557685852,24192.0,37697.0
25021419B1,4,10,3,0.06238337978720665,137096.0,33473.0
25021419B1,4,10,4,0.05575104057788849,40576.0,33601.0
25021419B1,4,10,5,0.05502872169017792,20096.0,45889.0
25021419B1,4,10,6,0.05444750934839249,65152.0,33601.0
25021419B1,4,10,7,0.040581583976745605,44672.0,33601.0
25021419B1,4,10,8,0.04052361845970154,28288.0,37697.0
25021419B1,4,10,9,0.03832791745662689,24192.0,41793.0
25021419B1,4,10,10,0.025864116847515106,16000.0,41793.0
25021474B,4,3,1,0.15570995211601257,32176.0,74289.0
25021474B,4,3,2,0.08419502526521683,98352.0,46512.0
25021474B,4,3,3,0.08057109266519547,28080.0,62001.0
25021474B,4,5,1,0.15570995211601257,32176.0,74289.0
25021474B,4,5,2,0.08419502526521683,98352.0,46512.0
25021474B,4,5,3,0.08057109266519547,28080.0,62001.0
25021474B,4,5,4,0.0651136189699173,94256.0,66992.0
25021474B,4,5,5,0.06445497274398804,23984.0,33329.0
25021474B,4,10,1,0.15570995211601257,32176.0,74289.0
25021474B,4,10,2,0.08419502526521683,98352.0,46512.0
25021474B,4,10,3,0.08057109266519547,28080.0,62001.0
25021474B,4,10,4,0.0651136189699173,94256.0,66992.0
25021474B,4,10,5,0.06445497274398804,23984.0,33329.0
25021474B,4,10,6,0.0400666743516922,90160.0,54704.0
25021474B,4,10,7,0.027411580085754395,15792.0,29233.0
25021474B,4,10,8,0.02353382110595703,90160.0,50608.0
25021474B,4,10,9,0.021794211119413376,90160.0,34224.0
25021474B,4,10,10,0.02159716747701168,19888.0,33329.0
25021481B2,4,3,1,0.09897216409444809,32112.0,32049.0
25021481B2,4,3,2,0.09319319576025009,23920.0,36145.0
25021481B2,4,3,3,0.07368709146976471,19824.0,44337.0
25021481B2,4,5,1,0.09897216409444809,32112.0,32049.0
25021481B2,4,5,2,0.09319319576025009,23920.0,36145.0
25021481B2,4,5,3,0.07368709146976471,19824.0,44337.0
25021481B2,4,5,4,0.0705220103263855,94840.0,27873.0
25021481B2,4,5,5,0.04536541551351547,90744.0,31969.0
25021481B2,4,10,1,0.09897216409444809,32112.0,32049.0
25021481B2,4,10,2,0.09319319576025009,23920.0,36145.0
25021481B2,4,10,3,0.07368709146976471,19824.0,44337.0
25021481B2,4,10,4,0.0705220103263855,94840.0,27873.0
25021481B2,4,10,5,0.04536541551351547,90744.0,31969.0
25021481B2,4,10,6,0.039663463830947876,32112.0,36145.0
25021481B2,4,10,7,0.039406247437000275,90744.0,52449.0
25021481B2,4,10,8,0.03899654000997543,86648.0,36065.0
25021481B2,4,10,9,0.028171058744192123,32112.0,48433.0
25021481B2,4,10,10,0.02707737125456333,90744.0,36065.0
25021538B2,4,3,1,0.11696679890155792,43649.0,44049.0
25021538B2,4,3,2,0.07623016089200974,43649.0,35857.0
25021538B2,4,3,3,0.07116644084453583,110022.0,43345.0
25021538B2,4,5,1,0.11696679890155792,43649.0,44049.0
25021538B2,4,5,2,0.07623016089200974,43649.0,35857.0
25021538B2,4,5,3,0.07116644084453583,110022.0,43345.0
25021538B2,4,5,4,0.05799184739589691,51841.0,23569.0
25021538B2,4,5,5,0.05189914256334305,43649.0,39953.0
25021538B2,4,10,1,0.11696679890155792,43649.0,44049.0
25021538B2,4,10,2,0.07623016089200974,43649.0,35857.0
25021538B2,4,10,3,0.07116644084453583,110022.0,43345.0
25021538B2,4,10,4,0.05799184739589691,51841.0,23569.0
25021538B2,4,10,5,0.05189914256334305,43649.0,39953.0
25021538B2,4,10,6,0.0451490692794323,105926.0,43345.0
25021538B2,4,10,7,0.038974545896053314,97734.0,39249.0
25021538B2,4,10,8,0.031371019780635834,39553.0,56337.0
25021538B2,4,10,9,0.029333937913179398,101830.0,43345.0
25021538B2,4,10,10,0.028067801147699356,39553.0,31761.0
25021554B2,4,3,1,0.11269492655992508,103510.0,40578.0
25021554B2,4,3,2,0.08913366496562958,27504.0,60305.0
25021554B2,4,3,3,0.06003838777542114,39792.0,39825.0
25021554B2,4,5,1,0.11269492655992508,103510.0,40578.0
25021554B2,4,5,2,0.08913366496562958,27504.0,60305.0
25021554B2,4,5,3,0.06003838777542114,39792.0,39825.0
25021554B2,4,5,4,0.04878919571638107,39792.0,35729.0
25021554B2,4,5,5,0.03565865010023117,27504.0,39825.0
25021554B2,4,10,1,0.11269492655992508,103510.0,40578.0
25021554B2,4,10,2,0.08913366496562958,27504.0,60305.0
25021554B2,4,10,3,0.06003838777542114,39792.0,39825.0
25021554B2,4,10,4,0.04878919571638107,39792.0,35729.0
25021554B2,4,10,5,0.03565865010023117,27504.0,39825.0
25021554B2,4,10,6,0.02922385185956955,120938.0,71608.0
25021554B2,4,10,7,0.022684277966618538,87126.0,36482.0
25021554B2,4,10,8,0.0203294288367033,27504.0,48017.0
25021554B2,4,10,9,0.02015458047389984,95318.0,36482.0
25021554B2,4,10,10,0.020127292722463608,91222.0,52866.0
25021667B2,4,3,1,0.07986541092395782,55842.0,56290.0
25021667B2,4,3,2,0.07717303931713104,48608.0,58576.0
25021667B2,4,3,3,0.06312744319438934,117507.0,34272.0
25021667B2,4,5,1,0.07986541092395782,55842.0,56290.0
25021667B2,4,5,2,0.07717303931713104,48608.0,58576.0
25021667B2,4,5,3,0.06312744319438934,117507.0,34272.0
25021667B2,4,5,4,0.04759008437395096,88835.0,38368.0
25021667B2,4,5,5,0.03881032019853592,88835.0,30176.0
25021667B2,4,10,1,0.07986541092395782,55842.0,56290.0
25021667B2,4,10,2,0.07717303931713104,48608.0,58576.0
25021667B2,4,10,3,0.06312744319438934,117507.0,34272.0
25021667B2,4,10,4,0.04759008437395096,88835.0,38368.0
25021667B2,4,10,5,0.03881032019853592,88835.0,30176.0
25021667B2,4,10,6,0.03542476147413254,113411.0,30176.0
25021667B2,4,10,7,0.0352247878909111,117507.0,46560.0
25021667B2,4,10,8,0.029248658567667007,44512.0,50384.0
25021667B2,4,10,9,0.021616889163851738,19936.0,42192.0
25021667B2,4,10,10,0.021471938118338585,52704.0,58576.0
25021668B2,4,3,1,0.0580839142203331,92352.0,47824.0
25021668B2,4,3,2,0.05365192890167236,24128.0,61522.0
25021668B2,4,3,3,0.04656686261296272,36416.0,36946.0
25021668B2,4,5,1,0.0580839142203331,92352.0,47824.0
25021668B2,4,5,2,0.05365192890167236,24128.0,61522.0
25021668B2,4,5,3,0.04656686261296272,36416.0,36946.0
25021668B2,4,5,4,0.04474808648228645,28224.0,53330.0
25021668B2,4,5,5,0.040545910596847534,36416.0,41042.0
25021668B2,4,10,1,0.0580839142203331,92352.0,47824.0
25021668B2,4,10,2,0.05365192890167236,24128.0,61522.0
25021668B2,4,10,3,0.04656686261296272,36416.0,36946.0
25021668B2,4,10,4,0.04474808648228645,28224.0,53330.0
25021668B2,4,10,5,0.040545910596847534,36416.0,41042.0
25021668B2,4,10,6,0.04011025279760361,92352.0,39632.0
25021668B2,4,10,7,0.03629929572343826,28224.0,57426.0
25021668B2,4,10,8,0.03496174514293671,24128.0,41042.0
25021668B2,4,10,9,0.03323531523346901,24128.0,57426.0
25021668B2,4,10,10,0.027564607560634613,88256.0,56016.0
25022330B2,4,3,1,0.11698615550994873,46785.0,36912.0
25022330B2,4,3,2,0.09601026028394699,32352.0,31248.0
25022330B2,4,3,3,0.0536622479557991,107702.0,27648.0
25022330B2,4,5,1,0.11698615550994873,46785.0,36912.0
25022330B2,4,5,2,0.09601026028394699,32352.0,31248.0
25022330B2,4,5,3,0.0536622479557991,107702.0,27648.0
25022330B2,4,5,4,0.05221524089574814,111798.0,19456.0
25022330B2,4,5,5,0.05150022730231285,28256.0,14864.0
25022330B2,4,10,1,0.11698615550994873,46785.0,36912.0
25022330B2,4,10,2,0.09601026028394699,32352.0,31248.0
25022330B2,4,10,3,0.0536622479557991,107702.0,27648.0
25022330B2,4,10,4,0.05221524089574814,111798.0,19456.0
25022330B2,4,10,5,0.05150022730231285,28256.0,14864.0
25022330B2,4,10,6,0.04454841464757919,91318.0,19456.0
25022330B2,4,10,7,0.03681214898824692,24160.0,23056.0
25022330B2,4,10,8,0.03665908798575401,36448.0,23056.0
25022330B2,4,10,9,0.036015912890434265,32352.0,18960.0
25022330B2,4,10,10,0.03271884843707085,54977.0,28720.0
25023016B6,4,3,1,0.09732533246278763,139015.0,74857.0
25023016B6,4,3,2,0.07692878693342209,134919.0,70761.0
25023016B6,4,3,3,0.04550652951002121,82868.0,64432.0
25023016B6,4,5,1,0.09732533246278763,139015.0,74857.0
25023016B6,4,5,2,0.07692878693342209,134919.0,70761.0
25023016B6,4,5,3,0.04550652951002121,82868.0,64432.0
25023016B6,4,5,4,0.04251787066459656,49008.0,14561.0
25023016B6,4,5,5,0.03649690002202988,134455.0,9616.0
25023016B6,4,10,1,0.09732533246278763,139015.0,74857.0
25023016B6,4,10,2,0.07692878693342209,134919.0,70761.0
25023016B6,4,10,3,0.04550652951002121,82868.0,64432.0
25023016B6,4,10,4,0.04251787066459656,49008.0,14561.0
25023016B6,4,10,5,0.03649690002202988,134455.0,9616.0
25023016B6,4,10,6,0.033048201352357864,139015.0,70761.0
25023016B6,4,10,7,0.030127132311463356,134455.0,5520.0
25023016B6,4,10,8,0.02287280559539795,95156.0,60336.0
25023016B6,4,10,9,0.021709207445383072,138551.0,9616.0
25023016B6,4,10,10,0.018195565789937973,123828.0,39856.0
25024431B,4,3,1,0.16720668971538544,75537.0,31600.0
25024431B,4,3,2,0.10507313907146454,17344.0,34736.0
25024431B,4,3,3,0.10061502456665039,29632.0,34736.0
25024431B,4,5,1,0.16720668971538544,75537.0,31600.0
25024431B,4,5,2,0.10507313907146454,17344.0,34736.0
25024431B,4,5,3,0.10061502456665039,29632.0,34736.0
25024431B,4,5,4,0.05889683961868286,29632.0,30640.0
25024431B,4,5,5,0.03785252571105957,21440.0,34736.0
25024431B,4,10,1,0.16720668971538544,75537.0,31600.0
25024431B,4,10,2,0.10507313907146454,17344.0,34736.0
25024431B,4,10,3,0.10061502456665039,29632.0,34736.0
25024431B,4,10,4,0.05889683961868286,29632.0,30640.0
25024431B,4,10,5,0.03785252571105957,21440.0,34736.0
25024431B,4,10,6,0.035111211240291595,33728.0,51120.0
25024431B,4,10,7,0.029176032170653343,79633.0,47984.0
25024431B,4,10,8,0.027348103001713753,87825.0,47984.0
25024431B,4,10,9,0.026778237894177437,83729.0,47984.0
25024431B,4,10,10,0.025929581373929977,91921.0,43888.0
25024709B2,4,3,1,0.3518654704093933,111633.0,29872.0
25024709B2,4,3,2,0.08271580189466476,36304.0,32561.0
25024709B2,4,3,3,0.06428977102041245,36304.0,28465.0
25024709B2,4,5,1,0.3518654704093933,111633.0,29872.0
25024709B2,4,5,2,0.08271580189466476,36304.0,32561.0
25024709B2,4,5,3,0.06428977102041245,36304.0,28465.0
25024709B2,4,5,4,0.05465150251984596,115729.0,21680.0
25024709B2,4,5,5,0.03751402348279953,115729.0,25776.0
25024709B2,4,10,1,0.3518654704093933,111633.0,29872.0
25024709B2,4,10,2,0.08271580189466476,36304.0,32561.0
25024709B2,4,10,3,0.06428977102041245,36304.0,28465.0
25024709B2,4,10,4,0.05465150251984596,115729.0,21680.0
25024709B2,4,10,5,0.03751402348279953,115729.0,25776.0
25024709B2,4,10,6,0.023911457508802414,115729.0,29872.0
25024709B2,4,10,7,0.017819389700889587,32208.0,36657.0
25024709B2,4,10,8,0.0160955972969532,107537.0,42160.0
25024709B2,4,10,9,0.015646809712052345,107537.0,46256.0
25024709B2,4,10,10,0.014706823974847794,32208.0,44849.0
25024732B2,4,3,1,0.3128998875617981,81125.0,31520.0
25024732B2,4,3,2,0.07420235872268677,24096.0,48497.0
25024732B2,4,3,3,0.05506417155265808,36384.0,40305.0
25024732B2,4,5,1,0.3128998875617981,81125.0,31520.0
25024732B2,4,5,2,0.07420235872268677,24096.0,48497.0
25024732B2,4,5,3,0.05506417155265808,36384.0,40305.0
25024732B2,4,5,4,0.042685605585575104,20000.0,48497.0
25024732B2,4,5,5,0.02910805121064186,72933.0,56096.0
25024732B2,4,10,1,0.3128998875617981,81125.0,31520.0
25024732B2,4,10,2,0.07420235872268677,24096.0,48497.0
25024732B2,4,10,3,0.05506417155265808,36384.0,40305.0
25024732B2,4,10,4,0.042685605585575104,20000.0,48497.0
25024732B2,4,10,5,0.02910805121064186,72933.0,56096.0
25024732B2,4,10,6,0.025950374081730843,89317.0,27424.0
25024732B2,4,10,7,0.024592841044068336,36384.0,36209.0
25024732B2,4,10,8,0.024023139849305153,32288.0,40305.0
25024732B2,4,10,9,0.021284915506839752,81125.0,47904.0
25024732B2,4,10,10,0.02086351439356804,97509.0,35616.0
25024855B3,4,3,1,0.13747616112232208,19776.0,37009.0
25024855B3,4,3,2,0.11723712086677551,15680.0,32913.0
25024855B3,4,3,3,0.1090335100889206,111696.0,29073.0
25024855B3,4,5,1,0.13747616112232208,19776.0,37009.0
25024855B3,4,5,2,0.11723712086677551,15680.0,32913.0
25024855B3,4,5,3,0.1090335100889206,111696.0,29073.0
25024855B3,4,5,4,0.0435868501663208,107600.0,49553.0
25024855B3,4,5,5,0.0421823151409626,99408.0,41361.0
25024855B3,4,10,1,0.13747616112232208,19776.0,37009.0
25024855B3,4,10,2,0.11723712086677551,15680.0,32913.0
25024855B3,4,10,3,0.1090335100889206,111696.0,29073.0
25024855B3,4,10,4,0.0435868501663208,107600.0,49553.0
25024855B3,4,10,5,0.0421823151409626,99408.0,41361.0
25024855B3,4,10,6,0.036510199308395386,103504.0,33169.0
25024855B3,4,10,7,0.035562045872211456,32064.0,37009.0
25024855B3,4,10,8,0.03370127081871033,27968.0,32913.0
25024855B3,4,10,9,0.02860458567738533,107600.0,20881.0
25024855B3,4,10,10,0.027101557701826096,107600.0,37265.0
25025083B2,4,3,1,0.24509552121162415,44352.0,55440.0
25025083B2,4,3,2,0.0976504236459732,40256.0,47248.0
25025083B2,4,3,3,0.09663277864456177,36160.0,51344.0
25025083B2,4,5,1,0.24509552121162415,44352.0,55440.0
25025083B2,4,5,2,0.0976504236459732,40256.0,47248.0
25025083B2,4,5,3,0.09663277864456177,36160.0,51344.0
25025083B2,4,5,4,0.05483006685972214,48448.0,51344.0
25025083B2,4,5,5,0.03846707567572594,36160.0,30864.0
25025083B2,4,10,1,0.24509552121162415,44352.0,55440.0
25025083B2,4,10,2,0.0976504236459732,40256.0,47248.0
25025083B2,4,10,3,0.09663277864456177,36160.0,51344.0
25025083B2,4,10,4,0.05483006685972214,48448.0,51344.0
25025083B2,4,10,5,0.03846707567572594,36160.0,30864.0
25025083B2,4,10,6,0.03357037156820297,119093.0,58880.0
25025083B2,4,10,7,0.02727285586297512,40256.0,51344.0
25025083B2,4,10,8,0.020909156650304794,44352.0,26768.0
25025083B2,4,10,9,0.019438471645116806,27968.0,51344.0
25025083B2,4,10,10,0.018362345173954964,44352.0,47248.0
25025251B,4,3,1,0.16836737096309662,121553.0,18689.0
25025251B,4,3,2,0.06806335598230362,45936.0,23154.0
25025251B,4,3,3,0.05385042726993561,58224.0,31346.0
25025251B,4,5,1,0.16836737096309662,121553.0,18689.0
25025251B,4,5,2,0.06806335598230362,45936.0,23154.0
25025251B,4,5,3,0.05385042726993561,58224.0,31346.0
25025251B,4,5,4,0.039758067578077316,54128.0,27250.0
25025251B,4,5,5,0.03963688760995865,45936.0,31346.0
25025251B,4,10,1,0.16836737096309662,121553.0,18689.0
25025251B,4,10,2,0.06806335598230362,45936.0,23154.0
25025251B,4,10,3,0.05385042726993561,58224.0,31346.0
25025251B,4,10,4,0.039758067578077316,54128.0,27250.0
25025251B,4,10,5,0.03963688760995865,45936.0,31346.0
25025251B,4,10,6,0.028256868943572044,109265.0,43265.0
25025251B,4,10,7,0.026410337537527084,137937.0,26881.0
25025251B,4,10,8,0.02527465485036373,45936.0,35442.0
25025251B,4,10,9,0.025018570944666862,54128.0,31346.0
25025251B,4,10,10,0.022616637870669365,117457.0,14593.0
25025297B,4,3,1,0.03315194323658943,116229.0,48752.0
25025297B,4,3,2,0.03080662526190281,120325.0,20080.0
25025297B,4,3,3,0.028828484937548637,132613.0,28272.0
25025297B,4,5,1,0.03315194323658943,116229.0,48752.0
25025297B,4,5,2,0.03080662526190281,120325.0,20080.0
25025297B,4,5,3,0.028828484937548637,132613.0,28272.0
25025297B,4,5,4,0.027925822883844376,108037.0,52848.0
25025297B,4,5,5,0.025327268987894058,28352.0,43600.0
25025297B,4,10,1,0.03315194323658943,116229.0,48752.0
25025297B,4,10,2,0.03080662526190281,120325.0,20080.0
25025297B,4,10,3,0.028828484937548637,132613.0,28272.0
25025297B,4,10,4,0.027925822883844376,108037.0,52848.0
25025297B,4,10,5,0.025327268987894058,28352.0,43600.0
25025297B,4,10,6,0.024656634777784348,128517.0,11888.0
25025297B,4,10,7,0.023870211094617844,95749.0,61040.0
25025297B,4,10,8,0.02285061404109001,20160.0,55888.0
25025297B,4,10,9,0.0225276630371809,40640.0,23120.0
25025297B,4,10,10,0.021520692855119705,124421.0,44656.0
25025602B2,4,3,1,0.0826077088713646,99351.0,40896.0
25025602B2,4,3,2,0.02837381698191166,99351.0,36800.0
25025602B2,4,3,3,0.026131857186555862,107543.0,49088.0
25025602B2,4,5,1,0.0826077088713646,99351.0,40896.0
25025602B2,4,5,2,0.02837381698191166,99351.0,36800.0
25025602B2,4,5,3,0.026131857186555862,107543.0,49088.0
25025602B2,4,5,4,0.02519329823553562,171037.0,2800.0
25025602B2,4,5,5,0.019607027992606163,28192.0,67856.0
25025602B2,4,10,1,0.0826077088713646,99351.0,40896.0
25025602B2,4,10,2,0.02837381698191166,99351.0,36800.0
25025602B2,4,10,3,0.026131857186555862,107543.0,49088.0
25025602B2,4,10,4,0.02519329823553562,171037.0,2800.0
25025602B2,4,10,5,0.019607027992606163,28192.0,67856.0
25025602B2,4,10,6,0.018499409779906273,111639.0,12224.0
25025602B2,4,10,7,0.01811649650335312,103447.0,44992.0
25025602B2,4,10,8,0.0178321935236454,111639.0,16320.0
25025602B2,4,10,9,0.016700584441423416,20000.0,63760.0
25025602B2,4,10,10,0.015692703425884247,44576.0,43280.0
25025675B2,4,3,1,0.13864731788635254,36304.0,39904.0
25025675B2,4,3,2,0.13806940615177155,106768.0,39233.0
25025675B2,4,3,3,0.10684294998645782,106768.0,47425.0
25025675B2,4,5,1,0.13864731788635254,36304.0,39904.0
25025675B2,4,5,2,0.13806940615177155,106768.0,39233.0
25025675B2,4,5,3,0.10684294998645782,106768.0,47425.0
25025675B2,4,5,4,0.03970665857195854,102672.0,43329.0
25025675B2,4,5,5,0.03858383372426033,40400.0,19424.0
25025675B2,4,10,1,0.13864731788635254,36304.0,39904.0
25025675B2,4,10,2,0.13806940615177155,106768.0,39233.0
25025675B2,4,10,3,0.10684294998645782,106768.0,47425.0
25025675B2,4,10,4,0.03970665857195854,102672.0,43329.0
25025675B2,4,10,5,0.03858383372426033,40400.0,19424.0
25025675B2,4,10,6,0.036303114145994186,106768.0,26945.0
25025675B2,4,10,7,0.03456299751996994,40400.0,44000.0
25025675B2,4,10,8,0.027954313904047012,44496.0,11232.0
25025675B2,4,10,9,0.024270541965961456,40400.0,23520.0
25025675B2,4,10,10,0.02329283580183983,40400.0,35808.0
25026740B2,4,3,1,0.5231244564056396,77122.0,24896.0
25026740B2,4,3,2,0.07051219046115875,16192.0,23520.0
25026740B2,4,3,3,0.05302462726831436,73026.0,24896.0
25026740B2,4,5,1,0.5231244564056396,77122.0,24896.0
25026740B2,4,5,2,0.07051219046115875,16192.0,23520.0
25026740B2,4,5,3,0.05302462726831436,73026.0,24896.0
25026740B2,4,5,4,0.02605307102203369,20288.0,19424.0
25026740B2,4,5,5,0.024262309074401855,93506.0,45376.0
25026740B2,4,10,1,0.5231244564056396,77122.0,24896.0
25026740B2,4,10,2,0.07051219046115875,16192.0,23520.0
25026740B2,4,10,3,0.05302462726831436,73026.0,24896.0
25026740B2,4,10,4,0.02605307102203369,20288.0,19424.0
25026740B2,4,10,5,0.024262309074401855,93506.0,45376.0
25026740B2,4,10,6,0.022117547690868378,28480.0,35808.0
25026740B2,4,10,7,0.017475800588726997,81218.0,28992.0
25026740B2,4,10,8,0.015774061903357506,101698.0,41280.0
25026740B2,4,10,9,0.014713619835674763,16192.0,19424.0
25026740B2,4,10,10,0.012209659442305565,93506.0,37184.0
25017073B2,4,3,1,0.10610558092594147,19968.0,18800.0
25017073B2,4,3,2,0.05477668344974518,40448.0,26992.0
25017073B2,4,3,3,0.0537613183259964,19968.0,14704.0
25017073B2,4,5,1,0.10610558092594147,19968.0,18800.0
25017073B2,4,5,2,0.05477668344974518,40448.0,26992.0
25017073B2,4,5,3,0.0537613183259964,19968.0,14704.0
25017073B2,4,5,4,0.04582991451025009,28160.0,22896.0
25017073B2,4,5,5,0.04232752323150635,19968.0,31088.0
25017073B2,4,10,1,0.10610558092594147,19968.0,18800.0
25017073B2,4,10,2,0.05477668344974518,40448.0,26992.0
25017073B2,4,10,3,0.0537613183259964,19968.0,14704.0
25017073B2,4,10,4,0.04582991451025009,28160.0,22896.0
25017073B2,4,10,5,0.04232752323150635,19968.0,31088.0
25017073B2,4,10,6,0.04078876972198486,88848.0,35520.0
25017073B2,4,10,7,0.04018979147076607,36352.0,14704.0
25017073B2,4,10,8,0.037019308656454086,113424.0,23232.0
25017073B2,4,10,9,0.031650543212890625,44544.0,10608.0
25017073B2,4,10,10,0.02598898857831955,28160.0,18800.0
2490820B2,4,3,1,0.4520500600337982,54435.0,54852.0
2490820B2,4,3,2,0.1389685571193695,50339.0,46660.0
2490820B2,4,3,3,0.05953115224838257,54435.0,50756.0
2490820B2,4,5,1,0.4520500600337982,54435.0,54852.0
2490820B2,4,5,2,0.1389685571193695,50339.0,46660.0
2490820B2,4,5,3,0.05953115224838257,54435.0,50756.0
2490820B2,4,5,4,0.0517939031124115,50339.0,50756.0
2490820B2,4,5,5,0.031968697905540466,58531.0,34372.0
2490820B2,4,10,1,0.4520500600337982,54435.0,54852.0
2490820B2,4,10,2,0.1389685571193695,50339.0,46660.0
2490820B2,4,10,3,0.05953115224838257,54435.0,50756.0
2490820B2,4,10,4,0.0517939031124115,50339.0,50756.0
2490820B2,4,10,5,0.031968697905540466,58531.0,34372.0
2490820B2,4,10,6,0.03134915232658386,62627.0,42564.0
2490820B2,4,10,7,0.015936918556690216,126632.0,31475.0
2490820B2,4,10,8,0.012933038175106049,130728.0,51955.0
2490820B2,4,10,9,0.012898679822683334,130728.0,35571.0
2490820B2,4,10,10,0.011002779006958008,54435.0,34372.0
25001965B2,4,3,1,0.2107759714126587,28048.0,22880.0
25001965B2,4,3,2,0.10211989283561707,76400.0,28176.0
25001965B2,4,3,3,0.09716402739286423,11664.0,14688.0
25001965B2,4,5,1,0.2107759714126587,28048.0,22880.0
25001965B2,4,5,2,0.10211989283561707,76400.0,28176.0
25001965B2,4,5,3,0.09716402739286423,11664.0,14688.0
25001965B2,4,5,4,0.07182502746582031,11664.0,10592.0
25001965B2,4,5,5,0.06636818498373032,80496.0,40464.0
25001965B2,4,10,1,0.2107759714126587,28048.0,22880.0
25001965B2,4,10,2,0.10211989283561707,76400.0,28176.0
25001965B2,4,10,3,0.09716402739286423,11664.0,14688.0
25001965B2,4,10,4,0.07182502746582031,11664.0,10592.0
25001965B2,4,10,5,0.06636818498373032,80496.0,40464.0
25001965B2,4,10,6,0.029611339792609215,92784.0,32272.0
25001965B2,4,10,7,0.029443206265568733,60016.0,19984.0
25001965B2,4,10,8,0.029218217357993126,72304.0,36368.0
25001965B2,4,10,9,0.027327194809913635,76400.0,36368.0
25001965B2,4,10,10,0.026878325268626213,23952.0,39264.0
25002898B2,4,3,1,0.1450212299823761,22464.0,15889.0
25002898B2,4,3,2,0.10408303141593933,80066.0,35232.0
25002898B2,4,3,3,0.07976256310939789,80066.0,31136.0
25002898B2,4,5,1,0.1450212299823761,22464.0,15889.0
25002898B2,4,5,2,0.10408303141593933,80066.0,35232.0
25002898B2,4,5,3,0.07976256310939789,80066.0,31136.0
25002898B2,4,5,4,0.07784507423639297,22464.0,19985.0
25002898B2,4,5,5,0.0509009025990963,18368.0,11793.0
25002898B2,4,10,1,0.1450212299823761,22464.0,15889.0
25002898B2,4,10,2,0.10408303141593933,80066.0,35232.0
25002898B2,4,10,3,0.07976256310939789,80066.0,31136.0
25002898B2,4,10,4,0.07784507423639297,22464.0,19985.0
25002898B2,4,10,5,0.0509009025990963,18368.0,11793.0
25002898B2,4,10,6,0.05024365335702896,22464.0,28177.0
25002898B2,4,10,7,0.04330134019255638,26560.0,15889.0
25002898B2,4,10,8,0.030630597844719887,18368.0,24081.0
25002898B2,4,10,9,0.030016258358955383,30656.0,11793.0
25002898B2,4,10,10,0.022612959146499634,18368.0,19985.0
25009148B4,4,3,1,0.1393786072731018,85522.0,18912.0
25009148B4,4,3,2,0.11214311420917511,89618.0,47584.0
25009148B4,4,3,3,0.07409504055976868,19904.0,33056.0
25009148B4,4,5,1,0.1393786072731018,85522.0,18912.0
25009148B4,4,5,2,0.11214311420917511,89618.0,47584.0
25009148B4,4,5,3,0.07409504055976868,19904.0,33056.0
25009148B4,4,5,4,0.06922928243875504,81426.0,23008.0
25009148B4,4,5,5,0.036699727177619934,85522.0,39392.0
25009148B4,4,10,1,0.1393786072731018,85522.0,18912.0
25009148B4,4,10,2,0.11214311420917511,89618.0,47584.0
25009148B4,4,10,3,0.07409504055976868,19904.0,33056.0
25009148B4,4,10,4,0.06922928243875504,81426.0,23008.0
25009148B4,4,10,5,0.036699727177619934,85522.0,39392.0
25009148B4,4,10,6,0.03005773201584816,81426.0,43488.0
25009148B4,4,10,7,0.027125932276248932,85522.0,55776.0
25009148B4,4,10,8,0.02595267817378044,24000.0,37152.0
25009148B4,4,10,9,0.024640735238790512,24000.0,53536.0
25009148B4,4,10,10,0.02220325544476509,15808.0,53536.0
25009297B,4,3,1,0.0531601756811142,109638.0,37825.0
25009297B,4,3,2,0.05034342408180237,15696.0,51153.0
25009297B,4,3,3,0.04781244322657585,130118.0,41921.0
25009297B,4,5,1,0.0531601756811142,109638.0,37825.0
25009297B,4,5,2,0.05034342408180237,15696.0,51153.0
25009297B,4,5,3,0.04781244322657585,130118.0,41921.0
25009297B,4,5,4,0.04057369753718376,60752.0,42961.0
25009297B,4,5,5,0.031102027744054794,11600.0,51153.0
25009297B,4,10,1,0.0531601756811142,109638.0,37825.0
25009297B,4,10,2,0.05034342408180237,15696.0,51153.0
25009297B,4,10,3,0.04781244322657585,130118.0,41921.0
25009297B,4,10,4,0.04057369753718376,60752.0,42961.0
25009297B,4,10,5,0.031102027744054794,11600.0,51153.0
25009297B,4,10,6,0.026785915717482567,15696.0,55249.0
25009297B,4,10,7,0.025624414905905724,19792.0,38865.0
25009297B,4,10,8,0.02262771502137184,89158.0,41921.0
25009297B,4,10,9,0.02173595502972603,97350.0,29633.0
25009297B,4,10,10,0.02039252407848835,48464.0,26577.0
25009539B3,4,3,1,0.3944288194179535,44208.0,20754.0
25009539B3,4,3,2,0.09386935830116272,120820.0,17938.0
25009539B3,4,3,3,0.05556992441415787,112628.0,26130.0
25009539B3,4,5,1,0.3944288194179535,44208.0,20754.0
25009539B3,4,5,2,0.09386935830116272,120820.0,17938.0
25009539B3,4,5,3,0.05556992441415787,112628.0,26130.0
25009539B3,4,5,4,0.034229032695293427,108532.0,26130.0
25009539B3,4,5,5,0.02851904183626175,36016.0,28946.0
25009539B3,4,10,1,0.3944288194179535,44208.0,20754.0
25009539B3,4,10,2,0.09386935830116272,120820.0,17938.0
25009539B3,4,10,3,0.05556992441415787,112628.0,26130.0
25009539B3,4,10,4,0.034229032695293427,108532.0,26130.0
25009539B3,4,10,5,0.02851904183626175,36016.0,28946.0
25009539B3,4,10,6,0.028256651014089584,44208.0,24850.0
25009539B3,4,10,7,0.02523323893547058,120820.0,22034.0
25009539B3,4,10,8,0.021826284006237984,40112.0,24850.0
25009539B3,4,10,9,0.016968006268143654,116724.0,26130.0
25009539B3,4,10,10,0.01682342402637005,116724.0,22034.0
25009747B,4,3,1,0.08912590146064758,113748.0,42960.0
25009747B,4,3,2,0.07433003932237625,28080.0,52032.0
25009747B,4,3,3,0.05413543060421944,40368.0,43840.0
25009747B,4,5,1,0.08912590146064758,113748.0,42960.0
25009747B,4,5,2,0.07433003932237625,28080.0,52032.0
25009747B,4,5,3,0.05413543060421944,40368.0,43840.0
25009747B,4,5,4,0.05115017294883728,80980.0,38864.0
25009747B,4,5,5,0.044134750962257385,44464.0,31552.0
25009747B,4,10,1,0.08912590146064758,113748.0,42960.0
25009747B,4,10,2,0.07433003932237625,28080.0,52032.0
25009747B,4,10,3,0.05413543060421944,40368.0,43840.0
25009747B,4,10,4,0.05115017294883728,80980.0,38864.0
25009747B,4,10,5,0.044134750962257385,44464.0,31552.0
25009747B,4,10,6,0.027379386126995087,40368.0,39744.0
25009747B,4,10,7,0.027178842574357986,101460.0,42960.0
25009747B,4,10,8,0.02532626874744892,44464.0,35648.0
25009747B,4,10,9,0.025315428152680397,101460.0,38864.0
25009747B,4,10,10,0.022618986666202545,44464.0,56128.0
2476693-B3,4,3,1,0.1519862711429596,32736.0,44914.0
2476693-B3,4,3,2,0.12072685360908508,24544.0,69490.0
2476693-B3,4,3,3,0.10601727664470673,24544.0,65394.0
2476693-B3,4,5,1,0.1519862711429596,32736.0,44914.0
2476693-B3,4,5,2,0.12072685360908508,24544.0,69490.0
2476693-B3,4,5,3,0.10601727664470673,24544.0,65394.0
2476693-B3,4,5,4,0.09057104587554932,24544.0,61298.0
2476693-B3,4,5,5,0.07490289211273193,32736.0,61298.0
2476693-B3,4,10,1,0.1519862711429596,32736.0,44914.0
2476693-B3,4,10,2,0.12072685360908508,24544.0,69490.0
2476693-B3,4,10,3,0.10601727664470673,24544.0,65394.0
2476693-B3,4,10,4,0.09057104587554932,24544.0,61298.0
2476693-B3,4,10,5,0.07490289211273193,32736.0,61298.0
2476693-B3,4,10,6,0.04549763351678848,28640.0,44914.0
2476693-B3,4,10,7,0.040968749672174454,20448.0,65394.0
2476693-B3,4,10,8,0.029230976477265358,97585.0,75203.0
2476693-B3,4,10,9,0.028518792241811752,36832.0,61298.0
2476693-B3,4,10,10,0.026767950505018234,36832.0,65394.0
2477926-B4,4,3,1,0.9169378280639648,82131.0,14818.0
2477926-B4,4,3,2,0.03504171222448349,90323.0,31202.0
2477926-B4,4,3,3,0.005359708331525326,11888.0,16258.0
2477926-B4,4,5,1,0.9169378280639648,82131.0,14818.0
2477926-B4,4,5,2,0.03504171222448349,90323.0,31202.0
2477926-B4,4,5,3,0.005359708331525326,11888.0,16258.0
2477926-B4,4,5,4,0.005165174603462219,15984.0,12162.0
2477926-B4,4,5,5,0.003684564493596554,90323.0,27106.0
2477926-B4,4,10,1,0.9169378280639648,82131.0,14818.0
2477926-B4,4,10,2,0.03504171222448349,90323.0,31202.0
2477926-B4,4,10,3,0.005359708331525326,11888.0,16258.0
2477926-B4,4,10,4,0.005165174603462219,15984.0,12162.0
2477926-B4,4,10,5,0.003684564493596554,90323.0,27106.0
2477926-B4,4,10,6,0.003576713614165783,78035.0,14818.0
2477926-B4,4,10,7,0.0031362699810415506,20080.0,32642.0
2477926-B4,4,10,8,0.002592393197119236,24176.0,28546.0
2477926-B4,4,10,9,0.0022668715100735426,125909.0,112.0
2477926-B4,4,10,10,0.0019486976088955998,118995.0,27106.0
2482111-B2,4,3,1,0.18617860972881317,28384.0,40960.0
2482111-B2,4,3,2,0.05509277060627937,77089.0,65536.0
2482111-B2,4,3,3,0.049737296998500824,89377.0,40960.0
2482111-B2,4,5,1,0.18617860972881317,28384.0,40960.0
2482111-B2,4,5,2,0.05509277060627937,77089.0,65536.0
2482111-B2,4,5,3,0.049737296998500824,89377.0,40960.0
2482111-B2,4,5,4,0.03752153739333153,12000.0,65536.0
2482111-B2,4,5,5,0.027216240763664246,93473.0,45056.0
2482111-B2,4,10,1,0.18617860972881317,28384.0,40960.0
2482111-B2,4,10,2,0.05509277060627937,77089.0,65536.0
2482111-B2,4,10,3,0.049737296998500824,89377.0,40960.0
2482111-B2,4,10,4,0.03752153739333153,12000.0,65536.0
2482111-B2,4,10,5,0.027216240763664246,93473.0,45056.0
2482111-B2,4,10,6,0.026126720011234283,85281.0,45056.0
2482111-B2,4,10,7,0.013199640437960625,109857.0,77824.0
2482111-B2,4,10,8,0.012437228113412857,109857.0,40960.0
2482111-B2,4,10,9,0.01178737636655569,28384.0,65536.0
2482111-B2,4,10,10,0.011152085848152637,16096.0,53248.0
2485276-B3,4,3,1,0.1791335940361023,21873.0,35154.0
2485276-B3,4,3,2,0.05342154949903488,38275.0,27938.0
2485276-B3,4,3,3,0.052936773747205734,125292.0,80.0
2485276-B3,4,5,1,0.1791335940361023,21873.0,35154.0
2485276-B3,4,5,2,0.05342154949903488,38275.0,27938.0
2485276-B3,4,5,3,0.052936773747205734,125292.0,80.0
2485276-B3,4,5,4,0.04607778042554855,125564.0,67429.0
2485276-B3,4,5,5,0.04047717526555061,73223.0,55908.0
2485276-B3,4,10,1,0.1791335940361023,21873.0,35154.0
2485276-B3,4,10,2,0.05342154949903488,38275.0,27938.0
2485276-B3,4,10,3,0.052936773747205734,125292.0,80.0
2485276-B3,4,10,4,0.04607778042554855,125564.0,67429.0
2485276-B3,4,10,5,0.04047717526555061,73223.0,55908.0
2485276-B3,4,10,6,0.03720705956220627,24114.0,43219.0
2485276-B3,4,10,7,0.03179885447025299,25969.0,43346.0
2485276-B3,4,10,8,0.02473091147840023,55010.0,31169.0
2485276-B3,4,10,9,0.022412672638893127,98952.0,28690.0
2485276-B3,4,10,10,0.022087663412094116,17777.0,39250.0
2487063-B2,4,3,1,0.8624057769775391,118181.0,70130.0
2487063-B2,4,3,2,0.02498953603208065,118069.0,6208.0
2487063-B2,4,3,3,0.016770124435424805,118069.0,10304.0
2487063-B2,4,5,1,0.8624057769775391,118181.0,70130.0
2487063-B2,4,5,2,0.02498953603208065,118069.0,6208.0
2487063-B2,4,5,3,0.016770124435424805,118069.0,10304.0
2487063-B2,4,5,4,0.013788411393761635,113973.0,10304.0
2487063-B2,4,5,5,0.012552831321954727,118181.0,74226.0
2487063-B2,4,10,1,0.8624057769775391,118181.0,70130.0
2487063-B2,4,10,2,0.02498953603208065,118069.0,6208.0
2487063-B2,4,10,3,0.016770124435424805,118069.0,10304.0
2487063-B2,4,10,4,0.013788411393761635,113973.0,10304.0
2487063-B2,4,10,5,0.012552831321954727,118181.0,74226.0
2487063-B2,4,10,6,0.006378922611474991,118181.0,78322.0
2487063-B2,4,10,7,0.006301268935203552,14576.0,63121.0
2487063-B2,4,10,8,0.005475335288792849,26912.0,42640.0
2487063-B2,4,10,9,0.004555209539830685,122277.0,74226.0
2487063-B2,4,10,10,0.0037988421972841024,26912.0,34448.0
2487518-B,4,3,1,0.8445210456848145,86240.0,26866.0
2487518-B,4,3,2,0.029926439747214317,86240.0,22770.0
2487518-B,4,3,3,0.026426754891872406,28448.0,22801.0
2487518-B,4,5,1,0.8445210456848145,86240.0,26866.0
2487518-B,4,5,2,0.029926439747214317,86240.0,22770.0
2487518-B,4,5,3,0.026426754891872406,28448.0,22801.0
2487518-B,4,5,4,0.023176779970526695,90336.0,18674.0
2487518-B,4,5,5,0.009859049692749977,82144.0,22770.0
2487518-B,4,10,1,0.8445210456848145,86240.0,26866.0
2487518-B,4,10,2,0.029926439747214317,86240.0,22770.0
2487518-B,4,10,3,0.026426754891872406,28448.0,22801.0
2487518-B,4,10,4,0.023176779970526695,90336.0,18674.0
2487518-B,4,10,5,0.009859049692749977,82144.0,22770.0
2487518-B,4,10,6,0.009166254661977291,32544.0,26897.0
2487518-B,4,10,7,0.005709360353648663,32544.0,22801.0
2487518-B,4,10,8,0.005071299150586128,28448.0,10513.0
2487518-B,4,10,9,0.004215830937027931,82144.0,26866.0
2487518-B,4,10,10,0.003584653604775667,78048.0,18674.0
25012737B4,4,3,1,0.1914466917514801,72789.0,41761.0
25012737B4,4,3,2,0.1442619413137436,14960.0,39248.0
25012737B4,4,3,3,0.09509286284446716,23152.0,35152.0
25012737B4,4,5,1,0.1914466917514801,72789.0,41761.0
25012737B4,4,5,2,0.1442619413137436,14960.0,39248.0
25012737B4,4,5,3,0.09509286284446716,23152.0,35152.0
25012737B4,4,5,4,0.03529718518257141,27248.0,14672.0
25012737B4,4,5,5,0.023960713297128677,14960.0,31056.0
25012737B4,4,10,1,0.1914466917514801,72789.0,41761.0
25012737B4,4,10,2,0.1442619413137436,14960.0,39248.0
25012737B4,4,10,3,0.09509286284446716,23152.0,35152.0
25012737B4,4,10,4,0.03529718518257141,27248.0,14672.0
25012737B4,4,10,5,0.023960713297128677,14960.0,31056.0
25012737B4,4,10,6,0.023694030940532684,14960.0,43344.0
25012737B4,4,10,7,0.023225463926792145,19056.0,31056.0
25012737B4,4,10,8,0.02200959622859955,76885.0,41761.0
25012737B4,4,10,9,0.02133350446820259,23152.0,39248.0
25012737B4,4,10,10,0.02121102809906006,14960.0,35152.0
25015191B2,4,3,1,0.12114329636096954,114321.0,61536.0
25015191B2,4,3,2,0.05220784991979599,118417.0,41056.0
25015191B2,4,3,3,0.03362709656357765,40544.0,23008.0
25015191B2,4,5,1,0.12114329636096954,114321.0,61536.0
25015191B2,4,5,2,0.05220784991979599,118417.0,41056.0
25015191B2,4,5,3,0.03362709656357765,40544.0,23008.0
25015191B2,4,5,4,0.031111333519220352,81553.0,41056.0
25015191B2,4,5,5,0.02953709103167057,118417.0,36960.0
25015191B2,4,10,1,0.12114329636096954,114321.0,61536.0
25015191B2,4,10,2,0.05220784991979599,118417.0,41056.0
25015191B2,4,10,3,0.03362709656357765,40544.0,23008.0
25015191B2,4,10,4,0.031111333519220352,81553.0,41056.0
25015191B2,4,10,5,0.02953709103167057,118417.0,36960.0
25015191B2,4,10,6,0.02861105650663376,106129.0,36960.0
25015191B2,4,10,7,0.025389838963747025,114321.0,65632.0
25015191B2,4,10,8,0.01907416805624962,97937.0,49248.0
25015191B2,4,10,9,0.01607740856707096,36448.0,10720.0
25015191B2,4,10,10,0.015756189823150635,43824.0,62994.0
25015640B3,4,3,1,0.1101822629570961,93360.0,37185.0
25015640B3,4,3,2,0.10733966529369354,89264.0,41281.0
25015640B3,4,3,3,0.08025690168142319,89264.0,37185.0
25015640B3,4,5,1,0.1101822629570961,93360.0,37185.0
25015640B3,4,5,2,0.10733966529369354,89264.0,41281.0
25015640B3,4,5,3,0.08025690168142319,89264.0,37185.0
25015640B3,4,5,4,0.06353309750556946,85168.0,37185.0
25015640B3,4,5,5,0.043060384690761566,105648.0,16705.0
25015640B3,4,10,1,0.1101822629570961,93360.0,37185.0
25015640B3,4,10,2,0.10733966529369354,89264.0,41281.0
25015640B3,4,10,3,0.08025690168142319,89264.0,37185.0
25015640B3,4,10,4,0.06353309750556946,85168.0,37185.0
25015640B3,4,10,5,0.043060384690761566,105648.0,16705.0
25015640B3,4,10,6,0.04101262614130974,27600.0,47027.0
25015640B3,4,10,7,0.03702513873577118,97456.0,37185.0
25015640B3,4,10,8,0.028237231075763702,81072.0,45377.0
25015640B3,4,10,9,0.024795174598693848,85168.0,53569.0
25015640B3,4,10,10,0.022877786308526993,23504.0,42931.0
25015867B2,4,3,1,0.33637386560440063,42672.0,36642.0
25015867B2,4,3,2,0.1627117097377777,38576.0,36642.0
25015867B2,4,3,3,0.048678454011678696,38576.0,32546.0
25015867B2,4,5,1,0.33637386560440063,42672.0,36642.0
25015867B2,4,5,2,0.1627117097377777,38576.0,36642.0
25015867B2,4,5,3,0.048678454011678696,38576.0,32546.0
25015867B2,4,5,4,0.0291631817817688,38576.0,40738.0
25015867B2,4,5,5,0.028783805668354034,42672.0,40738.0
25015867B2,4,10,1,0.33637386560440063,42672.0,36642.0
25015867B2,4,10,2,0.1627117097377777,38576.0,36642.0
25015867B2,4,10,3,0.048678454011678696,38576.0,32546.0
25015867B2,4,10,4,0.0291631817817688,38576.0,40738.0
25015867B2,4,10,5,0.028783805668354034,42672.0,40738.0
25015867B2,4,10,6,0.028485851362347603,38576.0,44834.0
25015867B2,4,10,7,0.026011254638433456,34480.0,36642.0
25015867B2,4,10,8,0.02600724808871746,34480.0,40738.0
25015867B2,4,10,9,0.023557482287287712,117205.0,39523.0
25015867B2,4,10,10,0.018350735306739807,121301.0,43619.0
25017500B,4,3,1,0.44112974405288696,90048.0,19857.0
25017500B,4,3,2,0.12115854769945145,81856.0,19857.0
25017500B,4,3,3,0.08489945530891418,90048.0,15761.0
25017500B,4,5,1,0.44112974405288696,90048.0,19857.0
25017500B,4,5,2,0.12115854769945145,81856.0,19857.0
25017500B,4,5,3,0.08489945530891418,90048.0,15761.0
25017500B,4,5,4,0.04260331019759178,16112.0,19457.0
25017500B,4,5,5,0.03972134366631508,94144.0,15761.0
25017500B,4,10,1,0.44112974405288696,90048.0,19857.0
25017500B,4,10,2,0.12115854769945145,81856.0,19857.0
25017500B,4,10,3,0.08489945530891418,90048.0,15761.0
25017500B,4,10,4,0.04260331019759178,16112.0,19457.0
25017500B,4,10,5,0.03972134366631508,94144.0,15761.0
25017500B,4,10,6,0.03937078267335892,90048.0,11665.0
25017500B,4,10,7,0.03132947161793709,12016.0,19457.0
25017500B,4,10,8,0.031195688992738724,85952.0,19857.0
25017500B,4,10,9,0.030341604724526405,7920.0,23553.0
25017500B,4,10,10,0.025717590004205704,90048.0,7569.0
25017730B2,4,3,1,0.1490393728017807,77312.0,25250.0
25017730B2,4,3,2,0.12502332031726837,81408.0,25250.0
25017730B2,4,3,3,0.1090531274676323,129008.0,45925.0
25017730B2,4,5,1,0.1490393728017807,77312.0,25250.0
25017730B2,4,5,2,0.12502332031726837,81408.0,25250.0
25017730B2,4,5,3,0.1090531274676323,129008.0,45925.0
25017730B2,4,5,4,0.09024712443351746,85504.0,25250.0
25017730B2,4,5,5,0.06899292021989822,32208.0,32577.0
25017730B2,4,10,1,0.1490393728017807,77312.0,25250.0
25017730B2,4,10,2,0.12502332031726837,81408.0,25250.0
25017730B2,4,10,3,0.1090531274676323,129008.0,45925.0
25017730B2,4,10,4,0.09024712443351746,85504.0,25250.0
25017730B2,4,10,5,0.06899292021989822,32208.0,32577.0
25017730B2,4,10,6,0.04537314549088478,129296.0,50198.0
25017730B2,4,10,7,0.03804744780063629,129040.0,21650.0
25017730B2,4,10,8,0.03536383807659149,24016.0,32577.0
25017730B2,4,10,9,0.031726256012916565,69120.0,49826.0
25017730B2,4,10,10,0.02671249955892563,129296.0,54294.0
25017930B,4,3,1,0.16835647821426392,40432.0,47764.0
25017930B,4,3,2,0.15147817134857178,107025.0,59861.0
25017930B,4,3,3,0.07492541521787643,107025.0,68053.0
25017930B,4,5,1,0.16835647821426392,40432.0,47764.0
25017930B,4,5,2,0.15147817134857178,107025.0,59861.0
25017930B,4,5,3,0.07492541521787643,107025.0,68053.0
25017930B,4,5,4,0.05768589675426483,107025.0,63957.0
25017930B,4,5,5,0.04533477500081062,116833.0,72681.0
25017930B,4,10,1,0.16835647821426392,40432.0,47764.0
25017930B,4,10,2,0.15147817134857178,107025.0,59861.0
25017930B,4,10,3,0.07492541521787643,107025.0,68053.0
25017930B,4,10,4,0.05768589675426483,107025.0,63957.0
25017930B,4,10,5,0.04533477500081062,116833.0,72681.0
25017930B,4,10,6,0.037286993116140366,115217.0,72149.0
25017930B,4,10,7,0.03647199645638466,44528.0,51860.0
25017930B,4,10,8,0.03161192312836647,19952.0,43668.0
25017930B,4,10,9,0.026173053309321404,102929.0,51669.0
25017930B,4,10,10,0.02300068363547325,90641.0,51669.0
25018478B2,4,3,1,0.2374851554632187,16224.0,24976.0
25018478B2,4,3,2,0.09921232610940933,88241.0,26928.0
25018478B2,4,3,3,0.05638276785612106,88241.0,31024.0
25018478B2,4,5,1,0.2374851554632187,16224.0,24976.0
25018478B2,4,5,2,0.09921232610940933,88241.0,26928.0
25018478B2,4,5,3,0.05638276785612106,88241.0,31024.0
25018478B2,4,5,4,0.05508328974246979,12128.0,29072.0
25018478B2,4,5,5,0.04129556939005852,20320.0,29072.0
25018478B2,4,10,1,0.2374851554632187,16224.0,24976.0
25018478B2,4,10,2,0.09921232610940933,88241.0,26928.0
25018478B2,4,10,3,0.05638276785612106,88241.0,31024.0
25018478B2,4,10,4,0.05508328974246979,12128.0,29072.0
25018478B2,4,10,5,0.04129556939005852,20320.0,29072.0
25018478B2,4,10,6,0.03509773313999176,92337.0,35120.0
25018478B2,4,10,7,0.029560871422290802,88241.0,35120.0
25018478B2,4,10,8,0.02863127738237381,126098.0,512.0
25018478B2,4,10,9,0.027444079518318176,130386.0,65040.0
25018478B2,4,10,10,0.02740686759352684,16224.0,29072.0
25019335B6,4,3,1,0.06181466206908226,68946.0,32208.0
25019335B6,4,3,2,0.0396517738699913,37200.0,57616.0
25019335B6,4,3,3,0.03739498555660248,64850.0,24016.0
25019335B6,4,5,1,0.06181466206908226,68946.0,32208.0
25019335B6,4,5,2,0.0396517738699913,37200.0,57616.0
25019335B6,4,5,3,0.03739498555660248,64850.0,24016.0
25019335B6,4,5,4,0.03303036093711853,12624.0,33040.0
25019335B6,4,5,5,0.026568718254566193,29008.0,61712.0
25019335B6,4,10,1,0.06181466206908226,68946.0,32208.0
25019335B6,4,10,2,0.0396517738699913,37200.0,57616.0
25019335B6,4,10,3,0.03739498555660248,64850.0,24016.0
25019335B6,4,10,4,0.03303036093711853,12624.0,33040.0
25019335B6,4,10,5,0.026568718254566193,29008.0,61712.0
25019335B6,4,10,6,0.02632203698158264,29008.0,69904.0
25019335B6,4,10,7,0.02382349781692028,89426.0,48592.0
25019335B6,4,10,8,0.023445764556527138,24912.0,41232.0
25019335B6,4,10,9,0.023234520107507706,24912.0,65808.0
25019335B6,4,10,10,0.01957426592707634,20816.0,57616.0
25019675B2,4,3,1,0.22130675613880157,13585.0,55570.0
25019675B2,4,3,2,0.13340049982070923,17681.0,55570.0
25019675B2,4,3,3,0.11371970921754837,72055.0,47569.0
25019675B2,4,5,1,0.22130675613880157,13585.0,55570.0
25019675B2,4,5,2,0.13340049982070923,17681.0,55570.0
25019675B2,4,5,3,0.11371970921754837,72055.0,47569.0
25019675B2,4,5,4,0.05115406960248947,67959.0,47569.0
25019675B2,4,5,5,0.047203585505485535,17681.0,51474.0
25019675B2,4,10,1,0.22130675613880157,13585.0,55570.0
25019675B2,4,10,2,0.13340049982070923,17681.0,55570.0
25019675B2,4,10,3,0.11371970921754837,72055.0,47569.0
25019675B2,4,10,4,0.05115406960248947,67959.0,47569.0
25019675B2,4,10,5,0.047203585505485535,17681.0,51474.0
25019675B2,4,10,6,0.04567548260092735,25873.0,59666.0
25019675B2,4,10,7,0.02046327106654644,25873.0,51474.0
25019675B2,4,10,8,0.019643856212496758,13585.0,51474.0
25019675B2,4,10,9,0.018618253991007805,80247.0,55761.0
25019675B2,4,10,10,0.01850387454032898,80247.0,51665.0
25019705B2,4,3,1,0.19495555758476257,28144.0,46097.0
25019705B2,4,3,2,0.1278889775276184,95760.0,35888.0
25019705B2,4,3,3,0.1224646344780922,103952.0,39984.0
25019705B2,4,5,1,0.19495555758476257,28144.0,46097.0
25019705B2,4,5,2,0.1278889775276184,95760.0,35888.0
25019705B2,4,5,3,0.1224646344780922,103952.0,39984.0
25019705B2,4,5,4,0.08430536836385727,28144.0,21521.0
25019705B2,4,5,5,0.048678748309612274,36336.0,29713.0
25019705B2,4,10,1,0.19495555758476257,28144.0,46097.0
25019705B2,4,10,2,0.1278889775276184,95760.0,35888.0
25019705B2,4,10,3,0.1224646344780922,103952.0,39984.0
25019705B2,4,10,4,0.08430536836385727,28144.0,21521.0
25019705B2,4,10,5,0.048678748309612274,36336.0,29713.0
25019705B2,4,10,6,0.03607935458421707,99856.0,15408.0
25019705B2,4,10,7,0.03548926115036011,95760.0,15408.0
25019705B2,4,10,8,0.027914173901081085,24048.0,17425.0
25019705B2,4,10,9,0.02524253912270069,91664.0,35888.0
25019705B2,4,10,10,0.019379131495952606,108048.0,23600.0
25020353B2,4,3,1,0.20006774365901947,100119.0,35888.0
25020353B2,4,3,2,0.15751788020133972,96023.0,31792.0
25020353B2,4,3,3,0.08138049393892288,22705.0,38320.0
25020353B2,4,5,1,0.20006774365901947,100119.0,35888.0
25020353B2,4,5,2,0.15751788020133972,96023.0,31792.0
25020353B2,4,5,3,0.08138049393892288,22705.0,38320.0
25020353B2,4,5,4,0.05673469230532646,100119.0,39984.0
25020353B2,4,5,5,0.050847701728343964,100119.0,31792.0
25020353B2,4,10,1,0.20006774365901947,100119.0,35888.0
25020353B2,4,10,2,0.15751788020133972,96023.0,31792.0
25020353B2,4,10,3,0.08138049393892288,22705.0,38320.0
25020353B2,4,10,4,0.05673469230532646,100119.0,39984.0
25020353B2,4,10,5,0.050847701728343964,100119.0,31792.0
25020353B2,4,10,6,0.04450460523366928,30897.0,42416.0
25020353B2,4,10,7,0.04167355224490166,30897.0,46512.0
25020353B2,4,10,8,0.033361081033945084,18609.0,46512.0
25020353B2,4,10,9,0.03271936625242233,91927.0,35888.0
25020353B2,4,10,10,0.03043719008564949,104215.0,27696.0
25020799B5,4,3,1,0.4412425756454468,138791.0,11504.0
25020799B5,4,3,2,0.40709009766578674,138791.0,7408.0
25020799B5,4,3,3,0.04592948406934738,142151.0,71544.0
25020799B5,4,5,1,0.4412425756454468,138791.0,11504.0
25020799B5,4,5,2,0.40709009766578674,138791.0,7408.0
25020799B5,4,5,3,0.04592948406934738,142151.0,71544.0
25020799B5,4,5,4,0.031468894332647324,28304.0,38498.0
25020799B5,4,5,5,0.007786549627780914,138055.0,71544.0
25020799B5,4,10,1,0.4412425756454468,138791.0,11504.0
25020799B5,4,10,2,0.40709009766578674,138791.0,7408.0
25020799B5,4,10,3,0.04592948406934738,142151.0,71544.0
25020799B5,4,10,4,0.031468894332647324,28304.0,38498.0
25020799B5,4,10,5,0.007786549627780914,138055.0,71544.0
25020799B5,4,10,6,0.006620611995458603,142151.0,75640.0
25020799B5,4,10,7,0.004967035725712776,60625.0,46258.0
25020799B5,4,10,8,0.004293119069188833,56529.0,50354.0
25020799B5,4,10,9,0.0030641364865005016,64721.0,50354.0
25020799B5,4,10,10,0.0023933714255690575,60625.0,50354.0
25021277B3,4,3,1,0.22050204873085022,24096.0,29712.0
25021277B3,4,3,2,0.0966910794377327,24096.0,21520.0
25021277B3,4,3,3,0.08811959624290466,83495.0,23120.0
25021277B3,4,5,1,0.22050204873085022,24096.0,29712.0
25021277B3,4,5,2,0.0966910794377327,24096.0,21520.0
25021277B3,4,5,3,0.08811959624290466,83495.0,23120.0
25021277B3,4,5,4,0.07047382742166519,91687.0,27216.0
25021277B3,4,5,5,0.04557844251394272,11808.0,33808.0
25021277B3,4,10,1,0.22050204873085022,24096.0,29712.0
25021277B3,4,10,2,0.0966910794377327,24096.0,21520.0
25021277B3,4,10,3,0.08811959624290466,83495.0,23120.0
25021277B3,4,10,4,0.07047382742166519,91687.0,27216.0
25021277B3,4,10,5,0.04557844251394272,11808.0,33808.0
25021277B3,4,10,6,0.029428817331790924,91687.0,10832.0
25021277B3,4,10,7,0.02880295366048813,24096.0,33808.0
25021277B3,4,10,8,0.028593601658940315,24096.0,25616.0
25021277B3,4,10,9,0.026197340339422226,11808.0,25616.0
25021277B3,4,10,10,0.024807436391711235,20000.0,17424.0
25021487B,4,3,1,0.09857320785522461,30240.0,38929.0
25021487B,4,3,2,0.09086760878562927,82147.0,38113.0
25021487B,4,3,3,0.06948528438806534,34336.0,30737.0
25021487B,4,5,1,0.09857320785522461,30240.0,38929.0
25021487B,4,5,2,0.09086760878562927,82147.0,38113.0
25021487B,4,5,3,0.06948528438806534,34336.0,30737.0
25021487B,4,5,4,0.05612759292125702,38432.0,30737.0
25021487B,4,5,5,0.04727398231625557,94435.0,42209.0
25021487B,4,10,1,0.09857320785522461,30240.0,38929.0
25021487B,4,10,2,0.09086760878562927,82147.0,38113.0
25021487B,4,10,3,0.06948528438806534,34336.0,30737.0
25021487B,4,10,4,0.05612759292125702,38432.0,30737.0
25021487B,4,10,5,0.04727398231625557,94435.0,42209.0
25021487B,4,10,6,0.04317297041416168,98531.0,46305.0
25021487B,4,10,7,0.035951364785432816,42528.0,34833.0
25021487B,4,10,8,0.03559984639286995,90339.0,42209.0
25021487B,4,10,9,0.035342201590538025,98531.0,38113.0
25021487B,4,10,10,0.031351663172245026,86243.0,42209.0
25021735B5,4,3,1,0.09857243299484253,111393.0,64250.0
25021735B5,4,3,2,0.09486602991819382,83841.0,22913.0
25021735B5,4,3,3,0.08372446149587631,83841.0,14721.0
25021735B5,4,5,1,0.09857243299484253,111393.0,64250.0
25021735B5,4,5,2,0.09486602991819382,83841.0,22913.0
25021735B5,4,5,3,0.08372446149587631,83841.0,14721.0
25021735B5,4,5,4,0.07176747918128967,19904.0,20162.0
25021735B5,4,5,5,0.06955600529909134,92033.0,18817.0
25021735B5,4,10,1,0.09857243299484253,111393.0,64250.0
25021735B5,4,10,2,0.09486602991819382,83841.0,22913.0
25021735B5,4,10,3,0.08372446149587631,83841.0,14721.0
25021735B5,4,10,4,0.07176747918128967,19904.0,20162.0
25021735B5,4,10,5,0.06955600529909134,92033.0,18817.0
25021735B5,4,10,6,0.06806140393018723,87937.0,22913.0
25021735B5,4,10,7,0.03575615584850311,79745.0,27009.0
25021735B5,4,10,8,0.03430633991956711,24000.0,24258.0
25021735B5,4,10,9,0.030071314424276352,87937.0,10625.0
25021735B5,4,10,10,0.026510773226618767,19904.0,28354.0
25022584B3,4,3,1,0.4243623614311218,89555.0,11281.0
25022584B3,4,3,2,0.21271196007728577,36560.0,34962.0
25022584B3,4,3,3,0.17135685682296753,28368.0,39058.0
25022584B3,4,5,1,0.4243623614311218,89555.0,11281.0
25022584B3,4,5,2,0.21271196007728577,36560.0,34962.0
25022584B3,4,5,3,0.17135685682296753,28368.0,39058.0
25022584B3,4,5,4,0.048661693930625916,28368.0,14482.0
25022584B3,4,5,5,0.021024039015173912,85459.0,31761.0
25022584B3,4,10,1,0.4243623614311218,89555.0,11281.0
25022584B3,4,10,2,0.21271196007728577,36560.0,34962.0
25022584B3,4,10,3,0.17135685682296753,28368.0,39058.0
25022584B3,4,10,4,0.048661693930625916,28368.0,14482.0
25022584B3,4,10,5,0.021024039015173912,85459.0,31761.0
25022584B3,4,10,6,0.007477761246263981,32464.0,34962.0
25022584B3,4,10,7,0.007434003986418247,85459.0,11281.0
25022584B3,4,10,8,0.006104873493313789,81363.0,19473.0
25022584B3,4,10,9,0.005823339335620403,28368.0,34962.0
25022584B3,4,10,10,0.005798820406198502,16080.0,18578.0
25022613B2,4,3,1,0.0941363126039505,20048.0,36081.0
25022613B2,4,3,2,0.06858216971158981,83430.0,19297.0
25022613B2,4,3,3,0.06265998631715775,58854.0,47969.0
25022613B2,4,5,1,0.0941363126039505,20048.0,36081.0
25022613B2,4,5,2,0.06858216971158981,83430.0,19297.0
25022613B2,4,5,3,0.06265998631715775,58854.0,47969.0
25022613B2,4,5,4,0.05800224840641022,20048.0,31985.0
25022613B2,4,5,5,0.04616370052099228,15952.0,52465.0
25022613B2,4,10,1,0.0941363126039505,20048.0,36081.0
25022613B2,4,10,2,0.06858216971158981,83430.0,19297.0
25022613B2,4,10,3,0.06265998631715775,58854.0,47969.0
25022613B2,4,10,4,0.05800224840641022,20048.0,31985.0
25022613B2,4,10,5,0.04616370052099228,15952.0,52465.0
25022613B2,4,10,6,0.0415063351392746,71142.0,31585.0
25022613B2,4,10,7,0.038262974470853806,7760.0,52465.0
25022613B2,4,10,8,0.03498048335313797,11856.0,52465.0
25022613B2,4,10,9,0.03328128159046173,79334.0,19297.0
25022613B2,4,10,10,0.03232196718454361,28240.0,48369.0
25023687B3,4,3,1,0.1478656530380249,16112.0,20208.0
25023687B3,4,3,2,0.1091947853565216,32496.0,28400.0
25023687B3,4,3,3,0.07619310915470123,32496.0,24304.0
25023687B3,4,5,1,0.1478656530380249,16112.0,20208.0
25023687B3,4,5,2,0.1091947853565216,32496.0,28400.0
25023687B3,4,5,3,0.07619310915470123,32496.0,24304.0
25023687B3,4,5,4,0.04262760281562805,95814.0,23856.0
25023687B3,4,5,5,0.03443814814090729,32496.0,20208.0
25023687B3,4,10,1,0.1478656530380249,16112.0,20208.0
25023687B3,4,10,2,0.1091947853565216,32496.0,28400.0
25023687B3,4,10,3,0.07619310915470123,32496.0,24304.0
25023687B3,4,10,4,0.04262760281562805,95814.0,23856.0
25023687B3,4,10,5,0.03443814814090729,32496.0,20208.0
25023687B3,4,10,6,0.03432013839483261,83526.0,23856.0
25023687B3,4,10,7,0.03253888711333275,40688.0,12016.0
25023687B3,4,10,8,0.032045792788267136,24304.0,32496.0
25023687B3,4,10,9,0.028927017003297806,20208.0,12016.0
25023687B3,4,10,10,0.026472343131899834,79430.0,23856.0
25023846B4,4,3,1,0.10159244388341904,89794.0,48915.0
25023846B4,4,3,2,0.09869865328073502,89794.0,40723.0
25023846B4,4,3,3,0.07883024215698242,97986.0,28435.0
25023846B4,4,5,1,0.10159244388341904,89794.0,48915.0
25023846B4,4,5,2,0.09869865328073502,89794.0,40723.0
25023846B4,4,5,3,0.07883024215698242,97986.0,28435.0
25023846B4,4,5,4,0.06704802811145782,102082.0,40723.0
25023846B4,4,5,5,0.0397845096886158,93890.0,40723.0
25023846B4,4,10,1,0.10159244388341904,89794.0,48915.0
25023846B4,4,10,2,0.09869865328073502,89794.0,40723.0
25023846B4,4,10,3,0.07883024215698242,97986.0,28435.0
25023846B4,4,10,4,0.06704802811145782,102082.0,40723.0
25023846B4,4,10,5,0.0397845096886158,93890.0,40723.0
25023846B4,4,10,6,0.03217528015375137,106178.0,44819.0
25023846B4,4,10,7,0.03082241490483284,89794.0,53011.0
25023846B4,4,10,8,0.026839442551136017,32192.0,40738.0
25023846B4,4,10,9,0.022167645394802094,118466.0,65299.0
25023846B4,4,10,10,0.02211565151810646,85698.0,44819.0
25023935B2,4,3,1,0.21835798025131226,80226.0,24224.0
25023935B2,4,3,2,0.06373804807662964,84322.0,28320.0
25023935B2,4,3,3,0.054982900619506836,26032.0,35184.0
25023935B2,4,5,1,0.21835798025131226,80226.0,24224.0
25023935B2,4,5,2,0.06373804807662964,84322.0,28320.0
25023935B2,4,5,3,0.054982900619506836,26032.0,35184.0
25023935B2,4,5,4,0.05291625112295151,80226.0,32416.0
25023935B2,4,5,5,0.05287844315171242,67938.0,36512.0
25023935B2,4,10,1,0.21835798025131226,80226.0,24224.0
25023935B2,4,10,2,0.06373804807662964,84322.0,28320.0
25023935B2,4,10,3,0.054982900619506836,26032.0,35184.0
25023935B2,4,10,4,0.05291625112295151,80226.0,32416.0
25023935B2,4,10,5,0.05287844315171242,67938.0,36512.0
25023935B2,4,10,6,0.042914338409900665,84322.0,32416.0
25023935B2,4,10,7,0.023236896842718124,17840.0,18800.0
25023935B2,4,10,8,0.02027919888496399,76130.0,24224.0
25023935B2,4,10,9,0.019859714433550835,21936.0,39280.0
25023935B2,4,10,10,0.019781388342380524,21936.0,22896.0
25024254B2,4,3,1,0.31586429476737976,134464.0,6400.0
25024254B2,4,3,2,0.1126365214586258,111488.0,73591.0
25024254B2,4,3,3,0.08318178355693817,134512.0,74792.0
25024254B2,4,5,1,0.31586429476737976,134464.0,6400.0
25024254B2,4,5,2,0.1126365214586258,111488.0,73591.0
25024254B2,4,5,3,0.08318178355693817,134512.0,74792.0
25024254B2,4,5,4,0.0823846086859703,134512.0,70696.0
25024254B2,4,5,5,0.035696789622306824,44880.0,65064.0
25024254B2,4,10,1,0.31586429476737976,134464.0,6400.0
25024254B2,4,10,2,0.1126365214586258,111488.0,73591.0
25024254B2,4,10,3,0.08318178355693817,134512.0,74792.0
25024254B2,4,10,4,0.0823846086859703,134512.0,70696.0
25024254B2,4,10,5,0.035696789622306824,44880.0,65064.0
25024254B2,4,10,6,0.0310138501226902,134464.0,10496.0
25024254B2,4,10,7,0.029251225292682648,43920.0,32674.0
25024254B2,4,10,8,0.015867572277784348,111488.0,77687.0
25024254B2,4,10,9,0.015279075130820274,8992.0,27858.0
25024254B2,4,10,10,0.014478396624326706,103296.0,57207.0
25025293B2,4,3,1,0.254925012588501,97813.0,30657.0
25025293B2,4,3,2,0.09971219301223755,101909.0,34753.0
25025293B2,4,3,3,0.055880654603242874,97813.0,34753.0
25025293B2,4,5,1,0.254925012588501,97813.0,30657.0
25025293B2,4,5,2,0.09971219301223755,101909.0,34753.0
25025293B2,4,5,3,0.055880654603242874,97813.0,34753.0
25025293B2,4,5,4,0.0504949651658535,20304.0,38625.0
25025293B2,4,5,5,0.047430992126464844,120485.0,52049.0
25025293B2,4,10,1,0.254925012588501,97813.0,30657.0
25025293B2,4,10,2,0.09971219301223755,101909.0,34753.0
25025293B2,4,10,3,0.055880654603242874,97813.0,34753.0
25025293B2,4,10,4,0.0504949651658535,20304.0,38625.0
25025293B2,4,10,5,0.047430992126464844,120485.0,52049.0
25025293B2,4,10,6,0.03998268395662308,20304.0,50913.0
25025293B2,4,10,7,0.03521210327744484,12112.0,14049.0
25025293B2,4,10,8,0.028479693457484245,20304.0,34529.0
25025293B2,4,10,9,0.02659314125776291,101909.0,38849.0
25025293B2,4,10,10,0.023013072088360786,40641.0,55827.0
25025569B,4,3,1,0.2906203269958496,93556.0,40224.0
25025569B,4,3,2,0.18452246487140656,97652.0,40224.0
25025569B,4,3,3,0.16476044058799744,93556.0,36128.0
25025569B,4,5,1,0.2906203269958496,93556.0,40224.0
25025569B,4,5,2,0.18452246487140656,97652.0,40224.0
25025569B,4,5,3,0.16476044058799744,93556.0,36128.0
25025569B,4,5,4,0.1308870166540146,23952.0,32256.0
25025569B,4,5,5,0.05235828086733818,97652.0,36128.0
25025569B,4,10,1,0.2906203269958496,93556.0,40224.0
25025569B,4,10,2,0.18452246487140656,97652.0,40224.0
25025569B,4,10,3,0.16476044058799744,93556.0,36128.0
25025569B,4,10,4,0.1308870166540146,23952.0,32256.0
25025569B,4,10,5,0.05235828086733818,97652.0,36128.0
25025569B,4,10,6,0.037731532007455826,19856.0,32256.0
25025569B,4,10,7,0.026841863989830017,15760.0,28160.0
25025569B,4,10,8,0.026404209434986115,23952.0,28160.0
25025569B,4,10,9,0.02287602797150612,19856.0,28160.0
25025569B,4,10,10,0.01707134209573269,89460.0,36128.0
25025975B2,4,3,1,0.07364852726459503,48512.0,48818.0
25025975B2,4,3,2,0.06572974473237991,48512.0,61106.0
25025975B2,4,3,3,0.06474557518959045,32128.0,57010.0
25025975B2,4,5,1,0.07364852726459503,48512.0,48818.0
25025975B2,4,5,2,0.06572974473237991,48512.0,61106.0
25025975B2,4,5,3,0.06474557518959045,32128.0,57010.0
25025975B2,4,5,4,0.06027943640947342,107474.0,57218.0
25025975B2,4,5,5,0.05836398899555206,107474.0,40834.0
25025975B2,4,10,1,0.07364852726459503,48512.0,48818.0
25025975B2,4,10,2,0.06572974473237991,48512.0,61106.0
25025975B2,4,10,3,0.06474557518959045,32128.0,57010.0
25025975B2,4,10,4,0.06027943640947342,107474.0,57218.0
25025975B2,4,10,5,0.05836398899555206,107474.0,40834.0
25025975B2,4,10,6,0.05702105164527893,111570.0,53122.0
25025975B2,4,10,7,0.04659489914774895,44416.0,57010.0
25025975B2,4,10,8,0.04282878339290619,111570.0,57218.0
25025975B2,4,10,9,0.0361519381403923,107474.0,49026.0
25025975B2,4,10,10,0.036142461001873016,48512.0,57010.0
25026285B2,4,3,1,0.07332861423492432,125521.0,24176.0
25026285B2,4,3,2,0.06879828870296478,121425.0,28272.0
25026285B2,4,3,3,0.060538798570632935,125521.0,40560.0
25026285B2,4,5,1,0.07332861423492432,125521.0,24176.0
25026285B2,4,5,2,0.06879828870296478,121425.0,28272.0
25026285B2,4,5,3,0.060538798570632935,125521.0,40560.0
25026285B2,4,5,4,0.05977080017328262,105041.0,65136.0
25026285B2,4,5,5,0.03399525582790375,105041.0,77424.0
25026285B2,4,10,1,0.07332861423492432,125521.0,24176.0
25026285B2,4,10,2,0.06879828870296478,121425.0,28272.0
25026285B2,4,10,3,0.060538798570632935,125521.0,40560.0
25026285B2,4,10,4,0.05977080017328262,105041.0,65136.0
25026285B2,4,10,5,0.03399525582790375,105041.0,77424.0
25026285B2,4,10,6,0.030626622959971428,92753.0,56944.0
25026285B2,4,10,7,0.027273040264844894,117329.0,15984.0
25026285B2,4,10,8,0.02154581993818283,88657.0,52848.0
25026285B2,4,10,9,0.01564830169081688,46768.0,22640.0
25026285B2,4,10,10,0.014909004792571068,113233.0,32368.0
25027193B,4,3,1,0.10460586845874786,113892.0,71458.0
25027193B,4,3,2,0.05401887744665146,117988.0,55074.0
25027193B,4,3,3,0.037586163729429245,72932.0,38690.0
25027193B,4,5,1,0.10460586845874786,113892.0,71458.0
25027193B,4,5,2,0.05401887744665146,117988.0,55074.0
25027193B,4,5,3,0.037586163729429245,72932.0,38690.0
25027193B,4,5,4,0.03535771742463112,126744.0,9616.0
25027193B,4,5,5,0.034985944628715515,85220.0,50978.0
25027193B,4,10,1,0.10460586845874786,113892.0,71458.0
25027193B,4,10,2,0.05401887744665146,117988.0,55074.0
25027193B,4,10,3,0.037586163729429245,72932.0,38690.0
25027193B,4,10,4,0.03535771742463112,126744.0,9616.0
25027193B,4,10,5,0.034985944628715515,85220.0,50978.0
25027193B,4,10,6,0.033659905195236206,52816.0,60864.0
25027193B,4,10,7,0.03354186192154884,89316.0,55074.0
25027193B,4,10,8,0.03128037974238396,48720.0,40384.0
25027193B,4,10,9,0.030260659754276276,105700.0,59170.0
25027193B,4,10,10,0.028302431106567383,109796.0,55074.0
25027636B2,4,3,1,0.15144826471805573,40448.0,28721.0
25027636B2,4,3,2,0.11506262421607971,36352.0,41009.0
25027636B2,4,3,3,0.09547941386699677,40448.0,45105.0
25027636B2,4,5,1,0.15144826471805573,40448.0,28721.0
25027636B2,4,5,2,0.11506262421607971,36352.0,41009.0
25027636B2,4,5,3,0.09547941386699677,40448.0,45105.0
25027636B2,4,5,4,0.08892514556646347,40448.0,49201.0
25027636B2,4,5,5,0.06660149991512299,36352.0,36913.0
25027636B2,4,10,1,0.15144826471805573,40448.0,28721.0
25027636B2,4,10,2,0.11506262421607971,36352.0,41009.0
25027636B2,4,10,3,0.09547941386699677,40448.0,45105.0
25027636B2,4,10,4,0.08892514556646347,40448.0,49201.0
25027636B2,4,10,5,0.06660149991512299,36352.0,36913.0
25027636B2,4,10,6,0.0522867776453495,28160.0,49201.0
25027636B2,4,10,7,0.05019448697566986,40448.0,41009.0
25027636B2,4,10,8,0.04894677922129631,108502.0,36432.0
25027636B2,4,10,9,0.044153906404972076,112598.0,44624.0
25027636B2,4,10,10,0.03886013850569725,104406.0,52816.0
25028010B2,4,3,1,0.08727563917636871,86833.0,26818.0
25028010B2,4,3,2,0.05985308438539505,90929.0,39106.0
25028010B2,4,3,3,0.05459049716591835,33968.0,17730.0
25028010B2,4,5,1,0.08727563917636871,86833.0,26818.0
25028010B2,4,5,2,0.05985308438539505,90929.0,39106.0
25028010B2,4,5,3,0.05459049716591835,33968.0,17730.0
25028010B2,4,5,4,0.04606911540031433,78641.0,67778.0
25028010B2,4,5,5,0.03494621068239212,86833.0,22722.0
25028010B2,4,10,1,0.08727563917636871,86833.0,26818.0
25028010B2,4,10,2,0.05985308438539505,90929.0,39106.0
25028010B2,4,10,3,0.05459049716591835,33968.0,17730.0
25028010B2,4,10,4,0.04606911540031433,78641.0,67778.0
25028010B2,4,10,5,0.03494621068239212,86833.0,22722.0
25028010B2,4,10,6,0.03234986960887909,74545.0,22722.0
25028010B2,4,10,7,0.031581126153469086,78641.0,22722.0
25028010B2,4,10,8,0.030827341601252556,62257.0,35010.0
25028010B2,4,10,9,0.023902228102087975,36640.0,36084.0
25028010B2,4,10,10,0.023066822439432144,86833.0,67778.0
25028186B2,4,3,1,0.5063707828521729,52096.0,63696.0
25028186B2,4,3,2,0.11175203323364258,31616.0,18640.0
25028186B2,4,3,3,0.04823841154575348,108834.0,12384.0
25028186B2,4,5,1,0.5063707828521729,52096.0,63696.0
25028186B2,4,5,2,0.11175203323364258,31616.0,18640.0
25028186B2,4,5,3,0.04823841154575348,108834.0,12384.0
25028186B2,4,5,4,0.04644469916820526,48000.0,71888.0
25028186B2,4,5,5,0.03752375766634941,112930.0,16480.0
25028186B2,4,10,1,0.5063707828521729,52096.0,63696.0
25028186B2,4,10,2,0.11175203323364258,31616.0,18640.0
25028186B2,4,10,3,0.04823841154575348,108834.0,12384.0
25028186B2,4,10,4,0.04644469916820526,48000.0,71888.0
25028186B2,4,10,5,0.03752375766634941,112930.0,16480.0
25028186B2,4,10,6,0.032810281962156296,35712.0,22736.0
25028186B2,4,10,7,0.02039806917309761,129314.0,65632.0
25028186B2,4,10,8,0.020141061395406723,108834.0,16480.0
25028186B2,4,10,9,0.01835472695529461,43904.0,59600.0
25028186B2,4,10,10,0.012947284616529942,48000.0,39120.0
25028868B2,4,3,1,0.07871895283460617,40848.0,27665.0
25028868B2,4,3,2,0.07719958573579788,36752.0,31761.0
25028868B2,4,3,3,0.07424208521842957,100488.0,26929.0
25028868B2,4,5,1,0.07871895283460617,40848.0,27665.0
25028868B2,4,5,2,0.07719958573579788,36752.0,31761.0
25028868B2,4,5,3,0.07424208521842957,100488.0,26929.0
25028868B2,4,5,4,0.06823696196079254,96392.0,22833.0
25028868B2,4,5,5,0.04104185849428177,28560.0,35857.0
25028868B2,4,10,1,0.07871895283460617,40848.0,27665.0
25028868B2,4,10,2,0.07719958573579788,36752.0,31761.0
25028868B2,4,10,3,0.07424208521842957,100488.0,26929.0
25028868B2,4,10,4,0.06823696196079254,96392.0,22833.0
25028868B2,4,10,5,0.04104185849428177,28560.0,35857.0
25028868B2,4,10,6,0.040573135018348694,92296.0,35121.0
25028868B2,4,10,7,0.038229163736104965,92296.0,31025.0
25028868B2,4,10,8,0.03751171752810478,32656.0,35857.0
25028868B2,4,10,9,0.03496037423610687,96392.0,35121.0
25028868B2,4,10,10,0.029267558827996254,96392.0,26929.0
25029425B3,4,3,1,0.13778673112392426,38864.0,21297.0
25029425B3,4,3,2,0.07934416830539703,42960.0,25393.0
25029425B3,4,3,3,0.07744897902011871,118178.0,23425.0
25029425B3,4,5,1,0.13778673112392426,38864.0,21297.0
25029425B3,4,5,2,0.07934416830539703,42960.0,25393.0
25029425B3,4,5,3,0.07744897902011871,118178.0,23425.0
25029425B3,4,5,4,0.05610315129160881,97698.0,39809.0
25029425B3,4,5,5,0.051489681005477905,118178.0,19329.0
25029425B3,4,10,1,0.13778673112392426,38864.0,21297.0
25029425B3,4,10,2,0.07934416830539703,42960.0,25393.0
25029425B3,4,10,3,0.07744897902011871,118178.0,23425.0
25029425B3,4,10,4,0.05610315129160881,97698.0,39809.0
25029425B3,4,10,5,0.051489681005477905,118178.0,19329.0
25029425B3,4,10,6,0.04751242324709892,34768.0,41777.0
25029425B3,4,10,7,0.046012647449970245,122274.0,23425.0
25029425B3,4,10,8,0.04073875769972801,105890.0,48001.0
25029425B3,4,10,9,0.039810020476579666,109986.0,27521.0
25029425B3,4,10,10,0.026776136830449104,38864.0,13105.0
25030630B,4,3,1,0.12442551553249359,84067.0,34384.0
25030630B,4,3,2,0.07604306191205978,92259.0,30288.0
25030630B,4,3,3,0.05372997373342514,48512.0,57072.0
25030630B,4,5,1,0.12442551553249359,84067.0,34384.0
25030630B,4,5,2,0.07604306191205978,92259.0,30288.0
25030630B,4,5,3,0.05372997373342514,48512.0,57072.0
25030630B,4,5,4,0.05335600674152374,79971.0,34384.0
25030630B,4,5,5,0.047466084361076355,100451.0,18000.0
25030630B,4,10,1,0.12442551553249359,84067.0,34384.0
25030630B,4,10,2,0.07604306191205978,92259.0,30288.0
25030630B,4,10,3,0.05372997373342514,48512.0,57072.0
25030630B,4,10,4,0.05335600674152374,79971.0,34384.0
25030630B,4,10,5,0.047466084361076355,100451.0,18000.0
25030630B,4,10,6,0.03827635943889618,48512.0,52976.0
25030630B,4,10,7,0.03720947727560997,44416.0,28400.0
25030630B,4,10,8,0.035984259098768234,108643.0,22096.0
25030630B,4,10,9,0.017433447763323784,112739.0,9808.0
25030630B,4,10,10,0.016568565741181374,108643.0,46672.0
25031302B,4,3,1,0.3398963510990143,19840.0,22608.0
25031302B,4,3,2,0.08062577247619629,32128.0,18512.0
25031302B,4,3,3,0.06830879300832748,28032.0,30800.0
25031302B,4,5,1,0.3398963510990143,19840.0,22608.0
25031302B,4,5,2,0.08062577247619629,32128.0,18512.0
25031302B,4,5,3,0.06830879300832748,28032.0,30800.0
25031302B,4,5,4,0.02180612087249756,19840.0,55376.0
25031302B,4,5,5,0.02011449635028839,19840.0,63568.0
25031302B,4,10,1,0.3398963510990143,19840.0,22608.0
25031302B,4,10,2,0.08062577247619629,32128.0,18512.0
25031302B,4,10,3,0.06830879300832748,28032.0,30800.0
25031302B,4,10,4,0.02180612087249756,19840.0,55376.0
25031302B,4,10,5,0.02011449635028839,19840.0,63568.0
25031302B,4,10,6,0.01877559721469879,19840.0,38992.0
25031302B,4,10,7,0.01782624050974846,15744.0,22608.0
25031302B,4,10,8,0.013385689817368984,28032.0,26704.0
25031302B,4,10,9,0.013012966141104698,28032.0,51280.0
25031302B,4,10,10,0.011140216141939163,28032.0,38992.0
25031385B4,4,3,1,0.20260798931121826,179862.0,71640.0
25031385B4,4,3,2,0.04001627489924431,100690.0,30913.0
25031385B4,4,3,3,0.037416860461235046,112978.0,43201.0
25031385B4,4,5,1,0.20260798931121826,179862.0,71640.0
25031385B4,4,5,2,0.04001627489924431,100690.0,30913.0
25031385B4,4,5,3,0.037416860461235046,112978.0,43201.0
25031385B4,4,5,4,0.0346955806016922,112978.0,55489.0
25031385B4,4,5,5,0.03313792496919632,159685.0,19777.0
25031385B4,4,10,1,0.20260798931121826,179862.0,71640.0
25031385B4,4,10,2,0.04001627489924431,100690.0,30913.0
25031385B4,4,10,3,0.037416860461235046,112978.0,43201.0
25031385B4,4,10,4,0.0346955806016922,112978.0,55489.0
25031385B4,4,10,5,0.03313792496919632,159685.0,19777.0
25031385B4,4,10,6,0.03262146934866905,96594.0,30913.0
25031385B4,4,10,7,0.0262018833309412,163781.0,27969.0
25031385B4,4,10,8,0.02477109804749489,88402.0,26817.0
25031385B4,4,10,9,0.024580232799053192,167877.0,32065.0
25031385B4,4,10,10,0.021251171827316284,163781.0,44353.0
25031387B2,4,3,1,0.14594128727912903,40320.0,17425.0
25031387B2,4,3,2,0.046121664345264435,140971.0,6784.0
25031387B2,4,3,3,0.03790577873587608,140811.0,75688.0
25031387B2,4,5,1,0.14594128727912903,40320.0,17425.0
25031387B2,4,5,2,0.046121664345264435,140971.0,6784.0
25031387B2,4,5,3,0.03790577873587608,140811.0,75688.0
25031387B2,4,5,4,0.03642863780260086,140971.0,10880.0
25031387B2,4,5,5,0.036315448582172394,144907.0,71592.0
25031387B2,4,10,1,0.14594128727912903,40320.0,17425.0
25031387B2,4,10,2,0.046121664345264435,140971.0,6784.0
25031387B2,4,10,3,0.03790577873587608,140811.0,75688.0
25031387B2,4,10,4,0.03642863780260086,140971.0,10880.0
25031387B2,4,10,5,0.036315448582172394,144907.0,71592.0
25031387B2,4,10,6,0.029397908598184586,120406.0,33905.0
25031387B2,4,10,7,0.025345223024487495,28032.0,21521.0
25031387B2,4,10,8,0.018086746335029602,40320.0,74769.0
25031387B2,4,10,9,0.0169229693710804,116310.0,33905.0
25031387B2,4,10,10,0.01413111761212349,23936.0,62481.0
25032245B2,4,3,1,0.14905588328838348,84499.0,6448.0
25032245B2,4,3,2,0.13380205631256104,96787.0,14640.0
25032245B2,4,3,3,0.08972227573394775,16176.0,19872.0
25032245B2,4,5,1,0.14905588328838348,84499.0,6448.0
25032245B2,4,5,2,0.13380205631256104,96787.0,14640.0
25032245B2,4,5,3,0.08972227573394775,16176.0,19872.0
25032245B2,4,5,4,0.08715339004993439,32800.0,16480.0
25032245B2,4,5,5,0.05670978128910065,36896.0,16480.0
25032245B2,4,10,1,0.14905588328838348,84499.0,6448.0
25032245B2,4,10,2,0.13380205631256104,96787.0,14640.0
25032245B2,4,10,3,0.08972227573394775,16176.0,19872.0
25032245B2,4,10,4,0.08715339004993439,32800.0,16480.0
25032245B2,4,10,5,0.05670978128910065,36896.0,16480.0
25032245B2,4,10,6,0.04437818005681038,28704.0,12384.0
25032245B2,4,10,7,0.04102899134159088,12080.0,19872.0
25032245B2,4,10,8,0.03755904734134674,76259.0,24352.0
25032245B2,4,10,9,0.035947974771261215,80403.0,10544.0
25032245B2,4,10,10,0.02667427249252796,76259.0,16160.0
25032360B2,4,3,1,0.164786234498024,135461.0,18865.0
25032360B2,4,3,2,0.07549917697906494,36432.0,57681.0
25032360B2,4,3,3,0.06507812440395355,106789.0,39345.0
25032360B2,4,5,1,0.164786234498024,135461.0,18865.0
25032360B2,4,5,2,0.07549917697906494,36432.0,57681.0
25032360B2,4,5,3,0.06507812440395355,106789.0,39345.0
25032360B2,4,5,4,0.0566156730055809,114981.0,31153.0
25032360B2,4,5,5,0.048859503120183945,20048.0,37201.0
25032360B2,4,10,1,0.164786234498024,135461.0,18865.0
25032360B2,4,10,2,0.07549917697906494,36432.0,57681.0
25032360B2,4,10,3,0.06507812440395355,106789.0,39345.0
25032360B2,4,10,4,0.0566156730055809,114981.0,31153.0
25032360B2,4,10,5,0.048859503120183945,20048.0,37201.0
25032360B2,4,10,6,0.03621730953454971,102693.0,51633.0
25032360B2,4,10,7,0.03153764083981514,119077.0,31153.0
25032360B2,4,10,8,0.03127804026007652,106789.0,51633.0
25032360B2,4,10,9,0.030345138162374496,114981.0,51633.0
25032360B2,4,10,10,0.02596464194357395,131365.0,22961.0
25033894B2,4,3,1,0.2019616961479187,15473.0,38352.0
25033894B2,4,3,2,0.04249684512615204,15473.0,13776.0
25033894B2,4,3,3,0.042440395802259445,15473.0,30160.0
25033894B2,4,5,1,0.2019616961479187,15473.0,38352.0
25033894B2,4,5,2,0.04249684512615204,15473.0,13776.0
25033894B2,4,5,3,0.042440395802259445,15473.0,30160.0
25033894B2,4,5,4,0.03750453144311905,27761.0,26064.0
25033894B2,4,5,5,0.0315217599272728,23665.0,26064.0
25033894B2,4,10,1,0.2019616961479187,15473.0,38352.0
25033894B2,4,10,2,0.04249684512615204,15473.0,13776.0
25033894B2,4,10,3,0.042440395802259445,15473.0,30160.0
25033894B2,4,10,4,0.03750453144311905,27761.0,26064.0
25033894B2,4,10,5,0.0315217599272728,23665.0,26064.0
25033894B2,4,10,6,0.030349941924214363,93832.0,15824.0
25033894B2,4,10,7,0.026816625148057938,23665.0,38352.0
25033894B2,4,10,8,0.026587480679154396,19569.0,30160.0
25033894B2,4,10,9,0.02578544244170189,15473.0,34256.0
25033894B2,4,10,10,0.02485445886850357,11377.0,21968.0
25034940B9,4,3,1,0.1547580510377884,36608.0,35809.0
25034940B9,4,3,2,0.07662810385227203,84645.0,26898.0
25034940B9,4,3,3,0.04073787480592728,40704.0,35809.0
25034940B9,4,5,1,0.1547580510377884,36608.0,35809.0
25034940B9,4,5,2,0.07662810385227203,84645.0,26898.0
25034940B9,4,5,3,0.04073787480592728,40704.0,35809.0
25034940B9,4,5,4,0.034592609852552414,32512.0,39905.0
25034940B9,4,5,5,0.03381241858005524,36608.0,39905.0
25034940B9,4,10,1,0.1547580510377884,36608.0,35809.0
25034940B9,4,10,2,0.07662810385227203,84645.0,26898.0
25034940B9,4,10,3,0.04073787480592728,40704.0,35809.0
25034940B9,4,10,4,0.034592609852552414,32512.0,39905.0
25034940B9,4,10,5,0.03381241858005524,36608.0,39905.0
25034940B9,4,10,6,0.02934049628674984,28416.0,44001.0
25034940B9,4,10,7,0.028255796059966087,28416.0,35809.0
25034940B9,4,10,8,0.026225894689559937,32512.0,35809.0
25034940B9,4,10,9,0.026119094341993332,64165.0,43282.0
25034940B9,4,10,10,0.02543477527797222,88741.0,35090.0
25035882B4,4,3,1,0.19976195693016052,72885.0,40580.0
25035882B4,4,3,2,0.18461818993091583,82742.0,37203.0
25035882B4,4,3,3,0.07729947566986084,122809.0,70172.0
25035882B4,4,5,1,0.19976195693016052,72885.0,40580.0
25035882B4,4,5,2,0.18461818993091583,82742.0,37203.0
25035882B4,4,5,3,0.07729947566986084,122809.0,70172.0
25035882B4,4,5,4,0.07500065863132477,122441.0,8944.0
25035882B4,4,5,5,0.041195500642061234,26338.0,34802.0
25035882B4,4,10,1,0.19976195693016052,72885.0,40580.0
25035882B4,4,10,2,0.18461818993091583,82742.0,37203.0
25035882B4,4,10,3,0.07729947566986084,122809.0,70172.0
25035882B4,4,10,4,0.07500065863132477,122441.0,8944.0
25035882B4,4,10,5,0.041195500642061234,26338.0,34802.0
25035882B4,4,10,6,0.034746166318655014,26338.0,30706.0
25035882B4,4,10,7,0.032488808035850525,122441.0,4848.0
25035882B4,4,10,8,0.027305452153086662,20416.0,27507.0
25035882B4,4,10,9,0.02218346856534481,86838.0,37203.0
25035882B4,4,10,10,0.019538961350917816,26338.0,42994.0
25036340B1,4,3,1,0.17592351138591766,16256.0,35264.0
25036340B1,4,3,2,0.13810470700263977,16256.0,27072.0
25036340B1,4,3,3,0.08534596860408783,16256.0,22976.0
25036340B1,4,5,1,0.17592351138591766,16256.0,35264.0
25036340B1,4,5,2,0.13810470700263977,16256.0,27072.0
25036340B1,4,5,3,0.08534596860408783,16256.0,22976.0
25036340B1,4,5,4,0.059213995933532715,24448.0,31168.0
25036340B1,4,5,5,0.055706560611724854,20352.0,27072.0
25036340B1,4,10,1,0.17592351138591766,16256.0,35264.0
25036340B1,4,10,2,0.13810470700263977,16256.0,27072.0
25036340B1,4,10,3,0.08534596860408783,16256.0,22976.0
25036340B1,4,10,4,0.059213995933532715,24448.0,31168.0
25036340B1,4,10,5,0.055706560611724854,20352.0,27072.0
25036340B1,4,10,6,0.04764079675078392,76498.0,35680.0
25036340B1,4,10,7,0.042737286537885666,72402.0,43872.0
25036340B1,4,10,8,0.03882909566164017,80594.0,39776.0
25036340B1,4,10,9,0.034309957176446915,72402.0,31584.0
25036340B1,4,10,10,0.030402159318327904,12160.0,35264.0
25041732B,4,3,1,0.15715700387954712,44576.0,33600.0
25041732B,4,3,2,0.06083806976675987,24096.0,45888.0
25041732B,4,3,3,0.04808842018246651,98280.0,23216.0
25041732B,4,5,1,0.15715700387954712,44576.0,33600.0
25041732B,4,5,2,0.06083806976675987,24096.0,45888.0
25041732B,4,5,3,0.04808842018246651,98280.0,23216.0
25041732B,4,5,4,0.047178562730550766,94184.0,39600.0
25041732B,4,5,5,0.03968355804681778,110568.0,39600.0
25041732B,4,10,1,0.15715700387954712,44576.0,33600.0
25041732B,4,10,2,0.06083806976675987,24096.0,45888.0
25041732B,4,10,3,0.04808842018246651,98280.0,23216.0
25041732B,4,10,4,0.047178562730550766,94184.0,39600.0
25041732B,4,10,5,0.03968355804681778,110568.0,39600.0
25041732B,4,10,6,0.0320405438542366,94184.0,31408.0
25041732B,4,10,7,0.03137831389904022,110568.0,31408.0
25041732B,4,10,8,0.02452177368104458,40480.0,33600.0
25041732B,4,10,9,0.024009663611650467,106472.0,51888.0
25041732B,4,10,10,0.02314835414290428,28192.0,33600.0
25045676B4,4,3,1,0.25667762756347656,105016.0,50449.0
25045676B4,4,3,2,0.1244126558303833,50705.0,25873.0
25045676B4,4,3,3,0.1010596826672554,26129.0,13585.0
25045676B4,4,5,1,0.25667762756347656,105016.0,50449.0
25045676B4,4,5,2,0.1244126558303833,50705.0,25873.0
25045676B4,4,5,3,0.1010596826672554,26129.0,13585.0
25045676B4,4,5,4,0.03960584104061127,96824.0,17681.0
25045676B4,4,5,5,0.033460814505815506,38417.0,54545.0
25045676B4,4,10,1,0.25667762756347656,105016.0,50449.0
25045676B4,4,10,2,0.1244126558303833,50705.0,25873.0
25045676B4,4,10,3,0.1010596826672554,26129.0,13585.0
25045676B4,4,10,4,0.03960584104061127,96824.0,17681.0
25045676B4,4,10,5,0.033460814505815506,38417.0,54545.0
25045676B4,4,10,6,0.03136617690324783,105016.0,29969.0
25045676B4,4,10,7,0.016006186604499817,105016.0,38161.0
25045676B4,4,10,8,0.015205446630716324,100920.0,54545.0
25045676B4,4,10,9,0.014773087576031685,42513.0,25873.0
25045676B4,4,10,10,0.013885831460356712,105016.0,25873.0
25045807B4,4,3,1,0.2354026734828949,66744.0,38464.0
25045807B4,4,3,2,0.12202595174312592,20145.0,29233.0
25045807B4,4,3,3,0.10707710683345795,58552.0,26176.0
25045807B4,4,5,1,0.2354026734828949,66744.0,38464.0
25045807B4,4,5,2,0.12202595174312592,20145.0,29233.0
25045807B4,4,5,3,0.10707710683345795,58552.0,26176.0
25045807B4,4,5,4,0.06739342957735062,16049.0,33329.0
25045807B4,4,5,5,0.05570341646671295,11953.0,49713.0
25045807B4,4,10,1,0.2354026734828949,66744.0,38464.0
25045807B4,4,10,2,0.12202595174312592,20145.0,29233.0
25045807B4,4,10,3,0.10707710683345795,58552.0,26176.0
25045807B4,4,10,4,0.06739342957735062,16049.0,33329.0
25045807B4,4,10,5,0.05570341646671295,11953.0,49713.0
25045807B4,4,10,6,0.050105948001146317,11953.0,37425.0
25045807B4,4,10,7,0.04946642369031906,16049.0,45617.0
25045807B4,4,10,8,0.04515594244003296,11953.0,29233.0
25045807B4,4,10,9,0.0446210578083992,54456.0,34368.0
25045807B4,4,10,10,0.02531413361430168,66744.0,22080.0
25047088B,4,3,1,0.21137836575508118,98657.0,20737.0
25047088B,4,3,2,0.14538966119289398,106849.0,24833.0
25047088B,4,3,3,0.10308455675840378,102753.0,20737.0
25047088B,4,5,1,0.21137836575508118,98657.0,20737.0
25047088B,4,5,2,0.14538966119289398,106849.0,24833.0
25047088B,4,5,3,0.10308455675840378,102753.0,20737.0
25047088B,4,5,4,0.05620160698890686,11936.0,46961.0
25047088B,4,5,5,0.05471733212471008,102753.0,12545.0
25047088B,4,10,1,0.21137836575508118,98657.0,20737.0
25047088B,4,10,2,0.14538966119289398,106849.0,24833.0
25047088B,4,10,3,0.10308455675840378,102753.0,20737.0
25047088B,4,10,4,0.05620160698890686,11936.0,46961.0
25047088B,4,10,5,0.05471733212471008,102753.0,12545.0
25047088B,4,10,6,0.04843870550394058,106849.0,20737.0
25047088B,4,10,7,0.0331505686044693,102753.0,24833.0
25047088B,4,10,8,0.03128178045153618,102753.0,16641.0
25047088B,4,10,9,0.021117880940437317,16032.0,18289.0
25047088B,4,10,10,0.01836104318499565,115041.0,28929.0
25048669B2,4,3,1,0.1711147427558899,105250.0,33296.0
25048669B2,4,3,2,0.11844946444034576,49232.0,24048.0
25048669B2,4,3,3,0.07690379023551941,113442.0,37392.0
25048669B2,4,5,1,0.1711147427558899,105250.0,33296.0
25048669B2,4,5,2,0.11844946444034576,49232.0,24048.0
25048669B2,4,5,3,0.07690379023551941,113442.0,37392.0
25048669B2,4,5,4,0.06075717881321907,105250.0,12816.0
25048669B2,4,5,5,0.04705848544836044,41040.0,36336.0
25048669B2,4,10,1,0.1711147427558899,105250.0,33296.0
25048669B2,4,10,2,0.11844946444034576,49232.0,24048.0
25048669B2,4,10,3,0.07690379023551941,113442.0,37392.0
25048669B2,4,10,4,0.06075717881321907,105250.0,12816.0
25048669B2,4,10,5,0.04705848544836044,41040.0,36336.0
25048669B2,4,10,6,0.03804687410593033,117538.0,16912.0
25048669B2,4,10,7,0.0378115139901638,113442.0,33296.0
25048669B2,4,10,8,0.024906493723392487,121634.0,21008.0
25048669B2,4,10,9,0.02437775768339634,105250.0,45584.0
25048669B2,4,10,10,0.020964115858078003,117538.0,25104.0
25050326B,4,3,1,0.29874661564826965,15712.0,38305.0
25050326B,4,3,2,0.15573376417160034,28000.0,62881.0
25050326B,4,3,3,0.11622390151023865,15712.0,46497.0
25050326B,4,5,1,0.29874661564826965,15712.0,38305.0
25050326B,4,5,2,0.15573376417160034,28000.0,62881.0
25050326B,4,5,3,0.11622390151023865,15712.0,46497.0
25050326B,4,5,4,0.07679449766874313,11616.0,50593.0
25050326B,4,5,5,0.04043497145175934,7520.0,50593.0
25050326B,4,10,1,0.29874661564826965,15712.0,38305.0
25050326B,4,10,2,0.15573376417160034,28000.0,62881.0
25050326B,4,10,3,0.11622390151023865,15712.0,46497.0
25050326B,4,10,4,0.07679449766874313,11616.0,50593.0
25050326B,4,10,5,0.04043497145175934,7520.0,50593.0
25050326B,4,10,6,0.03660745173692703,23904.0,58785.0
25050326B,4,10,7,0.026838984340429306,23904.0,38305.0
25050326B,4,10,8,0.026289261877536774,19808.0,66977.0
25050326B,4,10,9,0.024993781000375748,19808.0,46497.0
25050326B,4,10,10,0.020672686398029327,28000.0,58785.0
25050345B2,4,3,1,0.14011593163013458,20352.0,57122.0
25050345B2,4,3,2,0.13280412554740906,16256.0,32546.0
25050345B2,4,3,3,0.09124383330345154,20352.0,48930.0
25050345B2,4,5,1,0.14011593163013458,20352.0,57122.0
25050345B2,4,5,2,0.13280412554740906,16256.0,32546.0
25050345B2,4,5,3,0.09124383330345154,20352.0,48930.0
25050345B2,4,5,4,0.06693872809410095,32640.0,48930.0
25050345B2,4,5,5,0.05499386414885521,24448.0,44834.0
25050345B2,4,10,1,0.14011593163013458,20352.0,57122.0
25050345B2,4,10,2,0.13280412554740906,16256.0,32546.0
25050345B2,4,10,3,0.09124383330345154,20352.0,48930.0
25050345B2,4,10,4,0.06693872809410095,32640.0,48930.0
25050345B2,4,10,5,0.05499386414885521,24448.0,44834.0
25050345B2,4,10,6,0.03260677307844162,32640.0,53026.0
25050345B2,4,10,7,0.0297003835439682,36736.0,44834.0
25050345B2,4,10,8,0.02925953082740307,28544.0,61218.0
25050345B2,4,10,9,0.02523520216345787,113624.0,41377.0
25050345B2,4,10,10,0.02041042409837246,97240.0,49569.0
25050830B2,4,3,1,0.24688860774040222,95344.0,32258.0
25050830B2,4,3,2,0.07359465211629868,153217.0,51346.0
25050830B2,4,3,3,0.07248037308454514,132737.0,59538.0
25050830B2,4,5,1,0.24688860774040222,95344.0,32258.0
25050830B2,4,5,2,0.07359465211629868,153217.0,51346.0
25050830B2,4,5,3,0.07248037308454514,132737.0,59538.0
25050830B2,4,5,4,0.050678372383117676,70768.0,48642.0
25050830B2,4,5,5,0.04019801691174507,87152.0,52738.0
25050830B2,4,10,1,0.24688860774040222,95344.0,32258.0
25050830B2,4,10,2,0.07359465211629868,153217.0,51346.0
25050830B2,4,10,3,0.07248037308454514,132737.0,59538.0
25050830B2,4,10,4,0.050678372383117676,70768.0,48642.0
25050830B2,4,10,5,0.04019801691174507,87152.0,52738.0
25050830B2,4,10,6,0.03528006374835968,70768.0,40450.0
25050830B2,4,10,7,0.034270964562892914,128641.0,43154.0
25050830B2,4,10,8,0.028049994260072708,87152.0,40450.0
25050830B2,4,10,9,0.02464214526116848,132737.0,55442.0
25050830B2,4,10,10,0.023952137678861618,58480.0,36354.0
25052288B,4,3,1,0.09935042262077332,20512.0,42833.0
25052288B,4,3,2,0.08458265662193298,8224.0,51025.0
25052288B,4,3,3,0.06144419312477112,16416.0,55121.0
25052288B,4,5,1,0.09935042262077332,20512.0,42833.0
25052288B,4,5,2,0.08458265662193298,8224.0,51025.0
25052288B,4,5,3,0.06144419312477112,16416.0,55121.0
25052288B,4,5,4,0.05708268657326698,88023.0,32929.0
25052288B,4,5,5,0.05487571656703949,79831.0,57505.0
25052288B,4,10,1,0.09935042262077332,20512.0,42833.0
25052288B,4,10,2,0.08458265662193298,8224.0,51025.0
25052288B,4,10,3,0.06144419312477112,16416.0,55121.0
25052288B,4,10,4,0.05708268657326698,88023.0,32929.0
25052288B,4,10,5,0.05487571656703949,79831.0,57505.0
25052288B,4,10,6,0.04889373481273651,88023.0,45217.0
25052288B,4,10,7,0.03726794198155403,12320.0,46929.0
25052288B,4,10,8,0.03725449740886688,20512.0,38737.0
25052288B,4,10,9,0.03214447200298309,71639.0,53409.0
25052288B,4,10,10,0.029962198808789253,16416.0,38737.0
25052316B,4,3,1,0.20807133615016937,84962.0,45072.0
25052316B,4,3,2,0.15225186944007874,89058.0,40976.0
25052316B,4,3,3,0.11206937581300735,93154.0,53264.0
25052316B,4,5,1,0.20807133615016937,84962.0,45072.0
25052316B,4,5,2,0.15225186944007874,89058.0,40976.0
25052316B,4,5,3,0.11206937581300735,93154.0,53264.0
25052316B,4,5,4,0.10120005905628204,36224.0,47424.0
25052316B,4,5,5,0.04303006827831268,23936.0,51520.0
25052316B,4,10,1,0.20807133615016937,84962.0,45072.0
25052316B,4,10,2,0.15225186944007874,89058.0,40976.0
25052316B,4,10,3,0.11206937581300735,93154.0,53264.0
25052316B,4,10,4,0.10120005905628204,36224.0,47424.0
25052316B,4,10,5,0.04303006827831268,23936.0,51520.0
25052316B,4,10,6,0.035537317395210266,32128.0,55616.0
25052316B,4,10,7,0.031962670385837555,97250.0,40976.0
25052316B,4,10,8,0.030121708288788795,89058.0,36880.0
25052316B,4,10,9,0.025463197380304337,97250.0,36880.0
25052316B,4,10,10,0.025226891040802002,84962.0,61456.0
25054130B2,4,3,1,0.24226155877113342,79284.0,44261.0
25054130B2,4,3,2,0.19840428233146667,79284.0,48357.0
25054130B2,4,3,3,0.06728876382112503,83380.0,52453.0
25054130B2,4,5,1,0.24226155877113342,79284.0,44261.0
25054130B2,4,5,2,0.19840428233146667,79284.0,48357.0
25054130B2,4,5,3,0.06728876382112503,83380.0,52453.0
25054130B2,4,5,4,0.0649663507938385,15776.0,40391.0
25054130B2,4,5,5,0.05867782235145569,83380.0,40165.0
25054130B2,4,10,1,0.24226155877113342,79284.0,44261.0
25054130B2,4,10,2,0.19840428233146667,79284.0,48357.0
25054130B2,4,10,3,0.06728876382112503,83380.0,52453.0
25054130B2,4,10,4,0.0649663507938385,15776.0,40391.0
25054130B2,4,10,5,0.05867782235145569,83380.0,40165.0
25054130B2,4,10,6,0.04050199314951897,83380.0,44261.0
25054130B2,4,10,7,0.02526734583079815,15776.0,56775.0
25054130B2,4,10,8,0.024093426764011383,83380.0,36069.0
25054130B2,4,10,9,0.02018146775662899,19872.0,60871.0
25054130B2,4,10,10,0.01900983601808548,87476.0,48357.0
25055380B2,4,3,1,0.1690637618303299,17632.0,27088.0
25055380B2,4,3,2,0.047164566814899445,13536.0,22992.0
25055380B2,4,3,3,0.03724786639213562,91687.0,21424.0
25055380B2,4,5,1,0.1690637618303299,17632.0,27088.0
25055380B2,4,5,2,0.047164566814899445,13536.0,22992.0
25055380B2,4,5,3,0.03724786639213562,91687.0,21424.0
25055380B2,4,5,4,0.03409698233008385,50400.0,43472.0
25055380B2,4,5,5,0.03280673176050186,103975.0,13232.0
25055380B2,4,10,1,0.1690637618303299,17632.0,27088.0
25055380B2,4,10,2,0.047164566814899445,13536.0,22992.0
25055380B2,4,10,3,0.03724786639213562,91687.0,21424.0
25055380B2,4,10,4,0.03409698233008385,50400.0,43472.0
25055380B2,4,10,5,0.03280673176050186,103975.0,13232.0
25055380B2,4,10,6,0.02369145303964615,25824.0,18896.0
25055380B2,4,10,7,0.022059835493564606,21728.0,22992.0
25055380B2,4,10,8,0.019589992240071297,29920.0,18896.0
25055380B2,4,10,9,0.018569234758615494,34016.0,68048.0
25055380B2,4,10,10,0.017692552879452705,140603.0,23826.0
25057858B2,4,3,1,0.12428966164588928,90647.0,40960.0
25057858B2,4,3,2,0.11437243223190308,53568.0,55153.0
25057858B2,4,3,3,0.10376358032226562,94743.0,49152.0
25057858B2,4,5,1,0.12428966164588928,90647.0,40960.0
25057858B2,4,5,2,0.11437243223190308,53568.0,55153.0
25057858B2,4,5,3,0.10376358032226562,94743.0,49152.0
25057858B2,4,5,4,0.08848296105861664,37184.0,42865.0
25057858B2,4,5,5,0.0717054009437561,86551.0,40960.0
25057858B2,4,10,1,0.12428966164588928,90647.0,40960.0
25057858B2,4,10,2,0.11437243223190308,53568.0,55153.0
25057858B2,4,10,3,0.10376358032226562,94743.0,49152.0
25057858B2,4,10,4,0.08848296105861664,37184.0,42865.0
25057858B2,4,10,5,0.0717054009437561,86551.0,40960.0
25057858B2,4,10,6,0.06144523248076439,33088.0,59249.0
25057858B2,4,10,7,0.0480160191655159,33088.0,55153.0
25057858B2,4,10,8,0.022809384390711784,41280.0,42865.0
25057858B2,4,10,9,0.02265734225511551,37184.0,30577.0
25057858B2,4,10,10,0.019845420494675636,24896.0,55153.0
25058118B3,4,3,1,0.39074963331222534,23984.0,23248.0
25058118B3,4,3,2,0.12512017786502838,92358.0,42336.0
25058118B3,4,3,3,0.07773369550704956,101993.0,54704.0
25058118B3,4,5,1,0.39074963331222534,23984.0,23248.0
25058118B3,4,5,2,0.12512017786502838,92358.0,42336.0
25058118B3,4,5,3,0.07773369550704956,101993.0,54704.0
25058118B3,4,5,4,0.0715891495347023,63686.0,42336.0
25058118B3,4,5,5,0.0447850227355957,23984.0,47824.0
25058118B3,4,10,1,0.39074963331222534,23984.0,23248.0
25058118B3,4,10,2,0.12512017786502838,92358.0,42336.0
25058118B3,4,10,3,0.07773369550704956,101993.0,54704.0
25058118B3,4,10,4,0.0715891495347023,63686.0,42336.0
25058118B3,4,10,5,0.0447850227355957,23984.0,47824.0
25058118B3,4,10,6,0.03612016886472702,7600.0,31440.0
25058118B3,4,10,7,0.0285212229937315,36272.0,39632.0
25058118B3,4,10,8,0.02694537863135338,80070.0,25952.0
25058118B3,4,10,9,0.022961441427469254,75974.0,46432.0
25058118B3,4,10,10,0.012169774621725082,19888.0,27344.0
25058627B2,4,3,1,0.0768248662352562,28096.0,20097.0
25058627B2,4,3,2,0.07103382050991058,88195.0,27105.0
25058627B2,4,3,3,0.05814512073993683,32192.0,24193.0
25058627B2,4,5,1,0.0768248662352562,28096.0,20097.0
25058627B2,4,5,2,0.07103382050991058,88195.0,27105.0
25058627B2,4,5,3,0.05814512073993683,32192.0,24193.0
25058627B2,4,5,4,0.05608735978603363,28096.0,24193.0
25058627B2,4,5,5,0.052482232451438904,24000.0,24193.0
25058627B2,4,10,1,0.0768248662352562,28096.0,20097.0
25058627B2,4,10,2,0.07103382050991058,88195.0,27105.0
25058627B2,4,10,3,0.05814512073993683,32192.0,24193.0
25058627B2,4,10,4,0.05608735978603363,28096.0,24193.0
25058627B2,4,10,5,0.052482232451438904,24000.0,24193.0
25058627B2,4,10,6,0.0511542372405529,19904.0,28289.0
25058627B2,4,10,7,0.04644506424665451,92291.0,27105.0
25058627B2,4,10,8,0.03976183757185936,96387.0,23009.0
25058627B2,4,10,9,0.03688053786754608,92291.0,18913.0
25058627B2,4,10,10,0.03669629245996475,24000.0,28289.0
25059470B2,4,3,1,0.15887781977653503,30288.0,19649.0
25059470B2,4,3,2,0.12294658273458481,87572.0,23633.0
25059470B2,4,3,3,0.07781830430030823,30288.0,27841.0
25059470B2,4,5,1,0.15887781977653503,30288.0,19649.0
25059470B2,4,5,2,0.12294658273458481,87572.0,23633.0
25059470B2,4,5,3,0.07781830430030823,30288.0,27841.0
25059470B2,4,5,4,0.0570935420691967,26192.0,48321.0
25059470B2,4,5,5,0.0528009794652462,95764.0,31825.0
25059470B2,4,10,1,0.15887781977653503,30288.0,19649.0
25059470B2,4,10,2,0.12294658273458481,87572.0,23633.0
25059470B2,4,10,3,0.07781830430030823,30288.0,27841.0
25059470B2,4,10,4,0.0570935420691967,26192.0,48321.0
25059470B2,4,10,5,0.0528009794652462,95764.0,31825.0
25059470B2,4,10,6,0.051305532455444336,22096.0,44225.0
25059470B2,4,10,7,0.0442035049200058,26192.0,27841.0
25059470B2,4,10,8,0.04248165339231491,26192.0,19649.0
25059470B2,4,10,9,0.031767167150974274,99860.0,27729.0
25059470B2,4,10,10,0.019649673253297806,30288.0,56513.0
25063228B5,4,3,1,0.16933751106262207,12032.0,15250.0
25063228B5,4,3,2,0.1432623714208603,23105.0,46953.0
25063228B5,4,3,3,0.07156503945589066,16128.0,19346.0
25063228B5,4,5,1,0.16933751106262207,12032.0,15250.0
25063228B5,4,5,2,0.1432623714208603,23105.0,46953.0
25063228B5,4,5,3,0.07156503945589066,16128.0,19346.0
25063228B5,4,5,4,0.06882388144731522,27201.0,46953.0
25063228B5,4,5,5,0.05949385464191437,87446.0,14769.0
25063228B5,4,10,1,0.16933751106262207,12032.0,15250.0
25063228B5,4,10,2,0.1432623714208603,23105.0,46953.0
25063228B5,4,10,3,0.07156503945589066,16128.0,19346.0
25063228B5,4,10,4,0.06882388144731522,27201.0,46953.0
25063228B5,4,10,5,0.05949385464191437,87446.0,14769.0
25063228B5,4,10,6,0.047060031443834305,20224.0,15250.0
25063228B5,4,10,7,0.0452088862657547,12032.0,19346.0
25063228B5,4,10,8,0.04187290742993355,20224.0,19346.0
25063228B5,4,10,9,0.03637886047363281,24320.0,15250.0
25063228B5,4,10,10,0.03598872944712639,32307.0,35416.0
25063642B2,4,3,1,0.2844716012477875,7937.0,10864.0
25063642B2,4,3,2,0.20050111413002014,7937.0,23152.0
25063642B2,4,3,3,0.12664267420768738,7937.0,6768.0
25063642B2,4,5,1,0.2844716012477875,7937.0,10864.0
25063642B2,4,5,2,0.20050111413002014,7937.0,23152.0
25063642B2,4,5,3,0.12664267420768738,7937.0,6768.0
25063642B2,4,5,4,0.1214495450258255,12033.0,27248.0
25063642B2,4,5,5,0.06099143996834755,7937.0,27248.0
25063642B2,4,10,1,0.2844716012477875,7937.0,10864.0
25063642B2,4,10,2,0.20050111413002014,7937.0,23152.0
25063642B2,4,10,3,0.12664267420768738,7937.0,6768.0
25063642B2,4,10,4,0.1214495450258255,12033.0,27248.0
25063642B2,4,10,5,0.06099143996834755,7937.0,27248.0
25063642B2,4,10,6,0.032452188432216644,7937.0,19056.0
25063642B2,4,10,7,0.02478383481502533,12033.0,6768.0
25063642B2,4,10,8,0.021793421357870102,16129.0,10864.0
25063642B2,4,10,9,0.018212098628282547,66633.0,32768.0
25063642B2,4,10,10,0.015633849427103996,7937.0,14960.0
